model,slots,cap,seed,mix,arrival,kind,t,trial,policy,target,victim,free,need,target_age
llama1b,3072,12,23,long,burst,handoff,6887.483993496,diag00_a1_s23_llama1b_kv3072_cap12-01_long_burst_guard_relaxed,guard_relaxed,cmpl-diag00_a1_s23_llama1b_kv3072_cap12-01_long_burst_guard_relaxed-r11-0-98d0261a,cmpl-diag00_a1_s23_llama1b_kv3072_cap12-01_long_burst_guard_relaxed-r9-0-b3e32ba5,20,28,0.5035890780000045
llama1b,3072,12,23,long,burst,handoff,6888.003372943,diag00_a1_s23_llama1b_kv3072_cap12-01_long_burst_guard_relaxed,guard_relaxed,cmpl-diag00_a1_s23_llama1b_kv3072_cap12-01_long_burst_guard_relaxed-r9-0-b3e32ba5,cmpl-diag00_a1_s23_llama1b_kv3072_cap12-01_long_burst_guard_relaxed-r5-0-a3de331a,43,57,0.504280129000108
llama1b,3072,12,23,long,burst,handoff,6888.532506461,diag00_a1_s23_llama1b_kv3072_cap12-01_long_burst_guard_relaxed,guard_relaxed,cmpl-diag00_a1_s23_llama1b_kv3072_cap12-01_long_burst_guard_relaxed-r5-0-a3de331a,cmpl-diag00_a1_s23_llama1b_kv3072_cap12-01_long_burst_guard_relaxed-r1-0-8dc46a1d,35,55,0.5129659179992814
llama1b,3072,12,23,long,burst,handoff,6889.052757599,diag00_a1_s23_llama1b_kv3072_cap12-01_long_burst_guard_relaxed,guard_relaxed,cmpl-diag00_a1_s23_llama1b_kv3072_cap12-01_long_burst_guard_relaxed-r1-0-8dc46a1d,cmpl-diag00_a1_s23_llama1b_kv3072_cap12-01_long_burst_guard_relaxed-r11-0-98d0261a,39,65,0.5050211300003866
llama1b,3072,12,23,long,burst,handoff,6889.570257497,diag00_a1_s23_llama1b_kv3072_cap12-01_long_burst_guard_relaxed,guard_relaxed,cmpl-diag00_a1_s23_llama1b_kv3072_cap12-01_long_burst_guard_relaxed-r11-0-98d0261a,cmpl-diag00_a1_s23_llama1b_kv3072_cap12-01_long_burst_guard_relaxed-r9-0-b3e32ba5,2,34,0.5024403639999946
llama1b,3072,12,23,long,burst,handoff,6890.090273291,diag00_a1_s23_llama1b_kv3072_cap12-01_long_burst_guard_relaxed,guard_relaxed,cmpl-diag00_a1_s23_llama1b_kv3072_cap12-01_long_burst_guard_relaxed-r9-0-b3e32ba5,cmpl-diag00_a1_s23_llama1b_kv3072_cap12-01_long_burst_guard_relaxed-r5-0-a3de331a,25,63,0.5041581519999454
llama1b,3072,12,23,long,burst,handoff,6890.619362492,diag00_a1_s23_llama1b_kv3072_cap12-01_long_burst_guard_relaxed,guard_relaxed,cmpl-diag00_a1_s23_llama1b_kv3072_cap12-01_long_burst_guard_relaxed-r5-0-a3de331a,cmpl-diag00_a1_s23_llama1b_kv3072_cap12-01_long_burst_guard_relaxed-r1-0-8dc46a1d,17,61,0.5124351529993874
llama1b,3072,12,23,long,burst,handoff,6891.134612611,diag00_a1_s23_llama1b_kv3072_cap12-01_long_burst_guard_relaxed,guard_relaxed,cmpl-diag00_a1_s23_llama1b_kv3072_cap12-01_long_burst_guard_relaxed-r1-0-8dc46a1d,cmpl-diag00_a1_s23_llama1b_kv3072_cap12-01_long_burst_guard_relaxed-r11-0-98d0261a,21,71,0.5000294680003208
llama1b,3072,12,23,long,burst,handoff,6891.148828213,diag00_a1_s23_llama1b_kv3072_cap12-01_long_burst_guard_relaxed,guard_relaxed,cmpl-diag00_a1_s23_llama1b_kv3072_cap12-01_long_burst_guard_relaxed-r1-0-8dc46a1d,cmpl-diag00_a1_s23_llama1b_kv3072_cap12-01_long_burst_guard_relaxed-r9-0-b3e32ba5,61,71,0.5142450700004702
llama1b,3072,12,23,long,burst,handoff,6891.673473888,diag00_a1_s23_llama1b_kv3072_cap12-01_long_burst_guard_relaxed,guard_relaxed,cmpl-diag00_a1_s23_llama1b_kv3072_cap12-01_long_burst_guard_relaxed-r9-0-b3e32ba5,cmpl-diag00_a1_s23_llama1b_kv3072_cap12-01_long_burst_guard_relaxed-r5-0-a3de331a,11,67,0.5088713810000627
llama1b,3072,12,23,long,burst,handoff,6892.191999902,diag00_a1_s23_llama1b_kv3072_cap12-01_long_burst_guard_relaxed,guard_relaxed,cmpl-diag00_a1_s23_llama1b_kv3072_cap12-01_long_burst_guard_relaxed-r5-0-a3de331a,cmpl-diag00_a1_s23_llama1b_kv3072_cap12-01_long_burst_guard_relaxed-r1-0-8dc46a1d,4,65,0.5031215710005199
llama1b,3072,12,23,long,burst,handoff,6892.719911634,diag00_a1_s23_llama1b_kv3072_cap12-01_long_burst_guard_relaxed,guard_relaxed,cmpl-diag00_a1_s23_llama1b_kv3072_cap12-01_long_burst_guard_relaxed-r1-0-8dc46a1d,cmpl-diag00_a1_s23_llama1b_kv3072_cap12-01_long_burst_guard_relaxed-r11-0-98d0261a,9,75,0.5129274809996787
llama1b,3072,12,23,long,burst,handoff,6892.734240311,diag00_a1_s23_llama1b_kv3072_cap12-01_long_burst_guard_relaxed,guard_relaxed,cmpl-diag00_a1_s23_llama1b_kv3072_cap12-01_long_burst_guard_relaxed-r1-0-8dc46a1d,cmpl-diag00_a1_s23_llama1b_kv3072_cap12-01_long_burst_guard_relaxed-r9-0-b3e32ba5,54,75,0.5272561579995454
llama1b,3072,12,23,long,burst,handoff,6893.259746995,diag00_a1_s23_llama1b_kv3072_cap12-01_long_burst_guard_relaxed,guard_relaxed,cmpl-diag00_a1_s23_llama1b_kv3072_cap12-01_long_burst_guard_relaxed-r9-0-b3e32ba5,cmpl-diag00_a1_s23_llama1b_kv3072_cap12-01_long_burst_guard_relaxed-r5-0-a3de331a,0,71,0.5117658769995614
llama1b,3072,12,23,long,burst,handoff,6893.272685993,diag00_a1_s23_llama1b_kv3072_cap12-01_long_burst_guard_relaxed,guard_relaxed,cmpl-diag00_a1_s23_llama1b_kv3072_cap12-01_long_burst_guard_relaxed-r9-0-b3e32ba5,cmpl-diag00_a1_s23_llama1b_kv3072_cap12-01_long_burst_guard_relaxed-r1-0-8dc46a1d,67,71,0.5247048749997703
llama1b,3072,12,23,long,burst,handoff,6893.794044675,diag00_a1_s23_llama1b_kv3072_cap12-01_long_burst_guard_relaxed,guard_relaxed,cmpl-diag00_a1_s23_llama1b_kv3072_cap12-01_long_burst_guard_relaxed-r1-0-8dc46a1d,cmpl-diag00_a1_s23_llama1b_kv3072_cap12-01_long_burst_guard_relaxed-r11-0-98d0261a,1,77,0.5059069030003229
llama1b,3072,12,23,long,burst,handoff,6893.808091997,diag00_a1_s23_llama1b_kv3072_cap12-01_long_burst_guard_relaxed,guard_relaxed,cmpl-diag00_a1_s23_llama1b_kv3072_cap12-01_long_burst_guard_relaxed-r1-0-8dc46a1d,cmpl-diag00_a1_s23_llama1b_kv3072_cap12-01_long_burst_guard_relaxed-r9-0-b3e32ba5,49,77,0.5199542250002196
llama1b,3072,12,23,long,burst,handoff,6894.317599538,diag00_a1_s23_llama1b_kv3072_cap12-01_long_burst_guard_relaxed,guard_relaxed,cmpl-diag00_a1_s23_llama1b_kv3072_cap12-01_long_burst_guard_relaxed-r11-0-98d0261a,cmpl-diag00_a1_s23_llama1b_kv3072_cap12-01_long_burst_guard_relaxed-r5-0-a3de331a,42,49,0.509700595999675
llama1b,3072,12,23,long,burst,handoff,6894.332897754,diag00_a1_s23_llama1b_kv3072_cap12-01_long_burst_guard_relaxed,guard_relaxed,cmpl-diag00_a1_s23_llama1b_kv3072_cap12-01_long_burst_guard_relaxed-r9-0-b3e32ba5,cmpl-diag00_a1_s23_llama1b_kv3072_cap12-01_long_burst_guard_relaxed-r1-0-8dc46a1d,64,72,0.5094725960007054
llama1b,3072,12,23,long,burst,handoff,6894.842367051,diag00_a1_s23_llama1b_kv3072_cap12-01_long_burst_guard_relaxed,guard_relaxed,cmpl-diag00_a1_s23_llama1b_kv3072_cap12-01_long_burst_guard_relaxed-r5-0-a3de331a,cmpl-diag00_a1_s23_llama1b_kv3072_cap12-01_long_burst_guard_relaxed-r9-0-b3e32ba5,68,71,0.5096481330001552
llama1b,3072,12,23,long,burst,handoff,6894.974135652,diag00_a1_s23_llama1b_kv3072_cap12-01_long_burst_guard_relaxed,guard_relaxed,cmpl-diag00_a1_s23_llama1b_kv3072_cap12-01_long_burst_guard_relaxed-r1-0-8dc46a1d,cmpl-diag00_a1_s23_llama1b_kv3072_cap12-01_long_burst_guard_relaxed-r11-0-98d0261a,69,78,0.5544694569998683
llama1b,3072,12,23,long,burst,handoff,6895.367330347,diag00_a1_s23_llama1b_kv3072_cap12-01_long_burst_guard_relaxed,guard_relaxed,cmpl-diag00_a1_s23_llama1b_kv3072_cap12-01_long_burst_guard_relaxed-r9-0-b3e32ba5,cmpl-diag00_a1_s23_llama1b_kv3072_cap12-01_long_burst_guard_relaxed-r1-0-8dc46a1d,38,74,0.5084999479995531
llama1b,3072,12,23,long,burst,handoff,6895.505366243,diag00_a1_s23_llama1b_kv3072_cap12-01_long_burst_guard_relaxed,guard_relaxed,cmpl-diag00_a1_s23_llama1b_kv3072_cap12-01_long_burst_guard_relaxed-r11-0-98d0261a,cmpl-diag00_a1_s23_llama1b_kv3072_cap12-01_long_burst_guard_relaxed-r5-0-a3de331a,44,51,0.5156557500004055
llama1b,3072,12,23,long,burst,handoff,6895.887965896,diag00_a1_s23_llama1b_kv3072_cap12-01_long_burst_guard_relaxed,guard_relaxed,cmpl-diag00_a1_s23_llama1b_kv3072_cap12-01_long_burst_guard_relaxed-r1-0-8dc46a1d,cmpl-diag00_a1_s23_llama1b_kv3072_cap12-01_long_burst_guard_relaxed-r9-0-b3e32ba5,64,80,0.5048212710007647
llama1b,3072,12,23,long,burst,handoff,6896.029108518,diag00_a1_s23_llama1b_kv3072_cap12-01_long_burst_guard_relaxed,guard_relaxed,cmpl-diag00_a1_s23_llama1b_kv3072_cap12-01_long_burst_guard_relaxed-r5-0-a3de331a,cmpl-diag00_a1_s23_llama1b_kv3072_cap12-01_long_burst_guard_relaxed-r11-0-98d0261a,59,73,0.5058785789997273
llama1b,3072,12,23,long,burst,handoff,6896.408864455,diag00_a1_s23_llama1b_kv3072_cap12-01_long_burst_guard_relaxed,guard_relaxed,cmpl-diag00_a1_s23_llama1b_kv3072_cap12-01_long_burst_guard_relaxed-r9-0-b3e32ba5,cmpl-diag00_a1_s23_llama1b_kv3072_cap12-01_long_burst_guard_relaxed-r1-0-8dc46a1d,36,75,0.505493450999893
llama1b,3072,12,23,long,burst,handoff,6896.545718209,diag00_a1_s23_llama1b_kv3072_cap12-01_long_burst_guard_relaxed,guard_relaxed,cmpl-diag00_a1_s23_llama1b_kv3072_cap12-01_long_burst_guard_relaxed-r11-0-98d0261a,cmpl-diag00_a1_s23_llama1b_kv3072_cap12-01_long_burst_guard_relaxed-r5-0-a3de331a,42,52,0.5001483450005253
llama1b,3072,12,23,long,burst,handoff,6896.92633713,diag00_a1_s23_llama1b_kv3072_cap12-01_long_burst_guard_relaxed,guard_relaxed,cmpl-diag00_a1_s23_llama1b_kv3072_cap12-01_long_burst_guard_relaxed-r1-0-8dc46a1d,cmpl-diag00_a1_s23_llama1b_kv3072_cap12-01_long_burst_guard_relaxed-r9-0-b3e32ba5,62,81,0.5025513460004731
llama1b,3072,12,23,long,burst,handoff,6897.071600238,diag00_a1_s23_llama1b_kv3072_cap12-01_long_burst_guard_relaxed,guard_relaxed,cmpl-diag00_a1_s23_llama1b_kv3072_cap12-01_long_burst_guard_relaxed-r5-0-a3de331a,cmpl-diag00_a1_s23_llama1b_kv3072_cap12-01_long_burst_guard_relaxed-r11-0-98d0261a,56,74,0.5096939190007106
llama1b,3072,12,23,long,burst,handoff,6897.453899426,diag00_a1_s23_llama1b_kv3072_cap12-01_long_burst_guard_relaxed,guard_relaxed,cmpl-diag00_a1_s23_llama1b_kv3072_cap12-01_long_burst_guard_relaxed-r9-0-b3e32ba5,cmpl-diag00_a1_s23_llama1b_kv3072_cap12-01_long_burst_guard_relaxed-r1-0-8dc46a1d,34,77,0.5128732530001798
llama1b,3072,12,23,long,burst,handoff,6897.593480705,diag00_a1_s23_llama1b_kv3072_cap12-01_long_burst_guard_relaxed,guard_relaxed,cmpl-diag00_a1_s23_llama1b_kv3072_cap12-01_long_burst_guard_relaxed-r11-0-98d0261a,cmpl-diag00_a1_s23_llama1b_kv3072_cap12-01_long_burst_guard_relaxed-r5-0-a3de331a,39,54,0.5066822449998654
llama1b,3072,12,23,long,burst,handoff,6897.982763103,diag00_a1_s23_llama1b_kv3072_cap12-01_long_burst_guard_relaxed,guard_relaxed,cmpl-diag00_a1_s23_llama1b_kv3072_cap12-01_long_burst_guard_relaxed-r1-0-8dc46a1d,cmpl-diag00_a1_s23_llama1b_kv3072_cap12-01_long_burst_guard_relaxed-r9-0-b3e32ba5,58,82,0.5127110390003509
llama1b,3072,12,23,long,burst,handoff,6898.132274083,diag00_a1_s23_llama1b_kv3072_cap12-01_long_burst_guard_relaxed,guard_relaxed,cmpl-diag00_a1_s23_llama1b_kv3072_cap12-01_long_burst_guard_relaxed-r5-0-a3de331a,cmpl-diag00_a1_s23_llama1b_kv3072_cap12-01_long_burst_guard_relaxed-r11-0-98d0261a,54,76,0.5240467009998611
llama1b,3072,12,23,long,burst,handoff,6898.505164444,diag00_a1_s23_llama1b_kv3072_cap12-01_long_burst_guard_relaxed,guard_relaxed,cmpl-diag00_a1_s23_llama1b_kv3072_cap12-01_long_burst_guard_relaxed-r9-0-b3e32ba5,cmpl-diag00_a1_s23_llama1b_kv3072_cap12-01_long_burst_guard_relaxed-r1-0-8dc46a1d,30,78,0.5060881119998157
llama1b,3072,12,23,long,burst,handoff,6898.652735622,diag00_a1_s23_llama1b_kv3072_cap12-01_long_burst_guard_relaxed,guard_relaxed,cmpl-diag00_a1_s23_llama1b_kv3072_cap12-01_long_burst_guard_relaxed-r11-0-98d0261a,cmpl-diag00_a1_s23_llama1b_kv3072_cap12-01_long_burst_guard_relaxed-r5-0-a3de331a,36,55,0.5029559220001829
llama1b,3072,12,23,long,burst,handoff,6899.022597442,diag00_a1_s23_llama1b_kv3072_cap12-01_long_burst_guard_relaxed,guard_relaxed,cmpl-diag00_a1_s23_llama1b_kv3072_cap12-01_long_burst_guard_relaxed-r1-0-8dc46a1d,cmpl-diag00_a1_s23_llama1b_kv3072_cap12-01_long_burst_guard_relaxed-r9-0-b3e32ba5,55,84,0.5012385150002956
llama1b,3072,12,23,long,burst,handoff,6899.172147032,diag00_a1_s23_llama1b_kv3072_cap12-01_long_burst_guard_relaxed,guard_relaxed,cmpl-diag00_a1_s23_llama1b_kv3072_cap12-01_long_burst_guard_relaxed-r5-0-a3de331a,cmpl-diag00_a1_s23_llama1b_kv3072_cap12-01_long_burst_guard_relaxed-r11-0-98d0261a,50,77,0.5031399609997607
llama1b,3072,12,23,long,burst,handoff,6899.546088275,diag00_a1_s23_llama1b_kv3072_cap12-01_long_burst_guard_relaxed,guard_relaxed,cmpl-diag00_a1_s23_llama1b_kv3072_cap12-01_long_burst_guard_relaxed-r9-0-b3e32ba5,cmpl-diag00_a1_s23_llama1b_kv3072_cap12-01_long_burst_guard_relaxed-r1-0-8dc46a1d,28,80,0.5084242090006228
llama1b,3072,12,23,long,burst,handoff,6899.698107481,diag00_a1_s23_llama1b_kv3072_cap12-01_long_burst_guard_relaxed,guard_relaxed,cmpl-diag00_a1_s23_llama1b_kv3072_cap12-01_long_burst_guard_relaxed-r11-0-98d0261a,cmpl-diag00_a1_s23_llama1b_kv3072_cap12-01_long_burst_guard_relaxed-r5-0-a3de331a,33,57,0.5096359669996673
llama1b,3072,12,23,long,burst,handoff,6900.071368584,diag00_a1_s23_llama1b_kv3072_cap12-01_long_burst_guard_relaxed,guard_relaxed,cmpl-diag00_a1_s23_llama1b_kv3072_cap12-01_long_burst_guard_relaxed-r1-0-8dc46a1d,cmpl-diag00_a1_s23_llama1b_kv3072_cap12-01_long_burst_guard_relaxed-r9-0-b3e32ba5,52,85,0.507511656999668
llama1b,3072,12,23,long,burst,handoff,6900.222730473,diag00_a1_s23_llama1b_kv3072_cap12-01_long_burst_guard_relaxed,guard_relaxed,cmpl-diag00_a1_s23_llama1b_kv3072_cap12-01_long_burst_guard_relaxed-r5-0-a3de331a,cmpl-diag00_a1_s23_llama1b_kv3072_cap12-01_long_burst_guard_relaxed-r11-0-98d0261a,48,78,0.5087575030001972
llama1b,3072,12,23,long,burst,handoff,6900.599758692,diag00_a1_s23_llama1b_kv3072_cap12-01_long_burst_guard_relaxed,guard_relaxed,cmpl-diag00_a1_s23_llama1b_kv3072_cap12-01_long_burst_guard_relaxed-r9-0-b3e32ba5,cmpl-diag00_a1_s23_llama1b_kv3072_cap12-01_long_burst_guard_relaxed-r1-0-8dc46a1d,26,81,0.512649457000407
llama1b,3072,12,23,long,burst,handoff,6900.751377947,diag00_a1_s23_llama1b_kv3072_cap12-01_long_burst_guard_relaxed,guard_relaxed,cmpl-diag00_a1_s23_llama1b_kv3072_cap12-01_long_burst_guard_relaxed-r11-0-98d0261a,cmpl-diag00_a1_s23_llama1b_kv3072_cap12-01_long_burst_guard_relaxed-r5-0-a3de331a,31,58,0.5119789529999252
llama1b,3072,12,23,long,burst,handoff,6901.125921389,diag00_a1_s23_llama1b_kv3072_cap12-01_long_burst_guard_relaxed,guard_relaxed,cmpl-diag00_a1_s23_llama1b_kv3072_cap12-01_long_burst_guard_relaxed-r1-0-8dc46a1d,cmpl-diag00_a1_s23_llama1b_kv3072_cap12-01_long_burst_guard_relaxed-r9-0-b3e32ba5,50,86,0.5106711720000021
llama1b,3072,12,23,long,burst,handoff,6901.274554998,diag00_a1_s23_llama1b_kv3072_cap12-01_long_burst_guard_relaxed,guard_relaxed,cmpl-diag00_a1_s23_llama1b_kv3072_cap12-01_long_burst_guard_relaxed-r5-0-a3de331a,cmpl-diag00_a1_s23_llama1b_kv3072_cap12-01_long_burst_guard_relaxed-r11-0-98d0261a,46,80,0.5076309169999149
llama1b,3072,12,23,long,burst,handoff,6901.656300906,diag00_a1_s23_llama1b_kv3072_cap12-01_long_burst_guard_relaxed,guard_relaxed,cmpl-diag00_a1_s23_llama1b_kv3072_cap12-01_long_burst_guard_relaxed-r9-0-b3e32ba5,cmpl-diag00_a1_s23_llama1b_kv3072_cap12-01_long_burst_guard_relaxed-r1-0-8dc46a1d,23,83,0.514632798999628
llama1b,3072,12,23,long,burst,handoff,6901.80423425,diag00_a1_s23_llama1b_kv3072_cap12-01_long_burst_guard_relaxed,guard_relaxed,cmpl-diag00_a1_s23_llama1b_kv3072_cap12-01_long_burst_guard_relaxed-r11-0-98d0261a,cmpl-diag00_a1_s23_llama1b_kv3072_cap12-01_long_burst_guard_relaxed-r5-0-a3de331a,27,59,0.5133706209999218
llama1b,3072,12,23,long,burst,handoff,6902.178795746,diag00_a1_s23_llama1b_kv3072_cap12-01_long_burst_guard_relaxed,guard_relaxed,cmpl-diag00_a1_s23_llama1b_kv3072_cap12-01_long_burst_guard_relaxed-r1-0-8dc46a1d,cmpl-diag00_a1_s23_llama1b_kv3072_cap12-01_long_burst_guard_relaxed-r9-0-b3e32ba5,46,88,0.5090225169997211
llama1b,3072,12,23,long,burst,handoff,6902.330815485,diag00_a1_s23_llama1b_kv3072_cap12-01_long_burst_guard_relaxed,guard_relaxed,cmpl-diag00_a1_s23_llama1b_kv3072_cap12-01_long_burst_guard_relaxed-r5-0-a3de331a,cmpl-diag00_a1_s23_llama1b_kv3072_cap12-01_long_burst_guard_relaxed-r11-0-98d0261a,42,81,0.5114650060004351
llama1b,3072,12,23,long,burst,handoff,6902.705070229,diag00_a1_s23_llama1b_kv3072_cap12-01_long_burst_guard_relaxed,guard_relaxed,cmpl-diag00_a1_s23_llama1b_kv3072_cap12-01_long_burst_guard_relaxed-r9-0-b3e32ba5,cmpl-diag00_a1_s23_llama1b_kv3072_cap12-01_long_burst_guard_relaxed-r1-0-8dc46a1d,20,84,0.5109142749997773
llama1b,3072,12,23,long,burst,handoff,6902.850708261,diag00_a1_s23_llama1b_kv3072_cap12-01_long_burst_guard_relaxed,guard_relaxed,cmpl-diag00_a1_s23_llama1b_kv3072_cap12-01_long_burst_guard_relaxed-r11-0-98d0261a,cmpl-diag00_a1_s23_llama1b_kv3072_cap12-01_long_burst_guard_relaxed-r5-0-a3de331a,25,61,0.5041658120007924
llama1b,3072,12,23,long,burst,handoff,6903.22798418,diag00_a1_s23_llama1b_kv3072_cap12-01_long_burst_guard_relaxed,guard_relaxed,cmpl-diag00_a1_s23_llama1b_kv3072_cap12-01_long_burst_guard_relaxed-r1-0-8dc46a1d,cmpl-diag00_a1_s23_llama1b_kv3072_cap12-01_long_burst_guard_relaxed-r9-0-b3e32ba5,44,89,0.5056473730001017
llama1b,3072,12,23,long,burst,handoff,6903.393065413,diag00_a1_s23_llama1b_kv3072_cap12-01_long_burst_guard_relaxed,guard_relaxed,cmpl-diag00_a1_s23_llama1b_kv3072_cap12-01_long_burst_guard_relaxed-r5-0-a3de331a,cmpl-diag00_a1_s23_llama1b_kv3072_cap12-01_long_burst_guard_relaxed-r11-0-98d0261a,40,82,0.5268011549997027
llama1b,3072,12,23,long,burst,handoff,6903.755649924,diag00_a1_s23_llama1b_kv3072_cap12-01_long_burst_guard_relaxed,guard_relaxed,cmpl-diag00_a1_s23_llama1b_kv3072_cap12-01_long_burst_guard_relaxed-r9-0-b3e32ba5,cmpl-diag00_a1_s23_llama1b_kv3072_cap12-01_long_burst_guard_relaxed-r1-0-8dc46a1d,18,85,0.5115030249999108
llama1b,3072,12,23,long,burst,handoff,6903.920568748,diag00_a1_s23_llama1b_kv3072_cap12-01_long_burst_guard_relaxed,guard_relaxed,cmpl-diag00_a1_s23_llama1b_kv3072_cap12-01_long_burst_guard_relaxed-r11-0-98d0261a,cmpl-diag00_a1_s23_llama1b_kv3072_cap12-01_long_burst_guard_relaxed-r5-0-a3de331a,22,62,0.5131893809993926
llama1b,3072,12,23,long,burst,handoff,6904.275605807,diag00_a1_s23_llama1b_kv3072_cap12-01_long_burst_guard_relaxed,guard_relaxed,cmpl-diag00_a1_s23_llama1b_kv3072_cap12-01_long_burst_guard_relaxed-r1-0-8dc46a1d,cmpl-diag00_a1_s23_llama1b_kv3072_cap12-01_long_burst_guard_relaxed-r9-0-b3e32ba5,41,90,0.5046844259995851
llama1b,3072,12,23,long,burst,handoff,6904.437377236,diag00_a1_s23_llama1b_kv3072_cap12-01_long_burst_guard_relaxed,guard_relaxed,cmpl-diag00_a1_s23_llama1b_kv3072_cap12-01_long_burst_guard_relaxed-r5-0-a3de331a,cmpl-diag00_a1_s23_llama1b_kv3072_cap12-01_long_burst_guard_relaxed-r11-0-98d0261a,37,83,0.501544666000882
llama1b,3072,12,23,long,burst,handoff,6904.801207482,diag00_a1_s23_llama1b_kv3072_cap12-01_long_burst_guard_relaxed,guard_relaxed,cmpl-diag00_a1_s23_llama1b_kv3072_cap12-01_long_burst_guard_relaxed-r9-0-b3e32ba5,cmpl-diag00_a1_s23_llama1b_kv3072_cap12-01_long_burst_guard_relaxed-r1-0-8dc46a1d,16,87,0.5097900989994741
llama1b,3072,12,23,long,burst,handoff,6904.954861902,diag00_a1_s23_llama1b_kv3072_cap12-01_long_burst_guard_relaxed,guard_relaxed,cmpl-diag00_a1_s23_llama1b_kv3072_cap12-01_long_burst_guard_relaxed-r11-0-98d0261a,cmpl-diag00_a1_s23_llama1b_kv3072_cap12-01_long_burst_guard_relaxed-r5-0-a3de331a,20,64,0.5029382089996943
llama1b,3072,12,23,long,burst,handoff,6905.320643776,diag00_a1_s23_llama1b_kv3072_cap12-01_long_burst_guard_relaxed,guard_relaxed,cmpl-diag00_a1_s23_llama1b_kv3072_cap12-01_long_burst_guard_relaxed-r1-0-8dc46a1d,cmpl-diag00_a1_s23_llama1b_kv3072_cap12-01_long_burst_guard_relaxed-r9-0-b3e32ba5,38,91,0.5045577809996757
llama1b,3072,12,23,long,burst,handoff,6905.484971775,diag00_a1_s23_llama1b_kv3072_cap12-01_long_burst_guard_relaxed,guard_relaxed,cmpl-diag00_a1_s23_llama1b_kv3072_cap12-01_long_burst_guard_relaxed-r5-0-a3de331a,cmpl-diag00_a1_s23_llama1b_kv3072_cap12-01_long_burst_guard_relaxed-r11-0-98d0261a,35,85,0.5152203410007132
llama1b,3072,12,23,long,burst,handoff,6905.836099838,diag00_a1_s23_llama1b_kv3072_cap12-01_long_burst_guard_relaxed,guard_relaxed,cmpl-diag00_a1_s23_llama1b_kv3072_cap12-01_long_burst_guard_relaxed-r9-0-b3e32ba5,cmpl-diag00_a1_s23_llama1b_kv3072_cap12-01_long_burst_guard_relaxed-r1-0-8dc46a1d,14,88,0.5004854400003751
llama1b,3072,12,23,long,burst,handoff,6906.003818046,diag00_a1_s23_llama1b_kv3072_cap12-01_long_burst_guard_relaxed,guard_relaxed,cmpl-diag00_a1_s23_llama1b_kv3072_cap12-01_long_burst_guard_relaxed-r11-0-98d0261a,cmpl-diag00_a1_s23_llama1b_kv3072_cap12-01_long_burst_guard_relaxed-r5-0-a3de331a,17,65,0.5033087309993789
llama1b,3072,12,23,long,burst,handoff,6906.352792618,diag00_a1_s23_llama1b_kv3072_cap12-01_long_burst_guard_relaxed,guard_relaxed,cmpl-diag00_a1_s23_llama1b_kv3072_cap12-01_long_burst_guard_relaxed-r1-0-8dc46a1d,cmpl-diag00_a1_s23_llama1b_kv3072_cap12-01_long_burst_guard_relaxed-r9-0-b3e32ba5,36,92,0.5008690080003362
llama1b,3072,12,23,long,burst,handoff,6906.529624846,diag00_a1_s23_llama1b_kv3072_cap12-01_long_burst_guard_relaxed,guard_relaxed,cmpl-diag00_a1_s23_llama1b_kv3072_cap12-01_long_burst_guard_relaxed-r5-0-a3de331a,cmpl-diag00_a1_s23_llama1b_kv3072_cap12-01_long_burst_guard_relaxed-r11-0-98d0261a,33,86,0.5093248209996091
llama1b,3072,12,23,long,burst,handoff,6906.870554171,diag00_a1_s23_llama1b_kv3072_cap12-01_long_burst_guard_relaxed,guard_relaxed,cmpl-diag00_a1_s23_llama1b_kv3072_cap12-01_long_burst_guard_relaxed-r9-0-b3e32ba5,cmpl-diag00_a1_s23_llama1b_kv3072_cap12-01_long_burst_guard_relaxed-r1-0-8dc46a1d,11,89,0.5027408969999669
llama1b,3072,12,23,long,burst,handoff,6907.045204985,diag00_a1_s23_llama1b_kv3072_cap12-01_long_burst_guard_relaxed,guard_relaxed,cmpl-diag00_a1_s23_llama1b_kv3072_cap12-01_long_burst_guard_relaxed-r11-0-98d0261a,cmpl-diag00_a1_s23_llama1b_kv3072_cap12-01_long_burst_guard_relaxed-r5-0-a3de331a,14,66,0.5007198060002338
llama1b,3072,12,23,long,burst,handoff,6907.397120917,diag00_a1_s23_llama1b_kv3072_cap12-01_long_burst_guard_relaxed,guard_relaxed,cmpl-diag00_a1_s23_llama1b_kv3072_cap12-01_long_burst_guard_relaxed-r1-0-8dc46a1d,cmpl-diag00_a1_s23_llama1b_kv3072_cap12-01_long_burst_guard_relaxed-r9-0-b3e32ba5,33,93,0.5116554120004366
llama1b,3072,12,23,long,burst,handoff,6907.574810499,diag00_a1_s23_llama1b_kv3072_cap12-01_long_burst_guard_relaxed,guard_relaxed,cmpl-diag00_a1_s23_llama1b_kv3072_cap12-01_long_burst_guard_relaxed-r5-0-a3de331a,cmpl-diag00_a1_s23_llama1b_kv3072_cap12-01_long_burst_guard_relaxed-r11-0-98d0261a,29,87,0.5131045609996363
llama1b,3072,12,23,long,burst,handoff,6907.92586201,diag00_a1_s23_llama1b_kv3072_cap12-01_long_burst_guard_relaxed,guard_relaxed,cmpl-diag00_a1_s23_llama1b_kv3072_cap12-01_long_burst_guard_relaxed-r9-0-b3e32ba5,cmpl-diag00_a1_s23_llama1b_kv3072_cap12-01_long_burst_guard_relaxed-r1-0-8dc46a1d,8,91,0.5139793409998674
llama1b,3072,12,23,long,burst,handoff,6908.104151401,diag00_a1_s23_llama1b_kv3072_cap12-01_long_burst_guard_relaxed,guard_relaxed,cmpl-diag00_a1_s23_llama1b_kv3072_cap12-01_long_burst_guard_relaxed-r11-0-98d0261a,cmpl-diag00_a1_s23_llama1b_kv3072_cap12-01_long_burst_guard_relaxed-r5-0-a3de331a,12,68,0.513736864000748
llama1b,3072,12,23,long,burst,handoff,6908.442328133,diag00_a1_s23_llama1b_kv3072_cap12-01_long_burst_guard_relaxed,guard_relaxed,cmpl-diag00_a1_s23_llama1b_kv3072_cap12-01_long_burst_guard_relaxed-r1-0-8dc46a1d,cmpl-diag00_a1_s23_llama1b_kv3072_cap12-01_long_burst_guard_relaxed-r9-0-b3e32ba5,30,95,0.5011740990003091
llama1b,3072,12,23,long,burst,handoff,6908.635797081,diag00_a1_s23_llama1b_kv3072_cap12-01_long_burst_guard_relaxed,guard_relaxed,cmpl-diag00_a1_s23_llama1b_kv3072_cap12-01_long_burst_guard_relaxed-r5-0-a3de331a,cmpl-diag00_a1_s23_llama1b_kv3072_cap12-01_long_burst_guard_relaxed-r11-0-98d0261a,27,88,0.5142815680001149
llama1b,3072,12,23,long,burst,handoff,6908.968559052,diag00_a1_s23_llama1b_kv3072_cap12-01_long_burst_guard_relaxed,guard_relaxed,cmpl-diag00_a1_s23_llama1b_kv3072_cap12-01_long_burst_guard_relaxed-r9-0-b3e32ba5,cmpl-diag00_a1_s23_llama1b_kv3072_cap12-01_long_burst_guard_relaxed-r1-0-8dc46a1d,6,92,0.5105901390006693
llama1b,3072,12,23,long,burst,handoff,6909.161096873,diag00_a1_s23_llama1b_kv3072_cap12-01_long_burst_guard_relaxed,guard_relaxed,cmpl-diag00_a1_s23_llama1b_kv3072_cap12-01_long_burst_guard_relaxed-r11-0-98d0261a,cmpl-diag00_a1_s23_llama1b_kv3072_cap12-01_long_burst_guard_relaxed-r5-0-a3de331a,10,69,0.5116085689996908
llama1b,3072,12,23,long,burst,handoff,6909.486951844,diag00_a1_s23_llama1b_kv3072_cap12-01_long_burst_guard_relaxed,guard_relaxed,cmpl-diag00_a1_s23_llama1b_kv3072_cap12-01_long_burst_guard_relaxed-r1-0-8dc46a1d,cmpl-diag00_a1_s23_llama1b_kv3072_cap12-01_long_burst_guard_relaxed-r9-0-b3e32ba5,28,96,0.5029349289998208
llama1b,3072,12,23,long,burst,handoff,6909.67780707,diag00_a1_s23_llama1b_kv3072_cap12-01_long_burst_guard_relaxed,guard_relaxed,cmpl-diag00_a1_s23_llama1b_kv3072_cap12-01_long_burst_guard_relaxed-r5-0-a3de331a,cmpl-diag00_a1_s23_llama1b_kv3072_cap12-01_long_burst_guard_relaxed-r11-0-98d0261a,25,89,0.5026198949999525
llama1b,3072,12,23,long,burst,handoff,6910.00799648,diag00_a1_s23_llama1b_kv3072_cap12-01_long_burst_guard_relaxed,guard_relaxed,cmpl-diag00_a1_s23_llama1b_kv3072_cap12-01_long_burst_guard_relaxed-r9-0-b3e32ba5,cmpl-diag00_a1_s23_llama1b_kv3072_cap12-01_long_burst_guard_relaxed-r1-0-8dc46a1d,4,93,0.5052933679999114
llama1b,3072,12,23,long,burst,handoff,6910.202616017,diag00_a1_s23_llama1b_kv3072_cap12-01_long_burst_guard_relaxed,guard_relaxed,cmpl-diag00_a1_s23_llama1b_kv3072_cap12-01_long_burst_guard_relaxed-r11-0-98d0261a,cmpl-diag00_a1_s23_llama1b_kv3072_cap12-01_long_burst_guard_relaxed-r5-0-a3de331a,8,70,0.5085165569998935
llama1b,3072,12,23,long,burst,handoff,6910.52713547,diag00_a1_s23_llama1b_kv3072_cap12-01_long_burst_guard_relaxed,guard_relaxed,cmpl-diag00_a1_s23_llama1b_kv3072_cap12-01_long_burst_guard_relaxed-r1-0-8dc46a1d,cmpl-diag00_a1_s23_llama1b_kv3072_cap12-01_long_burst_guard_relaxed-r9-0-b3e32ba5,26,97,0.5038364889996956
llama1b,3072,12,23,long,burst,handoff,6910.729776214,diag00_a1_s23_llama1b_kv3072_cap12-01_long_burst_guard_relaxed,guard_relaxed,cmpl-diag00_a1_s23_llama1b_kv3072_cap12-01_long_burst_guard_relaxed-r5-0-a3de331a,cmpl-diag00_a1_s23_llama1b_kv3072_cap12-01_long_burst_guard_relaxed-r11-0-98d0261a,23,90,0.5109583189996556
llama1b,3072,12,23,long,burst,handoff,6911.045547775,diag00_a1_s23_llama1b_kv3072_cap12-01_long_burst_guard_relaxed,guard_relaxed,cmpl-diag00_a1_s23_llama1b_kv3072_cap12-01_long_burst_guard_relaxed-r9-0-b3e32ba5,cmpl-diag00_a1_s23_llama1b_kv3072_cap12-01_long_burst_guard_relaxed-r1-0-8dc46a1d,2,95,0.5032120770001711
llama1b,3072,12,23,long,burst,handoff,6911.258430706,diag00_a1_s23_llama1b_kv3072_cap12-01_long_burst_guard_relaxed,guard_relaxed,cmpl-diag00_a1_s23_llama1b_kv3072_cap12-01_long_burst_guard_relaxed-r11-0-98d0261a,cmpl-diag00_a1_s23_llama1b_kv3072_cap12-01_long_burst_guard_relaxed-r5-0-a3de331a,5,71,0.5137386019996484
llama1b,3072,12,23,long,burst,handoff,6911.57161293,diag00_a1_s23_llama1b_kv3072_cap12-01_long_burst_guard_relaxed,guard_relaxed,cmpl-diag00_a1_s23_llama1b_kv3072_cap12-01_long_burst_guard_relaxed-r1-0-8dc46a1d,cmpl-diag00_a1_s23_llama1b_kv3072_cap12-01_long_burst_guard_relaxed-r9-0-b3e32ba5,23,98,0.5102149309996094
llama1b,3072,12,23,long,burst,handoff,6911.775664626,diag00_a1_s23_llama1b_kv3072_cap12-01_long_burst_guard_relaxed,guard_relaxed,cmpl-diag00_a1_s23_llama1b_kv3072_cap12-01_long_burst_guard_relaxed-r5-0-a3de331a,cmpl-diag00_a1_s23_llama1b_kv3072_cap12-01_long_burst_guard_relaxed-r11-0-98d0261a,20,92,0.5007767360002617
llama1b,3072,12,23,long,burst,handoff,6912.095626875,diag00_a1_s23_llama1b_kv3072_cap12-01_long_burst_guard_relaxed,guard_relaxed,cmpl-diag00_a1_s23_llama1b_kv3072_cap12-01_long_burst_guard_relaxed-r9-0-b3e32ba5,cmpl-diag00_a1_s23_llama1b_kv3072_cap12-01_long_burst_guard_relaxed-r1-0-8dc46a1d,0,96,0.5081566019998718
llama1b,3072,12,23,long,burst,handoff,6912.297723438,diag00_a1_s23_llama1b_kv3072_cap12-01_long_burst_guard_relaxed,guard_relaxed,cmpl-diag00_a1_s23_llama1b_kv3072_cap12-01_long_burst_guard_relaxed-r11-0-98d0261a,cmpl-diag00_a1_s23_llama1b_kv3072_cap12-01_long_burst_guard_relaxed-r5-0-a3de331a,2,73,0.5064360619999206
llama1b,3072,12,23,long,burst,handoff,6912.620916938,diag00_a1_s23_llama1b_kv3072_cap12-01_long_burst_guard_relaxed,guard_relaxed,cmpl-diag00_a1_s23_llama1b_kv3072_cap12-01_long_burst_guard_relaxed-r1-0-8dc46a1d,cmpl-diag00_a1_s23_llama1b_kv3072_cap12-01_long_burst_guard_relaxed-r9-0-b3e32ba5,20,99,0.5101744989997314
llama1b,3072,12,23,long,burst,handoff,6912.81362274,diag00_a1_s23_llama1b_kv3072_cap12-01_long_burst_guard_relaxed,guard_relaxed,cmpl-diag00_a1_s23_llama1b_kv3072_cap12-01_long_burst_guard_relaxed-r5-0-a3de331a,cmpl-diag00_a1_s23_llama1b_kv3072_cap12-01_long_burst_guard_relaxed-r11-0-98d0261a,18,93,0.5005451269998957
llama1b,3072,12,23,long,burst,handoff,6912.828320181,diag00_a1_s23_llama1b_kv3072_cap12-01_long_burst_guard_relaxed,guard_relaxed,cmpl-diag00_a1_s23_llama1b_kv3072_cap12-01_long_burst_guard_relaxed-r5-0-a3de331a,cmpl-diag00_a1_s23_llama1b_kv3072_cap12-01_long_burst_guard_relaxed-r1-0-8dc46a1d,92,93,0.5152425679998487
llama1b,3072,12,23,long,burst,handoff,6913.460798828,diag00_a1_s23_llama1b_kv3072_cap12-01_long_burst_guard_relaxed,guard_relaxed,cmpl-diag00_a1_s23_llama1b_kv3072_cap12-01_long_burst_guard_relaxed-r1-0-8dc46a1d,cmpl-diag00_a1_s23_llama1b_kv3072_cap12-01_long_burst_guard_relaxed-r11-0-98d0261a,19,99,0.6168106570003147
llama1b,3072,12,23,long,burst,handoff,6913.473817621,diag00_a1_s23_llama1b_kv3072_cap12-01_long_burst_guard_relaxed,guard_relaxed,cmpl-diag00_a1_s23_llama1b_kv3072_cap12-01_long_burst_guard_relaxed-r1-0-8dc46a1d,cmpl-diag00_a1_s23_llama1b_kv3072_cap12-01_long_burst_guard_relaxed-r9-0-b3e32ba5,93,99,0.6298294500002157
llama1b,3072,12,23,long,burst,handoff,6913.828455798,diag00_a1_s23_llama1b_kv3072_cap12-01_long_burst_guard_relaxed,guard_relaxed,cmpl-diag00_a1_s23_llama1b_kv3072_cap12-01_long_burst_guard_relaxed-r5-0-a3de331a,cmpl-diag00_a1_s23_llama1b_kv3072_cap12-01_long_burst_guard_relaxed-r1-0-8dc46a1d,91,94,0.5075322349994167
llama1b,3072,12,23,long,burst,handoff,6914.051660886,diag00_a1_s23_llama1b_kv3072_cap12-01_long_burst_guard_relaxed,guard_relaxed,cmpl-diag00_a1_s23_llama1b_kv3072_cap12-01_long_burst_guard_relaxed-r9-0-b3e32ba5,cmpl-diag00_a1_s23_llama1b_kv3072_cap12-01_long_burst_guard_relaxed-r5-0-a3de331a,23,98,0.5640834690002521
llama1b,3072,12,23,long,burst,handoff,6914.342879087,diag00_a1_s23_llama1b_kv3072_cap12-01_long_burst_guard_relaxed,guard_relaxed,cmpl-diag00_a1_s23_llama1b_kv3072_cap12-01_long_burst_guard_relaxed-r1-0-8dc46a1d,cmpl-diag00_a1_s23_llama1b_kv3072_cap12-01_long_burst_guard_relaxed-r9-0-b3e32ba5,19,100,0.5001532530004624
llama1b,3072,12,23,long,burst,handoff,6914.630915633,diag00_a1_s23_llama1b_kv3072_cap12-01_long_burst_guard_relaxed,guard_relaxed,cmpl-diag00_a1_s23_llama1b_kv3072_cap12-01_long_burst_guard_relaxed-r5-0-a3de331a,cmpl-diag00_a1_s23_llama1b_kv3072_cap12-01_long_burst_guard_relaxed-r11-0-98d0261a,15,94,0.5106074289997196
llama1b,3072,12,23,long,burst,handoff,6914.644211436,diag00_a1_s23_llama1b_kv3072_cap12-01_long_burst_guard_relaxed,guard_relaxed,cmpl-diag00_a1_s23_llama1b_kv3072_cap12-01_long_burst_guard_relaxed-r5-0-a3de331a,cmpl-diag00_a1_s23_llama1b_kv3072_cap12-01_long_burst_guard_relaxed-r1-0-8dc46a1d,90,94,0.5239032319996113
llama1b,3072,12,23,long,burst,handoff,6914.864598276,diag00_a1_s23_llama1b_kv3072_cap12-01_long_burst_guard_relaxed,guard_relaxed,cmpl-diag00_a1_s23_llama1b_kv3072_cap12-01_long_burst_guard_relaxed-r9-0-b3e32ba5,cmpl-diag00_a1_s23_llama1b_kv3072_cap12-01_long_burst_guard_relaxed-r5-0-a3de331a,97,99,0.5064906589996099
llama1b,3072,12,23,long,burst,handoff,6915.168660196,diag00_a1_s23_llama1b_kv3072_cap12-01_long_burst_guard_relaxed,guard_relaxed,cmpl-diag00_a1_s23_llama1b_kv3072_cap12-01_long_burst_guard_relaxed-r1-0-8dc46a1d,cmpl-diag00_a1_s23_llama1b_kv3072_cap12-01_long_burst_guard_relaxed-r11-0-98d0261a,17,101,0.5107476240000324
llama1b,3072,12,23,long,burst,handoff,6915.184220847,diag00_a1_s23_llama1b_kv3072_cap12-01_long_burst_guard_relaxed,guard_relaxed,cmpl-diag00_a1_s23_llama1b_kv3072_cap12-01_long_burst_guard_relaxed-r1-0-8dc46a1d,cmpl-diag00_a1_s23_llama1b_kv3072_cap12-01_long_burst_guard_relaxed-r9-0-b3e32ba5,92,101,0.526308274999792
llama1b,3072,12,23,long,burst,handoff,6915.387978055,diag00_a1_s23_llama1b_kv3072_cap12-01_long_burst_guard_relaxed,guard_relaxed,cmpl-diag00_a1_s23_llama1b_kv3072_cap12-01_long_burst_guard_relaxed-r5-0-a3de331a,cmpl-diag00_a1_s23_llama1b_kv3072_cap12-01_long_burst_guard_relaxed-r1-0-8dc46a1d,90,94,0.5089200069996878
llama1b,3072,12,23,long,burst,handoff,6915.702755869,diag00_a1_s23_llama1b_kv3072_cap12-01_long_burst_guard_relaxed,guard_relaxed,cmpl-diag00_a1_s23_llama1b_kv3072_cap12-01_long_burst_guard_relaxed-r9-0-b3e32ba5,cmpl-diag00_a1_s23_llama1b_kv3072_cap12-01_long_burst_guard_relaxed-r5-0-a3de331a,22,99,0.5057592789999035
llama1b,3072,12,23,long,burst,handoff,6915.903649938,diag00_a1_s23_llama1b_kv3072_cap12-01_long_burst_guard_relaxed,guard_relaxed,cmpl-diag00_a1_s23_llama1b_kv3072_cap12-01_long_burst_guard_relaxed-r1-0-8dc46a1d,cmpl-diag00_a1_s23_llama1b_kv3072_cap12-01_long_burst_guard_relaxed-r9-0-b3e32ba5,17,101,0.5013653300002261
llama1b,3072,12,23,long,burst,handoff,6916.229943797,diag00_a1_s23_llama1b_kv3072_cap12-01_long_burst_guard_relaxed,guard_relaxed,cmpl-diag00_a1_s23_llama1b_kv3072_cap12-01_long_burst_guard_relaxed-r5-0-a3de331a,cmpl-diag00_a1_s23_llama1b_kv3072_cap12-01_long_burst_guard_relaxed-r11-0-98d0261a,13,94,0.5123318099995231
llama1b,3072,12,23,long,burst,handoff,6916.243498385,diag00_a1_s23_llama1b_kv3072_cap12-01_long_burst_guard_relaxed,guard_relaxed,cmpl-diag00_a1_s23_llama1b_kv3072_cap12-01_long_burst_guard_relaxed-r5-0-a3de331a,cmpl-diag00_a1_s23_llama1b_kv3072_cap12-01_long_burst_guard_relaxed-r1-0-8dc46a1d,89,94,0.5258863979997841
llama1b,3072,12,23,long,burst,handoff,6916.424783443,diag00_a1_s23_llama1b_kv3072_cap12-01_long_burst_guard_relaxed,guard_relaxed,cmpl-diag00_a1_s23_llama1b_kv3072_cap12-01_long_burst_guard_relaxed-r9-0-b3e32ba5,cmpl-diag00_a1_s23_llama1b_kv3072_cap12-01_long_burst_guard_relaxed-r5-0-a3de331a,97,99,0.5056000399999903
llama1b,3072,12,23,long,burst,handoff,6916.768799813,diag00_a1_s23_llama1b_kv3072_cap12-01_long_burst_guard_relaxed,guard_relaxed,cmpl-diag00_a1_s23_llama1b_kv3072_cap12-01_long_burst_guard_relaxed-r1-0-8dc46a1d,cmpl-diag00_a1_s23_llama1b_kv3072_cap12-01_long_burst_guard_relaxed-r9-0-b3e32ba5,15,102,0.5114556850003282
llama1b,3072,12,23,long,burst,handoff,6916.950444148,diag00_a1_s23_llama1b_kv3072_cap12-01_long_burst_guard_relaxed,guard_relaxed,cmpl-diag00_a1_s23_llama1b_kv3072_cap12-01_long_burst_guard_relaxed-r5-0-a3de331a,cmpl-diag00_a1_s23_llama1b_kv3072_cap12-01_long_burst_guard_relaxed-r1-0-8dc46a1d,12,94,0.5123923680002918
llama1b,3072,12,23,long,burst,handoff,6917.29625546,diag00_a1_s23_llama1b_kv3072_cap12-01_long_burst_guard_relaxed,guard_relaxed,cmpl-diag00_a1_s23_llama1b_kv3072_cap12-01_long_burst_guard_relaxed-r9-0-b3e32ba5,cmpl-diag00_a1_s23_llama1b_kv3072_cap12-01_long_burst_guard_relaxed-r11-0-98d0261a,18,99,0.5113669860002119
llama1b,3072,12,23,long,burst,handoff,6917.309586765,diag00_a1_s23_llama1b_kv3072_cap12-01_long_burst_guard_relaxed,guard_relaxed,cmpl-diag00_a1_s23_llama1b_kv3072_cap12-01_long_burst_guard_relaxed-r9-0-b3e32ba5,cmpl-diag00_a1_s23_llama1b_kv3072_cap12-01_long_burst_guard_relaxed-r5-0-a3de331a,96,99,0.5246982910002771
llama1b,3072,12,23,long,burst,handoff,6917.488136605,diag00_a1_s23_llama1b_kv3072_cap12-01_long_burst_guard_relaxed,guard_relaxed,cmpl-diag00_a1_s23_llama1b_kv3072_cap12-01_long_burst_guard_relaxed-r1-0-8dc46a1d,cmpl-diag00_a1_s23_llama1b_kv3072_cap12-01_long_burst_guard_relaxed-r9-0-b3e32ba5,92,102,0.5224897600000986
llama1b,3072,12,23,long,burst,handoff,6917.831770582,diag00_a1_s23_llama1b_kv3072_cap12-01_long_burst_guard_relaxed,guard_relaxed,cmpl-diag00_a1_s23_llama1b_kv3072_cap12-01_long_burst_guard_relaxed-r5-0-a3de331a,cmpl-diag00_a1_s23_llama1b_kv3072_cap12-01_long_burst_guard_relaxed-r11-0-98d0261a,11,95,0.5086273200004143
llama1b,3072,12,23,long,burst,handoff,6917.845297701,diag00_a1_s23_llama1b_kv3072_cap12-01_long_burst_guard_relaxed,guard_relaxed,cmpl-diag00_a1_s23_llama1b_kv3072_cap12-01_long_burst_guard_relaxed-r5-0-a3de331a,cmpl-diag00_a1_s23_llama1b_kv3072_cap12-01_long_burst_guard_relaxed-r1-0-8dc46a1d,89,95,0.5221544390005874
llama1b,3072,12,23,long,burst,handoff,6918.009898872,diag00_a1_s23_llama1b_kv3072_cap12-01_long_burst_guard_relaxed,guard_relaxed,cmpl-diag00_a1_s23_llama1b_kv3072_cap12-01_long_burst_guard_relaxed-r9-0-b3e32ba5,cmpl-diag00_a1_s23_llama1b_kv3072_cap12-01_long_burst_guard_relaxed-r5-0-a3de331a,95,100,0.5101225110001906
llama1b,3072,12,23,long,burst,handoff,6918.366011965,diag00_a1_s23_llama1b_kv3072_cap12-01_long_burst_guard_relaxed,guard_relaxed,cmpl-diag00_a1_s23_llama1b_kv3072_cap12-01_long_burst_guard_relaxed-r1-0-8dc46a1d,cmpl-diag00_a1_s23_llama1b_kv3072_cap12-01_long_burst_guard_relaxed-r9-0-b3e32ba5,13,103,0.5073824600003718
llama1b,3072,12,23,long,burst,handoff,6918.541451592,diag00_a1_s23_llama1b_kv3072_cap12-01_long_burst_guard_relaxed,guard_relaxed,cmpl-diag00_a1_s23_llama1b_kv3072_cap12-01_long_burst_guard_relaxed-r5-0-a3de331a,cmpl-diag00_a1_s23_llama1b_kv3072_cap12-01_long_burst_guard_relaxed-r1-0-8dc46a1d,10,96,0.5181297950002772
llama1b,3072,12,23,long,burst,handoff,6918.888994964,diag00_a1_s23_llama1b_kv3072_cap12-01_long_burst_guard_relaxed,guard_relaxed,cmpl-diag00_a1_s23_llama1b_kv3072_cap12-01_long_burst_guard_relaxed-r9-0-b3e32ba5,cmpl-diag00_a1_s23_llama1b_kv3072_cap12-01_long_burst_guard_relaxed-r11-0-98d0261a,16,100,0.5077587879995917
llama1b,3072,12,23,long,burst,handoff,6918.903011074,diag00_a1_s23_llama1b_kv3072_cap12-01_long_burst_guard_relaxed,guard_relaxed,cmpl-diag00_a1_s23_llama1b_kv3072_cap12-01_long_burst_guard_relaxed-r9-0-b3e32ba5,cmpl-diag00_a1_s23_llama1b_kv3072_cap12-01_long_burst_guard_relaxed-r5-0-a3de331a,95,100,0.5217748979994212
llama1b,3072,12,23,long,burst,handoff,6919.079226691,diag00_a1_s23_llama1b_kv3072_cap12-01_long_burst_guard_relaxed,guard_relaxed,cmpl-diag00_a1_s23_llama1b_kv3072_cap12-01_long_burst_guard_relaxed-r1-0-8dc46a1d,cmpl-diag00_a1_s23_llama1b_kv3072_cap12-01_long_burst_guard_relaxed-r9-0-b3e32ba5,91,103,0.5212078450003901
llama1b,3072,12,23,long,burst,handoff,6919.427100842,diag00_a1_s23_llama1b_kv3072_cap12-01_long_burst_guard_relaxed,guard_relaxed,cmpl-diag00_a1_s23_llama1b_kv3072_cap12-01_long_burst_guard_relaxed-r5-0-a3de331a,cmpl-diag00_a1_s23_llama1b_kv3072_cap12-01_long_burst_guard_relaxed-r11-0-98d0261a,9,97,0.5121350460003669
llama1b,3072,12,23,long,burst,handoff,6919.440189426,diag00_a1_s23_llama1b_kv3072_cap12-01_long_burst_guard_relaxed,guard_relaxed,cmpl-diag00_a1_s23_llama1b_kv3072_cap12-01_long_burst_guard_relaxed-r5-0-a3de331a,cmpl-diag00_a1_s23_llama1b_kv3072_cap12-01_long_burst_guard_relaxed-r1-0-8dc46a1d,88,97,0.5252236300002551
llama1b,3072,12,23,long,burst,handoff,6919.615526609,diag00_a1_s23_llama1b_kv3072_cap12-01_long_burst_guard_relaxed,guard_relaxed,cmpl-diag00_a1_s23_llama1b_kv3072_cap12-01_long_burst_guard_relaxed-r9-0-b3e32ba5,cmpl-diag00_a1_s23_llama1b_kv3072_cap12-01_long_burst_guard_relaxed-r5-0-a3de331a,94,100,0.5220212470003389
llama1b,3072,12,23,long,burst,handoff,6919.964735563,diag00_a1_s23_llama1b_kv3072_cap12-01_long_burst_guard_relaxed,guard_relaxed,cmpl-diag00_a1_s23_llama1b_kv3072_cap12-01_long_burst_guard_relaxed-r1-0-8dc46a1d,cmpl-diag00_a1_s23_llama1b_kv3072_cap12-01_long_burst_guard_relaxed-r11-0-98d0261a,11,103,0.5091051570007039
llama1b,3072,12,23,long,burst,handoff,6919.98114942,diag00_a1_s23_llama1b_kv3072_cap12-01_long_burst_guard_relaxed,guard_relaxed,cmpl-diag00_a1_s23_llama1b_kv3072_cap12-01_long_burst_guard_relaxed-r1-0-8dc46a1d,cmpl-diag00_a1_s23_llama1b_kv3072_cap12-01_long_burst_guard_relaxed-r9-0-b3e32ba5,91,103,0.5255190140005652
llama1b,3072,12,23,long,burst,handoff,6920.16131698,diag00_a1_s23_llama1b_kv3072_cap12-01_long_burst_guard_relaxed,guard_relaxed,cmpl-diag00_a1_s23_llama1b_kv3072_cap12-01_long_burst_guard_relaxed-r5-0-a3de331a,cmpl-diag00_a1_s23_llama1b_kv3072_cap12-01_long_burst_guard_relaxed-r1-0-8dc46a1d,88,97,0.5300937580004756
llama1b,3072,12,23,long,burst,handoff,6920.496406927,diag00_a1_s23_llama1b_kv3072_cap12-01_long_burst_guard_relaxed,guard_relaxed,cmpl-diag00_a1_s23_llama1b_kv3072_cap12-01_long_burst_guard_relaxed-r9-0-b3e32ba5,cmpl-diag00_a1_s23_llama1b_kv3072_cap12-01_long_burst_guard_relaxed-r11-0-98d0261a,14,100,0.5034073770002578
llama1b,3072,12,23,long,burst,handoff,6920.512309827,diag00_a1_s23_llama1b_kv3072_cap12-01_long_burst_guard_relaxed,guard_relaxed,cmpl-diag00_a1_s23_llama1b_kv3072_cap12-01_long_burst_guard_relaxed-r9-0-b3e32ba5,cmpl-diag00_a1_s23_llama1b_kv3072_cap12-01_long_burst_guard_relaxed-r5-0-a3de331a,94,100,0.5193102769999314
llama1b,3072,12,23,long,burst,handoff,6920.688653528,diag00_a1_s23_llama1b_kv3072_cap12-01_long_burst_guard_relaxed,guard_relaxed,cmpl-diag00_a1_s23_llama1b_kv3072_cap12-01_long_burst_guard_relaxed-r1-0-8dc46a1d,cmpl-diag00_a1_s23_llama1b_kv3072_cap12-01_long_burst_guard_relaxed-r9-0-b3e32ba5,91,103,0.5146535209996728
llama1b,3072,12,23,long,burst,handoff,6921.031806117,diag00_a1_s23_llama1b_kv3072_cap12-01_long_burst_guard_relaxed,guard_relaxed,cmpl-diag00_a1_s23_llama1b_kv3072_cap12-01_long_burst_guard_relaxed-r5-0-a3de331a,cmpl-diag00_a1_s23_llama1b_kv3072_cap12-01_long_burst_guard_relaxed-r11-0-98d0261a,8,97,0.5083601360001921
llama1b,3072,12,23,long,burst,handoff,6921.048611571,diag00_a1_s23_llama1b_kv3072_cap12-01_long_burst_guard_relaxed,guard_relaxed,cmpl-diag00_a1_s23_llama1b_kv3072_cap12-01_long_burst_guard_relaxed-r5-0-a3de331a,cmpl-diag00_a1_s23_llama1b_kv3072_cap12-01_long_burst_guard_relaxed-r1-0-8dc46a1d,88,97,0.5251655900001424
llama1b,3072,12,23,long,burst,handoff,6921.218693408,diag00_a1_s23_llama1b_kv3072_cap12-01_long_burst_guard_relaxed,guard_relaxed,cmpl-diag00_a1_s23_llama1b_kv3072_cap12-01_long_burst_guard_relaxed-r9-0-b3e32ba5,cmpl-diag00_a1_s23_llama1b_kv3072_cap12-01_long_burst_guard_relaxed-r5-0-a3de331a,94,101,0.519636207000076
llama1b,3072,12,23,long,burst,handoff,6921.561153045,diag00_a1_s23_llama1b_kv3072_cap12-01_long_burst_guard_relaxed,guard_relaxed,cmpl-diag00_a1_s23_llama1b_kv3072_cap12-01_long_burst_guard_relaxed-r1-0-8dc46a1d,cmpl-diag00_a1_s23_llama1b_kv3072_cap12-01_long_burst_guard_relaxed-r11-0-98d0261a,10,104,0.5013954469995952
llama1b,3072,12,23,long,burst,handoff,6921.574947202,diag00_a1_s23_llama1b_kv3072_cap12-01_long_burst_guard_relaxed,guard_relaxed,cmpl-diag00_a1_s23_llama1b_kv3072_cap12-01_long_burst_guard_relaxed-r1-0-8dc46a1d,cmpl-diag00_a1_s23_llama1b_kv3072_cap12-01_long_burst_guard_relaxed-r9-0-b3e32ba5,90,104,0.5151896039997155
llama1b,3072,12,23,long,burst,handoff,6921.757702544,diag00_a1_s23_llama1b_kv3072_cap12-01_long_burst_guard_relaxed,guard_relaxed,cmpl-diag00_a1_s23_llama1b_kv3072_cap12-01_long_burst_guard_relaxed-r5-0-a3de331a,cmpl-diag00_a1_s23_llama1b_kv3072_cap12-01_long_burst_guard_relaxed-r1-0-8dc46a1d,87,97,0.5255146529998456
llama1b,3072,12,23,long,burst,handoff,6922.100169779,diag00_a1_s23_llama1b_kv3072_cap12-01_long_burst_guard_relaxed,guard_relaxed,cmpl-diag00_a1_s23_llama1b_kv3072_cap12-01_long_burst_guard_relaxed-r9-0-b3e32ba5,cmpl-diag00_a1_s23_llama1b_kv3072_cap12-01_long_burst_guard_relaxed-r11-0-98d0261a,13,101,0.5102524799995081
llama1b,3072,12,23,long,burst,handoff,6922.114431214,diag00_a1_s23_llama1b_kv3072_cap12-01_long_burst_guard_relaxed,guard_relaxed,cmpl-diag00_a1_s23_llama1b_kv3072_cap12-01_long_burst_guard_relaxed-r9-0-b3e32ba5,cmpl-diag00_a1_s23_llama1b_kv3072_cap12-01_long_burst_guard_relaxed-r5-0-a3de331a,94,101,0.5245139150001705
llama1b,3072,12,23,long,burst,handoff,6922.292823388,diag00_a1_s23_llama1b_kv3072_cap12-01_long_burst_guard_relaxed,guard_relaxed,cmpl-diag00_a1_s23_llama1b_kv3072_cap12-01_long_burst_guard_relaxed-r1-0-8dc46a1d,cmpl-diag00_a1_s23_llama1b_kv3072_cap12-01_long_burst_guard_relaxed-r9-0-b3e32ba5,90,104,0.5182592850005676
llama1b,3072,12,23,long,burst,handoff,6922.6420243,diag00_a1_s23_llama1b_kv3072_cap12-01_long_burst_guard_relaxed,guard_relaxed,cmpl-diag00_a1_s23_llama1b_kv3072_cap12-01_long_burst_guard_relaxed-r5-0-a3de331a,cmpl-diag00_a1_s23_llama1b_kv3072_cap12-01_long_burst_guard_relaxed-r11-0-98d0261a,6,98,0.5113636040005076
llama1b,3072,12,23,long,burst,handoff,6922.654337494,diag00_a1_s23_llama1b_kv3072_cap12-01_long_burst_guard_relaxed,guard_relaxed,cmpl-diag00_a1_s23_llama1b_kv3072_cap12-01_long_burst_guard_relaxed-r5-0-a3de331a,cmpl-diag00_a1_s23_llama1b_kv3072_cap12-01_long_burst_guard_relaxed-r1-0-8dc46a1d,87,98,0.5236767980004515
llama1b,3072,12,23,long,burst,handoff,6922.830747776,diag00_a1_s23_llama1b_kv3072_cap12-01_long_burst_guard_relaxed,guard_relaxed,cmpl-diag00_a1_s23_llama1b_kv3072_cap12-01_long_burst_guard_relaxed-r9-0-b3e32ba5,cmpl-diag00_a1_s23_llama1b_kv3072_cap12-01_long_burst_guard_relaxed-r5-0-a3de331a,93,101,0.5214417529996354
llama1b,3072,12,23,long,burst,handoff,6923.179501104,diag00_a1_s23_llama1b_kv3072_cap12-01_long_burst_guard_relaxed,guard_relaxed,cmpl-diag00_a1_s23_llama1b_kv3072_cap12-01_long_burst_guard_relaxed-r1-0-8dc46a1d,cmpl-diag00_a1_s23_llama1b_kv3072_cap12-01_long_burst_guard_relaxed-r11-0-98d0261a,9,104,0.5095112740000332
llama1b,3072,12,23,long,burst,handoff,6923.190401229,diag00_a1_s23_llama1b_kv3072_cap12-01_long_burst_guard_relaxed,guard_relaxed,cmpl-diag00_a1_s23_llama1b_kv3072_cap12-01_long_burst_guard_relaxed-r1-0-8dc46a1d,cmpl-diag00_a1_s23_llama1b_kv3072_cap12-01_long_burst_guard_relaxed-r9-0-b3e32ba5,90,104,0.5204113989993857
llama1b,3072,12,23,long,burst,handoff,6923.372597178,diag00_a1_s23_llama1b_kv3072_cap12-01_long_burst_guard_relaxed,guard_relaxed,cmpl-diag00_a1_s23_llama1b_kv3072_cap12-01_long_burst_guard_relaxed-r5-0-a3de331a,cmpl-diag00_a1_s23_llama1b_kv3072_cap12-01_long_burst_guard_relaxed-r1-0-8dc46a1d,87,98,0.527342103000592
llama1b,3072,12,23,long,burst,handoff,6923.71543241,diag00_a1_s23_llama1b_kv3072_cap12-01_long_burst_guard_relaxed,guard_relaxed,cmpl-diag00_a1_s23_llama1b_kv3072_cap12-01_long_burst_guard_relaxed-r9-0-b3e32ba5,cmpl-diag00_a1_s23_llama1b_kv3072_cap12-01_long_burst_guard_relaxed-r11-0-98d0261a,12,101,0.5110361180004475
llama1b,3072,12,23,long,burst,handoff,6923.728275231,diag00_a1_s23_llama1b_kv3072_cap12-01_long_burst_guard_relaxed,guard_relaxed,cmpl-diag00_a1_s23_llama1b_kv3072_cap12-01_long_burst_guard_relaxed-r9-0-b3e32ba5,cmpl-diag00_a1_s23_llama1b_kv3072_cap12-01_long_burst_guard_relaxed-r5-0-a3de331a,93,101,0.5238789390004968
llama1b,3072,12,23,long,burst,handoff,6923.909997965,diag00_a1_s23_llama1b_kv3072_cap12-01_long_burst_guard_relaxed,guard_relaxed,cmpl-diag00_a1_s23_llama1b_kv3072_cap12-01_long_burst_guard_relaxed-r1-0-8dc46a1d,cmpl-diag00_a1_s23_llama1b_kv3072_cap12-01_long_burst_guard_relaxed-r9-0-b3e32ba5,90,104,0.5238721120003902
llama1b,3072,12,23,long,burst,handoff,6924.253937942,diag00_a1_s23_llama1b_kv3072_cap12-01_long_burst_guard_relaxed,guard_relaxed,cmpl-diag00_a1_s23_llama1b_kv3072_cap12-01_long_burst_guard_relaxed-r5-0-a3de331a,cmpl-diag00_a1_s23_llama1b_kv3072_cap12-01_long_burst_guard_relaxed-r1-0-8dc46a1d,5,98,0.5121995560002688
llama1b,3072,12,23,long,burst,handoff,6924.431321506,diag00_a1_s23_llama1b_kv3072_cap12-01_long_burst_guard_relaxed,guard_relaxed,cmpl-diag00_a1_s23_llama1b_kv3072_cap12-01_long_burst_guard_relaxed-r9-0-b3e32ba5,cmpl-diag00_a1_s23_llama1b_kv3072_cap12-01_long_burst_guard_relaxed-r5-0-a3de331a,11,102,0.5085850630002824
llama1b,3072,12,23,long,burst,handoff,6924.780567766,diag00_a1_s23_llama1b_kv3072_cap12-01_long_burst_guard_relaxed,guard_relaxed,cmpl-diag00_a1_s23_llama1b_kv3072_cap12-01_long_burst_guard_relaxed-r1-0-8dc46a1d,cmpl-diag00_a1_s23_llama1b_kv3072_cap12-01_long_burst_guard_relaxed-r11-0-98d0261a,6,104,0.5107915560001857
llama1b,3072,12,23,long,burst,handoff,6924.794266265,diag00_a1_s23_llama1b_kv3072_cap12-01_long_burst_guard_relaxed,guard_relaxed,cmpl-diag00_a1_s23_llama1b_kv3072_cap12-01_long_burst_guard_relaxed-r1-0-8dc46a1d,cmpl-diag00_a1_s23_llama1b_kv3072_cap12-01_long_burst_guard_relaxed-r9-0-b3e32ba5,89,104,0.5244900550005696
llama1b,3072,12,23,long,burst,handoff,6924.978885408,diag00_a1_s23_llama1b_kv3072_cap12-01_long_burst_guard_relaxed,guard_relaxed,cmpl-diag00_a1_s23_llama1b_kv3072_cap12-01_long_burst_guard_relaxed-r5-0-a3de331a,cmpl-diag00_a1_s23_llama1b_kv3072_cap12-01_long_burst_guard_relaxed-r1-0-8dc46a1d,87,98,0.5311975539998457
llama1b,3072,12,23,long,burst,handoff,6925.315459257,diag00_a1_s23_llama1b_kv3072_cap12-01_long_burst_guard_relaxed,guard_relaxed,cmpl-diag00_a1_s23_llama1b_kv3072_cap12-01_long_burst_guard_relaxed-r9-0-b3e32ba5,cmpl-diag00_a1_s23_llama1b_kv3072_cap12-01_long_burst_guard_relaxed-r5-0-a3de331a,10,102,0.5077052209999238
llama1b,3072,12,23,long,burst,handoff,6925.505392308,diag00_a1_s23_llama1b_kv3072_cap12-01_long_burst_guard_relaxed,guard_relaxed,cmpl-diag00_a1_s23_llama1b_kv3072_cap12-01_long_burst_guard_relaxed-r1-0-8dc46a1d,cmpl-diag00_a1_s23_llama1b_kv3072_cap12-01_long_burst_guard_relaxed-r11-0-98d0261a,5,105,0.5117945690008128
llama1b,3072,12,23,long,burst,handoff,6925.521013266,diag00_a1_s23_llama1b_kv3072_cap12-01_long_burst_guard_relaxed,guard_relaxed,cmpl-diag00_a1_s23_llama1b_kv3072_cap12-01_long_burst_guard_relaxed-r1-0-8dc46a1d,cmpl-diag00_a1_s23_llama1b_kv3072_cap12-01_long_burst_guard_relaxed-r9-0-b3e32ba5,88,105,0.5274155270008123
llama1b,3072,12,23,long,burst,handoff,6925.834479999,diag00_a1_s23_llama1b_kv3072_cap12-01_long_burst_guard_relaxed,guard_relaxed,cmpl-diag00_a1_s23_llama1b_kv3072_cap12-01_long_burst_guard_relaxed-r5-0-a3de331a,cmpl-diag00_a1_s23_llama1b_kv3072_cap12-01_long_burst_guard_relaxed-r1-0-8dc46a1d,86,98,0.5051902510003856
llama1b,3072,12,23,long,burst,handoff,6926.056188913,diag00_a1_s23_llama1b_kv3072_cap12-01_long_burst_guard_relaxed,guard_relaxed,cmpl-diag00_a1_s23_llama1b_kv3072_cap12-01_long_burst_guard_relaxed-r9-0-b3e32ba5,cmpl-diag00_a1_s23_llama1b_kv3072_cap12-01_long_burst_guard_relaxed-r5-0-a3de331a,10,103,0.5224921670005642
llama1b,3072,12,23,long,burst,handoff,6926.361239397,diag00_a1_s23_llama1b_kv3072_cap12-01_long_burst_guard_relaxed,guard_relaxed,cmpl-diag00_a1_s23_llama1b_kv3072_cap12-01_long_burst_guard_relaxed-r1-0-8dc46a1d,cmpl-diag00_a1_s23_llama1b_kv3072_cap12-01_long_burst_guard_relaxed-r11-0-98d0261a,5,105,0.5124370769999587
llama1b,3072,12,23,long,burst,handoff,6926.378315042,diag00_a1_s23_llama1b_kv3072_cap12-01_long_burst_guard_relaxed,guard_relaxed,cmpl-diag00_a1_s23_llama1b_kv3072_cap12-01_long_burst_guard_relaxed-r1-0-8dc46a1d,cmpl-diag00_a1_s23_llama1b_kv3072_cap12-01_long_burst_guard_relaxed-r9-0-b3e32ba5,88,105,0.5295127220006179
llama1b,3072,12,23,long,burst,handoff,6926.65124533,diag00_a1_s23_llama1b_kv3072_cap12-01_long_burst_guard_relaxed,guard_relaxed,cmpl-diag00_a1_s23_llama1b_kv3072_cap12-01_long_burst_guard_relaxed-r5-0-a3de331a,cmpl-diag00_a1_s23_llama1b_kv3072_cap12-01_long_burst_guard_relaxed-r1-0-8dc46a1d,85,99,0.5004774630006068
llama1b,3072,12,23,long,burst,handoff,6926.961347898,diag00_a1_s23_llama1b_kv3072_cap12-01_long_burst_guard_relaxed,guard_relaxed,cmpl-diag00_a1_s23_llama1b_kv3072_cap12-01_long_burst_guard_relaxed-r9-0-b3e32ba5,cmpl-diag00_a1_s23_llama1b_kv3072_cap12-01_long_burst_guard_relaxed-r11-0-98d0261a,8,103,0.5696102510000856
llama1b,3072,12,23,long,burst,handoff,6926.97402901,diag00_a1_s23_llama1b_kv3072_cap12-01_long_burst_guard_relaxed,guard_relaxed,cmpl-diag00_a1_s23_llama1b_kv3072_cap12-01_long_burst_guard_relaxed-r9-0-b3e32ba5,cmpl-diag00_a1_s23_llama1b_kv3072_cap12-01_long_burst_guard_relaxed-r5-0-a3de331a,92,103,0.5822913629999675
llama1b,3072,12,23,long,burst,handoff,6927.165921599,diag00_a1_s23_llama1b_kv3072_cap12-01_long_burst_guard_relaxed,guard_relaxed,cmpl-diag00_a1_s23_llama1b_kv3072_cap12-01_long_burst_guard_relaxed-r1-0-8dc46a1d,cmpl-diag00_a1_s23_llama1b_kv3072_cap12-01_long_burst_guard_relaxed-r9-0-b3e32ba5,88,106,0.5019593030001488
llama1b,3072,12,23,long,burst,handoff,6927.493013291,diag00_a1_s23_llama1b_kv3072_cap12-01_long_burst_guard_relaxed,guard_relaxed,cmpl-diag00_a1_s23_llama1b_kv3072_cap12-01_long_burst_guard_relaxed-r5-0-a3de331a,cmpl-diag00_a1_s23_llama1b_kv3072_cap12-01_long_burst_guard_relaxed-r11-0-98d0261a,1,99,0.5055093549999583
llama1b,3072,12,23,long,burst,handoff,6927.507699859,diag00_a1_s23_llama1b_kv3072_cap12-01_long_burst_guard_relaxed,guard_relaxed,cmpl-diag00_a1_s23_llama1b_kv3072_cap12-01_long_burst_guard_relaxed-r5-0-a3de331a,cmpl-diag00_a1_s23_llama1b_kv3072_cap12-01_long_burst_guard_relaxed-r1-0-8dc46a1d,85,99,0.5201959229998465
llama1b,3072,12,23,long,burst,handoff,6927.688692556,diag00_a1_s23_llama1b_kv3072_cap12-01_long_burst_guard_relaxed,guard_relaxed,cmpl-diag00_a1_s23_llama1b_kv3072_cap12-01_long_burst_guard_relaxed-r9-0-b3e32ba5,cmpl-diag00_a1_s23_llama1b_kv3072_cap12-01_long_burst_guard_relaxed-r5-0-a3de331a,92,103,0.5097065509999084
llama1b,3072,12,23,long,burst,handoff,6928.023947081,diag00_a1_s23_llama1b_kv3072_cap12-01_long_burst_guard_relaxed,guard_relaxed,cmpl-diag00_a1_s23_llama1b_kv3072_cap12-01_long_burst_guard_relaxed-r1-0-8dc46a1d,cmpl-diag00_a1_s23_llama1b_kv3072_cap12-01_long_burst_guard_relaxed-r9-0-b3e32ba5,4,106,0.5035984559999633
llama1b,3072,12,23,long,burst,handoff,6928.22176962,diag00_a1_s23_llama1b_kv3072_cap12-01_long_burst_guard_relaxed,guard_relaxed,cmpl-diag00_a1_s23_llama1b_kv3072_cap12-01_long_burst_guard_relaxed-r5-0-a3de331a,cmpl-diag00_a1_s23_llama1b_kv3072_cap12-01_long_burst_guard_relaxed-r1-0-8dc46a1d,1,99,0.519773976999204
llama1b,3072,12,23,long,burst,handoff,6928.550437432,diag00_a1_s23_llama1b_kv3072_cap12-01_long_burst_guard_relaxed,guard_relaxed,cmpl-diag00_a1_s23_llama1b_kv3072_cap12-01_long_burst_guard_relaxed-r9-0-b3e32ba5,cmpl-diag00_a1_s23_llama1b_kv3072_cap12-01_long_burst_guard_relaxed-r11-0-98d0261a,6,103,0.5093817639999543
llama1b,3072,12,23,long,burst,handoff,6928.563686373,diag00_a1_s23_llama1b_kv3072_cap12-01_long_burst_guard_relaxed,guard_relaxed,cmpl-diag00_a1_s23_llama1b_kv3072_cap12-01_long_burst_guard_relaxed-r9-0-b3e32ba5,cmpl-diag00_a1_s23_llama1b_kv3072_cap12-01_long_burst_guard_relaxed-r5-0-a3de331a,91,103,0.5226307049997558
llama1b,3072,12,23,long,burst,handoff,6928.745365254,diag00_a1_s23_llama1b_kv3072_cap12-01_long_burst_guard_relaxed,guard_relaxed,cmpl-diag00_a1_s23_llama1b_kv3072_cap12-01_long_burst_guard_relaxed-r1-0-8dc46a1d,cmpl-diag00_a1_s23_llama1b_kv3072_cap12-01_long_burst_guard_relaxed-r9-0-b3e32ba5,87,106,0.5108562879995588
llama1b,3072,12,23,long,burst,handoff,6929.078991581,diag00_a1_s23_llama1b_kv3072_cap12-01_long_burst_guard_relaxed,guard_relaxed,cmpl-diag00_a1_s23_llama1b_kv3072_cap12-01_long_burst_guard_relaxed-r5-0-a3de331a,cmpl-diag00_a1_s23_llama1b_kv3072_cap12-01_long_burst_guard_relaxed-r11-0-98d0261a,0,100,0.5006630349998886
llama1b,3072,12,23,long,burst,handoff,6929.09241109,diag00_a1_s23_llama1b_kv3072_cap12-01_long_burst_guard_relaxed,guard_relaxed,cmpl-diag00_a1_s23_llama1b_kv3072_cap12-01_long_burst_guard_relaxed-r5-0-a3de331a,cmpl-diag00_a1_s23_llama1b_kv3072_cap12-01_long_burst_guard_relaxed-r1-0-8dc46a1d,85,100,0.5140825439993932
llama1b,3072,12,23,long,burst,handoff,6929.270446815,diag00_a1_s23_llama1b_kv3072_cap12-01_long_burst_guard_relaxed,guard_relaxed,cmpl-diag00_a1_s23_llama1b_kv3072_cap12-01_long_burst_guard_relaxed-r9-0-b3e32ba5,cmpl-diag00_a1_s23_llama1b_kv3072_cap12-01_long_burst_guard_relaxed-r5-0-a3de331a,91,104,0.5070694379992347
llama1b,3072,12,23,long,burst,handoff,6929.612510537,diag00_a1_s23_llama1b_kv3072_cap12-01_long_burst_guard_relaxed,guard_relaxed,cmpl-diag00_a1_s23_llama1b_kv3072_cap12-01_long_burst_guard_relaxed-r1-0-8dc46a1d,cmpl-diag00_a1_s23_llama1b_kv3072_cap12-01_long_burst_guard_relaxed-r9-0-b3e32ba5,2,106,0.5075286629999027
llama1b,3072,12,23,long,burst,handoff,6929.804008208,diag00_a1_s23_llama1b_kv3072_cap12-01_long_burst_guard_relaxed,guard_relaxed,cmpl-diag00_a1_s23_llama1b_kv3072_cap12-01_long_burst_guard_relaxed-r5-0-a3de331a,cmpl-diag00_a1_s23_llama1b_kv3072_cap12-01_long_burst_guard_relaxed-r1-0-8dc46a1d,0,100,0.5198119970000334
llama1b,3072,12,23,long,burst,handoff,6930.131704079,diag00_a1_s23_llama1b_kv3072_cap12-01_long_burst_guard_relaxed,guard_relaxed,cmpl-diag00_a1_s23_llama1b_kv3072_cap12-01_long_burst_guard_relaxed-r9-0-b3e32ba5,cmpl-diag00_a1_s23_llama1b_kv3072_cap12-01_long_burst_guard_relaxed-r11-0-98d0261a,4,104,0.5032313009996869
llama1b,3072,12,23,long,burst,handoff,6930.145164432,diag00_a1_s23_llama1b_kv3072_cap12-01_long_burst_guard_relaxed,guard_relaxed,cmpl-diag00_a1_s23_llama1b_kv3072_cap12-01_long_burst_guard_relaxed-r9-0-b3e32ba5,cmpl-diag00_a1_s23_llama1b_kv3072_cap12-01_long_burst_guard_relaxed-r5-0-a3de331a,90,104,0.5166916539992599
llama1b,3072,12,23,long,burst,handoff,6930.327935046,diag00_a1_s23_llama1b_kv3072_cap12-01_long_burst_guard_relaxed,guard_relaxed,cmpl-diag00_a1_s23_llama1b_kv3072_cap12-01_long_burst_guard_relaxed-r1-0-8dc46a1d,cmpl-diag00_a1_s23_llama1b_kv3072_cap12-01_long_burst_guard_relaxed-r9-0-b3e32ba5,87,106,0.5096076319996428
llama1b,3072,12,23,long,burst,handoff,6930.646988331,diag00_a1_s23_llama1b_kv3072_cap12-01_long_burst_guard_relaxed,guard_relaxed,cmpl-diag00_a1_s23_llama1b_kv3072_cap12-01_long_burst_guard_relaxed-r11-0-98d0261a,cmpl-diag00_a1_s23_llama1b_kv3072_cap12-01_long_burst_guard_relaxed-r1-0-8dc46a1d,84,86,0.5019290910004202
llama1b,3072,12,23,long,burst,handoff,6930.867146872,diag00_a1_s23_llama1b_kv3072_cap12-01_long_burst_guard_relaxed,guard_relaxed,cmpl-diag00_a1_s23_llama1b_kv3072_cap12-01_long_burst_guard_relaxed-r9-0-b3e32ba5,cmpl-diag00_a1_s23_llama1b_kv3072_cap12-01_long_burst_guard_relaxed-r11-0-98d0261a,4,104,0.5257458559999577
llama1b,3072,12,23,long,burst,handoff,6930.969756284,diag00_a1_s23_llama1b_kv3072_cap12-01_long_burst_guard_relaxed,guard_relaxed,cmpl-diag00_a1_s23_llama1b_kv3072_cap12-01_long_burst_guard_relaxed-r9-0-b3e32ba5,cmpl-diag00_a1_s23_llama1b_kv3072_cap12-01_long_burst_guard_relaxed-r5-0-a3de331a,90,104,0.6283552679997229
llama1b,3072,12,23,long,burst,handoff,6931.169953608,diag00_a1_s23_llama1b_kv3072_cap12-01_long_burst_guard_relaxed,guard_relaxed,cmpl-diag00_a1_s23_llama1b_kv3072_cap12-01_long_burst_guard_relaxed-r1-0-8dc46a1d,cmpl-diag00_a1_s23_llama1b_kv3072_cap12-01_long_burst_guard_relaxed-r9-0-b3e32ba5,87,107,0.5090834869997707
llama1b,3072,12,23,long,burst,handoff,6931.473627102,diag00_a1_s23_llama1b_kv3072_cap12-01_long_burst_guard_relaxed,guard_relaxed,cmpl-diag00_a1_s23_llama1b_kv3072_cap12-01_long_burst_guard_relaxed-r11-0-98d0261a,cmpl-diag00_a1_s23_llama1b_kv3072_cap12-01_long_burst_guard_relaxed-r1-0-8dc46a1d,83,86,0.5040515199998481
llama1b,3072,12,23,long,burst,handoff,6931.698511585,diag00_a1_s23_llama1b_kv3072_cap12-01_long_burst_guard_relaxed,guard_relaxed,cmpl-diag00_a1_s23_llama1b_kv3072_cap12-01_long_burst_guard_relaxed-r9-0-b3e32ba5,cmpl-diag00_a1_s23_llama1b_kv3072_cap12-01_long_burst_guard_relaxed-r11-0-98d0261a,4,104,0.5136144830003104
llama1b,3072,12,23,long,burst,handoff,6931.799503666,diag00_a1_s23_llama1b_kv3072_cap12-01_long_burst_guard_relaxed,guard_relaxed,cmpl-diag00_a1_s23_llama1b_kv3072_cap12-01_long_burst_guard_relaxed-r9-0-b3e32ba5,cmpl-diag00_a1_s23_llama1b_kv3072_cap12-01_long_burst_guard_relaxed-r5-0-a3de331a,90,104,0.6146065640004963
llama1b,3072,12,23,long,burst,handoff,6931.999712361,diag00_a1_s23_llama1b_kv3072_cap12-01_long_burst_guard_relaxed,guard_relaxed,cmpl-diag00_a1_s23_llama1b_kv3072_cap12-01_long_burst_guard_relaxed-r1-0-8dc46a1d,cmpl-diag00_a1_s23_llama1b_kv3072_cap12-01_long_burst_guard_relaxed-r9-0-b3e32ba5,87,108,0.5117433730001721
llama1b,3072,12,23,long,burst,handoff,6932.303924854,diag00_a1_s23_llama1b_kv3072_cap12-01_long_burst_guard_relaxed,guard_relaxed,cmpl-diag00_a1_s23_llama1b_kv3072_cap12-01_long_burst_guard_relaxed-r11-0-98d0261a,cmpl-diag00_a1_s23_llama1b_kv3072_cap12-01_long_burst_guard_relaxed-r1-0-8dc46a1d,83,86,0.5045820019995517
llama1b,3072,12,23,long,burst,handoff,6932.524686379,diag00_a1_s23_llama1b_kv3072_cap12-01_long_burst_guard_relaxed,guard_relaxed,cmpl-diag00_a1_s23_llama1b_kv3072_cap12-01_long_burst_guard_relaxed-r9-0-b3e32ba5,cmpl-diag00_a1_s23_llama1b_kv3072_cap12-01_long_burst_guard_relaxed-r11-0-98d0261a,4,104,0.5107742809996125
llama1b,3072,12,23,long,burst,handoff,6932.630004143,diag00_a1_s23_llama1b_kv3072_cap12-01_long_burst_guard_relaxed,guard_relaxed,cmpl-diag00_a1_s23_llama1b_kv3072_cap12-01_long_burst_guard_relaxed-r9-0-b3e32ba5,cmpl-diag00_a1_s23_llama1b_kv3072_cap12-01_long_burst_guard_relaxed-r5-0-a3de331a,90,104,0.6160920450001868
llama1b,3072,12,23,long,burst,handoff,6932.826421783,diag00_a1_s23_llama1b_kv3072_cap12-01_long_burst_guard_relaxed,guard_relaxed,cmpl-diag00_a1_s23_llama1b_kv3072_cap12-01_long_burst_guard_relaxed-r1-0-8dc46a1d,cmpl-diag00_a1_s23_llama1b_kv3072_cap12-01_long_burst_guard_relaxed-r9-0-b3e32ba5,87,108,0.508427247000327
llama1b,3072,12,23,long,burst,handoff,6933.131807055,diag00_a1_s23_llama1b_kv3072_cap12-01_long_burst_guard_relaxed,guard_relaxed,cmpl-diag00_a1_s23_llama1b_kv3072_cap12-01_long_burst_guard_relaxed-r11-0-98d0261a,cmpl-diag00_a1_s23_llama1b_kv3072_cap12-01_long_burst_guard_relaxed-r1-0-8dc46a1d,82,86,0.5020616299998437
llama1b,3072,12,23,long,burst,handoff,6933.352135348,diag00_a1_s23_llama1b_kv3072_cap12-01_long_burst_guard_relaxed,guard_relaxed,cmpl-diag00_a1_s23_llama1b_kv3072_cap12-01_long_burst_guard_relaxed-r9-0-b3e32ba5,cmpl-diag00_a1_s23_llama1b_kv3072_cap12-01_long_burst_guard_relaxed-r11-0-98d0261a,3,105,0.509820705000493
llama1b,3072,12,23,long,burst,handoff,6933.45725447,diag00_a1_s23_llama1b_kv3072_cap12-01_long_burst_guard_relaxed,guard_relaxed,cmpl-diag00_a1_s23_llama1b_kv3072_cap12-01_long_burst_guard_relaxed-r9-0-b3e32ba5,cmpl-diag00_a1_s23_llama1b_kv3072_cap12-01_long_burst_guard_relaxed-r5-0-a3de331a,90,105,0.6149398270008533
llama1b,3072,12,23,long,burst,handoff,6933.646761889,diag00_a1_s23_llama1b_kv3072_cap12-01_long_burst_guard_relaxed,guard_relaxed,cmpl-diag00_a1_s23_llama1b_kv3072_cap12-01_long_burst_guard_relaxed-r1-0-8dc46a1d,cmpl-diag00_a1_s23_llama1b_kv3072_cap12-01_long_burst_guard_relaxed-r9-0-b3e32ba5,86,109,0.5010503880002943
llama1b,3072,12,23,long,burst,handoff,6933.964655343,diag00_a1_s23_llama1b_kv3072_cap12-01_long_burst_guard_relaxed,guard_relaxed,cmpl-diag00_a1_s23_llama1b_kv3072_cap12-01_long_burst_guard_relaxed-r11-0-98d0261a,cmpl-diag00_a1_s23_llama1b_kv3072_cap12-01_long_burst_guard_relaxed-r1-0-8dc46a1d,81,87,0.5076249630001257
llama1b,3072,12,23,long,burst,handoff,6934.186966443,diag00_a1_s23_llama1b_kv3072_cap12-01_long_burst_guard_relaxed,guard_relaxed,cmpl-diag00_a1_s23_llama1b_kv3072_cap12-01_long_burst_guard_relaxed-r9-0-b3e32ba5,cmpl-diag00_a1_s23_llama1b_kv3072_cap12-01_long_burst_guard_relaxed-r11-0-98d0261a,3,105,0.5256219589991815
llama1b,3072,12,23,long,burst,handoff,6934.294577118,diag00_a1_s23_llama1b_kv3072_cap12-01_long_burst_guard_relaxed,guard_relaxed,cmpl-diag00_a1_s23_llama1b_kv3072_cap12-01_long_burst_guard_relaxed-r9-0-b3e32ba5,cmpl-diag00_a1_s23_llama1b_kv3072_cap12-01_long_burst_guard_relaxed-r5-0-a3de331a,90,105,0.6332326339997962
llama1b,3072,12,23,long,burst,handoff,6934.483190435,diag00_a1_s23_llama1b_kv3072_cap12-01_long_burst_guard_relaxed,guard_relaxed,cmpl-diag00_a1_s23_llama1b_kv3072_cap12-01_long_burst_guard_relaxed-r1-0-8dc46a1d,cmpl-diag00_a1_s23_llama1b_kv3072_cap12-01_long_burst_guard_relaxed-r9-0-b3e32ba5,86,110,0.5051326769998923
llama1b,3072,12,23,long,burst,handoff,6934.809836557,diag00_a1_s23_llama1b_kv3072_cap12-01_long_burst_guard_relaxed,guard_relaxed,cmpl-diag00_a1_s23_llama1b_kv3072_cap12-01_long_burst_guard_relaxed-r11-0-98d0261a,cmpl-diag00_a1_s23_llama1b_kv3072_cap12-01_long_burst_guard_relaxed-r1-0-8dc46a1d,81,87,0.5155326870008139
llama1b,3072,12,23,long,burst,handoff,6935.025537491,diag00_a1_s23_llama1b_kv3072_cap12-01_long_burst_guard_relaxed,guard_relaxed,cmpl-diag00_a1_s23_llama1b_kv3072_cap12-01_long_burst_guard_relaxed-r9-0-b3e32ba5,cmpl-diag00_a1_s23_llama1b_kv3072_cap12-01_long_burst_guard_relaxed-r11-0-98d0261a,3,105,0.5257287960002941
llama1b,3072,12,23,long,burst,handoff,6935.135494943,diag00_a1_s23_llama1b_kv3072_cap12-01_long_burst_guard_relaxed,guard_relaxed,cmpl-diag00_a1_s23_llama1b_kv3072_cap12-01_long_burst_guard_relaxed-r9-0-b3e32ba5,cmpl-diag00_a1_s23_llama1b_kv3072_cap12-01_long_burst_guard_relaxed-r5-0-a3de331a,90,105,0.635686247999729
llama1b,3072,12,23,long,burst,handoff,6935.324424058,diag00_a1_s23_llama1b_kv3072_cap12-01_long_burst_guard_relaxed,guard_relaxed,cmpl-diag00_a1_s23_llama1b_kv3072_cap12-01_long_burst_guard_relaxed-r1-0-8dc46a1d,cmpl-diag00_a1_s23_llama1b_kv3072_cap12-01_long_burst_guard_relaxed-r9-0-b3e32ba5,86,110,0.5037422519999382
llama1b,3072,12,23,long,burst,handoff,6935.64491494,diag00_a1_s23_llama1b_kv3072_cap12-01_long_burst_guard_relaxed,guard_relaxed,cmpl-diag00_a1_s23_llama1b_kv3072_cap12-01_long_burst_guard_relaxed-r11-0-98d0261a,cmpl-diag00_a1_s23_llama1b_kv3072_cap12-01_long_burst_guard_relaxed-r1-0-8dc46a1d,80,87,0.5096859010000117
llama1b,3072,12,23,long,burst,handoff,6935.863884044,diag00_a1_s23_llama1b_kv3072_cap12-01_long_burst_guard_relaxed,guard_relaxed,cmpl-diag00_a1_s23_llama1b_kv3072_cap12-01_long_burst_guard_relaxed-r9-0-b3e32ba5,cmpl-diag00_a1_s23_llama1b_kv3072_cap12-01_long_burst_guard_relaxed-r11-0-98d0261a,2,105,0.5244084240002849
llama1b,3072,12,23,long,burst,handoff,6935.970163209,diag00_a1_s23_llama1b_kv3072_cap12-01_long_burst_guard_relaxed,guard_relaxed,cmpl-diag00_a1_s23_llama1b_kv3072_cap12-01_long_burst_guard_relaxed-r9-0-b3e32ba5,cmpl-diag00_a1_s23_llama1b_kv3072_cap12-01_long_burst_guard_relaxed-r5-0-a3de331a,89,105,0.6306875890004449
llama1b,3072,12,23,long,burst,handoff,6936.165917605,diag00_a1_s23_llama1b_kv3072_cap12-01_long_burst_guard_relaxed,guard_relaxed,cmpl-diag00_a1_s23_llama1b_kv3072_cap12-01_long_burst_guard_relaxed-r1-0-8dc46a1d,cmpl-diag00_a1_s23_llama1b_kv3072_cap12-01_long_burst_guard_relaxed-r9-0-b3e32ba5,86,111,0.5068986969999969
llama1b,3072,12,23,long,burst,handoff,6936.482386258,diag00_a1_s23_llama1b_kv3072_cap12-01_long_burst_guard_relaxed,guard_relaxed,cmpl-diag00_a1_s23_llama1b_kv3072_cap12-01_long_burst_guard_relaxed-r11-0-98d0261a,cmpl-diag00_a1_s23_llama1b_kv3072_cap12-01_long_burst_guard_relaxed-r1-0-8dc46a1d,79,87,0.5124399369997263
llama1b,3072,12,23,long,burst,handoff,6936.701593388,diag00_a1_s23_llama1b_kv3072_cap12-01_long_burst_guard_relaxed,guard_relaxed,cmpl-diag00_a1_s23_llama1b_kv3072_cap12-01_long_burst_guard_relaxed-r9-0-b3e32ba5,cmpl-diag00_a1_s23_llama1b_kv3072_cap12-01_long_burst_guard_relaxed-r11-0-98d0261a,2,105,0.5221341750002466
llama1b,3072,12,23,long,burst,handoff,6936.805900707,diag00_a1_s23_llama1b_kv3072_cap12-01_long_burst_guard_relaxed,guard_relaxed,cmpl-diag00_a1_s23_llama1b_kv3072_cap12-01_long_burst_guard_relaxed-r9-0-b3e32ba5,cmpl-diag00_a1_s23_llama1b_kv3072_cap12-01_long_burst_guard_relaxed-r5-0-a3de331a,89,105,0.6264414939996641
llama1b,3072,12,23,long,burst,handoff,6937.012724575,diag00_a1_s23_llama1b_kv3072_cap12-01_long_burst_guard_relaxed,guard_relaxed,cmpl-diag00_a1_s23_llama1b_kv3072_cap12-01_long_burst_guard_relaxed-r1-0-8dc46a1d,cmpl-diag00_a1_s23_llama1b_kv3072_cap12-01_long_burst_guard_relaxed-r9-0-b3e32ba5,86,112,0.5155136339999444
llama1b,3072,12,23,long,burst,handoff,6937.309193537,diag00_a1_s23_llama1b_kv3072_cap12-01_long_burst_guard_relaxed,guard_relaxed,cmpl-diag00_a1_s23_llama1b_kv3072_cap12-01_long_burst_guard_relaxed-r11-0-98d0261a,cmpl-diag00_a1_s23_llama1b_kv3072_cap12-01_long_burst_guard_relaxed-r1-0-8dc46a1d,79,87,0.5035151990005033
llama1b,3072,12,23,long,burst,handoff,6937.529899281,diag00_a1_s23_llama1b_kv3072_cap12-01_long_burst_guard_relaxed,guard_relaxed,cmpl-diag00_a1_s23_llama1b_kv3072_cap12-01_long_burst_guard_relaxed-r9-0-b3e32ba5,cmpl-diag00_a1_s23_llama1b_kv3072_cap12-01_long_burst_guard_relaxed-r11-0-98d0261a,2,105,0.504150578000008
llama1b,3072,12,23,long,burst,handoff,6937.635810333,diag00_a1_s23_llama1b_kv3072_cap12-01_long_burst_guard_relaxed,guard_relaxed,cmpl-diag00_a1_s23_llama1b_kv3072_cap12-01_long_burst_guard_relaxed-r9-0-b3e32ba5,cmpl-diag00_a1_s23_llama1b_kv3072_cap12-01_long_burst_guard_relaxed-r5-0-a3de331a,89,105,0.6100616300000183
llama1b,3072,12,23,long,burst,handoff,6937.828206871,diag00_a1_s23_llama1b_kv3072_cap12-01_long_burst_guard_relaxed,guard_relaxed,cmpl-diag00_a1_s23_llama1b_kv3072_cap12-01_long_burst_guard_relaxed-r1-0-8dc46a1d,cmpl-diag00_a1_s23_llama1b_kv3072_cap12-01_long_burst_guard_relaxed-r9-0-b3e32ba5,86,112,0.504660762999265
llama1b,3072,12,23,long,burst,handoff,6938.352929644,diag00_a1_s23_llama1b_kv3072_cap12-01_long_burst_guard_relaxed,guard_relaxed,cmpl-diag00_a1_s23_llama1b_kv3072_cap12-01_long_burst_guard_relaxed-r9-0-b3e32ba5,cmpl-diag00_a1_s23_llama1b_kv3072_cap12-01_long_burst_guard_relaxed-r5-0-a3de331a,2,105,0.5085495260000243
llama1b,3072,12,23,long,burst,handoff,6938.365997846,diag00_a1_s23_llama1b_kv3072_cap12-01_long_burst_guard_relaxed,guard_relaxed,cmpl-diag00_a1_s23_llama1b_kv3072_cap12-01_long_burst_guard_relaxed-r9-0-b3e32ba5,cmpl-diag00_a1_s23_llama1b_kv3072_cap12-01_long_burst_guard_relaxed-r11-0-98d0261a,104,105,0.5216177279999101
llama1b,3072,12,23,long,burst,handoff,6938.877325486,diag00_a1_s23_llama1b_kv3072_cap12-01_long_burst_guard_relaxed,guard_relaxed,cmpl-diag00_a1_s23_llama1b_kv3072_cap12-01_long_burst_guard_relaxed-r5-0-a3de331a,cmpl-diag00_a1_s23_llama1b_kv3072_cap12-01_long_burst_guard_relaxed-r9-0-b3e32ba5,84,102,0.5114994719997412
llama1b,3072,12,23,long,burst,handoff,6939.403216063,diag00_a1_s23_llama1b_kv3072_cap12-01_long_burst_guard_relaxed,guard_relaxed,cmpl-diag00_a1_s23_llama1b_kv3072_cap12-01_long_burst_guard_relaxed-r9-0-b3e32ba5,cmpl-diag00_a1_s23_llama1b_kv3072_cap12-01_long_burst_guard_relaxed-r11-0-98d0261a,0,107,0.5117386620004254
llama1b,3072,12,23,long,burst,handoff,6939.415004769,diag00_a1_s23_llama1b_kv3072_cap12-01_long_burst_guard_relaxed,guard_relaxed,cmpl-diag00_a1_s23_llama1b_kv3072_cap12-01_long_burst_guard_relaxed-r9-0-b3e32ba5,cmpl-diag00_a1_s23_llama1b_kv3072_cap12-01_long_burst_guard_relaxed-r5-0-a3de331a,88,107,0.5235273680000319
llama1b,3072,12,23,long,burst,handoff,6939.915541973,diag00_a1_s23_llama1b_kv3072_cap12-01_long_burst_guard_relaxed,guard_relaxed,cmpl-diag00_a1_s23_llama1b_kv3072_cap12-01_long_burst_guard_relaxed-r11-0-98d0261a,cmpl-diag00_a1_s23_llama1b_kv3072_cap12-01_long_burst_guard_relaxed-r9-0-b3e32ba5,83,88,0.5007443369995599
llama1b,3072,12,23,long,burst,handoff,6940.135913871,diag00_a1_s23_llama1b_kv3072_cap12-01_long_burst_guard_relaxed,guard_relaxed,cmpl-diag00_a1_s23_llama1b_kv3072_cap12-01_long_burst_guard_relaxed-r5-0-a3de331a,cmpl-diag00_a1_s23_llama1b_kv3072_cap12-01_long_burst_guard_relaxed-r11-0-98d0261a,102,103,0.7050025420003294
llama1b,3072,12,23,long,burst,handoff,6940.443673134,diag00_a1_s23_llama1b_kv3072_cap12-01_long_burst_guard_relaxed,guard_relaxed,cmpl-diag00_a1_s23_llama1b_kv3072_cap12-01_long_burst_guard_relaxed-r9-0-b3e32ba5,cmpl-diag00_a1_s23_llama1b_kv3072_cap12-01_long_burst_guard_relaxed-r5-0-a3de331a,87,108,0.5112524610003675
llama1b,3072,12,23,long,burst,handoff,6940.652121398,diag00_a1_s23_llama1b_kv3072_cap12-01_long_burst_guard_relaxed,guard_relaxed,cmpl-diag00_a1_s23_llama1b_kv3072_cap12-01_long_burst_guard_relaxed-r11-0-98d0261a,cmpl-diag00_a1_s23_llama1b_kv3072_cap12-01_long_burst_guard_relaxed-r9-0-b3e32ba5,82,89,0.5016858720000528
llama1b,3072,12,23,long,burst,handoff,6940.959476284,diag00_a1_s23_llama1b_kv3072_cap12-01_long_burst_guard_relaxed,guard_relaxed,cmpl-diag00_a1_s23_llama1b_kv3072_cap12-01_long_burst_guard_relaxed-r5-0-a3de331a,cmpl-diag00_a1_s23_llama1b_kv3072_cap12-01_long_burst_guard_relaxed-r11-0-98d0261a,102,104,0.5024889749993235
llama1b,3072,12,23,long,burst,handoff,6941.176627776,diag00_a1_s23_llama1b_kv3072_cap12-01_long_burst_guard_relaxed,guard_relaxed,cmpl-diag00_a1_s23_llama1b_kv3072_cap12-01_long_burst_guard_relaxed-r9-0-b3e32ba5,cmpl-diag00_a1_s23_llama1b_kv3072_cap12-01_long_burst_guard_relaxed-r5-0-a3de331a,87,109,0.511725636999472
llama1b,3072,12,23,long,burst,handoff,6941.482406477,diag00_a1_s23_llama1b_kv3072_cap12-01_long_burst_guard_relaxed,guard_relaxed,cmpl-diag00_a1_s23_llama1b_kv3072_cap12-01_long_burst_guard_relaxed-r11-0-98d0261a,cmpl-diag00_a1_s23_llama1b_kv3072_cap12-01_long_burst_guard_relaxed-r9-0-b3e32ba5,82,89,0.5082847049998236
llama1b,3072,12,23,long,burst,handoff,6941.689920571,diag00_a1_s23_llama1b_kv3072_cap12-01_long_burst_guard_relaxed,guard_relaxed,cmpl-diag00_a1_s23_llama1b_kv3072_cap12-01_long_burst_guard_relaxed-r5-0-a3de331a,cmpl-diag00_a1_s23_llama1b_kv3072_cap12-01_long_burst_guard_relaxed-r11-0-98d0261a,101,104,0.5016217299998971
llama1b,3072,12,23,long,burst,handoff,6942.209199921,diag00_a1_s23_llama1b_kv3072_cap12-01_long_burst_guard_relaxed,guard_relaxed,cmpl-diag00_a1_s23_llama1b_kv3072_cap12-01_long_burst_guard_relaxed-r11-0-98d0261a,cmpl-diag00_a1_s23_llama1b_kv3072_cap12-01_long_burst_guard_relaxed-r9-0-b3e32ba5,81,90,0.5054270459995678
llama1b,3072,12,23,long,burst,handoff,6942.735766444,diag00_a1_s23_llama1b_kv3072_cap12-01_long_burst_guard_relaxed,guard_relaxed,cmpl-diag00_a1_s23_llama1b_kv3072_cap12-01_long_burst_guard_relaxed-r9-0-b3e32ba5,cmpl-diag00_a1_s23_llama1b_kv3072_cap12-01_long_burst_guard_relaxed-r11-0-98d0261a,100,110,0.5098616609993769
llama1b,3072,12,23,long,burst,handoff,6943.258258094,diag00_a1_s23_llama1b_kv3072_cap12-01_long_burst_guard_relaxed,guard_relaxed,cmpl-diag00_a1_s23_llama1b_kv3072_cap12-01_long_burst_guard_relaxed-r11-0-98d0261a,cmpl-diag00_a1_s23_llama1b_kv3072_cap12-01_long_burst_guard_relaxed-r9-0-b3e32ba5,80,91,0.5075963600002069
llama1b,3072,12,23,long,burst,handoff,6943.777620638,diag00_a1_s23_llama1b_kv3072_cap12-01_long_burst_guard_relaxed,guard_relaxed,cmpl-diag00_a1_s23_llama1b_kv3072_cap12-01_long_burst_guard_relaxed-r9-0-b3e32ba5,cmpl-diag00_a1_s23_llama1b_kv3072_cap12-01_long_burst_guard_relaxed-r11-0-98d0261a,98,111,0.5070153260003281
llama1b,3072,12,23,long,burst,handoff,6944.293894466,diag00_a1_s23_llama1b_kv3072_cap12-01_long_burst_guard_relaxed,guard_relaxed,cmpl-diag00_a1_s23_llama1b_kv3072_cap12-01_long_burst_guard_relaxed-r11-0-98d0261a,cmpl-diag00_a1_s23_llama1b_kv3072_cap12-01_long_burst_guard_relaxed-r9-0-b3e32ba5,78,93,0.5051178860003347
llama1b,3072,12,23,long,burst,handoff,6944.80840987,diag00_a1_s23_llama1b_kv3072_cap12-01_long_burst_guard_relaxed,guard_relaxed,cmpl-diag00_a1_s23_llama1b_kv3072_cap12-01_long_burst_guard_relaxed-r9-0-b3e32ba5,cmpl-diag00_a1_s23_llama1b_kv3072_cap12-01_long_burst_guard_relaxed-r11-0-98d0261a,96,113,0.5016428990002169
llama1b,3072,12,23,long,burst,handoff,6945.337410235,diag00_a1_s23_llama1b_kv3072_cap12-01_long_burst_guard_relaxed,guard_relaxed,cmpl-diag00_a1_s23_llama1b_kv3072_cap12-01_long_burst_guard_relaxed-r11-0-98d0261a,cmpl-diag00_a1_s23_llama1b_kv3072_cap12-01_long_burst_guard_relaxed-r9-0-b3e32ba5,77,95,0.5131117330001871
llama1b,3072,12,23,long,burst,handoff,6945.85362349,diag00_a1_s23_llama1b_kv3072_cap12-01_long_burst_guard_relaxed,guard_relaxed,cmpl-diag00_a1_s23_llama1b_kv3072_cap12-01_long_burst_guard_relaxed-r9-0-b3e32ba5,cmpl-diag00_a1_s23_llama1b_kv3072_cap12-01_long_burst_guard_relaxed-r11-0-98d0261a,95,114,0.5023730000002615
llama1b,3072,12,23,long,burst,handoff,6946.372776133,diag00_a1_s23_llama1b_kv3072_cap12-01_long_burst_guard_relaxed,guard_relaxed,cmpl-diag00_a1_s23_llama1b_kv3072_cap12-01_long_burst_guard_relaxed-r11-0-98d0261a,cmpl-diag00_a1_s23_llama1b_kv3072_cap12-01_long_burst_guard_relaxed-r9-0-b3e32ba5,75,96,0.5031825450005272
llama1b,3072,12,23,long,burst,handoff,6946.896024398,diag00_a1_s23_llama1b_kv3072_cap12-01_long_burst_guard_relaxed,guard_relaxed,cmpl-diag00_a1_s23_llama1b_kv3072_cap12-01_long_burst_guard_relaxed-r9-0-b3e32ba5,cmpl-diag00_a1_s23_llama1b_kv3072_cap12-01_long_burst_guard_relaxed-r11-0-98d0261a,93,116,0.5081444549996377
llama1b,3072,12,23,long,burst,handoff,6947.415605053,diag00_a1_s23_llama1b_kv3072_cap12-01_long_burst_guard_relaxed,guard_relaxed,cmpl-diag00_a1_s23_llama1b_kv3072_cap12-01_long_burst_guard_relaxed-r11-0-98d0261a,cmpl-diag00_a1_s23_llama1b_kv3072_cap12-01_long_burst_guard_relaxed-r9-0-b3e32ba5,74,98,0.5052213790004316
llama1b,3072,12,23,long,burst,handoff,6947.943724338,diag00_a1_s23_llama1b_kv3072_cap12-01_long_burst_guard_relaxed,guard_relaxed,cmpl-diag00_a1_s23_llama1b_kv3072_cap12-01_long_burst_guard_relaxed-r9-0-b3e32ba5,cmpl-diag00_a1_s23_llama1b_kv3072_cap12-01_long_burst_guard_relaxed-r11-0-98d0261a,91,117,0.5129153119996772
llama1b,3072,12,23,long,burst,handoff,6948.465947472,diag00_a1_s23_llama1b_kv3072_cap12-01_long_burst_guard_relaxed,guard_relaxed,cmpl-diag00_a1_s23_llama1b_kv3072_cap12-01_long_burst_guard_relaxed-r11-0-98d0261a,cmpl-diag00_a1_s23_llama1b_kv3072_cap12-01_long_burst_guard_relaxed-r9-0-b3e32ba5,72,100,0.5095529540003554
llama1b,3072,12,23,long,burst,handoff,6948.98828369,diag00_a1_s23_llama1b_kv3072_cap12-01_long_burst_guard_relaxed,guard_relaxed,cmpl-diag00_a1_s23_llama1b_kv3072_cap12-01_long_burst_guard_relaxed-r9-0-b3e32ba5,cmpl-diag00_a1_s23_llama1b_kv3072_cap12-01_long_burst_guard_relaxed-r11-0-98d0261a,90,119,0.5077160949995232
llama1b,3072,12,23,long,burst,handoff,6949.514232962,diag00_a1_s23_llama1b_kv3072_cap12-01_long_burst_guard_relaxed,guard_relaxed,cmpl-diag00_a1_s23_llama1b_kv3072_cap12-01_long_burst_guard_relaxed-r11-0-98d0261a,cmpl-diag00_a1_s23_llama1b_kv3072_cap12-01_long_burst_guard_relaxed-r9-0-b3e32ba5,71,102,0.5118841550001889
llama1b,3072,12,23,long,burst,handoff,6950.03159503,diag00_a1_s23_llama1b_kv3072_cap12-01_long_burst_guard_relaxed,guard_relaxed,cmpl-diag00_a1_s23_llama1b_kv3072_cap12-01_long_burst_guard_relaxed-r9-0-b3e32ba5,cmpl-diag00_a1_s23_llama1b_kv3072_cap12-01_long_burst_guard_relaxed-r11-0-98d0261a,88,121,0.5003633120004451
llama1b,3072,12,23,long,burst,handoff,6950.556721994,diag00_a1_s23_llama1b_kv3072_cap12-01_long_burst_guard_relaxed,guard_relaxed,cmpl-diag00_a1_s23_llama1b_kv3072_cap12-01_long_burst_guard_relaxed-r11-0-98d0261a,cmpl-diag00_a1_s23_llama1b_kv3072_cap12-01_long_burst_guard_relaxed-r9-0-b3e32ba5,69,103,0.5110709540003882
llama1b,3072,12,23,long,burst,handoff,7070.196877863,diag00_a1_s23_llama1b_kv3072_cap12-07_long_burst_guard_fast,guard_fast,cmpl-diag00_a1_s23_llama1b_kv3072_cap12-07_long_burst_guard_fast-r7-0-b1224b67,cmpl-diag00_a1_s23_llama1b_kv3072_cap12-07_long_burst_guard_fast-r5-0-a7ff08c5,38,42,0.13645755800007464
llama1b,3072,12,23,long,burst,handoff,7070.339887693,diag00_a1_s23_llama1b_kv3072_cap12-07_long_burst_guard_fast,guard_fast,cmpl-diag00_a1_s23_llama1b_kv3072_cap12-07_long_burst_guard_fast-r5-0-a7ff08c5,cmpl-diag00_a1_s23_llama1b_kv3072_cap12-07_long_burst_guard_fast-r4-0-a1cc53a1,17,22,0.12766585499957728
llama1b,3072,12,23,long,burst,handoff,7070.491326235,diag00_a1_s23_llama1b_kv3072_cap12-07_long_burst_guard_fast,guard_fast,cmpl-diag00_a1_s23_llama1b_kv3072_cap12-07_long_burst_guard_fast-r4-0-a1cc53a1,cmpl-diag00_a1_s23_llama1b_kv3072_cap12-07_long_burst_guard_fast-r3-0-b48c3ff2,14,23,0.13498940400040738
llama1b,3072,12,23,long,burst,handoff,7076.811677333,diag00_a1_s23_llama1b_kv3072_cap12-07_long_burst_guard_fast,guard_fast,cmpl-diag00_a1_s23_llama1b_kv3072_cap12-07_long_burst_guard_fast-r11-0-9273ab8a,cmpl-diag00_a1_s23_llama1b_kv3072_cap12-07_long_burst_guard_fast-r9-0-88d59262,28,29,0.12527738000062527
llama1b,3072,12,23,long,burst,handoff,7076.957978937,diag00_a1_s23_llama1b_kv3072_cap12-07_long_burst_guard_fast,guard_fast,cmpl-diag00_a1_s23_llama1b_kv3072_cap12-07_long_burst_guard_fast-r9-0-88d59262,cmpl-diag00_a1_s23_llama1b_kv3072_cap12-07_long_burst_guard_fast-r1-0-aa8cf7c9,50,54,0.13105866400019295
llama1b,3072,12,23,long,burst,handoff,7077.105778985,diag00_a1_s23_llama1b_kv3072_cap12-07_long_burst_guard_fast,guard_fast,cmpl-diag00_a1_s23_llama1b_kv3072_cap12-07_long_burst_guard_fast-r1-0-aa8cf7c9,cmpl-diag00_a1_s23_llama1b_kv3072_cap12-07_long_burst_guard_fast-r5-0-a7ff08c5,56,60,0.13168780399973912
llama1b,3072,12,23,long,burst,handoff,7077.259806286,diag00_a1_s23_llama1b_kv3072_cap12-07_long_burst_guard_fast,guard_fast,cmpl-diag00_a1_s23_llama1b_kv3072_cap12-07_long_burst_guard_fast-r5-0-a7ff08c5,cmpl-diag00_a1_s23_llama1b_kv3072_cap12-07_long_burst_guard_fast-r9-0-88d59262,46,51,0.13931747900005576
llama1b,3072,12,23,long,burst,handoff,7077.402222217,diag00_a1_s23_llama1b_kv3072_cap12-07_long_burst_guard_fast,guard_fast,cmpl-diag00_a1_s23_llama1b_kv3072_cap12-07_long_burst_guard_fast-r9-0-88d59262,cmpl-diag00_a1_s23_llama1b_kv3072_cap12-07_long_burst_guard_fast-r1-0-aa8cf7c9,49,55,0.12767168899972603
llama1b,3072,12,23,long,burst,handoff,7077.546782389,diag00_a1_s23_llama1b_kv3072_cap12-07_long_burst_guard_fast,guard_fast,cmpl-diag00_a1_s23_llama1b_kv3072_cap12-07_long_burst_guard_fast-r1-0-aa8cf7c9,cmpl-diag00_a1_s23_llama1b_kv3072_cap12-07_long_burst_guard_fast-r5-0-a7ff08c5,53,60,0.1296812910004519
llama1b,3072,12,23,long,burst,handoff,7077.689602464,diag00_a1_s23_llama1b_kv3072_cap12-07_long_burst_guard_fast,guard_fast,cmpl-diag00_a1_s23_llama1b_kv3072_cap12-07_long_burst_guard_fast-r5-0-a7ff08c5,cmpl-diag00_a1_s23_llama1b_kv3072_cap12-07_long_burst_guard_fast-r11-0-9273ab8a,44,52,0.12704381300045497
llama1b,3072,12,23,long,burst,handoff,7077.833016886,diag00_a1_s23_llama1b_kv3072_cap12-07_long_burst_guard_fast,guard_fast,cmpl-diag00_a1_s23_llama1b_kv3072_cap12-07_long_burst_guard_fast-r11-0-9273ab8a,cmpl-diag00_a1_s23_llama1b_kv3072_cap12-07_long_burst_guard_fast-r9-0-88d59262,22,31,0.12844370400034677
llama1b,3072,12,23,long,burst,handoff,7077.979289935,diag00_a1_s23_llama1b_kv3072_cap12-07_long_burst_guard_fast,guard_fast,cmpl-diag00_a1_s23_llama1b_kv3072_cap12-07_long_burst_guard_fast-r9-0-88d59262,cmpl-diag00_a1_s23_llama1b_kv3072_cap12-07_long_burst_guard_fast-r11-0-9273ab8a,45,56,0.13082252300046093
llama1b,3072,12,23,long,burst,handoff,7078.126949682,diag00_a1_s23_llama1b_kv3072_cap12-07_long_burst_guard_fast,guard_fast,cmpl-diag00_a1_s23_llama1b_kv3072_cap12-07_long_burst_guard_fast-r11-0-9273ab8a,cmpl-diag00_a1_s23_llama1b_kv3072_cap12-07_long_burst_guard_fast-r5-0-a7ff08c5,20,32,0.13182695699924807
llama1b,3072,12,23,long,burst,handoff,7078.275998036,diag00_a1_s23_llama1b_kv3072_cap12-07_long_burst_guard_fast,guard_fast,cmpl-diag00_a1_s23_llama1b_kv3072_cap12-07_long_burst_guard_fast-r5-0-a7ff08c5,cmpl-diag00_a1_s23_llama1b_kv3072_cap12-07_long_burst_guard_fast-r11-0-9273ab8a,41,53,0.13245928800006368
llama1b,3072,12,23,long,burst,handoff,7078.415261578,diag00_a1_s23_llama1b_kv3072_cap12-07_long_burst_guard_fast,guard_fast,cmpl-diag00_a1_s23_llama1b_kv3072_cap12-07_long_burst_guard_fast-r11-0-9273ab8a,cmpl-diag00_a1_s23_llama1b_kv3072_cap12-07_long_burst_guard_fast-r1-0-aa8cf7c9,19,32,0.12525331800043205
llama1b,3072,12,23,long,burst,handoff,7078.566882708,diag00_a1_s23_llama1b_kv3072_cap12-07_long_burst_guard_fast,guard_fast,cmpl-diag00_a1_s23_llama1b_kv3072_cap12-07_long_burst_guard_fast-r1-0-aa8cf7c9,cmpl-diag00_a1_s23_llama1b_kv3072_cap12-07_long_burst_guard_fast-r11-0-9273ab8a,47,63,0.13672606899945094
llama1b,3072,12,23,long,burst,handoff,7078.710549188,diag00_a1_s23_llama1b_kv3072_cap12-07_long_burst_guard_fast,guard_fast,cmpl-diag00_a1_s23_llama1b_kv3072_cap12-07_long_burst_guard_fast-r11-0-9273ab8a,cmpl-diag00_a1_s23_llama1b_kv3072_cap12-07_long_burst_guard_fast-r1-0-aa8cf7c9,17,33,0.12840789900019445
llama1b,3072,12,23,long,burst,handoff,7078.857514825,diag00_a1_s23_llama1b_kv3072_cap12-07_long_burst_guard_fast,guard_fast,cmpl-diag00_a1_s23_llama1b_kv3072_cap12-07_long_burst_guard_fast-r1-0-aa8cf7c9,cmpl-diag00_a1_s23_llama1b_kv3072_cap12-07_long_burst_guard_fast-r9-0-88d59262,46,63,0.13172278700039897
llama1b,3072,12,23,long,burst,handoff,7078.999375993,diag00_a1_s23_llama1b_kv3072_cap12-07_long_burst_guard_fast,guard_fast,cmpl-diag00_a1_s23_llama1b_kv3072_cap12-07_long_burst_guard_fast-r9-0-88d59262,cmpl-diag00_a1_s23_llama1b_kv3072_cap12-07_long_burst_guard_fast-r1-0-aa8cf7c9,40,58,0.12731925400021282
llama1b,3072,12,23,long,burst,handoff,7079.141935642,diag00_a1_s23_llama1b_kv3072_cap12-07_long_burst_guard_fast,guard_fast,cmpl-diag00_a1_s23_llama1b_kv3072_cap12-07_long_burst_guard_fast-r1-0-aa8cf7c9,cmpl-diag00_a1_s23_llama1b_kv3072_cap12-07_long_burst_guard_fast-r5-0-a7ff08c5,44,63,0.12696988600055192
llama1b,3072,12,23,long,burst,handoff,7079.287433566,diag00_a1_s23_llama1b_kv3072_cap12-07_long_burst_guard_fast,guard_fast,cmpl-diag00_a1_s23_llama1b_kv3072_cap12-07_long_burst_guard_fast-r5-0-a7ff08c5,cmpl-diag00_a1_s23_llama1b_kv3072_cap12-07_long_burst_guard_fast-r1-0-aa8cf7c9,36,55,0.12961320300018997
llama1b,3072,12,23,long,burst,handoff,7079.433915239,diag00_a1_s23_llama1b_kv3072_cap12-07_long_burst_guard_fast,guard_fast,cmpl-diag00_a1_s23_llama1b_kv3072_cap12-07_long_burst_guard_fast-r1-0-aa8cf7c9,cmpl-diag00_a1_s23_llama1b_kv3072_cap12-07_long_burst_guard_fast-r11-0-9273ab8a,43,63,0.13091085399992153
llama1b,3072,12,23,long,burst,handoff,7079.577200738,diag00_a1_s23_llama1b_kv3072_cap12-07_long_burst_guard_fast,guard_fast,cmpl-diag00_a1_s23_llama1b_kv3072_cap12-07_long_burst_guard_fast-r11-0-9273ab8a,cmpl-diag00_a1_s23_llama1b_kv3072_cap12-07_long_burst_guard_fast-r1-0-aa8cf7c9,14,34,0.12837696200040227
llama1b,3072,12,23,long,burst,handoff,7079.725438931,diag00_a1_s23_llama1b_kv3072_cap12-07_long_burst_guard_fast,guard_fast,cmpl-diag00_a1_s23_llama1b_kv3072_cap12-07_long_burst_guard_fast-r1-0-aa8cf7c9,cmpl-diag00_a1_s23_llama1b_kv3072_cap12-07_long_burst_guard_fast-r5-0-a7ff08c5,41,64,0.13409762700030115
llama1b,3072,12,23,long,burst,handoff,7079.868093161,diag00_a1_s23_llama1b_kv3072_cap12-07_long_burst_guard_fast,guard_fast,cmpl-diag00_a1_s23_llama1b_kv3072_cap12-07_long_burst_guard_fast-r5-0-a7ff08c5,cmpl-diag00_a1_s23_llama1b_kv3072_cap12-07_long_burst_guard_fast-r9-0-88d59262,32,56,0.12884897000003548
llama1b,3072,12,23,long,burst,handoff,7080.016450174,diag00_a1_s23_llama1b_kv3072_cap12-07_long_burst_guard_fast,guard_fast,cmpl-diag00_a1_s23_llama1b_kv3072_cap12-07_long_burst_guard_fast-r9-0-88d59262,cmpl-diag00_a1_s23_llama1b_kv3072_cap12-07_long_burst_guard_fast-r11-0-9273ab8a,36,60,0.13245778100008465
llama1b,3072,12,23,long,burst,handoff,7080.15725145,diag00_a1_s23_llama1b_kv3072_cap12-07_long_burst_guard_fast,guard_fast,cmpl-diag00_a1_s23_llama1b_kv3072_cap12-07_long_burst_guard_fast-r11-0-9273ab8a,cmpl-diag00_a1_s23_llama1b_kv3072_cap12-07_long_burst_guard_fast-r9-0-88d59262,11,35,0.1265092640005605
llama1b,3072,12,23,long,burst,handoff,7080.312495593,diag00_a1_s23_llama1b_kv3072_cap12-07_long_burst_guard_fast,guard_fast,cmpl-diag00_a1_s23_llama1b_kv3072_cap12-07_long_burst_guard_fast-r9-0-88d59262,cmpl-diag00_a1_s23_llama1b_kv3072_cap12-07_long_burst_guard_fast-r5-0-a7ff08c5,33,60,0.13758222099932027
llama1b,3072,12,23,long,burst,handoff,7080.464207755,diag00_a1_s23_llama1b_kv3072_cap12-07_long_burst_guard_fast,guard_fast,cmpl-diag00_a1_s23_llama1b_kv3072_cap12-07_long_burst_guard_fast-r5-0-a7ff08c5,cmpl-diag00_a1_s23_llama1b_kv3072_cap12-07_long_burst_guard_fast-r11-0-9273ab8a,30,57,0.13768281499960722
llama1b,3072,12,23,long,burst,handoff,7080.606210607,diag00_a1_s23_llama1b_kv3072_cap12-07_long_burst_guard_fast,guard_fast,cmpl-diag00_a1_s23_llama1b_kv3072_cap12-07_long_burst_guard_fast-r11-0-9273ab8a,cmpl-diag00_a1_s23_llama1b_kv3072_cap12-07_long_burst_guard_fast-r1-0-aa8cf7c9,9,36,0.12678373100061435
llama1b,3072,12,23,long,burst,handoff,7080.755950705,diag00_a1_s23_llama1b_kv3072_cap12-07_long_burst_guard_fast,guard_fast,cmpl-diag00_a1_s23_llama1b_kv3072_cap12-07_long_burst_guard_fast-r1-0-aa8cf7c9,cmpl-diag00_a1_s23_llama1b_kv3072_cap12-07_long_burst_guard_fast-r9-0-88d59262,36,65,0.13358611300009215
llama1b,3072,12,23,long,burst,handoff,7080.899803857,diag00_a1_s23_llama1b_kv3072_cap12-07_long_burst_guard_fast,guard_fast,cmpl-diag00_a1_s23_llama1b_kv3072_cap12-07_long_burst_guard_fast-r9-0-88d59262,cmpl-diag00_a1_s23_llama1b_kv3072_cap12-07_long_burst_guard_fast-r11-0-9273ab8a,32,61,0.12955424299980223
llama1b,3072,12,23,long,burst,handoff,7081.044210917,diag00_a1_s23_llama1b_kv3072_cap12-07_long_burst_guard_fast,guard_fast,cmpl-diag00_a1_s23_llama1b_kv3072_cap12-07_long_burst_guard_fast-r11-0-9273ab8a,cmpl-diag00_a1_s23_llama1b_kv3072_cap12-07_long_burst_guard_fast-r9-0-88d59262,6,37,0.13168848999976035
llama1b,3072,12,23,long,burst,handoff,7081.193141432,diag00_a1_s23_llama1b_kv3072_cap12-07_long_burst_guard_fast,guard_fast,cmpl-diag00_a1_s23_llama1b_kv3072_cap12-07_long_burst_guard_fast-r9-0-88d59262,cmpl-diag00_a1_s23_llama1b_kv3072_cap12-07_long_burst_guard_fast-r1-0-aa8cf7c9,30,61,0.13328549099969678
llama1b,3072,12,23,long,burst,handoff,7081.340186015,diag00_a1_s23_llama1b_kv3072_cap12-07_long_burst_guard_fast,guard_fast,cmpl-diag00_a1_s23_llama1b_kv3072_cap12-07_long_burst_guard_fast-r1-0-aa8cf7c9,cmpl-diag00_a1_s23_llama1b_kv3072_cap12-07_long_burst_guard_fast-r5-0-a7ff08c5,34,66,0.13089242499972897
llama1b,3072,12,23,long,burst,handoff,7081.481690964,diag00_a1_s23_llama1b_kv3072_cap12-07_long_burst_guard_fast,guard_fast,cmpl-diag00_a1_s23_llama1b_kv3072_cap12-07_long_burst_guard_fast-r5-0-a7ff08c5,cmpl-diag00_a1_s23_llama1b_kv3072_cap12-07_long_burst_guard_fast-r11-0-9273ab8a,26,59,0.12677200800044375
llama1b,3072,12,23,long,burst,handoff,7081.627619676,diag00_a1_s23_llama1b_kv3072_cap12-07_long_burst_guard_fast,guard_fast,cmpl-diag00_a1_s23_llama1b_kv3072_cap12-07_long_burst_guard_fast-r11-0-9273ab8a,cmpl-diag00_a1_s23_llama1b_kv3072_cap12-07_long_burst_guard_fast-r5-0-a7ff08c5,3,37,0.13026181900022493
llama1b,3072,12,23,long,burst,handoff,7081.773044258,diag00_a1_s23_llama1b_kv3072_cap12-07_long_burst_guard_fast,guard_fast,cmpl-diag00_a1_s23_llama1b_kv3072_cap12-07_long_burst_guard_fast-r5-0-a7ff08c5,cmpl-diag00_a1_s23_llama1b_kv3072_cap12-07_long_burst_guard_fast-r1-0-aa8cf7c9,24,59,0.1286240359995645
llama1b,3072,12,23,long,burst,handoff,7081.915274869,diag00_a1_s23_llama1b_kv3072_cap12-07_long_burst_guard_fast,guard_fast,cmpl-diag00_a1_s23_llama1b_kv3072_cap12-07_long_burst_guard_fast-r1-0-aa8cf7c9,cmpl-diag00_a1_s23_llama1b_kv3072_cap12-07_long_burst_guard_fast-r5-0-a7ff08c5,31,67,0.1263475069999913
llama1b,3072,12,23,long,burst,handoff,7082.060822341,diag00_a1_s23_llama1b_kv3072_cap12-07_long_burst_guard_fast,guard_fast,cmpl-diag00_a1_s23_llama1b_kv3072_cap12-07_long_burst_guard_fast-r5-0-a7ff08c5,cmpl-diag00_a1_s23_llama1b_kv3072_cap12-07_long_burst_guard_fast-r9-0-88d59262,23,59,0.13103857599980984
llama1b,3072,12,23,long,burst,handoff,7082.204907062,diag00_a1_s23_llama1b_kv3072_cap12-07_long_burst_guard_fast,guard_fast,cmpl-diag00_a1_s23_llama1b_kv3072_cap12-07_long_burst_guard_fast-r9-0-88d59262,cmpl-diag00_a1_s23_llama1b_kv3072_cap12-07_long_burst_guard_fast-r5-0-a7ff08c5,27,63,0.12942894599927968
llama1b,3072,12,23,long,burst,handoff,7082.346817112,diag00_a1_s23_llama1b_kv3072_cap12-07_long_burst_guard_fast,guard_fast,cmpl-diag00_a1_s23_llama1b_kv3072_cap12-07_long_burst_guard_fast-r5-0-a7ff08c5,cmpl-diag00_a1_s23_llama1b_kv3072_cap12-07_long_burst_guard_fast-r9-0-88d59262,21,59,0.12744249800016405
llama1b,3072,12,23,long,burst,handoff,7082.491102826,diag00_a1_s23_llama1b_kv3072_cap12-07_long_burst_guard_fast,guard_fast,cmpl-diag00_a1_s23_llama1b_kv3072_cap12-07_long_burst_guard_fast-r9-0-88d59262,cmpl-diag00_a1_s23_llama1b_kv3072_cap12-07_long_burst_guard_fast-r11-0-9273ab8a,24,63,0.12804278600015095
llama1b,3072,12,23,long,burst,handoff,7082.633910369,diag00_a1_s23_llama1b_kv3072_cap12-07_long_burst_guard_fast,guard_fast,cmpl-diag00_a1_s23_llama1b_kv3072_cap12-07_long_burst_guard_fast-r11-0-9273ab8a,cmpl-diag00_a1_s23_llama1b_kv3072_cap12-07_long_burst_guard_fast-r9-0-88d59262,0,39,0.12734235799962335
llama1b,3072,12,23,long,burst,handoff,7082.7813014,diag00_a1_s23_llama1b_kv3072_cap12-07_long_burst_guard_fast,guard_fast,cmpl-diag00_a1_s23_llama1b_kv3072_cap12-07_long_burst_guard_fast-r9-0-88d59262,cmpl-diag00_a1_s23_llama1b_kv3072_cap12-07_long_burst_guard_fast-r1-0-aa8cf7c9,23,63,0.13110621400028322
llama1b,3072,12,23,long,burst,handoff,7082.924080342,diag00_a1_s23_llama1b_kv3072_cap12-07_long_burst_guard_fast,guard_fast,cmpl-diag00_a1_s23_llama1b_kv3072_cap12-07_long_burst_guard_fast-r1-0-aa8cf7c9,cmpl-diag00_a1_s23_llama1b_kv3072_cap12-07_long_burst_guard_fast-r9-0-88d59262,27,69,0.1277834080001412
llama1b,3072,12,23,long,burst,handoff,7083.069856696,diag00_a1_s23_llama1b_kv3072_cap12-07_long_burst_guard_fast,guard_fast,cmpl-diag00_a1_s23_llama1b_kv3072_cap12-07_long_burst_guard_fast-r9-0-88d59262,cmpl-diag00_a1_s23_llama1b_kv3072_cap12-07_long_burst_guard_fast-r11-0-9273ab8a,21,64,0.13080051700035256
llama1b,3072,12,23,long,burst,handoff,7083.082176057,diag00_a1_s23_llama1b_kv3072_cap12-07_long_burst_guard_fast,guard_fast,cmpl-diag00_a1_s23_llama1b_kv3072_cap12-07_long_burst_guard_fast-r9-0-88d59262,cmpl-diag00_a1_s23_llama1b_kv3072_cap12-07_long_burst_guard_fast-r1-0-aa8cf7c9,61,64,0.14311987800010684
llama1b,3072,12,23,long,burst,handoff,7083.26333662,diag00_a1_s23_llama1b_kv3072_cap12-07_long_burst_guard_fast,guard_fast,cmpl-diag00_a1_s23_llama1b_kv3072_cap12-07_long_burst_guard_fast-r1-0-aa8cf7c9,cmpl-diag00_a1_s23_llama1b_kv3072_cap12-07_long_burst_guard_fast-r5-0-a7ff08c5,26,69,0.16573187399990275
llama1b,3072,12,23,long,burst,handoff,7083.408836557,diag00_a1_s23_llama1b_kv3072_cap12-07_long_burst_guard_fast,guard_fast,cmpl-diag00_a1_s23_llama1b_kv3072_cap12-07_long_burst_guard_fast-r5-0-a7ff08c5,cmpl-diag00_a1_s23_llama1b_kv3072_cap12-07_long_burst_guard_fast-r11-0-9273ab8a,18,61,0.13078033399960987
llama1b,3072,12,23,long,burst,handoff,7083.421737327,diag00_a1_s23_llama1b_kv3072_cap12-07_long_burst_guard_fast,guard_fast,cmpl-diag00_a1_s23_llama1b_kv3072_cap12-07_long_burst_guard_fast-r5-0-a7ff08c5,cmpl-diag00_a1_s23_llama1b_kv3072_cap12-07_long_burst_guard_fast-r1-0-aa8cf7c9,58,61,0.14368110400027945
llama1b,3072,12,23,long,burst,handoff,7083.598625334,diag00_a1_s23_llama1b_kv3072_cap12-07_long_burst_guard_fast,guard_fast,cmpl-diag00_a1_s23_llama1b_kv3072_cap12-07_long_burst_guard_fast-r1-0-aa8cf7c9,cmpl-diag00_a1_s23_llama1b_kv3072_cap12-07_long_burst_guard_fast-r11-0-9273ab8a,26,69,0.16189906099953078
llama1b,3072,12,23,long,burst,handoff,7083.614568587,diag00_a1_s23_llama1b_kv3072_cap12-07_long_burst_guard_fast,guard_fast,cmpl-diag00_a1_s23_llama1b_kv3072_cap12-07_long_burst_guard_fast-r1-0-aa8cf7c9,cmpl-diag00_a1_s23_llama1b_kv3072_cap12-07_long_burst_guard_fast-r9-0-88d59262,66,69,0.17784231399946293
llama1b,3072,12,23,long,burst,handoff,7083.802982418,diag00_a1_s23_llama1b_kv3072_cap12-07_long_burst_guard_fast,guard_fast,cmpl-diag00_a1_s23_llama1b_kv3072_cap12-07_long_burst_guard_fast-r9-0-88d59262,cmpl-diag00_a1_s23_llama1b_kv3072_cap12-07_long_burst_guard_fast-r11-0-9273ab8a,21,64,0.1749233650007227
llama1b,3072,12,23,long,burst,handoff,7083.816565941,diag00_a1_s23_llama1b_kv3072_cap12-07_long_burst_guard_fast,guard_fast,cmpl-diag00_a1_s23_llama1b_kv3072_cap12-07_long_burst_guard_fast-r9-0-88d59262,cmpl-diag00_a1_s23_llama1b_kv3072_cap12-07_long_burst_guard_fast-r5-0-a7ff08c5,61,64,0.18850688800011994
llama1b,3072,12,23,long,burst,handoff,7084.001292855,diag00_a1_s23_llama1b_kv3072_cap12-07_long_burst_guard_fast,guard_fast,cmpl-diag00_a1_s23_llama1b_kv3072_cap12-07_long_burst_guard_fast-r5-0-a7ff08c5,cmpl-diag00_a1_s23_llama1b_kv3072_cap12-07_long_burst_guard_fast-r11-0-9273ab8a,17,61,0.1684187250002651
llama1b,3072,12,23,long,burst,handoff,7084.014892437,diag00_a1_s23_llama1b_kv3072_cap12-07_long_burst_guard_fast,guard_fast,cmpl-diag00_a1_s23_llama1b_kv3072_cap12-07_long_burst_guard_fast-r5-0-a7ff08c5,cmpl-diag00_a1_s23_llama1b_kv3072_cap12-07_long_burst_guard_fast-r1-0-aa8cf7c9,57,61,0.18201830699945276
llama1b,3072,12,23,long,burst,handoff,7084.196046602,diag00_a1_s23_llama1b_kv3072_cap12-07_long_burst_guard_fast,guard_fast,cmpl-diag00_a1_s23_llama1b_kv3072_cap12-07_long_burst_guard_fast-r1-0-aa8cf7c9,cmpl-diag00_a1_s23_llama1b_kv3072_cap12-07_long_burst_guard_fast-r11-0-9273ab8a,25,70,0.16603180800029804
llama1b,3072,12,23,long,burst,handoff,7084.208515256,diag00_a1_s23_llama1b_kv3072_cap12-07_long_burst_guard_fast,guard_fast,cmpl-diag00_a1_s23_llama1b_kv3072_cap12-07_long_burst_guard_fast-r1-0-aa8cf7c9,cmpl-diag00_a1_s23_llama1b_kv3072_cap12-07_long_burst_guard_fast-r9-0-88d59262,65,70,0.17850046200055658
llama1b,3072,12,23,long,burst,handoff,7084.400898698,diag00_a1_s23_llama1b_kv3072_cap12-07_long_burst_guard_fast,guard_fast,cmpl-diag00_a1_s23_llama1b_kv3072_cap12-07_long_burst_guard_fast-r9-0-88d59262,cmpl-diag00_a1_s23_llama1b_kv3072_cap12-07_long_burst_guard_fast-r11-0-9273ab8a,18,64,0.17674869499933266
llama1b,3072,12,23,long,burst,handoff,7084.41543639,diag00_a1_s23_llama1b_kv3072_cap12-07_long_burst_guard_fast,guard_fast,cmpl-diag00_a1_s23_llama1b_kv3072_cap12-07_long_burst_guard_fast-r9-0-88d59262,cmpl-diag00_a1_s23_llama1b_kv3072_cap12-07_long_burst_guard_fast-r5-0-a7ff08c5,59,64,0.1912863869993089
llama1b,3072,12,23,long,burst,handoff,7084.604174047,diag00_a1_s23_llama1b_kv3072_cap12-07_long_burst_guard_fast,guard_fast,cmpl-diag00_a1_s23_llama1b_kv3072_cap12-07_long_burst_guard_fast-r5-0-a7ff08c5,cmpl-diag00_a1_s23_llama1b_kv3072_cap12-07_long_burst_guard_fast-r11-0-9273ab8a,15,62,0.17267258500032767
llama1b,3072,12,23,long,burst,handoff,7084.617361435,diag00_a1_s23_llama1b_kv3072_cap12-07_long_burst_guard_fast,guard_fast,cmpl-diag00_a1_s23_llama1b_kv3072_cap12-07_long_burst_guard_fast-r5-0-a7ff08c5,cmpl-diag00_a1_s23_llama1b_kv3072_cap12-07_long_burst_guard_fast-r1-0-aa8cf7c9,56,62,0.1858599730003334
llama1b,3072,12,23,long,burst,handoff,7084.794556305,diag00_a1_s23_llama1b_kv3072_cap12-07_long_burst_guard_fast,guard_fast,cmpl-diag00_a1_s23_llama1b_kv3072_cap12-07_long_burst_guard_fast-r1-0-aa8cf7c9,cmpl-diag00_a1_s23_llama1b_kv3072_cap12-07_long_burst_guard_fast-r11-0-9273ab8a,23,70,0.16259605799950805
llama1b,3072,12,23,long,burst,handoff,7084.806800932,diag00_a1_s23_llama1b_kv3072_cap12-07_long_burst_guard_fast,guard_fast,cmpl-diag00_a1_s23_llama1b_kv3072_cap12-07_long_burst_guard_fast-r1-0-aa8cf7c9,cmpl-diag00_a1_s23_llama1b_kv3072_cap12-07_long_burst_guard_fast-r9-0-88d59262,64,70,0.17484068500016292
llama1b,3072,12,23,long,burst,handoff,7084.999415956,diag00_a1_s23_llama1b_kv3072_cap12-07_long_burst_guard_fast,guard_fast,cmpl-diag00_a1_s23_llama1b_kv3072_cap12-07_long_burst_guard_fast-r9-0-88d59262,cmpl-diag00_a1_s23_llama1b_kv3072_cap12-07_long_burst_guard_fast-r11-0-9273ab8a,18,65,0.17706408300000476
llama1b,3072,12,23,long,burst,handoff,7085.013585043,diag00_a1_s23_llama1b_kv3072_cap12-07_long_burst_guard_fast,guard_fast,cmpl-diag00_a1_s23_llama1b_kv3072_cap12-07_long_burst_guard_fast-r9-0-88d59262,cmpl-diag00_a1_s23_llama1b_kv3072_cap12-07_long_burst_guard_fast-r5-0-a7ff08c5,59,65,0.1912331699995775
llama1b,3072,12,23,long,burst,handoff,7085.205369885,diag00_a1_s23_llama1b_kv3072_cap12-07_long_burst_guard_fast,guard_fast,cmpl-diag00_a1_s23_llama1b_kv3072_cap12-07_long_burst_guard_fast-r5-0-a7ff08c5,cmpl-diag00_a1_s23_llama1b_kv3072_cap12-07_long_burst_guard_fast-r11-0-9273ab8a,15,62,0.1758402350005781
llama1b,3072,12,23,long,burst,handoff,7085.218613368,diag00_a1_s23_llama1b_kv3072_cap12-07_long_burst_guard_fast,guard_fast,cmpl-diag00_a1_s23_llama1b_kv3072_cap12-07_long_burst_guard_fast-r5-0-a7ff08c5,cmpl-diag00_a1_s23_llama1b_kv3072_cap12-07_long_burst_guard_fast-r1-0-aa8cf7c9,56,62,0.18908371799989254
llama1b,3072,12,23,long,burst,handoff,7085.405010367,diag00_a1_s23_llama1b_kv3072_cap12-07_long_burst_guard_fast,guard_fast,cmpl-diag00_a1_s23_llama1b_kv3072_cap12-07_long_burst_guard_fast-r1-0-aa8cf7c9,cmpl-diag00_a1_s23_llama1b_kv3072_cap12-07_long_burst_guard_fast-r11-0-9273ab8a,23,70,0.17095865000010235
llama1b,3072,12,23,long,burst,handoff,7085.417547398,diag00_a1_s23_llama1b_kv3072_cap12-07_long_burst_guard_fast,guard_fast,cmpl-diag00_a1_s23_llama1b_kv3072_cap12-07_long_burst_guard_fast-r1-0-aa8cf7c9,cmpl-diag00_a1_s23_llama1b_kv3072_cap12-07_long_burst_guard_fast-r9-0-88d59262,64,70,0.18349568100074976
llama1b,3072,12,23,long,burst,handoff,7085.607980659,diag00_a1_s23_llama1b_kv3072_cap12-07_long_burst_guard_fast,guard_fast,cmpl-diag00_a1_s23_llama1b_kv3072_cap12-07_long_burst_guard_fast-r9-0-88d59262,cmpl-diag00_a1_s23_llama1b_kv3072_cap12-07_long_burst_guard_fast-r11-0-9273ab8a,17,65,0.17640616999960912
llama1b,3072,12,23,long,burst,handoff,7085.621088041,diag00_a1_s23_llama1b_kv3072_cap12-07_long_burst_guard_fast,guard_fast,cmpl-diag00_a1_s23_llama1b_kv3072_cap12-07_long_burst_guard_fast-r9-0-88d59262,cmpl-diag00_a1_s23_llama1b_kv3072_cap12-07_long_burst_guard_fast-r5-0-a7ff08c5,59,65,0.1895135519998803
llama1b,3072,12,23,long,burst,handoff,7085.809327803,diag00_a1_s23_llama1b_kv3072_cap12-07_long_burst_guard_fast,guard_fast,cmpl-diag00_a1_s23_llama1b_kv3072_cap12-07_long_burst_guard_fast-r5-0-a7ff08c5,cmpl-diag00_a1_s23_llama1b_kv3072_cap12-07_long_burst_guard_fast-r11-0-9273ab8a,13,63,0.17203024999980698
llama1b,3072,12,23,long,burst,handoff,7085.822845041,diag00_a1_s23_llama1b_kv3072_cap12-07_long_burst_guard_fast,guard_fast,cmpl-diag00_a1_s23_llama1b_kv3072_cap12-07_long_burst_guard_fast-r5-0-a7ff08c5,cmpl-diag00_a1_s23_llama1b_kv3072_cap12-07_long_burst_guard_fast-r1-0-aa8cf7c9,55,63,0.185547487999429
llama1b,3072,12,23,long,burst,handoff,7086.005707199,diag00_a1_s23_llama1b_kv3072_cap12-07_long_burst_guard_fast,guard_fast,cmpl-diag00_a1_s23_llama1b_kv3072_cap12-07_long_burst_guard_fast-r1-0-aa8cf7c9,cmpl-diag00_a1_s23_llama1b_kv3072_cap12-07_long_burst_guard_fast-r11-0-9273ab8a,21,71,0.16762465600004361
llama1b,3072,12,23,long,burst,handoff,7086.019741234,diag00_a1_s23_llama1b_kv3072_cap12-07_long_burst_guard_fast,guard_fast,cmpl-diag00_a1_s23_llama1b_kv3072_cap12-07_long_burst_guard_fast-r1-0-aa8cf7c9,cmpl-diag00_a1_s23_llama1b_kv3072_cap12-07_long_burst_guard_fast-r9-0-88d59262,62,71,0.1816586909999387
llama1b,3072,12,23,long,burst,handoff,7086.213395826,diag00_a1_s23_llama1b_kv3072_cap12-07_long_burst_guard_fast,guard_fast,cmpl-diag00_a1_s23_llama1b_kv3072_cap12-07_long_burst_guard_fast-r9-0-88d59262,cmpl-diag00_a1_s23_llama1b_kv3072_cap12-07_long_burst_guard_fast-r11-0-9273ab8a,15,66,0.17781982500036975
llama1b,3072,12,23,long,burst,handoff,7086.227964877,diag00_a1_s23_llama1b_kv3072_cap12-07_long_burst_guard_fast,guard_fast,cmpl-diag00_a1_s23_llama1b_kv3072_cap12-07_long_burst_guard_fast-r9-0-88d59262,cmpl-diag00_a1_s23_llama1b_kv3072_cap12-07_long_burst_guard_fast-r5-0-a7ff08c5,57,66,0.1923888760002228
llama1b,3072,12,23,long,burst,handoff,7086.419318804,diag00_a1_s23_llama1b_kv3072_cap12-07_long_burst_guard_fast,guard_fast,cmpl-diag00_a1_s23_llama1b_kv3072_cap12-07_long_burst_guard_fast-r5-0-a7ff08c5,cmpl-diag00_a1_s23_llama1b_kv3072_cap12-07_long_burst_guard_fast-r11-0-9273ab8a,12,63,0.1746626499998456
llama1b,3072,12,23,long,burst,handoff,7086.432952986,diag00_a1_s23_llama1b_kv3072_cap12-07_long_burst_guard_fast,guard_fast,cmpl-diag00_a1_s23_llama1b_kv3072_cap12-07_long_burst_guard_fast-r5-0-a7ff08c5,cmpl-diag00_a1_s23_llama1b_kv3072_cap12-07_long_burst_guard_fast-r1-0-aa8cf7c9,54,63,0.18829683199965075
llama1b,3072,12,23,long,burst,handoff,7086.62237563,diag00_a1_s23_llama1b_kv3072_cap12-07_long_burst_guard_fast,guard_fast,cmpl-diag00_a1_s23_llama1b_kv3072_cap12-07_long_burst_guard_fast-r1-0-aa8cf7c9,cmpl-diag00_a1_s23_llama1b_kv3072_cap12-07_long_burst_guard_fast-r11-0-9273ab8a,20,71,0.17409634399973584
llama1b,3072,12,23,long,burst,handoff,7086.635431782,diag00_a1_s23_llama1b_kv3072_cap12-07_long_burst_guard_fast,guard_fast,cmpl-diag00_a1_s23_llama1b_kv3072_cap12-07_long_burst_guard_fast-r1-0-aa8cf7c9,cmpl-diag00_a1_s23_llama1b_kv3072_cap12-07_long_burst_guard_fast-r9-0-88d59262,62,71,0.18715249599972594
llama1b,3072,12,23,long,burst,handoff,7086.83741263,diag00_a1_s23_llama1b_kv3072_cap12-07_long_burst_guard_fast,guard_fast,cmpl-diag00_a1_s23_llama1b_kv3072_cap12-07_long_burst_guard_fast-r9-0-88d59262,cmpl-diag00_a1_s23_llama1b_kv3072_cap12-07_long_burst_guard_fast-r11-0-9273ab8a,15,66,0.18657037999946624
llama1b,3072,12,23,long,burst,handoff,7086.851456872,diag00_a1_s23_llama1b_kv3072_cap12-07_long_burst_guard_fast,guard_fast,cmpl-diag00_a1_s23_llama1b_kv3072_cap12-07_long_burst_guard_fast-r9-0-88d59262,cmpl-diag00_a1_s23_llama1b_kv3072_cap12-07_long_burst_guard_fast-r5-0-a7ff08c5,57,66,0.20061462200010283
llama1b,3072,12,23,long,burst,handoff,7087.042919587,diag00_a1_s23_llama1b_kv3072_cap12-07_long_burst_guard_fast,guard_fast,cmpl-diag00_a1_s23_llama1b_kv3072_cap12-07_long_burst_guard_fast-r5-0-a7ff08c5,cmpl-diag00_a1_s23_llama1b_kv3072_cap12-07_long_burst_guard_fast-r11-0-9273ab8a,12,63,0.1763992389996929
llama1b,3072,12,23,long,burst,handoff,7087.057151635,diag00_a1_s23_llama1b_kv3072_cap12-07_long_burst_guard_fast,guard_fast,cmpl-diag00_a1_s23_llama1b_kv3072_cap12-07_long_burst_guard_fast-r5-0-a7ff08c5,cmpl-diag00_a1_s23_llama1b_kv3072_cap12-07_long_burst_guard_fast-r1-0-aa8cf7c9,54,63,0.19063128699963272
llama1b,3072,12,23,long,burst,handoff,7087.246116603,diag00_a1_s23_llama1b_kv3072_cap12-07_long_burst_guard_fast,guard_fast,cmpl-diag00_a1_s23_llama1b_kv3072_cap12-07_long_burst_guard_fast-r1-0-aa8cf7c9,cmpl-diag00_a1_s23_llama1b_kv3072_cap12-07_long_burst_guard_fast-r11-0-9273ab8a,19,71,0.17519276900020486
llama1b,3072,12,23,long,burst,handoff,7087.259151757,diag00_a1_s23_llama1b_kv3072_cap12-07_long_burst_guard_fast,guard_fast,cmpl-diag00_a1_s23_llama1b_kv3072_cap12-07_long_burst_guard_fast-r1-0-aa8cf7c9,cmpl-diag00_a1_s23_llama1b_kv3072_cap12-07_long_burst_guard_fast-r9-0-88d59262,62,71,0.18822792300034052
llama1b,3072,12,23,long,burst,handoff,7087.46231911,diag00_a1_s23_llama1b_kv3072_cap12-07_long_burst_guard_fast,guard_fast,cmpl-diag00_a1_s23_llama1b_kv3072_cap12-07_long_burst_guard_fast-r9-0-88d59262,cmpl-diag00_a1_s23_llama1b_kv3072_cap12-07_long_burst_guard_fast-r11-0-9273ab8a,12,66,0.18804581200038228
llama1b,3072,12,23,long,burst,handoff,7087.475749993,diag00_a1_s23_llama1b_kv3072_cap12-07_long_burst_guard_fast,guard_fast,cmpl-diag00_a1_s23_llama1b_kv3072_cap12-07_long_burst_guard_fast-r9-0-88d59262,cmpl-diag00_a1_s23_llama1b_kv3072_cap12-07_long_burst_guard_fast-r5-0-a7ff08c5,55,66,0.2014766950005651
llama1b,3072,12,23,long,burst,handoff,7087.667383361,diag00_a1_s23_llama1b_kv3072_cap12-07_long_burst_guard_fast,guard_fast,cmpl-diag00_a1_s23_llama1b_kv3072_cap12-07_long_burst_guard_fast-r5-0-a7ff08c5,cmpl-diag00_a1_s23_llama1b_kv3072_cap12-07_long_burst_guard_fast-r11-0-9273ab8a,10,64,0.17588927199994941
llama1b,3072,12,23,long,burst,handoff,7087.682314473,diag00_a1_s23_llama1b_kv3072_cap12-07_long_burst_guard_fast,guard_fast,cmpl-diag00_a1_s23_llama1b_kv3072_cap12-07_long_burst_guard_fast-r5-0-a7ff08c5,cmpl-diag00_a1_s23_llama1b_kv3072_cap12-07_long_burst_guard_fast-r1-0-aa8cf7c9,53,64,0.19082038399938028
llama1b,3072,12,23,long,burst,handoff,7087.871524139,diag00_a1_s23_llama1b_kv3072_cap12-07_long_burst_guard_fast,guard_fast,cmpl-diag00_a1_s23_llama1b_kv3072_cap12-07_long_burst_guard_fast-r1-0-aa8cf7c9,cmpl-diag00_a1_s23_llama1b_kv3072_cap12-07_long_burst_guard_fast-r11-0-9273ab8a,17,72,0.1730803950003974
llama1b,3072,12,23,long,burst,handoff,7087.88549416,diag00_a1_s23_llama1b_kv3072_cap12-07_long_burst_guard_fast,guard_fast,cmpl-diag00_a1_s23_llama1b_kv3072_cap12-07_long_burst_guard_fast-r1-0-aa8cf7c9,cmpl-diag00_a1_s23_llama1b_kv3072_cap12-07_long_burst_guard_fast-r9-0-88d59262,60,72,0.18705041600060213
llama1b,3072,12,23,long,burst,handoff,7088.090462024,diag00_a1_s23_llama1b_kv3072_cap12-07_long_burst_guard_fast,guard_fast,cmpl-diag00_a1_s23_llama1b_kv3072_cap12-07_long_burst_guard_fast-r9-0-88d59262,cmpl-diag00_a1_s23_llama1b_kv3072_cap12-07_long_burst_guard_fast-r11-0-9273ab8a,12,67,0.190392028000133
llama1b,3072,12,23,long,burst,handoff,7088.103757622,diag00_a1_s23_llama1b_kv3072_cap12-07_long_burst_guard_fast,guard_fast,cmpl-diag00_a1_s23_llama1b_kv3072_cap12-07_long_burst_guard_fast-r9-0-88d59262,cmpl-diag00_a1_s23_llama1b_kv3072_cap12-07_long_burst_guard_fast-r5-0-a7ff08c5,55,67,0.20368762599991896
llama1b,3072,12,23,long,burst,handoff,7088.294923789,diag00_a1_s23_llama1b_kv3072_cap12-07_long_burst_guard_fast,guard_fast,cmpl-diag00_a1_s23_llama1b_kv3072_cap12-07_long_burst_guard_fast-r5-0-a7ff08c5,cmpl-diag00_a1_s23_llama1b_kv3072_cap12-07_long_burst_guard_fast-r11-0-9273ab8a,9,64,0.1749669629998607
llama1b,3072,12,23,long,burst,handoff,7088.309056302,diag00_a1_s23_llama1b_kv3072_cap12-07_long_burst_guard_fast,guard_fast,cmpl-diag00_a1_s23_llama1b_kv3072_cap12-07_long_burst_guard_fast-r5-0-a7ff08c5,cmpl-diag00_a1_s23_llama1b_kv3072_cap12-07_long_burst_guard_fast-r1-0-aa8cf7c9,52,64,0.1890994759996829
llama1b,3072,12,23,long,burst,handoff,7088.500549113,diag00_a1_s23_llama1b_kv3072_cap12-07_long_burst_guard_fast,guard_fast,cmpl-diag00_a1_s23_llama1b_kv3072_cap12-07_long_burst_guard_fast-r1-0-aa8cf7c9,cmpl-diag00_a1_s23_llama1b_kv3072_cap12-07_long_burst_guard_fast-r11-0-9273ab8a,17,72,0.17580176599949482
llama1b,3072,12,23,long,burst,handoff,7088.515080259,diag00_a1_s23_llama1b_kv3072_cap12-07_long_burst_guard_fast,guard_fast,cmpl-diag00_a1_s23_llama1b_kv3072_cap12-07_long_burst_guard_fast-r1-0-aa8cf7c9,cmpl-diag00_a1_s23_llama1b_kv3072_cap12-07_long_burst_guard_fast-r9-0-88d59262,60,72,0.19033291199957603
llama1b,3072,12,23,long,burst,handoff,7088.716529218,diag00_a1_s23_llama1b_kv3072_cap12-07_long_burst_guard_fast,guard_fast,cmpl-diag00_a1_s23_llama1b_kv3072_cap12-07_long_burst_guard_fast-r9-0-88d59262,cmpl-diag00_a1_s23_llama1b_kv3072_cap12-07_long_burst_guard_fast-r11-0-9273ab8a,12,67,0.18669498799954454
llama1b,3072,12,23,long,burst,handoff,7088.72927547,diag00_a1_s23_llama1b_kv3072_cap12-07_long_burst_guard_fast,guard_fast,cmpl-diag00_a1_s23_llama1b_kv3072_cap12-07_long_burst_guard_fast-r9-0-88d59262,cmpl-diag00_a1_s23_llama1b_kv3072_cap12-07_long_burst_guard_fast-r5-0-a7ff08c5,55,67,0.1994412399999419
llama1b,3072,12,23,long,burst,handoff,7088.921271244,diag00_a1_s23_llama1b_kv3072_cap12-07_long_burst_guard_fast,guard_fast,cmpl-diag00_a1_s23_llama1b_kv3072_cap12-07_long_burst_guard_fast-r5-0-a7ff08c5,cmpl-diag00_a1_s23_llama1b_kv3072_cap12-07_long_burst_guard_fast-r11-0-9273ab8a,8,64,0.17603589100053796
llama1b,3072,12,23,long,burst,handoff,7088.93522992,diag00_a1_s23_llama1b_kv3072_cap12-07_long_burst_guard_fast,guard_fast,cmpl-diag00_a1_s23_llama1b_kv3072_cap12-07_long_burst_guard_fast-r5-0-a7ff08c5,cmpl-diag00_a1_s23_llama1b_kv3072_cap12-07_long_burst_guard_fast-r1-0-aa8cf7c9,51,64,0.18999456700021256
llama1b,3072,12,23,long,burst,handoff,7089.125114795,diag00_a1_s23_llama1b_kv3072_cap12-07_long_burst_guard_fast,guard_fast,cmpl-diag00_a1_s23_llama1b_kv3072_cap12-07_long_burst_guard_fast-r1-0-aa8cf7c9,cmpl-diag00_a1_s23_llama1b_kv3072_cap12-07_long_burst_guard_fast-r11-0-9273ab8a,16,73,0.17414421000012226
llama1b,3072,12,23,long,burst,handoff,7089.139422634,diag00_a1_s23_llama1b_kv3072_cap12-07_long_burst_guard_fast,guard_fast,cmpl-diag00_a1_s23_llama1b_kv3072_cap12-07_long_burst_guard_fast-r1-0-aa8cf7c9,cmpl-diag00_a1_s23_llama1b_kv3072_cap12-07_long_burst_guard_fast-r9-0-88d59262,59,73,0.18845204900026147
llama1b,3072,12,23,long,burst,handoff,7089.342189958,diag00_a1_s23_llama1b_kv3072_cap12-07_long_burst_guard_fast,guard_fast,cmpl-diag00_a1_s23_llama1b_kv3072_cap12-07_long_burst_guard_fast-r9-0-88d59262,cmpl-diag00_a1_s23_llama1b_kv3072_cap12-07_long_burst_guard_fast-r11-0-9273ab8a,9,67,0.18577142199956143
llama1b,3072,12,23,long,burst,handoff,7089.354870232,diag00_a1_s23_llama1b_kv3072_cap12-07_long_burst_guard_fast,guard_fast,cmpl-diag00_a1_s23_llama1b_kv3072_cap12-07_long_burst_guard_fast-r9-0-88d59262,cmpl-diag00_a1_s23_llama1b_kv3072_cap12-07_long_burst_guard_fast-r5-0-a7ff08c5,53,67,0.19845169600012014
llama1b,3072,12,23,long,burst,handoff,7089.54855867,diag00_a1_s23_llama1b_kv3072_cap12-07_long_burst_guard_fast,guard_fast,cmpl-diag00_a1_s23_llama1b_kv3072_cap12-07_long_burst_guard_fast-r5-0-a7ff08c5,cmpl-diag00_a1_s23_llama1b_kv3072_cap12-07_long_burst_guard_fast-r11-0-9273ab8a,6,65,0.177567265000107
llama1b,3072,12,23,long,burst,handoff,7089.563196262,diag00_a1_s23_llama1b_kv3072_cap12-07_long_burst_guard_fast,guard_fast,cmpl-diag00_a1_s23_llama1b_kv3072_cap12-07_long_burst_guard_fast-r5-0-a7ff08c5,cmpl-diag00_a1_s23_llama1b_kv3072_cap12-07_long_burst_guard_fast-r1-0-aa8cf7c9,50,65,0.19220485700043355
llama1b,3072,12,23,long,burst,handoff,7089.750874406,diag00_a1_s23_llama1b_kv3072_cap12-07_long_burst_guard_fast,guard_fast,cmpl-diag00_a1_s23_llama1b_kv3072_cap12-07_long_burst_guard_fast-r1-0-aa8cf7c9,cmpl-diag00_a1_s23_llama1b_kv3072_cap12-07_long_burst_guard_fast-r11-0-9273ab8a,14,73,0.1734305529998892
llama1b,3072,12,23,long,burst,handoff,7089.766216627,diag00_a1_s23_llama1b_kv3072_cap12-07_long_burst_guard_fast,guard_fast,cmpl-diag00_a1_s23_llama1b_kv3072_cap12-07_long_burst_guard_fast-r1-0-aa8cf7c9,cmpl-diag00_a1_s23_llama1b_kv3072_cap12-07_long_burst_guard_fast-r9-0-88d59262,58,73,0.18877277400042658
llama1b,3072,12,23,long,burst,handoff,7089.972094183,diag00_a1_s23_llama1b_kv3072_cap12-07_long_burst_guard_fast,guard_fast,cmpl-diag00_a1_s23_llama1b_kv3072_cap12-07_long_burst_guard_fast-r9-0-88d59262,cmpl-diag00_a1_s23_llama1b_kv3072_cap12-07_long_burst_guard_fast-r11-0-9273ab8a,9,68,0.192127647000234
llama1b,3072,12,23,long,burst,handoff,7089.986588789,diag00_a1_s23_llama1b_kv3072_cap12-07_long_burst_guard_fast,guard_fast,cmpl-diag00_a1_s23_llama1b_kv3072_cap12-07_long_burst_guard_fast-r9-0-88d59262,cmpl-diag00_a1_s23_llama1b_kv3072_cap12-07_long_burst_guard_fast-r5-0-a7ff08c5,53,68,0.2066222530002051
llama1b,3072,12,23,long,burst,handoff,7090.179192278,diag00_a1_s23_llama1b_kv3072_cap12-07_long_burst_guard_fast,guard_fast,cmpl-diag00_a1_s23_llama1b_kv3072_cap12-07_long_burst_guard_fast-r5-0-a7ff08c5,cmpl-diag00_a1_s23_llama1b_kv3072_cap12-07_long_burst_guard_fast-r11-0-9273ab8a,6,65,0.17740438800046832
llama1b,3072,12,23,long,burst,handoff,7090.190908724,diag00_a1_s23_llama1b_kv3072_cap12-07_long_burst_guard_fast,guard_fast,cmpl-diag00_a1_s23_llama1b_kv3072_cap12-07_long_burst_guard_fast-r5-0-a7ff08c5,cmpl-diag00_a1_s23_llama1b_kv3072_cap12-07_long_burst_guard_fast-r1-0-aa8cf7c9,50,65,0.18912083400027768
llama1b,3072,12,23,long,burst,handoff,7090.384061397,diag00_a1_s23_llama1b_kv3072_cap12-07_long_burst_guard_fast,guard_fast,cmpl-diag00_a1_s23_llama1b_kv3072_cap12-07_long_burst_guard_fast-r1-0-aa8cf7c9,cmpl-diag00_a1_s23_llama1b_kv3072_cap12-07_long_burst_guard_fast-r11-0-9273ab8a,14,73,0.17747353599952476
llama1b,3072,12,23,long,burst,handoff,7090.397196389,diag00_a1_s23_llama1b_kv3072_cap12-07_long_burst_guard_fast,guard_fast,cmpl-diag00_a1_s23_llama1b_kv3072_cap12-07_long_burst_guard_fast-r1-0-aa8cf7c9,cmpl-diag00_a1_s23_llama1b_kv3072_cap12-07_long_burst_guard_fast-r9-0-88d59262,58,73,0.19060852799975692
llama1b,3072,12,23,long,burst,handoff,7090.602295452,diag00_a1_s23_llama1b_kv3072_cap12-07_long_burst_guard_fast,guard_fast,cmpl-diag00_a1_s23_llama1b_kv3072_cap12-07_long_burst_guard_fast-r9-0-88d59262,cmpl-diag00_a1_s23_llama1b_kv3072_cap12-07_long_burst_guard_fast-r11-0-9273ab8a,8,68,0.18990897900039272
llama1b,3072,12,23,long,burst,handoff,7090.616292855,diag00_a1_s23_llama1b_kv3072_cap12-07_long_burst_guard_fast,guard_fast,cmpl-diag00_a1_s23_llama1b_kv3072_cap12-07_long_burst_guard_fast-r9-0-88d59262,cmpl-diag00_a1_s23_llama1b_kv3072_cap12-07_long_burst_guard_fast-r5-0-a7ff08c5,53,68,0.20390638200024114
llama1b,3072,12,23,long,burst,handoff,7090.806701869,diag00_a1_s23_llama1b_kv3072_cap12-07_long_burst_guard_fast,guard_fast,cmpl-diag00_a1_s23_llama1b_kv3072_cap12-07_long_burst_guard_fast-r5-0-a7ff08c5,cmpl-diag00_a1_s23_llama1b_kv3072_cap12-07_long_burst_guard_fast-r11-0-9273ab8a,4,66,0.17421022599955904
llama1b,3072,12,23,long,burst,handoff,7090.82085199,diag00_a1_s23_llama1b_kv3072_cap12-07_long_burst_guard_fast,guard_fast,cmpl-diag00_a1_s23_llama1b_kv3072_cap12-07_long_burst_guard_fast-r5-0-a7ff08c5,cmpl-diag00_a1_s23_llama1b_kv3072_cap12-07_long_burst_guard_fast-r1-0-aa8cf7c9,49,66,0.188360346999616
llama1b,3072,12,23,long,burst,handoff,7091.01349605,diag00_a1_s23_llama1b_kv3072_cap12-07_long_burst_guard_fast,guard_fast,cmpl-diag00_a1_s23_llama1b_kv3072_cap12-07_long_burst_guard_fast-r1-0-aa8cf7c9,cmpl-diag00_a1_s23_llama1b_kv3072_cap12-07_long_burst_guard_fast-r11-0-9273ab8a,12,74,0.17927687199971842
llama1b,3072,12,23,long,burst,handoff,7091.027881427,diag00_a1_s23_llama1b_kv3072_cap12-07_long_burst_guard_fast,guard_fast,cmpl-diag00_a1_s23_llama1b_kv3072_cap12-07_long_burst_guard_fast-r1-0-aa8cf7c9,cmpl-diag00_a1_s23_llama1b_kv3072_cap12-07_long_burst_guard_fast-r9-0-88d59262,56,74,0.19366224899931694
llama1b,3072,12,23,long,burst,handoff,7091.234061062,diag00_a1_s23_llama1b_kv3072_cap12-07_long_burst_guard_fast,guard_fast,cmpl-diag00_a1_s23_llama1b_kv3072_cap12-07_long_burst_guard_fast-r9-0-88d59262,cmpl-diag00_a1_s23_llama1b_kv3072_cap12-07_long_burst_guard_fast-r11-0-9273ab8a,6,69,0.19136783900012233
llama1b,3072,12,23,long,burst,handoff,7091.245118331,diag00_a1_s23_llama1b_kv3072_cap12-07_long_burst_guard_fast,guard_fast,cmpl-diag00_a1_s23_llama1b_kv3072_cap12-07_long_burst_guard_fast-r9-0-88d59262,cmpl-diag00_a1_s23_llama1b_kv3072_cap12-07_long_burst_guard_fast-r5-0-a7ff08c5,51,69,0.20242510800017044
llama1b,3072,12,23,long,burst,handoff,7091.448709869,diag00_a1_s23_llama1b_kv3072_cap12-07_long_burst_guard_fast,guard_fast,cmpl-diag00_a1_s23_llama1b_kv3072_cap12-07_long_burst_guard_fast-r5-0-a7ff08c5,cmpl-diag00_a1_s23_llama1b_kv3072_cap12-07_long_burst_guard_fast-r11-0-9273ab8a,3,66,0.18874439299997903
llama1b,3072,12,23,long,burst,handoff,7091.46223095,diag00_a1_s23_llama1b_kv3072_cap12-07_long_burst_guard_fast,guard_fast,cmpl-diag00_a1_s23_llama1b_kv3072_cap12-07_long_burst_guard_fast-r5-0-a7ff08c5,cmpl-diag00_a1_s23_llama1b_kv3072_cap12-07_long_burst_guard_fast-r1-0-aa8cf7c9,48,66,0.20226547400034178
llama1b,3072,12,23,long,burst,handoff,7091.653645283,diag00_a1_s23_llama1b_kv3072_cap12-07_long_burst_guard_fast,guard_fast,cmpl-diag00_a1_s23_llama1b_kv3072_cap12-07_long_burst_guard_fast-r1-0-aa8cf7c9,cmpl-diag00_a1_s23_llama1b_kv3072_cap12-07_long_burst_guard_fast-r11-0-9273ab8a,11,74,0.17465958799948567
llama1b,3072,12,23,long,burst,handoff,7091.669495831,diag00_a1_s23_llama1b_kv3072_cap12-07_long_burst_guard_fast,guard_fast,cmpl-diag00_a1_s23_llama1b_kv3072_cap12-07_long_burst_guard_fast-r1-0-aa8cf7c9,cmpl-diag00_a1_s23_llama1b_kv3072_cap12-07_long_burst_guard_fast-r9-0-88d59262,56,74,0.1905101359998298
llama1b,3072,12,23,long,burst,handoff,7091.898426016,diag00_a1_s23_llama1b_kv3072_cap12-07_long_burst_guard_fast,guard_fast,cmpl-diag00_a1_s23_llama1b_kv3072_cap12-07_long_burst_guard_fast-r9-0-88d59262,cmpl-diag00_a1_s23_llama1b_kv3072_cap12-07_long_burst_guard_fast-r11-0-9273ab8a,6,69,0.20510049799941044
llama1b,3072,12,23,long,burst,handoff,7091.915511797,diag00_a1_s23_llama1b_kv3072_cap12-07_long_burst_guard_fast,guard_fast,cmpl-diag00_a1_s23_llama1b_kv3072_cap12-07_long_burst_guard_fast-r9-0-88d59262,cmpl-diag00_a1_s23_llama1b_kv3072_cap12-07_long_burst_guard_fast-r5-0-a7ff08c5,51,69,0.22218627900019783
llama1b,3072,12,23,long,burst,handoff,7092.128310383,diag00_a1_s23_llama1b_kv3072_cap12-07_long_burst_guard_fast,guard_fast,cmpl-diag00_a1_s23_llama1b_kv3072_cap12-07_long_burst_guard_fast-r5-0-a7ff08c5,cmpl-diag00_a1_s23_llama1b_kv3072_cap12-07_long_burst_guard_fast-r11-0-9273ab8a,3,66,0.19742909599972336
llama1b,3072,12,23,long,burst,handoff,7092.145598725,diag00_a1_s23_llama1b_kv3072_cap12-07_long_burst_guard_fast,guard_fast,cmpl-diag00_a1_s23_llama1b_kv3072_cap12-07_long_burst_guard_fast-r5-0-a7ff08c5,cmpl-diag00_a1_s23_llama1b_kv3072_cap12-07_long_burst_guard_fast-r1-0-aa8cf7c9,48,66,0.2147174379997523
llama1b,3072,12,23,long,burst,handoff,7092.348216081,diag00_a1_s23_llama1b_kv3072_cap12-07_long_burst_guard_fast,guard_fast,cmpl-diag00_a1_s23_llama1b_kv3072_cap12-07_long_burst_guard_fast-r1-0-aa8cf7c9,cmpl-diag00_a1_s23_llama1b_kv3072_cap12-07_long_burst_guard_fast-r11-0-9273ab8a,10,74,0.18663066899989644
llama1b,3072,12,23,long,burst,handoff,7092.367122323,diag00_a1_s23_llama1b_kv3072_cap12-07_long_burst_guard_fast,guard_fast,cmpl-diag00_a1_s23_llama1b_kv3072_cap12-07_long_burst_guard_fast-r1-0-aa8cf7c9,cmpl-diag00_a1_s23_llama1b_kv3072_cap12-07_long_burst_guard_fast-r9-0-88d59262,56,74,0.20553691100030846
llama1b,3072,12,23,long,burst,handoff,7092.592824763,diag00_a1_s23_llama1b_kv3072_cap12-07_long_burst_guard_fast,guard_fast,cmpl-diag00_a1_s23_llama1b_kv3072_cap12-07_long_burst_guard_fast-r9-0-88d59262,cmpl-diag00_a1_s23_llama1b_kv3072_cap12-07_long_burst_guard_fast-r11-0-9273ab8a,3,69,0.20711302800009435
llama1b,3072,12,23,long,burst,handoff,7092.611105251,diag00_a1_s23_llama1b_kv3072_cap12-07_long_burst_guard_fast,guard_fast,cmpl-diag00_a1_s23_llama1b_kv3072_cap12-07_long_burst_guard_fast-r9-0-88d59262,cmpl-diag00_a1_s23_llama1b_kv3072_cap12-07_long_burst_guard_fast-r5-0-a7ff08c5,49,69,0.2253935159997127
llama1b,3072,12,23,long,burst,handoff,7092.837474208,diag00_a1_s23_llama1b_kv3072_cap12-07_long_burst_guard_fast,guard_fast,cmpl-diag00_a1_s23_llama1b_kv3072_cap12-07_long_burst_guard_fast-r5-0-a7ff08c5,cmpl-diag00_a1_s23_llama1b_kv3072_cap12-07_long_burst_guard_fast-r11-0-9273ab8a,1,67,0.2040572659998361
llama1b,3072,12,23,long,burst,handoff,7092.853054363,diag00_a1_s23_llama1b_kv3072_cap12-07_long_burst_guard_fast,guard_fast,cmpl-diag00_a1_s23_llama1b_kv3072_cap12-07_long_burst_guard_fast-r5-0-a7ff08c5,cmpl-diag00_a1_s23_llama1b_kv3072_cap12-07_long_burst_guard_fast-r1-0-aa8cf7c9,47,67,0.21963742100069794
llama1b,3072,12,23,long,burst,handoff,7093.067070794,diag00_a1_s23_llama1b_kv3072_cap12-07_long_burst_guard_fast,guard_fast,cmpl-diag00_a1_s23_llama1b_kv3072_cap12-07_long_burst_guard_fast-r1-0-aa8cf7c9,cmpl-diag00_a1_s23_llama1b_kv3072_cap12-07_long_burst_guard_fast-r11-0-9273ab8a,8,75,0.19233759500002634
llama1b,3072,12,23,long,burst,handoff,7093.084675078,diag00_a1_s23_llama1b_kv3072_cap12-07_long_burst_guard_fast,guard_fast,cmpl-diag00_a1_s23_llama1b_kv3072_cap12-07_long_burst_guard_fast-r1-0-aa8cf7c9,cmpl-diag00_a1_s23_llama1b_kv3072_cap12-07_long_burst_guard_fast-r9-0-88d59262,54,75,0.20994187900032557
llama1b,3072,12,23,long,burst,handoff,7093.309227083,diag00_a1_s23_llama1b_kv3072_cap12-07_long_burst_guard_fast,guard_fast,cmpl-diag00_a1_s23_llama1b_kv3072_cap12-07_long_burst_guard_fast-r9-0-88d59262,cmpl-diag00_a1_s23_llama1b_kv3072_cap12-07_long_burst_guard_fast-r11-0-9273ab8a,3,70,0.20643032000043604
llama1b,3072,12,23,long,burst,handoff,7093.327411625,diag00_a1_s23_llama1b_kv3072_cap12-07_long_burst_guard_fast,guard_fast,cmpl-diag00_a1_s23_llama1b_kv3072_cap12-07_long_burst_guard_fast-r9-0-88d59262,cmpl-diag00_a1_s23_llama1b_kv3072_cap12-07_long_burst_guard_fast-r5-0-a7ff08c5,49,70,0.22461486200063518
llama1b,3072,12,23,long,burst,handoff,7093.541552933,diag00_a1_s23_llama1b_kv3072_cap12-07_long_burst_guard_fast,guard_fast,cmpl-diag00_a1_s23_llama1b_kv3072_cap12-07_long_burst_guard_fast-r5-0-a7ff08c5,cmpl-diag00_a1_s23_llama1b_kv3072_cap12-07_long_burst_guard_fast-r11-0-9273ab8a,0,67,0.19814462600061233
llama1b,3072,12,23,long,burst,handoff,7093.557067223,diag00_a1_s23_llama1b_kv3072_cap12-07_long_burst_guard_fast,guard_fast,cmpl-diag00_a1_s23_llama1b_kv3072_cap12-07_long_burst_guard_fast-r5-0-a7ff08c5,cmpl-diag00_a1_s23_llama1b_kv3072_cap12-07_long_burst_guard_fast-r1-0-aa8cf7c9,46,67,0.21365891599998577
llama1b,3072,12,23,long,burst,handoff,7093.761904347,diag00_a1_s23_llama1b_kv3072_cap12-07_long_burst_guard_fast,guard_fast,cmpl-diag00_a1_s23_llama1b_kv3072_cap12-07_long_burst_guard_fast-r1-0-aa8cf7c9,cmpl-diag00_a1_s23_llama1b_kv3072_cap12-07_long_burst_guard_fast-r11-0-9273ab8a,8,75,0.19111356000030355
llama1b,3072,12,23,long,burst,handoff,7093.776746883,diag00_a1_s23_llama1b_kv3072_cap12-07_long_burst_guard_fast,guard_fast,cmpl-diag00_a1_s23_llama1b_kv3072_cap12-07_long_burst_guard_fast-r1-0-aa8cf7c9,cmpl-diag00_a1_s23_llama1b_kv3072_cap12-07_long_burst_guard_fast-r9-0-88d59262,54,75,0.20595609599968157
llama1b,3072,12,23,long,burst,handoff,7094.001740226,diag00_a1_s23_llama1b_kv3072_cap12-07_long_burst_guard_fast,guard_fast,cmpl-diag00_a1_s23_llama1b_kv3072_cap12-07_long_burst_guard_fast-r9-0-88d59262,cmpl-diag00_a1_s23_llama1b_kv3072_cap12-07_long_burst_guard_fast-r11-0-9273ab8a,3,70,0.2071596160003537
llama1b,3072,12,23,long,burst,handoff,7094.015476486,diag00_a1_s23_llama1b_kv3072_cap12-07_long_burst_guard_fast,guard_fast,cmpl-diag00_a1_s23_llama1b_kv3072_cap12-07_long_burst_guard_fast-r9-0-88d59262,cmpl-diag00_a1_s23_llama1b_kv3072_cap12-07_long_burst_guard_fast-r5-0-a7ff08c5,49,70,0.22089587600021332
llama1b,3072,12,23,long,burst,handoff,7094.359228317,diag00_a1_s23_llama1b_kv3072_cap12-07_long_burst_guard_fast,guard_fast,cmpl-diag00_a1_s23_llama1b_kv3072_cap12-07_long_burst_guard_fast-r1-0-aa8cf7c9,cmpl-diag00_a1_s23_llama1b_kv3072_cap12-07_long_burst_guard_fast-r5-0-a7ff08c5,7,75,0.13617244699980802
llama1b,3072,12,23,long,burst,handoff,7094.373679086,diag00_a1_s23_llama1b_kv3072_cap12-07_long_burst_guard_fast,guard_fast,cmpl-diag00_a1_s23_llama1b_kv3072_cap12-07_long_burst_guard_fast-r1-0-aa8cf7c9,cmpl-diag00_a1_s23_llama1b_kv3072_cap12-07_long_burst_guard_fast-r11-0-9273ab8a,74,75,0.1506232159999854
llama1b,3072,12,23,long,burst,handoff,7094.517586229,diag00_a1_s23_llama1b_kv3072_cap12-07_long_burst_guard_fast,guard_fast,cmpl-diag00_a1_s23_llama1b_kv3072_cap12-07_long_burst_guard_fast-r5-0-a7ff08c5,cmpl-diag00_a1_s23_llama1b_kv3072_cap12-07_long_burst_guard_fast-r1-0-aa8cf7c9,45,68,0.1441688309996607
llama1b,3072,12,23,long,burst,handoff,7094.724460955,diag00_a1_s23_llama1b_kv3072_cap12-07_long_burst_guard_fast,guard_fast,cmpl-diag00_a1_s23_llama1b_kv3072_cap12-07_long_burst_guard_fast-r1-0-aa8cf7c9,cmpl-diag00_a1_s23_llama1b_kv3072_cap12-07_long_burst_guard_fast-r11-0-9273ab8a,5,76,0.1903327760001048
llama1b,3072,12,23,long,burst,handoff,7094.738311736,diag00_a1_s23_llama1b_kv3072_cap12-07_long_burst_guard_fast,guard_fast,cmpl-diag00_a1_s23_llama1b_kv3072_cap12-07_long_burst_guard_fast-r1-0-aa8cf7c9,cmpl-diag00_a1_s23_llama1b_kv3072_cap12-07_long_burst_guard_fast-r9-0-88d59262,52,76,0.20418355699985113
llama1b,3072,12,23,long,burst,handoff,7094.957749223,diag00_a1_s23_llama1b_kv3072_cap12-07_long_burst_guard_fast,guard_fast,cmpl-diag00_a1_s23_llama1b_kv3072_cap12-07_long_burst_guard_fast-r9-0-88d59262,cmpl-diag00_a1_s23_llama1b_kv3072_cap12-07_long_burst_guard_fast-r11-0-9273ab8a,0,71,0.20379513799980487
llama1b,3072,12,23,long,burst,handoff,7094.970827136,diag00_a1_s23_llama1b_kv3072_cap12-07_long_burst_guard_fast,guard_fast,cmpl-diag00_a1_s23_llama1b_kv3072_cap12-07_long_burst_guard_fast-r9-0-88d59262,cmpl-diag00_a1_s23_llama1b_kv3072_cap12-07_long_burst_guard_fast-r5-0-a7ff08c5,47,71,0.2168730509993111
llama1b,3072,12,23,long,burst,handoff,7095.105914445,diag00_a1_s23_llama1b_kv3072_cap12-07_long_burst_guard_fast,guard_fast,cmpl-diag00_a1_s23_llama1b_kv3072_cap12-07_long_burst_guard_fast-r11-0-9273ab8a,cmpl-diag00_a1_s23_llama1b_kv3072_cap12-07_long_burst_guard_fast-r9-0-88d59262,44,47,0.13523779299976013
llama1b,3072,12,23,long,burst,handoff,7095.316508066,diag00_a1_s23_llama1b_kv3072_cap12-07_long_burst_guard_fast,guard_fast,cmpl-diag00_a1_s23_llama1b_kv3072_cap12-07_long_burst_guard_fast-r9-0-88d59262,cmpl-diag00_a1_s23_llama1b_kv3072_cap12-07_long_burst_guard_fast-r5-0-a7ff08c5,0,71,0.19418459500047902
llama1b,3072,12,23,long,burst,handoff,7095.329223155,diag00_a1_s23_llama1b_kv3072_cap12-07_long_burst_guard_fast,guard_fast,cmpl-diag00_a1_s23_llama1b_kv3072_cap12-07_long_burst_guard_fast-r9-0-88d59262,cmpl-diag00_a1_s23_llama1b_kv3072_cap12-07_long_burst_guard_fast-r1-0-aa8cf7c9,68,71,0.20689968400074576
llama1b,3072,12,23,long,burst,handoff,7095.554472019,diag00_a1_s23_llama1b_kv3072_cap12-07_long_burst_guard_fast,guard_fast,cmpl-diag00_a1_s23_llama1b_kv3072_cap12-07_long_burst_guard_fast-r1-0-aa8cf7c9,cmpl-diag00_a1_s23_llama1b_kv3072_cap12-07_long_burst_guard_fast-r9-0-88d59262,5,76,0.20980789999975968
llama1b,3072,12,23,long,burst,handoff,7095.716404991,diag00_a1_s23_llama1b_kv3072_cap12-07_long_burst_guard_fast,guard_fast,cmpl-diag00_a1_s23_llama1b_kv3072_cap12-07_long_burst_guard_fast-r9-0-88d59262,cmpl-diag00_a1_s23_llama1b_kv3072_cap12-07_long_burst_guard_fast-r1-0-aa8cf7c9,0,71,0.13441301799957728
llama1b,3072,12,23,long,burst,handoff,7095.861046031,diag00_a1_s23_llama1b_kv3072_cap12-07_long_burst_guard_fast,guard_fast,cmpl-diag00_a1_s23_llama1b_kv3072_cap12-07_long_burst_guard_fast-r1-0-aa8cf7c9,cmpl-diag00_a1_s23_llama1b_kv3072_cap12-07_long_burst_guard_fast-r11-0-9273ab8a,4,76,0.12810032200013666
llama1b,3072,12,23,long,burst,handoff,7095.876495041,diag00_a1_s23_llama1b_kv3072_cap12-07_long_burst_guard_fast,guard_fast,cmpl-diag00_a1_s23_llama1b_kv3072_cap12-07_long_burst_guard_fast-r1-0-aa8cf7c9,cmpl-diag00_a1_s23_llama1b_kv3072_cap12-07_long_burst_guard_fast-r9-0-88d59262,52,76,0.14354933200047526
llama1b,3072,12,23,long,burst,handoff,7096.023911677,diag00_a1_s23_llama1b_kv3072_cap12-07_long_burst_guard_fast,guard_fast,cmpl-diag00_a1_s23_llama1b_kv3072_cap12-07_long_burst_guard_fast-r11-0-9273ab8a,cmpl-diag00_a1_s23_llama1b_kv3072_cap12-07_long_burst_guard_fast-r1-0-aa8cf7c9,46,48,0.1475905449997299
llama1b,3072,12,23,long,burst,handoff,7096.22940663,diag00_a1_s23_llama1b_kv3072_cap12-07_long_burst_guard_fast,guard_fast,cmpl-diag00_a1_s23_llama1b_kv3072_cap12-07_long_burst_guard_fast-r1-0-aa8cf7c9,cmpl-diag00_a1_s23_llama1b_kv3072_cap12-07_long_burst_guard_fast-r9-0-88d59262,3,76,0.19084092200046143
llama1b,3072,12,23,long,burst,handoff,7096.243986652,diag00_a1_s23_llama1b_kv3072_cap12-07_long_burst_guard_fast,guard_fast,cmpl-diag00_a1_s23_llama1b_kv3072_cap12-07_long_burst_guard_fast-r1-0-aa8cf7c9,cmpl-diag00_a1_s23_llama1b_kv3072_cap12-07_long_burst_guard_fast-r5-0-a7ff08c5,74,76,0.20542094400025235
llama1b,3072,12,23,long,burst,handoff,7096.401155106,diag00_a1_s23_llama1b_kv3072_cap12-07_long_burst_guard_fast,guard_fast,cmpl-diag00_a1_s23_llama1b_kv3072_cap12-07_long_burst_guard_fast-r9-0-88d59262,cmpl-diag00_a1_s23_llama1b_kv3072_cap12-07_long_burst_guard_fast-r1-0-aa8cf7c9,67,71,0.15739375300017855
llama1b,3072,12,23,long,burst,handoff,7096.625717095,diag00_a1_s23_llama1b_kv3072_cap12-07_long_burst_guard_fast,guard_fast,cmpl-diag00_a1_s23_llama1b_kv3072_cap12-07_long_burst_guard_fast-r1-0-aa8cf7c9,cmpl-diag00_a1_s23_llama1b_kv3072_cap12-07_long_burst_guard_fast-r9-0-88d59262,3,76,0.20721552900067763
llama1b,3072,12,23,long,burst,handoff,7096.652664595,diag00_a1_s23_llama1b_kv3072_cap12-07_long_burst_guard_fast,guard_fast,cmpl-diag00_a1_s23_llama1b_kv3072_cap12-07_long_burst_guard_fast-r1-0-aa8cf7c9,cmpl-diag00_a1_s23_llama1b_kv3072_cap12-07_long_burst_guard_fast-r11-0-9273ab8a,74,76,0.23416302900022856
llama1b,3072,12,23,long,burst,handoff,7096.805570975,diag00_a1_s23_llama1b_kv3072_cap12-07_long_burst_guard_fast,guard_fast,cmpl-diag00_a1_s23_llama1b_kv3072_cap12-07_long_burst_guard_fast-r9-0-88d59262,cmpl-diag00_a1_s23_llama1b_kv3072_cap12-07_long_burst_guard_fast-r1-0-aa8cf7c9,45,71,0.15314394300003187
llama1b,3072,12,23,long,burst,handoff,7097.009569275,diag00_a1_s23_llama1b_kv3072_cap12-07_long_burst_guard_fast,guard_fast,cmpl-diag00_a1_s23_llama1b_kv3072_cap12-07_long_burst_guard_fast-r1-0-aa8cf7c9,cmpl-diag00_a1_s23_llama1b_kv3072_cap12-07_long_burst_guard_fast-r11-0-9273ab8a,2,77,0.19006054300007236
llama1b,3072,12,23,long,burst,handoff,7097.022459411,diag00_a1_s23_llama1b_kv3072_cap12-07_long_burst_guard_fast,guard_fast,cmpl-diag00_a1_s23_llama1b_kv3072_cap12-07_long_burst_guard_fast-r1-0-aa8cf7c9,cmpl-diag00_a1_s23_llama1b_kv3072_cap12-07_long_burst_guard_fast-r5-0-a7ff08c5,50,77,0.2029506790004234
llama1b,3072,12,23,long,burst,handoff,7097.164132967,diag00_a1_s23_llama1b_kv3072_cap12-07_long_burst_guard_fast,guard_fast,cmpl-diag00_a1_s23_llama1b_kv3072_cap12-07_long_burst_guard_fast-r11-0-9273ab8a,cmpl-diag00_a1_s23_llama1b_kv3072_cap12-07_long_burst_guard_fast-r1-0-aa8cf7c9,42,48,0.14182935000008
llama1b,3072,12,23,long,burst,handoff,7097.374494788,diag00_a1_s23_llama1b_kv3072_cap12-07_long_burst_guard_fast,guard_fast,cmpl-diag00_a1_s23_llama1b_kv3072_cap12-07_long_burst_guard_fast-r1-0-aa8cf7c9,cmpl-diag00_a1_s23_llama1b_kv3072_cap12-07_long_burst_guard_fast-r5-0-a7ff08c5,2,77,0.19632884900056524
llama1b,3072,12,23,long,burst,handoff,7097.388136316,diag00_a1_s23_llama1b_kv3072_cap12-07_long_burst_guard_fast,guard_fast,cmpl-diag00_a1_s23_llama1b_kv3072_cap12-07_long_burst_guard_fast-r1-0-aa8cf7c9,cmpl-diag00_a1_s23_llama1b_kv3072_cap12-07_long_burst_guard_fast-r9-0-88d59262,71,77,0.20997037699999055
llama1b,3072,12,23,long,burst,handoff,7097.533294774,diag00_a1_s23_llama1b_kv3072_cap12-07_long_burst_guard_fast,guard_fast,cmpl-diag00_a1_s23_llama1b_kv3072_cap12-07_long_burst_guard_fast-r5-0-a7ff08c5,cmpl-diag00_a1_s23_llama1b_kv3072_cap12-07_long_burst_guard_fast-r1-0-aa8cf7c9,65,69,0.14534166799967352
llama1b,3072,12,23,long,burst,handoff,7097.767028911,diag00_a1_s23_llama1b_kv3072_cap12-07_long_burst_guard_fast,guard_fast,cmpl-diag00_a1_s23_llama1b_kv3072_cap12-07_long_burst_guard_fast-r1-0-aa8cf7c9,cmpl-diag00_a1_s23_llama1b_kv3072_cap12-07_long_burst_guard_fast-r5-0-a7ff08c5,1,77,0.21720328999981575
llama1b,3072,12,23,long,burst,handoff,7097.796918361,diag00_a1_s23_llama1b_kv3072_cap12-07_long_burst_guard_fast,guard_fast,cmpl-diag00_a1_s23_llama1b_kv3072_cap12-07_long_burst_guard_fast-r1-0-aa8cf7c9,cmpl-diag00_a1_s23_llama1b_kv3072_cap12-07_long_burst_guard_fast-r11-0-9273ab8a,70,77,0.24709273999997095
llama1b,3072,12,23,long,burst,handoff,7097.939409734,diag00_a1_s23_llama1b_kv3072_cap12-07_long_burst_guard_fast,guard_fast,cmpl-diag00_a1_s23_llama1b_kv3072_cap12-07_long_burst_guard_fast-r5-0-a7ff08c5,cmpl-diag00_a1_s23_llama1b_kv3072_cap12-07_long_burst_guard_fast-r1-0-aa8cf7c9,42,69,0.14271270300014294
llama1b,3072,12,23,long,burst,handoff,7098.149870382,diag00_a1_s23_llama1b_kv3072_cap12-07_long_burst_guard_fast,guard_fast,cmpl-diag00_a1_s23_llama1b_kv3072_cap12-07_long_burst_guard_fast-r1-0-aa8cf7c9,cmpl-diag00_a1_s23_llama1b_kv3072_cap12-07_long_burst_guard_fast-r11-0-9273ab8a,0,77,0.19439387500005978
llama1b,3072,12,23,long,burst,handoff,7098.163237896,diag00_a1_s23_llama1b_kv3072_cap12-07_long_burst_guard_fast,guard_fast,cmpl-diag00_a1_s23_llama1b_kv3072_cap12-07_long_burst_guard_fast-r1-0-aa8cf7c9,cmpl-diag00_a1_s23_llama1b_kv3072_cap12-07_long_burst_guard_fast-r9-0-88d59262,49,77,0.2077613890005523
llama1b,3072,12,23,long,burst,handoff,7098.313154332,diag00_a1_s23_llama1b_kv3072_cap12-07_long_burst_guard_fast,guard_fast,cmpl-diag00_a1_s23_llama1b_kv3072_cap12-07_long_burst_guard_fast-r11-0-9273ab8a,cmpl-diag00_a1_s23_llama1b_kv3072_cap12-07_long_burst_guard_fast-r1-0-aa8cf7c9,44,49,0.15006338099919958
llama1b,3072,12,23,long,burst,handoff,7098.532784849,diag00_a1_s23_llama1b_kv3072_cap12-07_long_burst_guard_fast,guard_fast,cmpl-diag00_a1_s23_llama1b_kv3072_cap12-07_long_burst_guard_fast-r1-0-aa8cf7c9,cmpl-diag00_a1_s23_llama1b_kv3072_cap12-07_long_burst_guard_fast-r9-0-88d59262,0,77,0.20364424799936387
llama1b,3072,12,23,long,burst,handoff,7098.547842055,diag00_a1_s23_llama1b_kv3072_cap12-07_long_burst_guard_fast,guard_fast,cmpl-diag00_a1_s23_llama1b_kv3072_cap12-07_long_burst_guard_fast-r1-0-aa8cf7c9,cmpl-diag00_a1_s23_llama1b_kv3072_cap12-07_long_burst_guard_fast-r5-0-a7ff08c5,72,77,0.2187014539995289
llama1b,3072,12,23,long,burst,handoff,7098.694149722,diag00_a1_s23_llama1b_kv3072_cap12-07_long_burst_guard_fast,guard_fast,cmpl-diag00_a1_s23_llama1b_kv3072_cap12-07_long_burst_guard_fast-r9-0-88d59262,cmpl-diag00_a1_s23_llama1b_kv3072_cap12-07_long_burst_guard_fast-r1-0-aa8cf7c9,65,73,0.14650550599981216
llama1b,3072,12,23,long,burst,handoff,7098.711412295,diag00_a1_s23_llama1b_kv3072_cap12-07_long_burst_guard_fast,guard_fast,cmpl-diag00_a1_s23_llama1b_kv3072_cap12-07_long_burst_guard_fast-r5-0-a7ff08c5,cmpl-diag00_a1_s23_llama1b_kv3072_cap12-07_long_burst_guard_fast-r11-0-9273ab8a,69,70,0.1457980969998971
llama1b,3072,12,23,long,burst,handoff,7098.842339055,diag00_a1_s23_llama1b_kv3072_cap12-07_long_burst_guard_fast,guard_fast,cmpl-diag00_a1_s23_llama1b_kv3072_cap12-07_long_burst_guard_fast-r1-0-aa8cf7c9,cmpl-diag00_a1_s23_llama1b_kv3072_cap12-07_long_burst_guard_fast-r9-0-88d59262,48,77,0.13117341399993165
llama1b,3072,12,23,long,burst,handoff,7099.095417599,diag00_a1_s23_llama1b_kv3072_cap12-07_long_burst_guard_fast,guard_fast,cmpl-diag00_a1_s23_llama1b_kv3072_cap12-07_long_burst_guard_fast-r11-0-9273ab8a,cmpl-diag00_a1_s23_llama1b_kv3072_cap12-07_long_burst_guard_fast-r1-0-aa8cf7c9,44,49,0.253311561999908
llama1b,3072,12,23,long,burst,handoff,7099.108845196,diag00_a1_s23_llama1b_kv3072_cap12-07_long_burst_guard_fast,guard_fast,cmpl-diag00_a1_s23_llama1b_kv3072_cap12-07_long_burst_guard_fast-r9-0-88d59262,cmpl-diag00_a1_s23_llama1b_kv3072_cap12-07_long_burst_guard_fast-r5-0-a7ff08c5,72,73,0.1456262900001093
llama1b,3072,12,23,long,burst,handoff,7099.32902271,diag00_a1_s23_llama1b_kv3072_cap12-07_long_burst_guard_fast,guard_fast,cmpl-diag00_a1_s23_llama1b_kv3072_cap12-07_long_burst_guard_fast-r1-0-aa8cf7c9,cmpl-diag00_a1_s23_llama1b_kv3072_cap12-07_long_burst_guard_fast-r9-0-88d59262,69,77,0.2203928619992439
llama1b,3072,12,23,long,burst,handoff,7099.345293731,diag00_a1_s23_llama1b_kv3072_cap12-07_long_burst_guard_fast,guard_fast,cmpl-diag00_a1_s23_llama1b_kv3072_cap12-07_long_burst_guard_fast-r5-0-a7ff08c5,cmpl-diag00_a1_s23_llama1b_kv3072_cap12-07_long_burst_guard_fast-r11-0-9273ab8a,65,70,0.1450936979999824
llama1b,3072,12,23,long,burst,handoff,7099.475470262,diag00_a1_s23_llama1b_kv3072_cap12-07_long_burst_guard_fast,guard_fast,cmpl-diag00_a1_s23_llama1b_kv3072_cap12-07_long_burst_guard_fast-r9-0-88d59262,cmpl-diag00_a1_s23_llama1b_kv3072_cap12-07_long_burst_guard_fast-r1-0-aa8cf7c9,44,73,0.13039091500013456
llama1b,3072,12,23,long,burst,handoff,7099.723751553,diag00_a1_s23_llama1b_kv3072_cap12-07_long_burst_guard_fast,guard_fast,cmpl-diag00_a1_s23_llama1b_kv3072_cap12-07_long_burst_guard_fast-r11-0-9273ab8a,cmpl-diag00_a1_s23_llama1b_kv3072_cap12-07_long_burst_guard_fast-r9-0-88d59262,48,50,0.2484406419998777
llama1b,3072,12,23,long,burst,handoff,7099.739176397,diag00_a1_s23_llama1b_kv3072_cap12-07_long_burst_guard_fast,guard_fast,cmpl-diag00_a1_s23_llama1b_kv3072_cap12-07_long_burst_guard_fast-r1-0-aa8cf7c9,cmpl-diag00_a1_s23_llama1b_kv3072_cap12-07_long_burst_guard_fast-r5-0-a7ff08c5,71,77,0.144008491999557
llama1b,3072,12,23,long,burst,handoff,7099.95396207,diag00_a1_s23_llama1b_kv3072_cap12-07_long_burst_guard_fast,guard_fast,cmpl-diag00_a1_s23_llama1b_kv3072_cap12-07_long_burst_guard_fast-r9-0-88d59262,cmpl-diag00_a1_s23_llama1b_kv3072_cap12-07_long_burst_guard_fast-r1-0-aa8cf7c9,63,73,0.21505938199970842
llama1b,3072,12,23,long,burst,handoff,7099.969436973,diag00_a1_s23_llama1b_kv3072_cap12-07_long_burst_guard_fast,guard_fast,cmpl-diag00_a1_s23_llama1b_kv3072_cap12-07_long_burst_guard_fast-r5-0-a7ff08c5,cmpl-diag00_a1_s23_llama1b_kv3072_cap12-07_long_burst_guard_fast-r11-0-9273ab8a,68,70,0.14233477599918842
llama1b,3072,12,23,long,burst,handoff,7100.099747276,diag00_a1_s23_llama1b_kv3072_cap12-07_long_burst_guard_fast,guard_fast,cmpl-diag00_a1_s23_llama1b_kv3072_cap12-07_long_burst_guard_fast-r1-0-aa8cf7c9,cmpl-diag00_a1_s23_llama1b_kv3072_cap12-07_long_burst_guard_fast-r9-0-88d59262,48,78,0.13045360300020548
llama1b,3072,12,23,long,burst,handoff,7100.348732736,diag00_a1_s23_llama1b_kv3072_cap12-07_long_burst_guard_fast,guard_fast,cmpl-diag00_a1_s23_llama1b_kv3072_cap12-07_long_burst_guard_fast-r11-0-9273ab8a,cmpl-diag00_a1_s23_llama1b_kv3072_cap12-07_long_burst_guard_fast-r1-0-aa8cf7c9,42,50,0.2492008139997779
llama1b,3072,12,23,long,burst,handoff,7100.364302176,diag00_a1_s23_llama1b_kv3072_cap12-07_long_burst_guard_fast,guard_fast,cmpl-diag00_a1_s23_llama1b_kv3072_cap12-07_long_burst_guard_fast-r9-0-88d59262,cmpl-diag00_a1_s23_llama1b_kv3072_cap12-07_long_burst_guard_fast-r5-0-a7ff08c5,70,73,0.14732878599988908
llama1b,3072,12,23,long,burst,handoff,7100.582929396,diag00_a1_s23_llama1b_kv3072_cap12-07_long_burst_guard_fast,guard_fast,cmpl-diag00_a1_s23_llama1b_kv3072_cap12-07_long_burst_guard_fast-r1-0-aa8cf7c9,cmpl-diag00_a1_s23_llama1b_kv3072_cap12-07_long_burst_guard_fast-r9-0-88d59262,68,78,0.21881872799986013
llama1b,3072,12,23,long,burst,handoff,7100.599334097,diag00_a1_s23_llama1b_kv3072_cap12-07_long_burst_guard_fast,guard_fast,cmpl-diag00_a1_s23_llama1b_kv3072_cap12-07_long_burst_guard_fast-r5-0-a7ff08c5,cmpl-diag00_a1_s23_llama1b_kv3072_cap12-07_long_burst_guard_fast-r11-0-9273ab8a,63,71,0.1450650790002328
llama1b,3072,12,23,long,burst,handoff,7100.733771492,diag00_a1_s23_llama1b_kv3072_cap12-07_long_burst_guard_fast,guard_fast,cmpl-diag00_a1_s23_llama1b_kv3072_cap12-07_long_burst_guard_fast-r9-0-88d59262,cmpl-diag00_a1_s23_llama1b_kv3072_cap12-07_long_burst_guard_fast-r1-0-aa8cf7c9,42,73,0.13459088900071947
llama1b,3072,12,23,long,burst,handoff,7100.98243108,diag00_a1_s23_llama1b_kv3072_cap12-07_long_burst_guard_fast,guard_fast,cmpl-diag00_a1_s23_llama1b_kv3072_cap12-07_long_burst_guard_fast-r11-0-9273ab8a,cmpl-diag00_a1_s23_llama1b_kv3072_cap12-07_long_burst_guard_fast-r9-0-88d59262,47,50,0.2488945450004394
llama1b,3072,12,23,long,burst,handoff,7100.997541531,diag00_a1_s23_llama1b_kv3072_cap12-07_long_burst_guard_fast,guard_fast,cmpl-diag00_a1_s23_llama1b_kv3072_cap12-07_long_burst_guard_fast-r1-0-aa8cf7c9,cmpl-diag00_a1_s23_llama1b_kv3072_cap12-07_long_burst_guard_fast-r5-0-a7ff08c5,70,78,0.14621249300034833
llama1b,3072,12,23,long,burst,handoff,7101.218593968,diag00_a1_s23_llama1b_kv3072_cap12-07_long_burst_guard_fast,guard_fast,cmpl-diag00_a1_s23_llama1b_kv3072_cap12-07_long_burst_guard_fast-r9-0-88d59262,cmpl-diag00_a1_s23_llama1b_kv3072_cap12-07_long_burst_guard_fast-r1-0-aa8cf7c9,63,73,0.22126217500044731
llama1b,3072,12,23,long,burst,handoff,7101.234325078,diag00_a1_s23_llama1b_kv3072_cap12-07_long_burst_guard_fast,guard_fast,cmpl-diag00_a1_s23_llama1b_kv3072_cap12-07_long_burst_guard_fast-r5-0-a7ff08c5,cmpl-diag00_a1_s23_llama1b_kv3072_cap12-07_long_burst_guard_fast-r11-0-9273ab8a,68,71,0.14878578500065487
llama1b,3072,12,23,long,burst,handoff,7101.361204777,diag00_a1_s23_llama1b_kv3072_cap12-07_long_burst_guard_fast,guard_fast,cmpl-diag00_a1_s23_llama1b_kv3072_cap12-07_long_burst_guard_fast-r1-0-aa8cf7c9,cmpl-diag00_a1_s23_llama1b_kv3072_cap12-07_long_burst_guard_fast-r9-0-88d59262,47,78,0.12708429700069246
llama1b,3072,12,23,long,burst,handoff,7101.616266819,diag00_a1_s23_llama1b_kv3072_cap12-07_long_burst_guard_fast,guard_fast,cmpl-diag00_a1_s23_llama1b_kv3072_cap12-07_long_burst_guard_fast-r11-0-9273ab8a,cmpl-diag00_a1_s23_llama1b_kv3072_cap12-07_long_burst_guard_fast-r1-0-aa8cf7c9,42,50,0.25529827999980625
llama1b,3072,12,23,long,burst,handoff,7101.630002431,diag00_a1_s23_llama1b_kv3072_cap12-07_long_burst_guard_fast,guard_fast,cmpl-diag00_a1_s23_llama1b_kv3072_cap12-07_long_burst_guard_fast-r9-0-88d59262,cmpl-diag00_a1_s23_llama1b_kv3072_cap12-07_long_burst_guard_fast-r5-0-a7ff08c5,70,73,0.1479677460001767
llama1b,3072,12,23,long,burst,handoff,7101.851213379,diag00_a1_s23_llama1b_kv3072_cap12-07_long_burst_guard_fast,guard_fast,cmpl-diag00_a1_s23_llama1b_kv3072_cap12-07_long_burst_guard_fast-r1-0-aa8cf7c9,cmpl-diag00_a1_s23_llama1b_kv3072_cap12-07_long_burst_guard_fast-r9-0-88d59262,68,78,0.22138402499967924
llama1b,3072,12,23,long,burst,handoff,7101.866490448,diag00_a1_s23_llama1b_kv3072_cap12-07_long_burst_guard_fast,guard_fast,cmpl-diag00_a1_s23_llama1b_kv3072_cap12-07_long_burst_guard_fast-r5-0-a7ff08c5,cmpl-diag00_a1_s23_llama1b_kv3072_cap12-07_long_burst_guard_fast-r11-0-9273ab8a,63,71,0.1439889769999354
llama1b,3072,12,23,long,burst,handoff,7102.005379273,diag00_a1_s23_llama1b_kv3072_cap12-07_long_burst_guard_fast,guard_fast,cmpl-diag00_a1_s23_llama1b_kv3072_cap12-07_long_burst_guard_fast-r9-0-88d59262,cmpl-diag00_a1_s23_llama1b_kv3072_cap12-07_long_burst_guard_fast-r1-0-aa8cf7c9,42,74,0.13913804499952676
llama1b,3072,12,23,long,burst,handoff,7102.135974183,diag00_a1_s23_llama1b_kv3072_cap12-07_long_burst_guard_fast,guard_fast,cmpl-diag00_a1_s23_llama1b_kv3072_cap12-07_long_burst_guard_fast-r11-0-9273ab8a,cmpl-diag00_a1_s23_llama1b_kv3072_cap12-07_long_burst_guard_fast-r5-0-a7ff08c5,46,51,0.13089018800019403
llama1b,3072,12,23,long,burst,handoff,7102.270242721,diag00_a1_s23_llama1b_kv3072_cap12-07_long_burst_guard_fast,guard_fast,cmpl-diag00_a1_s23_llama1b_kv3072_cap12-07_long_burst_guard_fast-r1-0-aa8cf7c9,cmpl-diag00_a1_s23_llama1b_kv3072_cap12-07_long_burst_guard_fast-r9-0-88d59262,66,78,0.13459512099962012
llama1b,3072,12,23,long,burst,handoff,7102.501707682,diag00_a1_s23_llama1b_kv3072_cap12-07_long_burst_guard_fast,guard_fast,cmpl-diag00_a1_s23_llama1b_kv3072_cap12-07_long_burst_guard_fast-r5-0-a7ff08c5,cmpl-diag00_a1_s23_llama1b_kv3072_cap12-07_long_burst_guard_fast-r1-0-aa8cf7c9,62,71,0.231682204000208
llama1b,3072,12,23,long,burst,handoff,7102.51985758,diag00_a1_s23_llama1b_kv3072_cap12-07_long_burst_guard_fast,guard_fast,cmpl-diag00_a1_s23_llama1b_kv3072_cap12-07_long_burst_guard_fast-r9-0-88d59262,cmpl-diag00_a1_s23_llama1b_kv3072_cap12-07_long_burst_guard_fast-r11-0-9273ab8a,69,74,0.15659693499947025
llama1b,3072,12,23,long,burst,handoff,7102.644969469,diag00_a1_s23_llama1b_kv3072_cap12-07_long_burst_guard_fast,guard_fast,cmpl-diag00_a1_s23_llama1b_kv3072_cap12-07_long_burst_guard_fast-r1-0-aa8cf7c9,cmpl-diag00_a1_s23_llama1b_kv3072_cap12-07_long_burst_guard_fast-r5-0-a7ff08c5,46,78,0.1252855789998648
llama1b,3072,12,23,long,burst,handoff,7102.788096703,diag00_a1_s23_llama1b_kv3072_cap12-07_long_burst_guard_fast,guard_fast,cmpl-diag00_a1_s23_llama1b_kv3072_cap12-07_long_burst_guard_fast-r11-0-9273ab8a,cmpl-diag00_a1_s23_llama1b_kv3072_cap12-07_long_burst_guard_fast-r9-0-88d59262,39,51,0.1434188979992541
llama1b,3072,12,23,long,burst,handoff,7102.922509951,diag00_a1_s23_llama1b_kv3072_cap12-07_long_burst_guard_fast,guard_fast,cmpl-diag00_a1_s23_llama1b_kv3072_cap12-07_long_burst_guard_fast-r5-0-a7ff08c5,cmpl-diag00_a1_s23_llama1b_kv3072_cap12-07_long_burst_guard_fast-r1-0-aa8cf7c9,62,71,0.1347029480002675
llama1b,3072,12,23,long,burst,handoff,7103.137534373,diag00_a1_s23_llama1b_kv3072_cap12-07_long_burst_guard_fast,guard_fast,cmpl-diag00_a1_s23_llama1b_kv3072_cap12-07_long_burst_guard_fast-r9-0-88d59262,cmpl-diag00_a1_s23_llama1b_kv3072_cap12-07_long_burst_guard_fast-r5-0-a7ff08c5,68,74,0.21528589799982
llama1b,3072,12,23,long,burst,handoff,7103.155410096,diag00_a1_s23_llama1b_kv3072_cap12-07_long_burst_guard_fast,guard_fast,cmpl-diag00_a1_s23_llama1b_kv3072_cap12-07_long_burst_guard_fast-r1-0-aa8cf7c9,cmpl-diag00_a1_s23_llama1b_kv3072_cap12-07_long_burst_guard_fast-r11-0-9273ab8a,66,78,0.13860383600058412
llama1b,3072,12,23,long,burst,handoff,7103.289660315,diag00_a1_s23_llama1b_kv3072_cap12-07_long_burst_guard_fast,guard_fast,cmpl-diag00_a1_s23_llama1b_kv3072_cap12-07_long_burst_guard_fast-r5-0-a7ff08c5,cmpl-diag00_a1_s23_llama1b_kv3072_cap12-07_long_burst_guard_fast-r9-0-88d59262,39,72,0.13452417500047886
llama1b,3072,12,23,long,burst,handoff,7103.443617791,diag00_a1_s23_llama1b_kv3072_cap12-07_long_burst_guard_fast,guard_fast,cmpl-diag00_a1_s23_llama1b_kv3072_cap12-07_long_burst_guard_fast-r11-0-9273ab8a,cmpl-diag00_a1_s23_llama1b_kv3072_cap12-07_long_burst_guard_fast-r1-0-aa8cf7c9,40,51,0.1541403999999602
llama1b,3072,12,23,long,burst,handoff,7103.573884171,diag00_a1_s23_llama1b_kv3072_cap12-07_long_burst_guard_fast,guard_fast,cmpl-diag00_a1_s23_llama1b_kv3072_cap12-07_long_burst_guard_fast-r9-0-88d59262,cmpl-diag00_a1_s23_llama1b_kv3072_cap12-07_long_burst_guard_fast-r5-0-a7ff08c5,68,74,0.1304553689997192
llama1b,3072,12,23,long,burst,handoff,7103.832612591,diag00_a1_s23_llama1b_kv3072_cap12-07_long_burst_guard_fast,guard_fast,cmpl-diag00_a1_s23_llama1b_kv3072_cap12-07_long_burst_guard_fast-r1-0-aa8cf7c9,cmpl-diag00_a1_s23_llama1b_kv3072_cap12-07_long_burst_guard_fast-r9-0-88d59262,66,79,0.2589447749996907
llama1b,3072,12,23,long,burst,handoff,7103.853184017,diag00_a1_s23_llama1b_kv3072_cap12-07_long_burst_guard_fast,guard_fast,cmpl-diag00_a1_s23_llama1b_kv3072_cap12-07_long_burst_guard_fast-r5-0-a7ff08c5,cmpl-diag00_a1_s23_llama1b_kv3072_cap12-07_long_burst_guard_fast-r11-0-9273ab8a,61,72,0.1726305729998785
llama1b,3072,12,23,long,burst,handoff,7103.998830651,diag00_a1_s23_llama1b_kv3072_cap12-07_long_burst_guard_fast,guard_fast,cmpl-diag00_a1_s23_llama1b_kv3072_cap12-07_long_burst_guard_fast-r9-0-88d59262,cmpl-diag00_a1_s23_llama1b_kv3072_cap12-07_long_burst_guard_fast-r1-0-aa8cf7c9,40,74,0.14585078900017834
llama1b,3072,12,23,long,burst,handoff,7104.135580231,diag00_a1_s23_llama1b_kv3072_cap12-07_long_burst_guard_fast,guard_fast,cmpl-diag00_a1_s23_llama1b_kv3072_cap12-07_long_burst_guard_fast-r11-0-9273ab8a,cmpl-diag00_a1_s23_llama1b_kv3072_cap12-07_long_burst_guard_fast-r5-0-a7ff08c5,45,51,0.13702686699980404
llama1b,3072,12,23,long,burst,handoff,7104.281361248,diag00_a1_s23_llama1b_kv3072_cap12-07_long_burst_guard_fast,guard_fast,cmpl-diag00_a1_s23_llama1b_kv3072_cap12-07_long_burst_guard_fast-r1-0-aa8cf7c9,cmpl-diag00_a1_s23_llama1b_kv3072_cap12-07_long_burst_guard_fast-r9-0-88d59262,66,79,0.14604992900058278
llama1b,3072,12,23,long,burst,handoff,7104.522604531,diag00_a1_s23_llama1b_kv3072_cap12-07_long_burst_guard_fast,guard_fast,cmpl-diag00_a1_s23_llama1b_kv3072_cap12-07_long_burst_guard_fast-r5-0-a7ff08c5,cmpl-diag00_a1_s23_llama1b_kv3072_cap12-07_long_burst_guard_fast-r1-0-aa8cf7c9,61,72,0.24143420000018523
llama1b,3072,12,23,long,burst,handoff,7104.541492557,diag00_a1_s23_llama1b_kv3072_cap12-07_long_burst_guard_fast,guard_fast,cmpl-diag00_a1_s23_llama1b_kv3072_cap12-07_long_burst_guard_fast-r9-0-88d59262,cmpl-diag00_a1_s23_llama1b_kv3072_cap12-07_long_burst_guard_fast-r11-0-9273ab8a,68,74,0.15867466800045804
llama1b,3072,12,23,long,burst,handoff,7104.669426157,diag00_a1_s23_llama1b_kv3072_cap12-07_long_burst_guard_fast,guard_fast,cmpl-diag00_a1_s23_llama1b_kv3072_cap12-07_long_burst_guard_fast-r1-0-aa8cf7c9,cmpl-diag00_a1_s23_llama1b_kv3072_cap12-07_long_burst_guard_fast-r5-0-a7ff08c5,45,79,0.12812060800024483
llama1b,3072,12,23,long,burst,handoff,7104.813110406,diag00_a1_s23_llama1b_kv3072_cap12-07_long_burst_guard_fast,guard_fast,cmpl-diag00_a1_s23_llama1b_kv3072_cap12-07_long_burst_guard_fast-r11-0-9273ab8a,cmpl-diag00_a1_s23_llama1b_kv3072_cap12-07_long_burst_guard_fast-r9-0-88d59262,38,52,0.14392100400073105
llama1b,3072,12,23,long,burst,handoff,7104.95669609,diag00_a1_s23_llama1b_kv3072_cap12-07_long_burst_guard_fast,guard_fast,cmpl-diag00_a1_s23_llama1b_kv3072_cap12-07_long_burst_guard_fast-r5-0-a7ff08c5,cmpl-diag00_a1_s23_llama1b_kv3072_cap12-07_long_burst_guard_fast-r1-0-aa8cf7c9,60,72,0.14382068699978845
llama1b,3072,12,23,long,burst,handoff,7105.184783526,diag00_a1_s23_llama1b_kv3072_cap12-07_long_burst_guard_fast,guard_fast,cmpl-diag00_a1_s23_llama1b_kv3072_cap12-07_long_burst_guard_fast-r9-0-88d59262,cmpl-diag00_a1_s23_llama1b_kv3072_cap12-07_long_burst_guard_fast-r5-0-a7ff08c5,67,74,0.2283290189998297
llama1b,3072,12,23,long,burst,handoff,7105.204221841,diag00_a1_s23_llama1b_kv3072_cap12-07_long_burst_guard_fast,guard_fast,cmpl-diag00_a1_s23_llama1b_kv3072_cap12-07_long_burst_guard_fast-r1-0-aa8cf7c9,cmpl-diag00_a1_s23_llama1b_kv3072_cap12-07_long_burst_guard_fast-r11-0-9273ab8a,65,79,0.15132377299960353
llama1b,3072,12,23,long,burst,handoff,7105.345896337,diag00_a1_s23_llama1b_kv3072_cap12-07_long_burst_guard_fast,guard_fast,cmpl-diag00_a1_s23_llama1b_kv3072_cap12-07_long_burst_guard_fast-r5-0-a7ff08c5,cmpl-diag00_a1_s23_llama1b_kv3072_cap12-07_long_burst_guard_fast-r9-0-88d59262,38,72,0.14193080499990174
llama1b,3072,12,23,long,burst,handoff,7105.489795823,diag00_a1_s23_llama1b_kv3072_cap12-07_long_burst_guard_fast,guard_fast,cmpl-diag00_a1_s23_llama1b_kv3072_cap12-07_long_burst_guard_fast-r11-0-9273ab8a,cmpl-diag00_a1_s23_llama1b_kv3072_cap12-07_long_burst_guard_fast-r1-0-aa8cf7c9,40,52,0.14414269600001717
llama1b,3072,12,23,long,burst,handoff,7105.619506315,diag00_a1_s23_llama1b_kv3072_cap12-07_long_burst_guard_fast,guard_fast,cmpl-diag00_a1_s23_llama1b_kv3072_cap12-07_long_burst_guard_fast-r9-0-88d59262,cmpl-diag00_a1_s23_llama1b_kv3072_cap12-07_long_burst_guard_fast-r5-0-a7ff08c5,67,74,0.12989560099958908
llama1b,3072,12,23,long,burst,handoff,7105.865592207,diag00_a1_s23_llama1b_kv3072_cap12-07_long_burst_guard_fast,guard_fast,cmpl-diag00_a1_s23_llama1b_kv3072_cap12-07_long_burst_guard_fast-r1-0-aa8cf7c9,cmpl-diag00_a1_s23_llama1b_kv3072_cap12-07_long_burst_guard_fast-r9-0-88d59262,65,79,0.2463127010005337
llama1b,3072,12,23,long,burst,handoff,7105.886447556,diag00_a1_s23_llama1b_kv3072_cap12-07_long_burst_guard_fast,guard_fast,cmpl-diag00_a1_s23_llama1b_kv3072_cap12-07_long_burst_guard_fast-r5-0-a7ff08c5,cmpl-diag00_a1_s23_llama1b_kv3072_cap12-07_long_burst_guard_fast-r11-0-9273ab8a,60,72,0.16221264800060453
llama1b,3072,12,23,long,burst,handoff,7106.032234818,diag00_a1_s23_llama1b_kv3072_cap12-07_long_burst_guard_fast,guard_fast,cmpl-diag00_a1_s23_llama1b_kv3072_cap12-07_long_burst_guard_fast-r9-0-88d59262,cmpl-diag00_a1_s23_llama1b_kv3072_cap12-07_long_burst_guard_fast-r1-0-aa8cf7c9,40,75,0.14602510900022025
llama1b,3072,12,23,long,burst,handoff,7106.281084332,diag00_a1_s23_llama1b_kv3072_cap12-07_long_burst_guard_fast,guard_fast,cmpl-diag00_a1_s23_llama1b_kv3072_cap12-07_long_burst_guard_fast-r11-0-9273ab8a,cmpl-diag00_a1_s23_llama1b_kv3072_cap12-07_long_burst_guard_fast-r9-0-88d59262,44,52,0.24911483600044448
llama1b,3072,12,23,long,burst,handoff,7106.29787021,diag00_a1_s23_llama1b_kv3072_cap12-07_long_burst_guard_fast,guard_fast,cmpl-diag00_a1_s23_llama1b_kv3072_cap12-07_long_burst_guard_fast-r1-0-aa8cf7c9,cmpl-diag00_a1_s23_llama1b_kv3072_cap12-07_long_burst_guard_fast-r5-0-a7ff08c5,67,79,0.14872237399958976
llama1b,3072,12,23,long,burst,handoff,7106.514368139,diag00_a1_s23_llama1b_kv3072_cap12-07_long_burst_guard_fast,guard_fast,cmpl-diag00_a1_s23_llama1b_kv3072_cap12-07_long_burst_guard_fast-r9-0-88d59262,cmpl-diag00_a1_s23_llama1b_kv3072_cap12-07_long_burst_guard_fast-r1-0-aa8cf7c9,60,75,0.21678659600001993
llama1b,3072,12,23,long,burst,handoff,7106.530362697,diag00_a1_s23_llama1b_kv3072_cap12-07_long_burst_guard_fast,guard_fast,cmpl-diag00_a1_s23_llama1b_kv3072_cap12-07_long_burst_guard_fast-r5-0-a7ff08c5,cmpl-diag00_a1_s23_llama1b_kv3072_cap12-07_long_burst_guard_fast-r11-0-9273ab8a,64,72,0.14371695199952228
llama1b,3072,12,23,long,burst,handoff,7106.662698312,diag00_a1_s23_llama1b_kv3072_cap12-07_long_burst_guard_fast,guard_fast,cmpl-diag00_a1_s23_llama1b_kv3072_cap12-07_long_burst_guard_fast-r1-0-aa8cf7c9,cmpl-diag00_a1_s23_llama1b_kv3072_cap12-07_long_burst_guard_fast-r9-0-88d59262,44,79,0.13256053000077372
llama1b,3072,12,23,long,burst,handoff,7106.791086059,diag00_a1_s23_llama1b_kv3072_cap12-07_long_burst_guard_fast,guard_fast,cmpl-diag00_a1_s23_llama1b_kv3072_cap12-07_long_burst_guard_fast-r11-0-9273ab8a,cmpl-diag00_a1_s23_llama1b_kv3072_cap12-07_long_burst_guard_fast-r5-0-a7ff08c5,39,52,0.12870022300012351
llama1b,3072,12,23,long,burst,handoff,7106.922731828,diag00_a1_s23_llama1b_kv3072_cap12-07_long_burst_guard_fast,guard_fast,cmpl-diag00_a1_s23_llama1b_kv3072_cap12-07_long_burst_guard_fast-r9-0-88d59262,cmpl-diag00_a1_s23_llama1b_kv3072_cap12-07_long_burst_guard_fast-r1-0-aa8cf7c9,60,75,0.13185464199978014
llama1b,3072,12,23,long,burst,handoff,7107.138141626,diag00_a1_s23_llama1b_kv3072_cap12-07_long_burst_guard_fast,guard_fast,cmpl-diag00_a1_s23_llama1b_kv3072_cap12-07_long_burst_guard_fast-r5-0-a7ff08c5,cmpl-diag00_a1_s23_llama1b_kv3072_cap12-07_long_burst_guard_fast-r9-0-88d59262,64,73,0.2156560969997372
llama1b,3072,12,23,long,burst,handoff,7107.154781491,diag00_a1_s23_llama1b_kv3072_cap12-07_long_burst_guard_fast,guard_fast,cmpl-diag00_a1_s23_llama1b_kv3072_cap12-07_long_burst_guard_fast-r1-0-aa8cf7c9,cmpl-diag00_a1_s23_llama1b_kv3072_cap12-07_long_burst_guard_fast-r11-0-9273ab8a,66,79,0.14206335000017134
llama1b,3072,12,23,long,burst,handoff,7107.291999707,diag00_a1_s23_llama1b_kv3072_cap12-07_long_burst_guard_fast,guard_fast,cmpl-diag00_a1_s23_llama1b_kv3072_cap12-07_long_burst_guard_fast-r9-0-88d59262,cmpl-diag00_a1_s23_llama1b_kv3072_cap12-07_long_burst_guard_fast-r5-0-a7ff08c5,39,75,0.13742207599989342
llama1b,3072,12,23,long,burst,handoff,7107.436891206,diag00_a1_s23_llama1b_kv3072_cap12-07_long_burst_guard_fast,guard_fast,cmpl-diag00_a1_s23_llama1b_kv3072_cap12-07_long_burst_guard_fast-r11-0-9273ab8a,cmpl-diag00_a1_s23_llama1b_kv3072_cap12-07_long_burst_guard_fast-r1-0-aa8cf7c9,36,53,0.1451483239998197
llama1b,3072,12,23,long,burst,handoff,7107.5832771,diag00_a1_s23_llama1b_kv3072_cap12-07_long_burst_guard_fast,guard_fast,cmpl-diag00_a1_s23_llama1b_kv3072_cap12-07_long_burst_guard_fast-r5-0-a7ff08c5,cmpl-diag00_a1_s23_llama1b_kv3072_cap12-07_long_burst_guard_fast-r9-0-88d59262,63,73,0.1465678989998196
llama1b,3072,12,23,long,burst,handoff,7107.80652886,diag00_a1_s23_llama1b_kv3072_cap12-07_long_burst_guard_fast,guard_fast,cmpl-diag00_a1_s23_llama1b_kv3072_cap12-07_long_burst_guard_fast-r1-0-aa8cf7c9,cmpl-diag00_a1_s23_llama1b_kv3072_cap12-07_long_burst_guard_fast-r5-0-a7ff08c5,65,80,0.22342598300019745
llama1b,3072,12,23,long,burst,handoff,7107.823792242,diag00_a1_s23_llama1b_kv3072_cap12-07_long_burst_guard_fast,guard_fast,cmpl-diag00_a1_s23_llama1b_kv3072_cap12-07_long_burst_guard_fast-r9-0-88d59262,cmpl-diag00_a1_s23_llama1b_kv3072_cap12-07_long_burst_guard_fast-r11-0-9273ab8a,58,75,0.14322093000009772
llama1b,3072,12,23,long,burst,handoff,7107.969953838,diag00_a1_s23_llama1b_kv3072_cap12-07_long_burst_guard_fast,guard_fast,cmpl-diag00_a1_s23_llama1b_kv3072_cap12-07_long_burst_guard_fast-r5-0-a7ff08c5,cmpl-diag00_a1_s23_llama1b_kv3072_cap12-07_long_burst_guard_fast-r1-0-aa8cf7c9,36,73,0.1464393480000581
llama1b,3072,12,23,long,burst,handoff,7108.111874354,diag00_a1_s23_llama1b_kv3072_cap12-07_long_burst_guard_fast,guard_fast,cmpl-diag00_a1_s23_llama1b_kv3072_cap12-07_long_burst_guard_fast-r11-0-9273ab8a,cmpl-diag00_a1_s23_llama1b_kv3072_cap12-07_long_burst_guard_fast-r9-0-88d59262,43,53,0.1421945179999966
llama1b,3072,12,23,long,burst,handoff,7108.255506949,diag00_a1_s23_llama1b_kv3072_cap12-07_long_burst_guard_fast,guard_fast,cmpl-diag00_a1_s23_llama1b_kv3072_cap12-07_long_burst_guard_fast-r1-0-aa8cf7c9,cmpl-diag00_a1_s23_llama1b_kv3072_cap12-07_long_burst_guard_fast-r5-0-a7ff08c5,65,80,0.14382040700002108
llama1b,3072,12,23,long,burst,handoff,7108.475502886,diag00_a1_s23_llama1b_kv3072_cap12-07_long_burst_guard_fast,guard_fast,cmpl-diag00_a1_s23_llama1b_kv3072_cap12-07_long_burst_guard_fast-r9-0-88d59262,cmpl-diag00_a1_s23_llama1b_kv3072_cap12-07_long_burst_guard_fast-r1-0-aa8cf7c9,58,75,0.22016410600008385
llama1b,3072,12,23,long,burst,handoff,7108.497373179,diag00_a1_s23_llama1b_kv3072_cap12-07_long_burst_guard_fast,guard_fast,cmpl-diag00_a1_s23_llama1b_kv3072_cap12-07_long_burst_guard_fast-r5-0-a7ff08c5,cmpl-diag00_a1_s23_llama1b_kv3072_cap12-07_long_burst_guard_fast-r11-0-9273ab8a,63,73,0.1506122589998995
llama1b,3072,12,23,long,burst,handoff,7108.638548081,diag00_a1_s23_llama1b_kv3072_cap12-07_long_burst_guard_fast,guard_fast,cmpl-diag00_a1_s23_llama1b_kv3072_cap12-07_long_burst_guard_fast-r1-0-aa8cf7c9,cmpl-diag00_a1_s23_llama1b_kv3072_cap12-07_long_burst_guard_fast-r9-0-88d59262,43,80,0.14145844600079727
llama1b,3072,12,23,long,burst,handoff,7108.779568826,diag00_a1_s23_llama1b_kv3072_cap12-07_long_burst_guard_fast,guard_fast,cmpl-diag00_a1_s23_llama1b_kv3072_cap12-07_long_burst_guard_fast-r11-0-9273ab8a,cmpl-diag00_a1_s23_llama1b_kv3072_cap12-07_long_burst_guard_fast-r5-0-a7ff08c5,38,53,0.141259601999991
llama1b,3072,12,23,long,burst,handoff,7108.923166327,diag00_a1_s23_llama1b_kv3072_cap12-07_long_burst_guard_fast,guard_fast,cmpl-diag00_a1_s23_llama1b_kv3072_cap12-07_long_burst_guard_fast-r9-0-88d59262,cmpl-diag00_a1_s23_llama1b_kv3072_cap12-07_long_burst_guard_fast-r1-0-aa8cf7c9,58,75,0.14382875299997977
llama1b,3072,12,23,long,burst,handoff,7109.16282954,diag00_a1_s23_llama1b_kv3072_cap12-07_long_burst_guard_fast,guard_fast,cmpl-diag00_a1_s23_llama1b_kv3072_cap12-07_long_burst_guard_fast-r5-0-a7ff08c5,cmpl-diag00_a1_s23_llama1b_kv3072_cap12-07_long_burst_guard_fast-r9-0-88d59262,63,73,0.23991491899960238
llama1b,3072,12,23,long,burst,handoff,7109.180555905,diag00_a1_s23_llama1b_kv3072_cap12-07_long_burst_guard_fast,guard_fast,cmpl-diag00_a1_s23_llama1b_kv3072_cap12-07_long_burst_guard_fast-r1-0-aa8cf7c9,cmpl-diag00_a1_s23_llama1b_kv3072_cap12-07_long_burst_guard_fast-r11-0-9273ab8a,65,80,0.1531169290001344
llama1b,3072,12,23,long,burst,handoff,7109.322008771,diag00_a1_s23_llama1b_kv3072_cap12-07_long_burst_guard_fast,guard_fast,cmpl-diag00_a1_s23_llama1b_kv3072_cap12-07_long_burst_guard_fast-r9-0-88d59262,cmpl-diag00_a1_s23_llama1b_kv3072_cap12-07_long_burst_guard_fast-r5-0-a7ff08c5,38,75,0.14169180499993672
llama1b,3072,12,23,long,burst,handoff,7109.465781848,diag00_a1_s23_llama1b_kv3072_cap12-07_long_burst_guard_fast,guard_fast,cmpl-diag00_a1_s23_llama1b_kv3072_cap12-07_long_burst_guard_fast-r11-0-9273ab8a,cmpl-diag00_a1_s23_llama1b_kv3072_cap12-07_long_burst_guard_fast-r1-0-aa8cf7c9,36,53,0.14400632500019128
llama1b,3072,12,23,long,burst,handoff,7109.610303327,diag00_a1_s23_llama1b_kv3072_cap12-07_long_burst_guard_fast,guard_fast,cmpl-diag00_a1_s23_llama1b_kv3072_cap12-07_long_burst_guard_fast-r5-0-a7ff08c5,cmpl-diag00_a1_s23_llama1b_kv3072_cap12-07_long_burst_guard_fast-r9-0-88d59262,63,73,0.14477153300049395
llama1b,3072,12,23,long,burst,handoff,7109.849799262,diag00_a1_s23_llama1b_kv3072_cap12-07_long_burst_guard_fast,guard_fast,cmpl-diag00_a1_s23_llama1b_kv3072_cap12-07_long_burst_guard_fast-r1-0-aa8cf7c9,cmpl-diag00_a1_s23_llama1b_kv3072_cap12-07_long_burst_guard_fast-r5-0-a7ff08c5,65,80,0.23967967799944745
llama1b,3072,12,23,long,burst,handoff,7109.868872689,diag00_a1_s23_llama1b_kv3072_cap12-07_long_burst_guard_fast,guard_fast,cmpl-diag00_a1_s23_llama1b_kv3072_cap12-07_long_burst_guard_fast-r9-0-88d59262,cmpl-diag00_a1_s23_llama1b_kv3072_cap12-07_long_burst_guard_fast-r11-0-9273ab8a,58,76,0.1569273790000807
llama1b,3072,12,23,long,burst,handoff,7110.011518675,diag00_a1_s23_llama1b_kv3072_cap12-07_long_burst_guard_fast,guard_fast,cmpl-diag00_a1_s23_llama1b_kv3072_cap12-07_long_burst_guard_fast-r5-0-a7ff08c5,cmpl-diag00_a1_s23_llama1b_kv3072_cap12-07_long_burst_guard_fast-r1-0-aa8cf7c9,35,73,0.14289090399961424
llama1b,3072,12,23,long,burst,handoff,7110.150686474,diag00_a1_s23_llama1b_kv3072_cap12-07_long_burst_guard_fast,guard_fast,cmpl-diag00_a1_s23_llama1b_kv3072_cap12-07_long_burst_guard_fast-r11-0-9273ab8a,cmpl-diag00_a1_s23_llama1b_kv3072_cap12-07_long_burst_guard_fast-r9-0-88d59262,42,54,0.13934291700024914
llama1b,3072,12,23,long,burst,handoff,7110.290788021,diag00_a1_s23_llama1b_kv3072_cap12-07_long_burst_guard_fast,guard_fast,cmpl-diag00_a1_s23_llama1b_kv3072_cap12-07_long_burst_guard_fast-r1-0-aa8cf7c9,cmpl-diag00_a1_s23_llama1b_kv3072_cap12-07_long_burst_guard_fast-r5-0-a7ff08c5,64,80,0.14036559899977874
llama1b,3072,12,23,long,burst,handoff,7110.540317963,diag00_a1_s23_llama1b_kv3072_cap12-07_long_burst_guard_fast,guard_fast,cmpl-diag00_a1_s23_llama1b_kv3072_cap12-07_long_burst_guard_fast-r9-0-88d59262,cmpl-diag00_a1_s23_llama1b_kv3072_cap12-07_long_burst_guard_fast-r1-0-aa8cf7c9,57,76,0.24973196700011613
llama1b,3072,12,23,long,burst,handoff,7110.559947213,diag00_a1_s23_llama1b_kv3072_cap12-07_long_burst_guard_fast,guard_fast,cmpl-diag00_a1_s23_llama1b_kv3072_cap12-07_long_burst_guard_fast-r5-0-a7ff08c5,cmpl-diag00_a1_s23_llama1b_kv3072_cap12-07_long_burst_guard_fast-r11-0-9273ab8a,61,73,0.16608722000000853
llama1b,3072,12,23,long,burst,handoff,7110.705362047,diag00_a1_s23_llama1b_kv3072_cap12-07_long_burst_guard_fast,guard_fast,cmpl-diag00_a1_s23_llama1b_kv3072_cap12-07_long_burst_guard_fast-r1-0-aa8cf7c9,cmpl-diag00_a1_s23_llama1b_kv3072_cap12-07_long_burst_guard_fast-r9-0-88d59262,42,80,0.14562902399939048
llama1b,3072,12,23,long,burst,handoff,7110.847726113,diag00_a1_s23_llama1b_kv3072_cap12-07_long_burst_guard_fast,guard_fast,cmpl-diag00_a1_s23_llama1b_kv3072_cap12-07_long_burst_guard_fast-r11-0-9273ab8a,cmpl-diag00_a1_s23_llama1b_kv3072_cap12-07_long_burst_guard_fast-r5-0-a7ff08c5,37,54,0.14254755599995406
llama1b,3072,12,23,long,burst,handoff,7110.992651989,diag00_a1_s23_llama1b_kv3072_cap12-07_long_burst_guard_fast,guard_fast,cmpl-diag00_a1_s23_llama1b_kv3072_cap12-07_long_burst_guard_fast-r9-0-88d59262,cmpl-diag00_a1_s23_llama1b_kv3072_cap12-07_long_burst_guard_fast-r1-0-aa8cf7c9,57,76,0.1451637430000119
llama1b,3072,12,23,long,burst,handoff,7111.227450075,diag00_a1_s23_llama1b_kv3072_cap12-07_long_burst_guard_fast,guard_fast,cmpl-diag00_a1_s23_llama1b_kv3072_cap12-07_long_burst_guard_fast-r5-0-a7ff08c5,cmpl-diag00_a1_s23_llama1b_kv3072_cap12-07_long_burst_guard_fast-r9-0-88d59262,61,74,0.23502348199963308
llama1b,3072,12,23,long,burst,handoff,7111.243579366,diag00_a1_s23_llama1b_kv3072_cap12-07_long_burst_guard_fast,guard_fast,cmpl-diag00_a1_s23_llama1b_kv3072_cap12-07_long_burst_guard_fast-r1-0-aa8cf7c9,cmpl-diag00_a1_s23_llama1b_kv3072_cap12-07_long_burst_guard_fast-r11-0-9273ab8a,63,80,0.15012189699973533
llama1b,3072,12,23,long,burst,handoff,7111.374399778,diag00_a1_s23_llama1b_kv3072_cap12-07_long_burst_guard_fast,guard_fast,cmpl-diag00_a1_s23_llama1b_kv3072_cap12-07_long_burst_guard_fast-r9-0-88d59262,cmpl-diag00_a1_s23_llama1b_kv3072_cap12-07_long_burst_guard_fast-r5-0-a7ff08c5,37,76,0.13097969499995088
llama1b,3072,12,23,long,burst,handoff,7111.517382285,diag00_a1_s23_llama1b_kv3072_cap12-07_long_burst_guard_fast,guard_fast,cmpl-diag00_a1_s23_llama1b_kv3072_cap12-07_long_burst_guard_fast-r11-0-9273ab8a,cmpl-diag00_a1_s23_llama1b_kv3072_cap12-07_long_burst_guard_fast-r1-0-aa8cf7c9,34,54,0.14319789000001037
llama1b,3072,12,23,long,burst,handoff,7111.649006566,diag00_a1_s23_llama1b_kv3072_cap12-07_long_burst_guard_fast,guard_fast,cmpl-diag00_a1_s23_llama1b_kv3072_cap12-07_long_burst_guard_fast-r5-0-a7ff08c5,cmpl-diag00_a1_s23_llama1b_kv3072_cap12-07_long_burst_guard_fast-r9-0-88d59262,61,74,0.13184936600009678
llama1b,3072,12,23,long,burst,handoff,7111.874579951,diag00_a1_s23_llama1b_kv3072_cap12-07_long_burst_guard_fast,guard_fast,cmpl-diag00_a1_s23_llama1b_kv3072_cap12-07_long_burst_guard_fast-r1-0-aa8cf7c9,cmpl-diag00_a1_s23_llama1b_kv3072_cap12-07_long_burst_guard_fast-r5-0-a7ff08c5,63,81,0.22583392900014587
llama1b,3072,12,23,long,burst,handoff,7111.891729084,diag00_a1_s23_llama1b_kv3072_cap12-07_long_burst_guard_fast,guard_fast,cmpl-diag00_a1_s23_llama1b_kv3072_cap12-07_long_burst_guard_fast-r9-0-88d59262,cmpl-diag00_a1_s23_llama1b_kv3072_cap12-07_long_burst_guard_fast-r11-0-9273ab8a,56,76,0.14749071000005642
llama1b,3072,12,23,long,burst,handoff,7112.032021239,diag00_a1_s23_llama1b_kv3072_cap12-07_long_burst_guard_fast,guard_fast,cmpl-diag00_a1_s23_llama1b_kv3072_cap12-07_long_burst_guard_fast-r5-0-a7ff08c5,cmpl-diag00_a1_s23_llama1b_kv3072_cap12-07_long_burst_guard_fast-r1-0-aa8cf7c9,34,74,0.1404760539999188
llama1b,3072,12,23,long,burst,handoff,7112.160498874,diag00_a1_s23_llama1b_kv3072_cap12-07_long_burst_guard_fast,guard_fast,cmpl-diag00_a1_s23_llama1b_kv3072_cap12-07_long_burst_guard_fast-r11-0-9273ab8a,cmpl-diag00_a1_s23_llama1b_kv3072_cap12-07_long_burst_guard_fast-r9-0-88d59262,41,54,0.12865142099963123
llama1b,3072,12,23,long,burst,handoff,7112.288730342,diag00_a1_s23_llama1b_kv3072_cap12-07_long_burst_guard_fast,guard_fast,cmpl-diag00_a1_s23_llama1b_kv3072_cap12-07_long_burst_guard_fast-r1-0-aa8cf7c9,cmpl-diag00_a1_s23_llama1b_kv3072_cap12-07_long_burst_guard_fast-r5-0-a7ff08c5,63,81,0.12844025400045211
llama1b,3072,12,23,long,burst,handoff,7112.52022372,diag00_a1_s23_llama1b_kv3072_cap12-07_long_burst_guard_fast,guard_fast,cmpl-diag00_a1_s23_llama1b_kv3072_cap12-07_long_burst_guard_fast-r9-0-88d59262,cmpl-diag00_a1_s23_llama1b_kv3072_cap12-07_long_burst_guard_fast-r1-0-aa8cf7c9,56,76,0.23179623499981972
llama1b,3072,12,23,long,burst,handoff,7112.537914745,diag00_a1_s23_llama1b_kv3072_cap12-07_long_burst_guard_fast,guard_fast,cmpl-diag00_a1_s23_llama1b_kv3072_cap12-07_long_burst_guard_fast-r5-0-a7ff08c5,cmpl-diag00_a1_s23_llama1b_kv3072_cap12-07_long_burst_guard_fast-r11-0-9273ab8a,61,74,0.15547826100009843
llama1b,3072,12,23,long,burst,handoff,7112.669840873,diag00_a1_s23_llama1b_kv3072_cap12-07_long_burst_guard_fast,guard_fast,cmpl-diag00_a1_s23_llama1b_kv3072_cap12-07_long_burst_guard_fast-r1-0-aa8cf7c9,cmpl-diag00_a1_s23_llama1b_kv3072_cap12-07_long_burst_guard_fast-r9-0-88d59262,41,81,0.13211395500002254
llama1b,3072,12,23,long,burst,handoff,7112.802950055,diag00_a1_s23_llama1b_kv3072_cap12-07_long_burst_guard_fast,guard_fast,cmpl-diag00_a1_s23_llama1b_kv3072_cap12-07_long_burst_guard_fast-r11-0-9273ab8a,cmpl-diag00_a1_s23_llama1b_kv3072_cap12-07_long_burst_guard_fast-r5-0-a7ff08c5,36,55,0.13338661299985688
llama1b,3072,12,23,long,burst,handoff,7112.944044215,diag00_a1_s23_llama1b_kv3072_cap12-07_long_burst_guard_fast,guard_fast,cmpl-diag00_a1_s23_llama1b_kv3072_cap12-07_long_burst_guard_fast-r9-0-88d59262,cmpl-diag00_a1_s23_llama1b_kv3072_cap12-07_long_burst_guard_fast-r1-0-aa8cf7c9,55,76,0.14133834699987347
llama1b,3072,12,23,long,burst,handoff,7113.160374326,diag00_a1_s23_llama1b_kv3072_cap12-07_long_burst_guard_fast,guard_fast,cmpl-diag00_a1_s23_llama1b_kv3072_cap12-07_long_burst_guard_fast-r5-0-a7ff08c5,cmpl-diag00_a1_s23_llama1b_kv3072_cap12-07_long_burst_guard_fast-r9-0-88d59262,60,74,0.21671837299982144
llama1b,3072,12,23,long,burst,handoff,7113.176483567,diag00_a1_s23_llama1b_kv3072_cap12-07_long_burst_guard_fast,guard_fast,cmpl-diag00_a1_s23_llama1b_kv3072_cap12-07_long_burst_guard_fast-r1-0-aa8cf7c9,cmpl-diag00_a1_s23_llama1b_kv3072_cap12-07_long_burst_guard_fast-r11-0-9273ab8a,62,81,0.14244884999970964
llama1b,3072,12,23,long,burst,handoff,7113.304043558,diag00_a1_s23_llama1b_kv3072_cap12-07_long_burst_guard_fast,guard_fast,cmpl-diag00_a1_s23_llama1b_kv3072_cap12-07_long_burst_guard_fast-r9-0-88d59262,cmpl-diag00_a1_s23_llama1b_kv3072_cap12-07_long_burst_guard_fast-r5-0-a7ff08c5,36,76,0.12783191399921634
llama1b,3072,12,23,long,burst,handoff,7113.44638803,diag00_a1_s23_llama1b_kv3072_cap12-07_long_burst_guard_fast,guard_fast,cmpl-diag00_a1_s23_llama1b_kv3072_cap12-07_long_burst_guard_fast-r11-0-9273ab8a,cmpl-diag00_a1_s23_llama1b_kv3072_cap12-07_long_burst_guard_fast-r1-0-aa8cf7c9,34,55,0.14259793400015042
llama1b,3072,12,23,long,burst,handoff,7113.578373211,diag00_a1_s23_llama1b_kv3072_cap12-07_long_burst_guard_fast,guard_fast,cmpl-diag00_a1_s23_llama1b_kv3072_cap12-07_long_burst_guard_fast-r5-0-a7ff08c5,cmpl-diag00_a1_s23_llama1b_kv3072_cap12-07_long_burst_guard_fast-r9-0-88d59262,60,74,0.13219643100001122
llama1b,3072,12,23,long,burst,handoff,7113.802455727,diag00_a1_s23_llama1b_kv3072_cap12-07_long_burst_guard_fast,guard_fast,cmpl-diag00_a1_s23_llama1b_kv3072_cap12-07_long_burst_guard_fast-r1-0-aa8cf7c9,cmpl-diag00_a1_s23_llama1b_kv3072_cap12-07_long_burst_guard_fast-r5-0-a7ff08c5,62,81,0.22430942200026038
llama1b,3072,12,23,long,burst,handoff,7113.818441877,diag00_a1_s23_llama1b_kv3072_cap12-07_long_burst_guard_fast,guard_fast,cmpl-diag00_a1_s23_llama1b_kv3072_cap12-07_long_burst_guard_fast-r9-0-88d59262,cmpl-diag00_a1_s23_llama1b_kv3072_cap12-07_long_burst_guard_fast-r11-0-9273ab8a,55,77,0.1472257380000883
llama1b,3072,12,23,long,burst,handoff,7113.958434078,diag00_a1_s23_llama1b_kv3072_cap12-07_long_burst_guard_fast,guard_fast,cmpl-diag00_a1_s23_llama1b_kv3072_cap12-07_long_burst_guard_fast-r5-0-a7ff08c5,cmpl-diag00_a1_s23_llama1b_kv3072_cap12-07_long_burst_guard_fast-r1-0-aa8cf7c9,33,74,0.14024767499995505
llama1b,3072,12,23,long,burst,handoff,7114.088725526,diag00_a1_s23_llama1b_kv3072_cap12-07_long_burst_guard_fast,guard_fast,cmpl-diag00_a1_s23_llama1b_kv3072_cap12-07_long_burst_guard_fast-r11-0-9273ab8a,cmpl-diag00_a1_s23_llama1b_kv3072_cap12-07_long_burst_guard_fast-r9-0-88d59262,40,55,0.13057908300015697
llama1b,3072,12,23,long,burst,handoff,7114.215263141,diag00_a1_s23_llama1b_kv3072_cap12-07_long_burst_guard_fast,guard_fast,cmpl-diag00_a1_s23_llama1b_kv3072_cap12-07_long_burst_guard_fast-r1-0-aa8cf7c9,cmpl-diag00_a1_s23_llama1b_kv3072_cap12-07_long_burst_guard_fast-r5-0-a7ff08c5,62,81,0.1267407759996786
llama1b,3072,12,23,long,burst,handoff,7114.447250913,diag00_a1_s23_llama1b_kv3072_cap12-07_long_burst_guard_fast,guard_fast,cmpl-diag00_a1_s23_llama1b_kv3072_cap12-07_long_burst_guard_fast-r9-0-88d59262,cmpl-diag00_a1_s23_llama1b_kv3072_cap12-07_long_burst_guard_fast-r1-0-aa8cf7c9,55,77,0.23220159900029103
llama1b,3072,12,23,long,burst,handoff,7114.462921556,diag00_a1_s23_llama1b_kv3072_cap12-07_long_burst_guard_fast,guard_fast,cmpl-diag00_a1_s23_llama1b_kv3072_cap12-07_long_burst_guard_fast-r5-0-a7ff08c5,cmpl-diag00_a1_s23_llama1b_kv3072_cap12-07_long_burst_guard_fast-r11-0-9273ab8a,59,74,0.15461000399955083
llama1b,3072,12,23,long,burst,handoff,7114.596445445,diag00_a1_s23_llama1b_kv3072_cap12-07_long_burst_guard_fast,guard_fast,cmpl-diag00_a1_s23_llama1b_kv3072_cap12-07_long_burst_guard_fast-r1-0-aa8cf7c9,cmpl-diag00_a1_s23_llama1b_kv3072_cap12-07_long_burst_guard_fast-r9-0-88d59262,40,81,0.13379347800037067
llama1b,3072,12,23,long,burst,handoff,7114.725985542,diag00_a1_s23_llama1b_kv3072_cap12-07_long_burst_guard_fast,guard_fast,cmpl-diag00_a1_s23_llama1b_kv3072_cap12-07_long_burst_guard_fast-r11-0-9273ab8a,cmpl-diag00_a1_s23_llama1b_kv3072_cap12-07_long_burst_guard_fast-r5-0-a7ff08c5,35,55,0.12991568599954917
llama1b,3072,12,23,long,burst,handoff,7114.868181739,diag00_a1_s23_llama1b_kv3072_cap12-07_long_burst_guard_fast,guard_fast,cmpl-diag00_a1_s23_llama1b_kv3072_cap12-07_long_burst_guard_fast-r9-0-88d59262,cmpl-diag00_a1_s23_llama1b_kv3072_cap12-07_long_burst_guard_fast-r1-0-aa8cf7c9,55,77,0.14236300099946675
llama1b,3072,12,23,long,burst,handoff,7115.089484728,diag00_a1_s23_llama1b_kv3072_cap12-07_long_burst_guard_fast,guard_fast,cmpl-diag00_a1_s23_llama1b_kv3072_cap12-07_long_burst_guard_fast-r5-0-a7ff08c5,cmpl-diag00_a1_s23_llama1b_kv3072_cap12-07_long_burst_guard_fast-r9-0-88d59262,59,75,0.22146116899966728
llama1b,3072,12,23,long,burst,handoff,7115.105958363,diag00_a1_s23_llama1b_kv3072_cap12-07_long_burst_guard_fast,guard_fast,cmpl-diag00_a1_s23_llama1b_kv3072_cap12-07_long_burst_guard_fast-r1-0-aa8cf7c9,cmpl-diag00_a1_s23_llama1b_kv3072_cap12-07_long_burst_guard_fast-r11-0-9273ab8a,61,81,0.1442443900004946
llama1b,3072,12,23,long,burst,handoff,7115.235490239,diag00_a1_s23_llama1b_kv3072_cap12-07_long_burst_guard_fast,guard_fast,cmpl-diag00_a1_s23_llama1b_kv3072_cap12-07_long_burst_guard_fast-r9-0-88d59262,cmpl-diag00_a1_s23_llama1b_kv3072_cap12-07_long_burst_guard_fast-r5-0-a7ff08c5,35,77,0.12974911799938127
llama1b,3072,12,23,long,burst,handoff,7115.376619577,diag00_a1_s23_llama1b_kv3072_cap12-07_long_burst_guard_fast,guard_fast,cmpl-diag00_a1_s23_llama1b_kv3072_cap12-07_long_burst_guard_fast-r11-0-9273ab8a,cmpl-diag00_a1_s23_llama1b_kv3072_cap12-07_long_burst_guard_fast-r1-0-aa8cf7c9,32,56,0.14139239500036638
llama1b,3072,12,23,long,burst,handoff,7115.509016025,diag00_a1_s23_llama1b_kv3072_cap12-07_long_burst_guard_fast,guard_fast,cmpl-diag00_a1_s23_llama1b_kv3072_cap12-07_long_burst_guard_fast-r5-0-a7ff08c5,cmpl-diag00_a1_s23_llama1b_kv3072_cap12-07_long_burst_guard_fast-r9-0-88d59262,58,75,0.13261918100033654
llama1b,3072,12,23,long,burst,handoff,7115.729088732,diag00_a1_s23_llama1b_kv3072_cap12-07_long_burst_guard_fast,guard_fast,cmpl-diag00_a1_s23_llama1b_kv3072_cap12-07_long_burst_guard_fast-r1-0-aa8cf7c9,cmpl-diag00_a1_s23_llama1b_kv3072_cap12-07_long_burst_guard_fast-r5-0-a7ff08c5,60,82,0.22031288399921323
llama1b,3072,12,23,long,burst,handoff,7115.747034337,diag00_a1_s23_llama1b_kv3072_cap12-07_long_burst_guard_fast,guard_fast,cmpl-diag00_a1_s23_llama1b_kv3072_cap12-07_long_burst_guard_fast-r9-0-88d59262,cmpl-diag00_a1_s23_llama1b_kv3072_cap12-07_long_burst_guard_fast-r11-0-9273ab8a,53,77,0.14491894599996158
llama1b,3072,12,23,long,burst,handoff,7115.896311189,diag00_a1_s23_llama1b_kv3072_cap12-07_long_burst_guard_fast,guard_fast,cmpl-diag00_a1_s23_llama1b_kv3072_cap12-07_long_burst_guard_fast-r5-0-a7ff08c5,cmpl-diag00_a1_s23_llama1b_kv3072_cap12-07_long_burst_guard_fast-r1-0-aa8cf7c9,32,75,0.14955463699971006
llama1b,3072,12,23,long,burst,handoff,7116.034924499,diag00_a1_s23_llama1b_kv3072_cap12-07_long_burst_guard_fast,guard_fast,cmpl-diag00_a1_s23_llama1b_kv3072_cap12-07_long_burst_guard_fast-r11-0-9273ab8a,cmpl-diag00_a1_s23_llama1b_kv3072_cap12-07_long_burst_guard_fast-r9-0-88d59262,39,56,0.13911599000039132
llama1b,3072,12,23,long,burst,handoff,7116.176174325,diag00_a1_s23_llama1b_kv3072_cap12-07_long_burst_guard_fast,guard_fast,cmpl-diag00_a1_s23_llama1b_kv3072_cap12-07_long_burst_guard_fast-r1-0-aa8cf7c9,cmpl-diag00_a1_s23_llama1b_kv3072_cap12-07_long_burst_guard_fast-r5-0-a7ff08c5,60,82,0.1414960339998288
llama1b,3072,12,23,long,burst,handoff,7116.439259144,diag00_a1_s23_llama1b_kv3072_cap12-07_long_burst_guard_fast,guard_fast,cmpl-diag00_a1_s23_llama1b_kv3072_cap12-07_long_burst_guard_fast-r9-0-88d59262,cmpl-diag00_a1_s23_llama1b_kv3072_cap12-07_long_burst_guard_fast-r1-0-aa8cf7c9,53,77,0.26331156699961866
llama1b,3072,12,23,long,burst,handoff,7116.456117468,diag00_a1_s23_llama1b_kv3072_cap12-07_long_burst_guard_fast,guard_fast,cmpl-diag00_a1_s23_llama1b_kv3072_cap12-07_long_burst_guard_fast-r5-0-a7ff08c5,cmpl-diag00_a1_s23_llama1b_kv3072_cap12-07_long_burst_guard_fast-r11-0-9273ab8a,58,75,0.17519614000048023
llama1b,3072,12,23,long,burst,handoff,7116.599626328,diag00_a1_s23_llama1b_kv3072_cap12-07_long_burst_guard_fast,guard_fast,cmpl-diag00_a1_s23_llama1b_kv3072_cap12-07_long_burst_guard_fast-r1-0-aa8cf7c9,cmpl-diag00_a1_s23_llama1b_kv3072_cap12-07_long_burst_guard_fast-r9-0-88d59262,39,82,0.1438155519999782
llama1b,3072,12,23,long,burst,handoff,7116.748405552,diag00_a1_s23_llama1b_kv3072_cap12-07_long_burst_guard_fast,guard_fast,cmpl-diag00_a1_s23_llama1b_kv3072_cap12-07_long_burst_guard_fast-r11-0-9273ab8a,cmpl-diag00_a1_s23_llama1b_kv3072_cap12-07_long_burst_guard_fast-r5-0-a7ff08c5,34,56,0.148944018000293
llama1b,3072,12,23,long,burst,handoff,7116.90252014,diag00_a1_s23_llama1b_kv3072_cap12-07_long_burst_guard_fast,guard_fast,cmpl-diag00_a1_s23_llama1b_kv3072_cap12-07_long_burst_guard_fast-r9-0-88d59262,cmpl-diag00_a1_s23_llama1b_kv3072_cap12-07_long_burst_guard_fast-r1-0-aa8cf7c9,53,77,0.1544121440001618
llama1b,3072,12,23,long,burst,handoff,7117.144729092,diag00_a1_s23_llama1b_kv3072_cap12-07_long_burst_guard_fast,guard_fast,cmpl-diag00_a1_s23_llama1b_kv3072_cap12-07_long_burst_guard_fast-r5-0-a7ff08c5,cmpl-diag00_a1_s23_llama1b_kv3072_cap12-07_long_burst_guard_fast-r9-0-88d59262,58,75,0.24246050499914418
llama1b,3072,12,23,long,burst,handoff,7117.161712067,diag00_a1_s23_llama1b_kv3072_cap12-07_long_burst_guard_fast,guard_fast,cmpl-diag00_a1_s23_llama1b_kv3072_cap12-07_long_burst_guard_fast-r1-0-aa8cf7c9,cmpl-diag00_a1_s23_llama1b_kv3072_cap12-07_long_burst_guard_fast-r11-0-9273ab8a,60,82,0.1570394780001152
llama1b,3072,12,23,long,burst,handoff,7117.305608669,diag00_a1_s23_llama1b_kv3072_cap12-07_long_burst_guard_fast,guard_fast,cmpl-diag00_a1_s23_llama1b_kv3072_cap12-07_long_burst_guard_fast-r9-0-88d59262,cmpl-diag00_a1_s23_llama1b_kv3072_cap12-07_long_burst_guard_fast-r5-0-a7ff08c5,34,77,0.14412769899990963
llama1b,3072,12,23,long,burst,handoff,7117.460019182,diag00_a1_s23_llama1b_kv3072_cap12-07_long_burst_guard_fast,guard_fast,cmpl-diag00_a1_s23_llama1b_kv3072_cap12-07_long_burst_guard_fast-r11-0-9273ab8a,cmpl-diag00_a1_s23_llama1b_kv3072_cap12-07_long_burst_guard_fast-r1-0-aa8cf7c9,32,56,0.15466393699989567
llama1b,3072,12,23,long,burst,handoff,7117.60567274,diag00_a1_s23_llama1b_kv3072_cap12-07_long_burst_guard_fast,guard_fast,cmpl-diag00_a1_s23_llama1b_kv3072_cap12-07_long_burst_guard_fast-r5-0-a7ff08c5,cmpl-diag00_a1_s23_llama1b_kv3072_cap12-07_long_burst_guard_fast-r9-0-88d59262,58,75,0.1458465920004528
llama1b,3072,12,23,long,burst,handoff,7117.85511261,diag00_a1_s23_llama1b_kv3072_cap12-07_long_burst_guard_fast,guard_fast,cmpl-diag00_a1_s23_llama1b_kv3072_cap12-07_long_burst_guard_fast-r1-0-aa8cf7c9,cmpl-diag00_a1_s23_llama1b_kv3072_cap12-07_long_burst_guard_fast-r5-0-a7ff08c5,60,82,0.24969359500028077
llama1b,3072,12,23,long,burst,handoff,7117.87246156,diag00_a1_s23_llama1b_kv3072_cap12-07_long_burst_guard_fast,guard_fast,cmpl-diag00_a1_s23_llama1b_kv3072_cap12-07_long_burst_guard_fast-r9-0-88d59262,cmpl-diag00_a1_s23_llama1b_kv3072_cap12-07_long_burst_guard_fast-r11-0-9273ab8a,53,78,0.1626415150003595
llama1b,3072,12,23,long,burst,handoff,7118.029866475,diag00_a1_s23_llama1b_kv3072_cap12-07_long_burst_guard_fast,guard_fast,cmpl-diag00_a1_s23_llama1b_kv3072_cap12-07_long_burst_guard_fast-r5-0-a7ff08c5,cmpl-diag00_a1_s23_llama1b_kv3072_cap12-07_long_burst_guard_fast-r1-0-aa8cf7c9,31,75,0.15763977499955217
llama1b,3072,12,23,long,burst,handoff,7118.173700378,diag00_a1_s23_llama1b_kv3072_cap12-07_long_burst_guard_fast,guard_fast,cmpl-diag00_a1_s23_llama1b_kv3072_cap12-07_long_burst_guard_fast-r11-0-9273ab8a,cmpl-diag00_a1_s23_llama1b_kv3072_cap12-07_long_burst_guard_fast-r9-0-88d59262,38,57,0.14401876099964284
llama1b,3072,12,23,long,burst,handoff,7118.300961898,diag00_a1_s23_llama1b_kv3072_cap12-07_long_burst_guard_fast,guard_fast,cmpl-diag00_a1_s23_llama1b_kv3072_cap12-07_long_burst_guard_fast-r1-0-aa8cf7c9,cmpl-diag00_a1_s23_llama1b_kv3072_cap12-07_long_burst_guard_fast-r5-0-a7ff08c5,59,82,0.12748293399999966
llama1b,3072,12,23,long,burst,handoff,7118.548879135,diag00_a1_s23_llama1b_kv3072_cap12-07_long_burst_guard_fast,guard_fast,cmpl-diag00_a1_s23_llama1b_kv3072_cap12-07_long_burst_guard_fast-r9-0-88d59262,cmpl-diag00_a1_s23_llama1b_kv3072_cap12-07_long_burst_guard_fast-r1-0-aa8cf7c9,52,78,0.24814193200018053
llama1b,3072,12,23,long,burst,handoff,7118.565084832,diag00_a1_s23_llama1b_kv3072_cap12-07_long_burst_guard_fast,guard_fast,cmpl-diag00_a1_s23_llama1b_kv3072_cap12-07_long_burst_guard_fast-r5-0-a7ff08c5,cmpl-diag00_a1_s23_llama1b_kv3072_cap12-07_long_burst_guard_fast-r11-0-9273ab8a,56,75,0.15866808800001309
llama1b,3072,12,23,long,burst,handoff,7118.697985718,diag00_a1_s23_llama1b_kv3072_cap12-07_long_burst_guard_fast,guard_fast,cmpl-diag00_a1_s23_llama1b_kv3072_cap12-07_long_burst_guard_fast-r1-0-aa8cf7c9,cmpl-diag00_a1_s23_llama1b_kv3072_cap12-07_long_burst_guard_fast-r9-0-88d59262,38,82,0.13305986800060055
llama1b,3072,12,23,long,burst,handoff,7118.828869953,diag00_a1_s23_llama1b_kv3072_cap12-07_long_burst_guard_fast,guard_fast,cmpl-diag00_a1_s23_llama1b_kv3072_cap12-07_long_burst_guard_fast-r11-0-9273ab8a,cmpl-diag00_a1_s23_llama1b_kv3072_cap12-07_long_burst_guard_fast-r5-0-a7ff08c5,33,57,0.13108787100009067
llama1b,3072,12,23,long,burst,handoff,7118.9679231,diag00_a1_s23_llama1b_kv3072_cap12-07_long_burst_guard_fast,guard_fast,cmpl-diag00_a1_s23_llama1b_kv3072_cap12-07_long_burst_guard_fast-r9-0-88d59262,cmpl-diag00_a1_s23_llama1b_kv3072_cap12-07_long_burst_guard_fast-r1-0-aa8cf7c9,52,78,0.13920899799995823
llama1b,3072,12,23,long,burst,handoff,7119.203062046,diag00_a1_s23_llama1b_kv3072_cap12-07_long_burst_guard_fast,guard_fast,cmpl-diag00_a1_s23_llama1b_kv3072_cap12-07_long_burst_guard_fast-r5-0-a7ff08c5,cmpl-diag00_a1_s23_llama1b_kv3072_cap12-07_long_burst_guard_fast-r9-0-88d59262,56,76,0.23536023900032887
llama1b,3072,12,23,long,burst,handoff,7119.218205733,diag00_a1_s23_llama1b_kv3072_cap12-07_long_burst_guard_fast,guard_fast,cmpl-diag00_a1_s23_llama1b_kv3072_cap12-07_long_burst_guard_fast-r1-0-aa8cf7c9,cmpl-diag00_a1_s23_llama1b_kv3072_cap12-07_long_burst_guard_fast-r11-0-9273ab8a,58,82,0.14544278599987592
llama1b,3072,12,23,long,burst,handoff,7119.347565696,diag00_a1_s23_llama1b_kv3072_cap12-07_long_burst_guard_fast,guard_fast,cmpl-diag00_a1_s23_llama1b_kv3072_cap12-07_long_burst_guard_fast-r9-0-88d59262,cmpl-diag00_a1_s23_llama1b_kv3072_cap12-07_long_burst_guard_fast-r5-0-a7ff08c5,33,78,0.12956553699950746
llama1b,3072,12,23,long,burst,handoff,7119.490465396,diag00_a1_s23_llama1b_kv3072_cap12-07_long_burst_guard_fast,guard_fast,cmpl-diag00_a1_s23_llama1b_kv3072_cap12-07_long_burst_guard_fast-r11-0-9273ab8a,cmpl-diag00_a1_s23_llama1b_kv3072_cap12-07_long_burst_guard_fast-r1-0-aa8cf7c9,30,57,0.1431163289998949
llama1b,3072,12,23,long,burst,handoff,7119.622032207,diag00_a1_s23_llama1b_kv3072_cap12-07_long_burst_guard_fast,guard_fast,cmpl-diag00_a1_s23_llama1b_kv3072_cap12-07_long_burst_guard_fast-r5-0-a7ff08c5,cmpl-diag00_a1_s23_llama1b_kv3072_cap12-07_long_burst_guard_fast-r9-0-88d59262,56,76,0.13174152500050695
llama1b,3072,12,23,long,burst,handoff,7119.854096921,diag00_a1_s23_llama1b_kv3072_cap12-07_long_burst_guard_fast,guard_fast,cmpl-diag00_a1_s23_llama1b_kv3072_cap12-07_long_burst_guard_fast-r1-0-aa8cf7c9,cmpl-diag00_a1_s23_llama1b_kv3072_cap12-07_long_burst_guard_fast-r5-0-a7ff08c5,58,83,0.23221560000001773
llama1b,3072,12,23,long,burst,handoff,7119.868638349,diag00_a1_s23_llama1b_kv3072_cap12-07_long_burst_guard_fast,guard_fast,cmpl-diag00_a1_s23_llama1b_kv3072_cap12-07_long_burst_guard_fast-r9-0-88d59262,cmpl-diag00_a1_s23_llama1b_kv3072_cap12-07_long_burst_guard_fast-r11-0-9273ab8a,51,78,0.1407523220004805
llama1b,3072,12,23,long,burst,handoff,7120.010252991,diag00_a1_s23_llama1b_kv3072_cap12-07_long_burst_guard_fast,guard_fast,cmpl-diag00_a1_s23_llama1b_kv3072_cap12-07_long_burst_guard_fast-r5-0-a7ff08c5,cmpl-diag00_a1_s23_llama1b_kv3072_cap12-07_long_burst_guard_fast-r1-0-aa8cf7c9,30,76,0.14177525800005242
llama1b,3072,12,23,long,burst,handoff,7120.140065817,diag00_a1_s23_llama1b_kv3072_cap12-07_long_burst_guard_fast,guard_fast,cmpl-diag00_a1_s23_llama1b_kv3072_cap12-07_long_burst_guard_fast-r11-0-9273ab8a,cmpl-diag00_a1_s23_llama1b_kv3072_cap12-07_long_burst_guard_fast-r9-0-88d59262,37,57,0.13011396399997466
llama1b,3072,12,23,long,burst,handoff,7120.269191923,diag00_a1_s23_llama1b_kv3072_cap12-07_long_burst_guard_fast,guard_fast,cmpl-diag00_a1_s23_llama1b_kv3072_cap12-07_long_burst_guard_fast-r1-0-aa8cf7c9,cmpl-diag00_a1_s23_llama1b_kv3072_cap12-07_long_burst_guard_fast-r5-0-a7ff08c5,58,83,0.1293292600003042
llama1b,3072,12,23,long,burst,handoff,7120.511619249,diag00_a1_s23_llama1b_kv3072_cap12-07_long_burst_guard_fast,guard_fast,cmpl-diag00_a1_s23_llama1b_kv3072_cap12-07_long_burst_guard_fast-r9-0-88d59262,cmpl-diag00_a1_s23_llama1b_kv3072_cap12-07_long_burst_guard_fast-r1-0-aa8cf7c9,51,78,0.2426458010004353
llama1b,3072,12,23,long,burst,handoff,7120.52763838,diag00_a1_s23_llama1b_kv3072_cap12-07_long_burst_guard_fast,guard_fast,cmpl-diag00_a1_s23_llama1b_kv3072_cap12-07_long_burst_guard_fast-r5-0-a7ff08c5,cmpl-diag00_a1_s23_llama1b_kv3072_cap12-07_long_burst_guard_fast-r11-0-9273ab8a,56,76,0.1565455740001198
llama1b,3072,12,23,long,burst,handoff,7120.658514504,diag00_a1_s23_llama1b_kv3072_cap12-07_long_burst_guard_fast,guard_fast,cmpl-diag00_a1_s23_llama1b_kv3072_cap12-07_long_burst_guard_fast-r1-0-aa8cf7c9,cmpl-diag00_a1_s23_llama1b_kv3072_cap12-07_long_burst_guard_fast-r9-0-88d59262,37,83,0.1310802779998994
llama1b,3072,12,23,long,burst,handoff,7120.789868466,diag00_a1_s23_llama1b_kv3072_cap12-07_long_burst_guard_fast,guard_fast,cmpl-diag00_a1_s23_llama1b_kv3072_cap12-07_long_burst_guard_fast-r11-0-9273ab8a,cmpl-diag00_a1_s23_llama1b_kv3072_cap12-07_long_burst_guard_fast-r5-0-a7ff08c5,32,58,0.1315513550007381
llama1b,3072,12,23,long,burst,handoff,7120.933500647,diag00_a1_s23_llama1b_kv3072_cap12-07_long_burst_guard_fast,guard_fast,cmpl-diag00_a1_s23_llama1b_kv3072_cap12-07_long_burst_guard_fast-r9-0-88d59262,cmpl-diag00_a1_s23_llama1b_kv3072_cap12-07_long_burst_guard_fast-r1-0-aa8cf7c9,50,78,0.14378187600050296
llama1b,3072,12,23,long,burst,handoff,7121.1632197,diag00_a1_s23_llama1b_kv3072_cap12-07_long_burst_guard_fast,guard_fast,cmpl-diag00_a1_s23_llama1b_kv3072_cap12-07_long_burst_guard_fast-r5-0-a7ff08c5,cmpl-diag00_a1_s23_llama1b_kv3072_cap12-07_long_burst_guard_fast-r9-0-88d59262,55,76,0.230038673999843
llama1b,3072,12,23,long,burst,handoff,7121.184392865,diag00_a1_s23_llama1b_kv3072_cap12-07_long_burst_guard_fast,guard_fast,cmpl-diag00_a1_s23_llama1b_kv3072_cap12-07_long_burst_guard_fast-r1-0-aa8cf7c9,cmpl-diag00_a1_s23_llama1b_kv3072_cap12-07_long_burst_guard_fast-r11-0-9273ab8a,57,83,0.15040929999941
llama1b,3072,12,23,long,burst,handoff,7121.313222501,diag00_a1_s23_llama1b_kv3072_cap12-07_long_burst_guard_fast,guard_fast,cmpl-diag00_a1_s23_llama1b_kv3072_cap12-07_long_burst_guard_fast-r9-0-88d59262,cmpl-diag00_a1_s23_llama1b_kv3072_cap12-07_long_burst_guard_fast-r5-0-a7ff08c5,32,78,0.1290357440002481
llama1b,3072,12,23,long,burst,handoff,7121.455080757,diag00_a1_s23_llama1b_kv3072_cap12-07_long_burst_guard_fast,guard_fast,cmpl-diag00_a1_s23_llama1b_kv3072_cap12-07_long_burst_guard_fast-r11-0-9273ab8a,cmpl-diag00_a1_s23_llama1b_kv3072_cap12-07_long_burst_guard_fast-r1-0-aa8cf7c9,30,58,0.14206943400040473
llama1b,3072,12,23,long,burst,handoff,7121.591047565,diag00_a1_s23_llama1b_kv3072_cap12-07_long_burst_guard_fast,guard_fast,cmpl-diag00_a1_s23_llama1b_kv3072_cap12-07_long_burst_guard_fast-r5-0-a7ff08c5,cmpl-diag00_a1_s23_llama1b_kv3072_cap12-07_long_burst_guard_fast-r9-0-88d59262,55,76,0.13617718699970283
llama1b,3072,12,23,long,burst,handoff,7121.824111516,diag00_a1_s23_llama1b_kv3072_cap12-07_long_burst_guard_fast,guard_fast,cmpl-diag00_a1_s23_llama1b_kv3072_cap12-07_long_burst_guard_fast-r1-0-aa8cf7c9,cmpl-diag00_a1_s23_llama1b_kv3072_cap12-07_long_burst_guard_fast-r5-0-a7ff08c5,57,83,0.23329418399953283
llama1b,3072,12,23,long,burst,handoff,7121.838244461,diag00_a1_s23_llama1b_kv3072_cap12-07_long_burst_guard_fast,guard_fast,cmpl-diag00_a1_s23_llama1b_kv3072_cap12-07_long_burst_guard_fast-r9-0-88d59262,cmpl-diag00_a1_s23_llama1b_kv3072_cap12-07_long_burst_guard_fast-r11-0-9273ab8a,50,79,0.14432940699953178
llama1b,3072,12,23,long,burst,handoff,7121.979498368,diag00_a1_s23_llama1b_kv3072_cap12-07_long_burst_guard_fast,guard_fast,cmpl-diag00_a1_s23_llama1b_kv3072_cap12-07_long_burst_guard_fast-r5-0-a7ff08c5,cmpl-diag00_a1_s23_llama1b_kv3072_cap12-07_long_burst_guard_fast-r1-0-aa8cf7c9,29,76,0.14145925200045895
llama1b,3072,12,23,long,burst,handoff,7122.111458856,diag00_a1_s23_llama1b_kv3072_cap12-07_long_burst_guard_fast,guard_fast,cmpl-diag00_a1_s23_llama1b_kv3072_cap12-07_long_burst_guard_fast-r11-0-9273ab8a,cmpl-diag00_a1_s23_llama1b_kv3072_cap12-07_long_burst_guard_fast-r9-0-88d59262,36,58,0.13217182900007174
llama1b,3072,12,23,long,burst,handoff,7122.245845047,diag00_a1_s23_llama1b_kv3072_cap12-07_long_burst_guard_fast,guard_fast,cmpl-diag00_a1_s23_llama1b_kv3072_cap12-07_long_burst_guard_fast-r1-0-aa8cf7c9,cmpl-diag00_a1_s23_llama1b_kv3072_cap12-07_long_burst_guard_fast-r5-0-a7ff08c5,57,83,0.13461492200076464
llama1b,3072,12,23,long,burst,handoff,7122.51770582,diag00_a1_s23_llama1b_kv3072_cap12-07_long_burst_guard_fast,guard_fast,cmpl-diag00_a1_s23_llama1b_kv3072_cap12-07_long_burst_guard_fast-r9-0-88d59262,cmpl-diag00_a1_s23_llama1b_kv3072_cap12-07_long_burst_guard_fast-r1-0-aa8cf7c9,50,79,0.27204755200000363
llama1b,3072,12,23,long,burst,handoff,7122.532638567,diag00_a1_s23_llama1b_kv3072_cap12-07_long_burst_guard_fast,guard_fast,cmpl-diag00_a1_s23_llama1b_kv3072_cap12-07_long_burst_guard_fast-r5-0-a7ff08c5,cmpl-diag00_a1_s23_llama1b_kv3072_cap12-07_long_burst_guard_fast-r11-0-9273ab8a,54,76,0.16936982999959582
llama1b,3072,12,23,long,burst,handoff,7122.664432502,diag00_a1_s23_llama1b_kv3072_cap12-07_long_burst_guard_fast,guard_fast,cmpl-diag00_a1_s23_llama1b_kv3072_cap12-07_long_burst_guard_fast-r1-0-aa8cf7c9,cmpl-diag00_a1_s23_llama1b_kv3072_cap12-07_long_burst_guard_fast-r9-0-88d59262,36,83,0.13199716100007208
llama1b,3072,12,23,long,burst,handoff,7122.797188944,diag00_a1_s23_llama1b_kv3072_cap12-07_long_burst_guard_fast,guard_fast,cmpl-diag00_a1_s23_llama1b_kv3072_cap12-07_long_burst_guard_fast-r11-0-9273ab8a,cmpl-diag00_a1_s23_llama1b_kv3072_cap12-07_long_burst_guard_fast-r5-0-a7ff08c5,31,58,0.13303454699962458
llama1b,3072,12,23,long,burst,handoff,7122.95419176,diag00_a1_s23_llama1b_kv3072_cap12-07_long_burst_guard_fast,guard_fast,cmpl-diag00_a1_s23_llama1b_kv3072_cap12-07_long_burst_guard_fast-r9-0-88d59262,cmpl-diag00_a1_s23_llama1b_kv3072_cap12-07_long_burst_guard_fast-r1-0-aa8cf7c9,50,79,0.15722291499969288
llama1b,3072,12,23,long,burst,handoff,7123.194809128,diag00_a1_s23_llama1b_kv3072_cap12-07_long_burst_guard_fast,guard_fast,cmpl-diag00_a1_s23_llama1b_kv3072_cap12-07_long_burst_guard_fast-r5-0-a7ff08c5,cmpl-diag00_a1_s23_llama1b_kv3072_cap12-07_long_burst_guard_fast-r9-0-88d59262,54,77,0.2408014330003425
llama1b,3072,12,23,long,burst,handoff,7123.21022602,diag00_a1_s23_llama1b_kv3072_cap12-07_long_burst_guard_fast,guard_fast,cmpl-diag00_a1_s23_llama1b_kv3072_cap12-07_long_burst_guard_fast-r1-0-aa8cf7c9,cmpl-diag00_a1_s23_llama1b_kv3072_cap12-07_long_burst_guard_fast-r11-0-9273ab8a,56,83,0.14624908400037384
llama1b,3072,12,23,long,burst,handoff,7123.340712791,diag00_a1_s23_llama1b_kv3072_cap12-07_long_burst_guard_fast,guard_fast,cmpl-diag00_a1_s23_llama1b_kv3072_cap12-07_long_burst_guard_fast-r9-0-88d59262,cmpl-diag00_a1_s23_llama1b_kv3072_cap12-07_long_burst_guard_fast-r5-0-a7ff08c5,31,79,0.1306854790000216
llama1b,3072,12,23,long,burst,handoff,7123.501022232,diag00_a1_s23_llama1b_kv3072_cap12-07_long_burst_guard_fast,guard_fast,cmpl-diag00_a1_s23_llama1b_kv3072_cap12-07_long_burst_guard_fast-r11-0-9273ab8a,cmpl-diag00_a1_s23_llama1b_kv3072_cap12-07_long_burst_guard_fast-r1-0-aa8cf7c9,28,59,0.1605557269995188
llama1b,3072,12,23,long,burst,handoff,7123.644760047,diag00_a1_s23_llama1b_kv3072_cap12-07_long_burst_guard_fast,guard_fast,cmpl-diag00_a1_s23_llama1b_kv3072_cap12-07_long_burst_guard_fast-r5-0-a7ff08c5,cmpl-diag00_a1_s23_llama1b_kv3072_cap12-07_long_burst_guard_fast-r9-0-88d59262,53,77,0.14409206900018035
llama1b,3072,12,23,long,burst,handoff,7123.896708708,diag00_a1_s23_llama1b_kv3072_cap12-07_long_burst_guard_fast,guard_fast,cmpl-diag00_a1_s23_llama1b_kv3072_cap12-07_long_burst_guard_fast-r1-0-aa8cf7c9,cmpl-diag00_a1_s23_llama1b_kv3072_cap12-07_long_burst_guard_fast-r5-0-a7ff08c5,55,84,0.25221196900020004
llama1b,3072,12,23,long,burst,handoff,7123.914977136,diag00_a1_s23_llama1b_kv3072_cap12-07_long_burst_guard_fast,guard_fast,cmpl-diag00_a1_s23_llama1b_kv3072_cap12-07_long_burst_guard_fast-r9-0-88d59262,cmpl-diag00_a1_s23_llama1b_kv3072_cap12-07_long_burst_guard_fast-r11-0-9273ab8a,48,79,0.1579912859997421
llama1b,3072,12,23,long,burst,handoff,7124.070698803,diag00_a1_s23_llama1b_kv3072_cap12-07_long_burst_guard_fast,guard_fast,cmpl-diag00_a1_s23_llama1b_kv3072_cap12-07_long_burst_guard_fast-r5-0-a7ff08c5,cmpl-diag00_a1_s23_llama1b_kv3072_cap12-07_long_burst_guard_fast-r1-0-aa8cf7c9,28,77,0.15595355299956282
llama1b,3072,12,23,long,burst,handoff,7124.198860777,diag00_a1_s23_llama1b_kv3072_cap12-07_long_burst_guard_fast,guard_fast,cmpl-diag00_a1_s23_llama1b_kv3072_cap12-07_long_burst_guard_fast-r11-0-9273ab8a,cmpl-diag00_a1_s23_llama1b_kv3072_cap12-07_long_burst_guard_fast-r9-0-88d59262,35,59,0.12839315499968507
llama1b,3072,12,23,long,burst,handoff,7124.333949255,diag00_a1_s23_llama1b_kv3072_cap12-07_long_burst_guard_fast,guard_fast,cmpl-diag00_a1_s23_llama1b_kv3072_cap12-07_long_burst_guard_fast-r1-0-aa8cf7c9,cmpl-diag00_a1_s23_llama1b_kv3072_cap12-07_long_burst_guard_fast-r5-0-a7ff08c5,55,84,0.13524267800039524
llama1b,3072,12,23,long,burst,handoff,7124.594151925,diag00_a1_s23_llama1b_kv3072_cap12-07_long_burst_guard_fast,guard_fast,cmpl-diag00_a1_s23_llama1b_kv3072_cap12-07_long_burst_guard_fast-r9-0-88d59262,cmpl-diag00_a1_s23_llama1b_kv3072_cap12-07_long_burst_guard_fast-r1-0-aa8cf7c9,48,79,0.260588086000098
llama1b,3072,12,23,long,burst,handoff,7124.610163004,diag00_a1_s23_llama1b_kv3072_cap12-07_long_burst_guard_fast,guard_fast,cmpl-diag00_a1_s23_llama1b_kv3072_cap12-07_long_burst_guard_fast-r5-0-a7ff08c5,cmpl-diag00_a1_s23_llama1b_kv3072_cap12-07_long_burst_guard_fast-r11-0-9273ab8a,53,77,0.16652156400050444
llama1b,3072,12,23,long,burst,handoff,7124.747061915,diag00_a1_s23_llama1b_kv3072_cap12-07_long_burst_guard_fast,guard_fast,cmpl-diag00_a1_s23_llama1b_kv3072_cap12-07_long_burst_guard_fast-r1-0-aa8cf7c9,cmpl-diag00_a1_s23_llama1b_kv3072_cap12-07_long_burst_guard_fast-r9-0-88d59262,35,84,0.13711729399983597
llama1b,3072,12,23,long,burst,handoff,7124.877279845,diag00_a1_s23_llama1b_kv3072_cap12-07_long_burst_guard_fast,guard_fast,cmpl-diag00_a1_s23_llama1b_kv3072_cap12-07_long_burst_guard_fast-r11-0-9273ab8a,cmpl-diag00_a1_s23_llama1b_kv3072_cap12-07_long_burst_guard_fast-r5-0-a7ff08c5,30,59,0.13057129699973302
llama1b,3072,12,23,long,burst,handoff,7125.019994801,diag00_a1_s23_llama1b_kv3072_cap12-07_long_burst_guard_fast,guard_fast,cmpl-diag00_a1_s23_llama1b_kv3072_cap12-07_long_burst_guard_fast-r9-0-88d59262,cmpl-diag00_a1_s23_llama1b_kv3072_cap12-07_long_burst_guard_fast-r1-0-aa8cf7c9,48,79,0.1429223130007813
llama1b,3072,12,23,long,burst,handoff,7125.268776117,diag00_a1_s23_llama1b_kv3072_cap12-07_long_burst_guard_fast,guard_fast,cmpl-diag00_a1_s23_llama1b_kv3072_cap12-07_long_burst_guard_fast-r5-0-a7ff08c5,cmpl-diag00_a1_s23_llama1b_kv3072_cap12-07_long_burst_guard_fast-r9-0-88d59262,53,77,0.24899262100007036
llama1b,3072,12,23,long,burst,handoff,7125.286405252,diag00_a1_s23_llama1b_kv3072_cap12-07_long_burst_guard_fast,guard_fast,cmpl-diag00_a1_s23_llama1b_kv3072_cap12-07_long_burst_guard_fast-r1-0-aa8cf7c9,cmpl-diag00_a1_s23_llama1b_kv3072_cap12-07_long_burst_guard_fast-r11-0-9273ab8a,55,84,0.16214054000010947
llama1b,3072,12,23,long,burst,handoff,7125.428199524,diag00_a1_s23_llama1b_kv3072_cap12-07_long_burst_guard_fast,guard_fast,cmpl-diag00_a1_s23_llama1b_kv3072_cap12-07_long_burst_guard_fast-r9-0-88d59262,cmpl-diag00_a1_s23_llama1b_kv3072_cap12-07_long_burst_guard_fast-r5-0-a7ff08c5,30,79,0.14197191599942016
llama1b,3072,12,23,long,burst,handoff,7125.585574454,diag00_a1_s23_llama1b_kv3072_cap12-07_long_burst_guard_fast,guard_fast,cmpl-diag00_a1_s23_llama1b_kv3072_cap12-07_long_burst_guard_fast-r11-0-9273ab8a,cmpl-diag00_a1_s23_llama1b_kv3072_cap12-07_long_burst_guard_fast-r1-0-aa8cf7c9,28,59,0.15762188200005767
llama1b,3072,12,23,long,burst,handoff,7125.73120784,diag00_a1_s23_llama1b_kv3072_cap12-07_long_burst_guard_fast,guard_fast,cmpl-diag00_a1_s23_llama1b_kv3072_cap12-07_long_burst_guard_fast-r5-0-a7ff08c5,cmpl-diag00_a1_s23_llama1b_kv3072_cap12-07_long_burst_guard_fast-r9-0-88d59262,53,77,0.14587022500018065
llama1b,3072,12,23,long,burst,handoff,7125.991021079,diag00_a1_s23_llama1b_kv3072_cap12-07_long_burst_guard_fast,guard_fast,cmpl-diag00_a1_s23_llama1b_kv3072_cap12-07_long_burst_guard_fast-r1-0-aa8cf7c9,cmpl-diag00_a1_s23_llama1b_kv3072_cap12-07_long_burst_guard_fast-r5-0-a7ff08c5,55,84,0.2600459620007314
llama1b,3072,12,23,long,burst,handoff,7126.005158087,diag00_a1_s23_llama1b_kv3072_cap12-07_long_burst_guard_fast,guard_fast,cmpl-diag00_a1_s23_llama1b_kv3072_cap12-07_long_burst_guard_fast-r9-0-88d59262,cmpl-diag00_a1_s23_llama1b_kv3072_cap12-07_long_burst_guard_fast-r11-0-9273ab8a,48,80,0.15846204700028466
llama1b,3072,12,23,long,burst,handoff,7126.160821937,diag00_a1_s23_llama1b_kv3072_cap12-07_long_burst_guard_fast,guard_fast,cmpl-diag00_a1_s23_llama1b_kv3072_cap12-07_long_burst_guard_fast-r5-0-a7ff08c5,cmpl-diag00_a1_s23_llama1b_kv3072_cap12-07_long_burst_guard_fast-r1-0-aa8cf7c9,27,77,0.1558456210004806
llama1b,3072,12,23,long,burst,handoff,7126.302966609,diag00_a1_s23_llama1b_kv3072_cap12-07_long_burst_guard_fast,guard_fast,cmpl-diag00_a1_s23_llama1b_kv3072_cap12-07_long_burst_guard_fast-r11-0-9273ab8a,cmpl-diag00_a1_s23_llama1b_kv3072_cap12-07_long_burst_guard_fast-r9-0-88d59262,34,60,0.1423357229996327
llama1b,3072,12,23,long,burst,handoff,7126.447080335,diag00_a1_s23_llama1b_kv3072_cap12-07_long_burst_guard_fast,guard_fast,cmpl-diag00_a1_s23_llama1b_kv3072_cap12-07_long_burst_guard_fast-r1-0-aa8cf7c9,cmpl-diag00_a1_s23_llama1b_kv3072_cap12-07_long_burst_guard_fast-r5-0-a7ff08c5,54,84,0.1442905409994637
llama1b,3072,12,23,long,burst,handoff,7126.718837698,diag00_a1_s23_llama1b_kv3072_cap12-07_long_burst_guard_fast,guard_fast,cmpl-diag00_a1_s23_llama1b_kv3072_cap12-07_long_burst_guard_fast-r9-0-88d59262,cmpl-diag00_a1_s23_llama1b_kv3072_cap12-07_long_burst_guard_fast-r1-0-aa8cf7c9,47,80,0.27193040500060306
llama1b,3072,12,23,long,burst,handoff,7126.737308228,diag00_a1_s23_llama1b_kv3072_cap12-07_long_burst_guard_fast,guard_fast,cmpl-diag00_a1_s23_llama1b_kv3072_cap12-07_long_burst_guard_fast-r5-0-a7ff08c5,cmpl-diag00_a1_s23_llama1b_kv3072_cap12-07_long_burst_guard_fast-r11-0-9273ab8a,51,77,0.17034944199986057
llama1b,3072,12,23,long,burst,handoff,7126.884741643,diag00_a1_s23_llama1b_kv3072_cap12-07_long_burst_guard_fast,guard_fast,cmpl-diag00_a1_s23_llama1b_kv3072_cap12-07_long_burst_guard_fast-r1-0-aa8cf7c9,cmpl-diag00_a1_s23_llama1b_kv3072_cap12-07_long_burst_guard_fast-r9-0-88d59262,34,84,0.14761822699983895
llama1b,3072,12,23,long,burst,handoff,7127.0162887,diag00_a1_s23_llama1b_kv3072_cap12-07_long_burst_guard_fast,guard_fast,cmpl-diag00_a1_s23_llama1b_kv3072_cap12-07_long_burst_guard_fast-r11-0-9273ab8a,cmpl-diag00_a1_s23_llama1b_kv3072_cap12-07_long_burst_guard_fast-r5-0-a7ff08c5,29,60,0.13181988399992406
llama1b,3072,12,23,long,burst,handoff,7127.164508504,diag00_a1_s23_llama1b_kv3072_cap12-07_long_burst_guard_fast,guard_fast,cmpl-diag00_a1_s23_llama1b_kv3072_cap12-07_long_burst_guard_fast-r9-0-88d59262,cmpl-diag00_a1_s23_llama1b_kv3072_cap12-07_long_burst_guard_fast-r1-0-aa8cf7c9,47,80,0.14845711799989658
llama1b,3072,12,23,long,burst,handoff,7127.401319197,diag00_a1_s23_llama1b_kv3072_cap12-07_long_burst_guard_fast,guard_fast,cmpl-diag00_a1_s23_llama1b_kv3072_cap12-07_long_burst_guard_fast-r5-0-a7ff08c5,cmpl-diag00_a1_s23_llama1b_kv3072_cap12-07_long_burst_guard_fast-r9-0-88d59262,51,78,0.23704658099995868
llama1b,3072,12,23,long,burst,handoff,7127.41716656,diag00_a1_s23_llama1b_kv3072_cap12-07_long_burst_guard_fast,guard_fast,cmpl-diag00_a1_s23_llama1b_kv3072_cap12-07_long_burst_guard_fast-r1-0-aa8cf7c9,cmpl-diag00_a1_s23_llama1b_kv3072_cap12-07_long_burst_guard_fast-r11-0-9273ab8a,53,84,0.1480739979997452
llama1b,3072,12,23,long,burst,handoff,7127.548139143,diag00_a1_s23_llama1b_kv3072_cap12-07_long_burst_guard_fast,guard_fast,cmpl-diag00_a1_s23_llama1b_kv3072_cap12-07_long_burst_guard_fast-r9-0-88d59262,cmpl-diag00_a1_s23_llama1b_kv3072_cap12-07_long_burst_guard_fast-r5-0-a7ff08c5,29,80,0.13112347600053909
llama1b,3072,12,23,long,burst,handoff,7127.692402105,diag00_a1_s23_llama1b_kv3072_cap12-07_long_burst_guard_fast,guard_fast,cmpl-diag00_a1_s23_llama1b_kv3072_cap12-07_long_burst_guard_fast-r11-0-9273ab8a,cmpl-diag00_a1_s23_llama1b_kv3072_cap12-07_long_burst_guard_fast-r1-0-aa8cf7c9,26,60,0.14453289700031746
llama1b,3072,12,23,long,burst,handoff,7127.823341456,diag00_a1_s23_llama1b_kv3072_cap12-07_long_burst_guard_fast,guard_fast,cmpl-diag00_a1_s23_llama1b_kv3072_cap12-07_long_burst_guard_fast-r5-0-a7ff08c5,cmpl-diag00_a1_s23_llama1b_kv3072_cap12-07_long_burst_guard_fast-r9-0-88d59262,51,78,0.13114849199973833
llama1b,3072,12,23,long,burst,handoff,7128.054446402,diag00_a1_s23_llama1b_kv3072_cap12-07_long_burst_guard_fast,guard_fast,cmpl-diag00_a1_s23_llama1b_kv3072_cap12-07_long_burst_guard_fast-r1-0-aa8cf7c9,cmpl-diag00_a1_s23_llama1b_kv3072_cap12-07_long_burst_guard_fast-r5-0-a7ff08c5,53,85,0.23133634800069558
llama1b,3072,12,23,long,burst,handoff,7128.071531636,diag00_a1_s23_llama1b_kv3072_cap12-07_long_burst_guard_fast,guard_fast,cmpl-diag00_a1_s23_llama1b_kv3072_cap12-07_long_burst_guard_fast-r9-0-88d59262,cmpl-diag00_a1_s23_llama1b_kv3072_cap12-07_long_burst_guard_fast-r11-0-9273ab8a,46,80,0.14608343800045986
llama1b,3072,12,23,long,burst,handoff,7128.215585379,diag00_a1_s23_llama1b_kv3072_cap12-07_long_burst_guard_fast,guard_fast,cmpl-diag00_a1_s23_llama1b_kv3072_cap12-07_long_burst_guard_fast-r5-0-a7ff08c5,cmpl-diag00_a1_s23_llama1b_kv3072_cap12-07_long_burst_guard_fast-r1-0-aa8cf7c9,26,78,0.14427775999956793
llama1b,3072,12,23,long,burst,handoff,7128.364950865,diag00_a1_s23_llama1b_kv3072_cap12-07_long_burst_guard_fast,guard_fast,cmpl-diag00_a1_s23_llama1b_kv3072_cap12-07_long_burst_guard_fast-r11-0-9273ab8a,cmpl-diag00_a1_s23_llama1b_kv3072_cap12-07_long_burst_guard_fast-r9-0-88d59262,33,60,0.14962707499944372
llama1b,3072,12,23,long,burst,handoff,7128.511346923,diag00_a1_s23_llama1b_kv3072_cap12-07_long_burst_guard_fast,guard_fast,cmpl-diag00_a1_s23_llama1b_kv3072_cap12-07_long_burst_guard_fast-r1-0-aa8cf7c9,cmpl-diag00_a1_s23_llama1b_kv3072_cap12-07_long_burst_guard_fast-r5-0-a7ff08c5,53,85,0.14678796400039573
llama1b,3072,12,23,long,burst,handoff,7128.767919271,diag00_a1_s23_llama1b_kv3072_cap12-07_long_burst_guard_fast,guard_fast,cmpl-diag00_a1_s23_llama1b_kv3072_cap12-07_long_burst_guard_fast-r9-0-88d59262,cmpl-diag00_a1_s23_llama1b_kv3072_cap12-07_long_burst_guard_fast-r1-0-aa8cf7c9,46,80,0.2567447130004439
llama1b,3072,12,23,long,burst,handoff,7128.786997674,diag00_a1_s23_llama1b_kv3072_cap12-07_long_burst_guard_fast,guard_fast,cmpl-diag00_a1_s23_llama1b_kv3072_cap12-07_long_burst_guard_fast-r5-0-a7ff08c5,cmpl-diag00_a1_s23_llama1b_kv3072_cap12-07_long_burst_guard_fast-r11-0-9273ab8a,51,78,0.15894308099996124
llama1b,3072,12,23,long,burst,handoff,7128.935541728,diag00_a1_s23_llama1b_kv3072_cap12-07_long_burst_guard_fast,guard_fast,cmpl-diag00_a1_s23_llama1b_kv3072_cap12-07_long_burst_guard_fast-r1-0-aa8cf7c9,cmpl-diag00_a1_s23_llama1b_kv3072_cap12-07_long_burst_guard_fast-r9-0-88d59262,33,85,0.14883964999989985
llama1b,3072,12,23,long,burst,handoff,7129.081681372,diag00_a1_s23_llama1b_kv3072_cap12-07_long_burst_guard_fast,guard_fast,cmpl-diag00_a1_s23_llama1b_kv3072_cap12-07_long_burst_guard_fast-r11-0-9273ab8a,cmpl-diag00_a1_s23_llama1b_kv3072_cap12-07_long_burst_guard_fast-r5-0-a7ff08c5,28,61,0.14634049800042703
llama1b,3072,12,23,long,burst,handoff,7129.230734917,diag00_a1_s23_llama1b_kv3072_cap12-07_long_burst_guard_fast,guard_fast,cmpl-diag00_a1_s23_llama1b_kv3072_cap12-07_long_burst_guard_fast-r9-0-88d59262,cmpl-diag00_a1_s23_llama1b_kv3072_cap12-07_long_burst_guard_fast-r1-0-aa8cf7c9,45,80,0.14930469399951107
llama1b,3072,12,23,long,burst,handoff,7129.480899501,diag00_a1_s23_llama1b_kv3072_cap12-07_long_burst_guard_fast,guard_fast,cmpl-diag00_a1_s23_llama1b_kv3072_cap12-07_long_burst_guard_fast-r5-0-a7ff08c5,cmpl-diag00_a1_s23_llama1b_kv3072_cap12-07_long_burst_guard_fast-r9-0-88d59262,50,78,0.2503259770001023
llama1b,3072,12,23,long,burst,handoff,7129.500129582,diag00_a1_s23_llama1b_kv3072_cap12-07_long_burst_guard_fast,guard_fast,cmpl-diag00_a1_s23_llama1b_kv3072_cap12-07_long_burst_guard_fast-r1-0-aa8cf7c9,cmpl-diag00_a1_s23_llama1b_kv3072_cap12-07_long_burst_guard_fast-r11-0-9273ab8a,52,85,0.16578465700058587
llama1b,3072,12,23,long,burst,handoff,7129.636422179,diag00_a1_s23_llama1b_kv3072_cap12-07_long_burst_guard_fast,guard_fast,cmpl-diag00_a1_s23_llama1b_kv3072_cap12-07_long_burst_guard_fast-r9-0-88d59262,cmpl-diag00_a1_s23_llama1b_kv3072_cap12-07_long_burst_guard_fast-r5-0-a7ff08c5,28,80,0.1366573730001619
llama1b,3072,12,23,long,burst,handoff,7129.780613405,diag00_a1_s23_llama1b_kv3072_cap12-07_long_burst_guard_fast,guard_fast,cmpl-diag00_a1_s23_llama1b_kv3072_cap12-07_long_burst_guard_fast-r11-0-9273ab8a,cmpl-diag00_a1_s23_llama1b_kv3072_cap12-07_long_burst_guard_fast-r1-0-aa8cf7c9,26,61,0.14440551999996387
llama1b,3072,12,23,long,burst,handoff,7129.921001656,diag00_a1_s23_llama1b_kv3072_cap12-07_long_burst_guard_fast,guard_fast,cmpl-diag00_a1_s23_llama1b_kv3072_cap12-07_long_burst_guard_fast-r5-0-a7ff08c5,cmpl-diag00_a1_s23_llama1b_kv3072_cap12-07_long_burst_guard_fast-r9-0-88d59262,50,78,0.1407342319998861
llama1b,3072,12,23,long,burst,handoff,7130.169155917,diag00_a1_s23_llama1b_kv3072_cap12-07_long_burst_guard_fast,guard_fast,cmpl-diag00_a1_s23_llama1b_kv3072_cap12-07_long_burst_guard_fast-r1-0-aa8cf7c9,cmpl-diag00_a1_s23_llama1b_kv3072_cap12-07_long_burst_guard_fast-r5-0-a7ff08c5,52,85,0.24840247800057114
llama1b,3072,12,23,long,burst,handoff,7130.18503267,diag00_a1_s23_llama1b_kv3072_cap12-07_long_burst_guard_fast,guard_fast,cmpl-diag00_a1_s23_llama1b_kv3072_cap12-07_long_burst_guard_fast-r9-0-88d59262,cmpl-diag00_a1_s23_llama1b_kv3072_cap12-07_long_burst_guard_fast-r11-0-9273ab8a,45,81,0.14876240499961568
llama1b,3072,12,23,long,burst,handoff,7130.329934229,diag00_a1_s23_llama1b_kv3072_cap12-07_long_burst_guard_fast,guard_fast,cmpl-diag00_a1_s23_llama1b_kv3072_cap12-07_long_burst_guard_fast-r5-0-a7ff08c5,cmpl-diag00_a1_s23_llama1b_kv3072_cap12-07_long_burst_guard_fast-r1-0-aa8cf7c9,25,78,0.14509099000042625
llama1b,3072,12,23,long,burst,handoff,7130.474136003,diag00_a1_s23_llama1b_kv3072_cap12-07_long_burst_guard_fast,guard_fast,cmpl-diag00_a1_s23_llama1b_kv3072_cap12-07_long_burst_guard_fast-r11-0-9273ab8a,cmpl-diag00_a1_s23_llama1b_kv3072_cap12-07_long_burst_guard_fast-r9-0-88d59262,32,61,0.14442831599990313
llama1b,3072,12,23,long,burst,handoff,7130.617645054,diag00_a1_s23_llama1b_kv3072_cap12-07_long_burst_guard_fast,guard_fast,cmpl-diag00_a1_s23_llama1b_kv3072_cap12-07_long_burst_guard_fast-r1-0-aa8cf7c9,cmpl-diag00_a1_s23_llama1b_kv3072_cap12-07_long_burst_guard_fast-r5-0-a7ff08c5,52,85,0.14375508499961143
llama1b,3072,12,23,long,burst,handoff,7130.888510624,diag00_a1_s23_llama1b_kv3072_cap12-07_long_burst_guard_fast,guard_fast,cmpl-diag00_a1_s23_llama1b_kv3072_cap12-07_long_burst_guard_fast-r9-0-88d59262,cmpl-diag00_a1_s23_llama1b_kv3072_cap12-07_long_burst_guard_fast-r1-0-aa8cf7c9,45,81,0.2710373870004332
llama1b,3072,12,23,long,burst,handoff,7130.903175217,diag00_a1_s23_llama1b_kv3072_cap12-07_long_burst_guard_fast,guard_fast,cmpl-diag00_a1_s23_llama1b_kv3072_cap12-07_long_burst_guard_fast-r5-0-a7ff08c5,cmpl-diag00_a1_s23_llama1b_kv3072_cap12-07_long_burst_guard_fast-r11-0-9273ab8a,49,78,0.1727091239999936
llama1b,3072,12,23,long,burst,handoff,7131.059443896,diag00_a1_s23_llama1b_kv3072_cap12-07_long_burst_guard_fast,guard_fast,cmpl-diag00_a1_s23_llama1b_kv3072_cap12-07_long_burst_guard_fast-r1-0-aa8cf7c9,cmpl-diag00_a1_s23_llama1b_kv3072_cap12-07_long_burst_guard_fast-r9-0-88d59262,32,85,0.15654394800003502
llama1b,3072,12,23,long,burst,handoff,7131.198178316,diag00_a1_s23_llama1b_kv3072_cap12-07_long_burst_guard_fast,guard_fast,cmpl-diag00_a1_s23_llama1b_kv3072_cap12-07_long_burst_guard_fast-r11-0-9273ab8a,cmpl-diag00_a1_s23_llama1b_kv3072_cap12-07_long_burst_guard_fast-r5-0-a7ff08c5,27,61,0.13897777700003644
llama1b,3072,12,23,long,burst,handoff,7131.343579568,diag00_a1_s23_llama1b_kv3072_cap12-07_long_burst_guard_fast,guard_fast,cmpl-diag00_a1_s23_llama1b_kv3072_cap12-07_long_burst_guard_fast-r9-0-88d59262,cmpl-diag00_a1_s23_llama1b_kv3072_cap12-07_long_burst_guard_fast-r1-0-aa8cf7c9,45,81,0.14555568099967786
llama1b,3072,12,23,long,burst,handoff,7131.607980134,diag00_a1_s23_llama1b_kv3072_cap12-07_long_burst_guard_fast,guard_fast,cmpl-diag00_a1_s23_llama1b_kv3072_cap12-07_long_burst_guard_fast-r5-0-a7ff08c5,cmpl-diag00_a1_s23_llama1b_kv3072_cap12-07_long_burst_guard_fast-r9-0-88d59262,49,79,0.2645929700001943
llama1b,3072,12,23,long,burst,handoff,7131.630490571,diag00_a1_s23_llama1b_kv3072_cap12-07_long_burst_guard_fast,guard_fast,cmpl-diag00_a1_s23_llama1b_kv3072_cap12-07_long_burst_guard_fast-r1-0-aa8cf7c9,cmpl-diag00_a1_s23_llama1b_kv3072_cap12-07_long_burst_guard_fast-r11-0-9273ab8a,51,85,0.17186954600038007
llama1b,3072,12,23,long,burst,handoff,7131.767451489,diag00_a1_s23_llama1b_kv3072_cap12-07_long_burst_guard_fast,guard_fast,cmpl-diag00_a1_s23_llama1b_kv3072_cap12-07_long_burst_guard_fast-r9-0-88d59262,cmpl-diag00_a1_s23_llama1b_kv3072_cap12-07_long_burst_guard_fast-r5-0-a7ff08c5,27,81,0.13724205900052766
llama1b,3072,12,23,long,burst,handoff,7131.920334762,diag00_a1_s23_llama1b_kv3072_cap12-07_long_burst_guard_fast,guard_fast,cmpl-diag00_a1_s23_llama1b_kv3072_cap12-07_long_burst_guard_fast-r11-0-9273ab8a,cmpl-diag00_a1_s23_llama1b_kv3072_cap12-07_long_burst_guard_fast-r1-0-aa8cf7c9,24,62,0.1530481999998301
llama1b,3072,12,23,long,burst,handoff,7132.065298132,diag00_a1_s23_llama1b_kv3072_cap12-07_long_burst_guard_fast,guard_fast,cmpl-diag00_a1_s23_llama1b_kv3072_cap12-07_long_burst_guard_fast-r5-0-a7ff08c5,cmpl-diag00_a1_s23_llama1b_kv3072_cap12-07_long_burst_guard_fast-r9-0-88d59262,48,79,0.1452153760001238
llama1b,3072,12,23,long,burst,handoff,7132.317121592,diag00_a1_s23_llama1b_kv3072_cap12-07_long_burst_guard_fast,guard_fast,cmpl-diag00_a1_s23_llama1b_kv3072_cap12-07_long_burst_guard_fast-r1-0-aa8cf7c9,cmpl-diag00_a1_s23_llama1b_kv3072_cap12-07_long_burst_guard_fast-r5-0-a7ff08c5,50,86,0.25205564400039293
llama1b,3072,12,23,long,burst,handoff,7132.333248339,diag00_a1_s23_llama1b_kv3072_cap12-07_long_burst_guard_fast,guard_fast,cmpl-diag00_a1_s23_llama1b_kv3072_cap12-07_long_burst_guard_fast-r9-0-88d59262,cmpl-diag00_a1_s23_llama1b_kv3072_cap12-07_long_burst_guard_fast-r11-0-9273ab8a,43,81,0.15329250400009187
llama1b,3072,12,23,long,burst,handoff,7132.492798093,diag00_a1_s23_llama1b_kv3072_cap12-07_long_burst_guard_fast,guard_fast,cmpl-diag00_a1_s23_llama1b_kv3072_cap12-07_long_burst_guard_fast-r5-0-a7ff08c5,cmpl-diag00_a1_s23_llama1b_kv3072_cap12-07_long_burst_guard_fast-r1-0-aa8cf7c9,24,79,0.1598196069999176
llama1b,3072,12,23,long,burst,handoff,7132.647390344,diag00_a1_s23_llama1b_kv3072_cap12-07_long_burst_guard_fast,guard_fast,cmpl-diag00_a1_s23_llama1b_kv3072_cap12-07_long_burst_guard_fast-r11-0-9273ab8a,cmpl-diag00_a1_s23_llama1b_kv3072_cap12-07_long_burst_guard_fast-r9-0-88d59262,31,62,0.15503262099991844
llama1b,3072,12,23,long,burst,handoff,7132.785314096,diag00_a1_s23_llama1b_kv3072_cap12-07_long_burst_guard_fast,guard_fast,cmpl-diag00_a1_s23_llama1b_kv3072_cap12-07_long_burst_guard_fast-r1-0-aa8cf7c9,cmpl-diag00_a1_s23_llama1b_kv3072_cap12-07_long_burst_guard_fast-r5-0-a7ff08c5,50,86,0.13828021599965723
llama1b,3072,12,23,long,burst,handoff,7133.0519404,diag00_a1_s23_llama1b_kv3072_cap12-07_long_burst_guard_fast,guard_fast,cmpl-diag00_a1_s23_llama1b_kv3072_cap12-07_long_burst_guard_fast-r9-0-88d59262,cmpl-diag00_a1_s23_llama1b_kv3072_cap12-07_long_burst_guard_fast-r1-0-aa8cf7c9,43,81,0.26680925999971805
llama1b,3072,12,23,long,burst,handoff,7133.071171994,diag00_a1_s23_llama1b_kv3072_cap12-07_long_burst_guard_fast,guard_fast,cmpl-diag00_a1_s23_llama1b_kv3072_cap12-07_long_burst_guard_fast-r5-0-a7ff08c5,cmpl-diag00_a1_s23_llama1b_kv3072_cap12-07_long_burst_guard_fast-r11-0-9273ab8a,48,79,0.1722530850001931
llama1b,3072,12,23,long,burst,handoff,7133.219394289,diag00_a1_s23_llama1b_kv3072_cap12-07_long_burst_guard_fast,guard_fast,cmpl-diag00_a1_s23_llama1b_kv3072_cap12-07_long_burst_guard_fast-r1-0-aa8cf7c9,cmpl-diag00_a1_s23_llama1b_kv3072_cap12-07_long_burst_guard_fast-r9-0-88d59262,31,86,0.14859222799987037
llama1b,3072,12,23,long,burst,handoff,7133.356867399,diag00_a1_s23_llama1b_kv3072_cap12-07_long_burst_guard_fast,guard_fast,cmpl-diag00_a1_s23_llama1b_kv3072_cap12-07_long_burst_guard_fast-r11-0-9273ab8a,cmpl-diag00_a1_s23_llama1b_kv3072_cap12-07_long_burst_guard_fast-r5-0-a7ff08c5,26,62,0.13768516500022088
llama1b,3072,12,23,long,burst,handoff,7133.518123372,diag00_a1_s23_llama1b_kv3072_cap12-07_long_burst_guard_fast,guard_fast,cmpl-diag00_a1_s23_llama1b_kv3072_cap12-07_long_burst_guard_fast-r9-0-88d59262,cmpl-diag00_a1_s23_llama1b_kv3072_cap12-07_long_burst_guard_fast-r1-0-aa8cf7c9,43,81,0.16146843700062163
llama1b,3072,12,23,long,burst,handoff,7133.789290262,diag00_a1_s23_llama1b_kv3072_cap12-07_long_burst_guard_fast,guard_fast,cmpl-diag00_a1_s23_llama1b_kv3072_cap12-07_long_burst_guard_fast-r5-0-a7ff08c5,cmpl-diag00_a1_s23_llama1b_kv3072_cap12-07_long_burst_guard_fast-r9-0-88d59262,48,79,0.2713773979994585
llama1b,3072,12,23,long,burst,handoff,7133.813509066,diag00_a1_s23_llama1b_kv3072_cap12-07_long_burst_guard_fast,guard_fast,cmpl-diag00_a1_s23_llama1b_kv3072_cap12-07_long_burst_guard_fast-r1-0-aa8cf7c9,cmpl-diag00_a1_s23_llama1b_kv3072_cap12-07_long_burst_guard_fast-r11-0-9273ab8a,50,86,0.17645889499999612
llama1b,3072,12,23,long,burst,handoff,7133.941257453,diag00_a1_s23_llama1b_kv3072_cap12-07_long_burst_guard_fast,guard_fast,cmpl-diag00_a1_s23_llama1b_kv3072_cap12-07_long_burst_guard_fast-r9-0-88d59262,cmpl-diag00_a1_s23_llama1b_kv3072_cap12-07_long_burst_guard_fast-r5-0-a7ff08c5,26,81,0.12812269699952594
llama1b,3072,12,23,long,burst,handoff,7134.086314711,diag00_a1_s23_llama1b_kv3072_cap12-07_long_burst_guard_fast,guard_fast,cmpl-diag00_a1_s23_llama1b_kv3072_cap12-07_long_burst_guard_fast-r11-0-9273ab8a,cmpl-diag00_a1_s23_llama1b_kv3072_cap12-07_long_burst_guard_fast-r1-0-aa8cf7c9,24,62,0.1453043620003882
llama1b,3072,12,23,long,burst,handoff,7134.225434414,diag00_a1_s23_llama1b_kv3072_cap12-07_long_burst_guard_fast,guard_fast,cmpl-diag00_a1_s23_llama1b_kv3072_cap12-07_long_burst_guard_fast-r5-0-a7ff08c5,cmpl-diag00_a1_s23_llama1b_kv3072_cap12-07_long_burst_guard_fast-r9-0-88d59262,48,79,0.139340063000418
llama1b,3072,12,23,long,burst,handoff,7134.470293107,diag00_a1_s23_llama1b_kv3072_cap12-07_long_burst_guard_fast,guard_fast,cmpl-diag00_a1_s23_llama1b_kv3072_cap12-07_long_burst_guard_fast-r1-0-aa8cf7c9,cmpl-diag00_a1_s23_llama1b_kv3072_cap12-07_long_burst_guard_fast-r5-0-a7ff08c5,50,86,0.24507738899956166
llama1b,3072,12,23,long,burst,handoff,7134.486826963,diag00_a1_s23_llama1b_kv3072_cap12-07_long_burst_guard_fast,guard_fast,cmpl-diag00_a1_s23_llama1b_kv3072_cap12-07_long_burst_guard_fast-r9-0-88d59262,cmpl-diag00_a1_s23_llama1b_kv3072_cap12-07_long_burst_guard_fast-r11-0-9273ab8a,43,82,0.14792038399991725
llama1b,3072,12,23,long,burst,handoff,7134.629442368,diag00_a1_s23_llama1b_kv3072_cap12-07_long_burst_guard_fast,guard_fast,cmpl-diag00_a1_s23_llama1b_kv3072_cap12-07_long_burst_guard_fast-r5-0-a7ff08c5,cmpl-diag00_a1_s23_llama1b_kv3072_cap12-07_long_burst_guard_fast-r1-0-aa8cf7c9,23,79,0.14282111400007125
llama1b,3072,12,23,long,burst,handoff,7134.770740667,diag00_a1_s23_llama1b_kv3072_cap12-07_long_burst_guard_fast,guard_fast,cmpl-diag00_a1_s23_llama1b_kv3072_cap12-07_long_burst_guard_fast-r11-0-9273ab8a,cmpl-diag00_a1_s23_llama1b_kv3072_cap12-07_long_burst_guard_fast-r9-0-88d59262,30,63,0.14155940299951908
llama1b,3072,12,23,long,burst,handoff,7134.902989268,diag00_a1_s23_llama1b_kv3072_cap12-07_long_burst_guard_fast,guard_fast,cmpl-diag00_a1_s23_llama1b_kv3072_cap12-07_long_burst_guard_fast-r1-0-aa8cf7c9,cmpl-diag00_a1_s23_llama1b_kv3072_cap12-07_long_burst_guard_fast-r5-0-a7ff08c5,49,86,0.13247345600029803
llama1b,3072,12,23,long,burst,handoff,7135.152774515,diag00_a1_s23_llama1b_kv3072_cap12-07_long_burst_guard_fast,guard_fast,cmpl-diag00_a1_s23_llama1b_kv3072_cap12-07_long_burst_guard_fast-r9-0-88d59262,cmpl-diag00_a1_s23_llama1b_kv3072_cap12-07_long_burst_guard_fast-r1-0-aa8cf7c9,42,82,0.25000137999995786
llama1b,3072,12,23,long,burst,handoff,7135.16790884,diag00_a1_s23_llama1b_kv3072_cap12-07_long_burst_guard_fast,guard_fast,cmpl-diag00_a1_s23_llama1b_kv3072_cap12-07_long_burst_guard_fast-r5-0-a7ff08c5,cmpl-diag00_a1_s23_llama1b_kv3072_cap12-07_long_burst_guard_fast-r11-0-9273ab8a,46,79,0.15754955600004905
llama1b,3072,12,23,long,burst,handoff,7135.310104631,diag00_a1_s23_llama1b_kv3072_cap12-07_long_burst_guard_fast,guard_fast,cmpl-diag00_a1_s23_llama1b_kv3072_cap12-07_long_burst_guard_fast-r1-0-aa8cf7c9,cmpl-diag00_a1_s23_llama1b_kv3072_cap12-07_long_burst_guard_fast-r9-0-88d59262,30,86,0.14238815299995622
llama1b,3072,12,23,long,burst,handoff,7135.446529848,diag00_a1_s23_llama1b_kv3072_cap12-07_long_burst_guard_fast,guard_fast,cmpl-diag00_a1_s23_llama1b_kv3072_cap12-07_long_burst_guard_fast-r11-0-9273ab8a,cmpl-diag00_a1_s23_llama1b_kv3072_cap12-07_long_burst_guard_fast-r5-0-a7ff08c5,25,63,0.1367045090000829
llama1b,3072,12,23,long,burst,handoff,7135.590739095,diag00_a1_s23_llama1b_kv3072_cap12-07_long_burst_guard_fast,guard_fast,cmpl-diag00_a1_s23_llama1b_kv3072_cap12-07_long_burst_guard_fast-r9-0-88d59262,cmpl-diag00_a1_s23_llama1b_kv3072_cap12-07_long_burst_guard_fast-r1-0-aa8cf7c9,42,82,0.14443468599984044
llama1b,3072,12,23,long,burst,handoff,7135.836266855,diag00_a1_s23_llama1b_kv3072_cap12-07_long_burst_guard_fast,guard_fast,cmpl-diag00_a1_s23_llama1b_kv3072_cap12-07_long_burst_guard_fast-r5-0-a7ff08c5,cmpl-diag00_a1_s23_llama1b_kv3072_cap12-07_long_burst_guard_fast-r9-0-88d59262,46,80,0.24574414800008526
llama1b,3072,12,23,long,burst,handoff,7135.850590038,diag00_a1_s23_llama1b_kv3072_cap12-07_long_burst_guard_fast,guard_fast,cmpl-diag00_a1_s23_llama1b_kv3072_cap12-07_long_burst_guard_fast-r1-0-aa8cf7c9,cmpl-diag00_a1_s23_llama1b_kv3072_cap12-07_long_burst_guard_fast-r11-0-9273ab8a,48,86,0.15341577699928166
llama1b,3072,12,23,long,burst,handoff,7135.984562995,diag00_a1_s23_llama1b_kv3072_cap12-07_long_burst_guard_fast,guard_fast,cmpl-diag00_a1_s23_llama1b_kv3072_cap12-07_long_burst_guard_fast-r9-0-88d59262,cmpl-diag00_a1_s23_llama1b_kv3072_cap12-07_long_burst_guard_fast-r5-0-a7ff08c5,25,82,0.13416896299986547
llama1b,3072,12,23,long,burst,handoff,7136.128976114,diag00_a1_s23_llama1b_kv3072_cap12-07_long_burst_guard_fast,guard_fast,cmpl-diag00_a1_s23_llama1b_kv3072_cap12-07_long_burst_guard_fast-r11-0-9273ab8a,cmpl-diag00_a1_s23_llama1b_kv3072_cap12-07_long_burst_guard_fast-r1-0-aa8cf7c9,22,63,0.14465314999961265
llama1b,3072,12,23,long,burst,handoff,7136.271579753,diag00_a1_s23_llama1b_kv3072_cap12-07_long_burst_guard_fast,guard_fast,cmpl-diag00_a1_s23_llama1b_kv3072_cap12-07_long_burst_guard_fast-r5-0-a7ff08c5,cmpl-diag00_a1_s23_llama1b_kv3072_cap12-07_long_burst_guard_fast-r9-0-88d59262,46,80,0.14276889299981121
llama1b,3072,12,23,long,burst,handoff,7136.512851949,diag00_a1_s23_llama1b_kv3072_cap12-07_long_burst_guard_fast,guard_fast,cmpl-diag00_a1_s23_llama1b_kv3072_cap12-07_long_burst_guard_fast-r1-0-aa8cf7c9,cmpl-diag00_a1_s23_llama1b_kv3072_cap12-07_long_burst_guard_fast-r5-0-a7ff08c5,48,87,0.2415781669997159
llama1b,3072,12,23,long,burst,handoff,7136.530997814,diag00_a1_s23_llama1b_kv3072_cap12-07_long_burst_guard_fast,guard_fast,cmpl-diag00_a1_s23_llama1b_kv3072_cap12-07_long_burst_guard_fast-r9-0-88d59262,cmpl-diag00_a1_s23_llama1b_kv3072_cap12-07_long_burst_guard_fast-r11-0-9273ab8a,41,82,0.15145192300042254
llama1b,3072,12,23,long,burst,handoff,7136.672441017,diag00_a1_s23_llama1b_kv3072_cap12-07_long_burst_guard_fast,guard_fast,cmpl-diag00_a1_s23_llama1b_kv3072_cap12-07_long_burst_guard_fast-r5-0-a7ff08c5,cmpl-diag00_a1_s23_llama1b_kv3072_cap12-07_long_burst_guard_fast-r1-0-aa8cf7c9,22,80,0.14168326300023182
llama1b,3072,12,23,long,burst,handoff,7136.813789342,diag00_a1_s23_llama1b_kv3072_cap12-07_long_burst_guard_fast,guard_fast,cmpl-diag00_a1_s23_llama1b_kv3072_cap12-07_long_burst_guard_fast-r11-0-9273ab8a,cmpl-diag00_a1_s23_llama1b_kv3072_cap12-07_long_burst_guard_fast-r9-0-88d59262,29,63,0.14160602099946118
llama1b,3072,12,23,long,burst,handoff,7136.946512844,diag00_a1_s23_llama1b_kv3072_cap12-07_long_burst_guard_fast,guard_fast,cmpl-diag00_a1_s23_llama1b_kv3072_cap12-07_long_burst_guard_fast-r1-0-aa8cf7c9,cmpl-diag00_a1_s23_llama1b_kv3072_cap12-07_long_burst_guard_fast-r5-0-a7ff08c5,48,87,0.1328945149998617
llama1b,3072,12,23,long,burst,handoff,7137.196798369,diag00_a1_s23_llama1b_kv3072_cap12-07_long_burst_guard_fast,guard_fast,cmpl-diag00_a1_s23_llama1b_kv3072_cap12-07_long_burst_guard_fast-r9-0-88d59262,cmpl-diag00_a1_s23_llama1b_kv3072_cap12-07_long_burst_guard_fast-r1-0-aa8cf7c9,41,82,0.2504636700004994
llama1b,3072,12,23,long,burst,handoff,7137.211528129,diag00_a1_s23_llama1b_kv3072_cap12-07_long_burst_guard_fast,guard_fast,cmpl-diag00_a1_s23_llama1b_kv3072_cap12-07_long_burst_guard_fast-r5-0-a7ff08c5,cmpl-diag00_a1_s23_llama1b_kv3072_cap12-07_long_burst_guard_fast-r11-0-9273ab8a,46,80,0.15748548099963955
llama1b,3072,12,23,long,burst,handoff,7137.354658634,diag00_a1_s23_llama1b_kv3072_cap12-07_long_burst_guard_fast,guard_fast,cmpl-diag00_a1_s23_llama1b_kv3072_cap12-07_long_burst_guard_fast-r1-0-aa8cf7c9,cmpl-diag00_a1_s23_llama1b_kv3072_cap12-07_long_burst_guard_fast-r9-0-88d59262,29,87,0.1433409359997313
llama1b,3072,12,23,long,burst,handoff,7137.489685377,diag00_a1_s23_llama1b_kv3072_cap12-07_long_burst_guard_fast,guard_fast,cmpl-diag00_a1_s23_llama1b_kv3072_cap12-07_long_burst_guard_fast-r11-0-9273ab8a,cmpl-diag00_a1_s23_llama1b_kv3072_cap12-07_long_burst_guard_fast-r5-0-a7ff08c5,24,64,0.13525273899995227
llama1b,3072,12,23,long,burst,handoff,7137.633732377,diag00_a1_s23_llama1b_kv3072_cap12-07_long_burst_guard_fast,guard_fast,cmpl-diag00_a1_s23_llama1b_kv3072_cap12-07_long_burst_guard_fast-r9-0-88d59262,cmpl-diag00_a1_s23_llama1b_kv3072_cap12-07_long_burst_guard_fast-r1-0-aa8cf7c9,40,82,0.14421974900051282
llama1b,3072,12,23,long,burst,handoff,7137.894571793,diag00_a1_s23_llama1b_kv3072_cap12-07_long_burst_guard_fast,guard_fast,cmpl-diag00_a1_s23_llama1b_kv3072_cap12-07_long_burst_guard_fast-r5-0-a7ff08c5,cmpl-diag00_a1_s23_llama1b_kv3072_cap12-07_long_burst_guard_fast-r9-0-88d59262,45,80,0.26108081900019897
llama1b,3072,12,23,long,burst,handoff,7137.915501194,diag00_a1_s23_llama1b_kv3072_cap12-07_long_burst_guard_fast,guard_fast,cmpl-diag00_a1_s23_llama1b_kv3072_cap12-07_long_burst_guard_fast-r1-0-aa8cf7c9,cmpl-diag00_a1_s23_llama1b_kv3072_cap12-07_long_burst_guard_fast-r11-0-9273ab8a,47,87,0.1785068509998382
llama1b,3072,12,23,long,burst,handoff,7138.048106741,diag00_a1_s23_llama1b_kv3072_cap12-07_long_burst_guard_fast,guard_fast,cmpl-diag00_a1_s23_llama1b_kv3072_cap12-07_long_burst_guard_fast-r9-0-88d59262,cmpl-diag00_a1_s23_llama1b_kv3072_cap12-07_long_burst_guard_fast-r5-0-a7ff08c5,24,82,0.13282224199974735
llama1b,3072,12,23,long,burst,handoff,7138.19208287,diag00_a1_s23_llama1b_kv3072_cap12-07_long_burst_guard_fast,guard_fast,cmpl-diag00_a1_s23_llama1b_kv3072_cap12-07_long_burst_guard_fast-r11-0-9273ab8a,cmpl-diag00_a1_s23_llama1b_kv3072_cap12-07_long_burst_guard_fast-r1-0-aa8cf7c9,22,64,0.14428789700014022
llama1b,3072,12,23,long,burst,handoff,7138.334676925,diag00_a1_s23_llama1b_kv3072_cap12-07_long_burst_guard_fast,guard_fast,cmpl-diag00_a1_s23_llama1b_kv3072_cap12-07_long_burst_guard_fast-r5-0-a7ff08c5,cmpl-diag00_a1_s23_llama1b_kv3072_cap12-07_long_burst_guard_fast-r9-0-88d59262,45,80,0.1428431089998412
llama1b,3072,12,23,long,burst,handoff,7138.593849276,diag00_a1_s23_llama1b_kv3072_cap12-07_long_burst_guard_fast,guard_fast,cmpl-diag00_a1_s23_llama1b_kv3072_cap12-07_long_burst_guard_fast-r1-0-aa8cf7c9,cmpl-diag00_a1_s23_llama1b_kv3072_cap12-07_long_burst_guard_fast-r5-0-a7ff08c5,47,87,0.2593400769992513
llama1b,3072,12,23,long,burst,handoff,7138.613818415,diag00_a1_s23_llama1b_kv3072_cap12-07_long_burst_guard_fast,guard_fast,cmpl-diag00_a1_s23_llama1b_kv3072_cap12-07_long_burst_guard_fast-r9-0-88d59262,cmpl-diag00_a1_s23_llama1b_kv3072_cap12-07_long_burst_guard_fast-r11-0-9273ab8a,40,83,0.16260857100041903
llama1b,3072,12,23,long,burst,handoff,7138.759634104,diag00_a1_s23_llama1b_kv3072_cap12-07_long_burst_guard_fast,guard_fast,cmpl-diag00_a1_s23_llama1b_kv3072_cap12-07_long_burst_guard_fast-r5-0-a7ff08c5,cmpl-diag00_a1_s23_llama1b_kv3072_cap12-07_long_burst_guard_fast-r1-0-aa8cf7c9,21,80,0.14607272499961255
llama1b,3072,12,23,long,burst,handoff,7138.901396759,diag00_a1_s23_llama1b_kv3072_cap12-07_long_burst_guard_fast,guard_fast,cmpl-diag00_a1_s23_llama1b_kv3072_cap12-07_long_burst_guard_fast-r11-0-9273ab8a,cmpl-diag00_a1_s23_llama1b_kv3072_cap12-07_long_burst_guard_fast-r9-0-88d59262,28,64,0.14193318700017699
llama1b,3072,12,23,long,burst,handoff,7139.032276707,diag00_a1_s23_llama1b_kv3072_cap12-07_long_burst_guard_fast,guard_fast,cmpl-diag00_a1_s23_llama1b_kv3072_cap12-07_long_burst_guard_fast-r1-0-aa8cf7c9,cmpl-diag00_a1_s23_llama1b_kv3072_cap12-07_long_burst_guard_fast-r5-0-a7ff08c5,47,87,0.1312010259998715
llama1b,3072,12,23,long,burst,handoff,7139.297123205,diag00_a1_s23_llama1b_kv3072_cap12-07_long_burst_guard_fast,guard_fast,cmpl-diag00_a1_s23_llama1b_kv3072_cap12-07_long_burst_guard_fast-r9-0-88d59262,cmpl-diag00_a1_s23_llama1b_kv3072_cap12-07_long_burst_guard_fast-r1-0-aa8cf7c9,40,83,0.26500963600028626
llama1b,3072,12,23,long,burst,handoff,7139.315665554,diag00_a1_s23_llama1b_kv3072_cap12-07_long_burst_guard_fast,guard_fast,cmpl-diag00_a1_s23_llama1b_kv3072_cap12-07_long_burst_guard_fast-r5-0-a7ff08c5,cmpl-diag00_a1_s23_llama1b_kv3072_cap12-07_long_burst_guard_fast-r11-0-9273ab8a,44,80,0.1762034589992254
llama1b,3072,12,23,long,burst,handoff,7139.46244227,diag00_a1_s23_llama1b_kv3072_cap12-07_long_burst_guard_fast,guard_fast,cmpl-diag00_a1_s23_llama1b_kv3072_cap12-07_long_burst_guard_fast-r1-0-aa8cf7c9,cmpl-diag00_a1_s23_llama1b_kv3072_cap12-07_long_burst_guard_fast-r9-0-88d59262,28,87,0.14704612700006692
llama1b,3072,12,23,long,burst,handoff,7139.609978994,diag00_a1_s23_llama1b_kv3072_cap12-07_long_burst_guard_fast,guard_fast,cmpl-diag00_a1_s23_llama1b_kv3072_cap12-07_long_burst_guard_fast-r11-0-9273ab8a,cmpl-diag00_a1_s23_llama1b_kv3072_cap12-07_long_burst_guard_fast-r5-0-a7ff08c5,23,64,0.14778571700026077
llama1b,3072,12,23,long,burst,handoff,7139.759190021,diag00_a1_s23_llama1b_kv3072_cap12-07_long_burst_guard_fast,guard_fast,cmpl-diag00_a1_s23_llama1b_kv3072_cap12-07_long_burst_guard_fast-r9-0-88d59262,cmpl-diag00_a1_s23_llama1b_kv3072_cap12-07_long_burst_guard_fast-r1-0-aa8cf7c9,40,83,0.1493922070003464
llama1b,3072,12,23,long,burst,handoff,7140.008512941,diag00_a1_s23_llama1b_kv3072_cap12-07_long_burst_guard_fast,guard_fast,cmpl-diag00_a1_s23_llama1b_kv3072_cap12-07_long_burst_guard_fast-r5-0-a7ff08c5,cmpl-diag00_a1_s23_llama1b_kv3072_cap12-07_long_burst_guard_fast-r9-0-88d59262,44,81,0.24958061999950587
llama1b,3072,12,23,long,burst,handoff,7140.025846052,diag00_a1_s23_llama1b_kv3072_cap12-07_long_burst_guard_fast,guard_fast,cmpl-diag00_a1_s23_llama1b_kv3072_cap12-07_long_burst_guard_fast-r1-0-aa8cf7c9,cmpl-diag00_a1_s23_llama1b_kv3072_cap12-07_long_burst_guard_fast-r11-0-9273ab8a,46,87,0.16032166900004086
llama1b,3072,12,23,long,burst,handoff,7140.1692525,diag00_a1_s23_llama1b_kv3072_cap12-07_long_burst_guard_fast,guard_fast,cmpl-diag00_a1_s23_llama1b_kv3072_cap12-07_long_burst_guard_fast-r9-0-88d59262,cmpl-diag00_a1_s23_llama1b_kv3072_cap12-07_long_burst_guard_fast-r5-0-a7ff08c5,23,83,0.14357765800014022
llama1b,3072,12,23,long,burst,handoff,7140.336105897,diag00_a1_s23_llama1b_kv3072_cap12-07_long_burst_guard_fast,guard_fast,cmpl-diag00_a1_s23_llama1b_kv3072_cap12-07_long_burst_guard_fast-r11-0-9273ab8a,cmpl-diag00_a1_s23_llama1b_kv3072_cap12-07_long_burst_guard_fast-r1-0-aa8cf7c9,20,65,0.16703547600081947
llama1b,3072,12,23,long,burst,handoff,7140.484035553,diag00_a1_s23_llama1b_kv3072_cap12-07_long_burst_guard_fast,guard_fast,cmpl-diag00_a1_s23_llama1b_kv3072_cap12-07_long_burst_guard_fast-r5-0-a7ff08c5,cmpl-diag00_a1_s23_llama1b_kv3072_cap12-07_long_burst_guard_fast-r9-0-88d59262,43,81,0.1482681079996837
llama1b,3072,12,23,long,burst,handoff,7140.744906425,diag00_a1_s23_llama1b_kv3072_cap12-07_long_burst_guard_fast,guard_fast,cmpl-diag00_a1_s23_llama1b_kv3072_cap12-07_long_burst_guard_fast-r1-0-aa8cf7c9,cmpl-diag00_a1_s23_llama1b_kv3072_cap12-07_long_burst_guard_fast-r5-0-a7ff08c5,45,88,0.2610915780005598
llama1b,3072,12,23,long,burst,handoff,7140.761669958,diag00_a1_s23_llama1b_kv3072_cap12-07_long_burst_guard_fast,guard_fast,cmpl-diag00_a1_s23_llama1b_kv3072_cap12-07_long_burst_guard_fast-r9-0-88d59262,cmpl-diag00_a1_s23_llama1b_kv3072_cap12-07_long_burst_guard_fast-r11-0-9273ab8a,38,83,0.1594222070007163
llama1b,3072,12,23,long,burst,handoff,7140.908124488,diag00_a1_s23_llama1b_kv3072_cap12-07_long_burst_guard_fast,guard_fast,cmpl-diag00_a1_s23_llama1b_kv3072_cap12-07_long_burst_guard_fast-r5-0-a7ff08c5,cmpl-diag00_a1_s23_llama1b_kv3072_cap12-07_long_burst_guard_fast-r1-0-aa8cf7c9,20,81,0.14668099299979076
llama1b,3072,12,23,long,burst,handoff,7141.05342174,diag00_a1_s23_llama1b_kv3072_cap12-07_long_burst_guard_fast,guard_fast,cmpl-diag00_a1_s23_llama1b_kv3072_cap12-07_long_burst_guard_fast-r11-0-9273ab8a,cmpl-diag00_a1_s23_llama1b_kv3072_cap12-07_long_burst_guard_fast-r9-0-88d59262,27,65,0.14553244800026732
llama1b,3072,12,23,long,burst,handoff,7141.199306505,diag00_a1_s23_llama1b_kv3072_cap12-07_long_burst_guard_fast,guard_fast,cmpl-diag00_a1_s23_llama1b_kv3072_cap12-07_long_burst_guard_fast-r1-0-aa8cf7c9,cmpl-diag00_a1_s23_llama1b_kv3072_cap12-07_long_burst_guard_fast-r5-0-a7ff08c5,45,88,0.1461202520004008
llama1b,3072,12,23,long,burst,handoff,7141.466854165,diag00_a1_s23_llama1b_kv3072_cap12-07_long_burst_guard_fast,guard_fast,cmpl-diag00_a1_s23_llama1b_kv3072_cap12-07_long_burst_guard_fast-r9-0-88d59262,cmpl-diag00_a1_s23_llama1b_kv3072_cap12-07_long_burst_guard_fast-r1-0-aa8cf7c9,38,83,0.2677864639999825
llama1b,3072,12,23,long,burst,handoff,7141.481727783,diag00_a1_s23_llama1b_kv3072_cap12-07_long_burst_guard_fast,guard_fast,cmpl-diag00_a1_s23_llama1b_kv3072_cap12-07_long_burst_guard_fast-r5-0-a7ff08c5,cmpl-diag00_a1_s23_llama1b_kv3072_cap12-07_long_burst_guard_fast-r11-0-9273ab8a,43,81,0.16327765899950464
llama1b,3072,12,23,long,burst,handoff,7141.627581286,diag00_a1_s23_llama1b_kv3072_cap12-07_long_burst_guard_fast,guard_fast,cmpl-diag00_a1_s23_llama1b_kv3072_cap12-07_long_burst_guard_fast-r1-0-aa8cf7c9,cmpl-diag00_a1_s23_llama1b_kv3072_cap12-07_long_burst_guard_fast-r9-0-88d59262,27,88,0.14603047400032665
llama1b,3072,12,23,long,burst,handoff,7141.77108774,diag00_a1_s23_llama1b_kv3072_cap12-07_long_burst_guard_fast,guard_fast,cmpl-diag00_a1_s23_llama1b_kv3072_cap12-07_long_burst_guard_fast-r11-0-9273ab8a,cmpl-diag00_a1_s23_llama1b_kv3072_cap12-07_long_burst_guard_fast-r5-0-a7ff08c5,22,65,0.143754120000267
llama1b,3072,12,23,long,burst,handoff,7141.91978013,diag00_a1_s23_llama1b_kv3072_cap12-07_long_burst_guard_fast,guard_fast,cmpl-diag00_a1_s23_llama1b_kv3072_cap12-07_long_burst_guard_fast-r9-0-88d59262,cmpl-diag00_a1_s23_llama1b_kv3072_cap12-07_long_burst_guard_fast-r1-0-aa8cf7c9,38,83,0.1489161259996763
llama1b,3072,12,23,long,burst,handoff,7142.184339841,diag00_a1_s23_llama1b_kv3072_cap12-07_long_burst_guard_fast,guard_fast,cmpl-diag00_a1_s23_llama1b_kv3072_cap12-07_long_burst_guard_fast-r5-0-a7ff08c5,cmpl-diag00_a1_s23_llama1b_kv3072_cap12-07_long_burst_guard_fast-r9-0-88d59262,43,81,0.2648050340003465
llama1b,3072,12,23,long,burst,handoff,7142.201862891,diag00_a1_s23_llama1b_kv3072_cap12-07_long_burst_guard_fast,guard_fast,cmpl-diag00_a1_s23_llama1b_kv3072_cap12-07_long_burst_guard_fast-r1-0-aa8cf7c9,cmpl-diag00_a1_s23_llama1b_kv3072_cap12-07_long_burst_guard_fast-r11-0-9273ab8a,45,88,0.16254856500017922
llama1b,3072,12,23,long,burst,handoff,7142.343168501,diag00_a1_s23_llama1b_kv3072_cap12-07_long_burst_guard_fast,guard_fast,cmpl-diag00_a1_s23_llama1b_kv3072_cap12-07_long_burst_guard_fast-r9-0-88d59262,cmpl-diag00_a1_s23_llama1b_kv3072_cap12-07_long_burst_guard_fast-r5-0-a7ff08c5,22,83,0.1415105960004439
llama1b,3072,12,23,long,burst,handoff,7142.492515543,diag00_a1_s23_llama1b_kv3072_cap12-07_long_burst_guard_fast,guard_fast,cmpl-diag00_a1_s23_llama1b_kv3072_cap12-07_long_burst_guard_fast-r11-0-9273ab8a,cmpl-diag00_a1_s23_llama1b_kv3072_cap12-07_long_burst_guard_fast-r1-0-aa8cf7c9,20,65,0.149596893999842
llama1b,3072,12,23,long,burst,handoff,7142.636522472,diag00_a1_s23_llama1b_kv3072_cap12-07_long_burst_guard_fast,guard_fast,cmpl-diag00_a1_s23_llama1b_kv3072_cap12-07_long_burst_guard_fast-r5-0-a7ff08c5,cmpl-diag00_a1_s23_llama1b_kv3072_cap12-07_long_burst_guard_fast-r9-0-88d59262,43,81,0.14425271100026293
llama1b,3072,12,23,long,burst,handoff,7142.899258597,diag00_a1_s23_llama1b_kv3072_cap12-07_long_burst_guard_fast,guard_fast,cmpl-diag00_a1_s23_llama1b_kv3072_cap12-07_long_burst_guard_fast-r1-0-aa8cf7c9,cmpl-diag00_a1_s23_llama1b_kv3072_cap12-07_long_burst_guard_fast-r5-0-a7ff08c5,45,88,0.2629577759998938
llama1b,3072,12,23,long,burst,handoff,7142.915272193,diag00_a1_s23_llama1b_kv3072_cap12-07_long_burst_guard_fast,guard_fast,cmpl-diag00_a1_s23_llama1b_kv3072_cap12-07_long_burst_guard_fast-r9-0-88d59262,cmpl-diag00_a1_s23_llama1b_kv3072_cap12-07_long_burst_guard_fast-r11-0-9273ab8a,38,84,0.15918459900058224
llama1b,3072,12,23,long,burst,handoff,7143.079545716,diag00_a1_s23_llama1b_kv3072_cap12-07_long_burst_guard_fast,guard_fast,cmpl-diag00_a1_s23_llama1b_kv3072_cap12-07_long_burst_guard_fast-r5-0-a7ff08c5,cmpl-diag00_a1_s23_llama1b_kv3072_cap12-07_long_burst_guard_fast-r1-0-aa8cf7c9,19,81,0.16449333600030513
llama1b,3072,12,23,long,burst,handoff,7143.230730492,diag00_a1_s23_llama1b_kv3072_cap12-07_long_burst_guard_fast,guard_fast,cmpl-diag00_a1_s23_llama1b_kv3072_cap12-07_long_burst_guard_fast-r11-0-9273ab8a,cmpl-diag00_a1_s23_llama1b_kv3072_cap12-07_long_burst_guard_fast-r9-0-88d59262,26,66,0.15138884399948438
llama1b,3072,12,23,long,burst,handoff,7143.373832193,diag00_a1_s23_llama1b_kv3072_cap12-07_long_burst_guard_fast,guard_fast,cmpl-diag00_a1_s23_llama1b_kv3072_cap12-07_long_burst_guard_fast-r1-0-aa8cf7c9,cmpl-diag00_a1_s23_llama1b_kv3072_cap12-07_long_burst_guard_fast-r5-0-a7ff08c5,44,88,0.14327101900016714
llama1b,3072,12,23,long,burst,handoff,7143.633695487,diag00_a1_s23_llama1b_kv3072_cap12-07_long_burst_guard_fast,guard_fast,cmpl-diag00_a1_s23_llama1b_kv3072_cap12-07_long_burst_guard_fast-r9-0-88d59262,cmpl-diag00_a1_s23_llama1b_kv3072_cap12-07_long_burst_guard_fast-r1-0-aa8cf7c9,37,84,0.2600760330005869
llama1b,3072,12,23,long,burst,handoff,7143.65035503,diag00_a1_s23_llama1b_kv3072_cap12-07_long_burst_guard_fast,guard_fast,cmpl-diag00_a1_s23_llama1b_kv3072_cap12-07_long_burst_guard_fast-r5-0-a7ff08c5,cmpl-diag00_a1_s23_llama1b_kv3072_cap12-07_long_burst_guard_fast-r11-0-9273ab8a,41,81,0.16081304300041666
llama1b,3072,12,23,long,burst,handoff,7143.804797899,diag00_a1_s23_llama1b_kv3072_cap12-07_long_burst_guard_fast,guard_fast,cmpl-diag00_a1_s23_llama1b_kv3072_cap12-07_long_burst_guard_fast-r1-0-aa8cf7c9,cmpl-diag00_a1_s23_llama1b_kv3072_cap12-07_long_burst_guard_fast-r9-0-88d59262,26,88,0.15458139200018195
llama1b,3072,12,23,long,burst,handoff,7143.953265894,diag00_a1_s23_llama1b_kv3072_cap12-07_long_burst_guard_fast,guard_fast,cmpl-diag00_a1_s23_llama1b_kv3072_cap12-07_long_burst_guard_fast-r11-0-9273ab8a,cmpl-diag00_a1_s23_llama1b_kv3072_cap12-07_long_burst_guard_fast-r5-0-a7ff08c5,21,66,0.14869257600003039
llama1b,3072,12,23,long,burst,handoff,7144.098962668,diag00_a1_s23_llama1b_kv3072_cap12-07_long_burst_guard_fast,guard_fast,cmpl-diag00_a1_s23_llama1b_kv3072_cap12-07_long_burst_guard_fast-r9-0-88d59262,cmpl-diag00_a1_s23_llama1b_kv3072_cap12-07_long_burst_guard_fast-r1-0-aa8cf7c9,37,84,0.1460236070006431
llama1b,3072,12,23,long,burst,handoff,7144.35802028,diag00_a1_s23_llama1b_kv3072_cap12-07_long_burst_guard_fast,guard_fast,cmpl-diag00_a1_s23_llama1b_kv3072_cap12-07_long_burst_guard_fast-r5-0-a7ff08c5,cmpl-diag00_a1_s23_llama1b_kv3072_cap12-07_long_burst_guard_fast-r9-0-88d59262,41,82,0.25927695900008985
llama1b,3072,12,23,long,burst,handoff,7144.374067313,diag00_a1_s23_llama1b_kv3072_cap12-07_long_burst_guard_fast,guard_fast,cmpl-diag00_a1_s23_llama1b_kv3072_cap12-07_long_burst_guard_fast-r1-0-aa8cf7c9,cmpl-diag00_a1_s23_llama1b_kv3072_cap12-07_long_burst_guard_fast-r11-0-9273ab8a,43,88,0.15740388899939717
llama1b,3072,12,23,long,burst,handoff,7144.514716868,diag00_a1_s23_llama1b_kv3072_cap12-07_long_burst_guard_fast,guard_fast,cmpl-diag00_a1_s23_llama1b_kv3072_cap12-07_long_burst_guard_fast-r9-0-88d59262,cmpl-diag00_a1_s23_llama1b_kv3072_cap12-07_long_burst_guard_fast-r5-0-a7ff08c5,21,84,0.14087523899979715
llama1b,3072,12,23,long,burst,handoff,7144.672921172,diag00_a1_s23_llama1b_kv3072_cap12-07_long_burst_guard_fast,guard_fast,cmpl-diag00_a1_s23_llama1b_kv3072_cap12-07_long_burst_guard_fast-r11-0-9273ab8a,cmpl-diag00_a1_s23_llama1b_kv3072_cap12-07_long_burst_guard_fast-r1-0-aa8cf7c9,18,66,0.15843034600038663
llama1b,3072,12,23,long,burst,handoff,7144.830262668,diag00_a1_s23_llama1b_kv3072_cap12-07_long_burst_guard_fast,guard_fast,cmpl-diag00_a1_s23_llama1b_kv3072_cap12-07_long_burst_guard_fast-r5-0-a7ff08c5,cmpl-diag00_a1_s23_llama1b_kv3072_cap12-07_long_burst_guard_fast-r9-0-88d59262,41,82,0.15763635199982673
llama1b,3072,12,23,long,burst,handoff,7145.110188528,diag00_a1_s23_llama1b_kv3072_cap12-07_long_burst_guard_fast,guard_fast,cmpl-diag00_a1_s23_llama1b_kv3072_cap12-07_long_burst_guard_fast-r1-0-aa8cf7c9,cmpl-diag00_a1_s23_llama1b_kv3072_cap12-07_long_burst_guard_fast-r5-0-a7ff08c5,43,89,0.2801704810008232
llama1b,3072,12,23,long,burst,handoff,7145.12855392,diag00_a1_s23_llama1b_kv3072_cap12-07_long_burst_guard_fast,guard_fast,cmpl-diag00_a1_s23_llama1b_kv3072_cap12-07_long_burst_guard_fast-r9-0-88d59262,cmpl-diag00_a1_s23_llama1b_kv3072_cap12-07_long_burst_guard_fast-r11-0-9273ab8a,36,84,0.17397427699961554
llama1b,3072,12,23,long,burst,handoff,7145.293106974,diag00_a1_s23_llama1b_kv3072_cap12-07_long_burst_guard_fast,guard_fast,cmpl-diag00_a1_s23_llama1b_kv3072_cap12-07_long_burst_guard_fast-r5-0-a7ff08c5,cmpl-diag00_a1_s23_llama1b_kv3072_cap12-07_long_burst_guard_fast-r1-0-aa8cf7c9,18,82,0.16478215600000112
llama1b,3072,12,23,long,burst,handoff,7145.434175116,diag00_a1_s23_llama1b_kv3072_cap12-07_long_burst_guard_fast,guard_fast,cmpl-diag00_a1_s23_llama1b_kv3072_cap12-07_long_burst_guard_fast-r11-0-9273ab8a,cmpl-diag00_a1_s23_llama1b_kv3072_cap12-07_long_burst_guard_fast-r9-0-88d59262,25,66,0.1412777779996759
llama1b,3072,12,23,long,burst,handoff,7145.591458447,diag00_a1_s23_llama1b_kv3072_cap12-07_long_burst_guard_fast,guard_fast,cmpl-diag00_a1_s23_llama1b_kv3072_cap12-07_long_burst_guard_fast-r1-0-aa8cf7c9,cmpl-diag00_a1_s23_llama1b_kv3072_cap12-07_long_burst_guard_fast-r5-0-a7ff08c5,43,89,0.15766477699980896
llama1b,3072,12,23,long,burst,handoff,7145.717367658,diag00_a1_s23_llama1b_kv3072_cap12-07_long_burst_guard_fast,guard_fast,cmpl-diag00_a1_s23_llama1b_kv3072_cap12-07_long_burst_guard_fast-r9-0-88d59262,cmpl-diag00_a1_s23_llama1b_kv3072_cap12-07_long_burst_guard_fast-r11-0-9273ab8a,36,84,0.1261424750000515
llama1b,3072,12,23,long,burst,handoff,7145.87284602,diag00_a1_s23_llama1b_kv3072_cap12-07_long_burst_guard_fast,guard_fast,cmpl-diag00_a1_s23_llama1b_kv3072_cap12-07_long_burst_guard_fast-r5-0-a7ff08c5,cmpl-diag00_a1_s23_llama1b_kv3072_cap12-07_long_burst_guard_fast-r1-0-aa8cf7c9,18,82,0.15570142100023077
llama1b,3072,12,23,long,burst,handoff,7146.017709369,diag00_a1_s23_llama1b_kv3072_cap12-07_long_burst_guard_fast,guard_fast,cmpl-diag00_a1_s23_llama1b_kv3072_cap12-07_long_burst_guard_fast-r11-0-9273ab8a,cmpl-diag00_a1_s23_llama1b_kv3072_cap12-07_long_burst_guard_fast-r9-0-88d59262,25,66,0.1450698429998738
llama1b,3072,12,23,long,burst,handoff,7146.159666574,diag00_a1_s23_llama1b_kv3072_cap12-07_long_burst_guard_fast,guard_fast,cmpl-diag00_a1_s23_llama1b_kv3072_cap12-07_long_burst_guard_fast-r1-0-aa8cf7c9,cmpl-diag00_a1_s23_llama1b_kv3072_cap12-07_long_burst_guard_fast-r5-0-a7ff08c5,43,89,0.14212244099962845
llama1b,3072,12,23,long,burst,handoff,7146.430674618,diag00_a1_s23_llama1b_kv3072_cap12-07_long_burst_guard_fast,guard_fast,cmpl-diag00_a1_s23_llama1b_kv3072_cap12-07_long_burst_guard_fast-r9-0-88d59262,cmpl-diag00_a1_s23_llama1b_kv3072_cap12-07_long_burst_guard_fast-r1-0-aa8cf7c9,35,84,0.2712490809999508
llama1b,3072,12,23,long,burst,handoff,7146.44656421,diag00_a1_s23_llama1b_kv3072_cap12-07_long_burst_guard_fast,guard_fast,cmpl-diag00_a1_s23_llama1b_kv3072_cap12-07_long_burst_guard_fast-r5-0-a7ff08c5,cmpl-diag00_a1_s23_llama1b_kv3072_cap12-07_long_burst_guard_fast-r11-0-9273ab8a,40,82,0.16970883700014383
llama1b,3072,12,23,long,burst,handoff,7146.590878724,diag00_a1_s23_llama1b_kv3072_cap12-07_long_burst_guard_fast,guard_fast,cmpl-diag00_a1_s23_llama1b_kv3072_cap12-07_long_burst_guard_fast-r1-0-aa8cf7c9,cmpl-diag00_a1_s23_llama1b_kv3072_cap12-07_long_burst_guard_fast-r9-0-88d59262,25,89,0.14451872299923707
llama1b,3072,12,23,long,burst,handoff,7146.732945632,diag00_a1_s23_llama1b_kv3072_cap12-07_long_burst_guard_fast,guard_fast,cmpl-diag00_a1_s23_llama1b_kv3072_cap12-07_long_burst_guard_fast-r11-0-9273ab8a,cmpl-diag00_a1_s23_llama1b_kv3072_cap12-07_long_burst_guard_fast-r5-0-a7ff08c5,20,67,0.14227819799998542
llama1b,3072,12,23,long,burst,handoff,7146.887451633,diag00_a1_s23_llama1b_kv3072_cap12-07_long_burst_guard_fast,guard_fast,cmpl-diag00_a1_s23_llama1b_kv3072_cap12-07_long_burst_guard_fast-r9-0-88d59262,cmpl-diag00_a1_s23_llama1b_kv3072_cap12-07_long_burst_guard_fast-r1-0-aa8cf7c9,35,84,0.15473367899994628
llama1b,3072,12,23,long,burst,handoff,7147.146106237,diag00_a1_s23_llama1b_kv3072_cap12-07_long_burst_guard_fast,guard_fast,cmpl-diag00_a1_s23_llama1b_kv3072_cap12-07_long_burst_guard_fast-r5-0-a7ff08c5,cmpl-diag00_a1_s23_llama1b_kv3072_cap12-07_long_burst_guard_fast-r9-0-88d59262,40,82,0.2588173320000351
llama1b,3072,12,23,long,burst,handoff,7147.16199268,diag00_a1_s23_llama1b_kv3072_cap12-07_long_burst_guard_fast,guard_fast,cmpl-diag00_a1_s23_llama1b_kv3072_cap12-07_long_burst_guard_fast-r1-0-aa8cf7c9,cmpl-diag00_a1_s23_llama1b_kv3072_cap12-07_long_burst_guard_fast-r11-0-9273ab8a,42,89,0.15640158200039878
llama1b,3072,12,23,long,burst,handoff,7147.304557637,diag00_a1_s23_llama1b_kv3072_cap12-07_long_burst_guard_fast,guard_fast,cmpl-diag00_a1_s23_llama1b_kv3072_cap12-07_long_burst_guard_fast-r9-0-88d59262,cmpl-diag00_a1_s23_llama1b_kv3072_cap12-07_long_burst_guard_fast-r5-0-a7ff08c5,20,85,0.1427652999991551
llama1b,3072,12,23,long,burst,handoff,7147.45903958,diag00_a1_s23_llama1b_kv3072_cap12-07_long_burst_guard_fast,guard_fast,cmpl-diag00_a1_s23_llama1b_kv3072_cap12-07_long_burst_guard_fast-r11-0-9273ab8a,cmpl-diag00_a1_s23_llama1b_kv3072_cap12-07_long_burst_guard_fast-r1-0-aa8cf7c9,17,67,0.15470043499954045
llama1b,3072,12,23,long,burst,handoff,7147.603240242,diag00_a1_s23_llama1b_kv3072_cap12-07_long_burst_guard_fast,guard_fast,cmpl-diag00_a1_s23_llama1b_kv3072_cap12-07_long_burst_guard_fast-r5-0-a7ff08c5,cmpl-diag00_a1_s23_llama1b_kv3072_cap12-07_long_burst_guard_fast-r9-0-88d59262,39,82,0.14447060599923134
llama1b,3072,12,23,long,burst,handoff,7147.863198182,diag00_a1_s23_llama1b_kv3072_cap12-07_long_burst_guard_fast,guard_fast,cmpl-diag00_a1_s23_llama1b_kv3072_cap12-07_long_burst_guard_fast-r1-0-aa8cf7c9,cmpl-diag00_a1_s23_llama1b_kv3072_cap12-07_long_burst_guard_fast-r5-0-a7ff08c5,42,89,0.2601786949999223
llama1b,3072,12,23,long,burst,handoff,7147.877473284,diag00_a1_s23_llama1b_kv3072_cap12-07_long_burst_guard_fast,guard_fast,cmpl-diag00_a1_s23_llama1b_kv3072_cap12-07_long_burst_guard_fast-r9-0-88d59262,cmpl-diag00_a1_s23_llama1b_kv3072_cap12-07_long_burst_guard_fast-r11-0-9273ab8a,35,85,0.15543456400064315
llama1b,3072,12,23,long,burst,handoff,7148.041626176,diag00_a1_s23_llama1b_kv3072_cap12-07_long_burst_guard_fast,guard_fast,cmpl-diag00_a1_s23_llama1b_kv3072_cap12-07_long_burst_guard_fast-r5-0-a7ff08c5,cmpl-diag00_a1_s23_llama1b_kv3072_cap12-07_long_burst_guard_fast-r1-0-aa8cf7c9,17,82,0.16436412900020514
llama1b,3072,12,23,long,burst,handoff,7148.199016748,diag00_a1_s23_llama1b_kv3072_cap12-07_long_burst_guard_fast,guard_fast,cmpl-diag00_a1_s23_llama1b_kv3072_cap12-07_long_burst_guard_fast-r11-0-9273ab8a,cmpl-diag00_a1_s23_llama1b_kv3072_cap12-07_long_burst_guard_fast-r9-0-88d59262,24,67,0.15761712799940142
llama1b,3072,12,23,long,burst,handoff,7148.346824667,diag00_a1_s23_llama1b_kv3072_cap12-07_long_burst_guard_fast,guard_fast,cmpl-diag00_a1_s23_llama1b_kv3072_cap12-07_long_burst_guard_fast-r1-0-aa8cf7c9,cmpl-diag00_a1_s23_llama1b_kv3072_cap12-07_long_burst_guard_fast-r5-0-a7ff08c5,41,89,0.1480124789995898
llama1b,3072,12,23,long,burst,handoff,7148.628646838,diag00_a1_s23_llama1b_kv3072_cap12-07_long_burst_guard_fast,guard_fast,cmpl-diag00_a1_s23_llama1b_kv3072_cap12-07_long_burst_guard_fast-r9-0-88d59262,cmpl-diag00_a1_s23_llama1b_kv3072_cap12-07_long_burst_guard_fast-r1-0-aa8cf7c9,35,85,0.281998566000766
llama1b,3072,12,23,long,burst,handoff,7148.644814896,diag00_a1_s23_llama1b_kv3072_cap12-07_long_burst_guard_fast,guard_fast,cmpl-diag00_a1_s23_llama1b_kv3072_cap12-07_long_burst_guard_fast-r5-0-a7ff08c5,cmpl-diag00_a1_s23_llama1b_kv3072_cap12-07_long_burst_guard_fast-r11-0-9273ab8a,39,83,0.17673531499985984
llama1b,3072,12,23,long,burst,handoff,7148.789582167,diag00_a1_s23_llama1b_kv3072_cap12-07_long_burst_guard_fast,guard_fast,cmpl-diag00_a1_s23_llama1b_kv3072_cap12-07_long_burst_guard_fast-r1-0-aa8cf7c9,cmpl-diag00_a1_s23_llama1b_kv3072_cap12-07_long_burst_guard_fast-r9-0-88d59262,23,89,0.14498825000009674
llama1b,3072,12,23,long,burst,handoff,7148.935801251,diag00_a1_s23_llama1b_kv3072_cap12-07_long_burst_guard_fast,guard_fast,cmpl-diag00_a1_s23_llama1b_kv3072_cap12-07_long_burst_guard_fast-r11-0-9273ab8a,cmpl-diag00_a1_s23_llama1b_kv3072_cap12-07_long_burst_guard_fast-r5-0-a7ff08c5,19,67,0.14646262600035698
llama1b,3072,12,23,long,burst,handoff,7149.10880933,diag00_a1_s23_llama1b_kv3072_cap12-07_long_burst_guard_fast,guard_fast,cmpl-diag00_a1_s23_llama1b_kv3072_cap12-07_long_burst_guard_fast-r9-0-88d59262,cmpl-diag00_a1_s23_llama1b_kv3072_cap12-07_long_burst_guard_fast-r1-0-aa8cf7c9,34,85,0.17322835700088035
llama1b,3072,12,23,long,burst,handoff,7149.237540723,diag00_a1_s23_llama1b_kv3072_cap12-07_long_burst_guard_fast,guard_fast,cmpl-diag00_a1_s23_llama1b_kv3072_cap12-07_long_burst_guard_fast-r5-0-a7ff08c5,cmpl-diag00_a1_s23_llama1b_kv3072_cap12-07_long_burst_guard_fast-r11-0-9273ab8a,39,83,0.12899277199994685
llama1b,3072,12,23,long,burst,handoff,7149.389294518,diag00_a1_s23_llama1b_kv3072_cap12-07_long_burst_guard_fast,guard_fast,cmpl-diag00_a1_s23_llama1b_kv3072_cap12-07_long_burst_guard_fast-r1-0-aa8cf7c9,cmpl-diag00_a1_s23_llama1b_kv3072_cap12-07_long_burst_guard_fast-r9-0-88d59262,23,90,0.1520351879998998
llama1b,3072,12,23,long,burst,handoff,7149.534131062,diag00_a1_s23_llama1b_kv3072_cap12-07_long_burst_guard_fast,guard_fast,cmpl-diag00_a1_s23_llama1b_kv3072_cap12-07_long_burst_guard_fast-r11-0-9273ab8a,cmpl-diag00_a1_s23_llama1b_kv3072_cap12-07_long_burst_guard_fast-r5-0-a7ff08c5,18,68,0.1449930469998435
llama1b,3072,12,23,long,burst,handoff,7149.691435682,diag00_a1_s23_llama1b_kv3072_cap12-07_long_burst_guard_fast,guard_fast,cmpl-diag00_a1_s23_llama1b_kv3072_cap12-07_long_burst_guard_fast-r9-0-88d59262,cmpl-diag00_a1_s23_llama1b_kv3072_cap12-07_long_burst_guard_fast-r1-0-aa8cf7c9,33,85,0.15751835399987613
llama1b,3072,12,23,long,burst,handoff,7149.818287342,diag00_a1_s23_llama1b_kv3072_cap12-07_long_burst_guard_fast,guard_fast,cmpl-diag00_a1_s23_llama1b_kv3072_cap12-07_long_burst_guard_fast-r5-0-a7ff08c5,cmpl-diag00_a1_s23_llama1b_kv3072_cap12-07_long_burst_guard_fast-r11-0-9273ab8a,38,83,0.12707525400037412
llama1b,3072,12,23,long,burst,handoff,7149.97308655,diag00_a1_s23_llama1b_kv3072_cap12-07_long_burst_guard_fast,guard_fast,cmpl-diag00_a1_s23_llama1b_kv3072_cap12-07_long_burst_guard_fast-r1-0-aa8cf7c9,cmpl-diag00_a1_s23_llama1b_kv3072_cap12-07_long_burst_guard_fast-r9-0-88d59262,23,90,0.1550495849996878
llama1b,3072,12,23,long,burst,handoff,7150.12187073,diag00_a1_s23_llama1b_kv3072_cap12-07_long_burst_guard_fast,guard_fast,cmpl-diag00_a1_s23_llama1b_kv3072_cap12-07_long_burst_guard_fast-r11-0-9273ab8a,cmpl-diag00_a1_s23_llama1b_kv3072_cap12-07_long_burst_guard_fast-r5-0-a7ff08c5,18,68,0.14910339700054465
llama1b,3072,12,23,long,burst,handoff,7150.28605861,diag00_a1_s23_llama1b_kv3072_cap12-07_long_burst_guard_fast,guard_fast,cmpl-diag00_a1_s23_llama1b_kv3072_cap12-07_long_burst_guard_fast-r9-0-88d59262,cmpl-diag00_a1_s23_llama1b_kv3072_cap12-07_long_burst_guard_fast-r1-0-aa8cf7c9,33,85,0.16439355999955296
llama1b,3072,12,23,long,burst,handoff,7150.564897479,diag00_a1_s23_llama1b_kv3072_cap12-07_long_burst_guard_fast,guard_fast,cmpl-diag00_a1_s23_llama1b_kv3072_cap12-07_long_burst_guard_fast-r5-0-a7ff08c5,cmpl-diag00_a1_s23_llama1b_kv3072_cap12-07_long_burst_guard_fast-r9-0-88d59262,38,83,0.2791158810005072
llama1b,3072,12,23,long,burst,handoff,7150.585453884,diag00_a1_s23_llama1b_kv3072_cap12-07_long_burst_guard_fast,guard_fast,cmpl-diag00_a1_s23_llama1b_kv3072_cap12-07_long_burst_guard_fast-r1-0-aa8cf7c9,cmpl-diag00_a1_s23_llama1b_kv3072_cap12-07_long_burst_guard_fast-r11-0-9273ab8a,40,90,0.17514048500015633
llama1b,3072,12,23,long,burst,handoff,7150.74710905,diag00_a1_s23_llama1b_kv3072_cap12-07_long_burst_guard_fast,guard_fast,cmpl-diag00_a1_s23_llama1b_kv3072_cap12-07_long_burst_guard_fast-r9-0-88d59262,cmpl-diag00_a1_s23_llama1b_kv3072_cap12-07_long_burst_guard_fast-r5-0-a7ff08c5,18,85,0.16193702000055055
llama1b,3072,12,23,long,burst,handoff,7150.921993954,diag00_a1_s23_llama1b_kv3072_cap12-07_long_burst_guard_fast,guard_fast,cmpl-diag00_a1_s23_llama1b_kv3072_cap12-07_long_burst_guard_fast-r11-0-9273ab8a,cmpl-diag00_a1_s23_llama1b_kv3072_cap12-07_long_burst_guard_fast-r1-0-aa8cf7c9,16,68,0.17526326899951528
llama1b,3072,12,23,long,burst,handoff,7151.081056013,diag00_a1_s23_llama1b_kv3072_cap12-07_long_burst_guard_fast,guard_fast,cmpl-diag00_a1_s23_llama1b_kv3072_cap12-07_long_burst_guard_fast-r5-0-a7ff08c5,cmpl-diag00_a1_s23_llama1b_kv3072_cap12-07_long_burst_guard_fast-r9-0-88d59262,38,83,0.1593724120002662
llama1b,3072,12,23,long,burst,handoff,7151.214558005,diag00_a1_s23_llama1b_kv3072_cap12-07_long_burst_guard_fast,guard_fast,cmpl-diag00_a1_s23_llama1b_kv3072_cap12-07_long_burst_guard_fast-r1-0-aa8cf7c9,cmpl-diag00_a1_s23_llama1b_kv3072_cap12-07_long_burst_guard_fast-r11-0-9273ab8a,40,90,0.13388362299974688
llama1b,3072,12,23,long,burst,handoff,7151.364607243,diag00_a1_s23_llama1b_kv3072_cap12-07_long_burst_guard_fast,guard_fast,cmpl-diag00_a1_s23_llama1b_kv3072_cap12-07_long_burst_guard_fast-r9-0-88d59262,cmpl-diag00_a1_s23_llama1b_kv3072_cap12-07_long_burst_guard_fast-r5-0-a7ff08c5,18,85,0.1502485800001523
llama1b,3072,12,23,long,burst,handoff,7151.522525327,diag00_a1_s23_llama1b_kv3072_cap12-07_long_burst_guard_fast,guard_fast,cmpl-diag00_a1_s23_llama1b_kv3072_cap12-07_long_burst_guard_fast-r11-0-9273ab8a,cmpl-diag00_a1_s23_llama1b_kv3072_cap12-07_long_burst_guard_fast-r1-0-aa8cf7c9,16,68,0.15816038200046023
llama1b,3072,12,23,long,burst,handoff,7151.668587679,diag00_a1_s23_llama1b_kv3072_cap12-07_long_burst_guard_fast,guard_fast,cmpl-diag00_a1_s23_llama1b_kv3072_cap12-07_long_burst_guard_fast-r5-0-a7ff08c5,cmpl-diag00_a1_s23_llama1b_kv3072_cap12-07_long_burst_guard_fast-r9-0-88d59262,38,83,0.14627897199989093
llama1b,3072,12,23,long,burst,handoff,7151.928441141,diag00_a1_s23_llama1b_kv3072_cap12-07_long_burst_guard_fast,guard_fast,cmpl-diag00_a1_s23_llama1b_kv3072_cap12-07_long_burst_guard_fast-r1-0-aa8cf7c9,cmpl-diag00_a1_s23_llama1b_kv3072_cap12-07_long_burst_guard_fast-r5-0-a7ff08c5,40,90,0.2600757899999735
llama1b,3072,12,23,long,burst,handoff,7151.943738064,diag00_a1_s23_llama1b_kv3072_cap12-07_long_burst_guard_fast,guard_fast,cmpl-diag00_a1_s23_llama1b_kv3072_cap12-07_long_burst_guard_fast-r9-0-88d59262,cmpl-diag00_a1_s23_llama1b_kv3072_cap12-07_long_burst_guard_fast-r11-0-9273ab8a,33,86,0.15540686300028028
llama1b,3072,12,23,long,burst,handoff,7152.09788877,diag00_a1_s23_llama1b_kv3072_cap12-07_long_burst_guard_fast,guard_fast,cmpl-diag00_a1_s23_llama1b_kv3072_cap12-07_long_burst_guard_fast-r5-0-a7ff08c5,cmpl-diag00_a1_s23_llama1b_kv3072_cap12-07_long_burst_guard_fast-r1-0-aa8cf7c9,15,83,0.1544162320005853
llama1b,3072,12,23,long,burst,handoff,7152.245162202,diag00_a1_s23_llama1b_kv3072_cap12-07_long_burst_guard_fast,guard_fast,cmpl-diag00_a1_s23_llama1b_kv3072_cap12-07_long_burst_guard_fast-r11-0-9273ab8a,cmpl-diag00_a1_s23_llama1b_kv3072_cap12-07_long_burst_guard_fast-r9-0-88d59262,22,68,0.14750347399967723
llama1b,3072,12,23,long,burst,handoff,7152.388617126,diag00_a1_s23_llama1b_kv3072_cap12-07_long_burst_guard_fast,guard_fast,cmpl-diag00_a1_s23_llama1b_kv3072_cap12-07_long_burst_guard_fast-r1-0-aa8cf7c9,cmpl-diag00_a1_s23_llama1b_kv3072_cap12-07_long_burst_guard_fast-r5-0-a7ff08c5,40,90,0.14368016000025818
llama1b,3072,12,23,long,burst,handoff,7152.659874534,diag00_a1_s23_llama1b_kv3072_cap12-07_long_burst_guard_fast,guard_fast,cmpl-diag00_a1_s23_llama1b_kv3072_cap12-07_long_burst_guard_fast-r9-0-88d59262,cmpl-diag00_a1_s23_llama1b_kv3072_cap12-07_long_burst_guard_fast-r1-0-aa8cf7c9,33,86,0.27148059499995725
llama1b,3072,12,23,long,burst,handoff,7152.675174929,diag00_a1_s23_llama1b_kv3072_cap12-07_long_burst_guard_fast,guard_fast,cmpl-diag00_a1_s23_llama1b_kv3072_cap12-07_long_burst_guard_fast-r5-0-a7ff08c5,cmpl-diag00_a1_s23_llama1b_kv3072_cap12-07_long_burst_guard_fast-r11-0-9273ab8a,37,83,0.16976559799968527
llama1b,3072,12,23,long,burst,handoff,7152.818704673,diag00_a1_s23_llama1b_kv3072_cap12-07_long_burst_guard_fast,guard_fast,cmpl-diag00_a1_s23_llama1b_kv3072_cap12-07_long_burst_guard_fast-r1-0-aa8cf7c9,cmpl-diag00_a1_s23_llama1b_kv3072_cap12-07_long_burst_guard_fast-r9-0-88d59262,22,90,0.14372004399956495
llama1b,3072,12,23,long,burst,handoff,7152.958365589,diag00_a1_s23_llama1b_kv3072_cap12-07_long_burst_guard_fast,guard_fast,cmpl-diag00_a1_s23_llama1b_kv3072_cap12-07_long_burst_guard_fast-r11-0-9273ab8a,cmpl-diag00_a1_s23_llama1b_kv3072_cap12-07_long_burst_guard_fast-r5-0-a7ff08c5,17,69,0.13981595899986132
llama1b,3072,12,23,long,burst,handoff,7153.114572083,diag00_a1_s23_llama1b_kv3072_cap12-07_long_burst_guard_fast,guard_fast,cmpl-diag00_a1_s23_llama1b_kv3072_cap12-07_long_burst_guard_fast-r9-0-88d59262,cmpl-diag00_a1_s23_llama1b_kv3072_cap12-07_long_burst_guard_fast-r1-0-aa8cf7c9,32,86,0.1564001589995314
llama1b,3072,12,23,long,burst,handoff,7153.378792162,diag00_a1_s23_llama1b_kv3072_cap12-07_long_burst_guard_fast,guard_fast,cmpl-diag00_a1_s23_llama1b_kv3072_cap12-07_long_burst_guard_fast-r5-0-a7ff08c5,cmpl-diag00_a1_s23_llama1b_kv3072_cap12-07_long_burst_guard_fast-r9-0-88d59262,36,84,0.2644572459994379
llama1b,3072,12,23,long,burst,handoff,7153.394807527,diag00_a1_s23_llama1b_kv3072_cap12-07_long_burst_guard_fast,guard_fast,cmpl-diag00_a1_s23_llama1b_kv3072_cap12-07_long_burst_guard_fast-r1-0-aa8cf7c9,cmpl-diag00_a1_s23_llama1b_kv3072_cap12-07_long_burst_guard_fast-r11-0-9273ab8a,38,90,0.15889684499961731
llama1b,3072,12,23,long,burst,handoff,7153.5349642,diag00_a1_s23_llama1b_kv3072_cap12-07_long_burst_guard_fast,guard_fast,cmpl-diag00_a1_s23_llama1b_kv3072_cap12-07_long_burst_guard_fast-r9-0-88d59262,cmpl-diag00_a1_s23_llama1b_kv3072_cap12-07_long_burst_guard_fast-r5-0-a7ff08c5,17,86,0.14036118700005318
llama1b,3072,12,23,long,burst,handoff,7153.692030394,diag00_a1_s23_llama1b_kv3072_cap12-07_long_burst_guard_fast,guard_fast,cmpl-diag00_a1_s23_llama1b_kv3072_cap12-07_long_burst_guard_fast-r11-0-9273ab8a,cmpl-diag00_a1_s23_llama1b_kv3072_cap12-07_long_burst_guard_fast-r1-0-aa8cf7c9,14,69,0.15728667799976392
llama1b,3072,12,23,long,burst,handoff,7153.836383804,diag00_a1_s23_llama1b_kv3072_cap12-07_long_burst_guard_fast,guard_fast,cmpl-diag00_a1_s23_llama1b_kv3072_cap12-07_long_burst_guard_fast-r5-0-a7ff08c5,cmpl-diag00_a1_s23_llama1b_kv3072_cap12-07_long_burst_guard_fast-r9-0-88d59262,36,84,0.14453100100035954
llama1b,3072,12,23,long,burst,handoff,7154.096210803,diag00_a1_s23_llama1b_kv3072_cap12-07_long_burst_guard_fast,guard_fast,cmpl-diag00_a1_s23_llama1b_kv3072_cap12-07_long_burst_guard_fast-r1-0-aa8cf7c9,cmpl-diag00_a1_s23_llama1b_kv3072_cap12-07_long_burst_guard_fast-r5-0-a7ff08c5,38,91,0.26005139900007634
llama1b,3072,12,23,long,burst,handoff,7154.110395272,diag00_a1_s23_llama1b_kv3072_cap12-07_long_burst_guard_fast,guard_fast,cmpl-diag00_a1_s23_llama1b_kv3072_cap12-07_long_burst_guard_fast-r9-0-88d59262,cmpl-diag00_a1_s23_llama1b_kv3072_cap12-07_long_burst_guard_fast-r11-0-9273ab8a,31,86,0.15776215199912258
llama1b,3072,12,23,long,burst,handoff,7154.268387311,diag00_a1_s23_llama1b_kv3072_cap12-07_long_burst_guard_fast,guard_fast,cmpl-diag00_a1_s23_llama1b_kv3072_cap12-07_long_burst_guard_fast-r5-0-a7ff08c5,cmpl-diag00_a1_s23_llama1b_kv3072_cap12-07_long_burst_guard_fast-r1-0-aa8cf7c9,14,84,0.15819095999995625
llama1b,3072,12,23,long,burst,handoff,7154.411842217,diag00_a1_s23_llama1b_kv3072_cap12-07_long_burst_guard_fast,guard_fast,cmpl-diag00_a1_s23_llama1b_kv3072_cap12-07_long_burst_guard_fast-r11-0-9273ab8a,cmpl-diag00_a1_s23_llama1b_kv3072_cap12-07_long_burst_guard_fast-r9-0-88d59262,21,69,0.14368205400023726
llama1b,3072,12,23,long,burst,handoff,7154.552656938,diag00_a1_s23_llama1b_kv3072_cap12-07_long_burst_guard_fast,guard_fast,cmpl-diag00_a1_s23_llama1b_kv3072_cap12-07_long_burst_guard_fast-r1-0-aa8cf7c9,cmpl-diag00_a1_s23_llama1b_kv3072_cap12-07_long_burst_guard_fast-r5-0-a7ff08c5,38,91,0.1410921500000768
llama1b,3072,12,23,long,burst,handoff,7154.827324421,diag00_a1_s23_llama1b_kv3072_cap12-07_long_burst_guard_fast,guard_fast,cmpl-diag00_a1_s23_llama1b_kv3072_cap12-07_long_burst_guard_fast-r9-0-88d59262,cmpl-diag00_a1_s23_llama1b_kv3072_cap12-07_long_burst_guard_fast-r1-0-aa8cf7c9,31,86,0.274878985000214
llama1b,3072,12,23,long,burst,handoff,7154.842775146,diag00_a1_s23_llama1b_kv3072_cap12-07_long_burst_guard_fast,guard_fast,cmpl-diag00_a1_s23_llama1b_kv3072_cap12-07_long_burst_guard_fast-r5-0-a7ff08c5,cmpl-diag00_a1_s23_llama1b_kv3072_cap12-07_long_burst_guard_fast-r11-0-9273ab8a,36,84,0.17064585500065732
llama1b,3072,12,23,long,burst,handoff,7154.984932224,diag00_a1_s23_llama1b_kv3072_cap12-07_long_burst_guard_fast,guard_fast,cmpl-diag00_a1_s23_llama1b_kv3072_cap12-07_long_burst_guard_fast-r1-0-aa8cf7c9,cmpl-diag00_a1_s23_llama1b_kv3072_cap12-07_long_burst_guard_fast-r9-0-88d59262,21,91,0.1423650059996362
llama1b,3072,12,23,long,burst,handoff,7155.129783096,diag00_a1_s23_llama1b_kv3072_cap12-07_long_burst_guard_fast,guard_fast,cmpl-diag00_a1_s23_llama1b_kv3072_cap12-07_long_burst_guard_fast-r11-0-9273ab8a,cmpl-diag00_a1_s23_llama1b_kv3072_cap12-07_long_burst_guard_fast-r5-0-a7ff08c5,16,69,0.1450410790002934
llama1b,3072,12,23,long,burst,handoff,7155.286718288,diag00_a1_s23_llama1b_kv3072_cap12-07_long_burst_guard_fast,guard_fast,cmpl-diag00_a1_s23_llama1b_kv3072_cap12-07_long_burst_guard_fast-r9-0-88d59262,cmpl-diag00_a1_s23_llama1b_kv3072_cap12-07_long_burst_guard_fast-r1-0-aa8cf7c9,31,86,0.15715924899996025
llama1b,3072,12,23,long,burst,handoff,7155.547039359,diag00_a1_s23_llama1b_kv3072_cap12-07_long_burst_guard_fast,guard_fast,cmpl-diag00_a1_s23_llama1b_kv3072_cap12-07_long_burst_guard_fast-r5-0-a7ff08c5,cmpl-diag00_a1_s23_llama1b_kv3072_cap12-07_long_burst_guard_fast-r9-0-88d59262,36,84,0.26055396600077074
llama1b,3072,12,23,long,burst,handoff,7155.56338537,diag00_a1_s23_llama1b_kv3072_cap12-07_long_burst_guard_fast,guard_fast,cmpl-diag00_a1_s23_llama1b_kv3072_cap12-07_long_burst_guard_fast-r1-0-aa8cf7c9,cmpl-diag00_a1_s23_llama1b_kv3072_cap12-07_long_burst_guard_fast-r11-0-9273ab8a,38,91,0.1596680330003437
llama1b,3072,12,23,long,burst,handoff,7155.704814332,diag00_a1_s23_llama1b_kv3072_cap12-07_long_burst_guard_fast,guard_fast,cmpl-diag00_a1_s23_llama1b_kv3072_cap12-07_long_burst_guard_fast-r9-0-88d59262,cmpl-diag00_a1_s23_llama1b_kv3072_cap12-07_long_burst_guard_fast-r5-0-a7ff08c5,16,86,0.14164614699984668
llama1b,3072,12,23,long,burst,handoff,7155.859520704,diag00_a1_s23_llama1b_kv3072_cap12-07_long_burst_guard_fast,guard_fast,cmpl-diag00_a1_s23_llama1b_kv3072_cap12-07_long_burst_guard_fast-r11-0-9273ab8a,cmpl-diag00_a1_s23_llama1b_kv3072_cap12-07_long_burst_guard_fast-r1-0-aa8cf7c9,14,70,0.15496226499999466
llama1b,3072,12,23,long,burst,handoff,7156.003266965,diag00_a1_s23_llama1b_kv3072_cap12-07_long_burst_guard_fast,guard_fast,cmpl-diag00_a1_s23_llama1b_kv3072_cap12-07_long_burst_guard_fast-r5-0-a7ff08c5,cmpl-diag00_a1_s23_llama1b_kv3072_cap12-07_long_burst_guard_fast-r9-0-88d59262,35,84,0.14405816900034552
llama1b,3072,12,23,long,burst,handoff,7156.264291995,diag00_a1_s23_llama1b_kv3072_cap12-07_long_burst_guard_fast,guard_fast,cmpl-diag00_a1_s23_llama1b_kv3072_cap12-07_long_burst_guard_fast-r1-0-aa8cf7c9,cmpl-diag00_a1_s23_llama1b_kv3072_cap12-07_long_burst_guard_fast-r5-0-a7ff08c5,37,91,0.2612492010002825
llama1b,3072,12,23,long,burst,handoff,7156.279659604,diag00_a1_s23_llama1b_kv3072_cap12-07_long_burst_guard_fast,guard_fast,cmpl-diag00_a1_s23_llama1b_kv3072_cap12-07_long_burst_guard_fast-r9-0-88d59262,cmpl-diag00_a1_s23_llama1b_kv3072_cap12-07_long_burst_guard_fast-r11-0-9273ab8a,30,87,0.15478768100001616
llama1b,3072,12,23,long,burst,handoff,7156.435167571,diag00_a1_s23_llama1b_kv3072_cap12-07_long_burst_guard_fast,guard_fast,cmpl-diag00_a1_s23_llama1b_kv3072_cap12-07_long_burst_guard_fast-r5-0-a7ff08c5,cmpl-diag00_a1_s23_llama1b_kv3072_cap12-07_long_burst_guard_fast-r1-0-aa8cf7c9,13,84,0.15566807400045946
llama1b,3072,12,23,long,burst,handoff,7156.579589899,diag00_a1_s23_llama1b_kv3072_cap12-07_long_burst_guard_fast,guard_fast,cmpl-diag00_a1_s23_llama1b_kv3072_cap12-07_long_burst_guard_fast-r11-0-9273ab8a,cmpl-diag00_a1_s23_llama1b_kv3072_cap12-07_long_burst_guard_fast-r9-0-88d59262,20,70,0.14464873900033126
llama1b,3072,12,23,long,burst,handoff,7156.722313379,diag00_a1_s23_llama1b_kv3072_cap12-07_long_burst_guard_fast,guard_fast,cmpl-diag00_a1_s23_llama1b_kv3072_cap12-07_long_burst_guard_fast-r1-0-aa8cf7c9,cmpl-diag00_a1_s23_llama1b_kv3072_cap12-07_long_burst_guard_fast-r5-0-a7ff08c5,37,91,0.14295244599998114
llama1b,3072,12,23,long,burst,handoff,7156.996733869,diag00_a1_s23_llama1b_kv3072_cap12-07_long_burst_guard_fast,guard_fast,cmpl-diag00_a1_s23_llama1b_kv3072_cap12-07_long_burst_guard_fast-r9-0-88d59262,cmpl-diag00_a1_s23_llama1b_kv3072_cap12-07_long_burst_guard_fast-r1-0-aa8cf7c9,30,87,0.27463329000056547
llama1b,3072,12,23,long,burst,handoff,7157.015896856,diag00_a1_s23_llama1b_kv3072_cap12-07_long_burst_guard_fast,guard_fast,cmpl-diag00_a1_s23_llama1b_kv3072_cap12-07_long_burst_guard_fast-r5-0-a7ff08c5,cmpl-diag00_a1_s23_llama1b_kv3072_cap12-07_long_burst_guard_fast-r11-0-9273ab8a,34,84,0.17494922799960477
llama1b,3072,12,23,long,burst,handoff,7157.157253087,diag00_a1_s23_llama1b_kv3072_cap12-07_long_burst_guard_fast,guard_fast,cmpl-diag00_a1_s23_llama1b_kv3072_cap12-07_long_burst_guard_fast-r1-0-aa8cf7c9,cmpl-diag00_a1_s23_llama1b_kv3072_cap12-07_long_burst_guard_fast-r9-0-88d59262,20,91,0.1415219900000011
llama1b,3072,12,23,long,burst,handoff,7157.301533893,diag00_a1_s23_llama1b_kv3072_cap12-07_long_burst_guard_fast,guard_fast,cmpl-diag00_a1_s23_llama1b_kv3072_cap12-07_long_burst_guard_fast-r11-0-9273ab8a,cmpl-diag00_a1_s23_llama1b_kv3072_cap12-07_long_burst_guard_fast-r5-0-a7ff08c5,15,70,0.14449479799986875
llama1b,3072,12,23,long,burst,handoff,7157.458519375,diag00_a1_s23_llama1b_kv3072_cap12-07_long_burst_guard_fast,guard_fast,cmpl-diag00_a1_s23_llama1b_kv3072_cap12-07_long_burst_guard_fast-r9-0-88d59262,cmpl-diag00_a1_s23_llama1b_kv3072_cap12-07_long_burst_guard_fast-r1-0-aa8cf7c9,30,87,0.1572030999996059
llama1b,3072,12,23,long,burst,handoff,7157.720574979,diag00_a1_s23_llama1b_kv3072_cap12-07_long_burst_guard_fast,guard_fast,cmpl-diag00_a1_s23_llama1b_kv3072_cap12-07_long_burst_guard_fast-r5-0-a7ff08c5,cmpl-diag00_a1_s23_llama1b_kv3072_cap12-07_long_burst_guard_fast-r9-0-88d59262,34,85,0.2622751859998971
llama1b,3072,12,23,long,burst,handoff,7157.737558623,diag00_a1_s23_llama1b_kv3072_cap12-07_long_burst_guard_fast,guard_fast,cmpl-diag00_a1_s23_llama1b_kv3072_cap12-07_long_burst_guard_fast-r1-0-aa8cf7c9,cmpl-diag00_a1_s23_llama1b_kv3072_cap12-07_long_burst_guard_fast-r11-0-9273ab8a,36,91,0.1585833890003414
llama1b,3072,12,23,long,burst,handoff,7157.878514786,diag00_a1_s23_llama1b_kv3072_cap12-07_long_burst_guard_fast,guard_fast,cmpl-diag00_a1_s23_llama1b_kv3072_cap12-07_long_burst_guard_fast-r9-0-88d59262,cmpl-diag00_a1_s23_llama1b_kv3072_cap12-07_long_burst_guard_fast-r5-0-a7ff08c5,15,87,0.14114670300023135
llama1b,3072,12,23,long,burst,handoff,7158.033137284,diag00_a1_s23_llama1b_kv3072_cap12-07_long_burst_guard_fast,guard_fast,cmpl-diag00_a1_s23_llama1b_kv3072_cap12-07_long_burst_guard_fast-r11-0-9273ab8a,cmpl-diag00_a1_s23_llama1b_kv3072_cap12-07_long_burst_guard_fast-r1-0-aa8cf7c9,12,70,0.15491626699986227
llama1b,3072,12,23,long,burst,handoff,7158.190469241,diag00_a1_s23_llama1b_kv3072_cap12-07_long_burst_guard_fast,guard_fast,cmpl-diag00_a1_s23_llama1b_kv3072_cap12-07_long_burst_guard_fast-r5-0-a7ff08c5,cmpl-diag00_a1_s23_llama1b_kv3072_cap12-07_long_burst_guard_fast-r9-0-88d59262,34,85,0.15755598600026133
llama1b,3072,12,23,long,burst,handoff,7158.322692224,diag00_a1_s23_llama1b_kv3072_cap12-07_long_burst_guard_fast,guard_fast,cmpl-diag00_a1_s23_llama1b_kv3072_cap12-07_long_burst_guard_fast-r1-0-aa8cf7c9,cmpl-diag00_a1_s23_llama1b_kv3072_cap12-07_long_burst_guard_fast-r11-0-9273ab8a,36,92,0.13248299800034147
llama1b,3072,12,23,long,burst,handoff,7158.477057411,diag00_a1_s23_llama1b_kv3072_cap12-07_long_burst_guard_fast,guard_fast,cmpl-diag00_a1_s23_llama1b_kv3072_cap12-07_long_burst_guard_fast-r9-0-88d59262,cmpl-diag00_a1_s23_llama1b_kv3072_cap12-07_long_burst_guard_fast-r5-0-a7ff08c5,14,87,0.1546140619993821
llama1b,3072,12,23,long,burst,handoff,7158.63465024,diag00_a1_s23_llama1b_kv3072_cap12-07_long_burst_guard_fast,guard_fast,cmpl-diag00_a1_s23_llama1b_kv3072_cap12-07_long_burst_guard_fast-r11-0-9273ab8a,cmpl-diag00_a1_s23_llama1b_kv3072_cap12-07_long_burst_guard_fast-r1-0-aa8cf7c9,12,70,0.15779619499971886
llama1b,3072,12,23,long,burst,handoff,7158.779753581,diag00_a1_s23_llama1b_kv3072_cap12-07_long_burst_guard_fast,guard_fast,cmpl-diag00_a1_s23_llama1b_kv3072_cap12-07_long_burst_guard_fast-r5-0-a7ff08c5,cmpl-diag00_a1_s23_llama1b_kv3072_cap12-07_long_burst_guard_fast-r9-0-88d59262,34,85,0.14531988199996704
llama1b,3072,12,23,long,burst,handoff,7159.041607783,diag00_a1_s23_llama1b_kv3072_cap12-07_long_burst_guard_fast,guard_fast,cmpl-diag00_a1_s23_llama1b_kv3072_cap12-07_long_burst_guard_fast-r1-0-aa8cf7c9,cmpl-diag00_a1_s23_llama1b_kv3072_cap12-07_long_burst_guard_fast-r5-0-a7ff08c5,35,92,0.26213202299913974
llama1b,3072,12,23,long,burst,handoff,7159.056747981,diag00_a1_s23_llama1b_kv3072_cap12-07_long_burst_guard_fast,guard_fast,cmpl-diag00_a1_s23_llama1b_kv3072_cap12-07_long_burst_guard_fast-r9-0-88d59262,cmpl-diag00_a1_s23_llama1b_kv3072_cap12-07_long_burst_guard_fast-r11-0-9273ab8a,28,87,0.15695940099976724
llama1b,3072,12,23,long,burst,handoff,7159.215775625,diag00_a1_s23_llama1b_kv3072_cap12-07_long_burst_guard_fast,guard_fast,cmpl-diag00_a1_s23_llama1b_kv3072_cap12-07_long_burst_guard_fast-r5-0-a7ff08c5,cmpl-diag00_a1_s23_llama1b_kv3072_cap12-07_long_burst_guard_fast-r1-0-aa8cf7c9,12,85,0.15919014300015988
llama1b,3072,12,23,long,burst,handoff,7159.358235005,diag00_a1_s23_llama1b_kv3072_cap12-07_long_burst_guard_fast,guard_fast,cmpl-diag00_a1_s23_llama1b_kv3072_cap12-07_long_burst_guard_fast-r11-0-9273ab8a,cmpl-diag00_a1_s23_llama1b_kv3072_cap12-07_long_burst_guard_fast-r9-0-88d59262,19,71,0.1427111410002908
llama1b,3072,12,23,long,burst,handoff,7159.502843537,diag00_a1_s23_llama1b_kv3072_cap12-07_long_burst_guard_fast,guard_fast,cmpl-diag00_a1_s23_llama1b_kv3072_cap12-07_long_burst_guard_fast-r1-0-aa8cf7c9,cmpl-diag00_a1_s23_llama1b_kv3072_cap12-07_long_burst_guard_fast-r5-0-a7ff08c5,35,92,0.14492652200078737
llama1b,3072,12,23,long,burst,handoff,7159.77651329,diag00_a1_s23_llama1b_kv3072_cap12-07_long_burst_guard_fast,guard_fast,cmpl-diag00_a1_s23_llama1b_kv3072_cap12-07_long_burst_guard_fast-r9-0-88d59262,cmpl-diag00_a1_s23_llama1b_kv3072_cap12-07_long_burst_guard_fast-r1-0-aa8cf7c9,28,87,0.2738370710003437
llama1b,3072,12,23,long,burst,handoff,7159.792741944,diag00_a1_s23_llama1b_kv3072_cap12-07_long_burst_guard_fast,guard_fast,cmpl-diag00_a1_s23_llama1b_kv3072_cap12-07_long_burst_guard_fast-r5-0-a7ff08c5,cmpl-diag00_a1_s23_llama1b_kv3072_cap12-07_long_burst_guard_fast-r11-0-9273ab8a,33,85,0.1701976590002232
llama1b,3072,12,23,long,burst,handoff,7159.937017497,diag00_a1_s23_llama1b_kv3072_cap12-07_long_burst_guard_fast,guard_fast,cmpl-diag00_a1_s23_llama1b_kv3072_cap12-07_long_burst_guard_fast-r1-0-aa8cf7c9,cmpl-diag00_a1_s23_llama1b_kv3072_cap12-07_long_burst_guard_fast-r9-0-88d59262,19,92,0.14455562999955873
llama1b,3072,12,23,long,burst,handoff,7160.088985915,diag00_a1_s23_llama1b_kv3072_cap12-07_long_burst_guard_fast,guard_fast,cmpl-diag00_a1_s23_llama1b_kv3072_cap12-07_long_burst_guard_fast-r11-0-9273ab8a,cmpl-diag00_a1_s23_llama1b_kv3072_cap12-07_long_burst_guard_fast-r5-0-a7ff08c5,14,71,0.15219298800002434
llama1b,3072,12,23,long,burst,handoff,7160.263994348,diag00_a1_s23_llama1b_kv3072_cap12-07_long_burst_guard_fast,guard_fast,cmpl-diag00_a1_s23_llama1b_kv3072_cap12-07_long_burst_guard_fast-r9-0-88d59262,cmpl-diag00_a1_s23_llama1b_kv3072_cap12-07_long_burst_guard_fast-r1-0-aa8cf7c9,28,87,0.17528743099956046
llama1b,3072,12,23,long,burst,handoff,7160.53112763,diag00_a1_s23_llama1b_kv3072_cap12-07_long_burst_guard_fast,guard_fast,cmpl-diag00_a1_s23_llama1b_kv3072_cap12-07_long_burst_guard_fast-r5-0-a7ff08c5,cmpl-diag00_a1_s23_llama1b_kv3072_cap12-07_long_burst_guard_fast-r9-0-88d59262,33,85,0.26736917899961554
llama1b,3072,12,23,long,burst,handoff,7160.547868529,diag00_a1_s23_llama1b_kv3072_cap12-07_long_burst_guard_fast,guard_fast,cmpl-diag00_a1_s23_llama1b_kv3072_cap12-07_long_burst_guard_fast-r1-0-aa8cf7c9,cmpl-diag00_a1_s23_llama1b_kv3072_cap12-07_long_burst_guard_fast-r11-0-9273ab8a,35,92,0.16357922899987898
llama1b,3072,12,23,long,burst,handoff,7160.698938057,diag00_a1_s23_llama1b_kv3072_cap12-07_long_burst_guard_fast,guard_fast,cmpl-diag00_a1_s23_llama1b_kv3072_cap12-07_long_burst_guard_fast-r9-0-88d59262,cmpl-diag00_a1_s23_llama1b_kv3072_cap12-07_long_burst_guard_fast-r5-0-a7ff08c5,14,88,0.1513212250001743
llama1b,3072,12,23,long,burst,handoff,7160.86996797,diag00_a1_s23_llama1b_kv3072_cap12-07_long_burst_guard_fast,guard_fast,cmpl-diag00_a1_s23_llama1b_kv3072_cap12-07_long_burst_guard_fast-r11-0-9273ab8a,cmpl-diag00_a1_s23_llama1b_kv3072_cap12-07_long_burst_guard_fast-r1-0-aa8cf7c9,11,71,0.17126895500041428
llama1b,3072,12,23,long,burst,handoff,7161.020325301,diag00_a1_s23_llama1b_kv3072_cap12-07_long_burst_guard_fast,guard_fast,cmpl-diag00_a1_s23_llama1b_kv3072_cap12-07_long_burst_guard_fast-r5-0-a7ff08c5,cmpl-diag00_a1_s23_llama1b_kv3072_cap12-07_long_burst_guard_fast-r9-0-88d59262,32,85,0.15060193200042704
llama1b,3072,12,23,long,burst,handoff,7161.281480502,diag00_a1_s23_llama1b_kv3072_cap12-07_long_burst_guard_fast,guard_fast,cmpl-diag00_a1_s23_llama1b_kv3072_cap12-07_long_burst_guard_fast-r1-0-aa8cf7c9,cmpl-diag00_a1_s23_llama1b_kv3072_cap12-07_long_burst_guard_fast-r5-0-a7ff08c5,35,92,0.2614254489999439
llama1b,3072,12,23,long,burst,handoff,7161.296209389,diag00_a1_s23_llama1b_kv3072_cap12-07_long_burst_guard_fast,guard_fast,cmpl-diag00_a1_s23_llama1b_kv3072_cap12-07_long_burst_guard_fast-r9-0-88d59262,cmpl-diag00_a1_s23_llama1b_kv3072_cap12-07_long_burst_guard_fast-r11-0-9273ab8a,28,88,0.15753225699972973
llama1b,3072,12,23,long,burst,handoff,7161.45244345,diag00_a1_s23_llama1b_kv3072_cap12-07_long_burst_guard_fast,guard_fast,cmpl-diag00_a1_s23_llama1b_kv3072_cap12-07_long_burst_guard_fast-r5-0-a7ff08c5,cmpl-diag00_a1_s23_llama1b_kv3072_cap12-07_long_burst_guard_fast-r1-0-aa8cf7c9,11,85,0.15651514199998928
llama1b,3072,12,23,long,burst,handoff,7161.598996436,diag00_a1_s23_llama1b_kv3072_cap12-07_long_burst_guard_fast,guard_fast,cmpl-diag00_a1_s23_llama1b_kv3072_cap12-07_long_burst_guard_fast-r11-0-9273ab8a,cmpl-diag00_a1_s23_llama1b_kv3072_cap12-07_long_burst_guard_fast-r9-0-88d59262,18,71,0.14684233899970422
llama1b,3072,12,23,long,burst,handoff,7161.742392926,diag00_a1_s23_llama1b_kv3072_cap12-07_long_burst_guard_fast,guard_fast,cmpl-diag00_a1_s23_llama1b_kv3072_cap12-07_long_burst_guard_fast-r1-0-aa8cf7c9,cmpl-diag00_a1_s23_llama1b_kv3072_cap12-07_long_burst_guard_fast-r5-0-a7ff08c5,34,92,0.14360957600001711
llama1b,3072,12,23,long,burst,handoff,7162.014435532,diag00_a1_s23_llama1b_kv3072_cap12-07_long_burst_guard_fast,guard_fast,cmpl-diag00_a1_s23_llama1b_kv3072_cap12-07_long_burst_guard_fast-r9-0-88d59262,cmpl-diag00_a1_s23_llama1b_kv3072_cap12-07_long_burst_guard_fast-r1-0-aa8cf7c9,27,88,0.2722834229998625
llama1b,3072,12,23,long,burst,handoff,7162.029948797,diag00_a1_s23_llama1b_kv3072_cap12-07_long_burst_guard_fast,guard_fast,cmpl-diag00_a1_s23_llama1b_kv3072_cap12-07_long_burst_guard_fast-r5-0-a7ff08c5,cmpl-diag00_a1_s23_llama1b_kv3072_cap12-07_long_burst_guard_fast-r11-0-9273ab8a,31,86,0.17028890999972646
llama1b,3072,12,23,long,burst,handoff,7162.173972468,diag00_a1_s23_llama1b_kv3072_cap12-07_long_burst_guard_fast,guard_fast,cmpl-diag00_a1_s23_llama1b_kv3072_cap12-07_long_burst_guard_fast-r1-0-aa8cf7c9,cmpl-diag00_a1_s23_llama1b_kv3072_cap12-07_long_burst_guard_fast-r9-0-88d59262,17,92,0.14416769000035856
llama1b,3072,12,23,long,burst,handoff,7162.317581773,diag00_a1_s23_llama1b_kv3072_cap12-07_long_burst_guard_fast,guard_fast,cmpl-diag00_a1_s23_llama1b_kv3072_cap12-07_long_burst_guard_fast-r11-0-9273ab8a,cmpl-diag00_a1_s23_llama1b_kv3072_cap12-07_long_burst_guard_fast-r5-0-a7ff08c5,13,72,0.14386970099985774
llama1b,3072,12,23,long,burst,handoff,7162.475637144,diag00_a1_s23_llama1b_kv3072_cap12-07_long_burst_guard_fast,guard_fast,cmpl-diag00_a1_s23_llama1b_kv3072_cap12-07_long_burst_guard_fast-r9-0-88d59262,cmpl-diag00_a1_s23_llama1b_kv3072_cap12-07_long_burst_guard_fast-r1-0-aa8cf7c9,26,88,0.15828551300000981
llama1b,3072,12,23,long,burst,handoff,7162.740142509,diag00_a1_s23_llama1b_kv3072_cap12-07_long_burst_guard_fast,guard_fast,cmpl-diag00_a1_s23_llama1b_kv3072_cap12-07_long_burst_guard_fast-r5-0-a7ff08c5,cmpl-diag00_a1_s23_llama1b_kv3072_cap12-07_long_burst_guard_fast-r9-0-88d59262,31,86,0.2647292580004432
llama1b,3072,12,23,long,burst,handoff,7162.754486083,diag00_a1_s23_llama1b_kv3072_cap12-07_long_burst_guard_fast,guard_fast,cmpl-diag00_a1_s23_llama1b_kv3072_cap12-07_long_burst_guard_fast-r1-0-aa8cf7c9,cmpl-diag00_a1_s23_llama1b_kv3072_cap12-07_long_burst_guard_fast-r11-0-9273ab8a,33,93,0.15962160300023243
llama1b,3072,12,23,long,burst,handoff,7162.895645162,diag00_a1_s23_llama1b_kv3072_cap12-07_long_burst_guard_fast,guard_fast,cmpl-diag00_a1_s23_llama1b_kv3072_cap12-07_long_burst_guard_fast-r9-0-88d59262,cmpl-diag00_a1_s23_llama1b_kv3072_cap12-07_long_burst_guard_fast-r5-0-a7ff08c5,12,88,0.14135147900015
llama1b,3072,12,23,long,burst,handoff,7163.056427299,diag00_a1_s23_llama1b_kv3072_cap12-07_long_burst_guard_fast,guard_fast,cmpl-diag00_a1_s23_llama1b_kv3072_cap12-07_long_burst_guard_fast-r11-0-9273ab8a,cmpl-diag00_a1_s23_llama1b_kv3072_cap12-07_long_burst_guard_fast-r1-0-aa8cf7c9,10,72,0.16101583899944671
llama1b,3072,12,23,long,burst,handoff,7163.199064169,diag00_a1_s23_llama1b_kv3072_cap12-07_long_burst_guard_fast,guard_fast,cmpl-diag00_a1_s23_llama1b_kv3072_cap12-07_long_burst_guard_fast-r5-0-a7ff08c5,cmpl-diag00_a1_s23_llama1b_kv3072_cap12-07_long_burst_guard_fast-r9-0-88d59262,31,86,0.14295490899985452
llama1b,3072,12,23,long,burst,handoff,7163.463025424,diag00_a1_s23_llama1b_kv3072_cap12-07_long_burst_guard_fast,guard_fast,cmpl-diag00_a1_s23_llama1b_kv3072_cap12-07_long_burst_guard_fast-r1-0-aa8cf7c9,cmpl-diag00_a1_s23_llama1b_kv3072_cap12-07_long_burst_guard_fast-r5-0-a7ff08c5,33,93,0.2641915650001465
llama1b,3072,12,23,long,burst,handoff,7163.479093258,diag00_a1_s23_llama1b_kv3072_cap12-07_long_burst_guard_fast,guard_fast,cmpl-diag00_a1_s23_llama1b_kv3072_cap12-07_long_burst_guard_fast-r9-0-88d59262,cmpl-diag00_a1_s23_llama1b_kv3072_cap12-07_long_burst_guard_fast-r11-0-9273ab8a,26,88,0.15914764300032402
llama1b,3072,12,23,long,burst,handoff,7163.637069254,diag00_a1_s23_llama1b_kv3072_cap12-07_long_burst_guard_fast,guard_fast,cmpl-diag00_a1_s23_llama1b_kv3072_cap12-07_long_burst_guard_fast-r5-0-a7ff08c5,cmpl-diag00_a1_s23_llama1b_kv3072_cap12-07_long_burst_guard_fast-r1-0-aa8cf7c9,10,86,0.15817473600054655
llama1b,3072,12,23,long,burst,handoff,7163.78326709,diag00_a1_s23_llama1b_kv3072_cap12-07_long_burst_guard_fast,guard_fast,cmpl-diag00_a1_s23_llama1b_kv3072_cap12-07_long_burst_guard_fast-r11-0-9273ab8a,cmpl-diag00_a1_s23_llama1b_kv3072_cap12-07_long_burst_guard_fast-r9-0-88d59262,17,72,0.14641671199933626
llama1b,3072,12,23,long,burst,handoff,7163.924717983,diag00_a1_s23_llama1b_kv3072_cap12-07_long_burst_guard_fast,guard_fast,cmpl-diag00_a1_s23_llama1b_kv3072_cap12-07_long_burst_guard_fast-r1-0-aa8cf7c9,cmpl-diag00_a1_s23_llama1b_kv3072_cap12-07_long_burst_guard_fast-r5-0-a7ff08c5,33,93,0.1416505409997626
llama1b,3072,12,23,long,burst,handoff,7164.205126092,diag00_a1_s23_llama1b_kv3072_cap12-07_long_burst_guard_fast,guard_fast,cmpl-diag00_a1_s23_llama1b_kv3072_cap12-07_long_burst_guard_fast-r9-0-88d59262,cmpl-diag00_a1_s23_llama1b_kv3072_cap12-07_long_burst_guard_fast-r1-0-aa8cf7c9,26,88,0.2806634259995917
llama1b,3072,12,23,long,burst,handoff,7164.219946885,diag00_a1_s23_llama1b_kv3072_cap12-07_long_burst_guard_fast,guard_fast,cmpl-diag00_a1_s23_llama1b_kv3072_cap12-07_long_burst_guard_fast-r5-0-a7ff08c5,cmpl-diag00_a1_s23_llama1b_kv3072_cap12-07_long_burst_guard_fast-r11-0-9273ab8a,31,86,0.17243627600055333
llama1b,3072,12,23,long,burst,handoff,7164.362151282,diag00_a1_s23_llama1b_kv3072_cap12-07_long_burst_guard_fast,guard_fast,cmpl-diag00_a1_s23_llama1b_kv3072_cap12-07_long_burst_guard_fast-r1-0-aa8cf7c9,cmpl-diag00_a1_s23_llama1b_kv3072_cap12-07_long_burst_guard_fast-r9-0-88d59262,17,93,0.14239550900038012
llama1b,3072,12,23,long,burst,handoff,7164.506556969,diag00_a1_s23_llama1b_kv3072_cap12-07_long_burst_guard_fast,guard_fast,cmpl-diag00_a1_s23_llama1b_kv3072_cap12-07_long_burst_guard_fast-r11-0-9273ab8a,cmpl-diag00_a1_s23_llama1b_kv3072_cap12-07_long_burst_guard_fast-r5-0-a7ff08c5,12,72,0.14463144000001193
llama1b,3072,12,23,long,burst,handoff,7164.664726029,diag00_a1_s23_llama1b_kv3072_cap12-07_long_burst_guard_fast,guard_fast,cmpl-diag00_a1_s23_llama1b_kv3072_cap12-07_long_burst_guard_fast-r9-0-88d59262,cmpl-diag00_a1_s23_llama1b_kv3072_cap12-07_long_burst_guard_fast-r1-0-aa8cf7c9,26,88,0.1583846129997255
llama1b,3072,12,23,long,burst,handoff,7164.92956957,diag00_a1_s23_llama1b_kv3072_cap12-07_long_burst_guard_fast,guard_fast,cmpl-diag00_a1_s23_llama1b_kv3072_cap12-07_long_burst_guard_fast-r5-0-a7ff08c5,cmpl-diag00_a1_s23_llama1b_kv3072_cap12-07_long_burst_guard_fast-r9-0-88d59262,30,86,0.26507320600012463
llama1b,3072,12,23,long,burst,handoff,7164.945091726,diag00_a1_s23_llama1b_kv3072_cap12-07_long_burst_guard_fast,guard_fast,cmpl-diag00_a1_s23_llama1b_kv3072_cap12-07_long_burst_guard_fast-r1-0-aa8cf7c9,cmpl-diag00_a1_s23_llama1b_kv3072_cap12-07_long_burst_guard_fast-r11-0-9273ab8a,32,93,0.15922335699997348
llama1b,3072,12,23,long,burst,handoff,7165.087664963,diag00_a1_s23_llama1b_kv3072_cap12-07_long_burst_guard_fast,guard_fast,cmpl-diag00_a1_s23_llama1b_kv3072_cap12-07_long_burst_guard_fast-r9-0-88d59262,cmpl-diag00_a1_s23_llama1b_kv3072_cap12-07_long_burst_guard_fast-r5-0-a7ff08c5,12,89,0.14271403499969892
llama1b,3072,12,23,long,burst,handoff,7165.246065711,diag00_a1_s23_llama1b_kv3072_cap12-07_long_burst_guard_fast,guard_fast,cmpl-diag00_a1_s23_llama1b_kv3072_cap12-07_long_burst_guard_fast-r11-0-9273ab8a,cmpl-diag00_a1_s23_llama1b_kv3072_cap12-07_long_burst_guard_fast-r1-0-aa8cf7c9,9,73,0.15864426699954493
llama1b,3072,12,23,long,burst,handoff,7165.401525087,diag00_a1_s23_llama1b_kv3072_cap12-07_long_burst_guard_fast,guard_fast,cmpl-diag00_a1_s23_llama1b_kv3072_cap12-07_long_burst_guard_fast-r5-0-a7ff08c5,cmpl-diag00_a1_s23_llama1b_kv3072_cap12-07_long_burst_guard_fast-r9-0-88d59262,29,86,0.15570079799999803
llama1b,3072,12,23,long,burst,handoff,7165.529943716,diag00_a1_s23_llama1b_kv3072_cap12-07_long_burst_guard_fast,guard_fast,cmpl-diag00_a1_s23_llama1b_kv3072_cap12-07_long_burst_guard_fast-r1-0-aa8cf7c9,cmpl-diag00_a1_s23_llama1b_kv3072_cap12-07_long_burst_guard_fast-r11-0-9273ab8a,32,93,0.12866840300011972
llama1b,3072,12,23,long,burst,handoff,7165.67312275,diag00_a1_s23_llama1b_kv3072_cap12-07_long_burst_guard_fast,guard_fast,cmpl-diag00_a1_s23_llama1b_kv3072_cap12-07_long_burst_guard_fast-r9-0-88d59262,cmpl-diag00_a1_s23_llama1b_kv3072_cap12-07_long_burst_guard_fast-r5-0-a7ff08c5,12,89,0.143491300000278
llama1b,3072,12,23,long,burst,handoff,7165.830251904,diag00_a1_s23_llama1b_kv3072_cap12-07_long_burst_guard_fast,guard_fast,cmpl-diag00_a1_s23_llama1b_kv3072_cap12-07_long_burst_guard_fast-r11-0-9273ab8a,cmpl-diag00_a1_s23_llama1b_kv3072_cap12-07_long_burst_guard_fast-r1-0-aa8cf7c9,9,73,0.157436202000099
llama1b,3072,12,23,long,burst,handoff,7165.984672771,diag00_a1_s23_llama1b_kv3072_cap12-07_long_burst_guard_fast,guard_fast,cmpl-diag00_a1_s23_llama1b_kv3072_cap12-07_long_burst_guard_fast-r5-0-a7ff08c5,cmpl-diag00_a1_s23_llama1b_kv3072_cap12-07_long_burst_guard_fast-r9-0-88d59262,29,86,0.15463956700023118
llama1b,3072,12,23,long,burst,handoff,7166.11169464,diag00_a1_s23_llama1b_kv3072_cap12-07_long_burst_guard_fast,guard_fast,cmpl-diag00_a1_s23_llama1b_kv3072_cap12-07_long_burst_guard_fast-r1-0-aa8cf7c9,cmpl-diag00_a1_s23_llama1b_kv3072_cap12-07_long_burst_guard_fast-r11-0-9273ab8a,32,93,0.12721292999958678
llama1b,3072,12,23,long,burst,handoff,7166.256131383,diag00_a1_s23_llama1b_kv3072_cap12-07_long_burst_guard_fast,guard_fast,cmpl-diag00_a1_s23_llama1b_kv3072_cap12-07_long_burst_guard_fast-r9-0-88d59262,cmpl-diag00_a1_s23_llama1b_kv3072_cap12-07_long_burst_guard_fast-r5-0-a7ff08c5,11,89,0.1446647530001428
llama1b,3072,12,23,long,burst,handoff,7166.415668809,diag00_a1_s23_llama1b_kv3072_cap12-07_long_burst_guard_fast,guard_fast,cmpl-diag00_a1_s23_llama1b_kv3072_cap12-07_long_burst_guard_fast-r11-0-9273ab8a,cmpl-diag00_a1_s23_llama1b_kv3072_cap12-07_long_burst_guard_fast-r1-0-aa8cf7c9,9,73,0.1598428289998992
llama1b,3072,12,23,long,burst,handoff,7166.57061137,diag00_a1_s23_llama1b_kv3072_cap12-07_long_burst_guard_fast,guard_fast,cmpl-diag00_a1_s23_llama1b_kv3072_cap12-07_long_burst_guard_fast-r5-0-a7ff08c5,cmpl-diag00_a1_s23_llama1b_kv3072_cap12-07_long_burst_guard_fast-r9-0-88d59262,29,87,0.15511855499971716
llama1b,3072,12,23,long,burst,handoff,7166.698730154,diag00_a1_s23_llama1b_kv3072_cap12-07_long_burst_guard_fast,guard_fast,cmpl-diag00_a1_s23_llama1b_kv3072_cap12-07_long_burst_guard_fast-r1-0-aa8cf7c9,cmpl-diag00_a1_s23_llama1b_kv3072_cap12-07_long_burst_guard_fast-r11-0-9273ab8a,31,93,0.128282680000666
llama1b,3072,12,23,long,burst,handoff,7166.843725912,diag00_a1_s23_llama1b_kv3072_cap12-07_long_burst_guard_fast,guard_fast,cmpl-diag00_a1_s23_llama1b_kv3072_cap12-07_long_burst_guard_fast-r9-0-88d59262,cmpl-diag00_a1_s23_llama1b_kv3072_cap12-07_long_burst_guard_fast-r5-0-a7ff08c5,11,89,0.1452067830005035
llama1b,3072,12,23,long,burst,handoff,7167.000608375,diag00_a1_s23_llama1b_kv3072_cap12-07_long_burst_guard_fast,guard_fast,cmpl-diag00_a1_s23_llama1b_kv3072_cap12-07_long_burst_guard_fast-r11-0-9273ab8a,cmpl-diag00_a1_s23_llama1b_kv3072_cap12-07_long_burst_guard_fast-r1-0-aa8cf7c9,8,73,0.15712118500050565
llama1b,3072,12,23,long,burst,handoff,7167.155976514,diag00_a1_s23_llama1b_kv3072_cap12-07_long_burst_guard_fast,guard_fast,cmpl-diag00_a1_s23_llama1b_kv3072_cap12-07_long_burst_guard_fast-r5-0-a7ff08c5,cmpl-diag00_a1_s23_llama1b_kv3072_cap12-07_long_burst_guard_fast-r9-0-88d59262,29,87,0.15557906300000468
llama1b,3072,12,23,long,burst,handoff,7167.285274374,diag00_a1_s23_llama1b_kv3072_cap12-07_long_burst_guard_fast,guard_fast,cmpl-diag00_a1_s23_llama1b_kv3072_cap12-07_long_burst_guard_fast-r1-0-aa8cf7c9,cmpl-diag00_a1_s23_llama1b_kv3072_cap12-07_long_burst_guard_fast-r11-0-9273ab8a,31,94,0.12951357700057997
llama1b,3072,12,23,long,burst,handoff,7167.427811684,diag00_a1_s23_llama1b_kv3072_cap12-07_long_burst_guard_fast,guard_fast,cmpl-diag00_a1_s23_llama1b_kv3072_cap12-07_long_burst_guard_fast-r9-0-88d59262,cmpl-diag00_a1_s23_llama1b_kv3072_cap12-07_long_burst_guard_fast-r5-0-a7ff08c5,10,89,0.1427464599992163
llama1b,3072,12,23,long,burst,handoff,7167.589384668,diag00_a1_s23_llama1b_kv3072_cap12-07_long_burst_guard_fast,guard_fast,cmpl-diag00_a1_s23_llama1b_kv3072_cap12-07_long_burst_guard_fast-r11-0-9273ab8a,cmpl-diag00_a1_s23_llama1b_kv3072_cap12-07_long_burst_guard_fast-r1-0-aa8cf7c9,8,73,0.1617801590000454
llama1b,3072,12,23,long,burst,handoff,7167.74457736,diag00_a1_s23_llama1b_kv3072_cap12-07_long_burst_guard_fast,guard_fast,cmpl-diag00_a1_s23_llama1b_kv3072_cap12-07_long_burst_guard_fast-r5-0-a7ff08c5,cmpl-diag00_a1_s23_llama1b_kv3072_cap12-07_long_burst_guard_fast-r9-0-88d59262,29,87,0.15544857599979878
llama1b,3072,12,23,long,burst,handoff,7167.87239604,diag00_a1_s23_llama1b_kv3072_cap12-07_long_burst_guard_fast,guard_fast,cmpl-diag00_a1_s23_llama1b_kv3072_cap12-07_long_burst_guard_fast-r1-0-aa8cf7c9,cmpl-diag00_a1_s23_llama1b_kv3072_cap12-07_long_burst_guard_fast-r11-0-9273ab8a,31,94,0.12806503899992094
llama1b,3072,12,23,long,burst,handoff,7168.016674907,diag00_a1_s23_llama1b_kv3072_cap12-07_long_burst_guard_fast,guard_fast,cmpl-diag00_a1_s23_llama1b_kv3072_cap12-07_long_burst_guard_fast-r9-0-88d59262,cmpl-diag00_a1_s23_llama1b_kv3072_cap12-07_long_burst_guard_fast-r5-0-a7ff08c5,10,89,0.14456574300038483
llama1b,3072,12,23,long,burst,handoff,7168.173448048,diag00_a1_s23_llama1b_kv3072_cap12-07_long_burst_guard_fast,guard_fast,cmpl-diag00_a1_s23_llama1b_kv3072_cap12-07_long_burst_guard_fast-r11-0-9273ab8a,cmpl-diag00_a1_s23_llama1b_kv3072_cap12-07_long_burst_guard_fast-r1-0-aa8cf7c9,8,73,0.1569862070000454
llama1b,3072,12,23,long,burst,handoff,7168.329760327,diag00_a1_s23_llama1b_kv3072_cap12-07_long_burst_guard_fast,guard_fast,cmpl-diag00_a1_s23_llama1b_kv3072_cap12-07_long_burst_guard_fast-r5-0-a7ff08c5,cmpl-diag00_a1_s23_llama1b_kv3072_cap12-07_long_burst_guard_fast-r9-0-88d59262,29,87,0.15652468700045574
llama1b,3072,12,23,long,burst,handoff,7168.4589608,diag00_a1_s23_llama1b_kv3072_cap12-07_long_burst_guard_fast,guard_fast,cmpl-diag00_a1_s23_llama1b_kv3072_cap12-07_long_burst_guard_fast-r1-0-aa8cf7c9,cmpl-diag00_a1_s23_llama1b_kv3072_cap12-07_long_burst_guard_fast-r11-0-9273ab8a,31,94,0.12941696100006084
llama1b,3072,12,23,long,burst,handoff,7168.603838579,diag00_a1_s23_llama1b_kv3072_cap12-07_long_burst_guard_fast,guard_fast,cmpl-diag00_a1_s23_llama1b_kv3072_cap12-07_long_burst_guard_fast-r9-0-88d59262,cmpl-diag00_a1_s23_llama1b_kv3072_cap12-07_long_burst_guard_fast-r5-0-a7ff08c5,10,89,0.1450936080000247
llama1b,3072,12,23,long,burst,handoff,7168.761173916,diag00_a1_s23_llama1b_kv3072_cap12-07_long_burst_guard_fast,guard_fast,cmpl-diag00_a1_s23_llama1b_kv3072_cap12-07_long_burst_guard_fast-r11-0-9273ab8a,cmpl-diag00_a1_s23_llama1b_kv3072_cap12-07_long_burst_guard_fast-r1-0-aa8cf7c9,8,73,0.15757354000015766
llama1b,3072,12,23,long,burst,handoff,7168.917438635,diag00_a1_s23_llama1b_kv3072_cap12-07_long_burst_guard_fast,guard_fast,cmpl-diag00_a1_s23_llama1b_kv3072_cap12-07_long_burst_guard_fast-r5-0-a7ff08c5,cmpl-diag00_a1_s23_llama1b_kv3072_cap12-07_long_burst_guard_fast-r9-0-88d59262,29,87,0.1565330929997799
llama1b,3072,12,23,long,burst,handoff,7169.04647472,diag00_a1_s23_llama1b_kv3072_cap12-07_long_burst_guard_fast,guard_fast,cmpl-diag00_a1_s23_llama1b_kv3072_cap12-07_long_burst_guard_fast-r1-0-aa8cf7c9,cmpl-diag00_a1_s23_llama1b_kv3072_cap12-07_long_burst_guard_fast-r11-0-9273ab8a,31,94,0.12925926500065543
llama1b,3072,12,23,long,burst,handoff,7169.188347951,diag00_a1_s23_llama1b_kv3072_cap12-07_long_burst_guard_fast,guard_fast,cmpl-diag00_a1_s23_llama1b_kv3072_cap12-07_long_burst_guard_fast-r9-0-88d59262,cmpl-diag00_a1_s23_llama1b_kv3072_cap12-07_long_burst_guard_fast-r5-0-a7ff08c5,10,89,0.14203965700016852
llama1b,3072,12,23,long,burst,handoff,7169.348845589,diag00_a1_s23_llama1b_kv3072_cap12-07_long_burst_guard_fast,guard_fast,cmpl-diag00_a1_s23_llama1b_kv3072_cap12-07_long_burst_guard_fast-r11-0-9273ab8a,cmpl-diag00_a1_s23_llama1b_kv3072_cap12-07_long_burst_guard_fast-r1-0-aa8cf7c9,8,74,0.16071837500021502
llama1b,3072,12,23,long,burst,handoff,7169.504687349,diag00_a1_s23_llama1b_kv3072_cap12-07_long_burst_guard_fast,guard_fast,cmpl-diag00_a1_s23_llama1b_kv3072_cap12-07_long_burst_guard_fast-r5-0-a7ff08c5,cmpl-diag00_a1_s23_llama1b_kv3072_cap12-07_long_burst_guard_fast-r9-0-88d59262,28,87,0.1560550169997441
llama1b,3072,12,23,long,burst,handoff,7169.633530879,diag00_a1_s23_llama1b_kv3072_cap12-07_long_burst_guard_fast,guard_fast,cmpl-diag00_a1_s23_llama1b_kv3072_cap12-07_long_burst_guard_fast-r1-0-aa8cf7c9,cmpl-diag00_a1_s23_llama1b_kv3072_cap12-07_long_burst_guard_fast-r11-0-9273ab8a,30,94,0.12914424000064173
llama1b,3072,12,23,long,burst,handoff,7169.778218464,diag00_a1_s23_llama1b_kv3072_cap12-07_long_burst_guard_fast,guard_fast,cmpl-diag00_a1_s23_llama1b_kv3072_cap12-07_long_burst_guard_fast-r9-0-88d59262,cmpl-diag00_a1_s23_llama1b_kv3072_cap12-07_long_burst_guard_fast-r5-0-a7ff08c5,10,90,0.1449596490001568
llama1b,3072,12,23,long,burst,handoff,7169.935744563,diag00_a1_s23_llama1b_kv3072_cap12-07_long_burst_guard_fast,guard_fast,cmpl-diag00_a1_s23_llama1b_kv3072_cap12-07_long_burst_guard_fast-r11-0-9273ab8a,cmpl-diag00_a1_s23_llama1b_kv3072_cap12-07_long_burst_guard_fast-r1-0-aa8cf7c9,7,74,0.1576861009998538
llama1b,3072,12,23,long,burst,handoff,7170.091923463,diag00_a1_s23_llama1b_kv3072_cap12-07_long_burst_guard_fast,guard_fast,cmpl-diag00_a1_s23_llama1b_kv3072_cap12-07_long_burst_guard_fast-r5-0-a7ff08c5,cmpl-diag00_a1_s23_llama1b_kv3072_cap12-07_long_burst_guard_fast-r9-0-88d59262,27,87,0.1563909570004398
llama1b,3072,12,23,long,burst,handoff,7170.220825758,diag00_a1_s23_llama1b_kv3072_cap12-07_long_burst_guard_fast,guard_fast,cmpl-diag00_a1_s23_llama1b_kv3072_cap12-07_long_burst_guard_fast-r1-0-aa8cf7c9,cmpl-diag00_a1_s23_llama1b_kv3072_cap12-07_long_burst_guard_fast-r11-0-9273ab8a,30,94,0.12912942899947666
llama1b,3072,12,23,long,burst,handoff,7170.36658979,diag00_a1_s23_llama1b_kv3072_cap12-07_long_burst_guard_fast,guard_fast,cmpl-diag00_a1_s23_llama1b_kv3072_cap12-07_long_burst_guard_fast-r9-0-88d59262,cmpl-diag00_a1_s23_llama1b_kv3072_cap12-07_long_burst_guard_fast-r5-0-a7ff08c5,10,90,0.1459801310002149
llama1b,3072,12,23,long,burst,handoff,7170.525328693,diag00_a1_s23_llama1b_kv3072_cap12-07_long_burst_guard_fast,guard_fast,cmpl-diag00_a1_s23_llama1b_kv3072_cap12-07_long_burst_guard_fast-r11-0-9273ab8a,cmpl-diag00_a1_s23_llama1b_kv3072_cap12-07_long_burst_guard_fast-r1-0-aa8cf7c9,7,74,0.1589631240003655
llama1b,3072,12,23,long,burst,handoff,7170.682066266,diag00_a1_s23_llama1b_kv3072_cap12-07_long_burst_guard_fast,guard_fast,cmpl-diag00_a1_s23_llama1b_kv3072_cap12-07_long_burst_guard_fast-r5-0-a7ff08c5,cmpl-diag00_a1_s23_llama1b_kv3072_cap12-07_long_burst_guard_fast-r9-0-88d59262,27,87,0.15690503000041645
llama1b,3072,12,23,long,burst,handoff,7170.809295606,diag00_a1_s23_llama1b_kv3072_cap12-07_long_burst_guard_fast,guard_fast,cmpl-diag00_a1_s23_llama1b_kv3072_cap12-07_long_burst_guard_fast-r1-0-aa8cf7c9,cmpl-diag00_a1_s23_llama1b_kv3072_cap12-07_long_burst_guard_fast-r11-0-9273ab8a,30,94,0.12739430999954493
llama1b,3072,12,23,long,burst,handoff,7170.953954376,diag00_a1_s23_llama1b_kv3072_cap12-07_long_burst_guard_fast,guard_fast,cmpl-diag00_a1_s23_llama1b_kv3072_cap12-07_long_burst_guard_fast-r9-0-88d59262,cmpl-diag00_a1_s23_llama1b_kv3072_cap12-07_long_burst_guard_fast-r5-0-a7ff08c5,9,90,0.1448922629997469
llama1b,3072,12,23,long,burst,handoff,7171.109992764,diag00_a1_s23_llama1b_kv3072_cap12-07_long_burst_guard_fast,guard_fast,cmpl-diag00_a1_s23_llama1b_kv3072_cap12-07_long_burst_guard_fast-r11-0-9273ab8a,cmpl-diag00_a1_s23_llama1b_kv3072_cap12-07_long_burst_guard_fast-r1-0-aa8cf7c9,7,74,0.15619933200014202
llama1b,3072,12,23,long,burst,handoff,7171.266596453,diag00_a1_s23_llama1b_kv3072_cap12-07_long_burst_guard_fast,guard_fast,cmpl-diag00_a1_s23_llama1b_kv3072_cap12-07_long_burst_guard_fast-r5-0-a7ff08c5,cmpl-diag00_a1_s23_llama1b_kv3072_cap12-07_long_burst_guard_fast-r9-0-88d59262,27,88,0.15688381800009665
llama1b,3072,12,23,long,burst,handoff,7171.396462434,diag00_a1_s23_llama1b_kv3072_cap12-07_long_burst_guard_fast,guard_fast,cmpl-diag00_a1_s23_llama1b_kv3072_cap12-07_long_burst_guard_fast-r1-0-aa8cf7c9,cmpl-diag00_a1_s23_llama1b_kv3072_cap12-07_long_burst_guard_fast-r11-0-9273ab8a,29,94,0.13003126500007056
llama1b,3072,12,23,long,burst,handoff,7171.54311211,diag00_a1_s23_llama1b_kv3072_cap12-07_long_burst_guard_fast,guard_fast,cmpl-diag00_a1_s23_llama1b_kv3072_cap12-07_long_burst_guard_fast-r9-0-88d59262,cmpl-diag00_a1_s23_llama1b_kv3072_cap12-07_long_burst_guard_fast-r5-0-a7ff08c5,9,90,0.14681254500010255
llama1b,3072,12,23,long,burst,handoff,7171.701702964,diag00_a1_s23_llama1b_kv3072_cap12-07_long_burst_guard_fast,guard_fast,cmpl-diag00_a1_s23_llama1b_kv3072_cap12-07_long_burst_guard_fast-r11-0-9273ab8a,cmpl-diag00_a1_s23_llama1b_kv3072_cap12-07_long_burst_guard_fast-r1-0-aa8cf7c9,6,74,0.15881857899967144
llama1b,3072,12,23,long,burst,handoff,7171.856993531,diag00_a1_s23_llama1b_kv3072_cap12-07_long_burst_guard_fast,guard_fast,cmpl-diag00_a1_s23_llama1b_kv3072_cap12-07_long_burst_guard_fast-r5-0-a7ff08c5,cmpl-diag00_a1_s23_llama1b_kv3072_cap12-07_long_burst_guard_fast-r9-0-88d59262,27,88,0.15551676699942618
llama1b,3072,12,23,long,burst,handoff,7171.985155462,diag00_a1_s23_llama1b_kv3072_cap12-07_long_burst_guard_fast,guard_fast,cmpl-diag00_a1_s23_llama1b_kv3072_cap12-07_long_burst_guard_fast-r1-0-aa8cf7c9,cmpl-diag00_a1_s23_llama1b_kv3072_cap12-07_long_burst_guard_fast-r11-0-9273ab8a,29,95,0.128515260000313
llama1b,3072,12,23,long,burst,handoff,7172.129502833,diag00_a1_s23_llama1b_kv3072_cap12-07_long_burst_guard_fast,guard_fast,cmpl-diag00_a1_s23_llama1b_kv3072_cap12-07_long_burst_guard_fast-r9-0-88d59262,cmpl-diag00_a1_s23_llama1b_kv3072_cap12-07_long_burst_guard_fast-r5-0-a7ff08c5,8,90,0.14456357899962313
llama1b,3072,12,23,long,burst,handoff,7172.288281416,diag00_a1_s23_llama1b_kv3072_cap12-07_long_burst_guard_fast,guard_fast,cmpl-diag00_a1_s23_llama1b_kv3072_cap12-07_long_burst_guard_fast-r11-0-9273ab8a,cmpl-diag00_a1_s23_llama1b_kv3072_cap12-07_long_burst_guard_fast-r1-0-aa8cf7c9,6,74,0.15900384100041265
llama1b,3072,12,23,long,burst,handoff,7172.445763358,diag00_a1_s23_llama1b_kv3072_cap12-07_long_burst_guard_fast,guard_fast,cmpl-diag00_a1_s23_llama1b_kv3072_cap12-07_long_burst_guard_fast-r5-0-a7ff08c5,cmpl-diag00_a1_s23_llama1b_kv3072_cap12-07_long_burst_guard_fast-r9-0-88d59262,27,88,0.15769950999947469
llama1b,3072,12,23,long,burst,handoff,7172.574691701,diag00_a1_s23_llama1b_kv3072_cap12-07_long_burst_guard_fast,guard_fast,cmpl-diag00_a1_s23_llama1b_kv3072_cap12-07_long_burst_guard_fast-r1-0-aa8cf7c9,cmpl-diag00_a1_s23_llama1b_kv3072_cap12-07_long_burst_guard_fast-r11-0-9273ab8a,29,95,0.12913570799992158
llama1b,3072,12,23,long,burst,handoff,7172.719680857,diag00_a1_s23_llama1b_kv3072_cap12-07_long_burst_guard_fast,guard_fast,cmpl-diag00_a1_s23_llama1b_kv3072_cap12-07_long_burst_guard_fast-r9-0-88d59262,cmpl-diag00_a1_s23_llama1b_kv3072_cap12-07_long_burst_guard_fast-r5-0-a7ff08c5,8,90,0.14520336799978395
llama1b,3072,12,23,long,burst,handoff,7172.879789877,diag00_a1_s23_llama1b_kv3072_cap12-07_long_burst_guard_fast,guard_fast,cmpl-diag00_a1_s23_llama1b_kv3072_cap12-07_long_burst_guard_fast-r11-0-9273ab8a,cmpl-diag00_a1_s23_llama1b_kv3072_cap12-07_long_burst_guard_fast-r1-0-aa8cf7c9,6,74,0.16031861400006164
llama1b,3072,12,23,long,burst,handoff,7173.033300548,diag00_a1_s23_llama1b_kv3072_cap12-07_long_burst_guard_fast,guard_fast,cmpl-diag00_a1_s23_llama1b_kv3072_cap12-07_long_burst_guard_fast-r5-0-a7ff08c5,cmpl-diag00_a1_s23_llama1b_kv3072_cap12-07_long_burst_guard_fast-r9-0-88d59262,27,88,0.1537224489993605
llama1b,3072,12,23,long,burst,handoff,7173.162764907,diag00_a1_s23_llama1b_kv3072_cap12-07_long_burst_guard_fast,guard_fast,cmpl-diag00_a1_s23_llama1b_kv3072_cap12-07_long_burst_guard_fast-r1-0-aa8cf7c9,cmpl-diag00_a1_s23_llama1b_kv3072_cap12-07_long_burst_guard_fast-r11-0-9273ab8a,29,95,0.12968745499983925
llama1b,3072,12,23,long,burst,handoff,7173.308675767,diag00_a1_s23_llama1b_kv3072_cap12-07_long_burst_guard_fast,guard_fast,cmpl-diag00_a1_s23_llama1b_kv3072_cap12-07_long_burst_guard_fast-r9-0-88d59262,cmpl-diag00_a1_s23_llama1b_kv3072_cap12-07_long_burst_guard_fast-r5-0-a7ff08c5,8,90,0.1461361299998316
llama1b,3072,12,23,long,burst,handoff,7173.468826324,diag00_a1_s23_llama1b_kv3072_cap12-07_long_burst_guard_fast,guard_fast,cmpl-diag00_a1_s23_llama1b_kv3072_cap12-07_long_burst_guard_fast-r11-0-9273ab8a,cmpl-diag00_a1_s23_llama1b_kv3072_cap12-07_long_burst_guard_fast-r1-0-aa8cf7c9,6,74,0.16036392499972862
llama1b,3072,12,23,long,burst,handoff,7173.626049379,diag00_a1_s23_llama1b_kv3072_cap12-07_long_burst_guard_fast,guard_fast,cmpl-diag00_a1_s23_llama1b_kv3072_cap12-07_long_burst_guard_fast-r5-0-a7ff08c5,cmpl-diag00_a1_s23_llama1b_kv3072_cap12-07_long_burst_guard_fast-r9-0-88d59262,27,88,0.15744633399935992
llama1b,3072,12,23,long,burst,handoff,7173.75352035,diag00_a1_s23_llama1b_kv3072_cap12-07_long_burst_guard_fast,guard_fast,cmpl-diag00_a1_s23_llama1b_kv3072_cap12-07_long_burst_guard_fast-r1-0-aa8cf7c9,cmpl-diag00_a1_s23_llama1b_kv3072_cap12-07_long_burst_guard_fast-r11-0-9273ab8a,29,95,0.12769226000000344
llama1b,3072,12,23,long,burst,handoff,7173.899059779,diag00_a1_s23_llama1b_kv3072_cap12-07_long_burst_guard_fast,guard_fast,cmpl-diag00_a1_s23_llama1b_kv3072_cap12-07_long_burst_guard_fast-r9-0-88d59262,cmpl-diag00_a1_s23_llama1b_kv3072_cap12-07_long_burst_guard_fast-r5-0-a7ff08c5,8,90,0.1457628879998083
llama1b,3072,12,23,long,burst,handoff,7174.053694649,diag00_a1_s23_llama1b_kv3072_cap12-07_long_burst_guard_fast,guard_fast,cmpl-diag00_a1_s23_llama1b_kv3072_cap12-07_long_burst_guard_fast-r11-0-9273ab8a,cmpl-diag00_a1_s23_llama1b_kv3072_cap12-07_long_burst_guard_fast-r1-0-aa8cf7c9,6,75,0.15479898400008096
llama1b,3072,12,23,long,burst,handoff,7174.213137944,diag00_a1_s23_llama1b_kv3072_cap12-07_long_burst_guard_fast,guard_fast,cmpl-diag00_a1_s23_llama1b_kv3072_cap12-07_long_burst_guard_fast-r5-0-a7ff08c5,cmpl-diag00_a1_s23_llama1b_kv3072_cap12-07_long_burst_guard_fast-r9-0-88d59262,26,88,0.15960177299984935
llama1b,3072,12,23,long,burst,handoff,7174.345320857,diag00_a1_s23_llama1b_kv3072_cap12-07_long_burst_guard_fast,guard_fast,cmpl-diag00_a1_s23_llama1b_kv3072_cap12-07_long_burst_guard_fast-r1-0-aa8cf7c9,cmpl-diag00_a1_s23_llama1b_kv3072_cap12-07_long_burst_guard_fast-r11-0-9273ab8a,28,95,0.13233582300017588
llama1b,3072,12,23,long,burst,handoff,7174.495901814,diag00_a1_s23_llama1b_kv3072_cap12-07_long_burst_guard_fast,guard_fast,cmpl-diag00_a1_s23_llama1b_kv3072_cap12-07_long_burst_guard_fast-r9-0-88d59262,cmpl-diag00_a1_s23_llama1b_kv3072_cap12-07_long_burst_guard_fast-r5-0-a7ff08c5,8,91,0.15087994299938146
llama1b,3072,12,23,long,burst,handoff,7174.656965201,diag00_a1_s23_llama1b_kv3072_cap12-07_long_burst_guard_fast,guard_fast,cmpl-diag00_a1_s23_llama1b_kv3072_cap12-07_long_burst_guard_fast-r11-0-9273ab8a,cmpl-diag00_a1_s23_llama1b_kv3072_cap12-07_long_burst_guard_fast-r1-0-aa8cf7c9,5,75,0.16122445300061372
llama1b,3072,12,23,long,burst,handoff,7174.816242398,diag00_a1_s23_llama1b_kv3072_cap12-07_long_burst_guard_fast,guard_fast,cmpl-diag00_a1_s23_llama1b_kv3072_cap12-07_long_burst_guard_fast-r5-0-a7ff08c5,cmpl-diag00_a1_s23_llama1b_kv3072_cap12-07_long_burst_guard_fast-r9-0-88d59262,25,88,0.15945019999981014
llama1b,3072,12,23,long,burst,handoff,7174.94379981,diag00_a1_s23_llama1b_kv3072_cap12-07_long_burst_guard_fast,guard_fast,cmpl-diag00_a1_s23_llama1b_kv3072_cap12-07_long_burst_guard_fast-r1-0-aa8cf7c9,cmpl-diag00_a1_s23_llama1b_kv3072_cap12-07_long_burst_guard_fast-r11-0-9273ab8a,28,95,0.1277179469998373
llama1b,3072,12,23,long,burst,handoff,7175.093764957,diag00_a1_s23_llama1b_kv3072_cap12-07_long_burst_guard_fast,guard_fast,cmpl-diag00_a1_s23_llama1b_kv3072_cap12-07_long_burst_guard_fast-r9-0-88d59262,cmpl-diag00_a1_s23_llama1b_kv3072_cap12-07_long_burst_guard_fast-r5-0-a7ff08c5,8,91,0.1501309229997787
llama1b,3072,12,23,long,burst,handoff,7175.253560422,diag00_a1_s23_llama1b_kv3072_cap12-07_long_burst_guard_fast,guard_fast,cmpl-diag00_a1_s23_llama1b_kv3072_cap12-07_long_burst_guard_fast-r11-0-9273ab8a,cmpl-diag00_a1_s23_llama1b_kv3072_cap12-07_long_burst_guard_fast-r1-0-aa8cf7c9,5,75,0.16004727200015623
llama1b,3072,12,23,long,burst,handoff,7175.411903557,diag00_a1_s23_llama1b_kv3072_cap12-07_long_burst_guard_fast,guard_fast,cmpl-diag00_a1_s23_llama1b_kv3072_cap12-07_long_burst_guard_fast-r5-0-a7ff08c5,cmpl-diag00_a1_s23_llama1b_kv3072_cap12-07_long_burst_guard_fast-r9-0-88d59262,25,88,0.15851714800010086
llama1b,3072,12,23,long,burst,handoff,7175.540763012,diag00_a1_s23_llama1b_kv3072_cap12-07_long_burst_guard_fast,guard_fast,cmpl-diag00_a1_s23_llama1b_kv3072_cap12-07_long_burst_guard_fast-r1-0-aa8cf7c9,cmpl-diag00_a1_s23_llama1b_kv3072_cap12-07_long_burst_guard_fast-r11-0-9273ab8a,28,95,0.12903991700022743
llama1b,3072,12,23,long,burst,handoff,7175.695022669,diag00_a1_s23_llama1b_kv3072_cap12-07_long_burst_guard_fast,guard_fast,cmpl-diag00_a1_s23_llama1b_kv3072_cap12-07_long_burst_guard_fast-r9-0-88d59262,cmpl-diag00_a1_s23_llama1b_kv3072_cap12-07_long_burst_guard_fast-r5-0-a7ff08c5,7,91,0.1544861549991765
llama1b,3072,12,23,long,burst,handoff,7175.854951674,diag00_a1_s23_llama1b_kv3072_cap12-07_long_burst_guard_fast,guard_fast,cmpl-diag00_a1_s23_llama1b_kv3072_cap12-07_long_burst_guard_fast-r11-0-9273ab8a,cmpl-diag00_a1_s23_llama1b_kv3072_cap12-07_long_burst_guard_fast-r1-0-aa8cf7c9,5,75,0.16015577800044412
llama1b,3072,12,23,long,burst,handoff,7176.011797049,diag00_a1_s23_llama1b_kv3072_cap12-07_long_burst_guard_fast,guard_fast,cmpl-diag00_a1_s23_llama1b_kv3072_cap12-07_long_burst_guard_fast-r5-0-a7ff08c5,cmpl-diag00_a1_s23_llama1b_kv3072_cap12-07_long_burst_guard_fast-r9-0-88d59262,25,89,0.15706427999975858
llama1b,3072,12,23,long,burst,handoff,7176.139628008,diag00_a1_s23_llama1b_kv3072_cap12-07_long_burst_guard_fast,guard_fast,cmpl-diag00_a1_s23_llama1b_kv3072_cap12-07_long_burst_guard_fast-r1-0-aa8cf7c9,cmpl-diag00_a1_s23_llama1b_kv3072_cap12-07_long_burst_guard_fast-r11-0-9273ab8a,27,95,0.1280549829998563
llama1b,3072,12,23,long,burst,handoff,7176.295519202,diag00_a1_s23_llama1b_kv3072_cap12-07_long_burst_guard_fast,guard_fast,cmpl-diag00_a1_s23_llama1b_kv3072_cap12-07_long_burst_guard_fast-r9-0-88d59262,cmpl-diag00_a1_s23_llama1b_kv3072_cap12-07_long_burst_guard_fast-r5-0-a7ff08c5,7,91,0.1560599859994909
llama1b,3072,12,23,long,burst,handoff,7176.455656253,diag00_a1_s23_llama1b_kv3072_cap12-07_long_burst_guard_fast,guard_fast,cmpl-diag00_a1_s23_llama1b_kv3072_cap12-07_long_burst_guard_fast-r11-0-9273ab8a,cmpl-diag00_a1_s23_llama1b_kv3072_cap12-07_long_burst_guard_fast-r1-0-aa8cf7c9,4,75,0.1603225159997237
llama1b,3072,12,23,long,burst,handoff,7176.612983639,diag00_a1_s23_llama1b_kv3072_cap12-07_long_burst_guard_fast,guard_fast,cmpl-diag00_a1_s23_llama1b_kv3072_cap12-07_long_burst_guard_fast-r5-0-a7ff08c5,cmpl-diag00_a1_s23_llama1b_kv3072_cap12-07_long_burst_guard_fast-r9-0-88d59262,25,89,0.15753967199998442
llama1b,3072,12,23,long,burst,handoff,7176.745039459,diag00_a1_s23_llama1b_kv3072_cap12-07_long_burst_guard_fast,guard_fast,cmpl-diag00_a1_s23_llama1b_kv3072_cap12-07_long_burst_guard_fast-r1-0-aa8cf7c9,cmpl-diag00_a1_s23_llama1b_kv3072_cap12-07_long_burst_guard_fast-r11-0-9273ab8a,27,96,0.1322749009996187
llama1b,3072,12,23,long,burst,handoff,7176.90540504,diag00_a1_s23_llama1b_kv3072_cap12-07_long_burst_guard_fast,guard_fast,cmpl-diag00_a1_s23_llama1b_kv3072_cap12-07_long_burst_guard_fast-r9-0-88d59262,cmpl-diag00_a1_s23_llama1b_kv3072_cap12-07_long_burst_guard_fast-r5-0-a7ff08c5,6,91,0.16059762799977761
llama1b,3072,12,23,long,burst,handoff,7177.064475815,diag00_a1_s23_llama1b_kv3072_cap12-07_long_burst_guard_fast,guard_fast,cmpl-diag00_a1_s23_llama1b_kv3072_cap12-07_long_burst_guard_fast-r11-0-9273ab8a,cmpl-diag00_a1_s23_llama1b_kv3072_cap12-07_long_burst_guard_fast-r1-0-aa8cf7c9,4,75,0.15938065299997106
llama1b,3072,12,23,long,burst,handoff,7177.223381279,diag00_a1_s23_llama1b_kv3072_cap12-07_long_burst_guard_fast,guard_fast,cmpl-diag00_a1_s23_llama1b_kv3072_cap12-07_long_burst_guard_fast-r5-0-a7ff08c5,cmpl-diag00_a1_s23_llama1b_kv3072_cap12-07_long_burst_guard_fast-r9-0-88d59262,25,89,0.15925966000031622
llama1b,3072,12,23,long,burst,handoff,7177.3538172,diag00_a1_s23_llama1b_kv3072_cap12-07_long_burst_guard_fast,guard_fast,cmpl-diag00_a1_s23_llama1b_kv3072_cap12-07_long_burst_guard_fast-r1-0-aa8cf7c9,cmpl-diag00_a1_s23_llama1b_kv3072_cap12-07_long_burst_guard_fast-r11-0-9273ab8a,27,96,0.13064946899976349
llama1b,3072,12,23,long,burst,handoff,7177.511168676,diag00_a1_s23_llama1b_kv3072_cap12-07_long_burst_guard_fast,guard_fast,cmpl-diag00_a1_s23_llama1b_kv3072_cap12-07_long_burst_guard_fast-r9-0-88d59262,cmpl-diag00_a1_s23_llama1b_kv3072_cap12-07_long_burst_guard_fast-r5-0-a7ff08c5,6,91,0.15763463399980537
llama1b,3072,12,23,long,burst,handoff,7177.669402805,diag00_a1_s23_llama1b_kv3072_cap12-07_long_burst_guard_fast,guard_fast,cmpl-diag00_a1_s23_llama1b_kv3072_cap12-07_long_burst_guard_fast-r11-0-9273ab8a,cmpl-diag00_a1_s23_llama1b_kv3072_cap12-07_long_burst_guard_fast-r1-0-aa8cf7c9,4,75,0.15850754199982475
llama1b,3072,12,23,long,burst,handoff,7177.827176958,diag00_a1_s23_llama1b_kv3072_cap12-07_long_burst_guard_fast,guard_fast,cmpl-diag00_a1_s23_llama1b_kv3072_cap12-07_long_burst_guard_fast-r5-0-a7ff08c5,cmpl-diag00_a1_s23_llama1b_kv3072_cap12-07_long_burst_guard_fast-r9-0-88d59262,25,89,0.15800795499944797
llama1b,3072,12,23,long,burst,handoff,7177.956377554,diag00_a1_s23_llama1b_kv3072_cap12-07_long_burst_guard_fast,guard_fast,cmpl-diag00_a1_s23_llama1b_kv3072_cap12-07_long_burst_guard_fast-r1-0-aa8cf7c9,cmpl-diag00_a1_s23_llama1b_kv3072_cap12-07_long_burst_guard_fast-r11-0-9273ab8a,27,96,0.1294225199999346
llama1b,3072,12,23,long,burst,handoff,7178.113172132,diag00_a1_s23_llama1b_kv3072_cap12-07_long_burst_guard_fast,guard_fast,cmpl-diag00_a1_s23_llama1b_kv3072_cap12-07_long_burst_guard_fast-r9-0-88d59262,cmpl-diag00_a1_s23_llama1b_kv3072_cap12-07_long_burst_guard_fast-r5-0-a7ff08c5,6,91,0.1570132749993718
llama1b,3072,12,23,long,burst,handoff,7178.27410721,diag00_a1_s23_llama1b_kv3072_cap12-07_long_burst_guard_fast,guard_fast,cmpl-diag00_a1_s23_llama1b_kv3072_cap12-07_long_burst_guard_fast-r11-0-9273ab8a,cmpl-diag00_a1_s23_llama1b_kv3072_cap12-07_long_burst_guard_fast-r1-0-aa8cf7c9,4,75,0.161187284999869
llama1b,3072,12,23,long,burst,handoff,7178.432781588,diag00_a1_s23_llama1b_kv3072_cap12-07_long_burst_guard_fast,guard_fast,cmpl-diag00_a1_s23_llama1b_kv3072_cap12-07_long_burst_guard_fast-r5-0-a7ff08c5,cmpl-diag00_a1_s23_llama1b_kv3072_cap12-07_long_burst_guard_fast-r9-0-88d59262,25,89,0.15894579899941164
llama1b,3072,12,23,long,burst,handoff,7178.564533986,diag00_a1_s23_llama1b_kv3072_cap12-07_long_burst_guard_fast,guard_fast,cmpl-diag00_a1_s23_llama1b_kv3072_cap12-07_long_burst_guard_fast-r1-0-aa8cf7c9,cmpl-diag00_a1_s23_llama1b_kv3072_cap12-07_long_burst_guard_fast-r11-0-9273ab8a,27,96,0.13200517800032685
llama1b,3072,12,23,long,burst,handoff,7178.720336806,diag00_a1_s23_llama1b_kv3072_cap12-07_long_burst_guard_fast,guard_fast,cmpl-diag00_a1_s23_llama1b_kv3072_cap12-07_long_burst_guard_fast-r9-0-88d59262,cmpl-diag00_a1_s23_llama1b_kv3072_cap12-07_long_burst_guard_fast-r5-0-a7ff08c5,6,91,0.15602727599980426
llama1b,3072,12,23,long,burst,handoff,7178.877546862,diag00_a1_s23_llama1b_kv3072_cap12-07_long_burst_guard_fast,guard_fast,cmpl-diag00_a1_s23_llama1b_kv3072_cap12-07_long_burst_guard_fast-r11-0-9273ab8a,cmpl-diag00_a1_s23_llama1b_kv3072_cap12-07_long_burst_guard_fast-r1-0-aa8cf7c9,4,76,0.15745279600014328
llama1b,3072,12,23,long,burst,handoff,7179.033784309,diag00_a1_s23_llama1b_kv3072_cap12-07_long_burst_guard_fast,guard_fast,cmpl-diag00_a1_s23_llama1b_kv3072_cap12-07_long_burst_guard_fast-r5-0-a7ff08c5,cmpl-diag00_a1_s23_llama1b_kv3072_cap12-07_long_burst_guard_fast-r9-0-88d59262,24,89,0.15646193500015215
llama1b,3072,12,23,long,burst,handoff,7179.163778185,diag00_a1_s23_llama1b_kv3072_cap12-07_long_burst_guard_fast,guard_fast,cmpl-diag00_a1_s23_llama1b_kv3072_cap12-07_long_burst_guard_fast-r1-0-aa8cf7c9,cmpl-diag00_a1_s23_llama1b_kv3072_cap12-07_long_burst_guard_fast-r11-0-9273ab8a,26,96,0.13029153700063034
llama1b,3072,12,23,long,burst,handoff,7179.31932551,diag00_a1_s23_llama1b_kv3072_cap12-07_long_burst_guard_fast,guard_fast,cmpl-diag00_a1_s23_llama1b_kv3072_cap12-07_long_burst_guard_fast-r9-0-88d59262,cmpl-diag00_a1_s23_llama1b_kv3072_cap12-07_long_burst_guard_fast-r5-0-a7ff08c5,6,92,0.1557923780001147
llama1b,3072,12,23,long,burst,handoff,7179.479301121,diag00_a1_s23_llama1b_kv3072_cap12-07_long_burst_guard_fast,guard_fast,cmpl-diag00_a1_s23_llama1b_kv3072_cap12-07_long_burst_guard_fast-r11-0-9273ab8a,cmpl-diag00_a1_s23_llama1b_kv3072_cap12-07_long_burst_guard_fast-r1-0-aa8cf7c9,3,76,0.16013580300023023
llama1b,3072,12,23,long,burst,handoff,7179.635449668,diag00_a1_s23_llama1b_kv3072_cap12-07_long_burst_guard_fast,guard_fast,cmpl-diag00_a1_s23_llama1b_kv3072_cap12-07_long_burst_guard_fast-r5-0-a7ff08c5,cmpl-diag00_a1_s23_llama1b_kv3072_cap12-07_long_burst_guard_fast-r9-0-88d59262,23,89,0.156396592999954
llama1b,3072,12,23,long,burst,handoff,7179.765156383,diag00_a1_s23_llama1b_kv3072_cap12-07_long_burst_guard_fast,guard_fast,cmpl-diag00_a1_s23_llama1b_kv3072_cap12-07_long_burst_guard_fast-r1-0-aa8cf7c9,cmpl-diag00_a1_s23_llama1b_kv3072_cap12-07_long_burst_guard_fast-r11-0-9273ab8a,26,96,0.12992187899999408
llama1b,3072,12,23,long,burst,handoff,7179.920224087,diag00_a1_s23_llama1b_kv3072_cap12-07_long_burst_guard_fast,guard_fast,cmpl-diag00_a1_s23_llama1b_kv3072_cap12-07_long_burst_guard_fast-r9-0-88d59262,cmpl-diag00_a1_s23_llama1b_kv3072_cap12-07_long_burst_guard_fast-r5-0-a7ff08c5,6,92,0.15530371200020454
llama1b,3072,12,23,long,burst,handoff,7180.078364135,diag00_a1_s23_llama1b_kv3072_cap12-07_long_burst_guard_fast,guard_fast,cmpl-diag00_a1_s23_llama1b_kv3072_cap12-07_long_burst_guard_fast-r11-0-9273ab8a,cmpl-diag00_a1_s23_llama1b_kv3072_cap12-07_long_burst_guard_fast-r1-0-aa8cf7c9,3,76,0.15839615400000184
llama1b,3072,12,23,long,burst,handoff,7180.237336947,diag00_a1_s23_llama1b_kv3072_cap12-07_long_burst_guard_fast,guard_fast,cmpl-diag00_a1_s23_llama1b_kv3072_cap12-07_long_burst_guard_fast-r5-0-a7ff08c5,cmpl-diag00_a1_s23_llama1b_kv3072_cap12-07_long_burst_guard_fast-r9-0-88d59262,23,89,0.1591407870000694
llama1b,3072,12,23,long,burst,handoff,7180.365741535,diag00_a1_s23_llama1b_kv3072_cap12-07_long_burst_guard_fast,guard_fast,cmpl-diag00_a1_s23_llama1b_kv3072_cap12-07_long_burst_guard_fast-r1-0-aa8cf7c9,cmpl-diag00_a1_s23_llama1b_kv3072_cap12-07_long_burst_guard_fast-r11-0-9273ab8a,26,96,0.12864060399988375
llama1b,3072,12,23,long,burst,handoff,7180.522454154,diag00_a1_s23_llama1b_kv3072_cap12-07_long_burst_guard_fast,guard_fast,cmpl-diag00_a1_s23_llama1b_kv3072_cap12-07_long_burst_guard_fast-r9-0-88d59262,cmpl-diag00_a1_s23_llama1b_kv3072_cap12-07_long_burst_guard_fast-r5-0-a7ff08c5,5,92,0.15688372899967362
llama1b,3072,12,23,long,burst,handoff,7180.680560633,diag00_a1_s23_llama1b_kv3072_cap12-07_long_burst_guard_fast,guard_fast,cmpl-diag00_a1_s23_llama1b_kv3072_cap12-07_long_burst_guard_fast-r11-0-9273ab8a,cmpl-diag00_a1_s23_llama1b_kv3072_cap12-07_long_burst_guard_fast-r1-0-aa8cf7c9,3,76,0.15826938499958487
llama1b,3072,12,23,long,burst,handoff,7180.838731405,diag00_a1_s23_llama1b_kv3072_cap12-07_long_burst_guard_fast,guard_fast,cmpl-diag00_a1_s23_llama1b_kv3072_cap12-07_long_burst_guard_fast-r5-0-a7ff08c5,cmpl-diag00_a1_s23_llama1b_kv3072_cap12-07_long_burst_guard_fast-r9-0-88d59262,23,90,0.1583985789993676
llama1b,3072,12,23,long,burst,handoff,7180.968129954,diag00_a1_s23_llama1b_kv3072_cap12-07_long_burst_guard_fast,guard_fast,cmpl-diag00_a1_s23_llama1b_kv3072_cap12-07_long_burst_guard_fast-r1-0-aa8cf7c9,cmpl-diag00_a1_s23_llama1b_kv3072_cap12-07_long_burst_guard_fast-r11-0-9273ab8a,25,96,0.1295723929997621
llama1b,3072,12,23,long,burst,handoff,7181.126315333,diag00_a1_s23_llama1b_kv3072_cap12-07_long_burst_guard_fast,guard_fast,cmpl-diag00_a1_s23_llama1b_kv3072_cap12-07_long_burst_guard_fast-r9-0-88d59262,cmpl-diag00_a1_s23_llama1b_kv3072_cap12-07_long_burst_guard_fast-r5-0-a7ff08c5,5,92,0.15840701599972817
llama1b,3072,12,23,long,burst,handoff,7181.295016702,diag00_a1_s23_llama1b_kv3072_cap12-07_long_burst_guard_fast,guard_fast,cmpl-diag00_a1_s23_llama1b_kv3072_cap12-07_long_burst_guard_fast-r11-0-9273ab8a,cmpl-diag00_a1_s23_llama1b_kv3072_cap12-07_long_burst_guard_fast-r1-0-aa8cf7c9,2,76,0.1689128329999221
llama1b,3072,12,23,long,burst,handoff,7181.451949892,diag00_a1_s23_llama1b_kv3072_cap12-07_long_burst_guard_fast,guard_fast,cmpl-diag00_a1_s23_llama1b_kv3072_cap12-07_long_burst_guard_fast-r5-0-a7ff08c5,cmpl-diag00_a1_s23_llama1b_kv3072_cap12-07_long_burst_guard_fast-r9-0-88d59262,23,90,0.15710317499997473
llama1b,3072,12,23,long,burst,handoff,7181.581494956,diag00_a1_s23_llama1b_kv3072_cap12-07_long_burst_guard_fast,guard_fast,cmpl-diag00_a1_s23_llama1b_kv3072_cap12-07_long_burst_guard_fast-r1-0-aa8cf7c9,cmpl-diag00_a1_s23_llama1b_kv3072_cap12-07_long_burst_guard_fast-r11-0-9273ab8a,25,97,0.12977917500029434
llama1b,3072,12,23,long,burst,handoff,7181.736322561,diag00_a1_s23_llama1b_kv3072_cap12-07_long_burst_guard_fast,guard_fast,cmpl-diag00_a1_s23_llama1b_kv3072_cap12-07_long_burst_guard_fast-r9-0-88d59262,cmpl-diag00_a1_s23_llama1b_kv3072_cap12-07_long_burst_guard_fast-r5-0-a7ff08c5,4,92,0.15511881199927302
llama1b,3072,12,23,long,burst,handoff,7181.902645075,diag00_a1_s23_llama1b_kv3072_cap12-07_long_burst_guard_fast,guard_fast,cmpl-diag00_a1_s23_llama1b_kv3072_cap12-07_long_burst_guard_fast-r11-0-9273ab8a,cmpl-diag00_a1_s23_llama1b_kv3072_cap12-07_long_burst_guard_fast-r1-0-aa8cf7c9,2,76,0.16655472699949314
llama1b,3072,12,23,long,burst,handoff,7182.059709842,diag00_a1_s23_llama1b_kv3072_cap12-07_long_burst_guard_fast,guard_fast,cmpl-diag00_a1_s23_llama1b_kv3072_cap12-07_long_burst_guard_fast-r5-0-a7ff08c5,cmpl-diag00_a1_s23_llama1b_kv3072_cap12-07_long_burst_guard_fast-r9-0-88d59262,23,90,0.15729973100042116
llama1b,3072,12,23,long,burst,handoff,7182.191978952,diag00_a1_s23_llama1b_kv3072_cap12-07_long_burst_guard_fast,guard_fast,cmpl-diag00_a1_s23_llama1b_kv3072_cap12-07_long_burst_guard_fast-r1-0-aa8cf7c9,cmpl-diag00_a1_s23_llama1b_kv3072_cap12-07_long_burst_guard_fast-r11-0-9273ab8a,25,97,0.1324230370000805
llama1b,3072,12,23,long,burst,handoff,7182.346834746,diag00_a1_s23_llama1b_kv3072_cap12-07_long_burst_guard_fast,guard_fast,cmpl-diag00_a1_s23_llama1b_kv3072_cap12-07_long_burst_guard_fast-r9-0-88d59262,cmpl-diag00_a1_s23_llama1b_kv3072_cap12-07_long_burst_guard_fast-r5-0-a7ff08c5,4,92,0.15507536299992353
llama1b,3072,12,23,long,burst,handoff,7182.515742489,diag00_a1_s23_llama1b_kv3072_cap12-07_long_burst_guard_fast,guard_fast,cmpl-diag00_a1_s23_llama1b_kv3072_cap12-07_long_burst_guard_fast-r11-0-9273ab8a,cmpl-diag00_a1_s23_llama1b_kv3072_cap12-07_long_burst_guard_fast-r1-0-aa8cf7c9,2,76,0.16906719300004625
llama1b,3072,12,23,long,burst,handoff,7182.673243608,diag00_a1_s23_llama1b_kv3072_cap12-07_long_burst_guard_fast,guard_fast,cmpl-diag00_a1_s23_llama1b_kv3072_cap12-07_long_burst_guard_fast-r5-0-a7ff08c5,cmpl-diag00_a1_s23_llama1b_kv3072_cap12-07_long_burst_guard_fast-r9-0-88d59262,23,90,0.15772955600004934
llama1b,3072,12,23,long,burst,handoff,7182.802903566,diag00_a1_s23_llama1b_kv3072_cap12-07_long_burst_guard_fast,guard_fast,cmpl-diag00_a1_s23_llama1b_kv3072_cap12-07_long_burst_guard_fast-r1-0-aa8cf7c9,cmpl-diag00_a1_s23_llama1b_kv3072_cap12-07_long_burst_guard_fast-r11-0-9273ab8a,25,97,0.12988936200054013
llama1b,3072,12,23,long,burst,handoff,7182.956257565,diag00_a1_s23_llama1b_kv3072_cap12-07_long_burst_guard_fast,guard_fast,cmpl-diag00_a1_s23_llama1b_kv3072_cap12-07_long_burst_guard_fast-r9-0-88d59262,cmpl-diag00_a1_s23_llama1b_kv3072_cap12-07_long_burst_guard_fast-r5-0-a7ff08c5,4,92,0.15358446600021125
llama1b,3072,12,23,long,burst,handoff,7183.125690623,diag00_a1_s23_llama1b_kv3072_cap12-07_long_burst_guard_fast,guard_fast,cmpl-diag00_a1_s23_llama1b_kv3072_cap12-07_long_burst_guard_fast-r11-0-9273ab8a,cmpl-diag00_a1_s23_llama1b_kv3072_cap12-07_long_burst_guard_fast-r1-0-aa8cf7c9,2,76,0.1697928840003442
llama1b,3072,12,23,long,burst,handoff,7183.285196928,diag00_a1_s23_llama1b_kv3072_cap12-07_long_burst_guard_fast,guard_fast,cmpl-diag00_a1_s23_llama1b_kv3072_cap12-07_long_burst_guard_fast-r5-0-a7ff08c5,cmpl-diag00_a1_s23_llama1b_kv3072_cap12-07_long_burst_guard_fast-r9-0-88d59262,23,90,0.15980415400008496
llama1b,3072,12,23,long,burst,handoff,7183.414621461,diag00_a1_s23_llama1b_kv3072_cap12-07_long_burst_guard_fast,guard_fast,cmpl-diag00_a1_s23_llama1b_kv3072_cap12-07_long_burst_guard_fast-r1-0-aa8cf7c9,cmpl-diag00_a1_s23_llama1b_kv3072_cap12-07_long_burst_guard_fast-r11-0-9273ab8a,25,97,0.12969672399958654
llama1b,3072,12,23,long,burst,handoff,7183.57343123,diag00_a1_s23_llama1b_kv3072_cap12-07_long_burst_guard_fast,guard_fast,cmpl-diag00_a1_s23_llama1b_kv3072_cap12-07_long_burst_guard_fast-r9-0-88d59262,cmpl-diag00_a1_s23_llama1b_kv3072_cap12-07_long_burst_guard_fast-r5-0-a7ff08c5,4,92,0.15905628600012278
llama1b,3072,12,23,long,burst,handoff,7183.745774841,diag00_a1_s23_llama1b_kv3072_cap12-07_long_burst_guard_fast,guard_fast,cmpl-diag00_a1_s23_llama1b_kv3072_cap12-07_long_burst_guard_fast-r11-0-9273ab8a,cmpl-diag00_a1_s23_llama1b_kv3072_cap12-07_long_burst_guard_fast-r1-0-aa8cf7c9,2,77,0.17258877199947165
llama1b,3072,12,23,long,burst,handoff,7183.904970131,diag00_a1_s23_llama1b_kv3072_cap12-07_long_burst_guard_fast,guard_fast,cmpl-diag00_a1_s23_llama1b_kv3072_cap12-07_long_burst_guard_fast-r5-0-a7ff08c5,cmpl-diag00_a1_s23_llama1b_kv3072_cap12-07_long_burst_guard_fast-r9-0-88d59262,22,90,0.15936082699954568
llama1b,3072,12,23,long,burst,handoff,7184.03738559,diag00_a1_s23_llama1b_kv3072_cap12-07_long_burst_guard_fast,guard_fast,cmpl-diag00_a1_s23_llama1b_kv3072_cap12-07_long_burst_guard_fast-r1-0-aa8cf7c9,cmpl-diag00_a1_s23_llama1b_kv3072_cap12-07_long_burst_guard_fast-r11-0-9273ab8a,24,97,0.1330118539999603
llama1b,3072,12,23,long,burst,handoff,7184.192262623,diag00_a1_s23_llama1b_kv3072_cap12-07_long_burst_guard_fast,guard_fast,cmpl-diag00_a1_s23_llama1b_kv3072_cap12-07_long_burst_guard_fast-r9-0-88d59262,cmpl-diag00_a1_s23_llama1b_kv3072_cap12-07_long_burst_guard_fast-r5-0-a7ff08c5,4,93,0.15503661000002467
llama1b,3072,12,23,long,burst,handoff,7184.361136704,diag00_a1_s23_llama1b_kv3072_cap12-07_long_burst_guard_fast,guard_fast,cmpl-diag00_a1_s23_llama1b_kv3072_cap12-07_long_burst_guard_fast-r11-0-9273ab8a,cmpl-diag00_a1_s23_llama1b_kv3072_cap12-07_long_burst_guard_fast-r1-0-aa8cf7c9,1,77,0.16908940900066227
llama1b,3072,12,23,long,burst,handoff,7184.51692005,diag00_a1_s23_llama1b_kv3072_cap12-07_long_burst_guard_fast,guard_fast,cmpl-diag00_a1_s23_llama1b_kv3072_cap12-07_long_burst_guard_fast-r5-0-a7ff08c5,cmpl-diag00_a1_s23_llama1b_kv3072_cap12-07_long_burst_guard_fast-r9-0-88d59262,21,90,0.15600196100058383
llama1b,3072,12,23,long,burst,handoff,7184.646783026,diag00_a1_s23_llama1b_kv3072_cap12-07_long_burst_guard_fast,guard_fast,cmpl-diag00_a1_s23_llama1b_kv3072_cap12-07_long_burst_guard_fast-r1-0-aa8cf7c9,cmpl-diag00_a1_s23_llama1b_kv3072_cap12-07_long_burst_guard_fast-r11-0-9273ab8a,24,97,0.13008048800020333
llama1b,3072,12,23,long,burst,handoff,7184.803008128,diag00_a1_s23_llama1b_kv3072_cap12-07_long_burst_guard_fast,guard_fast,cmpl-diag00_a1_s23_llama1b_kv3072_cap12-07_long_burst_guard_fast-r9-0-88d59262,cmpl-diag00_a1_s23_llama1b_kv3072_cap12-07_long_burst_guard_fast-r5-0-a7ff08c5,4,93,0.15645546799987642
llama1b,3072,12,23,long,burst,handoff,7184.972617593,diag00_a1_s23_llama1b_kv3072_cap12-07_long_burst_guard_fast,guard_fast,cmpl-diag00_a1_s23_llama1b_kv3072_cap12-07_long_burst_guard_fast-r11-0-9273ab8a,cmpl-diag00_a1_s23_llama1b_kv3072_cap12-07_long_burst_guard_fast-r1-0-aa8cf7c9,1,77,0.1698392899997998
llama1b,3072,12,23,long,burst,handoff,7185.134132225,diag00_a1_s23_llama1b_kv3072_cap12-07_long_burst_guard_fast,guard_fast,cmpl-diag00_a1_s23_llama1b_kv3072_cap12-07_long_burst_guard_fast-r5-0-a7ff08c5,cmpl-diag00_a1_s23_llama1b_kv3072_cap12-07_long_burst_guard_fast-r9-0-88d59262,21,90,0.16167866799969488
llama1b,3072,12,23,long,burst,handoff,7185.264871786,diag00_a1_s23_llama1b_kv3072_cap12-07_long_burst_guard_fast,guard_fast,cmpl-diag00_a1_s23_llama1b_kv3072_cap12-07_long_burst_guard_fast-r1-0-aa8cf7c9,cmpl-diag00_a1_s23_llama1b_kv3072_cap12-07_long_burst_guard_fast-r11-0-9273ab8a,24,97,0.13096692300041468
llama1b,3072,12,23,long,burst,handoff,7185.419494597,diag00_a1_s23_llama1b_kv3072_cap12-07_long_burst_guard_fast,guard_fast,cmpl-diag00_a1_s23_llama1b_kv3072_cap12-07_long_burst_guard_fast-r9-0-88d59262,cmpl-diag00_a1_s23_llama1b_kv3072_cap12-07_long_burst_guard_fast-r5-0-a7ff08c5,3,93,0.1548950699998386
llama1b,3072,12,23,long,burst,handoff,7185.588946371,diag00_a1_s23_llama1b_kv3072_cap12-07_long_burst_guard_fast,guard_fast,cmpl-diag00_a1_s23_llama1b_kv3072_cap12-07_long_burst_guard_fast-r11-0-9273ab8a,cmpl-diag00_a1_s23_llama1b_kv3072_cap12-07_long_burst_guard_fast-r1-0-aa8cf7c9,1,77,0.1697045299997626
llama1b,3072,12,23,long,burst,handoff,7185.745177848,diag00_a1_s23_llama1b_kv3072_cap12-07_long_burst_guard_fast,guard_fast,cmpl-diag00_a1_s23_llama1b_kv3072_cap12-07_long_burst_guard_fast-r5-0-a7ff08c5,cmpl-diag00_a1_s23_llama1b_kv3072_cap12-07_long_burst_guard_fast-r9-0-88d59262,21,91,0.15649733299960644
llama1b,3072,12,23,long,burst,handoff,7185.874805975,diag00_a1_s23_llama1b_kv3072_cap12-07_long_burst_guard_fast,guard_fast,cmpl-diag00_a1_s23_llama1b_kv3072_cap12-07_long_burst_guard_fast-r1-0-aa8cf7c9,cmpl-diag00_a1_s23_llama1b_kv3072_cap12-07_long_burst_guard_fast-r11-0-9273ab8a,23,97,0.12983818899920152
llama1b,3072,12,23,long,burst,handoff,7186.033361806,diag00_a1_s23_llama1b_kv3072_cap12-07_long_burst_guard_fast,guard_fast,cmpl-diag00_a1_s23_llama1b_kv3072_cap12-07_long_burst_guard_fast-r9-0-88d59262,cmpl-diag00_a1_s23_llama1b_kv3072_cap12-07_long_burst_guard_fast-r5-0-a7ff08c5,3,93,0.15883181400022295
llama1b,3072,12,23,long,burst,handoff,7186.203338581,diag00_a1_s23_llama1b_kv3072_cap12-07_long_burst_guard_fast,guard_fast,cmpl-diag00_a1_s23_llama1b_kv3072_cap12-07_long_burst_guard_fast-r11-0-9273ab8a,cmpl-diag00_a1_s23_llama1b_kv3072_cap12-07_long_burst_guard_fast-r1-0-aa8cf7c9,0,77,0.17020998299994972
llama1b,3072,12,23,long,burst,handoff,7186.360722573,diag00_a1_s23_llama1b_kv3072_cap12-07_long_burst_guard_fast,guard_fast,cmpl-diag00_a1_s23_llama1b_kv3072_cap12-07_long_burst_guard_fast-r5-0-a7ff08c5,cmpl-diag00_a1_s23_llama1b_kv3072_cap12-07_long_burst_guard_fast-r9-0-88d59262,21,91,0.1575479080001969
llama1b,3072,12,23,long,burst,handoff,7186.489436286,diag00_a1_s23_llama1b_kv3072_cap12-07_long_burst_guard_fast,guard_fast,cmpl-diag00_a1_s23_llama1b_kv3072_cap12-07_long_burst_guard_fast-r1-0-aa8cf7c9,cmpl-diag00_a1_s23_llama1b_kv3072_cap12-07_long_burst_guard_fast-r11-0-9273ab8a,23,98,0.1289348179998342
llama1b,3072,12,23,long,burst,handoff,7186.648533999,diag00_a1_s23_llama1b_kv3072_cap12-07_long_burst_guard_fast,guard_fast,cmpl-diag00_a1_s23_llama1b_kv3072_cap12-07_long_burst_guard_fast-r9-0-88d59262,cmpl-diag00_a1_s23_llama1b_kv3072_cap12-07_long_burst_guard_fast-r5-0-a7ff08c5,2,93,0.15934086500055855
llama1b,3072,12,23,long,burst,handoff,7186.818133635,diag00_a1_s23_llama1b_kv3072_cap12-07_long_burst_guard_fast,guard_fast,cmpl-diag00_a1_s23_llama1b_kv3072_cap12-07_long_burst_guard_fast-r11-0-9273ab8a,cmpl-diag00_a1_s23_llama1b_kv3072_cap12-07_long_burst_guard_fast-r1-0-aa8cf7c9,0,77,0.16985567200026708
llama1b,3072,12,23,long,burst,handoff,7186.978336813,diag00_a1_s23_llama1b_kv3072_cap12-07_long_burst_guard_fast,guard_fast,cmpl-diag00_a1_s23_llama1b_kv3072_cap12-07_long_burst_guard_fast-r5-0-a7ff08c5,cmpl-diag00_a1_s23_llama1b_kv3072_cap12-07_long_burst_guard_fast-r9-0-88d59262,21,91,0.16036908800015226
llama1b,3072,12,23,long,burst,handoff,7187.11474465,diag00_a1_s23_llama1b_kv3072_cap12-07_long_burst_guard_fast,guard_fast,cmpl-diag00_a1_s23_llama1b_kv3072_cap12-07_long_burst_guard_fast-r1-0-aa8cf7c9,cmpl-diag00_a1_s23_llama1b_kv3072_cap12-07_long_burst_guard_fast-r11-0-9273ab8a,23,98,0.13664280299963139
llama1b,3072,12,23,long,burst,handoff,7187.27039974,diag00_a1_s23_llama1b_kv3072_cap12-07_long_burst_guard_fast,guard_fast,cmpl-diag00_a1_s23_llama1b_kv3072_cap12-07_long_burst_guard_fast-r9-0-88d59262,cmpl-diag00_a1_s23_llama1b_kv3072_cap12-07_long_burst_guard_fast-r5-0-a7ff08c5,2,93,0.15587831500033644
llama1b,3072,12,23,long,burst,handoff,7187.440923121,diag00_a1_s23_llama1b_kv3072_cap12-07_long_burst_guard_fast,guard_fast,cmpl-diag00_a1_s23_llama1b_kv3072_cap12-07_long_burst_guard_fast-r11-0-9273ab8a,cmpl-diag00_a1_s23_llama1b_kv3072_cap12-07_long_burst_guard_fast-r1-0-aa8cf7c9,0,77,0.17076459100007924
llama1b,3072,12,23,long,burst,handoff,7187.596868698,diag00_a1_s23_llama1b_kv3072_cap12-07_long_burst_guard_fast,guard_fast,cmpl-diag00_a1_s23_llama1b_kv3072_cap12-07_long_burst_guard_fast-r5-0-a7ff08c5,cmpl-diag00_a1_s23_llama1b_kv3072_cap12-07_long_burst_guard_fast-r9-0-88d59262,21,91,0.15618412800085935
llama1b,3072,12,23,long,burst,handoff,7187.729358423,diag00_a1_s23_llama1b_kv3072_cap12-07_long_burst_guard_fast,guard_fast,cmpl-diag00_a1_s23_llama1b_kv3072_cap12-07_long_burst_guard_fast-r1-0-aa8cf7c9,cmpl-diag00_a1_s23_llama1b_kv3072_cap12-07_long_burst_guard_fast-r11-0-9273ab8a,23,98,0.13270123900019826
llama1b,3072,12,23,long,burst,handoff,7187.890557774,diag00_a1_s23_llama1b_kv3072_cap12-07_long_burst_guard_fast,guard_fast,cmpl-diag00_a1_s23_llama1b_kv3072_cap12-07_long_burst_guard_fast-r9-0-88d59262,cmpl-diag00_a1_s23_llama1b_kv3072_cap12-07_long_burst_guard_fast-r5-0-a7ff08c5,2,93,0.1615242899997611
llama1b,3072,12,23,long,burst,handoff,7188.062297243,diag00_a1_s23_llama1b_kv3072_cap12-07_long_burst_guard_fast,guard_fast,cmpl-diag00_a1_s23_llama1b_kv3072_cap12-07_long_burst_guard_fast-r11-0-9273ab8a,cmpl-diag00_a1_s23_llama1b_kv3072_cap12-07_long_burst_guard_fast-r1-0-aa8cf7c9,0,77,0.17206878599972697
llama1b,3072,12,23,long,burst,handoff,7188.220974055,diag00_a1_s23_llama1b_kv3072_cap12-07_long_burst_guard_fast,guard_fast,cmpl-diag00_a1_s23_llama1b_kv3072_cap12-07_long_burst_guard_fast-r5-0-a7ff08c5,cmpl-diag00_a1_s23_llama1b_kv3072_cap12-07_long_burst_guard_fast-r9-0-88d59262,21,91,0.15889937700012524
llama1b,3072,12,23,long,burst,handoff,7188.35222306,diag00_a1_s23_llama1b_kv3072_cap12-07_long_burst_guard_fast,guard_fast,cmpl-diag00_a1_s23_llama1b_kv3072_cap12-07_long_burst_guard_fast-r1-0-aa8cf7c9,cmpl-diag00_a1_s23_llama1b_kv3072_cap12-07_long_burst_guard_fast-r11-0-9273ab8a,23,98,0.13140516099974775
llama1b,3072,12,23,long,burst,handoff,7188.507650314,diag00_a1_s23_llama1b_kv3072_cap12-07_long_burst_guard_fast,guard_fast,cmpl-diag00_a1_s23_llama1b_kv3072_cap12-07_long_burst_guard_fast-r9-0-88d59262,cmpl-diag00_a1_s23_llama1b_kv3072_cap12-07_long_burst_guard_fast-r5-0-a7ff08c5,2,93,0.15582963799988647
llama1b,3072,12,23,long,burst,handoff,7188.676114938,diag00_a1_s23_llama1b_kv3072_cap12-07_long_burst_guard_fast,guard_fast,cmpl-diag00_a1_s23_llama1b_kv3072_cap12-07_long_burst_guard_fast-r11-0-9273ab8a,cmpl-diag00_a1_s23_llama1b_kv3072_cap12-07_long_burst_guard_fast-r1-0-aa8cf7c9,0,78,0.16868699400038167
llama1b,3072,12,23,long,burst,handoff,7188.83639109,diag00_a1_s23_llama1b_kv3072_cap12-07_long_burst_guard_fast,guard_fast,cmpl-diag00_a1_s23_llama1b_kv3072_cap12-07_long_burst_guard_fast-r5-0-a7ff08c5,cmpl-diag00_a1_s23_llama1b_kv3072_cap12-07_long_burst_guard_fast-r9-0-88d59262,20,91,0.16059531599967158
llama1b,3072,12,23,long,burst,handoff,7188.975739062,diag00_a1_s23_llama1b_kv3072_cap12-07_long_burst_guard_fast,guard_fast,cmpl-diag00_a1_s23_llama1b_kv3072_cap12-07_long_burst_guard_fast-r1-0-aa8cf7c9,cmpl-diag00_a1_s23_llama1b_kv3072_cap12-07_long_burst_guard_fast-r11-0-9273ab8a,22,98,0.13977605999934894
llama1b,3072,12,23,long,burst,handoff,7189.132356184,diag00_a1_s23_llama1b_kv3072_cap12-07_long_burst_guard_fast,guard_fast,cmpl-diag00_a1_s23_llama1b_kv3072_cap12-07_long_burst_guard_fast-r9-0-88d59262,cmpl-diag00_a1_s23_llama1b_kv3072_cap12-07_long_burst_guard_fast-r5-0-a7ff08c5,2,94,0.15687242100011645
llama1b,3072,12,23,long,burst,handoff,7189.29993689,diag00_a1_s23_llama1b_kv3072_cap12-07_long_burst_guard_fast,guard_fast,cmpl-diag00_a1_s23_llama1b_kv3072_cap12-07_long_burst_guard_fast-r9-0-88d59262,cmpl-diag00_a1_s23_llama1b_kv3072_cap12-07_long_burst_guard_fast-r1-0-aa8cf7c9,93,94,0.32445312700019713
llama1b,3072,12,23,long,burst,handoff,7189.525972879,diag00_a1_s23_llama1b_kv3072_cap12-07_long_burst_guard_fast,guard_fast,cmpl-diag00_a1_s23_llama1b_kv3072_cap12-07_long_burst_guard_fast-r5-0-a7ff08c5,cmpl-diag00_a1_s23_llama1b_kv3072_cap12-07_long_burst_guard_fast-r9-0-88d59262,19,91,0.2262593810000908
llama1b,3072,12,23,long,burst,handoff,7189.606100662,diag00_a1_s23_llama1b_kv3072_cap12-07_long_burst_guard_fast,guard_fast,cmpl-diag00_a1_s23_llama1b_kv3072_cap12-07_long_burst_guard_fast-r1-0-aa8cf7c9,cmpl-diag00_a1_s23_llama1b_kv3072_cap12-07_long_burst_guard_fast-r11-0-9273ab8a,22,98,0.29006276300060563
llama1b,3072,12,23,long,burst,handoff,7189.763214444,diag00_a1_s23_llama1b_kv3072_cap12-07_long_burst_guard_fast,guard_fast,cmpl-diag00_a1_s23_llama1b_kv3072_cap12-07_long_burst_guard_fast-r9-0-88d59262,cmpl-diag00_a1_s23_llama1b_kv3072_cap12-07_long_burst_guard_fast-r5-0-a7ff08c5,2,94,0.15737708600045153
llama1b,3072,12,23,long,burst,handoff,7189.935674163,diag00_a1_s23_llama1b_kv3072_cap12-07_long_burst_guard_fast,guard_fast,cmpl-diag00_a1_s23_llama1b_kv3072_cap12-07_long_burst_guard_fast-r9-0-88d59262,cmpl-diag00_a1_s23_llama1b_kv3072_cap12-07_long_burst_guard_fast-r1-0-aa8cf7c9,93,94,0.32983680500001356
llama1b,3072,12,23,long,burst,handoff,7190.161139266,diag00_a1_s23_llama1b_kv3072_cap12-07_long_burst_guard_fast,guard_fast,cmpl-diag00_a1_s23_llama1b_kv3072_cap12-07_long_burst_guard_fast-r5-0-a7ff08c5,cmpl-diag00_a1_s23_llama1b_kv3072_cap12-07_long_burst_guard_fast-r9-0-88d59262,19,91,0.22571214499930647
llama1b,3072,12,23,long,burst,handoff,7190.241649286,diag00_a1_s23_llama1b_kv3072_cap12-07_long_burst_guard_fast,guard_fast,cmpl-diag00_a1_s23_llama1b_kv3072_cap12-07_long_burst_guard_fast-r1-0-aa8cf7c9,cmpl-diag00_a1_s23_llama1b_kv3072_cap12-07_long_burst_guard_fast-r11-0-9273ab8a,22,98,0.2927804450000622
llama1b,3072,12,23,long,burst,handoff,7190.397947406,diag00_a1_s23_llama1b_kv3072_cap12-07_long_burst_guard_fast,guard_fast,cmpl-diag00_a1_s23_llama1b_kv3072_cap12-07_long_burst_guard_fast-r9-0-88d59262,cmpl-diag00_a1_s23_llama1b_kv3072_cap12-07_long_burst_guard_fast-r5-0-a7ff08c5,1,94,0.15651298000011593
llama1b,3072,12,23,long,burst,handoff,7190.562847871,diag00_a1_s23_llama1b_kv3072_cap12-07_long_burst_guard_fast,guard_fast,cmpl-diag00_a1_s23_llama1b_kv3072_cap12-07_long_burst_guard_fast-r9-0-88d59262,cmpl-diag00_a1_s23_llama1b_kv3072_cap12-07_long_burst_guard_fast-r1-0-aa8cf7c9,93,94,0.32141344499996194
llama1b,3072,12,23,long,burst,handoff,7190.790283037,diag00_a1_s23_llama1b_kv3072_cap12-07_long_burst_guard_fast,guard_fast,cmpl-diag00_a1_s23_llama1b_kv3072_cap12-07_long_burst_guard_fast-r5-0-a7ff08c5,cmpl-diag00_a1_s23_llama1b_kv3072_cap12-07_long_burst_guard_fast-r9-0-88d59262,19,92,0.22766172000046936
llama1b,3072,12,23,long,burst,handoff,7190.873906683,diag00_a1_s23_llama1b_kv3072_cap12-07_long_burst_guard_fast,guard_fast,cmpl-diag00_a1_s23_llama1b_kv3072_cap12-07_long_burst_guard_fast-r1-0-aa8cf7c9,cmpl-diag00_a1_s23_llama1b_kv3072_cap12-07_long_burst_guard_fast-r11-0-9273ab8a,21,98,0.2944175990005533
llama1b,3072,12,23,long,burst,handoff,7191.032050711,diag00_a1_s23_llama1b_kv3072_cap12-07_long_burst_guard_fast,guard_fast,cmpl-diag00_a1_s23_llama1b_kv3072_cap12-07_long_burst_guard_fast-r9-0-88d59262,cmpl-diag00_a1_s23_llama1b_kv3072_cap12-07_long_burst_guard_fast-r5-0-a7ff08c5,1,94,0.15836125100031495
llama1b,3072,12,23,long,burst,handoff,7191.200965925,diag00_a1_s23_llama1b_kv3072_cap12-07_long_burst_guard_fast,guard_fast,cmpl-diag00_a1_s23_llama1b_kv3072_cap12-07_long_burst_guard_fast-r9-0-88d59262,cmpl-diag00_a1_s23_llama1b_kv3072_cap12-07_long_burst_guard_fast-r1-0-aa8cf7c9,92,94,0.32727646500006813
llama1b,3072,12,23,long,burst,handoff,7191.423008343,diag00_a1_s23_llama1b_kv3072_cap12-07_long_burst_guard_fast,guard_fast,cmpl-diag00_a1_s23_llama1b_kv3072_cap12-07_long_burst_guard_fast-r5-0-a7ff08c5,cmpl-diag00_a1_s23_llama1b_kv3072_cap12-07_long_burst_guard_fast-r9-0-88d59262,19,92,0.22230244200000016
llama1b,3072,12,23,long,burst,handoff,7191.503595666,diag00_a1_s23_llama1b_kv3072_cap12-07_long_burst_guard_fast,guard_fast,cmpl-diag00_a1_s23_llama1b_kv3072_cap12-07_long_burst_guard_fast-r1-0-aa8cf7c9,cmpl-diag00_a1_s23_llama1b_kv3072_cap12-07_long_burst_guard_fast-r11-0-9273ab8a,21,99,0.28801451200070005
llama1b,3072,12,23,long,burst,handoff,7191.661440123,diag00_a1_s23_llama1b_kv3072_cap12-07_long_burst_guard_fast,guard_fast,cmpl-diag00_a1_s23_llama1b_kv3072_cap12-07_long_burst_guard_fast-r9-0-88d59262,cmpl-diag00_a1_s23_llama1b_kv3072_cap12-07_long_burst_guard_fast-r5-0-a7ff08c5,0,94,0.15806147100011003
llama1b,3072,12,23,long,burst,handoff,7191.82944542,diag00_a1_s23_llama1b_kv3072_cap12-07_long_burst_guard_fast,guard_fast,cmpl-diag00_a1_s23_llama1b_kv3072_cap12-07_long_burst_guard_fast-r9-0-88d59262,cmpl-diag00_a1_s23_llama1b_kv3072_cap12-07_long_burst_guard_fast-r1-0-aa8cf7c9,92,94,0.32606676800060086
llama1b,3072,12,23,long,burst,handoff,7192.059098121,diag00_a1_s23_llama1b_kv3072_cap12-07_long_burst_guard_fast,guard_fast,cmpl-diag00_a1_s23_llama1b_kv3072_cap12-07_long_burst_guard_fast-r5-0-a7ff08c5,cmpl-diag00_a1_s23_llama1b_kv3072_cap12-07_long_burst_guard_fast-r9-0-88d59262,19,92,0.22984152699973492
llama1b,3072,12,23,long,burst,handoff,7192.142233398,diag00_a1_s23_llama1b_kv3072_cap12-07_long_burst_guard_fast,guard_fast,cmpl-diag00_a1_s23_llama1b_kv3072_cap12-07_long_burst_guard_fast-r1-0-aa8cf7c9,cmpl-diag00_a1_s23_llama1b_kv3072_cap12-07_long_burst_guard_fast-r11-0-9273ab8a,21,99,0.29646714699993026
llama1b,3072,12,23,long,burst,handoff,7192.296793559,diag00_a1_s23_llama1b_kv3072_cap12-07_long_burst_guard_fast,guard_fast,cmpl-diag00_a1_s23_llama1b_kv3072_cap12-07_long_burst_guard_fast-r9-0-88d59262,cmpl-diag00_a1_s23_llama1b_kv3072_cap12-07_long_burst_guard_fast-r5-0-a7ff08c5,0,94,0.15476596400003473
llama1b,3072,12,23,long,burst,handoff,7192.464217031,diag00_a1_s23_llama1b_kv3072_cap12-07_long_burst_guard_fast,guard_fast,cmpl-diag00_a1_s23_llama1b_kv3072_cap12-07_long_burst_guard_fast-r9-0-88d59262,cmpl-diag00_a1_s23_llama1b_kv3072_cap12-07_long_burst_guard_fast-r1-0-aa8cf7c9,92,94,0.32218943599946215
llama1b,3072,12,23,long,burst,handoff,7192.689164872,diag00_a1_s23_llama1b_kv3072_cap12-07_long_burst_guard_fast,guard_fast,cmpl-diag00_a1_s23_llama1b_kv3072_cap12-07_long_burst_guard_fast-r5-0-a7ff08c5,cmpl-diag00_a1_s23_llama1b_kv3072_cap12-07_long_burst_guard_fast-r9-0-88d59262,19,92,0.22520948500005034
llama1b,3072,12,23,long,burst,handoff,7192.77170495,diag00_a1_s23_llama1b_kv3072_cap12-07_long_burst_guard_fast,guard_fast,cmpl-diag00_a1_s23_llama1b_kv3072_cap12-07_long_burst_guard_fast-r1-0-aa8cf7c9,cmpl-diag00_a1_s23_llama1b_kv3072_cap12-07_long_burst_guard_fast-r11-0-9273ab8a,21,99,0.2928718939992905
llama1b,3072,12,23,long,burst,handoff,7192.928860869,diag00_a1_s23_llama1b_kv3072_cap12-07_long_burst_guard_fast,guard_fast,cmpl-diag00_a1_s23_llama1b_kv3072_cap12-07_long_burst_guard_fast-r9-0-88d59262,cmpl-diag00_a1_s23_llama1b_kv3072_cap12-07_long_burst_guard_fast-r5-0-a7ff08c5,0,94,0.1574164940002447
llama1b,3072,12,23,long,burst,handoff,7193.098156544,diag00_a1_s23_llama1b_kv3072_cap12-07_long_burst_guard_fast,guard_fast,cmpl-diag00_a1_s23_llama1b_kv3072_cap12-07_long_burst_guard_fast-r9-0-88d59262,cmpl-diag00_a1_s23_llama1b_kv3072_cap12-07_long_burst_guard_fast-r1-0-aa8cf7c9,92,94,0.3267121689996202
llama1b,3072,12,23,long,burst,handoff,7193.323306091,diag00_a1_s23_llama1b_kv3072_cap12-07_long_burst_guard_fast,guard_fast,cmpl-diag00_a1_s23_llama1b_kv3072_cap12-07_long_burst_guard_fast-r5-0-a7ff08c5,cmpl-diag00_a1_s23_llama1b_kv3072_cap12-07_long_burst_guard_fast-r9-0-88d59262,19,92,0.22544291899976088
llama1b,3072,12,23,long,burst,handoff,7193.404866087,diag00_a1_s23_llama1b_kv3072_cap12-07_long_burst_guard_fast,guard_fast,cmpl-diag00_a1_s23_llama1b_kv3072_cap12-07_long_burst_guard_fast-r1-0-aa8cf7c9,cmpl-diag00_a1_s23_llama1b_kv3072_cap12-07_long_burst_guard_fast-r11-0-9273ab8a,21,99,0.2922518470004434
llama1b,3072,12,23,long,burst,handoff,7193.559208899,diag00_a1_s23_llama1b_kv3072_cap12-07_long_burst_guard_fast,guard_fast,cmpl-diag00_a1_s23_llama1b_kv3072_cap12-07_long_burst_guard_fast-r9-0-88d59262,cmpl-diag00_a1_s23_llama1b_kv3072_cap12-07_long_burst_guard_fast-r5-0-a7ff08c5,0,94,0.15455957599988324
llama1b,3072,12,23,long,burst,handoff,7193.727237013,diag00_a1_s23_llama1b_kv3072_cap12-07_long_burst_guard_fast,guard_fast,cmpl-diag00_a1_s23_llama1b_kv3072_cap12-07_long_burst_guard_fast-r9-0-88d59262,cmpl-diag00_a1_s23_llama1b_kv3072_cap12-07_long_burst_guard_fast-r1-0-aa8cf7c9,92,94,0.322587690000546
llama1b,3072,12,23,long,burst,handoff,7193.954139893,diag00_a1_s23_llama1b_kv3072_cap12-07_long_burst_guard_fast,guard_fast,cmpl-diag00_a1_s23_llama1b_kv3072_cap12-07_long_burst_guard_fast-r5-0-a7ff08c5,cmpl-diag00_a1_s23_llama1b_kv3072_cap12-07_long_burst_guard_fast-r9-0-88d59262,18,92,0.22714339699996344
llama1b,3072,12,23,long,burst,handoff,7194.037063942,diag00_a1_s23_llama1b_kv3072_cap12-07_long_burst_guard_fast,guard_fast,cmpl-diag00_a1_s23_llama1b_kv3072_cap12-07_long_burst_guard_fast-r1-0-aa8cf7c9,cmpl-diag00_a1_s23_llama1b_kv3072_cap12-07_long_burst_guard_fast-r11-0-9273ab8a,20,99,0.2947891220001111
llama1b,3072,12,23,long,burst,handoff,7194.193489157,diag00_a1_s23_llama1b_kv3072_cap12-07_long_burst_guard_fast,guard_fast,cmpl-diag00_a1_s23_llama1b_kv3072_cap12-07_long_burst_guard_fast-r9-0-88d59262,cmpl-diag00_a1_s23_llama1b_kv3072_cap12-07_long_burst_guard_fast-r5-0-a7ff08c5,0,95,0.1566303079998761
llama1b,3072,12,23,long,burst,handoff,7194.362710609,diag00_a1_s23_llama1b_kv3072_cap12-07_long_burst_guard_fast,guard_fast,cmpl-diag00_a1_s23_llama1b_kv3072_cap12-07_long_burst_guard_fast-r9-0-88d59262,cmpl-diag00_a1_s23_llama1b_kv3072_cap12-07_long_burst_guard_fast-r1-0-aa8cf7c9,92,95,0.32585175999975036
llama1b,3072,12,23,long,burst,handoff,7194.585348194,diag00_a1_s23_llama1b_kv3072_cap12-07_long_burst_guard_fast,guard_fast,cmpl-diag00_a1_s23_llama1b_kv3072_cap12-07_long_burst_guard_fast-r5-0-a7ff08c5,cmpl-diag00_a1_s23_llama1b_kv3072_cap12-07_long_burst_guard_fast-r9-0-88d59262,17,92,0.22302900600061548
llama1b,3072,12,23,long,burst,handoff,7194.668686395,diag00_a1_s23_llama1b_kv3072_cap12-07_long_burst_guard_fast,guard_fast,cmpl-diag00_a1_s23_llama1b_kv3072_cap12-07_long_burst_guard_fast-r1-0-aa8cf7c9,cmpl-diag00_a1_s23_llama1b_kv3072_cap12-07_long_burst_guard_fast-r11-0-9273ab8a,20,99,0.29188917899955413
llama1b,3072,12,23,long,burst,handoff,7194.827274399,diag00_a1_s23_llama1b_kv3072_cap12-07_long_burst_guard_fast,guard_fast,cmpl-diag00_a1_s23_llama1b_kv3072_cap12-07_long_burst_guard_fast-r9-0-88d59262,cmpl-diag00_a1_s23_llama1b_kv3072_cap12-07_long_burst_guard_fast-r5-0-a7ff08c5,0,95,0.15880516299966985
llama1b,3072,12,23,long,burst,handoff,7194.996244773,diag00_a1_s23_llama1b_kv3072_cap12-07_long_burst_guard_fast,guard_fast,cmpl-diag00_a1_s23_llama1b_kv3072_cap12-07_long_burst_guard_fast-r9-0-88d59262,cmpl-diag00_a1_s23_llama1b_kv3072_cap12-07_long_burst_guard_fast-r1-0-aa8cf7c9,92,95,0.3277755369999795
llama1b,3072,12,23,long,burst,handoff,7195.218507631,diag00_a1_s23_llama1b_kv3072_cap12-07_long_burst_guard_fast,guard_fast,cmpl-diag00_a1_s23_llama1b_kv3072_cap12-07_long_burst_guard_fast-r5-0-a7ff08c5,cmpl-diag00_a1_s23_llama1b_kv3072_cap12-07_long_burst_guard_fast-r9-0-88d59262,17,92,0.2224767569996402
llama1b,3072,12,23,long,burst,handoff,7195.29931822,diag00_a1_s23_llama1b_kv3072_cap12-07_long_burst_guard_fast,guard_fast,cmpl-diag00_a1_s23_llama1b_kv3072_cap12-07_long_burst_guard_fast-r1-0-aa8cf7c9,cmpl-diag00_a1_s23_llama1b_kv3072_cap12-07_long_burst_guard_fast-r11-0-9273ab8a,20,99,0.28917865499988693
llama1b,3072,12,23,long,burst,handoff,7195.455917892,diag00_a1_s23_llama1b_kv3072_cap12-07_long_burst_guard_fast,guard_fast,cmpl-diag00_a1_s23_llama1b_kv3072_cap12-07_long_burst_guard_fast-r1-0-aa8cf7c9,cmpl-diag00_a1_s23_llama1b_kv3072_cap12-07_long_burst_guard_fast-r5-0-a7ff08c5,98,99,0.4457783269999709
llama1b,3072,12,23,long,burst,handoff,7195.637466864,diag00_a1_s23_llama1b_kv3072_cap12-07_long_burst_guard_fast,guard_fast,cmpl-diag00_a1_s23_llama1b_kv3072_cap12-07_long_burst_guard_fast-r9-0-88d59262,cmpl-diag00_a1_s23_llama1b_kv3072_cap12-07_long_burst_guard_fast-r1-0-aa8cf7c9,92,95,0.33836155599965423
llama1b,3072,12,23,long,burst,handoff,7195.869158345,diag00_a1_s23_llama1b_kv3072_cap12-07_long_burst_guard_fast,guard_fast,cmpl-diag00_a1_s23_llama1b_kv3072_cap12-07_long_burst_guard_fast-r5-0-a7ff08c5,cmpl-diag00_a1_s23_llama1b_kv3072_cap12-07_long_burst_guard_fast-r9-0-88d59262,17,93,0.3991905399998359
llama1b,3072,12,23,long,burst,handoff,7195.950822034,diag00_a1_s23_llama1b_kv3072_cap12-07_long_burst_guard_fast,guard_fast,cmpl-diag00_a1_s23_llama1b_kv3072_cap12-07_long_burst_guard_fast-r1-0-aa8cf7c9,cmpl-diag00_a1_s23_llama1b_kv3072_cap12-07_long_burst_guard_fast-r11-0-9273ab8a,19,99,0.2986157120003554
llama1b,3072,12,23,long,burst,handoff,7196.10491206,diag00_a1_s23_llama1b_kv3072_cap12-07_long_burst_guard_fast,guard_fast,cmpl-diag00_a1_s23_llama1b_kv3072_cap12-07_long_burst_guard_fast-r1-0-aa8cf7c9,cmpl-diag00_a1_s23_llama1b_kv3072_cap12-07_long_burst_guard_fast-r5-0-a7ff08c5,98,99,0.45270573800007696
llama1b,3072,12,23,long,burst,handoff,7196.286284105,diag00_a1_s23_llama1b_kv3072_cap12-07_long_burst_guard_fast,guard_fast,cmpl-diag00_a1_s23_llama1b_kv3072_cap12-07_long_burst_guard_fast-r9-0-88d59262,cmpl-diag00_a1_s23_llama1b_kv3072_cap12-07_long_burst_guard_fast-r1-0-aa8cf7c9,91,95,0.3356824570000754
llama1b,3072,12,23,long,burst,handoff,7196.512104003,diag00_a1_s23_llama1b_kv3072_cap12-07_long_burst_guard_fast,guard_fast,cmpl-diag00_a1_s23_llama1b_kv3072_cap12-07_long_burst_guard_fast-r5-0-a7ff08c5,cmpl-diag00_a1_s23_llama1b_kv3072_cap12-07_long_burst_guard_fast-r9-0-88d59262,17,93,0.392867474999548
llama1b,3072,12,23,long,burst,handoff,7196.593930273,diag00_a1_s23_llama1b_kv3072_cap12-07_long_burst_guard_fast,guard_fast,cmpl-diag00_a1_s23_llama1b_kv3072_cap12-07_long_burst_guard_fast-r1-0-aa8cf7c9,cmpl-diag00_a1_s23_llama1b_kv3072_cap12-07_long_burst_guard_fast-r11-0-9273ab8a,19,100,0.2911692910001875
llama1b,3072,12,23,long,burst,handoff,7196.751411629,diag00_a1_s23_llama1b_kv3072_cap12-07_long_burst_guard_fast,guard_fast,cmpl-diag00_a1_s23_llama1b_kv3072_cap12-07_long_burst_guard_fast-r1-0-aa8cf7c9,cmpl-diag00_a1_s23_llama1b_kv3072_cap12-07_long_burst_guard_fast-r5-0-a7ff08c5,98,100,0.4486506470002496
llama1b,3072,12,23,long,burst,handoff,7196.935152178,diag00_a1_s23_llama1b_kv3072_cap12-07_long_burst_guard_fast,guard_fast,cmpl-diag00_a1_s23_llama1b_kv3072_cap12-07_long_burst_guard_fast-r9-0-88d59262,cmpl-diag00_a1_s23_llama1b_kv3072_cap12-07_long_burst_guard_fast-r1-0-aa8cf7c9,91,95,0.3414690870004051
llama1b,3072,12,23,long,burst,handoff,7197.159403024,diag00_a1_s23_llama1b_kv3072_cap12-07_long_burst_guard_fast,guard_fast,cmpl-diag00_a1_s23_llama1b_kv3072_cap12-07_long_burst_guard_fast-r5-0-a7ff08c5,cmpl-diag00_a1_s23_llama1b_kv3072_cap12-07_long_burst_guard_fast-r9-0-88d59262,17,93,0.39339164000011806
llama1b,3072,12,23,long,burst,handoff,7197.240679575,diag00_a1_s23_llama1b_kv3072_cap12-07_long_burst_guard_fast,guard_fast,cmpl-diag00_a1_s23_llama1b_kv3072_cap12-07_long_burst_guard_fast-r1-0-aa8cf7c9,cmpl-diag00_a1_s23_llama1b_kv3072_cap12-07_long_burst_guard_fast-r11-0-9273ab8a,19,100,0.290771353999844
llama1b,3072,12,23,long,burst,handoff,7197.397400832,diag00_a1_s23_llama1b_kv3072_cap12-07_long_burst_guard_fast,guard_fast,cmpl-diag00_a1_s23_llama1b_kv3072_cap12-07_long_burst_guard_fast-r1-0-aa8cf7c9,cmpl-diag00_a1_s23_llama1b_kv3072_cap12-07_long_burst_guard_fast-r5-0-a7ff08c5,98,100,0.4474926109996886
llama1b,3072,12,23,long,burst,handoff,7197.577457885,diag00_a1_s23_llama1b_kv3072_cap12-07_long_burst_guard_fast,guard_fast,cmpl-diag00_a1_s23_llama1b_kv3072_cap12-07_long_burst_guard_fast-r9-0-88d59262,cmpl-diag00_a1_s23_llama1b_kv3072_cap12-07_long_burst_guard_fast-r1-0-aa8cf7c9,91,95,0.337024456999643
llama1b,3072,12,23,long,burst,handoff,7197.80628994,diag00_a1_s23_llama1b_kv3072_cap12-07_long_burst_guard_fast,guard_fast,cmpl-diag00_a1_s23_llama1b_kv3072_cap12-07_long_burst_guard_fast-r5-0-a7ff08c5,cmpl-diag00_a1_s23_llama1b_kv3072_cap12-07_long_burst_guard_fast-r9-0-88d59262,17,93,0.3954945530003897
llama1b,3072,12,23,long,burst,handoff,7197.89176863,diag00_a1_s23_llama1b_kv3072_cap12-07_long_burst_guard_fast,guard_fast,cmpl-diag00_a1_s23_llama1b_kv3072_cap12-07_long_burst_guard_fast-r1-0-aa8cf7c9,cmpl-diag00_a1_s23_llama1b_kv3072_cap12-07_long_burst_guard_fast-r11-0-9273ab8a,19,100,0.3003131969999231
llama1b,3072,12,23,long,burst,handoff,7198.048275537,diag00_a1_s23_llama1b_kv3072_cap12-07_long_burst_guard_fast,guard_fast,cmpl-diag00_a1_s23_llama1b_kv3072_cap12-07_long_burst_guard_fast-r1-0-aa8cf7c9,cmpl-diag00_a1_s23_llama1b_kv3072_cap12-07_long_burst_guard_fast-r5-0-a7ff08c5,98,100,0.45682010400014406
llama1b,3072,12,23,long,burst,handoff,7198.233515539,diag00_a1_s23_llama1b_kv3072_cap12-07_long_burst_guard_fast,guard_fast,cmpl-diag00_a1_s23_llama1b_kv3072_cap12-07_long_burst_guard_fast-r9-0-88d59262,cmpl-diag00_a1_s23_llama1b_kv3072_cap12-07_long_burst_guard_fast-r1-0-aa8cf7c9,91,95,0.34196643799987214
llama1b,3072,12,23,long,burst,handoff,7198.455624084,diag00_a1_s23_llama1b_kv3072_cap12-07_long_burst_guard_fast,guard_fast,cmpl-diag00_a1_s23_llama1b_kv3072_cap12-07_long_burst_guard_fast-r5-0-a7ff08c5,cmpl-diag00_a1_s23_llama1b_kv3072_cap12-07_long_burst_guard_fast-r9-0-88d59262,17,93,0.3934544100002313
llama1b,3072,12,23,long,burst,handoff,7198.538438424,diag00_a1_s23_llama1b_kv3072_cap12-07_long_burst_guard_fast,guard_fast,cmpl-diag00_a1_s23_llama1b_kv3072_cap12-07_long_burst_guard_fast-r1-0-aa8cf7c9,cmpl-diag00_a1_s23_llama1b_kv3072_cap12-07_long_burst_guard_fast-r11-0-9273ab8a,19,100,0.2909710139992967
llama1b,3072,12,23,long,burst,handoff,7198.706005446,diag00_a1_s23_llama1b_kv3072_cap12-07_long_burst_guard_fast,guard_fast,cmpl-diag00_a1_s23_llama1b_kv3072_cap12-07_long_burst_guard_fast-r1-0-aa8cf7c9,cmpl-diag00_a1_s23_llama1b_kv3072_cap12-07_long_burst_guard_fast-r5-0-a7ff08c5,98,100,0.4585380359994815
llama1b,3072,12,23,long,burst,handoff,7198.892064969,diag00_a1_s23_llama1b_kv3072_cap12-07_long_burst_guard_fast,guard_fast,cmpl-diag00_a1_s23_llama1b_kv3072_cap12-07_long_burst_guard_fast-r9-0-88d59262,cmpl-diag00_a1_s23_llama1b_kv3072_cap12-07_long_burst_guard_fast-r1-0-aa8cf7c9,91,95,0.35385384500023065
llama1b,3072,12,23,long,burst,handoff,7199.121896322,diag00_a1_s23_llama1b_kv3072_cap12-07_long_burst_guard_fast,guard_fast,cmpl-diag00_a1_s23_llama1b_kv3072_cap12-07_long_burst_guard_fast-r5-0-a7ff08c5,cmpl-diag00_a1_s23_llama1b_kv3072_cap12-07_long_burst_guard_fast-r9-0-88d59262,16,93,0.3982301609994465
llama1b,3072,12,23,long,burst,handoff,7199.205645938,diag00_a1_s23_llama1b_kv3072_cap12-07_long_burst_guard_fast,guard_fast,cmpl-diag00_a1_s23_llama1b_kv3072_cap12-07_long_burst_guard_fast-r1-0-aa8cf7c9,cmpl-diag00_a1_s23_llama1b_kv3072_cap12-07_long_burst_guard_fast-r11-0-9273ab8a,18,100,0.2995996070003457
llama1b,3072,12,23,long,burst,handoff,7199.36572449,diag00_a1_s23_llama1b_kv3072_cap12-07_long_burst_guard_fast,guard_fast,cmpl-diag00_a1_s23_llama1b_kv3072_cap12-07_long_burst_guard_fast-r1-0-aa8cf7c9,cmpl-diag00_a1_s23_llama1b_kv3072_cap12-07_long_burst_guard_fast-r5-0-a7ff08c5,98,100,0.45967815899985
llama1b,3072,12,23,long,burst,handoff,7199.549617455,diag00_a1_s23_llama1b_kv3072_cap12-07_long_burst_guard_fast,guard_fast,cmpl-diag00_a1_s23_llama1b_kv3072_cap12-07_long_burst_guard_fast-r9-0-88d59262,cmpl-diag00_a1_s23_llama1b_kv3072_cap12-07_long_burst_guard_fast-r1-0-aa8cf7c9,91,96,0.34420191400022304
llama1b,3072,12,23,long,burst,handoff,7199.777532279,diag00_a1_s23_llama1b_kv3072_cap12-07_long_burst_guard_fast,guard_fast,cmpl-diag00_a1_s23_llama1b_kv3072_cap12-07_long_burst_guard_fast-r5-0-a7ff08c5,cmpl-diag00_a1_s23_llama1b_kv3072_cap12-07_long_burst_guard_fast-r9-0-88d59262,15,93,0.398466319000363
llama1b,3072,12,23,long,burst,handoff,7199.860542623,diag00_a1_s23_llama1b_kv3072_cap12-07_long_burst_guard_fast,guard_fast,cmpl-diag00_a1_s23_llama1b_kv3072_cap12-07_long_burst_guard_fast-r1-0-aa8cf7c9,cmpl-diag00_a1_s23_llama1b_kv3072_cap12-07_long_burst_guard_fast-r11-0-9273ab8a,18,100,0.2968571589999556
llama1b,3072,12,23,long,burst,handoff,7200.017904287,diag00_a1_s23_llama1b_kv3072_cap12-07_long_burst_guard_fast,guard_fast,cmpl-diag00_a1_s23_llama1b_kv3072_cap12-07_long_burst_guard_fast-r1-0-aa8cf7c9,cmpl-diag00_a1_s23_llama1b_kv3072_cap12-07_long_burst_guard_fast-r5-0-a7ff08c5,98,100,0.4542188230007014
llama1b,3072,12,23,long,burst,handoff,7200.199581526,diag00_a1_s23_llama1b_kv3072_cap12-07_long_burst_guard_fast,guard_fast,cmpl-diag00_a1_s23_llama1b_kv3072_cap12-07_long_burst_guard_fast-r9-0-88d59262,cmpl-diag00_a1_s23_llama1b_kv3072_cap12-07_long_burst_guard_fast-r1-0-aa8cf7c9,91,96,0.33926860700012185
llama1b,3072,12,23,long,burst,handoff,7200.428654545,diag00_a1_s23_llama1b_kv3072_cap12-07_long_burst_guard_fast,guard_fast,cmpl-diag00_a1_s23_llama1b_kv3072_cap12-07_long_burst_guard_fast-r5-0-a7ff08c5,cmpl-diag00_a1_s23_llama1b_kv3072_cap12-07_long_burst_guard_fast-r9-0-88d59262,15,93,0.39804513400031283
llama1b,3072,12,23,long,burst,handoff,7200.509330505,diag00_a1_s23_llama1b_kv3072_cap12-07_long_burst_guard_fast,guard_fast,cmpl-diag00_a1_s23_llama1b_kv3072_cap12-07_long_burst_guard_fast-r1-0-aa8cf7c9,cmpl-diag00_a1_s23_llama1b_kv3072_cap12-07_long_burst_guard_fast-r11-0-9273ab8a,18,100,0.2945120400008818
llama1b,3072,12,23,long,burst,handoff,7200.666987563,diag00_a1_s23_llama1b_kv3072_cap12-07_long_burst_guard_fast,guard_fast,cmpl-diag00_a1_s23_llama1b_kv3072_cap12-07_long_burst_guard_fast-r1-0-aa8cf7c9,cmpl-diag00_a1_s23_llama1b_kv3072_cap12-07_long_burst_guard_fast-r5-0-a7ff08c5,97,100,0.45216909800001304
llama1b,3072,12,23,long,burst,handoff,7200.848813277,diag00_a1_s23_llama1b_kv3072_cap12-07_long_burst_guard_fast,guard_fast,cmpl-diag00_a1_s23_llama1b_kv3072_cap12-07_long_burst_guard_fast-r9-0-88d59262,cmpl-diag00_a1_s23_llama1b_kv3072_cap12-07_long_burst_guard_fast-r1-0-aa8cf7c9,91,96,0.3397528949999469
llama1b,3072,12,23,long,burst,handoff,7201.076209433,diag00_a1_s23_llama1b_kv3072_cap12-07_long_burst_guard_fast,guard_fast,cmpl-diag00_a1_s23_llama1b_kv3072_cap12-07_long_burst_guard_fast-r5-0-a7ff08c5,cmpl-diag00_a1_s23_llama1b_kv3072_cap12-07_long_burst_guard_fast-r9-0-88d59262,15,94,0.39372513400030584
llama1b,3072,12,23,long,burst,handoff,7201.159364601,diag00_a1_s23_llama1b_kv3072_cap12-07_long_burst_guard_fast,guard_fast,cmpl-diag00_a1_s23_llama1b_kv3072_cap12-07_long_burst_guard_fast-r1-0-aa8cf7c9,cmpl-diag00_a1_s23_llama1b_kv3072_cap12-07_long_burst_guard_fast-r11-0-9273ab8a,17,100,0.2965700459999425
llama1b,3072,12,23,long,burst,handoff,7201.318428011,diag00_a1_s23_llama1b_kv3072_cap12-07_long_burst_guard_fast,guard_fast,cmpl-diag00_a1_s23_llama1b_kv3072_cap12-07_long_burst_guard_fast-r1-0-aa8cf7c9,cmpl-diag00_a1_s23_llama1b_kv3072_cap12-07_long_burst_guard_fast-r5-0-a7ff08c5,97,100,0.4556334560002142
llama1b,3072,12,23,long,burst,handoff,7201.507145024,diag00_a1_s23_llama1b_kv3072_cap12-07_long_burst_guard_fast,guard_fast,cmpl-diag00_a1_s23_llama1b_kv3072_cap12-07_long_burst_guard_fast-r9-0-88d59262,cmpl-diag00_a1_s23_llama1b_kv3072_cap12-07_long_burst_guard_fast-r1-0-aa8cf7c9,90,96,0.34793684800024494
llama1b,3072,12,23,long,burst,handoff,7201.734060562,diag00_a1_s23_llama1b_kv3072_cap12-07_long_burst_guard_fast,guard_fast,cmpl-diag00_a1_s23_llama1b_kv3072_cap12-07_long_burst_guard_fast-r5-0-a7ff08c5,cmpl-diag00_a1_s23_llama1b_kv3072_cap12-07_long_burst_guard_fast-r9-0-88d59262,15,94,0.40059359000042605
llama1b,3072,12,23,long,burst,handoff,7201.819519195,diag00_a1_s23_llama1b_kv3072_cap12-07_long_burst_guard_fast,guard_fast,cmpl-diag00_a1_s23_llama1b_kv3072_cap12-07_long_burst_guard_fast-r1-0-aa8cf7c9,cmpl-diag00_a1_s23_llama1b_kv3072_cap12-07_long_burst_guard_fast-r11-0-9273ab8a,17,101,0.2949813790000917
llama1b,3072,12,23,long,burst,handoff,7201.976663203,diag00_a1_s23_llama1b_kv3072_cap12-07_long_burst_guard_fast,guard_fast,cmpl-diag00_a1_s23_llama1b_kv3072_cap12-07_long_burst_guard_fast-r1-0-aa8cf7c9,cmpl-diag00_a1_s23_llama1b_kv3072_cap12-07_long_burst_guard_fast-r5-0-a7ff08c5,97,101,0.4521253869997963
llama1b,3072,12,23,long,burst,handoff,7202.159656768,diag00_a1_s23_llama1b_kv3072_cap12-07_long_burst_guard_fast,guard_fast,cmpl-diag00_a1_s23_llama1b_kv3072_cap12-07_long_burst_guard_fast-r9-0-88d59262,cmpl-diag00_a1_s23_llama1b_kv3072_cap12-07_long_burst_guard_fast-r1-0-aa8cf7c9,90,96,0.3403534689996377
llama1b,3072,12,23,long,burst,handoff,7202.385092654,diag00_a1_s23_llama1b_kv3072_cap12-07_long_burst_guard_fast,guard_fast,cmpl-diag00_a1_s23_llama1b_kv3072_cap12-07_long_burst_guard_fast-r5-0-a7ff08c5,cmpl-diag00_a1_s23_llama1b_kv3072_cap12-07_long_burst_guard_fast-r9-0-88d59262,15,94,0.3902697180001269
llama1b,3072,12,23,long,burst,handoff,7202.471369789,diag00_a1_s23_llama1b_kv3072_cap12-07_long_burst_guard_fast,guard_fast,cmpl-diag00_a1_s23_llama1b_kv3072_cap12-07_long_burst_guard_fast-r1-0-aa8cf7c9,cmpl-diag00_a1_s23_llama1b_kv3072_cap12-07_long_burst_guard_fast-r11-0-9273ab8a,17,101,0.29525616299997637
llama1b,3072,12,23,long,burst,handoff,7202.625961934,diag00_a1_s23_llama1b_kv3072_cap12-07_long_burst_guard_fast,guard_fast,cmpl-diag00_a1_s23_llama1b_kv3072_cap12-07_long_burst_guard_fast-r1-0-aa8cf7c9,cmpl-diag00_a1_s23_llama1b_kv3072_cap12-07_long_burst_guard_fast-r5-0-a7ff08c5,97,101,0.4498483079996731
llama1b,3072,12,23,long,burst,handoff,7202.81083182,diag00_a1_s23_llama1b_kv3072_cap12-07_long_burst_guard_fast,guard_fast,cmpl-diag00_a1_s23_llama1b_kv3072_cap12-07_long_burst_guard_fast-r9-0-88d59262,cmpl-diag00_a1_s23_llama1b_kv3072_cap12-07_long_burst_guard_fast-r1-0-aa8cf7c9,90,96,0.339737471999797
llama1b,3072,12,23,long,burst,handoff,7203.03776751,diag00_a1_s23_llama1b_kv3072_cap12-07_long_burst_guard_fast,guard_fast,cmpl-diag00_a1_s23_llama1b_kv3072_cap12-07_long_burst_guard_fast-r5-0-a7ff08c5,cmpl-diag00_a1_s23_llama1b_kv3072_cap12-07_long_burst_guard_fast-r9-0-88d59262,15,94,0.3974799819998225
llama1b,3072,12,23,long,burst,handoff,7203.12214403,diag00_a1_s23_llama1b_kv3072_cap12-07_long_burst_guard_fast,guard_fast,cmpl-diag00_a1_s23_llama1b_kv3072_cap12-07_long_burst_guard_fast-r1-0-aa8cf7c9,cmpl-diag00_a1_s23_llama1b_kv3072_cap12-07_long_burst_guard_fast-r11-0-9273ab8a,17,101,0.29662903099961113
llama1b,3072,12,23,long,burst,handoff,7203.277604502,diag00_a1_s23_llama1b_kv3072_cap12-07_long_burst_guard_fast,guard_fast,cmpl-diag00_a1_s23_llama1b_kv3072_cap12-07_long_burst_guard_fast-r1-0-aa8cf7c9,cmpl-diag00_a1_s23_llama1b_kv3072_cap12-07_long_burst_guard_fast-r5-0-a7ff08c5,97,101,0.4520895030000247
llama1b,3072,12,23,long,burst,handoff,7203.462583342,diag00_a1_s23_llama1b_kv3072_cap12-07_long_burst_guard_fast,guard_fast,cmpl-diag00_a1_s23_llama1b_kv3072_cap12-07_long_burst_guard_fast-r9-0-88d59262,cmpl-diag00_a1_s23_llama1b_kv3072_cap12-07_long_burst_guard_fast-r1-0-aa8cf7c9,90,96,0.34075511599985475
llama1b,3072,12,23,long,burst,handoff,7203.689451408,diag00_a1_s23_llama1b_kv3072_cap12-07_long_burst_guard_fast,guard_fast,cmpl-diag00_a1_s23_llama1b_kv3072_cap12-07_long_burst_guard_fast-r5-0-a7ff08c5,cmpl-diag00_a1_s23_llama1b_kv3072_cap12-07_long_burst_guard_fast-r9-0-88d59262,15,94,0.39602060100060044
llama1b,3072,12,23,long,burst,handoff,7203.770942112,diag00_a1_s23_llama1b_kv3072_cap12-07_long_burst_guard_fast,guard_fast,cmpl-diag00_a1_s23_llama1b_kv3072_cap12-07_long_burst_guard_fast-r1-0-aa8cf7c9,cmpl-diag00_a1_s23_llama1b_kv3072_cap12-07_long_burst_guard_fast-r11-0-9273ab8a,17,101,0.2935446579995187
llama1b,3072,12,23,long,burst,handoff,7203.929562764,diag00_a1_s23_llama1b_kv3072_cap12-07_long_burst_guard_fast,guard_fast,cmpl-diag00_a1_s23_llama1b_kv3072_cap12-07_long_burst_guard_fast-r1-0-aa8cf7c9,cmpl-diag00_a1_s23_llama1b_kv3072_cap12-07_long_burst_guard_fast-r5-0-a7ff08c5,97,101,0.4521653100000549
llama1b,3072,12,23,long,burst,handoff,7204.114325201,diag00_a1_s23_llama1b_kv3072_cap12-07_long_burst_guard_fast,guard_fast,cmpl-diag00_a1_s23_llama1b_kv3072_cap12-07_long_burst_guard_fast-r9-0-88d59262,cmpl-diag00_a1_s23_llama1b_kv3072_cap12-07_long_burst_guard_fast-r1-0-aa8cf7c9,90,96,0.34356491299968184
llama1b,3072,12,23,long,burst,handoff,7204.341556347,diag00_a1_s23_llama1b_kv3072_cap12-07_long_burst_guard_fast,guard_fast,cmpl-diag00_a1_s23_llama1b_kv3072_cap12-07_long_burst_guard_fast-r5-0-a7ff08c5,cmpl-diag00_a1_s23_llama1b_kv3072_cap12-07_long_burst_guard_fast-r9-0-88d59262,14,94,0.39632480000000214
llama1b,3072,12,23,long,burst,handoff,7204.437041641,diag00_a1_s23_llama1b_kv3072_cap12-07_long_burst_guard_fast,guard_fast,cmpl-diag00_a1_s23_llama1b_kv3072_cap12-07_long_burst_guard_fast-r1-0-aa8cf7c9,cmpl-diag00_a1_s23_llama1b_kv3072_cap12-07_long_burst_guard_fast-r11-0-9273ab8a,16,101,0.30697588300063217
llama1b,3072,12,23,long,burst,handoff,7204.592414241,diag00_a1_s23_llama1b_kv3072_cap12-07_long_burst_guard_fast,guard_fast,cmpl-diag00_a1_s23_llama1b_kv3072_cap12-07_long_burst_guard_fast-r1-0-aa8cf7c9,cmpl-diag00_a1_s23_llama1b_kv3072_cap12-07_long_burst_guard_fast-r5-0-a7ff08c5,97,101,0.46234848300082376
llama1b,3072,12,23,long,burst,handoff,7204.77913282,diag00_a1_s23_llama1b_kv3072_cap12-07_long_burst_guard_fast,guard_fast,cmpl-diag00_a1_s23_llama1b_kv3072_cap12-07_long_burst_guard_fast-r9-0-88d59262,cmpl-diag00_a1_s23_llama1b_kv3072_cap12-07_long_burst_guard_fast-r1-0-aa8cf7c9,90,97,0.3422651250002673
llama1b,3072,12,23,long,burst,handoff,7205.003585739,diag00_a1_s23_llama1b_kv3072_cap12-07_long_burst_guard_fast,guard_fast,cmpl-diag00_a1_s23_llama1b_kv3072_cap12-07_long_burst_guard_fast-r5-0-a7ff08c5,cmpl-diag00_a1_s23_llama1b_kv3072_cap12-07_long_burst_guard_fast-r9-0-88d59262,13,94,0.39648414200019033
llama1b,3072,12,23,long,burst,handoff,7205.096625164,diag00_a1_s23_llama1b_kv3072_cap12-07_long_burst_guard_fast,guard_fast,cmpl-diag00_a1_s23_llama1b_kv3072_cap12-07_long_burst_guard_fast-r1-0-aa8cf7c9,cmpl-diag00_a1_s23_llama1b_kv3072_cap12-07_long_burst_guard_fast-r11-0-9273ab8a,16,101,0.30559811200055265
llama1b,3072,12,23,long,burst,handoff,7205.255618029,diag00_a1_s23_llama1b_kv3072_cap12-07_long_burst_guard_fast,guard_fast,cmpl-diag00_a1_s23_llama1b_kv3072_cap12-07_long_burst_guard_fast-r1-0-aa8cf7c9,cmpl-diag00_a1_s23_llama1b_kv3072_cap12-07_long_burst_guard_fast-r5-0-a7ff08c5,97,101,0.46459097700062557
llama1b,3072,12,23,long,burst,handoff,7205.444396069,diag00_a1_s23_llama1b_kv3072_cap12-07_long_burst_guard_fast,guard_fast,cmpl-diag00_a1_s23_llama1b_kv3072_cap12-07_long_burst_guard_fast-r9-0-88d59262,cmpl-diag00_a1_s23_llama1b_kv3072_cap12-07_long_burst_guard_fast-r1-0-aa8cf7c9,90,97,0.3480831249999028
llama1b,3072,12,23,long,burst,handoff,7205.670076886,diag00_a1_s23_llama1b_kv3072_cap12-07_long_burst_guard_fast,guard_fast,cmpl-diag00_a1_s23_llama1b_kv3072_cap12-07_long_burst_guard_fast-r5-0-a7ff08c5,cmpl-diag00_a1_s23_llama1b_kv3072_cap12-07_long_burst_guard_fast-r9-0-88d59262,13,94,0.39841416899980686
llama1b,3072,12,23,long,burst,handoff,7205.766472309,diag00_a1_s23_llama1b_kv3072_cap12-07_long_burst_guard_fast,guard_fast,cmpl-diag00_a1_s23_llama1b_kv3072_cap12-07_long_burst_guard_fast-r1-0-aa8cf7c9,cmpl-diag00_a1_s23_llama1b_kv3072_cap12-07_long_burst_guard_fast-r11-0-9273ab8a,16,101,0.3069674779999332
llama1b,3072,12,23,long,burst,handoff,7205.9234482,diag00_a1_s23_llama1b_kv3072_cap12-07_long_burst_guard_fast,guard_fast,cmpl-diag00_a1_s23_llama1b_kv3072_cap12-07_long_burst_guard_fast-r1-0-aa8cf7c9,cmpl-diag00_a1_s23_llama1b_kv3072_cap12-07_long_burst_guard_fast-r5-0-a7ff08c5,96,101,0.46394336899993505
llama1b,3072,12,23,long,burst,handoff,7206.107662487,diag00_a1_s23_llama1b_kv3072_cap12-07_long_burst_guard_fast,guard_fast,cmpl-diag00_a1_s23_llama1b_kv3072_cap12-07_long_burst_guard_fast-r9-0-88d59262,cmpl-diag00_a1_s23_llama1b_kv3072_cap12-07_long_burst_guard_fast-r1-0-aa8cf7c9,90,97,0.34138804800022626
llama1b,3072,12,23,long,burst,handoff,7206.33652361,diag00_a1_s23_llama1b_kv3072_cap12-07_long_burst_guard_fast,guard_fast,cmpl-diag00_a1_s23_llama1b_kv3072_cap12-07_long_burst_guard_fast-r5-0-a7ff08c5,cmpl-diag00_a1_s23_llama1b_kv3072_cap12-07_long_burst_guard_fast-r9-0-88d59262,13,95,0.3981494270001349
llama1b,3072,12,23,long,burst,handoff,7206.431846006,diag00_a1_s23_llama1b_kv3072_cap12-07_long_burst_guard_fast,guard_fast,cmpl-diag00_a1_s23_llama1b_kv3072_cap12-07_long_burst_guard_fast-r1-0-aa8cf7c9,cmpl-diag00_a1_s23_llama1b_kv3072_cap12-07_long_burst_guard_fast-r11-0-9273ab8a,15,101,0.30794544400032464
llama1b,3072,12,23,long,burst,handoff,7206.589983096,diag00_a1_s23_llama1b_kv3072_cap12-07_long_burst_guard_fast,guard_fast,cmpl-diag00_a1_s23_llama1b_kv3072_cap12-07_long_burst_guard_fast-r1-0-aa8cf7c9,cmpl-diag00_a1_s23_llama1b_kv3072_cap12-07_long_burst_guard_fast-r5-0-a7ff08c5,96,101,0.46608253399972455
llama1b,3072,12,23,long,burst,handoff,7206.775129475,diag00_a1_s23_llama1b_kv3072_cap12-07_long_burst_guard_fast,guard_fast,cmpl-diag00_a1_s23_llama1b_kv3072_cap12-07_long_burst_guard_fast-r9-0-88d59262,cmpl-diag00_a1_s23_llama1b_kv3072_cap12-07_long_burst_guard_fast-r1-0-aa8cf7c9,89,97,0.343574862999958
llama1b,3072,12,23,long,burst,handoff,7207.001728121,diag00_a1_s23_llama1b_kv3072_cap12-07_long_burst_guard_fast,guard_fast,cmpl-diag00_a1_s23_llama1b_kv3072_cap12-07_long_burst_guard_fast-r5-0-a7ff08c5,cmpl-diag00_a1_s23_llama1b_kv3072_cap12-07_long_burst_guard_fast-r9-0-88d59262,13,95,0.39709571700041124
llama1b,3072,12,23,long,burst,handoff,7207.098356626,diag00_a1_s23_llama1b_kv3072_cap12-07_long_burst_guard_fast,guard_fast,cmpl-diag00_a1_s23_llama1b_kv3072_cap12-07_long_burst_guard_fast-r1-0-aa8cf7c9,cmpl-diag00_a1_s23_llama1b_kv3072_cap12-07_long_burst_guard_fast-r11-0-9273ab8a,15,102,0.3085751349999555
llama1b,3072,12,23,long,burst,handoff,7207.257377109,diag00_a1_s23_llama1b_kv3072_cap12-07_long_burst_guard_fast,guard_fast,cmpl-diag00_a1_s23_llama1b_kv3072_cap12-07_long_burst_guard_fast-r1-0-aa8cf7c9,cmpl-diag00_a1_s23_llama1b_kv3072_cap12-07_long_burst_guard_fast-r5-0-a7ff08c5,96,102,0.4675956179999048
llama1b,3072,12,23,long,burst,handoff,7207.440850241,diag00_a1_s23_llama1b_kv3072_cap12-07_long_burst_guard_fast,guard_fast,cmpl-diag00_a1_s23_llama1b_kv3072_cap12-07_long_burst_guard_fast-r9-0-88d59262,cmpl-diag00_a1_s23_llama1b_kv3072_cap12-07_long_burst_guard_fast-r1-0-aa8cf7c9,89,97,0.342704844999389
llama1b,3072,12,23,long,burst,handoff,7207.667387789,diag00_a1_s23_llama1b_kv3072_cap12-07_long_burst_guard_fast,guard_fast,cmpl-diag00_a1_s23_llama1b_kv3072_cap12-07_long_burst_guard_fast-r5-0-a7ff08c5,cmpl-diag00_a1_s23_llama1b_kv3072_cap12-07_long_burst_guard_fast-r9-0-88d59262,13,95,0.39562637099970743
llama1b,3072,12,23,long,burst,handoff,7207.762088497,diag00_a1_s23_llama1b_kv3072_cap12-07_long_burst_guard_fast,guard_fast,cmpl-diag00_a1_s23_llama1b_kv3072_cap12-07_long_burst_guard_fast-r1-0-aa8cf7c9,cmpl-diag00_a1_s23_llama1b_kv3072_cap12-07_long_burst_guard_fast-r11-0-9273ab8a,15,102,0.30613549100053206
llama1b,3072,12,23,long,burst,handoff,7207.921077659,diag00_a1_s23_llama1b_kv3072_cap12-07_long_burst_guard_fast,guard_fast,cmpl-diag00_a1_s23_llama1b_kv3072_cap12-07_long_burst_guard_fast-r1-0-aa8cf7c9,cmpl-diag00_a1_s23_llama1b_kv3072_cap12-07_long_burst_guard_fast-r5-0-a7ff08c5,96,102,0.46512465300020267
llama1b,3072,12,23,long,burst,handoff,7208.105832615,diag00_a1_s23_llama1b_kv3072_cap12-07_long_burst_guard_fast,guard_fast,cmpl-diag00_a1_s23_llama1b_kv3072_cap12-07_long_burst_guard_fast-r9-0-88d59262,cmpl-diag00_a1_s23_llama1b_kv3072_cap12-07_long_burst_guard_fast-r1-0-aa8cf7c9,89,97,0.34405819499988866
llama1b,3072,12,23,long,burst,handoff,7208.334014544,diag00_a1_s23_llama1b_kv3072_cap12-07_long_burst_guard_fast,guard_fast,cmpl-diag00_a1_s23_llama1b_kv3072_cap12-07_long_burst_guard_fast-r5-0-a7ff08c5,cmpl-diag00_a1_s23_llama1b_kv3072_cap12-07_long_burst_guard_fast-r9-0-88d59262,13,95,0.3982490519993007
llama1b,3072,12,23,long,burst,handoff,7208.431012365,diag00_a1_s23_llama1b_kv3072_cap12-07_long_burst_guard_fast,guard_fast,cmpl-diag00_a1_s23_llama1b_kv3072_cap12-07_long_burst_guard_fast-r1-0-aa8cf7c9,cmpl-diag00_a1_s23_llama1b_kv3072_cap12-07_long_burst_guard_fast-r11-0-9273ab8a,15,102,0.31004698800006736
llama1b,3072,12,23,long,burst,handoff,7208.586546911,diag00_a1_s23_llama1b_kv3072_cap12-07_long_burst_guard_fast,guard_fast,cmpl-diag00_a1_s23_llama1b_kv3072_cap12-07_long_burst_guard_fast-r1-0-aa8cf7c9,cmpl-diag00_a1_s23_llama1b_kv3072_cap12-07_long_burst_guard_fast-r5-0-a7ff08c5,96,102,0.46558153400019364
llama1b,3072,12,23,long,burst,handoff,7208.771313263,diag00_a1_s23_llama1b_kv3072_cap12-07_long_burst_guard_fast,guard_fast,cmpl-diag00_a1_s23_llama1b_kv3072_cap12-07_long_burst_guard_fast-r9-0-88d59262,cmpl-diag00_a1_s23_llama1b_kv3072_cap12-07_long_burst_guard_fast-r1-0-aa8cf7c9,89,97,0.34053427499929967
llama1b,3072,12,23,long,burst,handoff,7209.001636167,diag00_a1_s23_llama1b_kv3072_cap12-07_long_burst_guard_fast,guard_fast,cmpl-diag00_a1_s23_llama1b_kv3072_cap12-07_long_burst_guard_fast-r5-0-a7ff08c5,cmpl-diag00_a1_s23_llama1b_kv3072_cap12-07_long_burst_guard_fast-r9-0-88d59262,13,95,0.40150985999935074
llama1b,3072,12,23,long,burst,handoff,7209.096838397,diag00_a1_s23_llama1b_kv3072_cap12-07_long_burst_guard_fast,guard_fast,cmpl-diag00_a1_s23_llama1b_kv3072_cap12-07_long_burst_guard_fast-r1-0-aa8cf7c9,cmpl-diag00_a1_s23_llama1b_kv3072_cap12-07_long_burst_guard_fast-r11-0-9273ab8a,15,102,0.3102465199999642
llama1b,3072,12,23,long,burst,handoff,7209.253930757,diag00_a1_s23_llama1b_kv3072_cap12-07_long_burst_guard_fast,guard_fast,cmpl-diag00_a1_s23_llama1b_kv3072_cap12-07_long_burst_guard_fast-r1-0-aa8cf7c9,cmpl-diag00_a1_s23_llama1b_kv3072_cap12-07_long_burst_guard_fast-r5-0-a7ff08c5,96,102,0.4673388799992608
llama1b,3072,12,23,long,burst,handoff,7209.439224556,diag00_a1_s23_llama1b_kv3072_cap12-07_long_burst_guard_fast,guard_fast,cmpl-diag00_a1_s23_llama1b_kv3072_cap12-07_long_burst_guard_fast-r9-0-88d59262,cmpl-diag00_a1_s23_llama1b_kv3072_cap12-07_long_burst_guard_fast-r1-0-aa8cf7c9,89,97,0.3427289290002591
llama1b,3072,12,23,long,burst,handoff,7209.665907943,diag00_a1_s23_llama1b_kv3072_cap12-07_long_burst_guard_fast,guard_fast,cmpl-diag00_a1_s23_llama1b_kv3072_cap12-07_long_burst_guard_fast-r5-0-a7ff08c5,cmpl-diag00_a1_s23_llama1b_kv3072_cap12-07_long_burst_guard_fast-r9-0-88d59262,12,95,0.3964631759999975
llama1b,3072,12,23,long,burst,handoff,7209.760436658,diag00_a1_s23_llama1b_kv3072_cap12-07_long_burst_guard_fast,guard_fast,cmpl-diag00_a1_s23_llama1b_kv3072_cap12-07_long_burst_guard_fast-r1-0-aa8cf7c9,cmpl-diag00_a1_s23_llama1b_kv3072_cap12-07_long_burst_guard_fast-r11-0-9273ab8a,14,102,0.30431941699953313
llama1b,3072,12,23,long,burst,handoff,7209.91895817,diag00_a1_s23_llama1b_kv3072_cap12-07_long_burst_guard_fast,guard_fast,cmpl-diag00_a1_s23_llama1b_kv3072_cap12-07_long_burst_guard_fast-r1-0-aa8cf7c9,cmpl-diag00_a1_s23_llama1b_kv3072_cap12-07_long_burst_guard_fast-r5-0-a7ff08c5,96,102,0.4628409289998672
llama1b,3072,12,23,long,burst,handoff,7210.104700186,diag00_a1_s23_llama1b_kv3072_cap12-07_long_burst_guard_fast,guard_fast,cmpl-diag00_a1_s23_llama1b_kv3072_cap12-07_long_burst_guard_fast-r9-0-88d59262,cmpl-diag00_a1_s23_llama1b_kv3072_cap12-07_long_burst_guard_fast-r1-0-aa8cf7c9,89,98,0.3444222499992975
llama1b,3072,12,23,long,burst,handoff,7210.33469016,diag00_a1_s23_llama1b_kv3072_cap12-07_long_burst_guard_fast,guard_fast,cmpl-diag00_a1_s23_llama1b_kv3072_cap12-07_long_burst_guard_fast-r5-0-a7ff08c5,cmpl-diag00_a1_s23_llama1b_kv3072_cap12-07_long_burst_guard_fast-r9-0-88d59262,11,95,0.4008478189998641
llama1b,3072,12,23,long,burst,handoff,7210.429633368,diag00_a1_s23_llama1b_kv3072_cap12-07_long_burst_guard_fast,guard_fast,cmpl-diag00_a1_s23_llama1b_kv3072_cap12-07_long_burst_guard_fast-r1-0-aa8cf7c9,cmpl-diag00_a1_s23_llama1b_kv3072_cap12-07_long_burst_guard_fast-r11-0-9273ab8a,14,102,0.30946848600069643
llama1b,3072,12,23,long,burst,handoff,7210.586574563,diag00_a1_s23_llama1b_kv3072_cap12-07_long_burst_guard_fast,guard_fast,cmpl-diag00_a1_s23_llama1b_kv3072_cap12-07_long_burst_guard_fast-r1-0-aa8cf7c9,cmpl-diag00_a1_s23_llama1b_kv3072_cap12-07_long_burst_guard_fast-r5-0-a7ff08c5,96,102,0.46640968100018654
llama1b,3072,12,23,long,burst,handoff,7210.773023748,diag00_a1_s23_llama1b_kv3072_cap12-07_long_burst_guard_fast,guard_fast,cmpl-diag00_a1_s23_llama1b_kv3072_cap12-07_long_burst_guard_fast-r9-0-88d59262,cmpl-diag00_a1_s23_llama1b_kv3072_cap12-07_long_burst_guard_fast-r1-0-aa8cf7c9,89,98,0.34360922199994093
llama1b,3072,12,23,long,burst,handoff,7210.99933307,diag00_a1_s23_llama1b_kv3072_cap12-07_long_burst_guard_fast,guard_fast,cmpl-diag00_a1_s23_llama1b_kv3072_cap12-07_long_burst_guard_fast-r5-0-a7ff08c5,cmpl-diag00_a1_s23_llama1b_kv3072_cap12-07_long_burst_guard_fast-r9-0-88d59262,11,95,0.3987115139998423
llama1b,3072,12,23,long,burst,handoff,7211.095219385,diag00_a1_s23_llama1b_kv3072_cap12-07_long_burst_guard_fast,guard_fast,cmpl-diag00_a1_s23_llama1b_kv3072_cap12-07_long_burst_guard_fast-r1-0-aa8cf7c9,cmpl-diag00_a1_s23_llama1b_kv3072_cap12-07_long_burst_guard_fast-r11-0-9273ab8a,14,102,0.3071594129996811
llama1b,3072,12,23,long,burst,handoff,7211.25301982,diag00_a1_s23_llama1b_kv3072_cap12-07_long_burst_guard_fast,guard_fast,cmpl-diag00_a1_s23_llama1b_kv3072_cap12-07_long_burst_guard_fast-r1-0-aa8cf7c9,cmpl-diag00_a1_s23_llama1b_kv3072_cap12-07_long_burst_guard_fast-r5-0-a7ff08c5,95,102,0.464959848000035
llama1b,3072,12,23,long,burst,handoff,7211.439177372,diag00_a1_s23_llama1b_kv3072_cap12-07_long_burst_guard_fast,guard_fast,cmpl-diag00_a1_s23_llama1b_kv3072_cap12-07_long_burst_guard_fast-r9-0-88d59262,cmpl-diag00_a1_s23_llama1b_kv3072_cap12-07_long_burst_guard_fast-r1-0-aa8cf7c9,89,98,0.34417814199969143
llama1b,3072,12,23,long,burst,handoff,7211.666478242,diag00_a1_s23_llama1b_kv3072_cap12-07_long_burst_guard_fast,guard_fast,cmpl-diag00_a1_s23_llama1b_kv3072_cap12-07_long_burst_guard_fast-r5-0-a7ff08c5,cmpl-diag00_a1_s23_llama1b_kv3072_cap12-07_long_burst_guard_fast-r9-0-88d59262,11,96,0.39768013400043856
llama1b,3072,12,23,long,burst,handoff,7211.761253457,diag00_a1_s23_llama1b_kv3072_cap12-07_long_burst_guard_fast,guard_fast,cmpl-diag00_a1_s23_llama1b_kv3072_cap12-07_long_burst_guard_fast-r1-0-aa8cf7c9,cmpl-diag00_a1_s23_llama1b_kv3072_cap12-07_long_burst_guard_fast-r11-0-9273ab8a,13,102,0.3076688319997629
llama1b,3072,12,23,long,burst,handoff,7211.919719836,diag00_a1_s23_llama1b_kv3072_cap12-07_long_burst_guard_fast,guard_fast,cmpl-diag00_a1_s23_llama1b_kv3072_cap12-07_long_burst_guard_fast-r1-0-aa8cf7c9,cmpl-diag00_a1_s23_llama1b_kv3072_cap12-07_long_burst_guard_fast-r5-0-a7ff08c5,95,102,0.46613521099970967
llama1b,3072,12,23,long,burst,handoff,7212.108244139,diag00_a1_s23_llama1b_kv3072_cap12-07_long_burst_guard_fast,guard_fast,cmpl-diag00_a1_s23_llama1b_kv3072_cap12-07_long_burst_guard_fast-r9-0-88d59262,cmpl-diag00_a1_s23_llama1b_kv3072_cap12-07_long_burst_guard_fast-r1-0-aa8cf7c9,88,98,0.34720586799994635
llama1b,3072,12,23,long,burst,handoff,7212.33597472,diag00_a1_s23_llama1b_kv3072_cap12-07_long_burst_guard_fast,guard_fast,cmpl-diag00_a1_s23_llama1b_kv3072_cap12-07_long_burst_guard_fast-r5-0-a7ff08c5,cmpl-diag00_a1_s23_llama1b_kv3072_cap12-07_long_burst_guard_fast-r9-0-88d59262,11,96,0.4015756529997816
llama1b,3072,12,23,long,burst,handoff,7212.431000459,diag00_a1_s23_llama1b_kv3072_cap12-07_long_burst_guard_fast,guard_fast,cmpl-diag00_a1_s23_llama1b_kv3072_cap12-07_long_burst_guard_fast-r1-0-aa8cf7c9,cmpl-diag00_a1_s23_llama1b_kv3072_cap12-07_long_burst_guard_fast-r11-0-9273ab8a,13,103,0.309840236999662
llama1b,3072,12,23,long,burst,handoff,7212.588851958,diag00_a1_s23_llama1b_kv3072_cap12-07_long_burst_guard_fast,guard_fast,cmpl-diag00_a1_s23_llama1b_kv3072_cap12-07_long_burst_guard_fast-r1-0-aa8cf7c9,cmpl-diag00_a1_s23_llama1b_kv3072_cap12-07_long_burst_guard_fast-r5-0-a7ff08c5,95,103,0.4676917360002335
llama1b,3072,12,23,long,burst,handoff,7212.772931262,diag00_a1_s23_llama1b_kv3072_cap12-07_long_burst_guard_fast,guard_fast,cmpl-diag00_a1_s23_llama1b_kv3072_cap12-07_long_burst_guard_fast-r9-0-88d59262,cmpl-diag00_a1_s23_llama1b_kv3072_cap12-07_long_burst_guard_fast-r1-0-aa8cf7c9,88,98,0.34209131300031004
llama1b,3072,12,23,long,burst,handoff,7213.000802996,diag00_a1_s23_llama1b_kv3072_cap12-07_long_burst_guard_fast,guard_fast,cmpl-diag00_a1_s23_llama1b_kv3072_cap12-07_long_burst_guard_fast-r5-0-a7ff08c5,cmpl-diag00_a1_s23_llama1b_kv3072_cap12-07_long_burst_guard_fast-r9-0-88d59262,11,96,0.39790755699959846
llama1b,3072,12,23,long,burst,handoff,7213.09344964,diag00_a1_s23_llama1b_kv3072_cap12-07_long_burst_guard_fast,guard_fast,cmpl-diag00_a1_s23_llama1b_kv3072_cap12-07_long_burst_guard_fast-r1-0-aa8cf7c9,cmpl-diag00_a1_s23_llama1b_kv3072_cap12-07_long_burst_guard_fast-r11-0-9273ab8a,13,103,0.30678618799993274
llama1b,3072,12,23,long,burst,handoff,7213.252801576,diag00_a1_s23_llama1b_kv3072_cap12-07_long_burst_guard_fast,guard_fast,cmpl-diag00_a1_s23_llama1b_kv3072_cap12-07_long_burst_guard_fast-r1-0-aa8cf7c9,cmpl-diag00_a1_s23_llama1b_kv3072_cap12-07_long_burst_guard_fast-r5-0-a7ff08c5,95,103,0.4661381240002811
llama1b,3072,12,23,long,burst,handoff,7213.441386899,diag00_a1_s23_llama1b_kv3072_cap12-07_long_burst_guard_fast,guard_fast,cmpl-diag00_a1_s23_llama1b_kv3072_cap12-07_long_burst_guard_fast-r9-0-88d59262,cmpl-diag00_a1_s23_llama1b_kv3072_cap12-07_long_burst_guard_fast-r1-0-aa8cf7c9,88,98,0.34819980499923986
llama1b,3072,12,23,long,burst,handoff,7213.665181925,diag00_a1_s23_llama1b_kv3072_cap12-07_long_burst_guard_fast,guard_fast,cmpl-diag00_a1_s23_llama1b_kv3072_cap12-07_long_burst_guard_fast-r5-0-a7ff08c5,cmpl-diag00_a1_s23_llama1b_kv3072_cap12-07_long_burst_guard_fast-r9-0-88d59262,11,96,0.3958782859999701
llama1b,3072,12,23,long,burst,handoff,7213.761538144,diag00_a1_s23_llama1b_kv3072_cap12-07_long_burst_guard_fast,guard_fast,cmpl-diag00_a1_s23_llama1b_kv3072_cap12-07_long_burst_guard_fast-r1-0-aa8cf7c9,cmpl-diag00_a1_s23_llama1b_kv3072_cap12-07_long_burst_guard_fast-r11-0-9273ab8a,13,103,0.3064444600004208
llama1b,3072,12,23,long,burst,handoff,7213.923171282,diag00_a1_s23_llama1b_kv3072_cap12-07_long_burst_guard_fast,guard_fast,cmpl-diag00_a1_s23_llama1b_kv3072_cap12-07_long_burst_guard_fast-r1-0-aa8cf7c9,cmpl-diag00_a1_s23_llama1b_kv3072_cap12-07_long_burst_guard_fast-r5-0-a7ff08c5,95,103,0.468077598000491
llama1b,3072,12,23,long,burst,handoff,7214.106231609,diag00_a1_s23_llama1b_kv3072_cap12-07_long_burst_guard_fast,guard_fast,cmpl-diag00_a1_s23_llama1b_kv3072_cap12-07_long_burst_guard_fast-r9-0-88d59262,cmpl-diag00_a1_s23_llama1b_kv3072_cap12-07_long_burst_guard_fast-r1-0-aa8cf7c9,88,98,0.3449188750000758
llama1b,3072,12,23,long,burst,handoff,7214.334252453,diag00_a1_s23_llama1b_kv3072_cap12-07_long_burst_guard_fast,guard_fast,cmpl-diag00_a1_s23_llama1b_kv3072_cap12-07_long_burst_guard_fast-r5-0-a7ff08c5,cmpl-diag00_a1_s23_llama1b_kv3072_cap12-07_long_burst_guard_fast-r9-0-88d59262,11,96,0.3978468579998662
llama1b,3072,12,23,long,burst,handoff,7214.429489573,diag00_a1_s23_llama1b_kv3072_cap12-07_long_burst_guard_fast,guard_fast,cmpl-diag00_a1_s23_llama1b_kv3072_cap12-07_long_burst_guard_fast-r1-0-aa8cf7c9,cmpl-diag00_a1_s23_llama1b_kv3072_cap12-07_long_burst_guard_fast-r11-0-9273ab8a,13,103,0.30910611000035715
llama1b,3072,12,23,long,burst,handoff,7214.58617603,diag00_a1_s23_llama1b_kv3072_cap12-07_long_burst_guard_fast,guard_fast,cmpl-diag00_a1_s23_llama1b_kv3072_cap12-07_long_burst_guard_fast-r1-0-aa8cf7c9,cmpl-diag00_a1_s23_llama1b_kv3072_cap12-07_long_burst_guard_fast-r5-0-a7ff08c5,95,103,0.46579256700078986
llama1b,3072,12,23,long,burst,handoff,7214.771393773,diag00_a1_s23_llama1b_kv3072_cap12-07_long_burst_guard_fast,guard_fast,cmpl-diag00_a1_s23_llama1b_kv3072_cap12-07_long_burst_guard_fast-r9-0-88d59262,cmpl-diag00_a1_s23_llama1b_kv3072_cap12-07_long_burst_guard_fast-r1-0-aa8cf7c9,88,98,0.34212316000048304
llama1b,3072,12,23,long,burst,handoff,7214.996512243,diag00_a1_s23_llama1b_kv3072_cap12-07_long_burst_guard_fast,guard_fast,cmpl-diag00_a1_s23_llama1b_kv3072_cap12-07_long_burst_guard_fast-r5-0-a7ff08c5,cmpl-diag00_a1_s23_llama1b_kv3072_cap12-07_long_burst_guard_fast-r9-0-88d59262,10,96,0.39616526100053306
llama1b,3072,12,23,long,burst,handoff,7215.091522516,diag00_a1_s23_llama1b_kv3072_cap12-07_long_burst_guard_fast,guard_fast,cmpl-diag00_a1_s23_llama1b_kv3072_cap12-07_long_burst_guard_fast-r1-0-aa8cf7c9,cmpl-diag00_a1_s23_llama1b_kv3072_cap12-07_long_burst_guard_fast-r11-0-9273ab8a,12,103,0.3068699790001119
llama1b,3072,12,23,long,burst,handoff,7215.248895758,diag00_a1_s23_llama1b_kv3072_cap12-07_long_burst_guard_fast,guard_fast,cmpl-diag00_a1_s23_llama1b_kv3072_cap12-07_long_burst_guard_fast-r1-0-aa8cf7c9,cmpl-diag00_a1_s23_llama1b_kv3072_cap12-07_long_burst_guard_fast-r5-0-a7ff08c5,95,103,0.46424322100028803
llama1b,3072,12,23,long,burst,handoff,7215.440402585,diag00_a1_s23_llama1b_kv3072_cap12-07_long_burst_guard_fast,guard_fast,cmpl-diag00_a1_s23_llama1b_kv3072_cap12-07_long_burst_guard_fast-r9-0-88d59262,cmpl-diag00_a1_s23_llama1b_kv3072_cap12-07_long_burst_guard_fast-r1-0-aa8cf7c9,88,99,0.34911659699992015
llama1b,3072,12,23,long,burst,handoff,7215.663463841,diag00_a1_s23_llama1b_kv3072_cap12-07_long_burst_guard_fast,guard_fast,cmpl-diag00_a1_s23_llama1b_kv3072_cap12-07_long_burst_guard_fast-r5-0-a7ff08c5,cmpl-diag00_a1_s23_llama1b_kv3072_cap12-07_long_burst_guard_fast-r9-0-88d59262,9,96,0.4002234679992398
llama1b,3072,12,23,long,burst,handoff,7215.757836371,diag00_a1_s23_llama1b_kv3072_cap12-07_long_burst_guard_fast,guard_fast,cmpl-diag00_a1_s23_llama1b_kv3072_cap12-07_long_burst_guard_fast-r1-0-aa8cf7c9,cmpl-diag00_a1_s23_llama1b_kv3072_cap12-07_long_burst_guard_fast-r11-0-9273ab8a,12,103,0.3041510189996188
llama1b,3072,12,23,long,burst,handoff,7215.915978305,diag00_a1_s23_llama1b_kv3072_cap12-07_long_burst_guard_fast,guard_fast,cmpl-diag00_a1_s23_llama1b_kv3072_cap12-07_long_burst_guard_fast-r1-0-aa8cf7c9,cmpl-diag00_a1_s23_llama1b_kv3072_cap12-07_long_burst_guard_fast-r5-0-a7ff08c5,95,103,0.4622929529996327
llama1b,3072,12,23,long,burst,handoff,7216.103993256,diag00_a1_s23_llama1b_kv3072_cap12-07_long_burst_guard_fast,guard_fast,cmpl-diag00_a1_s23_llama1b_kv3072_cap12-07_long_burst_guard_fast-r9-0-88d59262,cmpl-diag00_a1_s23_llama1b_kv3072_cap12-07_long_burst_guard_fast-r1-0-aa8cf7c9,88,99,0.34642471699953603
llama1b,3072,12,23,long,burst,handoff,7216.331722989,diag00_a1_s23_llama1b_kv3072_cap12-07_long_burst_guard_fast,guard_fast,cmpl-diag00_a1_s23_llama1b_kv3072_cap12-07_long_burst_guard_fast-r5-0-a7ff08c5,cmpl-diag00_a1_s23_llama1b_kv3072_cap12-07_long_burst_guard_fast-r9-0-88d59262,9,96,0.40240413599985914
llama1b,3072,12,23,long,burst,handoff,7216.429081922,diag00_a1_s23_llama1b_kv3072_cap12-07_long_burst_guard_fast,guard_fast,cmpl-diag00_a1_s23_llama1b_kv3072_cap12-07_long_burst_guard_fast-r1-0-aa8cf7c9,cmpl-diag00_a1_s23_llama1b_kv3072_cap12-07_long_burst_guard_fast-r11-0-9273ab8a,12,103,0.30981524999970134
llama1b,3072,12,23,long,burst,handoff,7216.593090122,diag00_a1_s23_llama1b_kv3072_cap12-07_long_burst_guard_fast,guard_fast,cmpl-diag00_a1_s23_llama1b_kv3072_cap12-07_long_burst_guard_fast-r1-0-aa8cf7c9,cmpl-diag00_a1_s23_llama1b_kv3072_cap12-07_long_burst_guard_fast-r5-0-a7ff08c5,94,103,0.47382345000005444
llama1b,3072,12,23,long,burst,handoff,7216.780460358,diag00_a1_s23_llama1b_kv3072_cap12-07_long_burst_guard_fast,guard_fast,cmpl-diag00_a1_s23_llama1b_kv3072_cap12-07_long_burst_guard_fast-r9-0-88d59262,cmpl-diag00_a1_s23_llama1b_kv3072_cap12-07_long_burst_guard_fast-r1-0-aa8cf7c9,88,99,0.35159912899962364
llama1b,3072,12,23,long,burst,handoff,7217.008696485,diag00_a1_s23_llama1b_kv3072_cap12-07_long_burst_guard_fast,guard_fast,cmpl-diag00_a1_s23_llama1b_kv3072_cap12-07_long_burst_guard_fast-r5-0-a7ff08c5,cmpl-diag00_a1_s23_llama1b_kv3072_cap12-07_long_burst_guard_fast-r9-0-88d59262,9,97,0.40002179099974455
llama1b,3072,12,23,long,burst,handoff,7217.102840613,diag00_a1_s23_llama1b_kv3072_cap12-07_long_burst_guard_fast,guard_fast,cmpl-diag00_a1_s23_llama1b_kv3072_cap12-07_long_burst_guard_fast-r1-0-aa8cf7c9,cmpl-diag00_a1_s23_llama1b_kv3072_cap12-07_long_burst_guard_fast-r11-0-9273ab8a,11,103,0.3079604120002841
llama1b,3072,12,23,long,burst,handoff,7217.269927431,diag00_a1_s23_llama1b_kv3072_cap12-07_long_burst_guard_fast,guard_fast,cmpl-diag00_a1_s23_llama1b_kv3072_cap12-07_long_burst_guard_fast-r1-0-aa8cf7c9,cmpl-diag00_a1_s23_llama1b_kv3072_cap12-07_long_burst_guard_fast-r5-0-a7ff08c5,94,103,0.4750472300002002
llama1b,3072,12,23,long,burst,handoff,7217.462023049,diag00_a1_s23_llama1b_kv3072_cap12-07_long_burst_guard_fast,guard_fast,cmpl-diag00_a1_s23_llama1b_kv3072_cap12-07_long_burst_guard_fast-r9-0-88d59262,cmpl-diag00_a1_s23_llama1b_kv3072_cap12-07_long_burst_guard_fast-r1-0-aa8cf7c9,87,99,0.35940244700032054
llama1b,3072,12,23,long,burst,handoff,7217.684953887,diag00_a1_s23_llama1b_kv3072_cap12-07_long_burst_guard_fast,guard_fast,cmpl-diag00_a1_s23_llama1b_kv3072_cap12-07_long_burst_guard_fast-r5-0-a7ff08c5,cmpl-diag00_a1_s23_llama1b_kv3072_cap12-07_long_burst_guard_fast-r9-0-88d59262,9,97,0.3983604599998216
llama1b,3072,12,23,long,burst,handoff,7217.78252779,diag00_a1_s23_llama1b_kv3072_cap12-07_long_burst_guard_fast,guard_fast,cmpl-diag00_a1_s23_llama1b_kv3072_cap12-07_long_burst_guard_fast-r1-0-aa8cf7c9,cmpl-diag00_a1_s23_llama1b_kv3072_cap12-07_long_burst_guard_fast-r11-0-9273ab8a,11,104,0.3058944539998265
llama1b,3072,12,23,long,burst,handoff,7217.947062058,diag00_a1_s23_llama1b_kv3072_cap12-07_long_burst_guard_fast,guard_fast,cmpl-diag00_a1_s23_llama1b_kv3072_cap12-07_long_burst_guard_fast-r1-0-aa8cf7c9,cmpl-diag00_a1_s23_llama1b_kv3072_cap12-07_long_burst_guard_fast-r5-0-a7ff08c5,94,104,0.47042872199926933
llama1b,3072,12,23,long,burst,handoff,7218.136788553,diag00_a1_s23_llama1b_kv3072_cap12-07_long_burst_guard_fast,guard_fast,cmpl-diag00_a1_s23_llama1b_kv3072_cap12-07_long_burst_guard_fast-r9-0-88d59262,cmpl-diag00_a1_s23_llama1b_kv3072_cap12-07_long_burst_guard_fast-r1-0-aa8cf7c9,87,99,0.3544890220000525
llama1b,3072,12,23,long,burst,handoff,7218.368353056,diag00_a1_s23_llama1b_kv3072_cap12-07_long_burst_guard_fast,guard_fast,cmpl-diag00_a1_s23_llama1b_kv3072_cap12-07_long_burst_guard_fast-r5-0-a7ff08c5,cmpl-diag00_a1_s23_llama1b_kv3072_cap12-07_long_burst_guard_fast-r9-0-88d59262,9,97,0.40471420399990166
llama1b,3072,12,23,long,burst,handoff,7218.468330083,diag00_a1_s23_llama1b_kv3072_cap12-07_long_burst_guard_fast,guard_fast,cmpl-diag00_a1_s23_llama1b_kv3072_cap12-07_long_burst_guard_fast-r1-0-aa8cf7c9,cmpl-diag00_a1_s23_llama1b_kv3072_cap12-07_long_burst_guard_fast-r11-0-9273ab8a,11,104,0.3166960859998653
llama1b,3072,12,23,long,burst,handoff,7218.632852721,diag00_a1_s23_llama1b_kv3072_cap12-07_long_burst_guard_fast,guard_fast,cmpl-diag00_a1_s23_llama1b_kv3072_cap12-07_long_burst_guard_fast-r1-0-aa8cf7c9,cmpl-diag00_a1_s23_llama1b_kv3072_cap12-07_long_burst_guard_fast-r5-0-a7ff08c5,94,104,0.48121872399951826
llama1b,3072,12,23,long,burst,handoff,7218.822482604,diag00_a1_s23_llama1b_kv3072_cap12-07_long_burst_guard_fast,guard_fast,cmpl-diag00_a1_s23_llama1b_kv3072_cap12-07_long_burst_guard_fast-r9-0-88d59262,cmpl-diag00_a1_s23_llama1b_kv3072_cap12-07_long_burst_guard_fast-r1-0-aa8cf7c9,87,99,0.35438176299976476
llama1b,3072,12,23,long,burst,handoff,7219.044822401,diag00_a1_s23_llama1b_kv3072_cap12-07_long_burst_guard_fast,guard_fast,cmpl-diag00_a1_s23_llama1b_kv3072_cap12-07_long_burst_guard_fast-r5-0-a7ff08c5,cmpl-diag00_a1_s23_llama1b_kv3072_cap12-07_long_burst_guard_fast-r9-0-88d59262,9,97,0.4004265089997716
llama1b,3072,12,23,long,burst,handoff,7219.13818789,diag00_a1_s23_llama1b_kv3072_cap12-07_long_burst_guard_fast,guard_fast,cmpl-diag00_a1_s23_llama1b_kv3072_cap12-07_long_burst_guard_fast-r1-0-aa8cf7c9,cmpl-diag00_a1_s23_llama1b_kv3072_cap12-07_long_burst_guard_fast-r11-0-9273ab8a,11,104,0.3012945970003784
llama1b,3072,12,23,long,burst,handoff,7219.307657078,diag00_a1_s23_llama1b_kv3072_cap12-07_long_burst_guard_fast,guard_fast,cmpl-diag00_a1_s23_llama1b_kv3072_cap12-07_long_burst_guard_fast-r1-0-aa8cf7c9,cmpl-diag00_a1_s23_llama1b_kv3072_cap12-07_long_burst_guard_fast-r5-0-a7ff08c5,94,104,0.47076378500059946
llama1b,3072,12,23,long,burst,handoff,7219.49765228,diag00_a1_s23_llama1b_kv3072_cap12-07_long_burst_guard_fast,guard_fast,cmpl-diag00_a1_s23_llama1b_kv3072_cap12-07_long_burst_guard_fast-r9-0-88d59262,cmpl-diag00_a1_s23_llama1b_kv3072_cap12-07_long_burst_guard_fast-r1-0-aa8cf7c9,87,99,0.3597286839994922
llama1b,3072,12,23,long,burst,handoff,7219.721444576,diag00_a1_s23_llama1b_kv3072_cap12-07_long_burst_guard_fast,guard_fast,cmpl-diag00_a1_s23_llama1b_kv3072_cap12-07_long_burst_guard_fast-r5-0-a7ff08c5,cmpl-diag00_a1_s23_llama1b_kv3072_cap12-07_long_burst_guard_fast-r9-0-88d59262,9,97,0.39934949100006634
llama1b,3072,12,23,long,burst,handoff,7219.820076051,diag00_a1_s23_llama1b_kv3072_cap12-07_long_burst_guard_fast,guard_fast,cmpl-diag00_a1_s23_llama1b_kv3072_cap12-07_long_burst_guard_fast-r1-0-aa8cf7c9,cmpl-diag00_a1_s23_llama1b_kv3072_cap12-07_long_burst_guard_fast-r11-0-9273ab8a,11,104,0.30639337499997055
llama1b,3072,12,23,long,burst,handoff,7219.984953551,diag00_a1_s23_llama1b_kv3072_cap12-07_long_burst_guard_fast,guard_fast,cmpl-diag00_a1_s23_llama1b_kv3072_cap12-07_long_burst_guard_fast-r1-0-aa8cf7c9,cmpl-diag00_a1_s23_llama1b_kv3072_cap12-07_long_burst_guard_fast-r5-0-a7ff08c5,94,104,0.4712708750003003
llama1b,3072,12,23,long,burst,handoff,7220.173442032,diag00_a1_s23_llama1b_kv3072_cap12-07_long_burst_guard_fast,guard_fast,cmpl-diag00_a1_s23_llama1b_kv3072_cap12-07_long_burst_guard_fast-r9-0-88d59262,cmpl-diag00_a1_s23_llama1b_kv3072_cap12-07_long_burst_guard_fast-r1-0-aa8cf7c9,87,99,0.353601511999841
llama1b,3072,12,23,long,burst,handoff,7220.402503692,diag00_a1_s23_llama1b_kv3072_cap12-07_long_burst_guard_fast,guard_fast,cmpl-diag00_a1_s23_llama1b_kv3072_cap12-07_long_burst_guard_fast-r5-0-a7ff08c5,cmpl-diag00_a1_s23_llama1b_kv3072_cap12-07_long_burst_guard_fast-r9-0-88d59262,8,97,0.4020436500004507
llama1b,3072,12,23,long,burst,handoff,7220.498547393,diag00_a1_s23_llama1b_kv3072_cap12-07_long_burst_guard_fast,guard_fast,cmpl-diag00_a1_s23_llama1b_kv3072_cap12-07_long_burst_guard_fast-r1-0-aa8cf7c9,cmpl-diag00_a1_s23_llama1b_kv3072_cap12-07_long_burst_guard_fast-r11-0-9273ab8a,10,104,0.3103666090000843
llama1b,3072,12,23,long,burst,handoff,7220.667382906,diag00_a1_s23_llama1b_kv3072_cap12-07_long_burst_guard_fast,guard_fast,cmpl-diag00_a1_s23_llama1b_kv3072_cap12-07_long_burst_guard_fast-r1-0-aa8cf7c9,cmpl-diag00_a1_s23_llama1b_kv3072_cap12-07_long_burst_guard_fast-r5-0-a7ff08c5,94,104,0.4792021220000606
llama1b,3072,12,23,long,burst,handoff,7220.857346679,diag00_a1_s23_llama1b_kv3072_cap12-07_long_burst_guard_fast,guard_fast,cmpl-diag00_a1_s23_llama1b_kv3072_cap12-07_long_burst_guard_fast-r9-0-88d59262,cmpl-diag00_a1_s23_llama1b_kv3072_cap12-07_long_burst_guard_fast-r1-0-aa8cf7c9,87,100,0.35901499100054934
llama1b,3072,12,23,long,burst,handoff,7221.080108527,diag00_a1_s23_llama1b_kv3072_cap12-07_long_burst_guard_fast,guard_fast,cmpl-diag00_a1_s23_llama1b_kv3072_cap12-07_long_burst_guard_fast-r5-0-a7ff08c5,cmpl-diag00_a1_s23_llama1b_kv3072_cap12-07_long_burst_guard_fast-r9-0-88d59262,7,97,0.3999764760001199
llama1b,3072,12,23,long,burst,handoff,7221.177271681,diag00_a1_s23_llama1b_kv3072_cap12-07_long_burst_guard_fast,guard_fast,cmpl-diag00_a1_s23_llama1b_kv3072_cap12-07_long_burst_guard_fast-r1-0-aa8cf7c9,cmpl-diag00_a1_s23_llama1b_kv3072_cap12-07_long_burst_guard_fast-r11-0-9273ab8a,10,104,0.30449946600037947
llama1b,3072,12,23,long,burst,handoff,7221.343514947,diag00_a1_s23_llama1b_kv3072_cap12-07_long_burst_guard_fast,guard_fast,cmpl-diag00_a1_s23_llama1b_kv3072_cap12-07_long_burst_guard_fast-r1-0-aa8cf7c9,cmpl-diag00_a1_s23_llama1b_kv3072_cap12-07_long_burst_guard_fast-r5-0-a7ff08c5,94,104,0.4707427319999624
llama1b,3072,12,23,long,burst,handoff,7221.538468105,diag00_a1_s23_llama1b_kv3072_cap12-07_long_burst_guard_fast,guard_fast,cmpl-diag00_a1_s23_llama1b_kv3072_cap12-07_long_burst_guard_fast-r9-0-88d59262,cmpl-diag00_a1_s23_llama1b_kv3072_cap12-07_long_burst_guard_fast-r1-0-aa8cf7c9,87,100,0.3614074349998191
llama1b,3072,12,23,long,burst,handoff,7221.762199715,diag00_a1_s23_llama1b_kv3072_cap12-07_long_burst_guard_fast,guard_fast,cmpl-diag00_a1_s23_llama1b_kv3072_cap12-07_long_burst_guard_fast-r5-0-a7ff08c5,cmpl-diag00_a1_s23_llama1b_kv3072_cap12-07_long_burst_guard_fast-r9-0-88d59262,7,97,0.40311058800034516
llama1b,3072,12,23,long,burst,handoff,7221.859640108,diag00_a1_s23_llama1b_kv3072_cap12-07_long_burst_guard_fast,guard_fast,cmpl-diag00_a1_s23_llama1b_kv3072_cap12-07_long_burst_guard_fast-r1-0-aa8cf7c9,cmpl-diag00_a1_s23_llama1b_kv3072_cap12-07_long_burst_guard_fast-r11-0-9273ab8a,10,104,0.3088515990002634
llama1b,3072,12,23,long,burst,handoff,7222.024077259,diag00_a1_s23_llama1b_kv3072_cap12-07_long_burst_guard_fast,guard_fast,cmpl-diag00_a1_s23_llama1b_kv3072_cap12-07_long_burst_guard_fast-r1-0-aa8cf7c9,cmpl-diag00_a1_s23_llama1b_kv3072_cap12-07_long_burst_guard_fast-r5-0-a7ff08c5,93,104,0.4732887499994831
llama1b,3072,12,23,long,burst,handoff,7222.212901178,diag00_a1_s23_llama1b_kv3072_cap12-07_long_burst_guard_fast,guard_fast,cmpl-diag00_a1_s23_llama1b_kv3072_cap12-07_long_burst_guard_fast-r9-0-88d59262,cmpl-diag00_a1_s23_llama1b_kv3072_cap12-07_long_burst_guard_fast-r1-0-aa8cf7c9,87,100,0.3534904899997855
llama1b,3072,12,23,long,burst,handoff,7222.439317502,diag00_a1_s23_llama1b_kv3072_cap12-07_long_burst_guard_fast,guard_fast,cmpl-diag00_a1_s23_llama1b_kv3072_cap12-07_long_burst_guard_fast-r5-0-a7ff08c5,cmpl-diag00_a1_s23_llama1b_kv3072_cap12-07_long_burst_guard_fast-r9-0-88d59262,7,98,0.4035490470005243
llama1b,3072,12,23,long,burst,handoff,7222.537925752,diag00_a1_s23_llama1b_kv3072_cap12-07_long_burst_guard_fast,guard_fast,cmpl-diag00_a1_s23_llama1b_kv3072_cap12-07_long_burst_guard_fast-r1-0-aa8cf7c9,cmpl-diag00_a1_s23_llama1b_kv3072_cap12-07_long_burst_guard_fast-r11-0-9273ab8a,9,104,0.3105498400000215
llama1b,3072,12,23,long,burst,handoff,7222.706932602,diag00_a1_s23_llama1b_kv3072_cap12-07_long_burst_guard_fast,guard_fast,cmpl-diag00_a1_s23_llama1b_kv3072_cap12-07_long_burst_guard_fast-r1-0-aa8cf7c9,cmpl-diag00_a1_s23_llama1b_kv3072_cap12-07_long_burst_guard_fast-r5-0-a7ff08c5,93,104,0.4795566900002086
llama1b,3072,12,23,long,burst,handoff,7222.894240164,diag00_a1_s23_llama1b_kv3072_cap12-07_long_burst_guard_fast,guard_fast,cmpl-diag00_a1_s23_llama1b_kv3072_cap12-07_long_burst_guard_fast-r9-0-88d59262,cmpl-diag00_a1_s23_llama1b_kv3072_cap12-07_long_burst_guard_fast-r1-0-aa8cf7c9,86,100,0.3566319779993137
llama1b,3072,12,23,long,burst,handoff,7223.117772136,diag00_a1_s23_llama1b_kv3072_cap12-07_long_burst_guard_fast,guard_fast,cmpl-diag00_a1_s23_llama1b_kv3072_cap12-07_long_burst_guard_fast-r5-0-a7ff08c5,cmpl-diag00_a1_s23_llama1b_kv3072_cap12-07_long_burst_guard_fast-r9-0-88d59262,7,98,0.3979608620002182
llama1b,3072,12,23,long,burst,handoff,7223.21334909,diag00_a1_s23_llama1b_kv3072_cap12-07_long_burst_guard_fast,guard_fast,cmpl-diag00_a1_s23_llama1b_kv3072_cap12-07_long_burst_guard_fast-r1-0-aa8cf7c9,cmpl-diag00_a1_s23_llama1b_kv3072_cap12-07_long_burst_guard_fast-r11-0-9273ab8a,9,105,0.30432457200004137
llama1b,3072,12,23,long,burst,handoff,7223.384682644,diag00_a1_s23_llama1b_kv3072_cap12-07_long_burst_guard_fast,guard_fast,cmpl-diag00_a1_s23_llama1b_kv3072_cap12-07_long_burst_guard_fast-r1-0-aa8cf7c9,cmpl-diag00_a1_s23_llama1b_kv3072_cap12-07_long_burst_guard_fast-r5-0-a7ff08c5,93,105,0.4756581260007806
llama1b,3072,12,23,long,burst,handoff,7223.576372123,diag00_a1_s23_llama1b_kv3072_cap12-07_long_burst_guard_fast,guard_fast,cmpl-diag00_a1_s23_llama1b_kv3072_cap12-07_long_burst_guard_fast-r9-0-88d59262,cmpl-diag00_a1_s23_llama1b_kv3072_cap12-07_long_burst_guard_fast-r1-0-aa8cf7c9,86,100,0.3632745259992589
llama1b,3072,12,23,long,burst,handoff,7223.802539055,diag00_a1_s23_llama1b_kv3072_cap12-07_long_burst_guard_fast,guard_fast,cmpl-diag00_a1_s23_llama1b_kv3072_cap12-07_long_burst_guard_fast-r5-0-a7ff08c5,cmpl-diag00_a1_s23_llama1b_kv3072_cap12-07_long_burst_guard_fast-r9-0-88d59262,7,98,0.40346780300023966
llama1b,3072,12,23,long,burst,handoff,7223.897028011,diag00_a1_s23_llama1b_kv3072_cap12-07_long_burst_guard_fast,guard_fast,cmpl-diag00_a1_s23_llama1b_kv3072_cap12-07_long_burst_guard_fast-r1-0-aa8cf7c9,cmpl-diag00_a1_s23_llama1b_kv3072_cap12-07_long_burst_guard_fast-r11-0-9273ab8a,9,105,0.30455717499989987
llama1b,3072,12,23,long,burst,handoff,7224.067049781,diag00_a1_s23_llama1b_kv3072_cap12-07_long_burst_guard_fast,guard_fast,cmpl-diag00_a1_s23_llama1b_kv3072_cap12-07_long_burst_guard_fast-r1-0-aa8cf7c9,cmpl-diag00_a1_s23_llama1b_kv3072_cap12-07_long_burst_guard_fast-r5-0-a7ff08c5,93,105,0.4745789449998483
llama1b,3072,12,23,long,burst,handoff,7224.265319178,diag00_a1_s23_llama1b_kv3072_cap12-07_long_burst_guard_fast,guard_fast,cmpl-diag00_a1_s23_llama1b_kv3072_cap12-07_long_burst_guard_fast-r9-0-88d59262,cmpl-diag00_a1_s23_llama1b_kv3072_cap12-07_long_burst_guard_fast-r1-0-aa8cf7c9,86,100,0.36847807400044985
llama1b,3072,12,23,long,burst,handoff,7224.484582824,diag00_a1_s23_llama1b_kv3072_cap12-07_long_burst_guard_fast,guard_fast,cmpl-diag00_a1_s23_llama1b_kv3072_cap12-07_long_burst_guard_fast-r5-0-a7ff08c5,cmpl-diag00_a1_s23_llama1b_kv3072_cap12-07_long_burst_guard_fast-r9-0-88d59262,7,98,0.40318261300035374
llama1b,3072,12,23,long,burst,handoff,7224.580643288,diag00_a1_s23_llama1b_kv3072_cap12-07_long_burst_guard_fast,guard_fast,cmpl-diag00_a1_s23_llama1b_kv3072_cap12-07_long_burst_guard_fast-r1-0-aa8cf7c9,cmpl-diag00_a1_s23_llama1b_kv3072_cap12-07_long_burst_guard_fast-r11-0-9273ab8a,9,105,0.3021452209995914
llama1b,3072,12,23,long,burst,handoff,7224.748188384,diag00_a1_s23_llama1b_kv3072_cap12-07_long_burst_guard_fast,guard_fast,cmpl-diag00_a1_s23_llama1b_kv3072_cap12-07_long_burst_guard_fast-r1-0-aa8cf7c9,cmpl-diag00_a1_s23_llama1b_kv3072_cap12-07_long_burst_guard_fast-r5-0-a7ff08c5,93,105,0.4696903169997313
llama1b,3072,12,23,long,burst,handoff,7224.942409527,diag00_a1_s23_llama1b_kv3072_cap12-07_long_burst_guard_fast,guard_fast,cmpl-diag00_a1_s23_llama1b_kv3072_cap12-07_long_burst_guard_fast-r9-0-88d59262,cmpl-diag00_a1_s23_llama1b_kv3072_cap12-07_long_burst_guard_fast-r1-0-aa8cf7c9,86,100,0.3619934539992755
llama1b,3072,12,23,long,burst,handoff,7225.174428449,diag00_a1_s23_llama1b_kv3072_cap12-07_long_burst_guard_fast,guard_fast,cmpl-diag00_a1_s23_llama1b_kv3072_cap12-07_long_burst_guard_fast-r5-0-a7ff08c5,cmpl-diag00_a1_s23_llama1b_kv3072_cap12-07_long_burst_guard_fast-r9-0-88d59262,7,98,0.41168028699939896
llama1b,3072,12,23,long,burst,handoff,7225.272027572,diag00_a1_s23_llama1b_kv3072_cap12-07_long_burst_guard_fast,guard_fast,cmpl-diag00_a1_s23_llama1b_kv3072_cap12-07_long_burst_guard_fast-r1-0-aa8cf7c9,cmpl-diag00_a1_s23_llama1b_kv3072_cap12-07_long_burst_guard_fast-r11-0-9273ab8a,9,105,0.31183324300036475
llama1b,3072,12,23,long,burst,handoff,7225.434559829,diag00_a1_s23_llama1b_kv3072_cap12-07_long_burst_guard_fast,guard_fast,cmpl-diag00_a1_s23_llama1b_kv3072_cap12-07_long_burst_guard_fast-r1-0-aa8cf7c9,cmpl-diag00_a1_s23_llama1b_kv3072_cap12-07_long_burst_guard_fast-r5-0-a7ff08c5,93,105,0.4743655000002036
llama1b,3072,12,23,long,burst,handoff,7225.632124541,diag00_a1_s23_llama1b_kv3072_cap12-07_long_burst_guard_fast,guard_fast,cmpl-diag00_a1_s23_llama1b_kv3072_cap12-07_long_burst_guard_fast-r9-0-88d59262,cmpl-diag00_a1_s23_llama1b_kv3072_cap12-07_long_burst_guard_fast-r1-0-aa8cf7c9,86,100,0.3603931099996771
llama1b,3072,12,23,long,burst,handoff,7225.858806117,diag00_a1_s23_llama1b_kv3072_cap12-07_long_burst_guard_fast,guard_fast,cmpl-diag00_a1_s23_llama1b_kv3072_cap12-07_long_burst_guard_fast-r5-0-a7ff08c5,cmpl-diag00_a1_s23_llama1b_kv3072_cap12-07_long_burst_guard_fast-r9-0-88d59262,6,98,0.4092839680006364
llama1b,3072,12,23,long,burst,handoff,7225.964268321,diag00_a1_s23_llama1b_kv3072_cap12-07_long_burst_guard_fast,guard_fast,cmpl-diag00_a1_s23_llama1b_kv3072_cap12-07_long_burst_guard_fast-r1-0-aa8cf7c9,cmpl-diag00_a1_s23_llama1b_kv3072_cap12-07_long_burst_guard_fast-r11-0-9273ab8a,8,105,0.31860137500007113
llama1b,3072,12,23,long,burst,handoff,7226.130242649,diag00_a1_s23_llama1b_kv3072_cap12-07_long_burst_guard_fast,guard_fast,cmpl-diag00_a1_s23_llama1b_kv3072_cap12-07_long_burst_guard_fast-r1-0-aa8cf7c9,cmpl-diag00_a1_s23_llama1b_kv3072_cap12-07_long_burst_guard_fast-r5-0-a7ff08c5,93,105,0.48457570299979125
llama1b,3072,12,23,long,burst,handoff,7226.329491545,diag00_a1_s23_llama1b_kv3072_cap12-07_long_burst_guard_fast,guard_fast,cmpl-diag00_a1_s23_llama1b_kv3072_cap12-07_long_burst_guard_fast-r9-0-88d59262,cmpl-diag00_a1_s23_llama1b_kv3072_cap12-07_long_burst_guard_fast-r1-0-aa8cf7c9,86,101,0.3654099289997248
llama1b,3072,12,23,long,burst,handoff,7226.553559309,diag00_a1_s23_llama1b_kv3072_cap12-07_long_burst_guard_fast,guard_fast,cmpl-diag00_a1_s23_llama1b_kv3072_cap12-07_long_burst_guard_fast-r5-0-a7ff08c5,cmpl-diag00_a1_s23_llama1b_kv3072_cap12-07_long_burst_guard_fast-r9-0-88d59262,5,98,0.409447216999979
llama1b,3072,12,23,long,burst,handoff,7226.66014804,diag00_a1_s23_llama1b_kv3072_cap12-07_long_burst_guard_fast,guard_fast,cmpl-diag00_a1_s23_llama1b_kv3072_cap12-07_long_burst_guard_fast-r1-0-aa8cf7c9,cmpl-diag00_a1_s23_llama1b_kv3072_cap12-07_long_burst_guard_fast-r11-0-9273ab8a,8,105,0.3180998500001806
llama1b,3072,12,23,long,burst,handoff,7226.828225873,diag00_a1_s23_llama1b_kv3072_cap12-07_long_burst_guard_fast,guard_fast,cmpl-diag00_a1_s23_llama1b_kv3072_cap12-07_long_burst_guard_fast-r1-0-aa8cf7c9,cmpl-diag00_a1_s23_llama1b_kv3072_cap12-07_long_burst_guard_fast-r5-0-a7ff08c5,93,105,0.4861776829993687
llama1b,3072,12,23,long,burst,handoff,7227.02541923,diag00_a1_s23_llama1b_kv3072_cap12-07_long_burst_guard_fast,guard_fast,cmpl-diag00_a1_s23_llama1b_kv3072_cap12-07_long_burst_guard_fast-r9-0-88d59262,cmpl-diag00_a1_s23_llama1b_kv3072_cap12-07_long_burst_guard_fast-r1-0-aa8cf7c9,86,101,0.36549854399981996
llama1b,3072,12,23,long,burst,handoff,7227.250020211,diag00_a1_s23_llama1b_kv3072_cap12-07_long_burst_guard_fast,guard_fast,cmpl-diag00_a1_s23_llama1b_kv3072_cap12-07_long_burst_guard_fast-r5-0-a7ff08c5,cmpl-diag00_a1_s23_llama1b_kv3072_cap12-07_long_burst_guard_fast-r9-0-88d59262,5,98,0.4081969110002319
llama1b,3072,12,23,long,burst,handoff,7227.354068927,diag00_a1_s23_llama1b_kv3072_cap12-07_long_burst_guard_fast,guard_fast,cmpl-diag00_a1_s23_llama1b_kv3072_cap12-07_long_burst_guard_fast-r1-0-aa8cf7c9,cmpl-diag00_a1_s23_llama1b_kv3072_cap12-07_long_burst_guard_fast-r11-0-9273ab8a,8,105,0.3166963140001826
llama1b,3072,12,23,long,burst,handoff,7227.524536733,diag00_a1_s23_llama1b_kv3072_cap12-07_long_burst_guard_fast,guard_fast,cmpl-diag00_a1_s23_llama1b_kv3072_cap12-07_long_burst_guard_fast-r1-0-aa8cf7c9,cmpl-diag00_a1_s23_llama1b_kv3072_cap12-07_long_burst_guard_fast-r5-0-a7ff08c5,92,105,0.48716411999976117
llama1b,3072,12,23,long,burst,handoff,7227.714176803,diag00_a1_s23_llama1b_kv3072_cap12-07_long_burst_guard_fast,guard_fast,cmpl-diag00_a1_s23_llama1b_kv3072_cap12-07_long_burst_guard_fast-r9-0-88d59262,cmpl-diag00_a1_s23_llama1b_kv3072_cap12-07_long_burst_guard_fast-r1-0-aa8cf7c9,86,101,0.36033854099969176
llama1b,3072,12,23,long,burst,handoff,7227.939395544,diag00_a1_s23_llama1b_kv3072_cap12-07_long_burst_guard_fast,guard_fast,cmpl-diag00_a1_s23_llama1b_kv3072_cap12-07_long_burst_guard_fast-r5-0-a7ff08c5,cmpl-diag00_a1_s23_llama1b_kv3072_cap12-07_long_burst_guard_fast-r9-0-88d59262,5,99,0.40215191900006175
llama1b,3072,12,23,long,burst,handoff,7228.044625162,diag00_a1_s23_llama1b_kv3072_cap12-07_long_burst_guard_fast,guard_fast,cmpl-diag00_a1_s23_llama1b_kv3072_cap12-07_long_burst_guard_fast-r1-0-aa8cf7c9,cmpl-diag00_a1_s23_llama1b_kv3072_cap12-07_long_burst_guard_fast-r11-0-9273ab8a,7,105,0.316446604999328
llama1b,3072,12,23,long,burst,handoff,7228.217832222,diag00_a1_s23_llama1b_kv3072_cap12-07_long_burst_guard_fast,guard_fast,cmpl-diag00_a1_s23_llama1b_kv3072_cap12-07_long_burst_guard_fast-r1-0-aa8cf7c9,cmpl-diag00_a1_s23_llama1b_kv3072_cap12-07_long_burst_guard_fast-r5-0-a7ff08c5,92,105,0.4896536649994232
llama1b,3072,12,23,long,burst,handoff,7228.411926687,diag00_a1_s23_llama1b_kv3072_cap12-07_long_burst_guard_fast,guard_fast,cmpl-diag00_a1_s23_llama1b_kv3072_cap12-07_long_burst_guard_fast-r9-0-88d59262,cmpl-diag00_a1_s23_llama1b_kv3072_cap12-07_long_burst_guard_fast-r1-0-aa8cf7c9,85,101,0.3674803210005848
llama1b,3072,12,23,long,burst,handoff,7228.634004441,diag00_a1_s23_llama1b_kv3072_cap12-07_long_burst_guard_fast,guard_fast,cmpl-diag00_a1_s23_llama1b_kv3072_cap12-07_long_burst_guard_fast-r5-0-a7ff08c5,cmpl-diag00_a1_s23_llama1b_kv3072_cap12-07_long_burst_guard_fast-r9-0-88d59262,5,99,0.40463275899946893
llama1b,3072,12,23,long,burst,handoff,7228.741516616,diag00_a1_s23_llama1b_kv3072_cap12-07_long_burst_guard_fast,guard_fast,cmpl-diag00_a1_s23_llama1b_kv3072_cap12-07_long_burst_guard_fast-r1-0-aa8cf7c9,cmpl-diag00_a1_s23_llama1b_kv3072_cap12-07_long_burst_guard_fast-r11-0-9273ab8a,7,106,0.31640065099963977
llama1b,3072,12,23,long,burst,handoff,7228.905216295,diag00_a1_s23_llama1b_kv3072_cap12-07_long_burst_guard_fast,guard_fast,cmpl-diag00_a1_s23_llama1b_kv3072_cap12-07_long_burst_guard_fast-r1-0-aa8cf7c9,cmpl-diag00_a1_s23_llama1b_kv3072_cap12-07_long_burst_guard_fast-r5-0-a7ff08c5,92,106,0.4801003299999138
llama1b,3072,12,23,long,burst,handoff,7229.104420566,diag00_a1_s23_llama1b_kv3072_cap12-07_long_burst_guard_fast,guard_fast,cmpl-diag00_a1_s23_llama1b_kv3072_cap12-07_long_burst_guard_fast-r9-0-88d59262,cmpl-diag00_a1_s23_llama1b_kv3072_cap12-07_long_burst_guard_fast-r1-0-aa8cf7c9,85,101,0.3631487040001957
llama1b,3072,12,23,long,burst,handoff,7229.331501208,diag00_a1_s23_llama1b_kv3072_cap12-07_long_burst_guard_fast,guard_fast,cmpl-diag00_a1_s23_llama1b_kv3072_cap12-07_long_burst_guard_fast-r5-0-a7ff08c5,cmpl-diag00_a1_s23_llama1b_kv3072_cap12-07_long_burst_guard_fast-r9-0-88d59262,5,99,0.41245994200016867
llama1b,3072,12,23,long,burst,handoff,7229.443239311,diag00_a1_s23_llama1b_kv3072_cap12-07_long_burst_guard_fast,guard_fast,cmpl-diag00_a1_s23_llama1b_kv3072_cap12-07_long_burst_guard_fast-r1-0-aa8cf7c9,cmpl-diag00_a1_s23_llama1b_kv3072_cap12-07_long_burst_guard_fast-r11-0-9273ab8a,7,106,0.3247706880001715
llama1b,3072,12,23,long,burst,handoff,7229.607040772,diag00_a1_s23_llama1b_kv3072_cap12-07_long_burst_guard_fast,guard_fast,cmpl-diag00_a1_s23_llama1b_kv3072_cap12-07_long_burst_guard_fast-r1-0-aa8cf7c9,cmpl-diag00_a1_s23_llama1b_kv3072_cap12-07_long_burst_guard_fast-r5-0-a7ff08c5,92,106,0.48857214899999235
llama1b,3072,12,23,long,burst,handoff,7229.802038937,diag00_a1_s23_llama1b_kv3072_cap12-07_long_burst_guard_fast,guard_fast,cmpl-diag00_a1_s23_llama1b_kv3072_cap12-07_long_burst_guard_fast-r9-0-88d59262,cmpl-diag00_a1_s23_llama1b_kv3072_cap12-07_long_burst_guard_fast-r1-0-aa8cf7c9,85,101,0.35896600100022624
llama1b,3072,12,23,long,burst,handoff,7230.028703147,diag00_a1_s23_llama1b_kv3072_cap12-07_long_burst_guard_fast,guard_fast,cmpl-diag00_a1_s23_llama1b_kv3072_cap12-07_long_burst_guard_fast-r5-0-a7ff08c5,cmpl-diag00_a1_s23_llama1b_kv3072_cap12-07_long_burst_guard_fast-r9-0-88d59262,5,99,0.40544320099979814
llama1b,3072,12,23,long,burst,handoff,7230.139762473,diag00_a1_s23_llama1b_kv3072_cap12-07_long_burst_guard_fast,guard_fast,cmpl-diag00_a1_s23_llama1b_kv3072_cap12-07_long_burst_guard_fast-r1-0-aa8cf7c9,cmpl-diag00_a1_s23_llama1b_kv3072_cap12-07_long_burst_guard_fast-r11-0-9273ab8a,7,106,0.32331155900010344
llama1b,3072,12,23,long,burst,handoff,7230.308955442,diag00_a1_s23_llama1b_kv3072_cap12-07_long_burst_guard_fast,guard_fast,cmpl-diag00_a1_s23_llama1b_kv3072_cap12-07_long_burst_guard_fast-r1-0-aa8cf7c9,cmpl-diag00_a1_s23_llama1b_kv3072_cap12-07_long_burst_guard_fast-r5-0-a7ff08c5,92,106,0.49250452800060884
llama1b,3072,12,23,long,burst,handoff,7230.512412643,diag00_a1_s23_llama1b_kv3072_cap12-07_long_burst_guard_fast,guard_fast,cmpl-diag00_a1_s23_llama1b_kv3072_cap12-07_long_burst_guard_fast-r9-0-88d59262,cmpl-diag00_a1_s23_llama1b_kv3072_cap12-07_long_burst_guard_fast-r1-0-aa8cf7c9,85,101,0.37291968499994255
llama1b,3072,12,23,long,burst,handoff,7230.741371295,diag00_a1_s23_llama1b_kv3072_cap12-07_long_burst_guard_fast,guard_fast,cmpl-diag00_a1_s23_llama1b_kv3072_cap12-07_long_burst_guard_fast-r5-0-a7ff08c5,cmpl-diag00_a1_s23_llama1b_kv3072_cap12-07_long_burst_guard_fast-r9-0-88d59262,5,99,0.41286144300011074
llama1b,3072,12,23,long,burst,handoff,7230.849324134,diag00_a1_s23_llama1b_kv3072_cap12-07_long_burst_guard_fast,guard_fast,cmpl-diag00_a1_s23_llama1b_kv3072_cap12-07_long_burst_guard_fast-r1-0-aa8cf7c9,cmpl-diag00_a1_s23_llama1b_kv3072_cap12-07_long_burst_guard_fast-r11-0-9273ab8a,7,106,0.3207999969999946
llama1b,3072,12,23,long,burst,handoff,7231.024878623,diag00_a1_s23_llama1b_kv3072_cap12-07_long_burst_guard_fast,guard_fast,cmpl-diag00_a1_s23_llama1b_kv3072_cap12-07_long_burst_guard_fast-r1-0-aa8cf7c9,cmpl-diag00_a1_s23_llama1b_kv3072_cap12-07_long_burst_guard_fast-r5-0-a7ff08c5,92,106,0.49635448600020027
llama1b,3072,12,23,long,burst,handoff,7231.217847431,diag00_a1_s23_llama1b_kv3072_cap12-07_long_burst_guard_fast,guard_fast,cmpl-diag00_a1_s23_llama1b_kv3072_cap12-07_long_burst_guard_fast-r9-0-88d59262,cmpl-diag00_a1_s23_llama1b_kv3072_cap12-07_long_burst_guard_fast-r1-0-aa8cf7c9,85,101,0.36874748900027043
llama1b,3072,12,23,long,burst,handoff,7231.447740256,diag00_a1_s23_llama1b_kv3072_cap12-07_long_burst_guard_fast,guard_fast,cmpl-diag00_a1_s23_llama1b_kv3072_cap12-07_long_burst_guard_fast-r5-0-a7ff08c5,cmpl-diag00_a1_s23_llama1b_kv3072_cap12-07_long_burst_guard_fast-r9-0-88d59262,4,99,0.40601285899992945
llama1b,3072,12,23,long,burst,handoff,7231.553751988,diag00_a1_s23_llama1b_kv3072_cap12-07_long_burst_guard_fast,guard_fast,cmpl-diag00_a1_s23_llama1b_kv3072_cap12-07_long_burst_guard_fast-r1-0-aa8cf7c9,cmpl-diag00_a1_s23_llama1b_kv3072_cap12-07_long_burst_guard_fast-r11-0-9273ab8a,6,106,0.3181224959998872
llama1b,3072,12,23,long,burst,handoff,7231.72194303,diag00_a1_s23_llama1b_kv3072_cap12-07_long_burst_guard_fast,guard_fast,cmpl-diag00_a1_s23_llama1b_kv3072_cap12-07_long_burst_guard_fast-r1-0-aa8cf7c9,cmpl-diag00_a1_s23_llama1b_kv3072_cap12-07_long_burst_guard_fast-r5-0-a7ff08c5,92,106,0.486313538000104
llama1b,3072,12,23,long,burst,handoff,7231.91634464,diag00_a1_s23_llama1b_kv3072_cap12-07_long_burst_guard_fast,guard_fast,cmpl-diag00_a1_s23_llama1b_kv3072_cap12-07_long_burst_guard_fast-r9-0-88d59262,cmpl-diag00_a1_s23_llama1b_kv3072_cap12-07_long_burst_guard_fast-r1-0-aa8cf7c9,85,102,0.3628370169999471
llama1b,3072,12,23,long,burst,handoff,7232.14344933,diag00_a1_s23_llama1b_kv3072_cap12-07_long_burst_guard_fast,guard_fast,cmpl-diag00_a1_s23_llama1b_kv3072_cap12-07_long_burst_guard_fast-r5-0-a7ff08c5,cmpl-diag00_a1_s23_llama1b_kv3072_cap12-07_long_burst_guard_fast-r9-0-88d59262,3,99,0.40647121600068203
llama1b,3072,12,23,long,burst,handoff,7232.25086528,diag00_a1_s23_llama1b_kv3072_cap12-07_long_burst_guard_fast,guard_fast,cmpl-diag00_a1_s23_llama1b_kv3072_cap12-07_long_burst_guard_fast-r1-0-aa8cf7c9,cmpl-diag00_a1_s23_llama1b_kv3072_cap12-07_long_burst_guard_fast-r11-0-9273ab8a,6,106,0.31974995600012335
llama1b,3072,12,23,long,burst,handoff,7232.418619548,diag00_a1_s23_llama1b_kv3072_cap12-07_long_burst_guard_fast,guard_fast,cmpl-diag00_a1_s23_llama1b_kv3072_cap12-07_long_burst_guard_fast-r1-0-aa8cf7c9,cmpl-diag00_a1_s23_llama1b_kv3072_cap12-07_long_burst_guard_fast-r5-0-a7ff08c5,92,106,0.48750422400007665
llama1b,3072,12,23,long,burst,handoff,7232.614354525,diag00_a1_s23_llama1b_kv3072_cap12-07_long_burst_guard_fast,guard_fast,cmpl-diag00_a1_s23_llama1b_kv3072_cap12-07_long_burst_guard_fast-r9-0-88d59262,cmpl-diag00_a1_s23_llama1b_kv3072_cap12-07_long_burst_guard_fast-r1-0-aa8cf7c9,85,102,0.36369795900009194
llama1b,3072,12,23,long,burst,handoff,7232.842635862,diag00_a1_s23_llama1b_kv3072_cap12-07_long_burst_guard_fast,guard_fast,cmpl-diag00_a1_s23_llama1b_kv3072_cap12-07_long_burst_guard_fast-r5-0-a7ff08c5,cmpl-diag00_a1_s23_llama1b_kv3072_cap12-07_long_burst_guard_fast-r9-0-88d59262,3,99,0.4095002750000276
llama1b,3072,12,23,long,burst,handoff,7232.951724671,diag00_a1_s23_llama1b_kv3072_cap12-07_long_burst_guard_fast,guard_fast,cmpl-diag00_a1_s23_llama1b_kv3072_cap12-07_long_burst_guard_fast-r1-0-aa8cf7c9,cmpl-diag00_a1_s23_llama1b_kv3072_cap12-07_long_burst_guard_fast-r11-0-9273ab8a,6,106,0.3198714010004551
llama1b,3072,12,23,long,burst,handoff,7233.124476468,diag00_a1_s23_llama1b_kv3072_cap12-07_long_burst_guard_fast,guard_fast,cmpl-diag00_a1_s23_llama1b_kv3072_cap12-07_long_burst_guard_fast-r1-0-aa8cf7c9,cmpl-diag00_a1_s23_llama1b_kv3072_cap12-07_long_burst_guard_fast-r5-0-a7ff08c5,91,106,0.49262319799981924
llama1b,3072,12,23,long,burst,handoff,7233.323130167,diag00_a1_s23_llama1b_kv3072_cap12-07_long_burst_guard_fast,guard_fast,cmpl-diag00_a1_s23_llama1b_kv3072_cap12-07_long_burst_guard_fast-r9-0-88d59262,cmpl-diag00_a1_s23_llama1b_kv3072_cap12-07_long_burst_guard_fast-r1-0-aa8cf7c9,85,102,0.3716384389999803
llama1b,3072,12,23,long,burst,handoff,7233.545951177,diag00_a1_s23_llama1b_kv3072_cap12-07_long_burst_guard_fast,guard_fast,cmpl-diag00_a1_s23_llama1b_kv3072_cap12-07_long_burst_guard_fast-r5-0-a7ff08c5,cmpl-diag00_a1_s23_llama1b_kv3072_cap12-07_long_burst_guard_fast-r9-0-88d59262,3,100,0.40730215899930045
llama1b,3072,12,23,long,burst,handoff,7233.653653008,diag00_a1_s23_llama1b_kv3072_cap12-07_long_burst_guard_fast,guard_fast,cmpl-diag00_a1_s23_llama1b_kv3072_cap12-07_long_burst_guard_fast-r1-0-aa8cf7c9,cmpl-diag00_a1_s23_llama1b_kv3072_cap12-07_long_burst_guard_fast-r11-0-9273ab8a,5,106,0.31800200900033815
llama1b,3072,12,23,long,burst,handoff,7233.820974255,diag00_a1_s23_llama1b_kv3072_cap12-07_long_burst_guard_fast,guard_fast,cmpl-diag00_a1_s23_llama1b_kv3072_cap12-07_long_burst_guard_fast-r1-0-aa8cf7c9,cmpl-diag00_a1_s23_llama1b_kv3072_cap12-07_long_burst_guard_fast-r5-0-a7ff08c5,91,106,0.48532325599990145
llama1b,3072,12,23,long,burst,handoff,7234.021213383,diag00_a1_s23_llama1b_kv3072_cap12-07_long_burst_guard_fast,guard_fast,cmpl-diag00_a1_s23_llama1b_kv3072_cap12-07_long_burst_guard_fast-r9-0-88d59262,cmpl-diag00_a1_s23_llama1b_kv3072_cap12-07_long_burst_guard_fast-r1-0-aa8cf7c9,84,102,0.36778348500047287
llama1b,3072,12,23,long,burst,handoff,7234.242585669,diag00_a1_s23_llama1b_kv3072_cap12-07_long_burst_guard_fast,guard_fast,cmpl-diag00_a1_s23_llama1b_kv3072_cap12-07_long_burst_guard_fast-r5-0-a7ff08c5,cmpl-diag00_a1_s23_llama1b_kv3072_cap12-07_long_burst_guard_fast-r9-0-88d59262,3,100,0.40781087999948795
llama1b,3072,12,23,long,burst,handoff,7234.350191717,diag00_a1_s23_llama1b_kv3072_cap12-07_long_burst_guard_fast,guard_fast,cmpl-diag00_a1_s23_llama1b_kv3072_cap12-07_long_burst_guard_fast-r1-0-aa8cf7c9,cmpl-diag00_a1_s23_llama1b_kv3072_cap12-07_long_burst_guard_fast-r11-0-9273ab8a,5,107,0.3170322659998419
llama1b,3072,12,23,long,burst,handoff,7234.521612826,diag00_a1_s23_llama1b_kv3072_cap12-07_long_burst_guard_fast,guard_fast,cmpl-diag00_a1_s23_llama1b_kv3072_cap12-07_long_burst_guard_fast-r1-0-aa8cf7c9,cmpl-diag00_a1_s23_llama1b_kv3072_cap12-07_long_burst_guard_fast-r5-0-a7ff08c5,91,107,0.4884533750000628
llama1b,3072,12,23,long,burst,handoff,7234.71756211,diag00_a1_s23_llama1b_kv3072_cap12-07_long_burst_guard_fast,guard_fast,cmpl-diag00_a1_s23_llama1b_kv3072_cap12-07_long_burst_guard_fast-r9-0-88d59262,cmpl-diag00_a1_s23_llama1b_kv3072_cap12-07_long_burst_guard_fast-r1-0-aa8cf7c9,84,102,0.36753714099995705
llama1b,3072,12,23,long,burst,handoff,7234.942204409,diag00_a1_s23_llama1b_kv3072_cap12-07_long_burst_guard_fast,guard_fast,cmpl-diag00_a1_s23_llama1b_kv3072_cap12-07_long_burst_guard_fast-r5-0-a7ff08c5,cmpl-diag00_a1_s23_llama1b_kv3072_cap12-07_long_burst_guard_fast-r9-0-88d59262,3,100,0.4088546619996123
llama1b,3072,12,23,long,burst,handoff,7235.051132536,diag00_a1_s23_llama1b_kv3072_cap12-07_long_burst_guard_fast,guard_fast,cmpl-diag00_a1_s23_llama1b_kv3072_cap12-07_long_burst_guard_fast-r1-0-aa8cf7c9,cmpl-diag00_a1_s23_llama1b_kv3072_cap12-07_long_burst_guard_fast-r11-0-9273ab8a,5,107,0.320717696000429
llama1b,3072,12,23,long,burst,handoff,7235.21835706,diag00_a1_s23_llama1b_kv3072_cap12-07_long_burst_guard_fast,guard_fast,cmpl-diag00_a1_s23_llama1b_kv3072_cap12-07_long_burst_guard_fast-r1-0-aa8cf7c9,cmpl-diag00_a1_s23_llama1b_kv3072_cap12-07_long_burst_guard_fast-r5-0-a7ff08c5,91,107,0.48794222000015
llama1b,3072,12,23,long,burst,handoff,7235.416904388,diag00_a1_s23_llama1b_kv3072_cap12-07_long_burst_guard_fast,guard_fast,cmpl-diag00_a1_s23_llama1b_kv3072_cap12-07_long_burst_guard_fast-r9-0-88d59262,cmpl-diag00_a1_s23_llama1b_kv3072_cap12-07_long_burst_guard_fast-r1-0-aa8cf7c9,84,102,0.3659847790004278
llama1b,3072,12,23,long,burst,handoff,7235.644643835,diag00_a1_s23_llama1b_kv3072_cap12-07_long_burst_guard_fast,guard_fast,cmpl-diag00_a1_s23_llama1b_kv3072_cap12-07_long_burst_guard_fast-r5-0-a7ff08c5,cmpl-diag00_a1_s23_llama1b_kv3072_cap12-07_long_burst_guard_fast-r9-0-88d59262,3,100,0.41115480000007665
llama1b,3072,12,23,long,burst,handoff,7235.750495855,diag00_a1_s23_llama1b_kv3072_cap12-07_long_burst_guard_fast,guard_fast,cmpl-diag00_a1_s23_llama1b_kv3072_cap12-07_long_burst_guard_fast-r1-0-aa8cf7c9,cmpl-diag00_a1_s23_llama1b_kv3072_cap12-07_long_burst_guard_fast-r11-0-9273ab8a,5,107,0.31866222099961306
llama1b,3072,12,23,long,burst,handoff,7235.917566434,diag00_a1_s23_llama1b_kv3072_cap12-07_long_burst_guard_fast,guard_fast,cmpl-diag00_a1_s23_llama1b_kv3072_cap12-07_long_burst_guard_fast-r1-0-aa8cf7c9,cmpl-diag00_a1_s23_llama1b_kv3072_cap12-07_long_burst_guard_fast-r5-0-a7ff08c5,91,107,0.48573279999982333
llama1b,3072,12,23,long,burst,handoff,7236.119397521,diag00_a1_s23_llama1b_kv3072_cap12-07_long_burst_guard_fast,guard_fast,cmpl-diag00_a1_s23_llama1b_kv3072_cap12-07_long_burst_guard_fast-r9-0-88d59262,cmpl-diag00_a1_s23_llama1b_kv3072_cap12-07_long_burst_guard_fast-r1-0-aa8cf7c9,84,102,0.36906373599958897
llama1b,3072,12,23,long,burst,handoff,7236.348821093,diag00_a1_s23_llama1b_kv3072_cap12-07_long_burst_guard_fast,guard_fast,cmpl-diag00_a1_s23_llama1b_kv3072_cap12-07_long_burst_guard_fast-r5-0-a7ff08c5,cmpl-diag00_a1_s23_llama1b_kv3072_cap12-07_long_burst_guard_fast-r9-0-88d59262,3,100,0.41384632399967813
llama1b,3072,12,23,long,burst,handoff,7236.454439579,diag00_a1_s23_llama1b_kv3072_cap12-07_long_burst_guard_fast,guard_fast,cmpl-diag00_a1_s23_llama1b_kv3072_cap12-07_long_burst_guard_fast-r1-0-aa8cf7c9,cmpl-diag00_a1_s23_llama1b_kv3072_cap12-07_long_burst_guard_fast-r11-0-9273ab8a,5,107,0.3210059699995327
llama1b,3072,12,23,long,burst,handoff,7236.622322234,diag00_a1_s23_llama1b_kv3072_cap12-07_long_burst_guard_fast,guard_fast,cmpl-diag00_a1_s23_llama1b_kv3072_cap12-07_long_burst_guard_fast-r1-0-aa8cf7c9,cmpl-diag00_a1_s23_llama1b_kv3072_cap12-07_long_burst_guard_fast-r5-0-a7ff08c5,91,107,0.48888862500007235
llama1b,3072,12,23,long,burst,handoff,7236.822546383,diag00_a1_s23_llama1b_kv3072_cap12-07_long_burst_guard_fast,guard_fast,cmpl-diag00_a1_s23_llama1b_kv3072_cap12-07_long_burst_guard_fast-r9-0-88d59262,cmpl-diag00_a1_s23_llama1b_kv3072_cap12-07_long_burst_guard_fast-r1-0-aa8cf7c9,84,102,0.3684247070004858
llama1b,3072,12,23,long,burst,handoff,7237.049001014,diag00_a1_s23_llama1b_kv3072_cap12-07_long_burst_guard_fast,guard_fast,cmpl-diag00_a1_s23_llama1b_kv3072_cap12-07_long_burst_guard_fast-r5-0-a7ff08c5,cmpl-diag00_a1_s23_llama1b_kv3072_cap12-07_long_burst_guard_fast-r9-0-88d59262,2,100,0.41317220500059193
llama1b,3072,12,23,long,burst,handoff,7237.154809016,diag00_a1_s23_llama1b_kv3072_cap12-07_long_burst_guard_fast,guard_fast,cmpl-diag00_a1_s23_llama1b_kv3072_cap12-07_long_burst_guard_fast-r1-0-aa8cf7c9,cmpl-diag00_a1_s23_llama1b_kv3072_cap12-07_long_burst_guard_fast-r11-0-9273ab8a,4,107,0.3193627070004368
llama1b,3072,12,23,long,burst,handoff,7237.325649855,diag00_a1_s23_llama1b_kv3072_cap12-07_long_burst_guard_fast,guard_fast,cmpl-diag00_a1_s23_llama1b_kv3072_cap12-07_long_burst_guard_fast-r1-0-aa8cf7c9,cmpl-diag00_a1_s23_llama1b_kv3072_cap12-07_long_burst_guard_fast-r5-0-a7ff08c5,91,107,0.4902035459999752
llama1b,3072,12,23,long,burst,handoff,7237.52269115,diag00_a1_s23_llama1b_kv3072_cap12-07_long_burst_guard_fast,guard_fast,cmpl-diag00_a1_s23_llama1b_kv3072_cap12-07_long_burst_guard_fast-r9-0-88d59262,cmpl-diag00_a1_s23_llama1b_kv3072_cap12-07_long_burst_guard_fast-r1-0-aa8cf7c9,84,103,0.36812409400045
llama1b,3072,12,23,long,burst,handoff,7237.751108284,diag00_a1_s23_llama1b_kv3072_cap12-07_long_burst_guard_fast,guard_fast,cmpl-diag00_a1_s23_llama1b_kv3072_cap12-07_long_burst_guard_fast-r5-0-a7ff08c5,cmpl-diag00_a1_s23_llama1b_kv3072_cap12-07_long_burst_guard_fast-r9-0-88d59262,1,100,0.41003986099985923
llama1b,3072,12,23,long,burst,handoff,7237.860378881,diag00_a1_s23_llama1b_kv3072_cap12-07_long_burst_guard_fast,guard_fast,cmpl-diag00_a1_s23_llama1b_kv3072_cap12-07_long_burst_guard_fast-r1-0-aa8cf7c9,cmpl-diag00_a1_s23_llama1b_kv3072_cap12-07_long_burst_guard_fast-r11-0-9273ab8a,4,107,0.3234119729995655
llama1b,3072,12,23,long,burst,handoff,7238.029353265,diag00_a1_s23_llama1b_kv3072_cap12-07_long_burst_guard_fast,guard_fast,cmpl-diag00_a1_s23_llama1b_kv3072_cap12-07_long_burst_guard_fast-r1-0-aa8cf7c9,cmpl-diag00_a1_s23_llama1b_kv3072_cap12-07_long_burst_guard_fast-r5-0-a7ff08c5,91,107,0.49238635700021405
llama1b,3072,12,23,long,burst,handoff,7238.231667747,diag00_a1_s23_llama1b_kv3072_cap12-07_long_burst_guard_fast,guard_fast,cmpl-diag00_a1_s23_llama1b_kv3072_cap12-07_long_burst_guard_fast-r9-0-88d59262,cmpl-diag00_a1_s23_llama1b_kv3072_cap12-07_long_burst_guard_fast-r1-0-aa8cf7c9,84,103,0.37149075199977233
llama1b,3072,12,23,long,burst,handoff,7238.454796259,diag00_a1_s23_llama1b_kv3072_cap12-07_long_burst_guard_fast,guard_fast,cmpl-diag00_a1_s23_llama1b_kv3072_cap12-07_long_burst_guard_fast-r5-0-a7ff08c5,cmpl-diag00_a1_s23_llama1b_kv3072_cap12-07_long_burst_guard_fast-r9-0-88d59262,1,100,0.409410523000588
llama1b,3072,12,23,long,burst,handoff,7238.562085344,diag00_a1_s23_llama1b_kv3072_cap12-07_long_burst_guard_fast,guard_fast,cmpl-diag00_a1_s23_llama1b_kv3072_cap12-07_long_burst_guard_fast-r1-0-aa8cf7c9,cmpl-diag00_a1_s23_llama1b_kv3072_cap12-07_long_burst_guard_fast-r11-0-9273ab8a,4,107,0.32004803299969353
llama1b,3072,12,23,long,burst,handoff,7238.731432146,diag00_a1_s23_llama1b_kv3072_cap12-07_long_burst_guard_fast,guard_fast,cmpl-diag00_a1_s23_llama1b_kv3072_cap12-07_long_burst_guard_fast-r1-0-aa8cf7c9,cmpl-diag00_a1_s23_llama1b_kv3072_cap12-07_long_burst_guard_fast-r5-0-a7ff08c5,90,107,0.4893948349999846
llama1b,3072,12,23,long,burst,handoff,7238.928780252,diag00_a1_s23_llama1b_kv3072_cap12-07_long_burst_guard_fast,guard_fast,cmpl-diag00_a1_s23_llama1b_kv3072_cap12-07_long_burst_guard_fast-r9-0-88d59262,cmpl-diag00_a1_s23_llama1b_kv3072_cap12-07_long_burst_guard_fast-r1-0-aa8cf7c9,84,103,0.3669187149998834
llama1b,3072,12,23,long,burst,handoff,7239.153535882,diag00_a1_s23_llama1b_kv3072_cap12-07_long_burst_guard_fast,guard_fast,cmpl-diag00_a1_s23_llama1b_kv3072_cap12-07_long_burst_guard_fast-r5-0-a7ff08c5,cmpl-diag00_a1_s23_llama1b_kv3072_cap12-07_long_burst_guard_fast-r9-0-88d59262,1,101,0.40792394599975523
llama1b,3072,12,23,long,burst,handoff,7239.259815773,diag00_a1_s23_llama1b_kv3072_cap12-07_long_burst_guard_fast,guard_fast,cmpl-diag00_a1_s23_llama1b_kv3072_cap12-07_long_burst_guard_fast-r1-0-aa8cf7c9,cmpl-diag00_a1_s23_llama1b_kv3072_cap12-07_long_burst_guard_fast-r11-0-9273ab8a,3,107,0.31533998499980953
llama1b,3072,12,23,long,burst,handoff,7239.431581498,diag00_a1_s23_llama1b_kv3072_cap12-07_long_burst_guard_fast,guard_fast,cmpl-diag00_a1_s23_llama1b_kv3072_cap12-07_long_burst_guard_fast-r1-0-aa8cf7c9,cmpl-diag00_a1_s23_llama1b_kv3072_cap12-07_long_burst_guard_fast-r5-0-a7ff08c5,90,107,0.4871057099999234
llama1b,3072,12,23,long,burst,handoff,7239.627463273,diag00_a1_s23_llama1b_kv3072_cap12-07_long_burst_guard_fast,guard_fast,cmpl-diag00_a1_s23_llama1b_kv3072_cap12-07_long_burst_guard_fast-r9-0-88d59262,cmpl-diag00_a1_s23_llama1b_kv3072_cap12-07_long_burst_guard_fast-r1-0-aa8cf7c9,83,103,0.3678727610003989
llama1b,3072,12,23,long,burst,handoff,7239.852702985,diag00_a1_s23_llama1b_kv3072_cap12-07_long_burst_guard_fast,guard_fast,cmpl-diag00_a1_s23_llama1b_kv3072_cap12-07_long_burst_guard_fast-r5-0-a7ff08c5,cmpl-diag00_a1_s23_llama1b_kv3072_cap12-07_long_burst_guard_fast-r9-0-88d59262,1,101,0.40635454400035087
llama1b,3072,12,23,long,burst,handoff,7239.961392922,diag00_a1_s23_llama1b_kv3072_cap12-07_long_burst_guard_fast,guard_fast,cmpl-diag00_a1_s23_llama1b_kv3072_cap12-07_long_burst_guard_fast-r1-0-aa8cf7c9,cmpl-diag00_a1_s23_llama1b_kv3072_cap12-07_long_burst_guard_fast-r11-0-9273ab8a,3,108,0.32099538200054667
llama1b,3072,12,23,long,burst,handoff,7240.131934875,diag00_a1_s23_llama1b_kv3072_cap12-07_long_burst_guard_fast,guard_fast,cmpl-diag00_a1_s23_llama1b_kv3072_cap12-07_long_burst_guard_fast-r1-0-aa8cf7c9,cmpl-diag00_a1_s23_llama1b_kv3072_cap12-07_long_burst_guard_fast-r5-0-a7ff08c5,90,108,0.4915373350004302
llama1b,3072,12,23,long,burst,handoff,7240.33211208,diag00_a1_s23_llama1b_kv3072_cap12-07_long_burst_guard_fast,guard_fast,cmpl-diag00_a1_s23_llama1b_kv3072_cap12-07_long_burst_guard_fast-r9-0-88d59262,cmpl-diag00_a1_s23_llama1b_kv3072_cap12-07_long_burst_guard_fast-r1-0-aa8cf7c9,83,103,0.37099962800039066
llama1b,3072,12,23,long,burst,handoff,7240.558402696,diag00_a1_s23_llama1b_kv3072_cap12-07_long_burst_guard_fast,guard_fast,cmpl-diag00_a1_s23_llama1b_kv3072_cap12-07_long_burst_guard_fast-r5-0-a7ff08c5,cmpl-diag00_a1_s23_llama1b_kv3072_cap12-07_long_burst_guard_fast-r9-0-88d59262,1,101,0.41178303599917854
llama1b,3072,12,23,long,burst,handoff,7240.668376154,diag00_a1_s23_llama1b_kv3072_cap12-07_long_burst_guard_fast,guard_fast,cmpl-diag00_a1_s23_llama1b_kv3072_cap12-07_long_burst_guard_fast-r1-0-aa8cf7c9,cmpl-diag00_a1_s23_llama1b_kv3072_cap12-07_long_burst_guard_fast-r11-0-9273ab8a,3,108,0.32186287900003663
llama1b,3072,12,23,long,burst,handoff,7240.840656556,diag00_a1_s23_llama1b_kv3072_cap12-07_long_burst_guard_fast,guard_fast,cmpl-diag00_a1_s23_llama1b_kv3072_cap12-07_long_burst_guard_fast-r1-0-aa8cf7c9,cmpl-diag00_a1_s23_llama1b_kv3072_cap12-07_long_burst_guard_fast-r5-0-a7ff08c5,90,108,0.49414328100010607
llama1b,3072,12,23,long,burst,handoff,7241.034489052,diag00_a1_s23_llama1b_kv3072_cap12-07_long_burst_guard_fast,guard_fast,cmpl-diag00_a1_s23_llama1b_kv3072_cap12-07_long_burst_guard_fast-r9-0-88d59262,cmpl-diag00_a1_s23_llama1b_kv3072_cap12-07_long_burst_guard_fast-r1-0-aa8cf7c9,83,103,0.36635641399971064
llama1b,3072,12,23,long,burst,handoff,7241.264096154,diag00_a1_s23_llama1b_kv3072_cap12-07_long_burst_guard_fast,guard_fast,cmpl-diag00_a1_s23_llama1b_kv3072_cap12-07_long_burst_guard_fast-r5-0-a7ff08c5,cmpl-diag00_a1_s23_llama1b_kv3072_cap12-07_long_burst_guard_fast-r9-0-88d59262,1,101,0.40968750000047294
llama1b,3072,12,23,long,burst,handoff,7241.372540995,diag00_a1_s23_llama1b_kv3072_cap12-07_long_burst_guard_fast,guard_fast,cmpl-diag00_a1_s23_llama1b_kv3072_cap12-07_long_burst_guard_fast-r1-0-aa8cf7c9,cmpl-diag00_a1_s23_llama1b_kv3072_cap12-07_long_burst_guard_fast-r11-0-9273ab8a,3,108,0.32467683000049874
llama1b,3072,12,23,long,burst,handoff,7241.541649901,diag00_a1_s23_llama1b_kv3072_cap12-07_long_burst_guard_fast,guard_fast,cmpl-diag00_a1_s23_llama1b_kv3072_cap12-07_long_burst_guard_fast-r1-0-aa8cf7c9,cmpl-diag00_a1_s23_llama1b_kv3072_cap12-07_long_burst_guard_fast-r5-0-a7ff08c5,90,108,0.4937857360000635
llama1b,3072,12,23,long,burst,handoff,7241.739523657,diag00_a1_s23_llama1b_kv3072_cap12-07_long_burst_guard_fast,guard_fast,cmpl-diag00_a1_s23_llama1b_kv3072_cap12-07_long_burst_guard_fast-r9-0-88d59262,cmpl-diag00_a1_s23_llama1b_kv3072_cap12-07_long_burst_guard_fast-r1-0-aa8cf7c9,83,103,0.367189851999683
llama1b,3072,12,23,long,burst,handoff,7241.963402743,diag00_a1_s23_llama1b_kv3072_cap12-07_long_burst_guard_fast,guard_fast,cmpl-diag00_a1_s23_llama1b_kv3072_cap12-07_long_burst_guard_fast-r5-0-a7ff08c5,cmpl-diag00_a1_s23_llama1b_kv3072_cap12-07_long_burst_guard_fast-r9-0-88d59262,1,101,0.40967282300061925
llama1b,3072,12,23,long,burst,handoff,7242.073592602,diag00_a1_s23_llama1b_kv3072_cap12-07_long_burst_guard_fast,guard_fast,cmpl-diag00_a1_s23_llama1b_kv3072_cap12-07_long_burst_guard_fast-r1-0-aa8cf7c9,cmpl-diag00_a1_s23_llama1b_kv3072_cap12-07_long_burst_guard_fast-r11-0-9273ab8a,3,108,0.3205241039995599
llama1b,3072,12,23,long,burst,handoff,7242.245316949,diag00_a1_s23_llama1b_kv3072_cap12-07_long_burst_guard_fast,guard_fast,cmpl-diag00_a1_s23_llama1b_kv3072_cap12-07_long_burst_guard_fast-r1-0-aa8cf7c9,cmpl-diag00_a1_s23_llama1b_kv3072_cap12-07_long_burst_guard_fast-r5-0-a7ff08c5,90,108,0.49224845099979575
llama1b,3072,12,23,long,burst,handoff,7242.438741705,diag00_a1_s23_llama1b_kv3072_cap12-07_long_burst_guard_fast,guard_fast,cmpl-diag00_a1_s23_llama1b_kv3072_cap12-07_long_burst_guard_fast-r9-0-88d59262,cmpl-diag00_a1_s23_llama1b_kv3072_cap12-07_long_burst_guard_fast-r1-0-aa8cf7c9,83,103,0.3653855560005468
llama1b,3072,12,23,long,burst,handoff,7242.665127,diag00_a1_s23_llama1b_kv3072_cap12-07_long_burst_guard_fast,guard_fast,cmpl-diag00_a1_s23_llama1b_kv3072_cap12-07_long_burst_guard_fast-r5-0-a7ff08c5,cmpl-diag00_a1_s23_llama1b_kv3072_cap12-07_long_burst_guard_fast-r9-0-88d59262,0,101,0.40747373800058995
llama1b,3072,12,23,long,burst,handoff,7242.77394691,diag00_a1_s23_llama1b_kv3072_cap12-07_long_burst_guard_fast,guard_fast,cmpl-diag00_a1_s23_llama1b_kv3072_cap12-07_long_burst_guard_fast-r1-0-aa8cf7c9,cmpl-diag00_a1_s23_llama1b_kv3072_cap12-07_long_burst_guard_fast-r11-0-9273ab8a,2,108,0.3199687989999802
llama1b,3072,12,23,long,burst,handoff,7242.944090125,diag00_a1_s23_llama1b_kv3072_cap12-07_long_burst_guard_fast,guard_fast,cmpl-diag00_a1_s23_llama1b_kv3072_cap12-07_long_burst_guard_fast-r1-0-aa8cf7c9,cmpl-diag00_a1_s23_llama1b_kv3072_cap12-07_long_burst_guard_fast-r5-0-a7ff08c5,90,108,0.4901120140002604
llama1b,3072,12,23,long,burst,handoff,7243.145660092,diag00_a1_s23_llama1b_kv3072_cap12-07_long_burst_guard_fast,guard_fast,cmpl-diag00_a1_s23_llama1b_kv3072_cap12-07_long_burst_guard_fast-r9-0-88d59262,cmpl-diag00_a1_s23_llama1b_kv3072_cap12-07_long_burst_guard_fast-r1-0-aa8cf7c9,83,104,0.3718723769998178
llama1b,3072,12,23,long,burst,handoff,7243.338134535,diag00_a1_s23_llama1b_kv3072_cap12-07_long_burst_guard_fast,guard_fast,cmpl-diag00_a1_s23_llama1b_kv3072_cap12-07_long_burst_guard_fast-r11-0-9273ab8a,cmpl-diag00_a1_s23_llama1b_kv3072_cap12-07_long_burst_guard_fast-r9-0-88d59262,87,88,0.3942928189999293
llama1b,3072,12,23,long,burst,handoff,7243.569311734,diag00_a1_s23_llama1b_kv3072_cap12-07_long_burst_guard_fast,guard_fast,cmpl-diag00_a1_s23_llama1b_kv3072_cap12-07_long_burst_guard_fast-r1-0-aa8cf7c9,cmpl-diag00_a1_s23_llama1b_kv3072_cap12-07_long_burst_guard_fast-r11-0-9273ab8a,2,108,0.4087398100000428
llama1b,3072,12,23,long,burst,handoff,7243.68058731,diag00_a1_s23_llama1b_kv3072_cap12-07_long_burst_guard_fast,guard_fast,cmpl-diag00_a1_s23_llama1b_kv3072_cap12-07_long_burst_guard_fast-r1-0-aa8cf7c9,cmpl-diag00_a1_s23_llama1b_kv3072_cap12-07_long_burst_guard_fast-r5-0-a7ff08c5,90,108,0.520015386000523
llama1b,3072,12,23,long,burst,handoff,7243.880725739,diag00_a1_s23_llama1b_kv3072_cap12-07_long_burst_guard_fast,guard_fast,cmpl-diag00_a1_s23_llama1b_kv3072_cap12-07_long_burst_guard_fast-r9-0-88d59262,cmpl-diag00_a1_s23_llama1b_kv3072_cap12-07_long_burst_guard_fast-r1-0-aa8cf7c9,83,104,0.5271470460002092
llama1b,3072,12,23,long,burst,handoff,7244.075308557,diag00_a1_s23_llama1b_kv3072_cap12-07_long_burst_guard_fast,guard_fast,cmpl-diag00_a1_s23_llama1b_kv3072_cap12-07_long_burst_guard_fast-r11-0-9273ab8a,cmpl-diag00_a1_s23_llama1b_kv3072_cap12-07_long_burst_guard_fast-r9-0-88d59262,87,88,0.3949968520000766
llama1b,3072,12,23,long,burst,handoff,7244.307759274,diag00_a1_s23_llama1b_kv3072_cap12-07_long_burst_guard_fast,guard_fast,cmpl-diag00_a1_s23_llama1b_kv3072_cap12-07_long_burst_guard_fast-r1-0-aa8cf7c9,cmpl-diag00_a1_s23_llama1b_kv3072_cap12-07_long_burst_guard_fast-r11-0-9273ab8a,2,108,0.4114270990003206
llama1b,3072,12,23,long,burst,handoff,7244.417425073,diag00_a1_s23_llama1b_kv3072_cap12-07_long_burst_guard_fast,guard_fast,cmpl-diag00_a1_s23_llama1b_kv3072_cap12-07_long_burst_guard_fast-r1-0-aa8cf7c9,cmpl-diag00_a1_s23_llama1b_kv3072_cap12-07_long_burst_guard_fast-r5-0-a7ff08c5,89,108,0.521092898000461
llama1b,3072,12,23,long,burst,handoff,7244.61867087,diag00_a1_s23_llama1b_kv3072_cap12-07_long_burst_guard_fast,guard_fast,cmpl-diag00_a1_s23_llama1b_kv3072_cap12-07_long_burst_guard_fast-r9-0-88d59262,cmpl-diag00_a1_s23_llama1b_kv3072_cap12-07_long_burst_guard_fast-r1-0-aa8cf7c9,83,104,0.5280578060001062
llama1b,3072,12,23,long,burst,handoff,7244.811381381,diag00_a1_s23_llama1b_kv3072_cap12-07_long_burst_guard_fast,guard_fast,cmpl-diag00_a1_s23_llama1b_kv3072_cap12-07_long_burst_guard_fast-r11-0-9273ab8a,cmpl-diag00_a1_s23_llama1b_kv3072_cap12-07_long_burst_guard_fast-r9-0-88d59262,87,88,0.39420377199985523
llama1b,3072,12,23,long,burst,handoff,7245.041491878,diag00_a1_s23_llama1b_kv3072_cap12-07_long_burst_guard_fast,guard_fast,cmpl-diag00_a1_s23_llama1b_kv3072_cap12-07_long_burst_guard_fast-r1-0-aa8cf7c9,cmpl-diag00_a1_s23_llama1b_kv3072_cap12-07_long_burst_guard_fast-r11-0-9273ab8a,1,108,0.40725895400009904
llama1b,3072,12,23,long,burst,handoff,7245.151429706,diag00_a1_s23_llama1b_kv3072_cap12-07_long_burst_guard_fast,guard_fast,cmpl-diag00_a1_s23_llama1b_kv3072_cap12-07_long_burst_guard_fast-r1-0-aa8cf7c9,cmpl-diag00_a1_s23_llama1b_kv3072_cap12-07_long_burst_guard_fast-r5-0-a7ff08c5,89,108,0.5171967820006103
llama1b,3072,12,23,long,burst,handoff,7245.353570432,diag00_a1_s23_llama1b_kv3072_cap12-07_long_burst_guard_fast,guard_fast,cmpl-diag00_a1_s23_llama1b_kv3072_cap12-07_long_burst_guard_fast-r9-0-88d59262,cmpl-diag00_a1_s23_llama1b_kv3072_cap12-07_long_burst_guard_fast-r1-0-aa8cf7c9,82,104,0.5264680609998322
llama1b,3072,12,23,long,burst,handoff,7245.545837854,diag00_a1_s23_llama1b_kv3072_cap12-07_long_burst_guard_fast,guard_fast,cmpl-diag00_a1_s23_llama1b_kv3072_cap12-07_long_burst_guard_fast-r11-0-9273ab8a,cmpl-diag00_a1_s23_llama1b_kv3072_cap12-07_long_burst_guard_fast-r9-0-88d59262,87,88,0.39468156499970064
llama1b,3072,12,23,long,burst,handoff,7245.776157017,diag00_a1_s23_llama1b_kv3072_cap12-07_long_burst_guard_fast,guard_fast,cmpl-diag00_a1_s23_llama1b_kv3072_cap12-07_long_burst_guard_fast-r1-0-aa8cf7c9,cmpl-diag00_a1_s23_llama1b_kv3072_cap12-07_long_burst_guard_fast-r11-0-9273ab8a,1,109,0.40881113199975516
llama1b,3072,12,23,long,burst,handoff,7245.881245881,diag00_a1_s23_llama1b_kv3072_cap12-07_long_burst_guard_fast,guard_fast,cmpl-diag00_a1_s23_llama1b_kv3072_cap12-07_long_burst_guard_fast-r1-0-aa8cf7c9,cmpl-diag00_a1_s23_llama1b_kv3072_cap12-07_long_burst_guard_fast-r5-0-a7ff08c5,89,109,0.5138999959999637
llama1b,3072,12,23,long,burst,handoff,7246.078829991,diag00_a1_s23_llama1b_kv3072_cap12-07_long_burst_guard_fast,guard_fast,cmpl-diag00_a1_s23_llama1b_kv3072_cap12-07_long_burst_guard_fast-r9-0-88d59262,cmpl-diag00_a1_s23_llama1b_kv3072_cap12-07_long_burst_guard_fast-r1-0-aa8cf7c9,82,104,0.5183359599996038
llama1b,3072,12,23,long,burst,handoff,7246.26881121,diag00_a1_s23_llama1b_kv3072_cap12-07_long_burst_guard_fast,guard_fast,cmpl-diag00_a1_s23_llama1b_kv3072_cap12-07_long_burst_guard_fast-r11-0-9273ab8a,cmpl-diag00_a1_s23_llama1b_kv3072_cap12-07_long_burst_guard_fast-r9-0-88d59262,87,88,0.38778538800033857
llama1b,3072,12,23,long,burst,handoff,7246.493929439,diag00_a1_s23_llama1b_kv3072_cap12-07_long_burst_guard_fast,guard_fast,cmpl-diag00_a1_s23_llama1b_kv3072_cap12-07_long_burst_guard_fast-r1-0-aa8cf7c9,cmpl-diag00_a1_s23_llama1b_kv3072_cap12-07_long_burst_guard_fast-r11-0-9273ab8a,1,109,0.40135417100009363
llama1b,3072,12,23,long,burst,handoff,7246.602003247,diag00_a1_s23_llama1b_kv3072_cap12-07_long_burst_guard_fast,guard_fast,cmpl-diag00_a1_s23_llama1b_kv3072_cap12-07_long_burst_guard_fast-r1-0-aa8cf7c9,cmpl-diag00_a1_s23_llama1b_kv3072_cap12-07_long_burst_guard_fast-r5-0-a7ff08c5,89,109,0.5094279790000655
llama1b,3072,12,23,long,burst,handoff,7246.803794356,diag00_a1_s23_llama1b_kv3072_cap12-07_long_burst_guard_fast,guard_fast,cmpl-diag00_a1_s23_llama1b_kv3072_cap12-07_long_burst_guard_fast-r9-0-88d59262,cmpl-diag00_a1_s23_llama1b_kv3072_cap12-07_long_burst_guard_fast-r1-0-aa8cf7c9,82,104,0.5206465700002809
llama1b,3072,12,23,long,burst,handoff,7246.988196772,diag00_a1_s23_llama1b_kv3072_cap12-07_long_burst_guard_fast,guard_fast,cmpl-diag00_a1_s23_llama1b_kv3072_cap12-07_long_burst_guard_fast-r11-0-9273ab8a,cmpl-diag00_a1_s23_llama1b_kv3072_cap12-07_long_burst_guard_fast-r9-0-88d59262,87,88,0.3863473810006326
llama1b,3072,12,23,long,burst,handoff,7247.217803218,diag00_a1_s23_llama1b_kv3072_cap12-07_long_burst_guard_fast,guard_fast,cmpl-diag00_a1_s23_llama1b_kv3072_cap12-07_long_burst_guard_fast-r1-0-aa8cf7c9,cmpl-diag00_a1_s23_llama1b_kv3072_cap12-07_long_burst_guard_fast-r11-0-9273ab8a,1,109,0.40188405699973373
llama1b,3072,12,23,long,burst,handoff,7247.325759745,diag00_a1_s23_llama1b_kv3072_cap12-07_long_burst_guard_fast,guard_fast,cmpl-diag00_a1_s23_llama1b_kv3072_cap12-07_long_burst_guard_fast-r1-0-aa8cf7c9,cmpl-diag00_a1_s23_llama1b_kv3072_cap12-07_long_burst_guard_fast-r5-0-a7ff08c5,89,109,0.5098405839999032
llama1b,3072,12,23,long,burst,handoff,7247.524572998,diag00_a1_s23_llama1b_kv3072_cap12-07_long_burst_guard_fast,guard_fast,cmpl-diag00_a1_s23_llama1b_kv3072_cap12-07_long_burst_guard_fast-r9-0-88d59262,cmpl-diag00_a1_s23_llama1b_kv3072_cap12-07_long_burst_guard_fast-r1-0-aa8cf7c9,82,104,0.5190308319997712
llama1b,3072,12,23,long,burst,handoff,7247.717182608,diag00_a1_s23_llama1b_kv3072_cap12-07_long_burst_guard_fast,guard_fast,cmpl-diag00_a1_s23_llama1b_kv3072_cap12-07_long_burst_guard_fast-r11-0-9273ab8a,cmpl-diag00_a1_s23_llama1b_kv3072_cap12-07_long_burst_guard_fast-r9-0-88d59262,87,88,0.39169438499993703
llama1b,3072,12,23,long,burst,handoff,7247.938898374,diag00_a1_s23_llama1b_kv3072_cap12-07_long_burst_guard_fast,guard_fast,cmpl-diag00_a1_s23_llama1b_kv3072_cap12-07_long_burst_guard_fast-r1-0-aa8cf7c9,cmpl-diag00_a1_s23_llama1b_kv3072_cap12-07_long_burst_guard_fast-r11-0-9273ab8a,1,109,0.3983029080000051
llama1b,3072,12,23,long,burst,handoff,7248.045284175,diag00_a1_s23_llama1b_kv3072_cap12-07_long_burst_guard_fast,guard_fast,cmpl-diag00_a1_s23_llama1b_kv3072_cap12-07_long_burst_guard_fast-r1-0-aa8cf7c9,cmpl-diag00_a1_s23_llama1b_kv3072_cap12-07_long_burst_guard_fast-r5-0-a7ff08c5,89,109,0.5046887090002201
llama1b,3072,12,23,long,burst,handoff,7248.24018895,diag00_a1_s23_llama1b_kv3072_cap12-07_long_burst_guard_fast,guard_fast,cmpl-diag00_a1_s23_llama1b_kv3072_cap12-07_long_burst_guard_fast-r9-0-88d59262,cmpl-diag00_a1_s23_llama1b_kv3072_cap12-07_long_burst_guard_fast-r1-0-aa8cf7c9,82,104,0.5097922320001089
llama1b,3072,12,23,long,burst,handoff,7248.431846887,diag00_a1_s23_llama1b_kv3072_cap12-07_long_burst_guard_fast,guard_fast,cmpl-diag00_a1_s23_llama1b_kv3072_cap12-07_long_burst_guard_fast-r11-0-9273ab8a,cmpl-diag00_a1_s23_llama1b_kv3072_cap12-07_long_burst_guard_fast-r9-0-88d59262,87,89,0.3869298239997079
llama1b,3072,12,23,long,burst,handoff,7248.656473835,diag00_a1_s23_llama1b_kv3072_cap12-07_long_burst_guard_fast,guard_fast,cmpl-diag00_a1_s23_llama1b_kv3072_cap12-07_long_burst_guard_fast-r1-0-aa8cf7c9,cmpl-diag00_a1_s23_llama1b_kv3072_cap12-07_long_burst_guard_fast-r11-0-9273ab8a,0,109,0.400086005999583
llama1b,3072,12,23,long,burst,handoff,7248.765537058,diag00_a1_s23_llama1b_kv3072_cap12-07_long_burst_guard_fast,guard_fast,cmpl-diag00_a1_s23_llama1b_kv3072_cap12-07_long_burst_guard_fast-r1-0-aa8cf7c9,cmpl-diag00_a1_s23_llama1b_kv3072_cap12-07_long_burst_guard_fast-r5-0-a7ff08c5,89,109,0.5091492289993766
llama1b,3072,12,23,long,burst,handoff,7248.962415082,diag00_a1_s23_llama1b_kv3072_cap12-07_long_burst_guard_fast,guard_fast,cmpl-diag00_a1_s23_llama1b_kv3072_cap12-07_long_burst_guard_fast-r9-0-88d59262,cmpl-diag00_a1_s23_llama1b_kv3072_cap12-07_long_burst_guard_fast-r1-0-aa8cf7c9,82,105,0.5174862209996718
llama1b,3072,12,23,long,burst,handoff,7249.156597934,diag00_a1_s23_llama1b_kv3072_cap12-07_long_burst_guard_fast,guard_fast,cmpl-diag00_a1_s23_llama1b_kv3072_cap12-07_long_burst_guard_fast-r11-0-9273ab8a,cmpl-diag00_a1_s23_llama1b_kv3072_cap12-07_long_burst_guard_fast-r9-0-88d59262,86,89,0.39128325799993036
llama1b,3072,12,23,long,burst,handoff,7249.382238186,diag00_a1_s23_llama1b_kv3072_cap12-07_long_burst_guard_fast,guard_fast,cmpl-diag00_a1_s23_llama1b_kv3072_cap12-07_long_burst_guard_fast-r1-0-aa8cf7c9,cmpl-diag00_a1_s23_llama1b_kv3072_cap12-07_long_burst_guard_fast-r11-0-9273ab8a,0,109,0.4070707749997382
llama1b,3072,12,23,long,burst,handoff,7249.490344039,diag00_a1_s23_llama1b_kv3072_cap12-07_long_burst_guard_fast,guard_fast,cmpl-diag00_a1_s23_llama1b_kv3072_cap12-07_long_burst_guard_fast-r1-0-aa8cf7c9,cmpl-diag00_a1_s23_llama1b_kv3072_cap12-07_long_burst_guard_fast-r5-0-a7ff08c5,89,109,0.5151766279996082
llama1b,3072,12,23,long,burst,handoff,7249.689710379,diag00_a1_s23_llama1b_kv3072_cap12-07_long_burst_guard_fast,guard_fast,cmpl-diag00_a1_s23_llama1b_kv3072_cap12-07_long_burst_guard_fast-r9-0-88d59262,cmpl-diag00_a1_s23_llama1b_kv3072_cap12-07_long_burst_guard_fast-r1-0-aa8cf7c9,82,105,0.5179006560001653
llama1b,3072,12,23,long,burst,handoff,7249.882422038,diag00_a1_s23_llama1b_kv3072_cap12-07_long_burst_guard_fast,guard_fast,cmpl-diag00_a1_s23_llama1b_kv3072_cap12-07_long_burst_guard_fast-r11-0-9273ab8a,cmpl-diag00_a1_s23_llama1b_kv3072_cap12-07_long_burst_guard_fast-r9-0-88d59262,86,89,0.39228896599979635
llama1b,3072,12,23,long,burst,handoff,7250.107449284,diag00_a1_s23_llama1b_kv3072_cap12-07_long_burst_guard_fast,guard_fast,cmpl-diag00_a1_s23_llama1b_kv3072_cap12-07_long_burst_guard_fast-r1-0-aa8cf7c9,cmpl-diag00_a1_s23_llama1b_kv3072_cap12-07_long_burst_guard_fast-r11-0-9273ab8a,0,109,0.4049944629996389
llama1b,3072,12,23,long,burst,handoff,7250.214576319,diag00_a1_s23_llama1b_kv3072_cap12-07_long_burst_guard_fast,guard_fast,cmpl-diag00_a1_s23_llama1b_kv3072_cap12-07_long_burst_guard_fast-r1-0-aa8cf7c9,cmpl-diag00_a1_s23_llama1b_kv3072_cap12-07_long_burst_guard_fast-r5-0-a7ff08c5,88,109,0.5121214979999422
llama1b,3072,12,23,long,burst,handoff,7250.412721055,diag00_a1_s23_llama1b_kv3072_cap12-07_long_burst_guard_fast,guard_fast,cmpl-diag00_a1_s23_llama1b_kv3072_cap12-07_long_burst_guard_fast-r9-0-88d59262,cmpl-diag00_a1_s23_llama1b_kv3072_cap12-07_long_burst_guard_fast-r1-0-aa8cf7c9,82,105,0.5146500539995031
llama1b,3072,12,23,long,burst,handoff,7250.61056546,diag00_a1_s23_llama1b_kv3072_cap12-07_long_burst_guard_fast,guard_fast,cmpl-diag00_a1_s23_llama1b_kv3072_cap12-07_long_burst_guard_fast-r11-0-9273ab8a,cmpl-diag00_a1_s23_llama1b_kv3072_cap12-07_long_burst_guard_fast-r9-0-88d59262,86,89,0.39620755099986127
llama1b,3072,12,23,long,burst,handoff,7250.778632351,diag00_a1_s23_llama1b_kv3072_cap12-07_long_burst_guard_fast,guard_fast,cmpl-diag00_a1_s23_llama1b_kv3072_cap12-07_long_burst_guard_fast-r5-0-a7ff08c5,cmpl-diag00_a1_s23_llama1b_kv3072_cap12-07_long_burst_guard_fast-r11-0-9273ab8a,102,103,0.5500978310001301
llama1b,3072,12,23,long,burst,handoff,7250.960482045,diag00_a1_s23_llama1b_kv3072_cap12-07_long_burst_guard_fast,guard_fast,cmpl-diag00_a1_s23_llama1b_kv3072_cap12-07_long_burst_guard_fast-r1-0-aa8cf7c9,cmpl-diag00_a1_s23_llama1b_kv3072_cap12-07_long_burst_guard_fast-r5-0-a7ff08c5,88,109,0.5317923220000011
llama1b,3072,12,23,long,burst,handoff,7251.159761714,diag00_a1_s23_llama1b_kv3072_cap12-07_long_burst_guard_fast,guard_fast,cmpl-diag00_a1_s23_llama1b_kv3072_cap12-07_long_burst_guard_fast-r9-0-88d59262,cmpl-diag00_a1_s23_llama1b_kv3072_cap12-07_long_burst_guard_fast-r1-0-aa8cf7c9,81,105,0.5341825359992072
llama1b,3072,12,23,long,burst,handoff,7251.355293486,diag00_a1_s23_llama1b_kv3072_cap12-07_long_burst_guard_fast,guard_fast,cmpl-diag00_a1_s23_llama1b_kv3072_cap12-07_long_burst_guard_fast-r11-0-9273ab8a,cmpl-diag00_a1_s23_llama1b_kv3072_cap12-07_long_burst_guard_fast-r9-0-88d59262,86,89,0.5613596329994834
llama1b,3072,12,23,long,burst,handoff,7251.525224109,diag00_a1_s23_llama1b_kv3072_cap12-07_long_burst_guard_fast,guard_fast,cmpl-diag00_a1_s23_llama1b_kv3072_cap12-07_long_burst_guard_fast-r5-0-a7ff08c5,cmpl-diag00_a1_s23_llama1b_kv3072_cap12-07_long_burst_guard_fast-r11-0-9273ab8a,102,103,0.5496365170001809
llama1b,3072,12,23,long,burst,handoff,7251.713822726,diag00_a1_s23_llama1b_kv3072_cap12-07_long_burst_guard_fast,guard_fast,cmpl-diag00_a1_s23_llama1b_kv3072_cap12-07_long_burst_guard_fast-r1-0-aa8cf7c9,cmpl-diag00_a1_s23_llama1b_kv3072_cap12-07_long_burst_guard_fast-r5-0-a7ff08c5,88,110,0.5384518740002022
llama1b,3072,12,23,long,burst,handoff,7251.907526224,diag00_a1_s23_llama1b_kv3072_cap12-07_long_burst_guard_fast,guard_fast,cmpl-diag00_a1_s23_llama1b_kv3072_cap12-07_long_burst_guard_fast-r9-0-88d59262,cmpl-diag00_a1_s23_llama1b_kv3072_cap12-07_long_burst_guard_fast-r1-0-aa8cf7c9,81,105,0.536797425000259
llama1b,3072,12,23,long,burst,handoff,7252.104594076,diag00_a1_s23_llama1b_kv3072_cap12-07_long_burst_guard_fast,guard_fast,cmpl-diag00_a1_s23_llama1b_kv3072_cap12-07_long_burst_guard_fast-r11-0-9273ab8a,cmpl-diag00_a1_s23_llama1b_kv3072_cap12-07_long_burst_guard_fast-r9-0-88d59262,86,89,0.5649501859998054
llama1b,3072,12,23,long,burst,handoff,7252.276064596,diag00_a1_s23_llama1b_kv3072_cap12-07_long_burst_guard_fast,guard_fast,cmpl-diag00_a1_s23_llama1b_kv3072_cap12-07_long_burst_guard_fast-r5-0-a7ff08c5,cmpl-diag00_a1_s23_llama1b_kv3072_cap12-07_long_burst_guard_fast-r11-0-9273ab8a,102,103,0.5467646899996907
llama1b,3072,12,23,long,burst,handoff,7252.460757817,diag00_a1_s23_llama1b_kv3072_cap12-07_long_burst_guard_fast,guard_fast,cmpl-diag00_a1_s23_llama1b_kv3072_cap12-07_long_burst_guard_fast-r1-0-aa8cf7c9,cmpl-diag00_a1_s23_llama1b_kv3072_cap12-07_long_burst_guard_fast-r5-0-a7ff08c5,88,110,0.5380902169999899
llama1b,3072,12,23,long,burst,handoff,7252.659487054,diag00_a1_s23_llama1b_kv3072_cap12-07_long_burst_guard_fast,guard_fast,cmpl-diag00_a1_s23_llama1b_kv3072_cap12-07_long_burst_guard_fast-r9-0-88d59262,cmpl-diag00_a1_s23_llama1b_kv3072_cap12-07_long_burst_guard_fast-r1-0-aa8cf7c9,81,105,0.5411368350005432
llama1b,3072,12,23,long,burst,handoff,7252.85382439,diag00_a1_s23_llama1b_kv3072_cap12-07_long_burst_guard_fast,guard_fast,cmpl-diag00_a1_s23_llama1b_kv3072_cap12-07_long_burst_guard_fast-r11-0-9273ab8a,cmpl-diag00_a1_s23_llama1b_kv3072_cap12-07_long_burst_guard_fast-r9-0-88d59262,86,89,0.5616316579998966
llama1b,3072,12,23,long,burst,handoff,7253.02010029,diag00_a1_s23_llama1b_kv3072_cap12-07_long_burst_guard_fast,guard_fast,cmpl-diag00_a1_s23_llama1b_kv3072_cap12-07_long_burst_guard_fast-r5-0-a7ff08c5,cmpl-diag00_a1_s23_llama1b_kv3072_cap12-07_long_burst_guard_fast-r11-0-9273ab8a,102,103,0.544900155000505
llama1b,3072,12,23,long,burst,handoff,7253.206159982,diag00_a1_s23_llama1b_kv3072_cap12-07_long_burst_guard_fast,guard_fast,cmpl-diag00_a1_s23_llama1b_kv3072_cap12-07_long_burst_guard_fast-r1-0-aa8cf7c9,cmpl-diag00_a1_s23_llama1b_kv3072_cap12-07_long_burst_guard_fast-r5-0-a7ff08c5,88,110,0.5329311329996926
llama1b,3072,12,23,long,burst,handoff,7253.405380957,diag00_a1_s23_llama1b_kv3072_cap12-07_long_burst_guard_fast,guard_fast,cmpl-diag00_a1_s23_llama1b_kv3072_cap12-07_long_burst_guard_fast-r9-0-88d59262,cmpl-diag00_a1_s23_llama1b_kv3072_cap12-07_long_burst_guard_fast-r1-0-aa8cf7c9,81,105,0.5379623749995517
llama1b,3072,12,23,long,burst,handoff,7253.6019376,diag00_a1_s23_llama1b_kv3072_cap12-07_long_burst_guard_fast,guard_fast,cmpl-diag00_a1_s23_llama1b_kv3072_cap12-07_long_burst_guard_fast-r11-0-9273ab8a,cmpl-diag00_a1_s23_llama1b_kv3072_cap12-07_long_burst_guard_fast-r9-0-88d59262,86,89,0.5672586560003765
llama1b,3072,12,23,long,burst,handoff,7253.772585271,diag00_a1_s23_llama1b_kv3072_cap12-07_long_burst_guard_fast,guard_fast,cmpl-diag00_a1_s23_llama1b_kv3072_cap12-07_long_burst_guard_fast-r5-0-a7ff08c5,cmpl-diag00_a1_s23_llama1b_kv3072_cap12-07_long_burst_guard_fast-r11-0-9273ab8a,102,103,0.5506011650004439
llama1b,3072,12,23,long,burst,handoff,7253.958055344,diag00_a1_s23_llama1b_kv3072_cap12-07_long_burst_guard_fast,guard_fast,cmpl-diag00_a1_s23_llama1b_kv3072_cap12-07_long_burst_guard_fast-r1-0-aa8cf7c9,cmpl-diag00_a1_s23_llama1b_kv3072_cap12-07_long_burst_guard_fast-r5-0-a7ff08c5,88,110,0.5374181220004175
llama1b,3072,12,23,long,burst,handoff,7254.158028846,diag00_a1_s23_llama1b_kv3072_cap12-07_long_burst_guard_fast,guard_fast,cmpl-diag00_a1_s23_llama1b_kv3072_cap12-07_long_burst_guard_fast-r9-0-88d59262,cmpl-diag00_a1_s23_llama1b_kv3072_cap12-07_long_burst_guard_fast-r1-0-aa8cf7c9,81,105,0.5417706999996881
llama1b,3072,12,23,long,burst,handoff,7254.353947802,diag00_a1_s23_llama1b_kv3072_cap12-07_long_burst_guard_fast,guard_fast,cmpl-diag00_a1_s23_llama1b_kv3072_cap12-07_long_burst_guard_fast-r11-0-9273ab8a,cmpl-diag00_a1_s23_llama1b_kv3072_cap12-07_long_burst_guard_fast-r9-0-88d59262,86,90,0.5670393589998639
llama1b,3072,12,23,long,burst,handoff,7254.524242594,diag00_a1_s23_llama1b_kv3072_cap12-07_long_burst_guard_fast,guard_fast,cmpl-diag00_a1_s23_llama1b_kv3072_cap12-07_long_burst_guard_fast-r5-0-a7ff08c5,cmpl-diag00_a1_s23_llama1b_kv3072_cap12-07_long_burst_guard_fast-r11-0-9273ab8a,101,103,0.552310268999463
llama1b,3072,12,23,long,burst,handoff,7254.714156584,diag00_a1_s23_llama1b_kv3072_cap12-07_long_burst_guard_fast,guard_fast,cmpl-diag00_a1_s23_llama1b_kv3072_cap12-07_long_burst_guard_fast-r1-0-aa8cf7c9,cmpl-diag00_a1_s23_llama1b_kv3072_cap12-07_long_burst_guard_fast-r5-0-a7ff08c5,88,110,0.5432274060003692
llama1b,3072,12,23,long,burst,handoff,7254.9104389,diag00_a1_s23_llama1b_kv3072_cap12-07_long_burst_guard_fast,guard_fast,cmpl-diag00_a1_s23_llama1b_kv3072_cap12-07_long_burst_guard_fast-r9-0-88d59262,cmpl-diag00_a1_s23_llama1b_kv3072_cap12-07_long_burst_guard_fast-r1-0-aa8cf7c9,81,106,0.5402236030004133
llama1b,3072,12,23,long,burst,handoff,7255.104296722,diag00_a1_s23_llama1b_kv3072_cap12-07_long_burst_guard_fast,guard_fast,cmpl-diag00_a1_s23_llama1b_kv3072_cap12-07_long_burst_guard_fast-r11-0-9273ab8a,cmpl-diag00_a1_s23_llama1b_kv3072_cap12-07_long_burst_guard_fast-r9-0-88d59262,85,90,0.5664630179999222
llama1b,3072,12,23,long,burst,handoff,7255.275600529,diag00_a1_s23_llama1b_kv3072_cap12-07_long_burst_guard_fast,guard_fast,cmpl-diag00_a1_s23_llama1b_kv3072_cap12-07_long_burst_guard_fast-r5-0-a7ff08c5,cmpl-diag00_a1_s23_llama1b_kv3072_cap12-07_long_burst_guard_fast-r11-0-9273ab8a,101,103,0.5460856340005193
llama1b,3072,12,23,long,burst,handoff,7255.46360819,diag00_a1_s23_llama1b_kv3072_cap12-07_long_burst_guard_fast,guard_fast,cmpl-diag00_a1_s23_llama1b_kv3072_cap12-07_long_burst_guard_fast-r1-0-aa8cf7c9,cmpl-diag00_a1_s23_llama1b_kv3072_cap12-07_long_burst_guard_fast-r5-0-a7ff08c5,88,110,0.5386174119994394
llama1b,3072,12,23,long,burst,handoff,7255.659069023,diag00_a1_s23_llama1b_kv3072_cap12-07_long_burst_guard_fast,guard_fast,cmpl-diag00_a1_s23_llama1b_kv3072_cap12-07_long_burst_guard_fast-r9-0-88d59262,cmpl-diag00_a1_s23_llama1b_kv3072_cap12-07_long_burst_guard_fast-r1-0-aa8cf7c9,81,106,0.5400280689991632
llama1b,3072,12,23,long,burst,handoff,7255.853938756,diag00_a1_s23_llama1b_kv3072_cap12-07_long_burst_guard_fast,guard_fast,cmpl-diag00_a1_s23_llama1b_kv3072_cap12-07_long_burst_guard_fast-r11-0-9273ab8a,cmpl-diag00_a1_s23_llama1b_kv3072_cap12-07_long_burst_guard_fast-r9-0-88d59262,85,90,0.5658677960000205
llama1b,3072,12,23,long,burst,handoff,7256.021100242,diag00_a1_s23_llama1b_kv3072_cap12-07_long_burst_guard_fast,guard_fast,cmpl-diag00_a1_s23_llama1b_kv3072_cap12-07_long_burst_guard_fast-r5-0-a7ff08c5,cmpl-diag00_a1_s23_llama1b_kv3072_cap12-07_long_burst_guard_fast-r11-0-9273ab8a,101,103,0.5435072299997046
llama1b,3072,12,23,long,burst,handoff,7256.213384577,diag00_a1_s23_llama1b_kv3072_cap12-07_long_burst_guard_fast,guard_fast,cmpl-diag00_a1_s23_llama1b_kv3072_cap12-07_long_burst_guard_fast-r1-0-aa8cf7c9,cmpl-diag00_a1_s23_llama1b_kv3072_cap12-07_long_burst_guard_fast-r5-0-a7ff08c5,87,110,0.5398947180001414
llama1b,3072,12,23,long,burst,handoff,7256.407297293,diag00_a1_s23_llama1b_kv3072_cap12-07_long_burst_guard_fast,guard_fast,cmpl-diag00_a1_s23_llama1b_kv3072_cap12-07_long_burst_guard_fast-r9-0-88d59262,cmpl-diag00_a1_s23_llama1b_kv3072_cap12-07_long_burst_guard_fast-r1-0-aa8cf7c9,81,106,0.5394356409997272
llama1b,3072,12,23,long,burst,handoff,7256.602947387,diag00_a1_s23_llama1b_kv3072_cap12-07_long_burst_guard_fast,guard_fast,cmpl-diag00_a1_s23_llama1b_kv3072_cap12-07_long_burst_guard_fast-r11-0-9273ab8a,cmpl-diag00_a1_s23_llama1b_kv3072_cap12-07_long_burst_guard_fast-r9-0-88d59262,85,90,0.5670383120004772
llama1b,3072,12,23,long,burst,handoff,7256.773525973,diag00_a1_s23_llama1b_kv3072_cap12-07_long_burst_guard_fast,guard_fast,cmpl-diag00_a1_s23_llama1b_kv3072_cap12-07_long_burst_guard_fast-r5-0-a7ff08c5,cmpl-diag00_a1_s23_llama1b_kv3072_cap12-07_long_burst_guard_fast-r11-0-9273ab8a,101,104,0.5477631439998731
llama1b,3072,12,23,long,burst,handoff,7256.963429376,diag00_a1_s23_llama1b_kv3072_cap12-07_long_burst_guard_fast,guard_fast,cmpl-diag00_a1_s23_llama1b_kv3072_cap12-07_long_burst_guard_fast-r1-0-aa8cf7c9,cmpl-diag00_a1_s23_llama1b_kv3072_cap12-07_long_burst_guard_fast-r5-0-a7ff08c5,87,110,0.5398179140001957
llama1b,3072,12,23,long,burst,handoff,7257.163142763,diag00_a1_s23_llama1b_kv3072_cap12-07_long_burst_guard_fast,guard_fast,cmpl-diag00_a1_s23_llama1b_kv3072_cap12-07_long_burst_guard_fast-r9-0-88d59262,cmpl-diag00_a1_s23_llama1b_kv3072_cap12-07_long_burst_guard_fast-r1-0-aa8cf7c9,80,106,0.5452800639995985
llama1b,3072,12,23,long,burst,handoff,7257.357363771,diag00_a1_s23_llama1b_kv3072_cap12-07_long_burst_guard_fast,guard_fast,cmpl-diag00_a1_s23_llama1b_kv3072_cap12-07_long_burst_guard_fast-r11-0-9273ab8a,cmpl-diag00_a1_s23_llama1b_kv3072_cap12-07_long_burst_guard_fast-r9-0-88d59262,85,90,0.5681205959999716
llama1b,3072,12,23,long,burst,handoff,7257.526834091,diag00_a1_s23_llama1b_kv3072_cap12-07_long_burst_guard_fast,guard_fast,cmpl-diag00_a1_s23_llama1b_kv3072_cap12-07_long_burst_guard_fast-r5-0-a7ff08c5,cmpl-diag00_a1_s23_llama1b_kv3072_cap12-07_long_burst_guard_fast-r11-0-9273ab8a,101,104,0.5495270869996602
llama1b,3072,12,23,long,burst,handoff,7257.717837628,diag00_a1_s23_llama1b_kv3072_cap12-07_long_burst_guard_fast,guard_fast,cmpl-diag00_a1_s23_llama1b_kv3072_cap12-07_long_burst_guard_fast-r1-0-aa8cf7c9,cmpl-diag00_a1_s23_llama1b_kv3072_cap12-07_long_burst_guard_fast-r5-0-a7ff08c5,87,111,0.5389821019998635
llama1b,3072,12,23,long,burst,handoff,7257.916988758,diag00_a1_s23_llama1b_kv3072_cap12-07_long_burst_guard_fast,guard_fast,cmpl-diag00_a1_s23_llama1b_kv3072_cap12-07_long_burst_guard_fast-r9-0-88d59262,cmpl-diag00_a1_s23_llama1b_kv3072_cap12-07_long_burst_guard_fast-r1-0-aa8cf7c9,80,106,0.5450488380001843
llama1b,3072,12,23,long,burst,handoff,7258.112733713,diag00_a1_s23_llama1b_kv3072_cap12-07_long_burst_guard_fast,guard_fast,cmpl-diag00_a1_s23_llama1b_kv3072_cap12-07_long_burst_guard_fast-r11-0-9273ab8a,cmpl-diag00_a1_s23_llama1b_kv3072_cap12-07_long_burst_guard_fast-r9-0-88d59262,85,90,0.5707326540004942
llama1b,3072,12,23,long,burst,handoff,7258.282281034,diag00_a1_s23_llama1b_kv3072_cap12-07_long_burst_guard_fast,guard_fast,cmpl-diag00_a1_s23_llama1b_kv3072_cap12-07_long_burst_guard_fast-r5-0-a7ff08c5,cmpl-diag00_a1_s23_llama1b_kv3072_cap12-07_long_burst_guard_fast-r11-0-9273ab8a,101,104,0.54988424900057
llama1b,3072,12,23,long,burst,handoff,7258.474024165,diag00_a1_s23_llama1b_kv3072_cap12-07_long_burst_guard_fast,guard_fast,cmpl-diag00_a1_s23_llama1b_kv3072_cap12-07_long_burst_guard_fast-r1-0-aa8cf7c9,cmpl-diag00_a1_s23_llama1b_kv3072_cap12-07_long_burst_guard_fast-r5-0-a7ff08c5,87,111,0.5423912659998678
llama1b,3072,12,23,long,burst,handoff,7258.674795784,diag00_a1_s23_llama1b_kv3072_cap12-07_long_burst_guard_fast,guard_fast,cmpl-diag00_a1_s23_llama1b_kv3072_cap12-07_long_burst_guard_fast-r9-0-88d59262,cmpl-diag00_a1_s23_llama1b_kv3072_cap12-07_long_burst_guard_fast-r1-0-aa8cf7c9,80,106,0.5482050059999892
llama1b,3072,12,23,long,burst,handoff,7258.869071803,diag00_a1_s23_llama1b_kv3072_cap12-07_long_burst_guard_fast,guard_fast,cmpl-diag00_a1_s23_llama1b_kv3072_cap12-07_long_burst_guard_fast-r11-0-9273ab8a,cmpl-diag00_a1_s23_llama1b_kv3072_cap12-07_long_burst_guard_fast-r9-0-88d59262,85,90,0.5709434190002867
llama1b,3072,12,23,long,burst,handoff,7259.039341644,diag00_a1_s23_llama1b_kv3072_cap12-07_long_burst_guard_fast,guard_fast,cmpl-diag00_a1_s23_llama1b_kv3072_cap12-07_long_burst_guard_fast-r5-0-a7ff08c5,cmpl-diag00_a1_s23_llama1b_kv3072_cap12-07_long_burst_guard_fast-r11-0-9273ab8a,101,104,0.549736848000066
llama1b,3072,12,23,long,burst,handoff,7259.225924041,diag00_a1_s23_llama1b_kv3072_cap12-07_long_burst_guard_fast,guard_fast,cmpl-diag00_a1_s23_llama1b_kv3072_cap12-07_long_burst_guard_fast-r1-0-aa8cf7c9,cmpl-diag00_a1_s23_llama1b_kv3072_cap12-07_long_burst_guard_fast-r5-0-a7ff08c5,87,111,0.5365325420007139
llama1b,3072,12,23,long,burst,handoff,7259.425172128,diag00_a1_s23_llama1b_kv3072_cap12-07_long_burst_guard_fast,guard_fast,cmpl-diag00_a1_s23_llama1b_kv3072_cap12-07_long_burst_guard_fast-r9-0-88d59262,cmpl-diag00_a1_s23_llama1b_kv3072_cap12-07_long_burst_guard_fast-r1-0-aa8cf7c9,80,106,0.5414286870000069
llama1b,3072,12,23,long,burst,handoff,7259.626585441,diag00_a1_s23_llama1b_kv3072_cap12-07_long_burst_guard_fast,guard_fast,cmpl-diag00_a1_s23_llama1b_kv3072_cap12-07_long_burst_guard_fast-r11-0-9273ab8a,cmpl-diag00_a1_s23_llama1b_kv3072_cap12-07_long_burst_guard_fast-r9-0-88d59262,85,90,0.5720596680002927
llama1b,3072,12,23,long,burst,handoff,7259.799463422,diag00_a1_s23_llama1b_kv3072_cap12-07_long_burst_guard_fast,guard_fast,cmpl-diag00_a1_s23_llama1b_kv3072_cap12-07_long_burst_guard_fast-r5-0-a7ff08c5,cmpl-diag00_a1_s23_llama1b_kv3072_cap12-07_long_burst_guard_fast-r11-0-9273ab8a,101,104,0.5571942440001294
llama1b,3072,12,23,long,burst,handoff,7259.994227662,diag00_a1_s23_llama1b_kv3072_cap12-07_long_burst_guard_fast,guard_fast,cmpl-diag00_a1_s23_llama1b_kv3072_cap12-07_long_burst_guard_fast-r1-0-aa8cf7c9,cmpl-diag00_a1_s23_llama1b_kv3072_cap12-07_long_burst_guard_fast-r5-0-a7ff08c5,87,111,0.5529048150001472
llama1b,3072,12,23,long,burst,handoff,7260.197240628,diag00_a1_s23_llama1b_kv3072_cap12-07_long_burst_guard_fast,guard_fast,cmpl-diag00_a1_s23_llama1b_kv3072_cap12-07_long_burst_guard_fast-r9-0-88d59262,cmpl-diag00_a1_s23_llama1b_kv3072_cap12-07_long_burst_guard_fast-r1-0-aa8cf7c9,80,106,0.5562369930003115
llama1b,3072,12,23,long,burst,handoff,7260.393540036,diag00_a1_s23_llama1b_kv3072_cap12-07_long_burst_guard_fast,guard_fast,cmpl-diag00_a1_s23_llama1b_kv3072_cap12-07_long_burst_guard_fast-r11-0-9273ab8a,cmpl-diag00_a1_s23_llama1b_kv3072_cap12-07_long_burst_guard_fast-r9-0-88d59262,85,91,0.579184621999957
llama1b,3072,12,23,long,burst,handoff,7260.565335817,diag00_a1_s23_llama1b_kv3072_cap12-07_long_burst_guard_fast,guard_fast,cmpl-diag00_a1_s23_llama1b_kv3072_cap12-07_long_burst_guard_fast-r5-0-a7ff08c5,cmpl-diag00_a1_s23_llama1b_kv3072_cap12-07_long_burst_guard_fast-r11-0-9273ab8a,100,104,0.5551143070006219
llama1b,3072,12,23,long,burst,handoff,7260.753698828,diag00_a1_s23_llama1b_kv3072_cap12-07_long_burst_guard_fast,guard_fast,cmpl-diag00_a1_s23_llama1b_kv3072_cap12-07_long_burst_guard_fast-r1-0-aa8cf7c9,cmpl-diag00_a1_s23_llama1b_kv3072_cap12-07_long_burst_guard_fast-r5-0-a7ff08c5,87,111,0.5423066969997308
llama1b,3072,12,23,long,burst,handoff,7260.952232503,diag00_a1_s23_llama1b_kv3072_cap12-07_long_burst_guard_fast,guard_fast,cmpl-diag00_a1_s23_llama1b_kv3072_cap12-07_long_burst_guard_fast-r9-0-88d59262,cmpl-diag00_a1_s23_llama1b_kv3072_cap12-07_long_burst_guard_fast-r1-0-aa8cf7c9,80,107,0.543140054000105
llama1b,3072,12,23,long,burst,handoff,7261.148647856,diag00_a1_s23_llama1b_kv3072_cap12-07_long_burst_guard_fast,guard_fast,cmpl-diag00_a1_s23_llama1b_kv3072_cap12-07_long_burst_guard_fast-r11-0-9273ab8a,cmpl-diag00_a1_s23_llama1b_kv3072_cap12-07_long_burst_guard_fast-r9-0-88d59262,84,91,0.5676687750001292
llama1b,3072,12,23,long,burst,handoff,7261.320859432,diag00_a1_s23_llama1b_kv3072_cap12-07_long_burst_guard_fast,guard_fast,cmpl-diag00_a1_s23_llama1b_kv3072_cap12-07_long_burst_guard_fast-r5-0-a7ff08c5,cmpl-diag00_a1_s23_llama1b_kv3072_cap12-07_long_burst_guard_fast-r11-0-9273ab8a,100,104,0.5526603110001815
llama1b,3072,12,23,long,burst,handoff,7261.510723824,diag00_a1_s23_llama1b_kv3072_cap12-07_long_burst_guard_fast,guard_fast,cmpl-diag00_a1_s23_llama1b_kv3072_cap12-07_long_burst_guard_fast-r1-0-aa8cf7c9,cmpl-diag00_a1_s23_llama1b_kv3072_cap12-07_long_burst_guard_fast-r5-0-a7ff08c5,87,111,0.5432392510001591
llama1b,3072,12,23,long,burst,handoff,7261.708574201,diag00_a1_s23_llama1b_kv3072_cap12-07_long_burst_guard_fast,guard_fast,cmpl-diag00_a1_s23_llama1b_kv3072_cap12-07_long_burst_guard_fast-r9-0-88d59262,cmpl-diag00_a1_s23_llama1b_kv3072_cap12-07_long_burst_guard_fast-r1-0-aa8cf7c9,80,107,0.5452527209999971
llama1b,3072,12,23,long,burst,handoff,7261.907181065,diag00_a1_s23_llama1b_kv3072_cap12-07_long_burst_guard_fast,guard_fast,cmpl-diag00_a1_s23_llama1b_kv3072_cap12-07_long_burst_guard_fast-r11-0-9273ab8a,cmpl-diag00_a1_s23_llama1b_kv3072_cap12-07_long_burst_guard_fast-r9-0-88d59262,84,91,0.5731566889999158
llama1b,3072,12,23,long,burst,handoff,7262.081263527,diag00_a1_s23_llama1b_kv3072_cap12-07_long_burst_guard_fast,guard_fast,cmpl-diag00_a1_s23_llama1b_kv3072_cap12-07_long_burst_guard_fast-r1-0-aa8cf7c9,cmpl-diag00_a1_s23_llama1b_kv3072_cap12-07_long_burst_guard_fast-r11-0-9273ab8a,100,111,0.3591237770006046
llama1b,3072,12,23,long,burst,handoff,7262.280645065,diag00_a1_s23_llama1b_kv3072_cap12-07_long_burst_guard_fast,guard_fast,cmpl-diag00_a1_s23_llama1b_kv3072_cap12-07_long_burst_guard_fast-r9-0-88d59262,cmpl-diag00_a1_s23_llama1b_kv3072_cap12-07_long_burst_guard_fast-r1-0-aa8cf7c9,80,107,0.35658522799985803
llama1b,3072,12,23,long,burst,handoff,7262.475773367,diag00_a1_s23_llama1b_kv3072_cap12-07_long_burst_guard_fast,guard_fast,cmpl-diag00_a1_s23_llama1b_kv3072_cap12-07_long_burst_guard_fast-r11-0-9273ab8a,cmpl-diag00_a1_s23_llama1b_kv3072_cap12-07_long_burst_guard_fast-r9-0-88d59262,84,91,0.37889876300050673
llama1b,3072,12,23,long,burst,handoff,7262.646420081,diag00_a1_s23_llama1b_kv3072_cap12-07_long_burst_guard_fast,guard_fast,cmpl-diag00_a1_s23_llama1b_kv3072_cap12-07_long_burst_guard_fast-r1-0-aa8cf7c9,cmpl-diag00_a1_s23_llama1b_kv3072_cap12-07_long_burst_guard_fast-r11-0-9273ab8a,100,111,0.3518770289992972
llama1b,3072,12,23,long,burst,handoff,7262.846274458,diag00_a1_s23_llama1b_kv3072_cap12-07_long_burst_guard_fast,guard_fast,cmpl-diag00_a1_s23_llama1b_kv3072_cap12-07_long_burst_guard_fast-r9-0-88d59262,cmpl-diag00_a1_s23_llama1b_kv3072_cap12-07_long_burst_guard_fast-r1-0-aa8cf7c9,79,107,0.3556644910004252
llama1b,3072,12,23,long,burst,handoff,7263.044633748,diag00_a1_s23_llama1b_kv3072_cap12-07_long_burst_guard_fast,guard_fast,cmpl-diag00_a1_s23_llama1b_kv3072_cap12-07_long_burst_guard_fast-r11-0-9273ab8a,cmpl-diag00_a1_s23_llama1b_kv3072_cap12-07_long_burst_guard_fast-r9-0-88d59262,84,91,0.3831214719994023
llama1b,3072,12,23,long,burst,handoff,7263.214770169,diag00_a1_s23_llama1b_kv3072_cap12-07_long_burst_guard_fast,guard_fast,cmpl-diag00_a1_s23_llama1b_kv3072_cap12-07_long_burst_guard_fast-r1-0-aa8cf7c9,cmpl-diag00_a1_s23_llama1b_kv3072_cap12-07_long_burst_guard_fast-r11-0-9273ab8a,100,112,0.35208444300042174
llama1b,3072,12,23,long,burst,handoff,7263.417899801,diag00_a1_s23_llama1b_kv3072_cap12-07_long_burst_guard_fast,guard_fast,cmpl-diag00_a1_s23_llama1b_kv3072_cap12-07_long_burst_guard_fast-r9-0-88d59262,cmpl-diag00_a1_s23_llama1b_kv3072_cap12-07_long_burst_guard_fast-r1-0-aa8cf7c9,79,107,0.3583252460002768
llama1b,3072,12,23,long,burst,handoff,7263.613640855,diag00_a1_s23_llama1b_kv3072_cap12-07_long_burst_guard_fast,guard_fast,cmpl-diag00_a1_s23_llama1b_kv3072_cap12-07_long_burst_guard_fast-r11-0-9273ab8a,cmpl-diag00_a1_s23_llama1b_kv3072_cap12-07_long_burst_guard_fast-r9-0-88d59262,84,91,0.3835108539997236
llama1b,3072,12,23,long,burst,handoff,7263.781513464,diag00_a1_s23_llama1b_kv3072_cap12-07_long_burst_guard_fast,guard_fast,cmpl-diag00_a1_s23_llama1b_kv3072_cap12-07_long_burst_guard_fast-r1-0-aa8cf7c9,cmpl-diag00_a1_s23_llama1b_kv3072_cap12-07_long_burst_guard_fast-r11-0-9273ab8a,100,112,0.3492386820007596
llama1b,3072,12,23,long,burst,handoff,7263.979849783,diag00_a1_s23_llama1b_kv3072_cap12-07_long_burst_guard_fast,guard_fast,cmpl-diag00_a1_s23_llama1b_kv3072_cap12-07_long_burst_guard_fast-r9-0-88d59262,cmpl-diag00_a1_s23_llama1b_kv3072_cap12-07_long_burst_guard_fast-r1-0-aa8cf7c9,79,107,0.35295960399980686
llama1b,3072,12,23,long,burst,handoff,7264.176515715,diag00_a1_s23_llama1b_kv3072_cap12-07_long_burst_guard_fast,guard_fast,cmpl-diag00_a1_s23_llama1b_kv3072_cap12-07_long_burst_guard_fast-r11-0-9273ab8a,cmpl-diag00_a1_s23_llama1b_kv3072_cap12-07_long_burst_guard_fast-r9-0-88d59262,84,91,0.38084733899995626
llama1b,3072,12,23,long,burst,handoff,7264.347132532,diag00_a1_s23_llama1b_kv3072_cap12-07_long_burst_guard_fast,guard_fast,cmpl-diag00_a1_s23_llama1b_kv3072_cap12-07_long_burst_guard_fast-r1-0-aa8cf7c9,cmpl-diag00_a1_s23_llama1b_kv3072_cap12-07_long_burst_guard_fast-r11-0-9273ab8a,100,112,0.35438139500001853
llama1b,3072,12,23,long,burst,handoff,7264.544366823,diag00_a1_s23_llama1b_kv3072_cap12-07_long_burst_guard_fast,guard_fast,cmpl-diag00_a1_s23_llama1b_kv3072_cap12-07_long_burst_guard_fast-r9-0-88d59262,cmpl-diag00_a1_s23_llama1b_kv3072_cap12-07_long_burst_guard_fast-r1-0-aa8cf7c9,79,107,0.35127294799985975
llama1b,3072,12,23,long,burst,handoff,7264.740466457,diag00_a1_s23_llama1b_kv3072_cap12-07_long_burst_guard_fast,guard_fast,cmpl-diag00_a1_s23_llama1b_kv3072_cap12-07_long_burst_guard_fast-r11-0-9273ab8a,cmpl-diag00_a1_s23_llama1b_kv3072_cap12-07_long_burst_guard_fast-r9-0-88d59262,84,91,0.3779243270000734
llama1b,3072,12,23,long,burst,handoff,7264.912355281,diag00_a1_s23_llama1b_kv3072_cap12-07_long_burst_guard_fast,guard_fast,cmpl-diag00_a1_s23_llama1b_kv3072_cap12-07_long_burst_guard_fast-r1-0-aa8cf7c9,cmpl-diag00_a1_s23_llama1b_kv3072_cap12-07_long_burst_guard_fast-r11-0-9273ab8a,100,112,0.3530640779999885
llama1b,3072,12,23,long,burst,handoff,7265.112524903,diag00_a1_s23_llama1b_kv3072_cap12-07_long_burst_guard_fast,guard_fast,cmpl-diag00_a1_s23_llama1b_kv3072_cap12-07_long_burst_guard_fast-r9-0-88d59262,cmpl-diag00_a1_s23_llama1b_kv3072_cap12-07_long_burst_guard_fast-r1-0-aa8cf7c9,79,107,0.3572033600003124
llama1b,3072,12,23,long,burst,handoff,7265.307145412,diag00_a1_s23_llama1b_kv3072_cap12-07_long_burst_guard_fast,guard_fast,cmpl-diag00_a1_s23_llama1b_kv3072_cap12-07_long_burst_guard_fast-r11-0-9273ab8a,cmpl-diag00_a1_s23_llama1b_kv3072_cap12-07_long_burst_guard_fast-r9-0-88d59262,84,92,0.37852992700027244
llama1b,3072,12,23,long,burst,handoff,7265.476953897,diag00_a1_s23_llama1b_kv3072_cap12-07_long_burst_guard_fast,guard_fast,cmpl-diag00_a1_s23_llama1b_kv3072_cap12-07_long_burst_guard_fast-r1-0-aa8cf7c9,cmpl-diag00_a1_s23_llama1b_kv3072_cap12-07_long_burst_guard_fast-r11-0-9273ab8a,99,112,0.3480011360006756
llama1b,3072,12,23,long,burst,handoff,7265.678314516,diag00_a1_s23_llama1b_kv3072_cap12-07_long_burst_guard_fast,guard_fast,cmpl-diag00_a1_s23_llama1b_kv3072_cap12-07_long_burst_guard_fast-r9-0-88d59262,cmpl-diag00_a1_s23_llama1b_kv3072_cap12-07_long_burst_guard_fast-r1-0-aa8cf7c9,79,108,0.3556426079994708
llama1b,3072,12,23,long,burst,handoff,7265.873505006,diag00_a1_s23_llama1b_kv3072_cap12-07_long_burst_guard_fast,guard_fast,cmpl-diag00_a1_s23_llama1b_kv3072_cap12-07_long_burst_guard_fast-r11-0-9273ab8a,cmpl-diag00_a1_s23_llama1b_kv3072_cap12-07_long_burst_guard_fast-r9-0-88d59262,83,92,0.3807379550007681
llama1b,3072,12,23,long,burst,handoff,7266.044703938,diag00_a1_s23_llama1b_kv3072_cap12-07_long_burst_guard_fast,guard_fast,cmpl-diag00_a1_s23_llama1b_kv3072_cap12-07_long_burst_guard_fast-r1-0-aa8cf7c9,cmpl-diag00_a1_s23_llama1b_kv3072_cap12-07_long_burst_guard_fast-r11-0-9273ab8a,99,112,0.3522624809993431
llama1b,3072,12,23,long,burst,handoff,7266.244640182,diag00_a1_s23_llama1b_kv3072_cap12-07_long_burst_guard_fast,guard_fast,cmpl-diag00_a1_s23_llama1b_kv3072_cap12-07_long_burst_guard_fast-r9-0-88d59262,cmpl-diag00_a1_s23_llama1b_kv3072_cap12-07_long_burst_guard_fast-r1-0-aa8cf7c9,79,108,0.3572758660002364
llama1b,3072,12,23,long,burst,handoff,7266.438189181,diag00_a1_s23_llama1b_kv3072_cap12-07_long_burst_guard_fast,guard_fast,cmpl-diag00_a1_s23_llama1b_kv3072_cap12-07_long_burst_guard_fast-r11-0-9273ab8a,cmpl-diag00_a1_s23_llama1b_kv3072_cap12-07_long_burst_guard_fast-r9-0-88d59262,83,92,0.37702687599994533
llama1b,3072,12,23,long,burst,handoff,7266.608050008,diag00_a1_s23_llama1b_kv3072_cap12-07_long_burst_guard_fast,guard_fast,cmpl-diag00_a1_s23_llama1b_kv3072_cap12-07_long_burst_guard_fast-r1-0-aa8cf7c9,cmpl-diag00_a1_s23_llama1b_kv3072_cap12-07_long_burst_guard_fast-r11-0-9273ab8a,99,112,0.3485964639994563
llama1b,3072,12,23,long,burst,handoff,7266.808554048,diag00_a1_s23_llama1b_kv3072_cap12-07_long_burst_guard_fast,guard_fast,cmpl-diag00_a1_s23_llama1b_kv3072_cap12-07_long_burst_guard_fast-r9-0-88d59262,cmpl-diag00_a1_s23_llama1b_kv3072_cap12-07_long_burst_guard_fast-r1-0-aa8cf7c9,79,108,0.35569235699949786
llama1b,3072,12,23,long,burst,handoff,7267.00557075,diag00_a1_s23_llama1b_kv3072_cap12-07_long_burst_guard_fast,guard_fast,cmpl-diag00_a1_s23_llama1b_kv3072_cap12-07_long_burst_guard_fast-r11-0-9273ab8a,cmpl-diag00_a1_s23_llama1b_kv3072_cap12-07_long_burst_guard_fast-r9-0-88d59262,83,92,0.38174221199915337
llama1b,3072,12,23,long,burst,handoff,7267.176023899,diag00_a1_s23_llama1b_kv3072_cap12-07_long_burst_guard_fast,guard_fast,cmpl-diag00_a1_s23_llama1b_kv3072_cap12-07_long_burst_guard_fast-r9-0-88d59262,cmpl-diag00_a1_s23_llama1b_kv3072_cap12-07_long_burst_guard_fast-r11-0-9273ab8a,99,108,0.15614643200024148
llama1b,3072,12,23,long,burst,handoff,7267.371425828,diag00_a1_s23_llama1b_kv3072_cap12-07_long_burst_guard_fast,guard_fast,cmpl-diag00_a1_s23_llama1b_kv3072_cap12-07_long_burst_guard_fast-r11-0-9273ab8a,cmpl-diag00_a1_s23_llama1b_kv3072_cap12-07_long_burst_guard_fast-r9-0-88d59262,83,92,0.18087519599976076
llama1b,3072,12,23,long,burst,handoff,7267.550797344,diag00_a1_s23_llama1b_kv3072_cap12-07_long_burst_guard_fast,guard_fast,cmpl-diag00_a1_s23_llama1b_kv3072_cap12-07_long_burst_guard_fast-r9-0-88d59262,cmpl-diag00_a1_s23_llama1b_kv3072_cap12-07_long_burst_guard_fast-r11-0-9273ab8a,99,108,0.1625029890001315
llama1b,3072,12,23,long,burst,handoff,7267.746892785,diag00_a1_s23_llama1b_kv3072_cap12-07_long_burst_guard_fast,guard_fast,cmpl-diag00_a1_s23_llama1b_kv3072_cap12-07_long_burst_guard_fast-r11-0-9273ab8a,cmpl-diag00_a1_s23_llama1b_kv3072_cap12-07_long_burst_guard_fast-r9-0-88d59262,83,92,0.17680085399933887
llama1b,3072,12,23,long,burst,handoff,7267.917658204,diag00_a1_s23_llama1b_kv3072_cap12-07_long_burst_guard_fast,guard_fast,cmpl-diag00_a1_s23_llama1b_kv3072_cap12-07_long_burst_guard_fast-r9-0-88d59262,cmpl-diag00_a1_s23_llama1b_kv3072_cap12-07_long_burst_guard_fast-r11-0-9273ab8a,99,108,0.15446056299970223
llama1b,3072,12,23,long,burst,handoff,7268.114411102,diag00_a1_s23_llama1b_kv3072_cap12-07_long_burst_guard_fast,guard_fast,cmpl-diag00_a1_s23_llama1b_kv3072_cap12-07_long_burst_guard_fast-r11-0-9273ab8a,cmpl-diag00_a1_s23_llama1b_kv3072_cap12-07_long_burst_guard_fast-r9-0-88d59262,83,92,0.18233532500016736
llama1b,3072,12,23,long,burst,handoff,7268.284389124,diag00_a1_s23_llama1b_kv3072_cap12-07_long_burst_guard_fast,guard_fast,cmpl-diag00_a1_s23_llama1b_kv3072_cap12-07_long_burst_guard_fast-r9-0-88d59262,cmpl-diag00_a1_s23_llama1b_kv3072_cap12-07_long_burst_guard_fast-r11-0-9273ab8a,99,108,0.1558212990003085
llama1b,3072,12,23,long,burst,handoff,7268.479836977,diag00_a1_s23_llama1b_kv3072_cap12-07_long_burst_guard_fast,guard_fast,cmpl-diag00_a1_s23_llama1b_kv3072_cap12-07_long_burst_guard_fast-r11-0-9273ab8a,cmpl-diag00_a1_s23_llama1b_kv3072_cap12-07_long_burst_guard_fast-r9-0-88d59262,83,92,0.18076529699919774
llama1b,3072,12,23,long,burst,handoff,7268.650818583,diag00_a1_s23_llama1b_kv3072_cap12-07_long_burst_guard_fast,guard_fast,cmpl-diag00_a1_s23_llama1b_kv3072_cap12-07_long_burst_guard_fast-r9-0-88d59262,cmpl-diag00_a1_s23_llama1b_kv3072_cap12-07_long_burst_guard_fast-r11-0-9273ab8a,99,108,0.15668158199969184
llama1b,3072,12,23,long,burst,handoff,7268.850631959,diag00_a1_s23_llama1b_kv3072_cap12-07_long_burst_guard_fast,guard_fast,cmpl-diag00_a1_s23_llama1b_kv3072_cap12-07_long_burst_guard_fast-r11-0-9273ab8a,cmpl-diag00_a1_s23_llama1b_kv3072_cap12-07_long_burst_guard_fast-r9-0-88d59262,83,93,0.1827996379997785
llama1b,3072,12,23,long,burst,handoff,7269.023239989,diag00_a1_s23_llama1b_kv3072_cap12-07_long_burst_guard_fast,guard_fast,cmpl-diag00_a1_s23_llama1b_kv3072_cap12-07_long_burst_guard_fast-r9-0-88d59262,cmpl-diag00_a1_s23_llama1b_kv3072_cap12-07_long_burst_guard_fast-r11-0-9273ab8a,98,109,0.15707401600047888
llama1b,3072,12,23,long,burst,handoff,7269.22024796,diag00_a1_s23_llama1b_kv3072_cap12-07_long_burst_guard_fast,guard_fast,cmpl-diag00_a1_s23_llama1b_kv3072_cap12-07_long_burst_guard_fast-r11-0-9273ab8a,cmpl-diag00_a1_s23_llama1b_kv3072_cap12-07_long_burst_guard_fast-r9-0-88d59262,82,93,0.1804753200003688
llama1b,3072,12,23,long,burst,handoff,7269.390149861,diag00_a1_s23_llama1b_kv3072_cap12-07_long_burst_guard_fast,guard_fast,cmpl-diag00_a1_s23_llama1b_kv3072_cap12-07_long_burst_guard_fast-r9-0-88d59262,cmpl-diag00_a1_s23_llama1b_kv3072_cap12-07_long_burst_guard_fast-r11-0-9273ab8a,98,109,0.15439725600026577
llama1b,3072,12,23,long,burst,handoff,7269.584742609,diag00_a1_s23_llama1b_kv3072_cap12-07_long_burst_guard_fast,guard_fast,cmpl-diag00_a1_s23_llama1b_kv3072_cap12-07_long_burst_guard_fast-r11-0-9273ab8a,cmpl-diag00_a1_s23_llama1b_kv3072_cap12-07_long_burst_guard_fast-r9-0-88d59262,82,93,0.18064401400079078
llama1b,3072,12,23,long,burst,handoff,7269.761584143,diag00_a1_s23_llama1b_kv3072_cap12-07_long_burst_guard_fast,guard_fast,cmpl-diag00_a1_s23_llama1b_kv3072_cap12-07_long_burst_guard_fast-r9-0-88d59262,cmpl-diag00_a1_s23_llama1b_kv3072_cap12-07_long_burst_guard_fast-r11-0-9273ab8a,98,109,0.16190380499938328
llama1b,3072,12,23,long,burst,handoff,7269.966050075,diag00_a1_s23_llama1b_kv3072_cap12-07_long_burst_guard_fast,guard_fast,cmpl-diag00_a1_s23_llama1b_kv3072_cap12-07_long_burst_guard_fast-r11-0-9273ab8a,cmpl-diag00_a1_s23_llama1b_kv3072_cap12-07_long_burst_guard_fast-r9-0-88d59262,82,93,0.18838891799987323
llama1b,3072,12,23,long,burst,handoff,7270.136534472,diag00_a1_s23_llama1b_kv3072_cap12-07_long_burst_guard_fast,guard_fast,cmpl-diag00_a1_s23_llama1b_kv3072_cap12-07_long_burst_guard_fast-r9-0-88d59262,cmpl-diag00_a1_s23_llama1b_kv3072_cap12-07_long_burst_guard_fast-r11-0-9273ab8a,98,109,0.15631990000019869
llama1b,3072,12,23,long,burst,handoff,7270.332619137,diag00_a1_s23_llama1b_kv3072_cap12-07_long_burst_guard_fast,guard_fast,cmpl-diag00_a1_s23_llama1b_kv3072_cap12-07_long_burst_guard_fast-r11-0-9273ab8a,cmpl-diag00_a1_s23_llama1b_kv3072_cap12-07_long_burst_guard_fast-r9-0-88d59262,82,93,0.1818625930000053
llama1b,3072,12,23,long,burst,handoff,7270.503615665,diag00_a1_s23_llama1b_kv3072_cap12-07_long_burst_guard_fast,guard_fast,cmpl-diag00_a1_s23_llama1b_kv3072_cap12-07_long_burst_guard_fast-r9-0-88d59262,cmpl-diag00_a1_s23_llama1b_kv3072_cap12-07_long_burst_guard_fast-r11-0-9273ab8a,98,109,0.15514820699991105
llama1b,3072,12,23,long,burst,handoff,7270.702043524,diag00_a1_s23_llama1b_kv3072_cap12-07_long_burst_guard_fast,guard_fast,cmpl-diag00_a1_s23_llama1b_kv3072_cap12-07_long_burst_guard_fast-r11-0-9273ab8a,cmpl-diag00_a1_s23_llama1b_kv3072_cap12-07_long_burst_guard_fast-r9-0-88d59262,82,93,0.18292922300042846
llama1b,3072,12,23,long,burst,handoff,7270.874081316,diag00_a1_s23_llama1b_kv3072_cap12-07_long_burst_guard_fast,guard_fast,cmpl-diag00_a1_s23_llama1b_kv3072_cap12-07_long_burst_guard_fast-r9-0-88d59262,cmpl-diag00_a1_s23_llama1b_kv3072_cap12-07_long_burst_guard_fast-r11-0-9273ab8a,98,109,0.1545533329999671
llama1b,3072,12,23,long,burst,handoff,7271.070874646,diag00_a1_s23_llama1b_kv3072_cap12-07_long_burst_guard_fast,guard_fast,cmpl-diag00_a1_s23_llama1b_kv3072_cap12-07_long_burst_guard_fast-r11-0-9273ab8a,cmpl-diag00_a1_s23_llama1b_kv3072_cap12-07_long_burst_guard_fast-r9-0-88d59262,82,93,0.18213919700065162
llama1b,3072,12,23,long,burst,handoff,7271.243142706,diag00_a1_s23_llama1b_kv3072_cap12-07_long_burst_guard_fast,guard_fast,cmpl-diag00_a1_s23_llama1b_kv3072_cap12-07_long_burst_guard_fast-r9-0-88d59262,cmpl-diag00_a1_s23_llama1b_kv3072_cap12-07_long_burst_guard_fast-r11-0-9273ab8a,98,109,0.15726999399976194
llama1b,3072,12,23,long,burst,handoff,7271.438626854,diag00_a1_s23_llama1b_kv3072_cap12-07_long_burst_guard_fast,guard_fast,cmpl-diag00_a1_s23_llama1b_kv3072_cap12-07_long_burst_guard_fast-r11-0-9273ab8a,cmpl-diag00_a1_s23_llama1b_kv3072_cap12-07_long_burst_guard_fast-r9-0-88d59262,82,93,0.18198588799987192
llama1b,3072,12,23,long,burst,handoff,7271.612579976,diag00_a1_s23_llama1b_kv3072_cap12-07_long_burst_guard_fast,guard_fast,cmpl-diag00_a1_s23_llama1b_kv3072_cap12-07_long_burst_guard_fast-r9-0-88d59262,cmpl-diag00_a1_s23_llama1b_kv3072_cap12-07_long_burst_guard_fast-r11-0-9273ab8a,98,109,0.15892712100048811
llama1b,3072,12,23,long,burst,handoff,7271.81121836,diag00_a1_s23_llama1b_kv3072_cap12-07_long_burst_guard_fast,guard_fast,cmpl-diag00_a1_s23_llama1b_kv3072_cap12-07_long_burst_guard_fast-r11-0-9273ab8a,cmpl-diag00_a1_s23_llama1b_kv3072_cap12-07_long_burst_guard_fast-r9-0-88d59262,82,94,0.18098636600007012
llama1b,3072,12,23,long,burst,handoff,7271.983146834,diag00_a1_s23_llama1b_kv3072_cap12-07_long_burst_guard_fast,guard_fast,cmpl-diag00_a1_s23_llama1b_kv3072_cap12-07_long_burst_guard_fast-r9-0-88d59262,cmpl-diag00_a1_s23_llama1b_kv3072_cap12-07_long_burst_guard_fast-r11-0-9273ab8a,97,110,0.1572140660000514
llama1b,3072,12,23,long,burst,handoff,7272.179124316,diag00_a1_s23_llama1b_kv3072_cap12-07_long_burst_guard_fast,guard_fast,cmpl-diag00_a1_s23_llama1b_kv3072_cap12-07_long_burst_guard_fast-r11-0-9273ab8a,cmpl-diag00_a1_s23_llama1b_kv3072_cap12-07_long_burst_guard_fast-r9-0-88d59262,81,94,0.18019981399993412
llama1b,3072,12,23,long,burst,handoff,7272.351528033,diag00_a1_s23_llama1b_kv3072_cap12-07_long_burst_guard_fast,guard_fast,cmpl-diag00_a1_s23_llama1b_kv3072_cap12-07_long_burst_guard_fast-r9-0-88d59262,cmpl-diag00_a1_s23_llama1b_kv3072_cap12-07_long_burst_guard_fast-r11-0-9273ab8a,97,110,0.15810503200009407
llama1b,3072,12,23,long,burst,handoff,7272.551714479,diag00_a1_s23_llama1b_kv3072_cap12-07_long_burst_guard_fast,guard_fast,cmpl-diag00_a1_s23_llama1b_kv3072_cap12-07_long_burst_guard_fast-r11-0-9273ab8a,cmpl-diag00_a1_s23_llama1b_kv3072_cap12-07_long_burst_guard_fast-r9-0-88d59262,81,94,0.18601369200041518
llama1b,3072,12,23,long,burst,handoff,7272.724486003,diag00_a1_s23_llama1b_kv3072_cap12-07_long_burst_guard_fast,guard_fast,cmpl-diag00_a1_s23_llama1b_kv3072_cap12-07_long_burst_guard_fast-r9-0-88d59262,cmpl-diag00_a1_s23_llama1b_kv3072_cap12-07_long_burst_guard_fast-r11-0-9273ab8a,97,110,0.15995147799912957
llama1b,3072,12,23,long,burst,handoff,7272.919141805,diag00_a1_s23_llama1b_kv3072_cap12-07_long_burst_guard_fast,guard_fast,cmpl-diag00_a1_s23_llama1b_kv3072_cap12-07_long_burst_guard_fast-r11-0-9273ab8a,cmpl-diag00_a1_s23_llama1b_kv3072_cap12-07_long_burst_guard_fast-r9-0-88d59262,81,94,0.18254121100017073
llama1b,3072,12,23,long,burst,handoff,7273.09053562,diag00_a1_s23_llama1b_kv3072_cap12-07_long_burst_guard_fast,guard_fast,cmpl-diag00_a1_s23_llama1b_kv3072_cap12-07_long_burst_guard_fast-r9-0-88d59262,cmpl-diag00_a1_s23_llama1b_kv3072_cap12-07_long_burst_guard_fast-r11-0-9273ab8a,97,110,0.15667366399975435
llama1b,3072,12,23,long,burst,handoff,7273.287292608,diag00_a1_s23_llama1b_kv3072_cap12-07_long_burst_guard_fast,guard_fast,cmpl-diag00_a1_s23_llama1b_kv3072_cap12-07_long_burst_guard_fast-r11-0-9273ab8a,cmpl-diag00_a1_s23_llama1b_kv3072_cap12-07_long_burst_guard_fast-r9-0-88d59262,81,94,0.18065310699967085
llama1b,3072,12,23,long,burst,handoff,7273.458127864,diag00_a1_s23_llama1b_kv3072_cap12-07_long_burst_guard_fast,guard_fast,cmpl-diag00_a1_s23_llama1b_kv3072_cap12-07_long_burst_guard_fast-r9-0-88d59262,cmpl-diag00_a1_s23_llama1b_kv3072_cap12-07_long_burst_guard_fast-r11-0-9273ab8a,97,110,0.15576710999994248
llama1b,3072,12,23,long,burst,handoff,7273.658419159,diag00_a1_s23_llama1b_kv3072_cap12-07_long_burst_guard_fast,guard_fast,cmpl-diag00_a1_s23_llama1b_kv3072_cap12-07_long_burst_guard_fast-r11-0-9273ab8a,cmpl-diag00_a1_s23_llama1b_kv3072_cap12-07_long_burst_guard_fast-r9-0-88d59262,81,94,0.18521435000002384
llama1b,3072,12,23,long,burst,handoff,7273.830330312,diag00_a1_s23_llama1b_kv3072_cap12-07_long_burst_guard_fast,guard_fast,cmpl-diag00_a1_s23_llama1b_kv3072_cap12-07_long_burst_guard_fast-r9-0-88d59262,cmpl-diag00_a1_s23_llama1b_kv3072_cap12-07_long_burst_guard_fast-r11-0-9273ab8a,97,110,0.15850888099976146
llama1b,3072,12,23,long,burst,handoff,7274.028077004,diag00_a1_s23_llama1b_kv3072_cap12-07_long_burst_guard_fast,guard_fast,cmpl-diag00_a1_s23_llama1b_kv3072_cap12-07_long_burst_guard_fast-r11-0-9273ab8a,cmpl-diag00_a1_s23_llama1b_kv3072_cap12-07_long_burst_guard_fast-r9-0-88d59262,81,94,0.18419129799985967
llama1b,3072,12,23,long,burst,handoff,7274.196850259,diag00_a1_s23_llama1b_kv3072_cap12-07_long_burst_guard_fast,guard_fast,cmpl-diag00_a1_s23_llama1b_kv3072_cap12-07_long_burst_guard_fast-r9-0-88d59262,cmpl-diag00_a1_s23_llama1b_kv3072_cap12-07_long_burst_guard_fast-r11-0-9273ab8a,97,110,0.1561220069997944
llama1b,3072,12,23,long,burst,handoff,7274.396381256,diag00_a1_s23_llama1b_kv3072_cap12-07_long_burst_guard_fast,guard_fast,cmpl-diag00_a1_s23_llama1b_kv3072_cap12-07_long_burst_guard_fast-r11-0-9273ab8a,cmpl-diag00_a1_s23_llama1b_kv3072_cap12-07_long_burst_guard_fast-r9-0-88d59262,81,94,0.185038660999453
llama1b,3072,12,23,long,burst,handoff,7274.569179275,diag00_a1_s23_llama1b_kv3072_cap12-07_long_burst_guard_fast,guard_fast,cmpl-diag00_a1_s23_llama1b_kv3072_cap12-07_long_burst_guard_fast-r9-0-88d59262,cmpl-diag00_a1_s23_llama1b_kv3072_cap12-07_long_burst_guard_fast-r11-0-9273ab8a,97,110,0.15696817800017016
llama1b,3072,12,23,long,burst,handoff,7274.76767888,diag00_a1_s23_llama1b_kv3072_cap12-07_long_burst_guard_fast,guard_fast,cmpl-diag00_a1_s23_llama1b_kv3072_cap12-07_long_burst_guard_fast-r11-0-9273ab8a,cmpl-diag00_a1_s23_llama1b_kv3072_cap12-07_long_burst_guard_fast-r9-0-88d59262,81,95,0.18252207899968198
llama1b,3072,12,23,long,burst,handoff,7274.939453349,diag00_a1_s23_llama1b_kv3072_cap12-07_long_burst_guard_fast,guard_fast,cmpl-diag00_a1_s23_llama1b_kv3072_cap12-07_long_burst_guard_fast-r9-0-88d59262,cmpl-diag00_a1_s23_llama1b_kv3072_cap12-07_long_burst_guard_fast-r11-0-9273ab8a,96,111,0.15839444500034006
llama1b,3072,12,23,long,burst,handoff,7275.136906884,diag00_a1_s23_llama1b_kv3072_cap12-07_long_burst_guard_fast,guard_fast,cmpl-diag00_a1_s23_llama1b_kv3072_cap12-07_long_burst_guard_fast-r11-0-9273ab8a,cmpl-diag00_a1_s23_llama1b_kv3072_cap12-07_long_burst_guard_fast-r9-0-88d59262,80,95,0.1834011509999982
llama1b,3072,12,23,long,burst,handoff,7275.309148271,diag00_a1_s23_llama1b_kv3072_cap12-07_long_burst_guard_fast,guard_fast,cmpl-diag00_a1_s23_llama1b_kv3072_cap12-07_long_burst_guard_fast-r9-0-88d59262,cmpl-diag00_a1_s23_llama1b_kv3072_cap12-07_long_burst_guard_fast-r11-0-9273ab8a,96,111,0.1573323459997482
llama1b,3072,12,23,long,burst,handoff,7275.511337206,diag00_a1_s23_llama1b_kv3072_cap12-07_long_burst_guard_fast,guard_fast,cmpl-diag00_a1_s23_llama1b_kv3072_cap12-07_long_burst_guard_fast-r11-0-9273ab8a,cmpl-diag00_a1_s23_llama1b_kv3072_cap12-07_long_burst_guard_fast-r9-0-88d59262,80,95,0.1873812479998378
llama1b,3072,12,23,long,burst,handoff,7275.682933203,diag00_a1_s23_llama1b_kv3072_cap12-07_long_burst_guard_fast,guard_fast,cmpl-diag00_a1_s23_llama1b_kv3072_cap12-07_long_burst_guard_fast-r9-0-88d59262,cmpl-diag00_a1_s23_llama1b_kv3072_cap12-07_long_burst_guard_fast-r11-0-9273ab8a,96,111,0.15786499099976936
llama1b,3072,12,23,long,burst,handoff,7275.880435848,diag00_a1_s23_llama1b_kv3072_cap12-07_long_burst_guard_fast,guard_fast,cmpl-diag00_a1_s23_llama1b_kv3072_cap12-07_long_burst_guard_fast-r11-0-9273ab8a,cmpl-diag00_a1_s23_llama1b_kv3072_cap12-07_long_burst_guard_fast-r9-0-88d59262,80,95,0.18232181199982733
llama1b,3072,12,23,long,burst,handoff,7276.052416754,diag00_a1_s23_llama1b_kv3072_cap12-07_long_burst_guard_fast,guard_fast,cmpl-diag00_a1_s23_llama1b_kv3072_cap12-07_long_burst_guard_fast-r9-0-88d59262,cmpl-diag00_a1_s23_llama1b_kv3072_cap12-07_long_burst_guard_fast-r11-0-9273ab8a,96,111,0.15704416199969273
llama1b,3072,12,23,long,burst,handoff,7276.251570898,diag00_a1_s23_llama1b_kv3072_cap12-07_long_burst_guard_fast,guard_fast,cmpl-diag00_a1_s23_llama1b_kv3072_cap12-07_long_burst_guard_fast-r11-0-9273ab8a,cmpl-diag00_a1_s23_llama1b_kv3072_cap12-07_long_burst_guard_fast-r9-0-88d59262,80,95,0.18348011600028258
llama1b,3072,12,23,long,burst,handoff,7276.424756561,diag00_a1_s23_llama1b_kv3072_cap12-07_long_burst_guard_fast,guard_fast,cmpl-diag00_a1_s23_llama1b_kv3072_cap12-07_long_burst_guard_fast-r9-0-88d59262,cmpl-diag00_a1_s23_llama1b_kv3072_cap12-07_long_burst_guard_fast-r11-0-9273ab8a,96,111,0.1585625230000005
llama1b,3072,12,23,long,burst,handoff,7276.625149299,diag00_a1_s23_llama1b_kv3072_cap12-07_long_burst_guard_fast,guard_fast,cmpl-diag00_a1_s23_llama1b_kv3072_cap12-07_long_burst_guard_fast-r11-0-9273ab8a,cmpl-diag00_a1_s23_llama1b_kv3072_cap12-07_long_burst_guard_fast-r9-0-88d59262,80,95,0.18552873300086503
llama1b,3072,12,23,long,burst,handoff,7276.799129408,diag00_a1_s23_llama1b_kv3072_cap12-07_long_burst_guard_fast,guard_fast,cmpl-diag00_a1_s23_llama1b_kv3072_cap12-07_long_burst_guard_fast-r9-0-88d59262,cmpl-diag00_a1_s23_llama1b_kv3072_cap12-07_long_burst_guard_fast-r11-0-9273ab8a,96,111,0.15943545600021025
llama1b,3072,12,23,long,burst,handoff,7276.997413274,diag00_a1_s23_llama1b_kv3072_cap12-07_long_burst_guard_fast,guard_fast,cmpl-diag00_a1_s23_llama1b_kv3072_cap12-07_long_burst_guard_fast-r11-0-9273ab8a,cmpl-diag00_a1_s23_llama1b_kv3072_cap12-07_long_burst_guard_fast-r9-0-88d59262,80,95,0.18418590399960522
llama1b,3072,12,23,long,burst,handoff,7277.169200418,diag00_a1_s23_llama1b_kv3072_cap12-07_long_burst_guard_fast,guard_fast,cmpl-diag00_a1_s23_llama1b_kv3072_cap12-07_long_burst_guard_fast-r9-0-88d59262,cmpl-diag00_a1_s23_llama1b_kv3072_cap12-07_long_burst_guard_fast-r11-0-9273ab8a,96,111,0.1574625670000387
llama1b,3072,12,23,long,burst,handoff,7277.368490703,diag00_a1_s23_llama1b_kv3072_cap12-07_long_burst_guard_fast,guard_fast,cmpl-diag00_a1_s23_llama1b_kv3072_cap12-07_long_burst_guard_fast-r11-0-9273ab8a,cmpl-diag00_a1_s23_llama1b_kv3072_cap12-07_long_burst_guard_fast-r9-0-88d59262,80,95,0.184816648999913
llama1b,3072,12,23,long,burst,handoff,7277.541978282,diag00_a1_s23_llama1b_kv3072_cap12-07_long_burst_guard_fast,guard_fast,cmpl-diag00_a1_s23_llama1b_kv3072_cap12-07_long_burst_guard_fast-r9-0-88d59262,cmpl-diag00_a1_s23_llama1b_kv3072_cap12-07_long_burst_guard_fast-r11-0-9273ab8a,96,111,0.15883038100037083
llama1b,3072,12,23,long,burst,handoff,7277.742574131,diag00_a1_s23_llama1b_kv3072_cap12-07_long_burst_guard_fast,guard_fast,cmpl-diag00_a1_s23_llama1b_kv3072_cap12-07_long_burst_guard_fast-r11-0-9273ab8a,cmpl-diag00_a1_s23_llama1b_kv3072_cap12-07_long_burst_guard_fast-r9-0-88d59262,80,96,0.18528879399946163
llama1b,3072,12,23,long,burst,handoff,7277.918802795,diag00_a1_s23_llama1b_kv3072_cap12-07_long_burst_guard_fast,guard_fast,cmpl-diag00_a1_s23_llama1b_kv3072_cap12-07_long_burst_guard_fast-r9-0-88d59262,cmpl-diag00_a1_s23_llama1b_kv3072_cap12-07_long_burst_guard_fast-r11-0-9273ab8a,95,112,0.1605849470006433
llama1b,3072,12,23,long,burst,handoff,7278.116364783,diag00_a1_s23_llama1b_kv3072_cap12-07_long_burst_guard_fast,guard_fast,cmpl-diag00_a1_s23_llama1b_kv3072_cap12-07_long_burst_guard_fast-r11-0-9273ab8a,cmpl-diag00_a1_s23_llama1b_kv3072_cap12-07_long_burst_guard_fast-r9-0-88d59262,79,96,0.1841501689996221
llama1b,3072,12,23,long,burst,handoff,7278.286062319,diag00_a1_s23_llama1b_kv3072_cap12-07_long_burst_guard_fast,guard_fast,cmpl-diag00_a1_s23_llama1b_kv3072_cap12-07_long_burst_guard_fast-r9-0-88d59262,cmpl-diag00_a1_s23_llama1b_kv3072_cap12-07_long_burst_guard_fast-r11-0-9273ab8a,95,112,0.15588027800004056
llama1b,3072,12,23,long,burst,handoff,7278.485290575,diag00_a1_s23_llama1b_kv3072_cap12-07_long_burst_guard_fast,guard_fast,cmpl-diag00_a1_s23_llama1b_kv3072_cap12-07_long_burst_guard_fast-r11-0-9273ab8a,cmpl-diag00_a1_s23_llama1b_kv3072_cap12-07_long_burst_guard_fast-r9-0-88d59262,79,96,0.1855378300006123
llama1b,3072,12,23,long,burst,handoff,7278.662000953,diag00_a1_s23_llama1b_kv3072_cap12-07_long_burst_guard_fast,guard_fast,cmpl-diag00_a1_s23_llama1b_kv3072_cap12-07_long_burst_guard_fast-r9-0-88d59262,cmpl-diag00_a1_s23_llama1b_kv3072_cap12-07_long_burst_guard_fast-r11-0-9273ab8a,95,112,0.15949173599983624
llama1b,3072,12,23,long,burst,handoff,7278.864165397,diag00_a1_s23_llama1b_kv3072_cap12-07_long_burst_guard_fast,guard_fast,cmpl-diag00_a1_s23_llama1b_kv3072_cap12-07_long_burst_guard_fast-r11-0-9273ab8a,cmpl-diag00_a1_s23_llama1b_kv3072_cap12-07_long_burst_guard_fast-r9-0-88d59262,79,96,0.1860432049998053
llama1b,3072,12,23,long,burst,handoff,7279.039855879,diag00_a1_s23_llama1b_kv3072_cap12-07_long_burst_guard_fast,guard_fast,cmpl-diag00_a1_s23_llama1b_kv3072_cap12-07_long_burst_guard_fast-r9-0-88d59262,cmpl-diag00_a1_s23_llama1b_kv3072_cap12-07_long_burst_guard_fast-r11-0-9273ab8a,95,112,0.1618461620000744
llama1b,3072,12,23,long,burst,handoff,7279.236575478,diag00_a1_s23_llama1b_kv3072_cap12-07_long_burst_guard_fast,guard_fast,cmpl-diag00_a1_s23_llama1b_kv3072_cap12-07_long_burst_guard_fast-r11-0-9273ab8a,cmpl-diag00_a1_s23_llama1b_kv3072_cap12-07_long_burst_guard_fast-r9-0-88d59262,79,96,0.18097866000061913
llama1b,3072,12,23,long,burst,handoff,7279.407225565,diag00_a1_s23_llama1b_kv3072_cap12-07_long_burst_guard_fast,guard_fast,cmpl-diag00_a1_s23_llama1b_kv3072_cap12-07_long_burst_guard_fast-r9-0-88d59262,cmpl-diag00_a1_s23_llama1b_kv3072_cap12-07_long_burst_guard_fast-r11-0-9273ab8a,95,112,0.15491302800000994
llama1b,3072,12,23,long,burst,handoff,7279.608315987,diag00_a1_s23_llama1b_kv3072_cap12-07_long_burst_guard_fast,guard_fast,cmpl-diag00_a1_s23_llama1b_kv3072_cap12-07_long_burst_guard_fast-r11-0-9273ab8a,cmpl-diag00_a1_s23_llama1b_kv3072_cap12-07_long_burst_guard_fast-r9-0-88d59262,79,96,0.18382082600055583
llama1b,3072,12,23,long,burst,handoff,7279.784996332,diag00_a1_s23_llama1b_kv3072_cap12-07_long_burst_guard_fast,guard_fast,cmpl-diag00_a1_s23_llama1b_kv3072_cap12-07_long_burst_guard_fast-r9-0-88d59262,cmpl-diag00_a1_s23_llama1b_kv3072_cap12-07_long_burst_guard_fast-r11-0-9273ab8a,95,112,0.1620362240000759
llama1b,3072,12,23,long,burst,handoff,7279.98692429,diag00_a1_s23_llama1b_kv3072_cap12-07_long_burst_guard_fast,guard_fast,cmpl-diag00_a1_s23_llama1b_kv3072_cap12-07_long_burst_guard_fast-r11-0-9273ab8a,cmpl-diag00_a1_s23_llama1b_kv3072_cap12-07_long_burst_guard_fast-r9-0-88d59262,79,96,0.18672886500007735
llama1b,3072,12,23,long,burst,handoff,7280.156342333,diag00_a1_s23_llama1b_kv3072_cap12-07_long_burst_guard_fast,guard_fast,cmpl-diag00_a1_s23_llama1b_kv3072_cap12-07_long_burst_guard_fast-r9-0-88d59262,cmpl-diag00_a1_s23_llama1b_kv3072_cap12-07_long_burst_guard_fast-r11-0-9273ab8a,95,112,0.15647188399998413
llama1b,3072,12,23,long,burst,handoff,7280.353994194,diag00_a1_s23_llama1b_kv3072_cap12-07_long_burst_guard_fast,guard_fast,cmpl-diag00_a1_s23_llama1b_kv3072_cap12-07_long_burst_guard_fast-r11-0-9273ab8a,cmpl-diag00_a1_s23_llama1b_kv3072_cap12-07_long_burst_guard_fast-r9-0-88d59262,79,96,0.18230029299957096
llama1b,3072,12,23,long,burst,handoff,7280.525592939,diag00_a1_s23_llama1b_kv3072_cap12-07_long_burst_guard_fast,guard_fast,cmpl-diag00_a1_s23_llama1b_kv3072_cap12-07_long_burst_guard_fast-r9-0-88d59262,cmpl-diag00_a1_s23_llama1b_kv3072_cap12-07_long_burst_guard_fast-r11-0-9273ab8a,95,112,0.1565906059995541
llama1b,3072,12,23,long,burst,handoff,7280.729106171,diag00_a1_s23_llama1b_kv3072_cap12-07_long_burst_guard_fast,guard_fast,cmpl-diag00_a1_s23_llama1b_kv3072_cap12-07_long_burst_guard_fast-r11-0-9273ab8a,cmpl-diag00_a1_s23_llama1b_kv3072_cap12-07_long_burst_guard_fast-r9-0-88d59262,79,97,0.18638231400018412
llama1b,3072,12,23,long,burst,handoff,7280.91090925,diag00_a1_s23_llama1b_kv3072_cap12-07_long_burst_guard_fast,guard_fast,cmpl-diag00_a1_s23_llama1b_kv3072_cap12-07_long_burst_guard_fast-r9-0-88d59262,cmpl-diag00_a1_s23_llama1b_kv3072_cap12-07_long_burst_guard_fast-r11-0-9273ab8a,94,113,0.16393740300009085
llama1b,3072,12,23,long,burst,handoff,7281.121732869,diag00_a1_s23_llama1b_kv3072_cap12-07_long_burst_guard_fast,guard_fast,cmpl-diag00_a1_s23_llama1b_kv3072_cap12-07_long_burst_guard_fast-r11-0-9273ab8a,cmpl-diag00_a1_s23_llama1b_kv3072_cap12-07_long_burst_guard_fast-r9-0-88d59262,78,97,0.19561880200035375
llama1b,3072,12,23,long,burst,handoff,7281.300500021,diag00_a1_s23_llama1b_kv3072_cap12-07_long_burst_guard_fast,guard_fast,cmpl-diag00_a1_s23_llama1b_kv3072_cap12-07_long_burst_guard_fast-r9-0-88d59262,cmpl-diag00_a1_s23_llama1b_kv3072_cap12-07_long_burst_guard_fast-r11-0-9273ab8a,94,113,0.16439791499942658
llama1b,3072,12,23,long,burst,handoff,7281.508526968,diag00_a1_s23_llama1b_kv3072_cap12-07_long_burst_guard_fast,guard_fast,cmpl-diag00_a1_s23_llama1b_kv3072_cap12-07_long_burst_guard_fast-r11-0-9273ab8a,cmpl-diag00_a1_s23_llama1b_kv3072_cap12-07_long_burst_guard_fast-r9-0-88d59262,78,97,0.19366114900003595
llama1b,3072,12,23,long,burst,handoff,7281.693175533,diag00_a1_s23_llama1b_kv3072_cap12-07_long_burst_guard_fast,guard_fast,cmpl-diag00_a1_s23_llama1b_kv3072_cap12-07_long_burst_guard_fast-r9-0-88d59262,cmpl-diag00_a1_s23_llama1b_kv3072_cap12-07_long_burst_guard_fast-r11-0-9273ab8a,94,113,0.16933135999988735
llama1b,3072,12,23,long,burst,handoff,7281.904310053,diag00_a1_s23_llama1b_kv3072_cap12-07_long_burst_guard_fast,guard_fast,cmpl-diag00_a1_s23_llama1b_kv3072_cap12-07_long_burst_guard_fast-r11-0-9273ab8a,cmpl-diag00_a1_s23_llama1b_kv3072_cap12-07_long_burst_guard_fast-r9-0-88d59262,78,97,0.19686264600022696
llama1b,3072,12,23,long,burst,handoff,7282.087426525,diag00_a1_s23_llama1b_kv3072_cap12-07_long_burst_guard_fast,guard_fast,cmpl-diag00_a1_s23_llama1b_kv3072_cap12-07_long_burst_guard_fast-r9-0-88d59262,cmpl-diag00_a1_s23_llama1b_kv3072_cap12-07_long_burst_guard_fast-r11-0-9273ab8a,94,113,0.16846621700005926
llama1b,3072,12,23,long,burst,handoff,7282.294155003,diag00_a1_s23_llama1b_kv3072_cap12-07_long_burst_guard_fast,guard_fast,cmpl-diag00_a1_s23_llama1b_kv3072_cap12-07_long_burst_guard_fast-r11-0-9273ab8a,cmpl-diag00_a1_s23_llama1b_kv3072_cap12-07_long_burst_guard_fast-r9-0-88d59262,78,97,0.19198205599968787
llama1b,3072,12,23,long,burst,handoff,7282.475773608,diag00_a1_s23_llama1b_kv3072_cap12-07_long_burst_guard_fast,guard_fast,cmpl-diag00_a1_s23_llama1b_kv3072_cap12-07_long_burst_guard_fast-r9-0-88d59262,cmpl-diag00_a1_s23_llama1b_kv3072_cap12-07_long_burst_guard_fast-r11-0-9273ab8a,94,113,0.16751259000011487
llama1b,3072,12,23,long,burst,handoff,7282.688265728,diag00_a1_s23_llama1b_kv3072_cap12-07_long_burst_guard_fast,guard_fast,cmpl-diag00_a1_s23_llama1b_kv3072_cap12-07_long_burst_guard_fast-r11-0-9273ab8a,cmpl-diag00_a1_s23_llama1b_kv3072_cap12-07_long_burst_guard_fast-r9-0-88d59262,78,97,0.19739033699988795
llama1b,3072,12,23,long,burst,handoff,7282.872793813,diag00_a1_s23_llama1b_kv3072_cap12-07_long_burst_guard_fast,guard_fast,cmpl-diag00_a1_s23_llama1b_kv3072_cap12-07_long_burst_guard_fast-r9-0-88d59262,cmpl-diag00_a1_s23_llama1b_kv3072_cap12-07_long_burst_guard_fast-r11-0-9273ab8a,94,113,0.17020545799914544
llama1b,3072,12,23,long,burst,handoff,7283.082943011,diag00_a1_s23_llama1b_kv3072_cap12-07_long_burst_guard_fast,guard_fast,cmpl-diag00_a1_s23_llama1b_kv3072_cap12-07_long_burst_guard_fast-r11-0-9273ab8a,cmpl-diag00_a1_s23_llama1b_kv3072_cap12-07_long_burst_guard_fast-r9-0-88d59262,78,97,0.1943312919993332
llama1b,3072,12,23,long,burst,handoff,7283.264226901,diag00_a1_s23_llama1b_kv3072_cap12-07_long_burst_guard_fast,guard_fast,cmpl-diag00_a1_s23_llama1b_kv3072_cap12-07_long_burst_guard_fast-r9-0-88d59262,cmpl-diag00_a1_s23_llama1b_kv3072_cap12-07_long_burst_guard_fast-r11-0-9273ab8a,94,113,0.16643936099990242
llama1b,3072,12,23,long,burst,handoff,7283.474362774,diag00_a1_s23_llama1b_kv3072_cap12-07_long_burst_guard_fast,guard_fast,cmpl-diag00_a1_s23_llama1b_kv3072_cap12-07_long_burst_guard_fast-r11-0-9273ab8a,cmpl-diag00_a1_s23_llama1b_kv3072_cap12-07_long_burst_guard_fast-r9-0-88d59262,78,97,0.19563773299978493
llama1b,3072,12,23,long,burst,handoff,7283.65731516,diag00_a1_s23_llama1b_kv3072_cap12-07_long_burst_guard_fast,guard_fast,cmpl-diag00_a1_s23_llama1b_kv3072_cap12-07_long_burst_guard_fast-r9-0-88d59262,cmpl-diag00_a1_s23_llama1b_kv3072_cap12-07_long_burst_guard_fast-r11-0-9273ab8a,94,113,0.16699967599925003
llama1b,3072,12,23,long,burst,handoff,7283.869109756,diag00_a1_s23_llama1b_kv3072_cap12-07_long_burst_guard_fast,guard_fast,cmpl-diag00_a1_s23_llama1b_kv3072_cap12-07_long_burst_guard_fast-r11-0-9273ab8a,cmpl-diag00_a1_s23_llama1b_kv3072_cap12-07_long_burst_guard_fast-r9-0-88d59262,78,98,0.19748956200055545
llama1b,3072,12,23,long,burst,handoff,7284.0514949,diag00_a1_s23_llama1b_kv3072_cap12-07_long_burst_guard_fast,guard_fast,cmpl-diag00_a1_s23_llama1b_kv3072_cap12-07_long_burst_guard_fast-r9-0-88d59262,cmpl-diag00_a1_s23_llama1b_kv3072_cap12-07_long_burst_guard_fast-r11-0-9273ab8a,93,114,0.16659732700009044
llama1b,3072,12,23,long,burst,handoff,7284.26244577,diag00_a1_s23_llama1b_kv3072_cap12-07_long_burst_guard_fast,guard_fast,cmpl-diag00_a1_s23_llama1b_kv3072_cap12-07_long_burst_guard_fast-r11-0-9273ab8a,cmpl-diag00_a1_s23_llama1b_kv3072_cap12-07_long_burst_guard_fast-r9-0-88d59262,77,98,0.19579550000071322
llama1b,3072,12,23,long,burst,handoff,7284.451436882,diag00_a1_s23_llama1b_kv3072_cap12-07_long_burst_guard_fast,guard_fast,cmpl-diag00_a1_s23_llama1b_kv3072_cap12-07_long_burst_guard_fast-r9-0-88d59262,cmpl-diag00_a1_s23_llama1b_kv3072_cap12-07_long_burst_guard_fast-r11-0-9273ab8a,93,114,0.17440450100002636
llama1b,3072,12,23,long,burst,handoff,7284.656152385,diag00_a1_s23_llama1b_kv3072_cap12-07_long_burst_guard_fast,guard_fast,cmpl-diag00_a1_s23_llama1b_kv3072_cap12-07_long_burst_guard_fast-r11-0-9273ab8a,cmpl-diag00_a1_s23_llama1b_kv3072_cap12-07_long_burst_guard_fast-r9-0-88d59262,77,98,0.18971720099943923
llama1b,3072,12,23,long,burst,handoff,7284.839953359,diag00_a1_s23_llama1b_kv3072_cap12-07_long_burst_guard_fast,guard_fast,cmpl-diag00_a1_s23_llama1b_kv3072_cap12-07_long_burst_guard_fast-r9-0-88d59262,cmpl-diag00_a1_s23_llama1b_kv3072_cap12-07_long_burst_guard_fast-r11-0-9273ab8a,93,114,0.1687074270002995
llama1b,3072,12,23,long,burst,handoff,7285.05045041,diag00_a1_s23_llama1b_kv3072_cap12-07_long_burst_guard_fast,guard_fast,cmpl-diag00_a1_s23_llama1b_kv3072_cap12-07_long_burst_guard_fast-r11-0-9273ab8a,cmpl-diag00_a1_s23_llama1b_kv3072_cap12-07_long_burst_guard_fast-r9-0-88d59262,77,98,0.19543390400031058
llama1b,3072,12,23,long,burst,handoff,7285.23339904,diag00_a1_s23_llama1b_kv3072_cap12-07_long_burst_guard_fast,guard_fast,cmpl-diag00_a1_s23_llama1b_kv3072_cap12-07_long_burst_guard_fast-r9-0-88d59262,cmpl-diag00_a1_s23_llama1b_kv3072_cap12-07_long_burst_guard_fast-r11-0-9273ab8a,93,114,0.1676935470004537
llama1b,3072,12,23,long,burst,handoff,7285.443257295,diag00_a1_s23_llama1b_kv3072_cap12-07_long_burst_guard_fast,guard_fast,cmpl-diag00_a1_s23_llama1b_kv3072_cap12-07_long_burst_guard_fast-r11-0-9273ab8a,cmpl-diag00_a1_s23_llama1b_kv3072_cap12-07_long_burst_guard_fast-r9-0-88d59262,77,98,0.19510679300037737
llama1b,3072,12,23,long,burst,handoff,7285.626205174,diag00_a1_s23_llama1b_kv3072_cap12-07_long_burst_guard_fast,guard_fast,cmpl-diag00_a1_s23_llama1b_kv3072_cap12-07_long_burst_guard_fast-r9-0-88d59262,cmpl-diag00_a1_s23_llama1b_kv3072_cap12-07_long_burst_guard_fast-r11-0-9273ab8a,93,114,0.16780027400000108
llama1b,3072,12,23,long,burst,handoff,7285.837089503,diag00_a1_s23_llama1b_kv3072_cap12-07_long_burst_guard_fast,guard_fast,cmpl-diag00_a1_s23_llama1b_kv3072_cap12-07_long_burst_guard_fast-r11-0-9273ab8a,cmpl-diag00_a1_s23_llama1b_kv3072_cap12-07_long_burst_guard_fast-r9-0-88d59262,77,98,0.19522196400066605
llama1b,3072,12,23,long,burst,handoff,7286.018373526,diag00_a1_s23_llama1b_kv3072_cap12-07_long_burst_guard_fast,guard_fast,cmpl-diag00_a1_s23_llama1b_kv3072_cap12-07_long_burst_guard_fast-r9-0-88d59262,cmpl-diag00_a1_s23_llama1b_kv3072_cap12-07_long_burst_guard_fast-r11-0-9273ab8a,93,114,0.16658159799953864
llama1b,3072,12,23,long,burst,handoff,7286.231750403,diag00_a1_s23_llama1b_kv3072_cap12-07_long_burst_guard_fast,guard_fast,cmpl-diag00_a1_s23_llama1b_kv3072_cap12-07_long_burst_guard_fast-r11-0-9273ab8a,cmpl-diag00_a1_s23_llama1b_kv3072_cap12-07_long_burst_guard_fast-r9-0-88d59262,77,98,0.19710040500012838
llama1b,3072,12,23,long,burst,handoff,7286.412513507,diag00_a1_s23_llama1b_kv3072_cap12-07_long_burst_guard_fast,guard_fast,cmpl-diag00_a1_s23_llama1b_kv3072_cap12-07_long_burst_guard_fast-r9-0-88d59262,cmpl-diag00_a1_s23_llama1b_kv3072_cap12-07_long_burst_guard_fast-r11-0-9273ab8a,93,114,0.1659515379997174
llama1b,3072,12,23,long,burst,handoff,7286.625052434,diag00_a1_s23_llama1b_kv3072_cap12-07_long_burst_guard_fast,guard_fast,cmpl-diag00_a1_s23_llama1b_kv3072_cap12-07_long_burst_guard_fast-r11-0-9273ab8a,cmpl-diag00_a1_s23_llama1b_kv3072_cap12-07_long_burst_guard_fast-r9-0-88d59262,77,98,0.19800152800053183
llama1b,3072,12,23,long,burst,handoff,7286.80883092,diag00_a1_s23_llama1b_kv3072_cap12-07_long_burst_guard_fast,guard_fast,cmpl-diag00_a1_s23_llama1b_kv3072_cap12-07_long_burst_guard_fast-r9-0-88d59262,cmpl-diag00_a1_s23_llama1b_kv3072_cap12-07_long_burst_guard_fast-r11-0-9273ab8a,93,114,0.17005910300031246
llama1b,3072,12,23,long,burst,handoff,7287.017221338,diag00_a1_s23_llama1b_kv3072_cap12-07_long_burst_guard_fast,guard_fast,cmpl-diag00_a1_s23_llama1b_kv3072_cap12-07_long_burst_guard_fast-r11-0-9273ab8a,cmpl-diag00_a1_s23_llama1b_kv3072_cap12-07_long_burst_guard_fast-r9-0-88d59262,77,99,0.19446000500010996
llama1b,3072,12,23,long,burst,handoff,7287.200777719,diag00_a1_s23_llama1b_kv3072_cap12-07_long_burst_guard_fast,guard_fast,cmpl-diag00_a1_s23_llama1b_kv3072_cap12-07_long_burst_guard_fast-r9-0-88d59262,cmpl-diag00_a1_s23_llama1b_kv3072_cap12-07_long_burst_guard_fast-r11-0-9273ab8a,92,115,0.16716984699996829
llama1b,3072,12,23,long,burst,handoff,7287.40996538,diag00_a1_s23_llama1b_kv3072_cap12-07_long_burst_guard_fast,guard_fast,cmpl-diag00_a1_s23_llama1b_kv3072_cap12-07_long_burst_guard_fast-r11-0-9273ab8a,cmpl-diag00_a1_s23_llama1b_kv3072_cap12-07_long_burst_guard_fast-r9-0-88d59262,76,99,0.19478745500055084
llama1b,3072,12,23,long,burst,handoff,7287.591480372,diag00_a1_s23_llama1b_kv3072_cap12-07_long_burst_guard_fast,guard_fast,cmpl-diag00_a1_s23_llama1b_kv3072_cap12-07_long_burst_guard_fast-r9-0-88d59262,cmpl-diag00_a1_s23_llama1b_kv3072_cap12-07_long_burst_guard_fast-r11-0-9273ab8a,92,115,0.16752193299998908
llama1b,3072,12,23,long,burst,handoff,7287.802076829,diag00_a1_s23_llama1b_kv3072_cap12-07_long_burst_guard_fast,guard_fast,cmpl-diag00_a1_s23_llama1b_kv3072_cap12-07_long_burst_guard_fast-r11-0-9273ab8a,cmpl-diag00_a1_s23_llama1b_kv3072_cap12-07_long_burst_guard_fast-r9-0-88d59262,76,99,0.1958276109999133
llama1b,3072,12,23,long,burst,handoff,7287.990325521,diag00_a1_s23_llama1b_kv3072_cap12-07_long_burst_guard_fast,guard_fast,cmpl-diag00_a1_s23_llama1b_kv3072_cap12-07_long_burst_guard_fast-r9-0-88d59262,cmpl-diag00_a1_s23_llama1b_kv3072_cap12-07_long_burst_guard_fast-r11-0-9273ab8a,92,115,0.1731560839998565
llama1b,3072,12,23,long,burst,handoff,7288.200014328,diag00_a1_s23_llama1b_kv3072_cap12-07_long_burst_guard_fast,guard_fast,cmpl-diag00_a1_s23_llama1b_kv3072_cap12-07_long_burst_guard_fast-r11-0-9273ab8a,cmpl-diag00_a1_s23_llama1b_kv3072_cap12-07_long_burst_guard_fast-r9-0-88d59262,76,99,0.19666160399992805
llama1b,3072,12,23,long,burst,handoff,7288.382351143,diag00_a1_s23_llama1b_kv3072_cap12-07_long_burst_guard_fast,guard_fast,cmpl-diag00_a1_s23_llama1b_kv3072_cap12-07_long_burst_guard_fast-r9-0-88d59262,cmpl-diag00_a1_s23_llama1b_kv3072_cap12-07_long_burst_guard_fast-r11-0-9273ab8a,92,115,0.1676395650001723
llama1b,3072,12,23,long,burst,handoff,7288.593949491,diag00_a1_s23_llama1b_kv3072_cap12-07_long_burst_guard_fast,guard_fast,cmpl-diag00_a1_s23_llama1b_kv3072_cap12-07_long_burst_guard_fast-r11-0-9273ab8a,cmpl-diag00_a1_s23_llama1b_kv3072_cap12-07_long_burst_guard_fast-r9-0-88d59262,76,99,0.19817745799991826
llama1b,3072,12,23,long,burst,handoff,7288.777249662,diag00_a1_s23_llama1b_kv3072_cap12-07_long_burst_guard_fast,guard_fast,cmpl-diag00_a1_s23_llama1b_kv3072_cap12-07_long_burst_guard_fast-r9-0-88d59262,cmpl-diag00_a1_s23_llama1b_kv3072_cap12-07_long_burst_guard_fast-r11-0-9273ab8a,92,115,0.16739222199976211
llama1b,3072,12,23,long,burst,handoff,7288.990792699,diag00_a1_s23_llama1b_kv3072_cap12-07_long_burst_guard_fast,guard_fast,cmpl-diag00_a1_s23_llama1b_kv3072_cap12-07_long_burst_guard_fast-r11-0-9273ab8a,cmpl-diag00_a1_s23_llama1b_kv3072_cap12-07_long_burst_guard_fast-r9-0-88d59262,76,99,0.19805833699956565
llama1b,3072,12,23,long,burst,handoff,7289.175414271,diag00_a1_s23_llama1b_kv3072_cap12-07_long_burst_guard_fast,guard_fast,cmpl-diag00_a1_s23_llama1b_kv3072_cap12-07_long_burst_guard_fast-r9-0-88d59262,cmpl-diag00_a1_s23_llama1b_kv3072_cap12-07_long_burst_guard_fast-r11-0-9273ab8a,92,115,0.16725501699966117
llama1b,3072,12,23,long,burst,handoff,7289.386192177,diag00_a1_s23_llama1b_kv3072_cap12-07_long_burst_guard_fast,guard_fast,cmpl-diag00_a1_s23_llama1b_kv3072_cap12-07_long_burst_guard_fast-r11-0-9273ab8a,cmpl-diag00_a1_s23_llama1b_kv3072_cap12-07_long_burst_guard_fast-r9-0-88d59262,76,99,0.19591169000068476
llama1b,3072,12,23,long,burst,handoff,7289.572772074,diag00_a1_s23_llama1b_kv3072_cap12-07_long_burst_guard_fast,guard_fast,cmpl-diag00_a1_s23_llama1b_kv3072_cap12-07_long_burst_guard_fast-r9-0-88d59262,cmpl-diag00_a1_s23_llama1b_kv3072_cap12-07_long_burst_guard_fast-r11-0-9273ab8a,92,115,0.1704367619995537
llama1b,3072,12,23,long,burst,handoff,7289.783077538,diag00_a1_s23_llama1b_kv3072_cap12-07_long_burst_guard_fast,guard_fast,cmpl-diag00_a1_s23_llama1b_kv3072_cap12-07_long_burst_guard_fast-r11-0-9273ab8a,cmpl-diag00_a1_s23_llama1b_kv3072_cap12-07_long_burst_guard_fast-r9-0-88d59262,76,99,0.19647428799999034
llama1b,3072,12,23,long,burst,handoff,7289.968018343,diag00_a1_s23_llama1b_kv3072_cap12-07_long_burst_guard_fast,guard_fast,cmpl-diag00_a1_s23_llama1b_kv3072_cap12-07_long_burst_guard_fast-r9-0-88d59262,cmpl-diag00_a1_s23_llama1b_kv3072_cap12-07_long_burst_guard_fast-r11-0-9273ab8a,92,115,0.17040754000026936
llama1b,3072,12,23,long,burst,handoff,7290.178054841,diag00_a1_s23_llama1b_kv3072_cap12-07_long_burst_guard_fast,guard_fast,cmpl-diag00_a1_s23_llama1b_kv3072_cap12-07_long_burst_guard_fast-r11-0-9273ab8a,cmpl-diag00_a1_s23_llama1b_kv3072_cap12-07_long_burst_guard_fast-r9-0-88d59262,76,100,0.19587204299932637
llama1b,3072,12,23,long,burst,handoff,7290.362526636,diag00_a1_s23_llama1b_kv3072_cap12-07_long_burst_guard_fast,guard_fast,cmpl-diag00_a1_s23_llama1b_kv3072_cap12-07_long_burst_guard_fast-r9-0-88d59262,cmpl-diag00_a1_s23_llama1b_kv3072_cap12-07_long_burst_guard_fast-r11-0-9273ab8a,91,116,0.16747302700059663
llama1b,3072,12,23,long,burst,handoff,7290.57254905,diag00_a1_s23_llama1b_kv3072_cap12-07_long_burst_guard_fast,guard_fast,cmpl-diag00_a1_s23_llama1b_kv3072_cap12-07_long_burst_guard_fast-r11-0-9273ab8a,cmpl-diag00_a1_s23_llama1b_kv3072_cap12-07_long_burst_guard_fast-r9-0-88d59262,75,100,0.19686902400007966
llama1b,3072,12,23,long,burst,handoff,7290.756396524,diag00_a1_s23_llama1b_kv3072_cap12-07_long_burst_guard_fast,guard_fast,cmpl-diag00_a1_s23_llama1b_kv3072_cap12-07_long_burst_guard_fast-r9-0-88d59262,cmpl-diag00_a1_s23_llama1b_kv3072_cap12-07_long_burst_guard_fast-r11-0-9273ab8a,91,116,0.16874593600005028
llama1b,3072,12,23,long,burst,handoff,7290.966234825,diag00_a1_s23_llama1b_kv3072_cap12-07_long_burst_guard_fast,guard_fast,cmpl-diag00_a1_s23_llama1b_kv3072_cap12-07_long_burst_guard_fast-r11-0-9273ab8a,cmpl-diag00_a1_s23_llama1b_kv3072_cap12-07_long_burst_guard_fast-r9-0-88d59262,75,100,0.19588279300023714
llama1b,3072,12,23,long,burst,handoff,7291.152128931,diag00_a1_s23_llama1b_kv3072_cap12-07_long_burst_guard_fast,guard_fast,cmpl-diag00_a1_s23_llama1b_kv3072_cap12-07_long_burst_guard_fast-r9-0-88d59262,cmpl-diag00_a1_s23_llama1b_kv3072_cap12-07_long_burst_guard_fast-r11-0-9273ab8a,91,116,0.17013568200036389
llama1b,3072,12,23,long,burst,handoff,7291.36131899,diag00_a1_s23_llama1b_kv3072_cap12-07_long_burst_guard_fast,guard_fast,cmpl-diag00_a1_s23_llama1b_kv3072_cap12-07_long_burst_guard_fast-r11-0-9273ab8a,cmpl-diag00_a1_s23_llama1b_kv3072_cap12-07_long_burst_guard_fast-r9-0-88d59262,75,100,0.19377150499985873
llama1b,3072,12,23,long,burst,handoff,7291.545527595,diag00_a1_s23_llama1b_kv3072_cap12-07_long_burst_guard_fast,guard_fast,cmpl-diag00_a1_s23_llama1b_kv3072_cap12-07_long_burst_guard_fast-r9-0-88d59262,cmpl-diag00_a1_s23_llama1b_kv3072_cap12-07_long_burst_guard_fast-r11-0-9273ab8a,91,116,0.16874724399986007
llama1b,3072,12,23,long,burst,handoff,7291.759055597,diag00_a1_s23_llama1b_kv3072_cap12-07_long_burst_guard_fast,guard_fast,cmpl-diag00_a1_s23_llama1b_kv3072_cap12-07_long_burst_guard_fast-r11-0-9273ab8a,cmpl-diag00_a1_s23_llama1b_kv3072_cap12-07_long_burst_guard_fast-r9-0-88d59262,75,100,0.1989179909996892
llama1b,3072,12,23,long,burst,handoff,7291.942023011,diag00_a1_s23_llama1b_kv3072_cap12-07_long_burst_guard_fast,guard_fast,cmpl-diag00_a1_s23_llama1b_kv3072_cap12-07_long_burst_guard_fast-r9-0-88d59262,cmpl-diag00_a1_s23_llama1b_kv3072_cap12-07_long_burst_guard_fast-r11-0-9273ab8a,91,116,0.16680852999979834
llama1b,3072,12,23,long,burst,handoff,7292.154605572,diag00_a1_s23_llama1b_kv3072_cap12-07_long_burst_guard_fast,guard_fast,cmpl-diag00_a1_s23_llama1b_kv3072_cap12-07_long_burst_guard_fast-r11-0-9273ab8a,cmpl-diag00_a1_s23_llama1b_kv3072_cap12-07_long_burst_guard_fast-r9-0-88d59262,75,100,0.1973489009997138
llama1b,3072,12,23,long,burst,handoff,7292.336079437,diag00_a1_s23_llama1b_kv3072_cap12-07_long_burst_guard_fast,guard_fast,cmpl-diag00_a1_s23_llama1b_kv3072_cap12-07_long_burst_guard_fast-r9-0-88d59262,cmpl-diag00_a1_s23_llama1b_kv3072_cap12-07_long_burst_guard_fast-r11-0-9273ab8a,91,116,0.1663241289998041
llama1b,3072,12,23,long,burst,handoff,7292.550096524,diag00_a1_s23_llama1b_kv3072_cap12-07_long_burst_guard_fast,guard_fast,cmpl-diag00_a1_s23_llama1b_kv3072_cap12-07_long_burst_guard_fast-r11-0-9273ab8a,cmpl-diag00_a1_s23_llama1b_kv3072_cap12-07_long_burst_guard_fast-r9-0-88d59262,75,100,0.19877285799975652
llama1b,3072,12,23,long,burst,handoff,7292.732918738,diag00_a1_s23_llama1b_kv3072_cap12-07_long_burst_guard_fast,guard_fast,cmpl-diag00_a1_s23_llama1b_kv3072_cap12-07_long_burst_guard_fast-r9-0-88d59262,cmpl-diag00_a1_s23_llama1b_kv3072_cap12-07_long_burst_guard_fast-r11-0-9273ab8a,91,116,0.1693437650001215
llama1b,3072,12,23,long,burst,handoff,7292.946123038,diag00_a1_s23_llama1b_kv3072_cap12-07_long_burst_guard_fast,guard_fast,cmpl-diag00_a1_s23_llama1b_kv3072_cap12-07_long_burst_guard_fast-r11-0-9273ab8a,cmpl-diag00_a1_s23_llama1b_kv3072_cap12-07_long_burst_guard_fast-r9-0-88d59262,75,100,0.19879515000047832
llama1b,3072,12,23,long,burst,handoff,7293.128382002,diag00_a1_s23_llama1b_kv3072_cap12-07_long_burst_guard_fast,guard_fast,cmpl-diag00_a1_s23_llama1b_kv3072_cap12-07_long_burst_guard_fast-r9-0-88d59262,cmpl-diag00_a1_s23_llama1b_kv3072_cap12-07_long_burst_guard_fast-r11-0-9273ab8a,91,116,0.16905945500002417
llama1b,3072,12,23,long,burst,handoff,7293.338375541,diag00_a1_s23_llama1b_kv3072_cap12-07_long_burst_guard_fast,guard_fast,cmpl-diag00_a1_s23_llama1b_kv3072_cap12-07_long_burst_guard_fast-r11-0-9273ab8a,cmpl-diag00_a1_s23_llama1b_kv3072_cap12-07_long_burst_guard_fast-r9-0-88d59262,75,101,0.1957046719999198
llama1b,3072,12,23,long,burst,handoff,7293.528128833,diag00_a1_s23_llama1b_kv3072_cap12-07_long_burst_guard_fast,guard_fast,cmpl-diag00_a1_s23_llama1b_kv3072_cap12-07_long_burst_guard_fast-r9-0-88d59262,cmpl-diag00_a1_s23_llama1b_kv3072_cap12-07_long_burst_guard_fast-r11-0-9273ab8a,90,117,0.17509226699985447
llama1b,3072,12,23,long,burst,handoff,7293.737412812,diag00_a1_s23_llama1b_kv3072_cap12-07_long_burst_guard_fast,guard_fast,cmpl-diag00_a1_s23_llama1b_kv3072_cap12-07_long_burst_guard_fast-r11-0-9273ab8a,cmpl-diag00_a1_s23_llama1b_kv3072_cap12-07_long_burst_guard_fast-r9-0-88d59262,74,101,0.19503445600003033
llama1b,3072,12,23,long,burst,handoff,7293.922294652,diag00_a1_s23_llama1b_kv3072_cap12-07_long_burst_guard_fast,guard_fast,cmpl-diag00_a1_s23_llama1b_kv3072_cap12-07_long_burst_guard_fast-r9-0-88d59262,cmpl-diag00_a1_s23_llama1b_kv3072_cap12-07_long_burst_guard_fast-r11-0-9273ab8a,90,117,0.17007213800025056
llama1b,3072,12,23,long,burst,handoff,7294.134969901,diag00_a1_s23_llama1b_kv3072_cap12-07_long_burst_guard_fast,guard_fast,cmpl-diag00_a1_s23_llama1b_kv3072_cap12-07_long_burst_guard_fast-r11-0-9273ab8a,cmpl-diag00_a1_s23_llama1b_kv3072_cap12-07_long_burst_guard_fast-r9-0-88d59262,74,101,0.1969514069996876
llama1b,3072,12,23,long,burst,handoff,7294.319885135,diag00_a1_s23_llama1b_kv3072_cap12-07_long_burst_guard_fast,guard_fast,cmpl-diag00_a1_s23_llama1b_kv3072_cap12-07_long_burst_guard_fast-r9-0-88d59262,cmpl-diag00_a1_s23_llama1b_kv3072_cap12-07_long_burst_guard_fast-r11-0-9273ab8a,90,117,0.16827740000007907
llama1b,3072,12,23,long,burst,handoff,7294.532581546,diag00_a1_s23_llama1b_kv3072_cap12-07_long_burst_guard_fast,guard_fast,cmpl-diag00_a1_s23_llama1b_kv3072_cap12-07_long_burst_guard_fast-r11-0-9273ab8a,cmpl-diag00_a1_s23_llama1b_kv3072_cap12-07_long_burst_guard_fast-r9-0-88d59262,74,101,0.19876637600009417
llama1b,3072,12,23,long,burst,handoff,7294.717296184,diag00_a1_s23_llama1b_kv3072_cap12-07_long_burst_guard_fast,guard_fast,cmpl-diag00_a1_s23_llama1b_kv3072_cap12-07_long_burst_guard_fast-r9-0-88d59262,cmpl-diag00_a1_s23_llama1b_kv3072_cap12-07_long_burst_guard_fast-r11-0-9273ab8a,90,117,0.17000061999988247
llama1b,3072,12,23,long,burst,handoff,7294.934400187,diag00_a1_s23_llama1b_kv3072_cap12-07_long_burst_guard_fast,guard_fast,cmpl-diag00_a1_s23_llama1b_kv3072_cap12-07_long_burst_guard_fast-r11-0-9273ab8a,cmpl-diag00_a1_s23_llama1b_kv3072_cap12-07_long_burst_guard_fast-r9-0-88d59262,74,101,0.20211703700078942
llama1b,3072,12,23,long,burst,handoff,7295.114757195,diag00_a1_s23_llama1b_kv3072_cap12-07_long_burst_guard_fast,guard_fast,cmpl-diag00_a1_s23_llama1b_kv3072_cap12-07_long_burst_guard_fast-r9-0-88d59262,cmpl-diag00_a1_s23_llama1b_kv3072_cap12-07_long_burst_guard_fast-r11-0-9273ab8a,90,117,0.1691614679994018
llama1b,3072,12,23,long,burst,handoff,7295.328661765,diag00_a1_s23_llama1b_kv3072_cap12-07_long_burst_guard_fast,guard_fast,cmpl-diag00_a1_s23_llama1b_kv3072_cap12-07_long_burst_guard_fast-r11-0-9273ab8a,cmpl-diag00_a1_s23_llama1b_kv3072_cap12-07_long_burst_guard_fast-r9-0-88d59262,74,101,0.19761638500040135
llama1b,3072,12,23,long,burst,handoff,7295.512691521,diag00_a1_s23_llama1b_kv3072_cap12-07_long_burst_guard_fast,guard_fast,cmpl-diag00_a1_s23_llama1b_kv3072_cap12-07_long_burst_guard_fast-r9-0-88d59262,cmpl-diag00_a1_s23_llama1b_kv3072_cap12-07_long_burst_guard_fast-r11-0-9273ab8a,90,117,0.17055602200071007
llama1b,3072,12,23,long,burst,handoff,7295.724422118,diag00_a1_s23_llama1b_kv3072_cap12-07_long_burst_guard_fast,guard_fast,cmpl-diag00_a1_s23_llama1b_kv3072_cap12-07_long_burst_guard_fast-r11-0-9273ab8a,cmpl-diag00_a1_s23_llama1b_kv3072_cap12-07_long_burst_guard_fast-r9-0-88d59262,74,101,0.19754830700003367
llama1b,3072,12,23,long,burst,handoff,7295.912974705,diag00_a1_s23_llama1b_kv3072_cap12-07_long_burst_guard_fast,guard_fast,cmpl-diag00_a1_s23_llama1b_kv3072_cap12-07_long_burst_guard_fast-r9-0-88d59262,cmpl-diag00_a1_s23_llama1b_kv3072_cap12-07_long_burst_guard_fast-r11-0-9273ab8a,90,117,0.17169598400050745
llama1b,3072,12,23,long,burst,handoff,7296.125639944,diag00_a1_s23_llama1b_kv3072_cap12-07_long_burst_guard_fast,guard_fast,cmpl-diag00_a1_s23_llama1b_kv3072_cap12-07_long_burst_guard_fast-r11-0-9273ab8a,cmpl-diag00_a1_s23_llama1b_kv3072_cap12-07_long_burst_guard_fast-r9-0-88d59262,74,101,0.20176314800028194
llama1b,3072,12,23,long,burst,handoff,7296.30974769,diag00_a1_s23_llama1b_kv3072_cap12-07_long_burst_guard_fast,guard_fast,cmpl-diag00_a1_s23_llama1b_kv3072_cap12-07_long_burst_guard_fast-r9-0-88d59262,cmpl-diag00_a1_s23_llama1b_kv3072_cap12-07_long_burst_guard_fast-r11-0-9273ab8a,90,117,0.1708809760002623
llama1b,3072,12,23,long,burst,handoff,7296.522457237,diag00_a1_s23_llama1b_kv3072_cap12-07_long_burst_guard_fast,guard_fast,cmpl-diag00_a1_s23_llama1b_kv3072_cap12-07_long_burst_guard_fast-r11-0-9273ab8a,cmpl-diag00_a1_s23_llama1b_kv3072_cap12-07_long_burst_guard_fast-r9-0-88d59262,74,102,0.19675879199985502
llama1b,3072,12,23,long,burst,handoff,7296.709541203,diag00_a1_s23_llama1b_kv3072_cap12-07_long_burst_guard_fast,guard_fast,cmpl-diag00_a1_s23_llama1b_kv3072_cap12-07_long_burst_guard_fast-r9-0-88d59262,cmpl-diag00_a1_s23_llama1b_kv3072_cap12-07_long_burst_guard_fast-r11-0-9273ab8a,89,118,0.1723264920001384
llama1b,3072,12,23,long,burst,handoff,7296.921698275,diag00_a1_s23_llama1b_kv3072_cap12-07_long_burst_guard_fast,guard_fast,cmpl-diag00_a1_s23_llama1b_kv3072_cap12-07_long_burst_guard_fast-r11-0-9273ab8a,cmpl-diag00_a1_s23_llama1b_kv3072_cap12-07_long_burst_guard_fast-r9-0-88d59262,73,102,0.19638269300048705
llama1b,3072,12,23,long,burst,handoff,7297.109399357,diag00_a1_s23_llama1b_kv3072_cap12-07_long_burst_guard_fast,guard_fast,cmpl-diag00_a1_s23_llama1b_kv3072_cap12-07_long_burst_guard_fast-r9-0-88d59262,cmpl-diag00_a1_s23_llama1b_kv3072_cap12-07_long_burst_guard_fast-r11-0-9273ab8a,89,118,0.17249464399992576
llama1b,3072,12,23,long,burst,handoff,7297.320222715,diag00_a1_s23_llama1b_kv3072_cap12-07_long_burst_guard_fast,guard_fast,cmpl-diag00_a1_s23_llama1b_kv3072_cap12-07_long_burst_guard_fast-r11-0-9273ab8a,cmpl-diag00_a1_s23_llama1b_kv3072_cap12-07_long_burst_guard_fast-r9-0-88d59262,73,102,0.1937195980008255
llama1b,3072,12,23,long,burst,handoff,7297.506733448,diag00_a1_s23_llama1b_kv3072_cap12-07_long_burst_guard_fast,guard_fast,cmpl-diag00_a1_s23_llama1b_kv3072_cap12-07_long_burst_guard_fast-r9-0-88d59262,cmpl-diag00_a1_s23_llama1b_kv3072_cap12-07_long_burst_guard_fast-r11-0-9273ab8a,89,118,0.17216967700005625
llama1b,3072,12,23,long,burst,handoff,7297.719393472,diag00_a1_s23_llama1b_kv3072_cap12-07_long_burst_guard_fast,guard_fast,cmpl-diag00_a1_s23_llama1b_kv3072_cap12-07_long_burst_guard_fast-r11-0-9273ab8a,cmpl-diag00_a1_s23_llama1b_kv3072_cap12-07_long_burst_guard_fast-r9-0-88d59262,73,102,0.2011241969994444
llama1b,3072,12,23,long,burst,handoff,7297.901551177,diag00_a1_s23_llama1b_kv3072_cap12-07_long_burst_guard_fast,guard_fast,cmpl-diag00_a1_s23_llama1b_kv3072_cap12-07_long_burst_guard_fast-r9-0-88d59262,cmpl-diag00_a1_s23_llama1b_kv3072_cap12-07_long_burst_guard_fast-r11-0-9273ab8a,89,118,0.16720195900052204
llama1b,3072,12,23,long,burst,handoff,7298.117064938,diag00_a1_s23_llama1b_kv3072_cap12-07_long_burst_guard_fast,guard_fast,cmpl-diag00_a1_s23_llama1b_kv3072_cap12-07_long_burst_guard_fast-r11-0-9273ab8a,cmpl-diag00_a1_s23_llama1b_kv3072_cap12-07_long_burst_guard_fast-r9-0-88d59262,73,102,0.2002447310005664
llama1b,3072,12,23,long,burst,handoff,7298.298677534,diag00_a1_s23_llama1b_kv3072_cap12-07_long_burst_guard_fast,guard_fast,cmpl-diag00_a1_s23_llama1b_kv3072_cap12-07_long_burst_guard_fast-r9-0-88d59262,cmpl-diag00_a1_s23_llama1b_kv3072_cap12-07_long_burst_guard_fast-r11-0-9273ab8a,89,118,0.16741476899915142
llama1b,3072,12,23,long,burst,handoff,7298.511047971,diag00_a1_s23_llama1b_kv3072_cap12-07_long_burst_guard_fast,guard_fast,cmpl-diag00_a1_s23_llama1b_kv3072_cap12-07_long_burst_guard_fast-r11-0-9273ab8a,cmpl-diag00_a1_s23_llama1b_kv3072_cap12-07_long_burst_guard_fast-r9-0-88d59262,73,102,0.19782394300000306
llama1b,3072,12,23,long,burst,handoff,7298.696565187,diag00_a1_s23_llama1b_kv3072_cap12-07_long_burst_guard_fast,guard_fast,cmpl-diag00_a1_s23_llama1b_kv3072_cap12-07_long_burst_guard_fast-r9-0-88d59262,cmpl-diag00_a1_s23_llama1b_kv3072_cap12-07_long_burst_guard_fast-r11-0-9273ab8a,89,118,0.17030462499951682
llama1b,3072,12,23,long,burst,handoff,7298.909859389,diag00_a1_s23_llama1b_kv3072_cap12-07_long_burst_guard_fast,guard_fast,cmpl-diag00_a1_s23_llama1b_kv3072_cap12-07_long_burst_guard_fast-r11-0-9273ab8a,cmpl-diag00_a1_s23_llama1b_kv3072_cap12-07_long_burst_guard_fast-r9-0-88d59262,73,102,0.19800211600067996
llama1b,3072,12,23,long,burst,handoff,7299.094432209,diag00_a1_s23_llama1b_kv3072_cap12-07_long_burst_guard_fast,guard_fast,cmpl-diag00_a1_s23_llama1b_kv3072_cap12-07_long_burst_guard_fast-r9-0-88d59262,cmpl-diag00_a1_s23_llama1b_kv3072_cap12-07_long_burst_guard_fast-r11-0-9273ab8a,89,118,0.1685694030002196
llama1b,3072,12,23,long,burst,handoff,7299.307591809,diag00_a1_s23_llama1b_kv3072_cap12-07_long_burst_guard_fast,guard_fast,cmpl-diag00_a1_s23_llama1b_kv3072_cap12-07_long_burst_guard_fast-r11-0-9273ab8a,cmpl-diag00_a1_s23_llama1b_kv3072_cap12-07_long_burst_guard_fast-r9-0-88d59262,73,102,0.19751854500009358
llama1b,3072,12,23,long,burst,handoff,7299.497097189,diag00_a1_s23_llama1b_kv3072_cap12-07_long_burst_guard_fast,guard_fast,cmpl-diag00_a1_s23_llama1b_kv3072_cap12-07_long_burst_guard_fast-r9-0-88d59262,cmpl-diag00_a1_s23_llama1b_kv3072_cap12-07_long_burst_guard_fast-r11-0-9273ab8a,89,118,0.16859591899992665
llama1b,3072,12,23,long,burst,handoff,7299.709972152,diag00_a1_s23_llama1b_kv3072_cap12-07_long_burst_guard_fast,guard_fast,cmpl-diag00_a1_s23_llama1b_kv3072_cap12-07_long_burst_guard_fast-r11-0-9273ab8a,cmpl-diag00_a1_s23_llama1b_kv3072_cap12-07_long_burst_guard_fast-r9-0-88d59262,73,103,0.1989170449996891
llama1b,3072,12,23,long,burst,handoff,7299.895172924,diag00_a1_s23_llama1b_kv3072_cap12-07_long_burst_guard_fast,guard_fast,cmpl-diag00_a1_s23_llama1b_kv3072_cap12-07_long_burst_guard_fast-r9-0-88d59262,cmpl-diag00_a1_s23_llama1b_kv3072_cap12-07_long_burst_guard_fast-r11-0-9273ab8a,88,119,0.17075508200014156
llama1b,3072,12,23,long,burst,handoff,7300.109753668,diag00_a1_s23_llama1b_kv3072_cap12-07_long_burst_guard_fast,guard_fast,cmpl-diag00_a1_s23_llama1b_kv3072_cap12-07_long_burst_guard_fast-r11-0-9273ab8a,cmpl-diag00_a1_s23_llama1b_kv3072_cap12-07_long_burst_guard_fast-r9-0-88d59262,72,103,0.20019495999986248
llama1b,3072,12,23,long,burst,handoff,7300.295578927,diag00_a1_s23_llama1b_kv3072_cap12-07_long_burst_guard_fast,guard_fast,cmpl-diag00_a1_s23_llama1b_kv3072_cap12-07_long_burst_guard_fast-r9-0-88d59262,cmpl-diag00_a1_s23_llama1b_kv3072_cap12-07_long_burst_guard_fast-r11-0-9273ab8a,88,119,0.1709496659996148
llama1b,3072,12,23,long,burst,handoff,7300.507269619,diag00_a1_s23_llama1b_kv3072_cap12-07_long_burst_guard_fast,guard_fast,cmpl-diag00_a1_s23_llama1b_kv3072_cap12-07_long_burst_guard_fast-r11-0-9273ab8a,cmpl-diag00_a1_s23_llama1b_kv3072_cap12-07_long_burst_guard_fast-r9-0-88d59262,72,103,0.19629066299967235
llama1b,3072,12,23,long,burst,handoff,7300.690949064,diag00_a1_s23_llama1b_kv3072_cap12-07_long_burst_guard_fast,guard_fast,cmpl-diag00_a1_s23_llama1b_kv3072_cap12-07_long_burst_guard_fast-r9-0-88d59262,cmpl-diag00_a1_s23_llama1b_kv3072_cap12-07_long_burst_guard_fast-r11-0-9273ab8a,88,119,0.17014420699979382
llama1b,3072,12,23,long,burst,handoff,7300.905455212,diag00_a1_s23_llama1b_kv3072_cap12-07_long_burst_guard_fast,guard_fast,cmpl-diag00_a1_s23_llama1b_kv3072_cap12-07_long_burst_guard_fast-r11-0-9273ab8a,cmpl-diag00_a1_s23_llama1b_kv3072_cap12-07_long_burst_guard_fast-r9-0-88d59262,72,103,0.19809007899948483
llama1b,3072,12,23,long,burst,handoff,7301.089128684,diag00_a1_s23_llama1b_kv3072_cap12-07_long_burst_guard_fast,guard_fast,cmpl-diag00_a1_s23_llama1b_kv3072_cap12-07_long_burst_guard_fast-r9-0-88d59262,cmpl-diag00_a1_s23_llama1b_kv3072_cap12-07_long_burst_guard_fast-r11-0-9273ab8a,88,119,0.16931225299958896
llama1b,3072,12,23,long,burst,handoff,7301.304340187,diag00_a1_s23_llama1b_kv3072_cap12-07_long_burst_guard_fast,guard_fast,cmpl-diag00_a1_s23_llama1b_kv3072_cap12-07_long_burst_guard_fast-r11-0-9273ab8a,cmpl-diag00_a1_s23_llama1b_kv3072_cap12-07_long_burst_guard_fast-r9-0-88d59262,72,103,0.2004236969996782
llama1b,3072,12,23,long,burst,handoff,7301.49083431,diag00_a1_s23_llama1b_kv3072_cap12-07_long_burst_guard_fast,guard_fast,cmpl-diag00_a1_s23_llama1b_kv3072_cap12-07_long_burst_guard_fast-r9-0-88d59262,cmpl-diag00_a1_s23_llama1b_kv3072_cap12-07_long_burst_guard_fast-r11-0-9273ab8a,88,119,0.1723349789999702
llama1b,3072,12,23,long,burst,handoff,7301.704460617,diag00_a1_s23_llama1b_kv3072_cap12-07_long_burst_guard_fast,guard_fast,cmpl-diag00_a1_s23_llama1b_kv3072_cap12-07_long_burst_guard_fast-r11-0-9273ab8a,cmpl-diag00_a1_s23_llama1b_kv3072_cap12-07_long_burst_guard_fast-r9-0-88d59262,72,103,0.1989830870006699
llama1b,3072,12,23,long,burst,handoff,7301.895189536,diag00_a1_s23_llama1b_kv3072_cap12-07_long_burst_guard_fast,guard_fast,cmpl-diag00_a1_s23_llama1b_kv3072_cap12-07_long_burst_guard_fast-r9-0-88d59262,cmpl-diag00_a1_s23_llama1b_kv3072_cap12-07_long_burst_guard_fast-r11-0-9273ab8a,88,119,0.17613034899932245
llama1b,3072,12,23,long,burst,handoff,7302.109697483,diag00_a1_s23_llama1b_kv3072_cap12-07_long_burst_guard_fast,guard_fast,cmpl-diag00_a1_s23_llama1b_kv3072_cap12-07_long_burst_guard_fast-r11-0-9273ab8a,cmpl-diag00_a1_s23_llama1b_kv3072_cap12-07_long_burst_guard_fast-r9-0-88d59262,72,103,0.2015303389998735
llama1b,3072,12,23,long,burst,handoff,7302.300742353,diag00_a1_s23_llama1b_kv3072_cap12-07_long_burst_guard_fast,guard_fast,cmpl-diag00_a1_s23_llama1b_kv3072_cap12-07_long_burst_guard_fast-r9-0-88d59262,cmpl-diag00_a1_s23_llama1b_kv3072_cap12-07_long_burst_guard_fast-r11-0-9273ab8a,88,119,0.17197204399963084
llama1b,3072,12,23,long,burst,handoff,7302.51580057,diag00_a1_s23_llama1b_kv3072_cap12-07_long_burst_guard_fast,guard_fast,cmpl-diag00_a1_s23_llama1b_kv3072_cap12-07_long_burst_guard_fast-r11-0-9273ab8a,cmpl-diag00_a1_s23_llama1b_kv3072_cap12-07_long_burst_guard_fast-r9-0-88d59262,72,103,0.2000405969993153
llama1b,3072,12,23,long,burst,handoff,7302.702956986,diag00_a1_s23_llama1b_kv3072_cap12-07_long_burst_guard_fast,guard_fast,cmpl-diag00_a1_s23_llama1b_kv3072_cap12-07_long_burst_guard_fast-r9-0-88d59262,cmpl-diag00_a1_s23_llama1b_kv3072_cap12-07_long_burst_guard_fast-r11-0-9273ab8a,88,119,0.17270306999944296
llama1b,3072,12,23,long,burst,handoff,7302.915961139,diag00_a1_s23_llama1b_kv3072_cap12-07_long_burst_guard_fast,guard_fast,cmpl-diag00_a1_s23_llama1b_kv3072_cap12-07_long_burst_guard_fast-r11-0-9273ab8a,cmpl-diag00_a1_s23_llama1b_kv3072_cap12-07_long_burst_guard_fast-r9-0-88d59262,72,104,0.19952531799935969
llama1b,3072,12,23,long,burst,handoff,7303.108262716,diag00_a1_s23_llama1b_kv3072_cap12-07_long_burst_guard_fast,guard_fast,cmpl-diag00_a1_s23_llama1b_kv3072_cap12-07_long_burst_guard_fast-r9-0-88d59262,cmpl-diag00_a1_s23_llama1b_kv3072_cap12-07_long_burst_guard_fast-r11-0-9273ab8a,87,120,0.17829420100042626
llama1b,3072,12,23,long,burst,handoff,7303.323232904,diag00_a1_s23_llama1b_kv3072_cap12-07_long_burst_guard_fast,guard_fast,cmpl-diag00_a1_s23_llama1b_kv3072_cap12-07_long_burst_guard_fast-r11-0-9273ab8a,cmpl-diag00_a1_s23_llama1b_kv3072_cap12-07_long_burst_guard_fast-r9-0-88d59262,71,104,0.20137079899996024
llama1b,3072,12,23,long,burst,handoff,7303.511065248,diag00_a1_s23_llama1b_kv3072_cap12-07_long_burst_guard_fast,guard_fast,cmpl-diag00_a1_s23_llama1b_kv3072_cap12-07_long_burst_guard_fast-r9-0-88d59262,cmpl-diag00_a1_s23_llama1b_kv3072_cap12-07_long_burst_guard_fast-r11-0-9273ab8a,87,120,0.17309264999948937
llama1b,3072,12,23,long,burst,handoff,7303.726876997,diag00_a1_s23_llama1b_kv3072_cap12-07_long_burst_guard_fast,guard_fast,cmpl-diag00_a1_s23_llama1b_kv3072_cap12-07_long_burst_guard_fast-r11-0-9273ab8a,cmpl-diag00_a1_s23_llama1b_kv3072_cap12-07_long_burst_guard_fast-r9-0-88d59262,71,104,0.20108389899996837
llama1b,3072,12,23,long,burst,handoff,7303.912881696,diag00_a1_s23_llama1b_kv3072_cap12-07_long_burst_guard_fast,guard_fast,cmpl-diag00_a1_s23_llama1b_kv3072_cap12-07_long_burst_guard_fast-r9-0-88d59262,cmpl-diag00_a1_s23_llama1b_kv3072_cap12-07_long_burst_guard_fast-r11-0-9273ab8a,87,120,0.1743271530003767
llama1b,3072,12,23,long,burst,handoff,7304.131506693,diag00_a1_s23_llama1b_kv3072_cap12-07_long_burst_guard_fast,guard_fast,cmpl-diag00_a1_s23_llama1b_kv3072_cap12-07_long_burst_guard_fast-r11-0-9273ab8a,cmpl-diag00_a1_s23_llama1b_kv3072_cap12-07_long_burst_guard_fast-r9-0-88d59262,71,104,0.20240164999995613
llama1b,3072,12,23,long,burst,handoff,7304.320670607,diag00_a1_s23_llama1b_kv3072_cap12-07_long_burst_guard_fast,guard_fast,cmpl-diag00_a1_s23_llama1b_kv3072_cap12-07_long_burst_guard_fast-r9-0-88d59262,cmpl-diag00_a1_s23_llama1b_kv3072_cap12-07_long_burst_guard_fast-r11-0-9273ab8a,87,120,0.17728148299920576
llama1b,3072,12,23,long,burst,handoff,7304.535352922,diag00_a1_s23_llama1b_kv3072_cap12-07_long_burst_guard_fast,guard_fast,cmpl-diag00_a1_s23_llama1b_kv3072_cap12-07_long_burst_guard_fast-r11-0-9273ab8a,cmpl-diag00_a1_s23_llama1b_kv3072_cap12-07_long_burst_guard_fast-r9-0-88d59262,71,104,0.20252402599999186
llama1b,3072,12,23,long,burst,handoff,7304.718246068,diag00_a1_s23_llama1b_kv3072_cap12-07_long_burst_guard_fast,guard_fast,cmpl-diag00_a1_s23_llama1b_kv3072_cap12-07_long_burst_guard_fast-r9-0-88d59262,cmpl-diag00_a1_s23_llama1b_kv3072_cap12-07_long_burst_guard_fast-r11-0-9273ab8a,87,120,0.17027558499921724
llama1b,3072,12,23,long,burst,handoff,7304.933545552,diag00_a1_s23_llama1b_kv3072_cap12-07_long_burst_guard_fast,guard_fast,cmpl-diag00_a1_s23_llama1b_kv3072_cap12-07_long_burst_guard_fast-r11-0-9273ab8a,cmpl-diag00_a1_s23_llama1b_kv3072_cap12-07_long_burst_guard_fast-r9-0-88d59262,71,104,0.20020240600024408
llama1b,3072,12,23,long,burst,handoff,7305.124125028,diag00_a1_s23_llama1b_kv3072_cap12-07_long_burst_guard_fast,guard_fast,cmpl-diag00_a1_s23_llama1b_kv3072_cap12-07_long_burst_guard_fast-r9-0-88d59262,cmpl-diag00_a1_s23_llama1b_kv3072_cap12-07_long_burst_guard_fast-r11-0-9273ab8a,87,120,0.1767145169997093
llama1b,3072,12,23,long,burst,handoff,7305.337641318,diag00_a1_s23_llama1b_kv3072_cap12-07_long_burst_guard_fast,guard_fast,cmpl-diag00_a1_s23_llama1b_kv3072_cap12-07_long_burst_guard_fast-r11-0-9273ab8a,cmpl-diag00_a1_s23_llama1b_kv3072_cap12-07_long_burst_guard_fast-r9-0-88d59262,71,104,0.20036486300068646
llama1b,3072,12,23,long,burst,handoff,7305.525661285,diag00_a1_s23_llama1b_kv3072_cap12-07_long_burst_guard_fast,guard_fast,cmpl-diag00_a1_s23_llama1b_kv3072_cap12-07_long_burst_guard_fast-r9-0-88d59262,cmpl-diag00_a1_s23_llama1b_kv3072_cap12-07_long_burst_guard_fast-r11-0-9273ab8a,87,120,0.1735666559998208
llama1b,3072,12,23,long,burst,handoff,7305.736834109,diag00_a1_s23_llama1b_kv3072_cap12-07_long_burst_guard_fast,guard_fast,cmpl-diag00_a1_s23_llama1b_kv3072_cap12-07_long_burst_guard_fast-r11-0-9273ab8a,cmpl-diag00_a1_s23_llama1b_kv3072_cap12-07_long_burst_guard_fast-r9-0-88d59262,71,104,0.19603267799993773
