trial,model,slots,cap,seed,mix,arrival,policy,index,engine_request,preempt_perf_s,replay_start_perf_s,next_delivery_perf_s,wait_s,replay_to_delivery_s,preempt_to_delivery_s,computed_lost,generated_at_eviction,client_started_at_eviction,client_started_before_replay,intervening_preemptions,allocation_attempts,waived_attempts,binding_waiver_admissions,admission_tracing_available,no_attempt_decision_s,capacity_decision_s,watermark_decision_s,other_decision_s,admit_decision_s,terminal_without_replay,terminal_service_perf_s
diag00_a1_s23_llama1b_kv3072_cap12-01_long_burst_guard_relaxed,llama1b,3072,12,23,long,burst,guard_relaxed,7,cmpl-diag00_a1_s23_llama1b_kv3072_cap12-01_long_burst_guard_relaxed-r7-0-bedb4c88,6880.139550716,6880.627647903,6880.715393507,0.48809718700067606,0.08774560399979237,0.5758427910004684,656,144,True,True,0,34,0,0,True,0.01552870800060191,0.47243674699984695,0.0,0.0,0.00013173200022720266,False,
diag00_a1_s23_llama1b_kv3072_cap12-01_long_burst_guard_relaxed,llama1b,3072,12,23,long,burst,guard_relaxed,1,cmpl-diag00_a1_s23_llama1b_kv3072_cap12-01_long_burst_guard_relaxed-r1-0-8dc46a1d,6888.532562263,6889.053027976,6889.1822067,0.520465712999794,0.129178724000667,0.649644437000461,1039,783,True,True,0,32,0,0,True,0.015463354000530671,0.5049141949994009,0.0,0.0,8.816399986244505e-05,False,
diag00_a1_s23_llama1b_kv3072_cap12-01_long_burst_guard_relaxed,llama1b,3072,12,23,long,burst,guard_relaxed,1,cmpl-diag00_a1_s23_llama1b_kv3072_cap12-01_long_burst_guard_relaxed-r1-0-8dc46a1d,6890.619415959,6891.149123424,6891.340378282,0.529707464999774,0.1912548579994109,0.7209623229991848,1135,879,True,True,0,32,0,0,True,0.015391684999485733,0.5141762350003773,0.0,0.0,0.00013954499991086777,False,
diag00_a1_s23_llama1b_kv3072_cap12-01_long_burst_guard_relaxed,llama1b,3072,12,23,long,burst,guard_relaxed,1,cmpl-diag00_a1_s23_llama1b_kv3072_cap12-01_long_burst_guard_relaxed-r1-0-8dc46a1d,6892.192101022,6892.734494003,6892.939580225,0.5423929809994661,0.20508622200031823,0.7474792029997843,1191,935,True,True,0,32,0,0,True,0.015139727000132552,0.5271489459992154,0.0,0.0,0.00010430800011818064,False,
diag00_a1_s23_llama1b_kv3072_cap12-01_long_burst_guard_relaxed,llama1b,3072,12,23,long,burst,guard_relaxed,1,cmpl-diag00_a1_s23_llama1b_kv3072_cap12-01_long_burst_guard_relaxed-r1-0-8dc46a1d,6893.272741022,6893.808375234,6893.950748984,0.5356342119994224,0.14237374999993335,0.6780079619993558,1217,961,True,True,0,24,0,0,True,0.015646085999833304,0.5198945100000856,0.0,0.0,9.361599950352684e-05,False,
diag00_a1_s23_llama1b_kv3072_cap12-01_long_burst_guard_relaxed,llama1b,3072,12,23,long,burst,guard_relaxed,1,cmpl-diag00_a1_s23_llama1b_kv3072_cap12-01_long_burst_guard_relaxed-r1-0-8dc46a1d,6894.332955088,6894.974526016,6895.119533396,0.6415709279999646,0.14500738000060664,0.7865783080005713,1247,991,True,True,0,3,0,0,True,0.5097134320003534,0.13162293899949873,0.0,0.0,0.0002345570001125452,False,
diag00_a1_s23_llama1b_kv3072_cap12-01_long_burst_guard_relaxed,llama1b,3072,12,23,long,burst,guard_relaxed,1,cmpl-diag00_a1_s23_llama1b_kv3072_cap12-01_long_burst_guard_relaxed-r1-0-8dc46a1d,6895.367417377,6895.888253181,6896.029797587,0.5208358040008534,0.14154440599941154,0.6623802100002649,1267,1011,True,True,0,23,0,0,True,0.13814161800019065,0.38255878900054086,0.0,0.0,0.00013539700012188405,False,
diag00_a1_s23_llama1b_kv3072_cap12-01_long_burst_guard_relaxed,llama1b,3072,12,23,long,burst,guard_relaxed,1,cmpl-diag00_a1_s23_llama1b_kv3072_cap12-01_long_burst_guard_relaxed-r1-0-8dc46a1d,6896.40901299,6896.926840361,6897.072386865,0.5178273710007488,0.14554650399986713,0.663373875000616,1288,1032,True,True,0,23,0,0,True,0.13700636700014002,0.38050234999991517,0.0,0.0,0.00031865400069364114,False,
diag00_a1_s23_llama1b_kv3072_cap12-01_long_burst_guard_relaxed,llama1b,3072,12,23,long,burst,guard_relaxed,1,cmpl-diag00_a1_s23_llama1b_kv3072_cap12-01_long_burst_guard_relaxed-r1-0-8dc46a1d,6897.453975109,6897.983006166,6898.133061378,0.5290310570007932,0.15005521199964278,0.679086269000436,1309,1053,True,True,0,24,0,0,True,0.13969920500039734,0.38923316299951694,0.0,0.0,9.868900087894872e-05,False,
diag00_a1_s23_llama1b_kv3072_cap12-01_long_burst_guard_relaxed,llama1b,3072,12,23,long,burst,guard_relaxed,1,cmpl-diag00_a1_s23_llama1b_kv3072_cap12-01_long_burst_guard_relaxed-r1-0-8dc46a1d,6898.50522068,6899.022909989,6899.172945796,0.5176893090001613,0.15003580699976737,0.6677251159999287,1329,1073,True,True,0,22,0,0,True,0.1478212470001381,0.3697750780002025,0.0,0.0,9.298399982071714e-05,False,
diag00_a1_s23_llama1b_kv3072_cap12-01_long_burst_guard_relaxed,llama1b,3072,12,23,long,burst,guard_relaxed,1,cmpl-diag00_a1_s23_llama1b_kv3072_cap12-01_long_burst_guard_relaxed-r1-0-8dc46a1d,6899.546136853,6900.071591077,6900.223477509,0.5254542240008959,0.15188643199962826,0.6773406560005242,1350,1094,True,True,0,22,0,0,True,0.1521624150000207,0.37320217000069533,0.0,0.0,8.963900017988635e-05,False,
diag00_a1_s23_llama1b_kv3072_cap12-01_long_burst_guard_relaxed,llama1b,3072,12,23,long,burst,guard_relaxed,1,cmpl-diag00_a1_s23_llama1b_kv3072_cap12-01_long_burst_guard_relaxed-r1-0-8dc46a1d,6900.599816527,6901.126221585,6901.275665872,0.5264050579999093,0.14944428699982382,0.6758493449997331,1371,1115,True,True,0,22,0,0,True,0.15176886300014303,0.3744498769992788,0.0,0.0,0.00018631800048751757,False,
diag00_a1_s23_llama1b_kv3072_cap12-01_long_burst_guard_relaxed,llama1b,3072,12,23,long,burst,guard_relaxed,1,cmpl-diag00_a1_s23_llama1b_kv3072_cap12-01_long_burst_guard_relaxed-r1-0-8dc46a1d,6901.656454016,6902.179105066,6902.331471175,0.5226510500006043,0.1523661089995585,0.6750171590001628,1392,1136,True,True,0,22,0,0,True,0.1479973550003706,0.3744720300001063,0.0,0.0,0.00018166500012739561,False,
diag00_a1_s23_llama1b_kv3072_cap12-01_long_burst_guard_relaxed,llama1b,3072,12,23,long,burst,guard_relaxed,1,cmpl-diag00_a1_s23_llama1b_kv3072_cap12-01_long_burst_guard_relaxed-r1-0-8dc46a1d,6902.705128963,6903.228256486,6903.393729365,0.5231275229998573,0.16547287899993535,0.6886004019997927,1412,1156,True,True,0,22,0,0,True,0.14579244700053096,0.37720962899948063,0.0,0.0,0.00012544699984573526,False,
diag00_a1_s23_llama1b_kv3072_cap12-01_long_burst_guard_relaxed,llama1b,3072,12,23,long,burst,guard_relaxed,1,cmpl-diag00_a1_s23_llama1b_kv3072_cap12-01_long_burst_guard_relaxed-r1-0-8dc46a1d,6903.755702851,6904.275908725,6904.438324645,0.5202058739996573,0.16241592000005767,0.682621793999715,1431,1175,True,True,0,20,0,0,True,0.16506872300033137,0.3550129099994592,0.0,0.0,0.00012424099986674264,False,
diag00_a1_s23_llama1b_kv3072_cap12-01_long_burst_guard_relaxed,llama1b,3072,12,23,long,burst,guard_relaxed,1,cmpl-diag00_a1_s23_llama1b_kv3072_cap12-01_long_burst_guard_relaxed-r1-0-8dc46a1d,6904.801260968,6905.320934312,6905.485710787,0.5196733439997843,0.16477647500050807,0.6844498190002923,1450,1194,True,True,0,21,0,0,True,0.15382914099973277,0.3656953710005837,0.0,0.0,0.00014883199946780223,False,
diag00_a1_s23_llama1b_kv3072_cap12-01_long_burst_guard_relaxed,llama1b,3072,12,23,long,burst,guard_relaxed,1,cmpl-diag00_a1_s23_llama1b_kv3072_cap12-01_long_burst_guard_relaxed-r1-0-8dc46a1d,6905.836159793,6906.353101546,6906.518195608,0.5169417530005376,0.165094061999298,0.6820358149998356,1468,1212,True,True,0,19,0,0,True,0.1678606650002621,0.34897577599986107,0.0,0.0,0.0001053120004144148,False,
diag00_a1_s23_llama1b_kv3072_cap12-01_long_burst_guard_relaxed,llama1b,3072,12,23,long,burst,guard_relaxed,1,cmpl-diag00_a1_s23_llama1b_kv3072_cap12-01_long_burst_guard_relaxed-r1-0-8dc46a1d,6906.870651724,6907.397386242,6907.561757094,0.526734518000012,0.16437085200050205,0.6911053700005141,1486,1230,True,True,0,19,0,0,True,0.17480115600028512,0.3518106909996277,0.0,0.0,0.00012267100009921705,False,
diag00_a1_s23_llama1b_kv3072_cap12-01_long_burst_guard_relaxed,llama1b,3072,12,23,long,burst,guard_relaxed,1,cmpl-diag00_a1_s23_llama1b_kv3072_cap12-01_long_burst_guard_relaxed-r1-0-8dc46a1d,6907.925944295,6908.442606459,6908.60760681,0.5166621640000812,0.16500035100034438,0.6816625150004256,1505,1249,True,True,0,18,0,0,True,0.1784193020002931,0.3381153899999845,0.0,0.0,0.0001274719998036744,False,
diag00_a1_s23_llama1b_kv3072_cap12-01_long_burst_guard_relaxed,llama1b,3072,12,23,long,burst,guard_relaxed,1,cmpl-diag00_a1_s23_llama1b_kv3072_cap12-01_long_burst_guard_relaxed-r1-0-8dc46a1d,6908.968691294,6909.487233065,6909.651353753,0.5185417709999456,0.1641206880003665,0.6826624590003121,1524,1268,True,True,0,17,0,0,True,0.19260251200012135,0.3258336130002135,0.0,0.0,0.00010564599961071508,False,
diag00_a1_s23_llama1b_kv3072_cap12-01_long_burst_guard_relaxed,llama1b,3072,12,23,long,burst,guard_relaxed,1,cmpl-diag00_a1_s23_llama1b_kv3072_cap12-01_long_burst_guard_relaxed-r1-0-8dc46a1d,6910.008058741,6910.527601838,6910.702247154,0.5195430969997687,0.17464531600035116,0.6941884130001199,1542,1286,True,True,0,17,0,0,True,0.19474799699946743,0.3245754740000848,0.0,0.0,0.0002196260002165218,False,
diag00_a1_s23_llama1b_kv3072_cap12-01_long_burst_guard_relaxed,llama1b,3072,12,23,long,burst,guard_relaxed,1,cmpl-diag00_a1_s23_llama1b_kv3072_cap12-01_long_burst_guard_relaxed-r1-0-8dc46a1d,6911.04565199,6911.571867853,6911.749200407,0.5262158630002887,0.17733255399980408,0.7035484170000927,1559,1303,True,True,0,16,0,0,True,0.2130904969999392,0.31300676400041993,0.0,0.0,0.00011860199992952403,False,
diag00_a1_s23_llama1b_kv3072_cap12-01_long_burst_guard_relaxed,llama1b,3072,12,23,long,burst,guard_relaxed,1,cmpl-diag00_a1_s23_llama1b_kv3072_cap12-01_long_burst_guard_relaxed-r1-0-8dc46a1d,6912.095684492,6912.621291167,6912.800794525,0.5256066749998354,0.17950335800014727,0.7051100329999826,1576,1320,True,True,0,16,0,0,True,0.20236950500020612,0.3230420410000079,0.0,0.0,0.00019512899962137453,False,
diag00_a1_s23_llama1b_kv3072_cap12-01_long_burst_guard_relaxed,llama1b,3072,12,23,long,burst,guard_relaxed,1,cmpl-diag00_a1_s23_llama1b_kv3072_cap12-01_long_burst_guard_relaxed-r1-0-8dc46a1d,6912.828396665,6913.474104308,6913.652979033,0.6457076430006055,0.1788747249993321,0.8245823679999376,1580,1324,True,True,0,4,0,0,True,0.49284364600043773,0.15270253699964087,0.0,0.0,0.0001614600005268585,False,
diag00_a1_s23_llama1b_kv3072_cap12-01_long_burst_guard_relaxed,llama1b,3072,12,23,long,burst,guard_relaxed,1,cmpl-diag00_a1_s23_llama1b_kv3072_cap12-01_long_burst_guard_relaxed-r1-0-8dc46a1d,6913.828505925,6914.343145221,6914.519357974,0.5146392959995865,0.17621275300007255,0.690852048999659,1595,1339,True,True,0,7,0,0,True,0.22337573299955693,0.29113944600067043,0.0,0.0,0.00012411699935910292,False,
diag00_a1_s23_llama1b_kv3072_cap12-01_long_burst_guard_relaxed,llama1b,3072,12,23,long,burst,guard_relaxed,1,cmpl-diag00_a1_s23_llama1b_kv3072_cap12-01_long_burst_guard_relaxed-r1-0-8dc46a1d,6914.644271138,6915.184470061,6915.361974164,0.5401989230003892,0.17750410299959185,0.717703025999981,1606,1350,True,True,0,4,0,0,True,0.23512276300061785,0.3049489879995235,0.0,0.0,0.0001271720002478105,False,
diag00_a1_s23_llama1b_kv3072_cap12-01_long_burst_guard_relaxed,llama1b,3072,12,23,long,burst,guard_relaxed,1,cmpl-diag00_a1_s23_llama1b_kv3072_cap12-01_long_burst_guard_relaxed-r1-0-8dc46a1d,6915.388045768,6915.903910226,6916.079266787,0.5158644580005785,0.17535656099971675,0.6912210190002952,1610,1354,True,True,0,5,0,0,True,0.3149577419999332,0.20078088300033414,0.0,0.0,0.00012583300031110412,False,
diag00_a1_s23_llama1b_kv3072_cap12-01_long_burst_guard_relaxed,llama1b,3072,12,23,long,burst,guard_relaxed,1,cmpl-diag00_a1_s23_llama1b_kv3072_cap12-01_long_burst_guard_relaxed-r1-0-8dc46a1d,6916.243554327,6916.769068876,6916.951560103,0.5255145490000359,0.18249122699944564,0.7080057759994816,1624,1368,True,True,1,6,0,0,True,0.19477044899940665,0.3306261590005306,0.0,0.0,0.0001179410000986536,False,
diag00_a1_s23_llama1b_kv3072_cap12-01_long_burst_guard_relaxed,llama1b,3072,12,23,long,burst,guard_relaxed,1,cmpl-diag00_a1_s23_llama1b_kv3072_cap12-01_long_burst_guard_relaxed-r1-0-8dc46a1d,6916.950501666,6917.48840419,6917.709478126,0.5379025240008559,0.2210739359998115,0.7589764600006674,1626,1370,True,True,0,3,0,0,True,0.35927814500064414,0.17847932099994068,0.0,0.0,0.00014505800027109217,False,
diag00_a1_s23_llama1b_kv3072_cap12-01_long_burst_guard_relaxed,llama1b,3072,12,23,long,burst,guard_relaxed,1,cmpl-diag00_a1_s23_llama1b_kv3072_cap12-01_long_burst_guard_relaxed-r1-0-8dc46a1d,6917.845346645,6918.366275462,6918.542522635,0.5209288169999127,0.17624717299986514,0.6971759899997778,1632,1376,True,True,1,6,0,0,True,0.17827786399993784,0.3425309069998548,0.0,0.0,0.0001200460001200554,False,
diag00_a1_s23_llama1b_kv3072_cap12-01_long_burst_guard_relaxed,llama1b,3072,12,23,long,burst,guard_relaxed,1,cmpl-diag00_a1_s23_llama1b_kv3072_cap12-01_long_burst_guard_relaxed-r1-0-8dc46a1d,6918.541512692,6919.079499588,6919.301172888,0.537986895999893,0.22167330000047514,0.7596601960003682,1634,1378,True,True,0,3,0,0,True,0.36171842600015225,0.17612693699993542,0.0,0.0,0.0001415329998053494,False,
diag00_a1_s23_llama1b_kv3072_cap12-01_long_burst_guard_relaxed,llama1b,3072,12,23,long,burst,guard_relaxed,1,cmpl-diag00_a1_s23_llama1b_kv3072_cap12-01_long_burst_guard_relaxed-r1-0-8dc46a1d,6919.440288892,6919.981501371,6920.162127977,0.5412124790000234,0.18062660599935043,0.7218390849993739,1640,1384,True,True,1,6,0,0,True,0.19118151499969827,0.34982269299962354,0.0,0.0,0.00020827100070164306,False,
diag00_a1_s23_llama1b_kv3072_cap12-01_long_burst_guard_relaxed,llama1b,3072,12,23,long,burst,guard_relaxed,1,cmpl-diag00_a1_s23_llama1b_kv3072_cap12-01_long_burst_guard_relaxed-r1-0-8dc46a1d,6920.161451466,6920.68894778,6920.910949884,0.5274963140000182,0.22200210400023934,0.7494984180002575,1642,1386,True,True,0,3,0,0,True,0.35104255600072065,0.17630036599985033,0.0,0.0,0.0001533919994471944,False,
diag00_a1_s23_llama1b_kv3072_cap12-01_long_burst_guard_relaxed,llama1b,3072,12,23,long,burst,guard_relaxed,1,cmpl-diag00_a1_s23_llama1b_kv3072_cap12-01_long_burst_guard_relaxed-r1-0-8dc46a1d,6921.048665889,6921.575206668,6921.758327761,0.5265407789993333,0.18312109300040902,0.7096618719997423,1648,1392,True,True,1,6,0,0,True,0.18377867599974707,0.3426591620000181,0.0,0.0,0.00010294099956809077,False,
diag00_a1_s23_llama1b_kv3072_cap12-01_long_burst_guard_relaxed,llama1b,3072,12,23,long,burst,guard_relaxed,1,cmpl-diag00_a1_s23_llama1b_kv3072_cap12-01_long_burst_guard_relaxed-r1-0-8dc46a1d,6921.757804756,6922.293251206,6922.519701987,0.5354464499996539,0.22645078100049432,0.7618972310001482,1650,1394,True,True,0,3,0,0,True,0.3568368679998457,0.17834856399986165,0.0,0.0,0.000261017999946489,False,
diag00_a1_s23_llama1b_kv3072_cap12-01_long_burst_guard_relaxed,llama1b,3072,12,23,long,burst,guard_relaxed,1,cmpl-diag00_a1_s23_llama1b_kv3072_cap12-01_long_burst_guard_relaxed-r1-0-8dc46a1d,6922.654403398,6923.190651749,6923.373334073,0.5362483509998128,0.18268232399987028,0.7189306749996831,1656,1400,True,True,1,6,0,0,True,0.1911173360003886,0.3450033299995994,0.0,0.0,0.00012768499982485082,False,
diag00_a1_s23_llama1b_kv3072_cap12-01_long_burst_guard_relaxed,llama1b,3072,12,23,long,burst,guard_relaxed,1,cmpl-diag00_a1_s23_llama1b_kv3072_cap12-01_long_burst_guard_relaxed-r1-0-8dc46a1d,6923.372885636,6923.910371282,6924.135298895,0.537485645999368,0.22492761300054553,0.7624132589999135,1658,1402,True,True,0,3,0,0,True,0.3556245029994898,0.18163856099999975,0.0,0.0,0.00022258199987845728,False,
diag00_a1_s23_llama1b_kv3072_cap12-01_long_burst_guard_relaxed,llama1b,3072,12,23,long,burst,guard_relaxed,1,cmpl-diag00_a1_s23_llama1b_kv3072_cap12-01_long_burst_guard_relaxed-r1-0-8dc46a1d,6924.253995176,6924.794534581,6924.979999324,0.5405394050003451,0.18546474300001137,0.7260041480003565,1662,1406,True,True,1,16,0,0,True,0.1776699860001827,0.36271114499959367,0.0,0.0,0.00015827400056878105,False,
diag00_a1_s23_llama1b_kv3072_cap12-01_long_burst_guard_relaxed,llama1b,3072,12,23,long,burst,guard_relaxed,1,cmpl-diag00_a1_s23_llama1b_kv3072_cap12-01_long_burst_guard_relaxed-r1-0-8dc46a1d,6924.978947695,6925.521354949,6925.711110338,0.5424072539999543,0.18975538900031097,0.7321626430002652,1664,1408,True,True,0,5,0,0,True,0.3366961669999,0.2055069990001357,0.0,0.0,0.0002040879999185563,False,
diag00_a1_s23_llama1b_kv3072_cap12-01_long_burst_guard_relaxed,llama1b,3072,12,23,long,burst,guard_relaxed,1,cmpl-diag00_a1_s23_llama1b_kv3072_cap12-01_long_burst_guard_relaxed-r1-0-8dc46a1d,6925.834550012,6926.378568528,6926.568218635,0.5440185159995963,0.1896501070004888,0.7336686230000851,1675,1419,True,True,0,7,0,0,True,0.22194628499983082,0.32194990500011045,0.0,0.0,0.00012232599965500413,False,
diag00_a1_s23_llama1b_kv3072_cap12-01_long_burst_guard_relaxed,llama1b,3072,12,23,long,burst,guard_relaxed,1,cmpl-diag00_a1_s23_llama1b_kv3072_cap12-01_long_burst_guard_relaxed-r1-0-8dc46a1d,6926.651306577,6927.16628126,6927.390500955,0.5149746830002186,0.22421969500010164,0.7391943780003203,1683,1427,True,True,0,3,0,0,True,0.322948314000314,0.19189753899991047,0.0,0.0,0.00012882999999419553,False,
diag00_a1_s23_llama1b_kv3072_cap12-01_long_burst_guard_relaxed,llama1b,3072,12,23,long,burst,guard_relaxed,1,cmpl-diag00_a1_s23_llama1b_kv3072_cap12-01_long_burst_guard_relaxed-r1-0-8dc46a1d,6927.507784831,6928.024361248,6928.222426702,0.5165764169996692,0.19806545400024334,0.7146418709999125,1687,1431,True,True,1,4,0,0,True,0.1944668409996666,0.32201281800007564,0.0,0.0,9.675799992692191e-05,False,
diag00_a1_s23_llama1b_kv3072_cap12-01_long_burst_guard_relaxed,llama1b,3072,12,23,long,burst,guard_relaxed,1,cmpl-diag00_a1_s23_llama1b_kv3072_cap12-01_long_burst_guard_relaxed-r1-0-8dc46a1d,6928.221829637,6928.745688481,6928.972812278,0.5238588439997329,0.2271237969998765,0.7509826409996094,1689,1433,True,True,0,3,0,0,True,0.3420982819998244,0.1815781639998022,0.0,0.0,0.0001823980001063319,False,
diag00_a1_s23_llama1b_kv3072_cap12-01_long_burst_guard_relaxed,llama1b,3072,12,23,long,burst,guard_relaxed,1,cmpl-diag00_a1_s23_llama1b_kv3072_cap12-01_long_burst_guard_relaxed-r1-0-8dc46a1d,6929.092471597,6929.612995956,6929.805198144,0.5205243589998645,0.1922021880000102,0.7127265469998747,1693,1437,True,True,1,4,0,0,True,0.19203390699931333,0.3281855440000072,0.0,0.0,0.0003049080005439464,False,
diag00_a1_s23_llama1b_kv3072_cap12-01_long_burst_guard_relaxed,llama1b,3072,12,23,long,burst,guard_relaxed,1,cmpl-diag00_a1_s23_llama1b_kv3072_cap12-01_long_burst_guard_relaxed-r1-0-8dc46a1d,6929.804074835,6930.328271324,6930.523079076,0.5241964889992232,0.19480775200008793,0.7190042409993112,1695,1439,True,True,0,3,0,0,True,0.34126226699936524,0.18282573699980276,0.0,0.0,0.0001084850000552251,False,
diag00_a1_s23_llama1b_kv3072_cap12-01_long_burst_guard_relaxed,llama1b,3072,12,23,long,burst,guard_relaxed,1,cmpl-diag00_a1_s23_llama1b_kv3072_cap12-01_long_burst_guard_relaxed-r1-0-8dc46a1d,6930.647052129,6931.170202409,6931.365150314,0.5231502799997543,0.19494790499993542,0.7180981849996897,1706,1450,True,True,0,4,0,0,True,0.3229682719993434,0.2000516490006703,0.0,0.0,0.0001303589997405652,False,
diag00_a1_s23_llama1b_kv3072_cap12-01_long_burst_guard_relaxed,llama1b,3072,12,23,long,burst,guard_relaxed,1,cmpl-diag00_a1_s23_llama1b_kv3072_cap12-01_long_burst_guard_relaxed-r1-0-8dc46a1d,6931.473757087,6932.000091714,6932.193541217,0.5263346269994145,0.19344950300001074,0.7197841299994252,1716,1460,True,True,0,4,0,0,True,0.3260646540002199,0.20004645899916795,0.0,0.0,0.00022351400002662558,False,
diag00_a1_s23_llama1b_kv3072_cap12-01_long_burst_guard_relaxed,llama1b,3072,12,23,long,burst,guard_relaxed,1,cmpl-diag00_a1_s23_llama1b_kv3072_cap12-01_long_burst_guard_relaxed-r1-0-8dc46a1d,6932.303982797,6932.826656456,6933.0221418,0.5226736590002474,0.1954853440001898,0.7181590030004372,1726,1470,True,True,0,4,0,0,True,0.3262230850004926,0.19632526999976108,0.0,0.0,0.0001253039999937755,False,
diag00_a1_s23_llama1b_kv3072_cap12-01_long_burst_guard_relaxed,llama1b,3072,12,23,long,burst,guard_relaxed,1,cmpl-diag00_a1_s23_llama1b_kv3072_cap12-01_long_burst_guard_relaxed-r1-0-8dc46a1d,6933.13186077,6933.647053324,6933.8387623,0.5151925540003504,0.1917089759999726,0.706901530000323,1736,1480,True,True,0,3,0,0,True,0.32559246200071357,0.1894941029995607,0.0,0.0,0.00010598900007607881,False,
diag00_a1_s23_llama1b_kv3072_cap12-01_long_burst_guard_relaxed,llama1b,3072,12,23,long,burst,guard_relaxed,1,cmpl-diag00_a1_s23_llama1b_kv3072_cap12-01_long_burst_guard_relaxed-r1-0-8dc46a1d,6933.964711357,6934.48361895,6934.680526602,0.5189075930002218,0.1969076519999362,0.715815245000158,1747,1491,True,True,0,3,0,0,True,0.33006229600050574,0.18869629399978294,0.0,0.0,0.00014900299993314547,False,
diag00_a1_s23_llama1b_kv3072_cap12-01_long_burst_guard_relaxed,llama1b,3072,12,23,long,burst,guard_relaxed,1,cmpl-diag00_a1_s23_llama1b_kv3072_cap12-01_long_burst_guard_relaxed-r1-0-8dc46a1d,6934.809898662,6935.324695898,6935.518296359,0.5147972360000495,0.1936004609997326,0.7083976969997821,1758,1502,True,True,0,3,0,0,True,0.32578711600035604,0.18885044600028777,0.0,0.0,0.00015967399940564064,False,
diag00_a1_s23_llama1b_kv3072_cap12-01_long_burst_guard_relaxed,llama1b,3072,12,23,long,burst,guard_relaxed,1,cmpl-diag00_a1_s23_llama1b_kv3072_cap12-01_long_burst_guard_relaxed-r1-0-8dc46a1d,6935.644982105,6936.166199902,6936.359043879,0.5212177969997356,0.1928439769999386,0.7140617739996742,1769,1513,True,True,0,3,0,0,True,0.32542590199955157,0.1956577440005276,0.0,0.0,0.00013415099965641275,False,
diag00_a1_s23_llama1b_kv3072_cap12-01_long_burst_guard_relaxed,llama1b,3072,12,23,long,burst,guard_relaxed,1,cmpl-diag00_a1_s23_llama1b_kv3072_cap12-01_long_burst_guard_relaxed-r1-0-8dc46a1d,6936.482449482,6937.013459848,6937.211841636,0.5310103659994638,0.19838178800000605,0.7293921539994699,1780,1524,True,True,0,4,0,0,True,0.3236691809997865,0.20691763600007107,0.0,0.0,0.00042354899960628245,False,
diag00_a1_s23_llama1b_kv3072_cap12-01_long_burst_guard_relaxed,llama1b,3072,12,23,long,burst,guard_relaxed,1,cmpl-diag00_a1_s23_llama1b_kv3072_cap12-01_long_burst_guard_relaxed-r1-0-8dc46a1d,6937.309262798,6937.828633934,6938.025652234,0.5193711359997906,0.19701829999939946,0.71638943599919,1789,1533,True,True,0,3,0,0,True,0.3271247269995001,0.19213705400034087,0.0,0.0,0.00010935499994957354,False,
diag00_a1_s23_llama1b_kv3072_cap12-01_long_burst_guard_relaxed,llama1b,3072,12,23,long,burst,guard_relaxed,5,cmpl-diag00_a1_s23_llama1b_kv3072_cap12-01_long_burst_guard_relaxed-r5-0-a3de331a,6888.003527084,6888.532737411,6888.637017046,0.5292103270003281,0.10427963500023907,0.6334899620005672,871,743,True,True,0,32,0,0,True,0.01626197499990667,0.5128653179999674,0.0,0.0,8.303400045406306e-05,False,
diag00_a1_s23_llama1b_kv3072_cap12-01_long_burst_guard_relaxed,llama1b,3072,12,23,long,burst,guard_relaxed,5,cmpl-diag00_a1_s23_llama1b_kv3072_cap12-01_long_burst_guard_relaxed-r5-0-a3de331a,6890.09033435,6890.619567923,6890.736349759,0.5292335730000559,0.11678183599997283,0.6460154090000287,967,839,True,True,0,32,0,0,True,0.016798989999188052,0.5123656660007327,0.0,0.0,6.891700013511581e-05,False,
diag00_a1_s23_llama1b_kv3072_cap12-01_long_burst_guard_relaxed,llama1b,3072,12,23,long,burst,guard_relaxed,5,cmpl-diag00_a1_s23_llama1b_kv3072_cap12-01_long_burst_guard_relaxed-r5-0-a3de331a,6891.673517921,6892.192306523,6892.319531843,0.5187886020003134,0.1272253199995248,0.6460139219998382,1025,897,True,True,0,30,0,0,True,0.015577309000036621,0.5031180340001811,0.0,0.0,9.325900009571342e-05,False,
diag00_a1_s23_llama1b_kv3072_cap12-01_long_burst_guard_relaxed,llama1b,3072,12,23,long,burst,guard_relaxed,5,cmpl-diag00_a1_s23_llama1b_kv3072_cap12-01_long_burst_guard_relaxed-r5-0-a3de331a,6893.259815918,6893.272983999,6893.273276514,0.01316808100000344,0.00029251500018290244,0.013460596000186342,1082,954,True,True,0,1,0,0,True,0.013105689999974857,0.0,0.0,0.0,6.239100002858322e-05,False,
diag00_a1_s23_llama1b_kv3072_cap12-01_long_burst_guard_relaxed,llama1b,3072,12,23,long,burst,guard_relaxed,5,cmpl-diag00_a1_s23_llama1b_kv3072_cap12-01_long_burst_guard_relaxed-r5-0-a3de331a,6894.317653623,6894.842713565,6894.974944456,0.5250599419996433,0.13223089100029028,0.6572908329999336,1134,1006,True,True,0,25,0,0,True,0.015475639999749546,0.50948452800003,0.0,0.0,9.977399986382807e-05,False,
diag00_a1_s23_llama1b_kv3072_cap12-01_long_burst_guard_relaxed,llama1b,3072,12,23,long,burst,guard_relaxed,5,cmpl-diag00_a1_s23_llama1b_kv3072_cap12-01_long_burst_guard_relaxed-r5-0-a3de331a,6895.505434016,6896.029547956,6896.172639544,0.5241139399995518,0.14309158800006117,0.667205527999613,1158,1030,True,True,0,3,0,0,True,0.3827622449998671,0.1411439399998926,0.0,0.0,0.0002077549997920869,False,
diag00_a1_s23_llama1b_kv3072_cap12-01_long_burst_guard_relaxed,llama1b,3072,12,23,long,burst,guard_relaxed,5,cmpl-diag00_a1_s23_llama1b_kv3072_cap12-01_long_burst_guard_relaxed-r5-0-a3de331a,6896.545889883,6897.071928566,6897.219669995,0.5260386829995696,0.14774142900023435,0.6737801119998039,1179,1051,True,True,0,3,0,0,True,0.3808072479996554,0.14508797800044704,0.0,0.0,0.00014345699946716195,False,
diag00_a1_s23_llama1b_kv3072_cap12-01_long_burst_guard_relaxed,llama1b,3072,12,23,long,burst,guard_relaxed,5,cmpl-diag00_a1_s23_llama1b_kv3072_cap12-01_long_burst_guard_relaxed-r5-0-a3de331a,6897.593534675,6898.132587762,6898.278047378,0.5390530869999566,0.1454596160001529,0.6845127030001095,1200,1072,True,True,0,3,0,0,True,0.3894300860001749,0.1495109749994299,0.0,0.0,0.00011202600035176147,False,
diag00_a1_s23_llama1b_kv3072_cap12-01_long_burst_guard_relaxed,llama1b,3072,12,23,long,burst,guard_relaxed,5,cmpl-diag00_a1_s23_llama1b_kv3072_cap12-01_long_burst_guard_relaxed-r5-0-a3de331a,6898.652890366,6899.172477733,6899.315341658,0.5195873669999855,0.14286392499980138,0.6624512919997869,1221,1093,True,True,0,3,0,0,True,0.3699744980003743,0.1494962549995762,0.0,0.0,0.00011661400003504241,False,
diag00_a1_s23_llama1b_kv3072_cap12-01_long_burst_guard_relaxed,llama1b,3072,12,23,long,burst,guard_relaxed,5,cmpl-diag00_a1_s23_llama1b_kv3072_cap12-01_long_burst_guard_relaxed-r5-0-a3de331a,6899.698166448,6900.222995831,6900.368526508,0.5248293829999966,0.14553067700035172,0.6703600600003483,1243,1115,True,True,0,3,0,0,True,0.37338150200048403,0.15132438499949785,0.0,0.0,0.00012349600001471117,False,
diag00_a1_s23_llama1b_kv3072_cap12-01_long_burst_guard_relaxed,llama1b,3072,12,23,long,burst,guard_relaxed,5,cmpl-diag00_a1_s23_llama1b_kv3072_cap12-01_long_burst_guard_relaxed-r5-0-a3de331a,6900.751438841,6901.274805699,6901.421341682,0.5233668580003723,0.14653598299992154,0.6699028410002938,1264,1136,True,True,0,3,0,0,True,0.3746608540004672,0.14858961399932014,0.0,0.0,0.00011639000058494275,False,
diag00_a1_s23_llama1b_kv3072_cap12-01_long_burst_guard_relaxed,llama1b,3072,12,23,long,burst,guard_relaxed,5,cmpl-diag00_a1_s23_llama1b_kv3072_cap12-01_long_burst_guard_relaxed-r5-0-a3de331a,6901.804299279,6902.331110544,6902.486229091,0.5268112650001058,0.15511854699980177,0.6819298119999075,1285,1157,True,True,0,3,0,0,True,0.3747428110000328,0.15196637500048382,0.0,0.0,0.00010207899958913913,False,
diag00_a1_s23_llama1b_kv3072_cap12-01_long_burst_guard_relaxed,llama1b,3072,12,23,long,burst,guard_relaxed,5,cmpl-diag00_a1_s23_llama1b_kv3072_cap12-01_long_burst_guard_relaxed-r5-0-a3de331a,6902.850772733,6903.393320292,6903.548065908,0.5425475590000133,0.15474561600058223,0.6972931750005955,1305,1177,True,True,0,3,0,0,True,0.3774220420000347,0.16500642299979518,0.0,0.0,0.00011909400018339511,False,
diag00_a1_s23_llama1b_kv3072_cap12-01_long_burst_guard_relaxed,llama1b,3072,12,23,long,burst,guard_relaxed,5,cmpl-diag00_a1_s23_llama1b_kv3072_cap12-01_long_burst_guard_relaxed-r5-0-a3de331a,6903.92063808,6904.437684737,6904.596172202,0.5170466570007193,0.15848746499978006,0.6755341220004993,1325,1197,True,True,0,3,0,0,True,0.35520833500049775,0.16167566900003294,0.0,0.0,0.00016265300018858397,False,
diag00_a1_s23_llama1b_kv3072_cap12-01_long_burst_guard_relaxed,llama1b,3072,12,23,long,burst,guard_relaxed,5,cmpl-diag00_a1_s23_llama1b_kv3072_cap12-01_long_burst_guard_relaxed-r5-0-a3de331a,6904.954928778,6905.485288626,6905.642223163,0.5303598479995344,0.15693453700077953,0.6872943850003139,1344,1216,True,True,0,3,0,0,True,0.3659172679999756,0.1642792319998989,0.0,0.0,0.00016334799965989077,False,
diag00_a1_s23_llama1b_kv3072_cap12-01_long_burst_guard_relaxed,llama1b,3072,12,23,long,burst,guard_relaxed,5,cmpl-diag00_a1_s23_llama1b_kv3072_cap12-01_long_burst_guard_relaxed-r5-0-a3de331a,6906.00387573,6906.529877649,6906.689879464,0.5260019190000094,0.16000181500021426,0.6860037340002236,1363,1235,True,True,0,4,0,0,True,0.3491803039996739,0.1767041060002157,0.0,0.0,0.00011750900011975318,False,
diag00_a1_s23_llama1b_kv3072_cap12-01_long_burst_guard_relaxed,llama1b,3072,12,23,long,burst,guard_relaxed,5,cmpl-diag00_a1_s23_llama1b_kv3072_cap12-01_long_burst_guard_relaxed-r5-0-a3de331a,6907.045268879,6907.575068821,6907.734083204,0.5297999419999542,0.15901438299988513,0.6888143249998393,1381,1253,True,True,0,4,0,0,True,0.352058661999763,0.17762236399994435,0.0,0.0,0.00011891600024682702,False,
diag00_a1_s23_llama1b_kv3072_cap12-01_long_burst_guard_relaxed,llama1b,3072,12,23,long,burst,guard_relaxed,5,cmpl-diag00_a1_s23_llama1b_kv3072_cap12-01_long_burst_guard_relaxed-r5-0-a3de331a,6908.104215644,6908.636216418,6908.790895432,0.5320007740001529,0.15467901400006667,0.6866797880002196,1400,1272,True,True,0,5,0,0,True,0.33832954700028495,0.19338735899964377,0.0,0.0,0.00028386800022417447,False,
diag00_a1_s23_llama1b_kv3072_cap12-01_long_burst_guard_relaxed,llama1b,3072,12,23,long,burst,guard_relaxed,5,cmpl-diag00_a1_s23_llama1b_kv3072_cap12-01_long_burst_guard_relaxed-r5-0-a3de331a,6909.161151884,6909.678062371,6909.838597184,0.516910487000132,0.16053481299968553,0.6774452999998175,1419,1291,True,True,0,5,0,0,True,0.32603458799985674,0.19076198400034627,0.0,0.0,0.0001139149999289657,False,
diag00_a1_s23_llama1b_kv3072_cap12-01_long_burst_guard_relaxed,llama1b,3072,12,23,long,burst,guard_relaxed,5,cmpl-diag00_a1_s23_llama1b_kv3072_cap12-01_long_burst_guard_relaxed-r5-0-a3de331a,6910.202673537,6910.730051824,6910.895174525,0.5273782869999195,0.16512270099974558,0.6925009879996651,1437,1309,True,True,0,5,0,0,True,0.32482365099986055,0.20245164199968713,0.0,0.0,0.00010299400037183659,False,
diag00_a1_s23_llama1b_kv3072_cap12-01_long_burst_guard_relaxed,llama1b,3072,12,23,long,burst,guard_relaxed,5,cmpl-diag00_a1_s23_llama1b_kv3072_cap12-01_long_burst_guard_relaxed-r5-0-a3de331a,6911.258548077,6911.776081134,6911.945706503,0.5175330570000369,0.16962536899973202,0.687158425999769,1456,1328,True,True,0,5,0,0,True,0.313262517000112,0.20412315299927286,0.0,0.0,0.00014738700065208832,False,
diag00_a1_s23_llama1b_kv3072_cap12-01_long_burst_guard_relaxed,llama1b,3072,12,23,long,burst,guard_relaxed,5,cmpl-diag00_a1_s23_llama1b_kv3072_cap12-01_long_burst_guard_relaxed-r5-0-a3de331a,6912.297791566,6912.828644432,6913.05266154,0.5308528659998046,0.22401710800022556,0.7548699740000302,1474,1346,True,True,0,5,0,0,True,0.323366366999835,0.2073054239999692,0.0,0.0,0.0001810750000004191,False,
diag00_a1_s23_llama1b_kv3072_cap12-01_long_burst_guard_relaxed,llama1b,3072,12,23,long,burst,guard_relaxed,5,cmpl-diag00_a1_s23_llama1b_kv3072_cap12-01_long_burst_guard_relaxed-r5-0-a3de331a,6913.307815169,6913.82869273,6914.052402336,0.5208775609999066,0.22370960600073886,0.7445871670006454,1488,1360,True,True,1,16,0,0,True,0.1662358720004704,0.35451005100003385,0.0,0.0,0.00013163799940230092,False,
diag00_a1_s23_llama1b_kv3072_cap12-01_long_burst_guard_relaxed,llama1b,3072,12,23,long,burst,guard_relaxed,5,cmpl-diag00_a1_s23_llama1b_kv3072_cap12-01_long_burst_guard_relaxed-r5-0-a3de331a,6914.051730447,6914.644495327,6914.8107524,0.5927648799997769,0.1662570729995423,0.7590219529993192,1490,1362,True,True,0,12,0,0,True,0.29135483499976544,0.3012467509997805,0.0,0.0,0.0001632940002309624,False,
diag00_a1_s23_llama1b_kv3072_cap12-01_long_burst_guard_relaxed,llama1b,3072,12,23,long,burst,guard_relaxed,5,cmpl-diag00_a1_s23_llama1b_kv3072_cap12-01_long_burst_guard_relaxed-r5-0-a3de331a,6914.8646564,6915.38825193,6915.611964006,0.5235955299995112,0.22371207600008347,0.7473076059995947,1496,1368,True,True,0,5,0,0,True,0.3197564410002087,0.20369712699994125,0.0,0.0,0.00014196199936122866,False,
diag00_a1_s23_llama1b_kv3072_cap12-01_long_burst_guard_relaxed,llama1b,3072,12,23,long,burst,guard_relaxed,5,cmpl-diag00_a1_s23_llama1b_kv3072_cap12-01_long_burst_guard_relaxed-r5-0-a3de331a,6915.702816686,6916.243739471,6916.411039606,0.5409227849995659,0.16730013500000496,0.7082229199995709,1500,1372,True,True,0,15,0,0,True,0.20101266100027715,0.33978529700016225,0.0,0.0,0.00012482699912652606,False,
diag00_a1_s23_llama1b_kv3072_cap12-01_long_burst_guard_relaxed,llama1b,3072,12,23,long,burst,guard_relaxed,5,cmpl-diag00_a1_s23_llama1b_kv3072_cap12-01_long_burst_guard_relaxed-r5-0-a3de331a,6916.424937467,6916.950704337,6917.118200455,0.5257668700005524,0.1674961179996899,0.6932629880002423,1503,1375,True,True,0,3,0,0,True,0.34407509900029254,0.1815772370000559,0.0,0.0,0.00011453400020400295,False,
diag00_a1_s23_llama1b_kv3072_cap12-01_long_burst_guard_relaxed,llama1b,3072,12,23,long,burst,guard_relaxed,5,cmpl-diag00_a1_s23_llama1b_kv3072_cap12-01_long_burst_guard_relaxed-r5-0-a3de331a,6917.309646242,6917.845525689,6918.010519504,0.5358794470002977,0.1649938149994341,0.7008732619997318,1519,1391,True,True,1,6,0,0,True,0.1904910210005255,0.3452572609994604,0.0,0.0,0.00013116500031173928,False,
diag00_a1_s23_llama1b_kv3072_cap12-01_long_burst_guard_relaxed,llama1b,3072,12,23,long,burst,guard_relaxed,5,cmpl-diag00_a1_s23_llama1b_kv3072_cap12-01_long_burst_guard_relaxed-r5-0-a3de331a,6918.009966517,6918.541720254,6918.711108684,0.5317537370001446,0.16938842999934423,0.7011421669994888,1521,1393,True,True,0,3,0,0,True,0.3562515510002413,0.17538191199946596,0.0,0.0,0.00012027400043734815,False,
diag00_a1_s23_llama1b_kv3072_cap12-01_long_burst_guard_relaxed,llama1b,3072,12,23,long,burst,guard_relaxed,5,cmpl-diag00_a1_s23_llama1b_kv3072_cap12-01_long_burst_guard_relaxed-r5-0-a3de331a,6918.903078069,6919.44067704,6919.616370789,0.5375989710000795,0.17569374899994727,0.7132927200000267,1536,1408,True,True,1,6,0,0,True,0.19065533800039702,0.34672853799929726,0.0,0.0,0.00021509500038519036,False,
diag00_a1_s23_llama1b_kv3072_cap12-01_long_burst_guard_relaxed,llama1b,3072,12,23,long,burst,guard_relaxed,5,cmpl-diag00_a1_s23_llama1b_kv3072_cap12-01_long_burst_guard_relaxed-r5-0-a3de331a,6919.615627168,6920.161666064,6920.386011226,0.5460388960000273,0.22434516199973586,0.7703840579997632,1538,1410,True,True,0,3,0,0,True,0.36573758099984843,0.1801474320000125,0.0,0.0,0.00015388300016638823,False,
diag00_a1_s23_llama1b_kv3072_cap12-01_long_burst_guard_relaxed,llama1b,3072,12,23,long,burst,guard_relaxed,5,cmpl-diag00_a1_s23_llama1b_kv3072_cap12-01_long_burst_guard_relaxed-r5-0-a3de331a,6920.512369315,6921.048817574,6921.219310882,0.5364482590002808,0.17049330800000462,0.7069415670002854,1544,1416,True,True,1,6,0,0,True,0.18695157100046345,0.34939652100001695,0.0,0.0,0.00010016699980042176,False,
diag00_a1_s23_llama1b_kv3072_cap12-01_long_burst_guard_relaxed,llama1b,3072,12,23,long,burst,guard_relaxed,5,cmpl-diag00_a1_s23_llama1b_kv3072_cap12-01_long_burst_guard_relaxed-r5-0-a3de331a,6921.218757318,6921.758052892,6921.986261609,0.5392955739998797,0.22820871700059797,0.7675042910004777,1546,1418,True,True,0,3,0,0,True,0.3564071460004925,0.1827329739999186,0.0,0.0,0.00015545399946859106,False,
diag00_a1_s23_llama1b_kv3072_cap12-01_long_burst_guard_relaxed,llama1b,3072,12,23,long,burst,guard_relaxed,5,cmpl-diag00_a1_s23_llama1b_kv3072_cap12-01_long_burst_guard_relaxed-r5-0-a3de331a,6922.114507154,6922.654579165,6922.831569009,0.5400720109992108,0.17698984400067275,0.7170618549998835,1552,1424,True,True,1,6,0,0,True,0.19510250599978463,0.3448426049999398,0.0,0.0,0.00012689999948634068,False,
diag00_a1_s23_llama1b_kv3072_cap12-01_long_burst_guard_relaxed,llama1b,3072,12,23,long,burst,guard_relaxed,5,cmpl-diag00_a1_s23_llama1b_kv3072_cap12-01_long_burst_guard_relaxed-r5-0-a3de331a,6922.830887504,6923.373212102,6923.595721729,0.5423245980000502,0.22250962699945376,0.7648342249995039,1554,1426,True,True,0,3,0,0,True,0.3597070669993627,0.1824835980005446,0.0,0.0,0.0001339330001428607,False,
diag00_a1_s23_llama1b_kv3072_cap12-01_long_burst_guard_relaxed,llama1b,3072,12,23,long,burst,guard_relaxed,5,cmpl-diag00_a1_s23_llama1b_kv3072_cap12-01_long_burst_guard_relaxed-r5-0-a3de331a,6923.728342023,6924.254169734,6924.431975655,0.525827711000602,0.17780592100007198,0.703633632000674,1560,1432,True,True,1,4,0,0,True,0.1946932350001589,0.3310323490004521,0.0,0.0,0.0001021269999910146,False,
diag00_a1_s23_llama1b_kv3072_cap12-01_long_burst_guard_relaxed,llama1b,3072,12,23,long,burst,guard_relaxed,5,cmpl-diag00_a1_s23_llama1b_kv3072_cap12-01_long_burst_guard_relaxed-r5-0-a3de331a,6924.431502907,6924.979153593,6925.207217846,0.5476506859995425,0.22806425300041155,0.775714938999954,1562,1434,True,True,0,3,0,0,True,0.36298380099924543,0.184524672000407,0.0,0.0,0.00014221299989003455,False,
diag00_a1_s23_llama1b_kv3072_cap12-01_long_burst_guard_relaxed,llama1b,3072,12,23,long,burst,guard_relaxed,5,cmpl-diag00_a1_s23_llama1b_kv3072_cap12-01_long_burst_guard_relaxed-r5-0-a3de331a,6925.315515627,6925.834848492,6926.057094717,0.5193328649993418,0.22224622500016267,0.7415790899995045,1566,1438,True,True,1,12,0,0,True,0.20577191399934236,0.3133173770002031,0.0,0.0,0.00024357399979635375,False,
diag00_a1_s23_llama1b_kv3072_cap12-01_long_burst_guard_relaxed,llama1b,3072,12,23,long,burst,guard_relaxed,5,cmpl-diag00_a1_s23_llama1b_kv3072_cap12-01_long_burst_guard_relaxed-r5-0-a3de331a,6926.056260549,6926.651516877,6926.869148515,0.5952563279997776,0.21763163800005714,0.8128879659998347,1568,1440,True,True,0,9,0,0,True,0.32225245899917354,0.27285794199997326,0.0,0.0,0.00014592700063076336,False,
diag00_a1_s23_llama1b_kv3072_cap12-01_long_burst_guard_relaxed,llama1b,3072,12,23,long,burst,guard_relaxed,5,cmpl-diag00_a1_s23_llama1b_kv3072_cap12-01_long_burst_guard_relaxed-r5-0-a3de331a,6926.974085132,6927.507984685,6927.689321155,0.533899553000083,0.18133646999922348,0.7152360229993064,1572,1444,True,True,1,4,0,0,True,0.20516093199967145,0.3286136480001005,0.0,0.0,0.00012497300031100167,False,
diag00_a1_s23_llama1b_kv3072_cap12-01_long_burst_guard_relaxed,llama1b,3072,12,23,long,burst,guard_relaxed,5,cmpl-diag00_a1_s23_llama1b_kv3072_cap12-01_long_burst_guard_relaxed-r5-0-a3de331a,6927.688796934,6928.222061819,6928.39969988,0.53326488500079,0.17763806099992507,0.710902946000715,1574,1446,True,True,0,3,0,0,True,0.3355174900007114,0.19759299699944677,0.0,0.0,0.00015439800063177245,False,
diag00_a1_s23_llama1b_kv3072_cap12-01_long_burst_guard_relaxed,llama1b,3072,12,23,long,burst,guard_relaxed,5,cmpl-diag00_a1_s23_llama1b_kv3072_cap12-01_long_burst_guard_relaxed-r5-0-a3de331a,6928.563784094,6929.092731583,6929.271094112,0.5289474890005295,0.17836252899996907,0.7073100180004985,1588,1460,True,True,1,4,0,0,True,0.1998629070003517,0.32888848499987944,0.0,0.0,0.0001960970002983231,False,
diag00_a1_s23_llama1b_kv3072_cap12-01_long_burst_guard_relaxed,llama1b,3072,12,23,long,burst,guard_relaxed,5,cmpl-diag00_a1_s23_llama1b_kv3072_cap12-01_long_burst_guard_relaxed-r5-0-a3de331a,6929.27051177,6929.804286134,6929.980923382,0.5337743640002373,0.17663724799967895,0.7104116119999162,1590,1462,True,True,0,3,0,0,True,0.34242002200062416,0.19123252099961974,0.0,0.0,0.0001218209999933606,False,
diag00_a1_s23_llama1b_kv3072_cap12-01_long_burst_guard_relaxed,llama1b,3072,12,23,long,burst,guard_relaxed,5,cmpl-diag00_a1_s23_llama1b_kv3072_cap12-01_long_burst_guard_relaxed-r5-0-a3de331a,6930.145208783,6930.647259228,6930.970569554,0.5020504449994405,0.32331032599995524,0.8253607709993958,1604,1476,True,True,1,1,0,0,True,0.5019769339996856,0.0,0.0,0.0,7.351099975494435e-05,False,
diag00_a1_s23_llama1b_kv3072_cap12-01_long_burst_guard_relaxed,llama1b,3072,12,23,long,burst,guard_relaxed,5,cmpl-diag00_a1_s23_llama1b_kv3072_cap12-01_long_burst_guard_relaxed-r5-0-a3de331a,6930.969815582,6931.473949686,6931.800770882,0.5041341040005136,0.3268211959994005,0.8309552999999141,1606,1478,True,True,1,1,0,0,True,0.5040756409998721,0.0,0.0,0.0,5.8463000641495455e-05,False,
diag00_a1_s23_llama1b_kv3072_cap12-01_long_burst_guard_relaxed,llama1b,3072,12,23,long,burst,guard_relaxed,5,cmpl-diag00_a1_s23_llama1b_kv3072_cap12-01_long_burst_guard_relaxed-r5-0-a3de331a,6931.799561627,6932.304288578,6932.630742892,0.5047269509996113,0.32645431400032976,0.831181264999941,1608,1480,True,True,1,1,0,0,True,0.5045887699998275,0.0,0.0,0.0,0.00013818099978379905,False,
diag00_a1_s23_llama1b_kv3072_cap12-01_long_burst_guard_relaxed,llama1b,3072,12,23,long,burst,guard_relaxed,5,cmpl-diag00_a1_s23_llama1b_kv3072_cap12-01_long_burst_guard_relaxed-r5-0-a3de331a,6932.630066907,6933.132081641,6933.458201104,0.5020147340001131,0.3261194630003956,0.8281341970005087,1610,1482,True,True,1,1,0,0,True,0.5019285850003143,0.0,0.0,0.0,8.61489997987519e-05,False,
diag00_a1_s23_llama1b_kv3072_cap12-01_long_burst_guard_relaxed,llama1b,3072,12,23,long,burst,guard_relaxed,5,cmpl-diag00_a1_s23_llama1b_kv3072_cap12-01_long_burst_guard_relaxed-r5-0-a3de331a,6933.457317594,6933.964948089,6934.29574872,0.5076304949998303,0.33080063099987456,0.8384311259997048,1612,1484,True,True,1,1,0,0,True,0.5075239039997541,0.0,0.0,0.0,0.00010659100007615052,False,
diag00_a1_s23_llama1b_kv3072_cap12-01_long_burst_guard_relaxed,llama1b,3072,12,23,long,burst,guard_relaxed,5,cmpl-diag00_a1_s23_llama1b_kv3072_cap12-01_long_burst_guard_relaxed-r5-0-a3de331a,6934.294643148,6934.810134128,6935.136211553,0.515490979999413,0.3260774250002214,0.8415684049996344,1614,1486,True,True,1,1,0,0,True,0.5154146739996577,0.0,0.0,0.0,7.63059997552773e-05,False,
diag00_a1_s23_llama1b_kv3072_cap12-01_long_burst_guard_relaxed,llama1b,3072,12,23,long,burst,guard_relaxed,5,cmpl-diag00_a1_s23_llama1b_kv3072_cap12-01_long_burst_guard_relaxed-r5-0-a3de331a,6935.135569889,6935.645176246,6935.971044262,0.5096063569999387,0.32586801599973114,0.8354743729996699,1616,1488,True,True,1,1,0,0,True,0.5095376270000997,0.0,0.0,0.0,6.872999983897898e-05,False,
diag00_a1_s23_llama1b_kv3072_cap12-01_long_burst_guard_relaxed,llama1b,3072,12,23,long,burst,guard_relaxed,5,cmpl-diag00_a1_s23_llama1b_kv3072_cap12-01_long_burst_guard_relaxed-r5-0-a3de331a,6935.970241853,6936.482631337,6936.806810329,0.5123894840007779,0.32417899199936073,0.8365684760001386,1618,1490,True,True,1,1,0,0,True,0.5123294070008342,0.0,0.0,0.0,6.007699994370341e-05,False,
diag00_a1_s23_llama1b_kv3072_cap12-01_long_burst_guard_relaxed,llama1b,3072,12,23,long,burst,guard_relaxed,5,cmpl-diag00_a1_s23_llama1b_kv3072_cap12-01_long_burst_guard_relaxed-r5-0-a3de331a,6936.805976,6937.309461714,6937.636672843,0.5034857139999076,0.32721112900071603,0.8306968430006236,1620,1492,True,True,1,1,0,0,True,0.5034139530007451,0.0,0.0,0.0,7.176099916250678e-05,False,
diag00_a1_s23_llama1b_kv3072_cap12-01_long_burst_guard_relaxed,llama1b,3072,12,23,long,burst,guard_relaxed,5,cmpl-diag00_a1_s23_llama1b_kv3072_cap12-01_long_burst_guard_relaxed-r5-0-a3de331a,6937.636155095,6938.028886941,6938.353677892,0.3927318460000606,0.32479095100006816,0.7175227970001288,1622,1494,True,True,1,1,0,0,True,0.39266176800083485,0.0,0.0,0.0,7.007799922575941e-05,False,
diag00_a1_s23_llama1b_kv3072_cap12-01_long_burst_guard_relaxed,llama1b,3072,12,23,long,burst,guard_relaxed,5,cmpl-diag00_a1_s23_llama1b_kv3072_cap12-01_long_burst_guard_relaxed-r5-0-a3de331a,6938.352990244,6938.877542598,6939.099231346,0.5245523540006616,0.2216887479999059,0.7462411020005675,1624,1496,True,True,0,26,0,0,True,0.013189992000661732,0.5112529449997965,0.0,0.0,0.0001094170002033934,False,
diag00_a1_s23_llama1b_kv3072_cap12-01_long_burst_guard_relaxed,llama1b,3072,12,23,long,burst,guard_relaxed,5,cmpl-diag00_a1_s23_llama1b_kv3072_cap12-01_long_burst_guard_relaxed-r5-0-a3de331a,6939.415075868,6939.915809017,6940.3263353,0.5007331490005527,0.4105262829998537,0.9112594320004064,1642,1514,True,True,1,1,0,0,True,0.5006601430004594,0.0,0.0,0.0,7.300600009330083e-05,False,
diag00_a1_s23_llama1b_kv3072_cap12-01_long_burst_guard_relaxed,llama1b,3072,12,23,long,burst,guard_relaxed,5,cmpl-diag00_a1_s23_llama1b_kv3072_cap12-01_long_burst_guard_relaxed-r5-0-a3de331a,6939.932671163,6940.136252892,6940.3263353,0.20358172899977944,0.19008240800030762,0.39366413700008707,640,1515,True,True,0,1,0,0,True,0.20344879899948864,0.0,0.0,0.0,0.0001329300002907985,False,
diag00_a1_s23_llama1b_kv3072_cap12-01_long_burst_guard_relaxed,llama1b,3072,12,23,long,burst,guard_relaxed,5,cmpl-diag00_a1_s23_llama1b_kv3072_cap12-01_long_burst_guard_relaxed-r5-0-a3de331a,6940.443731225,6940.959710451,6941.145784536,0.5159792260001268,0.18607408499974554,0.7020533109998723,1652,1524,True,True,0,14,0,0,True,0.2085928189999322,0.3072675789999266,0.0,0.0,0.00011882800026796758,False,
diag00_a1_s23_llama1b_kv3072_cap12-01_long_burst_guard_relaxed,llama1b,3072,12,23,long,burst,guard_relaxed,5,cmpl-diag00_a1_s23_llama1b_kv3072_cap12-01_long_burst_guard_relaxed-r5-0-a3de331a,6941.176692206,6941.690204977,6941.872539604,0.5135127710000233,0.18233462700027303,0.6958473980002964,1656,1528,True,True,0,6,0,0,True,0.3059364780001488,0.20745547600017744,0.0,0.0,0.00012081699969712645,False,
diag00_a1_s23_llama1b_kv3072_cap12-01_long_burst_guard_relaxed,llama1b,3072,12,23,long,burst,guard_relaxed,11,cmpl-diag00_a1_s23_llama1b_kv3072_cap12-01_long_burst_guard_relaxed-r11-0-98d0261a,6886.97062131,6887.484257685,6887.546324139,0.5136363749998054,0.062066454000159865,0.5757028289999653,442,314,True,True,0,36,0,0,True,0.00997143499989761,0.5035687280005732,0.0,0.0,9.621199933462776e-05,False,
diag00_a1_s23_llama1b_kv3072_cap12-01_long_burst_guard_relaxed,llama1b,3072,12,23,long,burst,guard_relaxed,11,cmpl-diag00_a1_s23_llama1b_kv3072_cap12-01_long_burst_guard_relaxed-r11-0-98d0261a,6889.052854948,6889.570491663,6889.648378893,0.5176367150006627,0.07788722999976017,0.5955239450004228,541,413,True,True,0,30,0,0,True,0.01521447300001455,0.5023541510008727,0.0,0.0,6.809099977544975e-05,False,
diag00_a1_s23_llama1b_kv3072_cap12-01_long_burst_guard_relaxed,llama1b,3072,12,23,long,burst,guard_relaxed,11,cmpl-diag00_a1_s23_llama1b_kv3072_cap12-01_long_burst_guard_relaxed-r11-0-98d0261a,6891.134667785,6891.149123424,6891.149544895,0.014455639000516385,0.0004214709997540922,0.014877110000270477,638,510,True,True,0,1,0,0,True,0.014378238000062993,0.0,0.0,0.0,7.740100045339204e-05,False,
diag00_a1_s23_llama1b_kv3072_cap12-01_long_burst_guard_relaxed,llama1b,3072,12,23,long,burst,guard_relaxed,11,cmpl-diag00_a1_s23_llama1b_kv3072_cap12-01_long_burst_guard_relaxed-r11-0-98d0261a,6892.719973443,6892.734494003,6892.735197812,0.01452056000016455,0.000703808999787725,0.015224368999952276,725,597,True,True,0,1,0,0,True,0.014462499000728712,0.0,0.0,0.0,5.806099943583831e-05,False,
diag00_a1_s23_llama1b_kv3072_cap12-01_long_burst_guard_relaxed,llama1b,3072,12,23,long,burst,guard_relaxed,11,cmpl-diag00_a1_s23_llama1b_kv3072_cap12-01_long_burst_guard_relaxed-r11-0-98d0261a,6893.794102412,6894.317845066,6894.42073097,0.5237426539997614,0.10288590399977693,0.6266285579995383,774,646,True,True,0,30,0,0,True,0.01422512800036202,0.5094038389997877,0.0,0.0,0.00011368699961167295,False,
diag00_a1_s23_llama1b_kv3072_cap12-01_long_burst_guard_relaxed,llama1b,3072,12,23,long,burst,guard_relaxed,11,cmpl-diag00_a1_s23_llama1b_kv3072_cap12-01_long_burst_guard_relaxed-r11-0-98d0261a,6894.974204389,6895.505603851,6895.61190187,0.5313994620000813,0.10629801899995073,0.637697481000032,801,673,True,True,0,3,0,0,True,0.39334868700007064,0.13796038199961913,0.0,0.0,9.039300039148657e-05,False,
diag00_a1_s23_llama1b_kv3072_cap12-01_long_burst_guard_relaxed,llama1b,3072,12,23,long,burst,guard_relaxed,11,cmpl-diag00_a1_s23_llama1b_kv3072_cap12-01_long_burst_guard_relaxed-r11-0-98d0261a,6896.029216128,6896.546062772,6896.65150785,0.5168466439999975,0.10544507799932035,0.6222917219993178,825,697,True,True,0,3,0,0,True,0.37994208700001764,0.13681419099975756,0.0,0.0,9.036600022227503e-05,False,
diag00_a1_s23_llama1b_kv3072_cap12-01_long_burst_guard_relaxed,llama1b,3072,12,23,long,burst,guard_relaxed,11,cmpl-diag00_a1_s23_llama1b_kv3072_cap12-01_long_burst_guard_relaxed-r11-0-98d0261a,6897.071665608,6897.593732744,6897.699005422,0.5220671359993503,0.10527267799989204,0.6273398139992423,849,721,True,True,0,3,0,0,True,0.38246672700006457,0.1394797569992079,0.0,0.0,0.0001206520000778255,False,
diag00_a1_s23_llama1b_kv3072_cap12-01_long_burst_guard_relaxed,llama1b,3072,12,23,long,burst,guard_relaxed,11,cmpl-diag00_a1_s23_llama1b_kv3072_cap12-01_long_burst_guard_relaxed-r11-0-98d0261a,6898.132382131,6898.65310638,6898.759542622,0.5207242490005228,0.10643624199929036,0.6271604909998132,874,746,True,True,0,4,0,0,True,0.37298319000001356,0.1476175650004734,0.0,0.0,0.00012349400003586197,False,
diag00_a1_s23_llama1b_kv3072_cap12-01_long_burst_guard_relaxed,llama1b,3072,12,23,long,burst,guard_relaxed,11,cmpl-diag00_a1_s23_llama1b_kv3072_cap12-01_long_burst_guard_relaxed-r11-0-98d0261a,6899.17227319,6899.69835331,6899.813978707,0.5260801200001879,0.11562539700025809,0.641705517000446,897,769,True,True,0,4,0,0,True,0.3740030469998601,0.15196558500065294,0.0,0.0,0.00011148799967486411,False,
diag00_a1_s23_llama1b_kv3072_cap12-01_long_burst_guard_relaxed,llama1b,3072,12,23,long,burst,guard_relaxed,11,cmpl-diag00_a1_s23_llama1b_kv3072_cap12-01_long_burst_guard_relaxed-r11-0-98d0261a,6900.222795178,6900.751641657,6900.866771348,0.5288464790000944,0.11512969100022019,0.6439761700003146,920,792,True,True,0,3,0,0,True,0.37715976600065915,0.1515721219993793,0.0,0.0,0.00011459100005595246,False,
diag00_a1_s23_llama1b_kv3072_cap12-01_long_burst_guard_relaxed,llama1b,3072,12,23,long,burst,guard_relaxed,11,cmpl-diag00_a1_s23_llama1b_kv3072_cap12-01_long_burst_guard_relaxed-r11-0-98d0261a,6901.274615131,6901.804538672,6901.921474367,0.5299235409993344,0.11693569500039303,0.6468592359997274,943,815,True,True,0,3,0,0,True,0.38198498699966876,0.1477896280002824,0.0,0.0,0.00014892599938320927,False,
diag00_a1_s23_llama1b_kv3072_cap12-01_long_burst_guard_relaxed,llama1b,3072,12,23,long,burst,guard_relaxed,11,cmpl-diag00_a1_s23_llama1b_kv3072_cap12-01_long_burst_guard_relaxed-r11-0-98d0261a,6902.330880225,6902.850979068,6902.970142169,0.5200988429996869,0.11916310099968541,0.6392619439993723,966,838,True,True,0,3,0,0,True,0.3743918339996526,0.14559125300002052,0.0,0.0,0.00011575600001378916,False,
diag00_a1_s23_llama1b_kv3072_cap12-01_long_burst_guard_relaxed,llama1b,3072,12,23,long,burst,guard_relaxed,11,cmpl-diag00_a1_s23_llama1b_kv3072_cap12-01_long_burst_guard_relaxed-r11-0-98d0261a,6903.393126683,6903.920828248,6904.040983625,0.5277015649999157,0.12015537699971901,0.6478569419996347,989,861,True,True,0,4,0,0,True,0.3627175699994041,0.16486926300058258,0.0,0.0,0.00011473199992906302,False,
diag00_a1_s23_llama1b_kv3072_cap12-01_long_burst_guard_relaxed,llama1b,3072,12,23,long,burst,guard_relaxed,11,cmpl-diag00_a1_s23_llama1b_kv3072_cap12-01_long_burst_guard_relaxed-r11-0-98d0261a,6904.437438037,6904.95514557,6905.075614918,0.5177075330002481,0.1204693479994603,0.6381768809997084,1010,882,True,True,0,3,0,0,True,0.3639609729998483,0.15363293100017472,0.0,0.0,0.00011362900022504618,False,
diag00_a1_s23_llama1b_kv3072_cap12-01_long_burst_guard_relaxed,llama1b,3072,12,23,long,burst,guard_relaxed,11,cmpl-diag00_a1_s23_llama1b_kv3072_cap12-01_long_burst_guard_relaxed-r11-0-98d0261a,6905.485038985,6906.004083049,6906.13319624,0.5190440639998997,0.129113191000215,0.6481572550001147,1032,904,True,True,0,4,0,0,True,0.35125859700019646,0.16765525899973,0.0,0.0,0.00013020799997320864,False,
diag00_a1_s23_llama1b_kv3072_cap12-01_long_burst_guard_relaxed,llama1b,3072,12,23,long,burst,guard_relaxed,11,cmpl-diag00_a1_s23_llama1b_kv3072_cap12-01_long_burst_guard_relaxed-r11-0-98d0261a,6906.529682594,6907.045515976,6907.176123156,0.5158333819999825,0.13060717999996996,0.6464405619999525,1053,925,True,True,0,4,0,0,True,0.3412451049998708,0.17442652999943675,0.0,0.0,0.00016174700067494996,False,
diag00_a1_s23_llama1b_kv3072_cap12-01_long_burst_guard_relaxed,llama1b,3072,12,23,long,burst,guard_relaxed,11,cmpl-diag00_a1_s23_llama1b_kv3072_cap12-01_long_burst_guard_relaxed-r11-0-98d0261a,6907.574872849,6908.104420988,6908.235725123,0.529548139000326,0.1313041349994819,0.660852273999808,1074,946,True,True,0,4,0,0,True,0.3511964990002525,0.1782335369998691,0.0,0.0,0.0001181030002044281,False,
diag00_a1_s23_llama1b_kv3072_cap12-01_long_burst_guard_relaxed,llama1b,3072,12,23,long,burst,guard_relaxed,11,cmpl-diag00_a1_s23_llama1b_kv3072_cap12-01_long_burst_guard_relaxed-r11-0-98d0261a,6908.635858526,6909.161348709,6909.291502764,0.5254901829994196,0.13015405500027555,0.6556442379996952,1095,967,True,True,0,5,0,0,True,0.332969287999731,0.19240667400026723,0.0,0.0,0.0001142209994213772,False,
diag00_a1_s23_llama1b_kv3072_cap12-01_long_burst_guard_relaxed,llama1b,3072,12,23,long,burst,guard_relaxed,11,cmpl-diag00_a1_s23_llama1b_kv3072_cap12-01_long_burst_guard_relaxed-r11-0-98d0261a,6909.677867286,6910.202852956,6910.334242396,0.5249856700002056,0.13138944000002084,0.6563751100002264,1115,987,True,True,0,5,0,0,True,0.33038597900031164,0.19450864800001,0.0,0.0,9.104299988393905e-05,False,
diag00_a1_s23_llama1b_kv3072_cap12-01_long_burst_guard_relaxed,llama1b,3072,12,23,long,burst,guard_relaxed,11,cmpl-diag00_a1_s23_llama1b_kv3072_cap12-01_long_burst_guard_relaxed-r11-0-98d0261a,6910.729868281,6911.258797865,6911.392938392,0.5289295840002524,0.1341405270004543,0.6630701110007067,1135,1007,True,True,0,7,0,0,True,0.31593048600007023,0.21288198599995667,0.0,0.0,0.00011711200022546109,False,
diag00_a1_s23_llama1b_kv3072_cap12-01_long_burst_guard_relaxed,llama1b,3072,12,23,long,burst,guard_relaxed,11,cmpl-diag00_a1_s23_llama1b_kv3072_cap12-01_long_burst_guard_relaxed-r11-0-98d0261a,6911.775745415,6912.298111972,6912.441453308,0.5223665570001685,0.1433413360000486,0.6657078930002172,1154,1026,True,True,0,6,0,0,True,0.3200910150007985,0.2021249719991829,0.0,0.0,0.00015057000018714461,False,
diag00_a1_s23_llama1b_kv3072_cap12-01_long_burst_guard_relaxed,llama1b,3072,12,23,long,burst,guard_relaxed,11,cmpl-diag00_a1_s23_llama1b_kv3072_cap12-01_long_burst_guard_relaxed-r11-0-98d0261a,6912.813681623,6913.321296488,6913.462174864,0.5076148650005052,0.14087837599981867,0.6484932410003239,1172,1044,True,True,1,14,0,0,True,0.03081508700051927,0.47667210300005536,0.0,0.0,0.00012767499993060483,False,
diag00_a1_s23_llama1b_kv3072_cap12-01_long_burst_guard_relaxed,llama1b,3072,12,23,long,burst,guard_relaxed,11,cmpl-diag00_a1_s23_llama1b_kv3072_cap12-01_long_burst_guard_relaxed-r11-0-98d0261a,6913.460858858,6913.82869273,6914.121235515,0.3678338719992098,0.29254278500047803,0.6603766569996878,1174,1046,True,True,0,1,0,0,True,0.36776618899966707,0.0,0.0,0.0,6.768299954273971e-05,False,
diag00_a1_s23_llama1b_kv3072_cap12-01_long_burst_guard_relaxed,llama1b,3072,12,23,long,burst,guard_relaxed,11,cmpl-diag00_a1_s23_llama1b_kv3072_cap12-01_long_burst_guard_relaxed-r11-0-98d0261a,6914.631017276,6914.864882478,6915.169389715,0.23386520199983352,0.3045072369995978,0.5383724389994313,1191,1063,True,True,1,1,0,0,True,0.2338007029993605,0.0,0.0,0.0,6.449900047300616e-05,False,
diag00_a1_s23_llama1b_kv3072_cap12-01_long_burst_guard_relaxed,llama1b,3072,12,23,long,burst,guard_relaxed,11,cmpl-diag00_a1_s23_llama1b_kv3072_cap12-01_long_burst_guard_relaxed-r11-0-98d0261a,6915.168728379,6915.38825193,6915.688096183,0.21952355099983833,0.29984425300062867,0.519367804000467,1193,1065,True,True,0,1,0,0,True,0.21945160199993552,0.0,0.0,0.0,7.194899990281556e-05,False,
diag00_a1_s23_llama1b_kv3072_cap12-01_long_burst_guard_relaxed,llama1b,3072,12,23,long,burst,guard_relaxed,11,cmpl-diag00_a1_s23_llama1b_kv3072_cap12-01_long_burst_guard_relaxed-r11-0-98d0261a,6916.230000463,6916.425178457,6916.72869616,0.19517799400000513,0.3035177030005798,0.4986956970005849,1213,1085,True,True,0,1,0,0,True,0.19510280200029229,0.0,0.0,0.0,7.519199971284252e-05,False,
diag00_a1_s23_llama1b_kv3072_cap12-01_long_burst_guard_relaxed,llama1b,3072,12,23,long,burst,guard_relaxed,11,cmpl-diag00_a1_s23_llama1b_kv3072_cap12-01_long_burst_guard_relaxed-r11-0-98d0261a,6917.296314566,6917.48840419,6917.807847087,0.19208962400080054,0.319442896999135,0.5115325209999355,1235,1107,True,True,0,1,0,0,True,0.1920177980000517,0.0,0.0,0.0,7.182600074884249e-05,False,
diag00_a1_s23_llama1b_kv3072_cap12-01_long_burst_guard_relaxed,llama1b,3072,12,23,long,burst,guard_relaxed,11,cmpl-diag00_a1_s23_llama1b_kv3072_cap12-01_long_burst_guard_relaxed-r11-0-98d0261a,6917.831827335,6918.010177747,6918.325755056,0.1783504120003272,0.3155773090002185,0.4939277210005457,1239,1111,True,True,0,1,0,0,True,0.17827745100021275,0.0,0.0,0.0,7.29610001144465e-05,False,
diag00_a1_s23_llama1b_kv3072_cap12-01_long_burst_guard_relaxed,llama1b,3072,12,23,long,burst,guard_relaxed,11,cmpl-diag00_a1_s23_llama1b_kv3072_cap12-01_long_burst_guard_relaxed-r11-0-98d0261a,6918.889052061,6919.079499588,6919.397511312,0.19044752699937817,0.3180117239999163,0.5084592509992945,1260,1132,True,True,0,1,0,0,True,0.19037642199964466,0.0,0.0,0.0,7.11049997335067e-05,False,
diag00_a1_s23_llama1b_kv3072_cap12-01_long_burst_guard_relaxed,llama1b,3072,12,23,long,burst,guard_relaxed,11,cmpl-diag00_a1_s23_llama1b_kv3072_cap12-01_long_burst_guard_relaxed-r11-0-98d0261a,6919.42715798,6919.615801334,6919.933812664,0.1886433540003054,0.3180113299995355,0.5066546839998409,1264,1136,True,True,0,1,0,0,True,0.18858636599998135,0.0,0.0,0.0,5.6988000324054155e-05,False,
diag00_a1_s23_llama1b_kv3072_cap12-01_long_burst_guard_relaxed,llama1b,3072,12,23,long,burst,guard_relaxed,11,cmpl-diag00_a1_s23_llama1b_kv3072_cap12-01_long_burst_guard_relaxed-r11-0-98d0261a,6919.965025376,6920.161666064,6920.464618007,0.19664068800011592,0.3029519430001528,0.49959263100026874,1268,1140,True,True,0,1,0,0,True,0.1965611710002122,0.0,0.0,0.0,7.951699990371708e-05,False,
diag00_a1_s23_llama1b_kv3072_cap12-01_long_burst_guard_relaxed,llama1b,3072,12,23,long,burst,guard_relaxed,11,cmpl-diag00_a1_s23_llama1b_kv3072_cap12-01_long_burst_guard_relaxed-r11-0-98d0261a,6920.496480313,6920.68894778,6921.005335444,0.1924674669999149,0.31638766400010354,0.5088551310000184,1272,1144,True,True,0,1,0,0,True,0.19238569400022243,0.0,0.0,0.0,8.177299969247542e-05,False,
diag00_a1_s23_llama1b_kv3072_cap12-01_long_burst_guard_relaxed,llama1b,3072,12,23,long,burst,guard_relaxed,11,cmpl-diag00_a1_s23_llama1b_kv3072_cap12-01_long_burst_guard_relaxed-r11-0-98d0261a,6921.031856803,6921.218975793,6921.533499032,0.18711899000027188,0.31452323899975454,0.5016422290000264,1276,1148,True,True,0,1,0,0,True,0.18704211000022042,0.0,0.0,0.0,7.688000005146023e-05,False,
diag00_a1_s23_llama1b_kv3072_cap12-01_long_burst_guard_relaxed,llama1b,3072,12,23,long,burst,guard_relaxed,11,cmpl-diag00_a1_s23_llama1b_kv3072_cap12-01_long_burst_guard_relaxed-r11-0-98d0261a,6921.561271742,6921.758052892,6922.074761822,0.19678114999987883,0.3167089300004591,0.5134900800003379,1280,1152,True,True,0,1,0,0,True,0.19668942200041784,0.0,0.0,0.0,9.172799946099985e-05,False,
diag00_a1_s23_llama1b_kv3072_cap12-01_long_burst_guard_relaxed,llama1b,3072,12,23,long,burst,guard_relaxed,11,cmpl-diag00_a1_s23_llama1b_kv3072_cap12-01_long_burst_guard_relaxed-r11-0-98d0261a,6922.100228023,6922.293251206,6922.615854908,0.19302318299924082,0.3226037020003787,0.5156268849996195,1284,1156,True,True,0,1,0,0,True,0.19292155199946137,0.0,0.0,0.0,0.00010163099977944512,False,
diag00_a1_s23_llama1b_kv3072_cap12-01_long_burst_guard_relaxed,llama1b,3072,12,23,long,burst,guard_relaxed,11,cmpl-diag00_a1_s23_llama1b_kv3072_cap12-01_long_burst_guard_relaxed-r11-0-98d0261a,6922.642086702,6922.831085435,6923.147707222,0.18899873300051695,0.31662178699934884,0.5056205199998658,1288,1160,True,True,0,1,0,0,True,0.18893942300019262,0.0,0.0,0.0,5.931000032433076e-05,False,
diag00_a1_s23_llama1b_kv3072_cap12-01_long_burst_guard_relaxed,llama1b,3072,12,23,long,burst,guard_relaxed,11,cmpl-diag00_a1_s23_llama1b_kv3072_cap12-01_long_burst_guard_relaxed-r11-0-98d0261a,6923.179602472,6923.373212102,6923.686937767,0.19360963000053744,0.3137256649997653,0.5073352950003027,1292,1164,True,True,0,1,0,0,True,0.19354847500017058,0.0,0.0,0.0,6.115500036685262e-05,False,
diag00_a1_s23_llama1b_kv3072_cap12-01_long_burst_guard_relaxed,llama1b,3072,12,23,long,burst,guard_relaxed,11,cmpl-diag00_a1_s23_llama1b_kv3072_cap12-01_long_burst_guard_relaxed-r11-0-98d0261a,6923.715518483,6923.910371282,6924.238178555,0.19485279899981833,0.32780727299996215,0.5226600719997805,1296,1168,True,True,0,1,0,0,True,0.19476934900012566,0.0,0.0,0.0,8.344999969267519e-05,False,
diag00_a1_s23_llama1b_kv3072_cap12-01_long_burst_guard_relaxed,llama1b,3072,12,23,long,burst,guard_relaxed,11,cmpl-diag00_a1_s23_llama1b_kv3072_cap12-01_long_burst_guard_relaxed-r11-0-98d0261a,6924.780626073,6924.979153593,6925.299490074,0.1985275199995158,0.3203364809996856,0.5188640009992014,1315,1187,True,True,0,1,0,0,True,0.19845729299959203,0.0,0.0,0.0,7.022699992376147e-05,False,
diag00_a1_s23_llama1b_kv3072_cap12-01_long_burst_guard_relaxed,llama1b,3072,12,23,long,burst,guard_relaxed,11,cmpl-diag00_a1_s23_llama1b_kv3072_cap12-01_long_burst_guard_relaxed-r11-0-98d0261a,6925.505557038,6925.834848492,6926.151766068,0.32929145399975823,0.3169175760003782,0.6462090300001364,1321,1193,True,True,0,1,0,0,True,0.329189217000021,0.0,0.0,0.0,0.00010223699973721523,False,
diag00_a1_s23_llama1b_kv3072_cap12-01_long_burst_guard_relaxed,llama1b,3072,12,23,long,burst,guard_relaxed,11,cmpl-diag00_a1_s23_llama1b_kv3072_cap12-01_long_burst_guard_relaxed-r11-0-98d0261a,6926.361308178,6926.651516877,6926.962266662,0.29020869899977697,0.31074978499964345,0.6009584839994204,1327,1199,True,True,1,1,0,0,True,0.29013511599987396,0.0,0.0,0.0,7.35829999030102e-05,False,
diag00_a1_s23_llama1b_kv3072_cap12-01_long_burst_guard_relaxed,llama1b,3072,12,23,long,burst,guard_relaxed,11,cmpl-diag00_a1_s23_llama1b_kv3072_cap12-01_long_burst_guard_relaxed-r11-0-98d0261a,6926.961417963,6927.16628126,6927.493741726,0.2048632969999744,0.32746046600004775,0.5323237630000222,1329,1201,True,True,1,1,0,0,True,0.2047998070001995,0.0,0.0,0.0,6.348999977490166e-05,False,
diag00_a1_s23_llama1b_kv3072_cap12-01_long_burst_guard_relaxed,llama1b,3072,12,23,long,burst,guard_relaxed,11,cmpl-diag00_a1_s23_llama1b_kv3072_cap12-01_long_burst_guard_relaxed-r11-0-98d0261a,6927.493139771,6927.688982374,6928.01291712,0.19584260300052847,0.3239347459993951,0.5197773489999236,1331,1203,True,True,0,1,0,0,True,0.19578154800001357,0.0,0.0,0.0,6.105500051489798e-05,False,
diag00_a1_s23_llama1b_kv3072_cap12-01_long_burst_guard_relaxed,llama1b,3072,12,23,long,burst,guard_relaxed,11,cmpl-diag00_a1_s23_llama1b_kv3072_cap12-01_long_burst_guard_relaxed-r11-0-98d0261a,6928.550513933,6928.745688481,6929.079826671,0.19517454800006817,0.334138189999976,0.5293127380000442,1349,1221,True,True,1,1,0,0,True,0.1951051810001445,0.0,0.0,0.0,6.936699992365902e-05,False,
diag00_a1_s23_llama1b_kv3072_cap12-01_long_burst_guard_relaxed,llama1b,3072,12,23,long,burst,guard_relaxed,11,cmpl-diag00_a1_s23_llama1b_kv3072_cap12-01_long_burst_guard_relaxed-r11-0-98d0261a,6929.079056374,6929.270718943,6929.599388587,0.19166256900007284,0.3286696440000014,0.5203322130000743,1351,1223,True,True,0,1,0,0,True,0.1915897219996623,0.0,0.0,0.0,7.284700041054748e-05,False,
diag00_a1_s23_llama1b_kv3072_cap12-01_long_burst_guard_relaxed,llama1b,3072,12,23,long,burst,guard_relaxed,11,cmpl-diag00_a1_s23_llama1b_kv3072_cap12-01_long_burst_guard_relaxed-r11-0-98d0261a,6930.131763056,6930.647259228,6930.867849674,0.5154961719999847,0.22059044600064226,0.7360866180006269,1369,1241,True,True,1,12,0,0,True,0.1964622559999043,0.3188904930002536,0.0,0.0,0.00014342299982672557,False,
diag00_a1_s23_llama1b_kv3072_cap12-01_long_burst_guard_relaxed,llama1b,3072,12,23,long,burst,guard_relaxed,11,cmpl-diag00_a1_s23_llama1b_kv3072_cap12-01_long_burst_guard_relaxed-r11-0-98d0261a,6930.867215046,6931.473949686,6931.699181127,0.6067346400004681,0.225231440999778,0.831966081000246,1371,1243,True,True,1,11,0,0,True,0.30292941000061546,0.30368726599954243,0.0,0.0,0.00011796400031016674,False,
diag00_a1_s23_llama1b_kv3072_cap12-01_long_burst_guard_relaxed,llama1b,3072,12,23,long,burst,guard_relaxed,11,cmpl-diag00_a1_s23_llama1b_kv3072_cap12-01_long_burst_guard_relaxed-r11-0-98d0261a,6931.698577412,6932.304288578,6932.525322894,0.6057111659993097,0.22103431600044132,0.8267454819997511,1373,1245,True,True,1,11,0,0,True,0.30139465699994616,0.3041068479997193,0.0,0.0,0.00020966099964425666,False,
diag00_a1_s23_llama1b_kv3072_cap12-01_long_burst_guard_relaxed,llama1b,3072,12,23,long,burst,guard_relaxed,11,cmpl-diag00_a1_s23_llama1b_kv3072_cap12-01_long_burst_guard_relaxed-r11-0-98d0261a,6932.524762688,6933.132081641,6933.352686206,0.6073189529997762,0.22060456500003056,0.8279235179998068,1375,1247,True,True,1,11,0,0,True,0.3018332190004003,0.30532553599914536,0.0,0.0,0.0001601980002305936,False,
diag00_a1_s23_llama1b_kv3072_cap12-01_long_burst_guard_relaxed,llama1b,3072,12,23,long,burst,guard_relaxed,11,cmpl-diag00_a1_s23_llama1b_kv3072_cap12-01_long_burst_guard_relaxed-r11-0-98d0261a,6933.352203127,6933.964948089,6934.187609213,0.6127449619998515,0.2226611239993872,0.8354060859992387,1377,1249,True,True,1,12,0,0,True,0.29480483299994376,0.3177648829996542,0.0,0.0,0.0001752460002535372,False,
diag00_a1_s23_llama1b_kv3072_cap12-01_long_burst_guard_relaxed,llama1b,3072,12,23,long,burst,guard_relaxed,11,cmpl-diag00_a1_s23_llama1b_kv3072_cap12-01_long_burst_guard_relaxed-r11-0-98d0261a,6934.187031858,6934.810134128,6935.026192509,0.6231022699994355,0.21605838100003893,0.8391606509994745,1379,1251,True,True,1,12,0,0,True,0.2965351989996634,0.3264038999996046,0.0,0.0,0.00016317100016749464,False,
diag00_a1_s23_llama1b_kv3072_cap12-01_long_burst_guard_relaxed,llama1b,3072,12,23,long,burst,guard_relaxed,11,cmpl-diag00_a1_s23_llama1b_kv3072_cap12-01_long_burst_guard_relaxed-r11-0-98d0261a,6935.025602765,6935.645176246,6935.864909977,0.6195734809998612,0.21973373099990567,0.8393072119997669,1381,1253,True,True,1,12,0,0,True,0.2990145339999799,0.3204206869995687,0.0,0.0,0.00013826000031258445,False,
diag00_a1_s23_llama1b_kv3072_cap12-01_long_burst_guard_relaxed,llama1b,3072,12,23,long,burst,guard_relaxed,11,cmpl-diag00_a1_s23_llama1b_kv3072_cap12-01_long_burst_guard_relaxed-r11-0-98d0261a,6935.863945941,6936.482631337,6936.702382987,0.6186853960007284,0.21975165000003472,0.8384370460007631,1383,1255,True,True,1,12,0,0,True,0.30219505400054913,0.31636751199948776,0.0,0.0,0.0001228300006914651,False,
diag00_a1_s23_llama1b_kv3072_cap12-01_long_burst_guard_relaxed,llama1b,3072,12,23,long,burst,guard_relaxed,11,cmpl-diag00_a1_s23_llama1b_kv3072_cap12-01_long_burst_guard_relaxed-r11-0-98d0261a,6936.701659197,6937.309461714,6937.530540446,0.6078025169999819,0.2210787320000236,0.8288812490000055,1385,1257,True,True,1,10,0,0,True,0.31146352700034186,0.29619719600032113,0.0,0.0,0.00014179399931890657,False,
diag00_a1_s23_llama1b_kv3072_cap12-01_long_burst_guard_relaxed,llama1b,3072,12,23,long,burst,guard_relaxed,11,cmpl-diag00_a1_s23_llama1b_kv3072_cap12-01_long_burst_guard_relaxed-r11-0-98d0261a,6937.529961305,6938.028886941,6938.250119323,0.49892563599951245,0.2212323820003803,0.7201580179998928,1387,1259,True,True,0,4,0,0,True,0.2986286919995109,0.20015388499996334,0.0,0.0,0.0001430590000381926,False,
diag00_a1_s23_llama1b_kv3072_cap12-01_long_burst_guard_relaxed,llama1b,3072,12,23,long,burst,guard_relaxed,11,cmpl-diag00_a1_s23_llama1b_kv3072_cap12-01_long_burst_guard_relaxed-r11-0-98d0261a,6938.366055038,6938.877542598,6939.203539519,0.5114875600002051,0.32599692099938693,0.837484480999592,1391,1263,True,True,0,1,0,0,True,0.5114327210003466,0.0,0.0,0.0,5.483899985847529e-05,False,
diag00_a1_s23_llama1b_kv3072_cap12-01_long_burst_guard_relaxed,llama1b,3072,12,23,long,burst,guard_relaxed,11,cmpl-diag00_a1_s23_llama1b_kv3072_cap12-01_long_burst_guard_relaxed-r11-0-98d0261a,6939.403328581,6939.915809017,6940.136641353,0.5124804360002599,0.2208323360000577,0.7333127720003176,1407,1279,True,True,1,25,0,0,True,0.011874413999976241,0.5004550559997369,0.0,0.0,0.00015096600054675946,False,
diag00_a1_s23_llama1b_kv3072_cap12-01_long_burst_guard_relaxed,llama1b,3072,12,23,long,burst,guard_relaxed,11,cmpl-diag00_a1_s23_llama1b_kv3072_cap12-01_long_burst_guard_relaxed-r11-0-98d0261a,6940.135997257,6940.652382789,6940.81341052,0.516385531999731,0.1610277310001038,0.6774132629998348,1409,1281,True,True,0,4,0,0,True,0.30785400200056756,0.20840280199990957,0.0,0.0,0.000128727999253897,False,
diag00_a1_s23_llama1b_kv3072_cap12-01_long_burst_guard_relaxed,llama1b,3072,12,23,long,burst,guard_relaxed,11,cmpl-diag00_a1_s23_llama1b_kv3072_cap12-01_long_burst_guard_relaxed-r11-0-98d0261a,6940.959532437,6941.482687178,6941.644957723,0.5231547409994164,0.16227054499995575,0.6854252859993721,1422,1294,True,True,0,11,0,0,True,0.21731189799993444,0.30570266699942295,0.0,0.0,0.00014017600005900022,False,
diag00_a1_s23_llama1b_kv3072_cap12-01_long_burst_guard_relaxed,llama1b,3072,12,23,long,burst,guard_relaxed,11,cmpl-diag00_a1_s23_llama1b_kv3072_cap12-01_long_burst_guard_relaxed-r11-0-98d0261a,6941.689984944,6942.209490315,6942.380252714,0.5195053710003776,0.17076239899961365,0.6902677699999913,1427,1299,True,True,0,8,0,0,True,0.25885845800075913,0.26056434999918565,0.0,0.0,8.256300043285592e-05,False,
diag00_a1_s23_llama1b_kv3072_cap12-01_long_burst_guard_relaxed,llama1b,3072,12,23,long,burst,guard_relaxed,11,cmpl-diag00_a1_s23_llama1b_kv3072_cap12-01_long_burst_guard_relaxed-r11-0-98d0261a,6942.735862387,6943.258509013,6943.427801206,0.5226466259991867,0.16929219300072873,0.6919388189999154,1454,1326,True,True,0,25,0,0,True,0.015027834999273182,0.507533340000009,0.0,0.0,8.545099990442395e-05,False,
diag00_a1_s23_llama1b_kv3072_cap12-01_long_burst_guard_relaxed,llama1b,3072,12,23,long,burst,guard_relaxed,11,cmpl-diag00_a1_s23_llama1b_kv3072_cap12-01_long_burst_guard_relaxed-r11-0-98d0261a,6943.777703765,6944.2941123,6944.453426212,0.5164085349997549,0.15931391199956124,0.6757224469993162,1481,1353,True,True,0,25,0,0,True,0.0113867489999393,0.5049284289998468,0.0,0.0,9.335699996881885e-05,False,
diag00_a1_s23_llama1b_kv3072_cap12-01_long_burst_guard_relaxed,llama1b,3072,12,23,long,burst,guard_relaxed,11,cmpl-diag00_a1_s23_llama1b_kv3072_cap12-01_long_burst_guard_relaxed-r11-0-98d0261a,6944.808472355,6945.337614762,6945.505696127,0.5291424070001085,0.16808136500003457,0.6972237720001431,1508,1380,True,True,0,25,0,0,True,0.016087216999949305,0.5129676050000853,0.0,0.0,8.758500007388648e-05,False,
diag00_a1_s23_llama1b_kv3072_cap12-01_long_burst_guard_relaxed,llama1b,3072,12,23,long,burst,guard_relaxed,11,cmpl-diag00_a1_s23_llama1b_kv3072_cap12-01_long_burst_guard_relaxed-r11-0-98d0261a,6945.853682362,6946.372990068,6946.546047175,0.5193077060002906,0.17305710700020427,0.6923648130004949,1535,1407,True,True,0,24,0,0,True,0.016176128000552126,0.5030522189999829,0.0,0.0,7.935899975564098e-05,False,
diag00_a1_s23_llama1b_kv3072_cap12-01_long_burst_guard_relaxed,llama1b,3072,12,23,long,burst,guard_relaxed,11,cmpl-diag00_a1_s23_llama1b_kv3072_cap12-01_long_burst_guard_relaxed-r11-0-98d0261a,6946.896078765,6947.415817899,6947.593231041,0.5197391339997921,0.17741314199975022,0.6971522759995423,1562,1434,True,True,0,25,0,0,True,0.014568003000022145,0.5050779759994839,0.0,0.0,9.315500028606039e-05,False,
diag00_a1_s23_llama1b_kv3072_cap12-01_long_burst_guard_relaxed,llama1b,3072,12,23,long,burst,guard_relaxed,11,cmpl-diag00_a1_s23_llama1b_kv3072_cap12-01_long_burst_guard_relaxed-r11-0-98d0261a,6947.943778904,6948.466216506,6948.643512451,0.5224376019996271,0.17729594499996892,0.699733546999596,1589,1461,True,True,0,25,0,0,True,0.012859218999437871,0.5094395060004899,0.0,0.0,0.0001388769996992778,False,
diag00_a1_s23_llama1b_kv3072_cap12-01_long_burst_guard_relaxed,llama1b,3072,12,23,long,burst,guard_relaxed,11,cmpl-diag00_a1_s23_llama1b_kv3072_cap12-01_long_burst_guard_relaxed-r11-0-98d0261a,6948.988341791,6949.514578092,6949.693371588,0.5262363010006084,0.17879349600025307,0.7050297970008614,1616,1488,True,True,0,25,0,0,True,0.01428845500049647,0.511762281999836,0.0,0.0,0.00018556400027591735,False,
diag00_a1_s23_llama1b_kv3072_cap12-01_long_burst_guard_relaxed,llama1b,3072,12,23,long,burst,guard_relaxed,11,cmpl-diag00_a1_s23_llama1b_kv3072_cap12-01_long_burst_guard_relaxed-r11-0-98d0261a,6950.031657061,6950.556969935,6950.741475854,0.52531287399961,0.1845059190000029,0.7098187929996129,1643,1515,True,True,0,23,0,0,True,0.014290277999862155,0.5109263100002863,0.0,0.0,9.628599946154281e-05,False,
diag00_a1_s23_llama1b_kv3072_cap12-01_long_burst_guard_relaxed,llama1b,3072,12,23,long,burst,guard_relaxed,9,cmpl-diag00_a1_s23_llama1b_kv3072_cap12-01_long_burst_guard_relaxed-r9-0-b3e32ba5,6887.484062217,6888.003721273,6888.116546806,0.5196590559999095,0.11282553299952269,0.6324845889994322,900,388,True,True,0,35,0,0,True,0.015255113999955938,0.5043261209993943,0.0,0.0,7.782100055919727e-05,False,
diag00_a1_s23_llama1b_kv3072_cap12-01_long_burst_guard_relaxed,llama1b,3072,12,23,long,burst,guard_relaxed,9,cmpl-diag00_a1_s23_llama1b_kv3072_cap12-01_long_burst_guard_relaxed-r9-0-b3e32ba5,6889.570335248,6890.090506284,6890.206312507,0.5201710359997378,0.11580622299970855,0.6359772589994463,994,482,True,True,0,34,0,0,True,0.016051830999458616,0.5040384009998888,0.0,0.0,8.08040003903443e-05,False,
diag00_a1_s23_llama1b_kv3072_cap12-01_long_burst_guard_relaxed,llama1b,3072,12,23,long,burst,guard_relaxed,9,cmpl-diag00_a1_s23_llama1b_kv3072_cap12-01_long_burst_guard_relaxed-r9-0-b3e32ba5,6891.148898998,6891.673690961,6891.802651232,0.5247919630000979,0.1289602710003237,0.6537522340004216,1058,546,True,True,0,26,0,0,True,0.015936223000608152,0.5087733289992684,0.0,0.0,8.241100022132741e-05,False,
diag00_a1_s23_llama1b_kv3072_cap12-01_long_burst_guard_relaxed,llama1b,3072,12,23,long,burst,guard_relaxed,9,cmpl-diag00_a1_s23_llama1b_kv3072_cap12-01_long_burst_guard_relaxed-r9-0-b3e32ba5,6892.734312223,6893.272983999,6893.495096479,0.5386717759993189,0.22211247999985062,0.7607842559991695,1120,608,True,True,0,26,0,0,True,0.0139521289993354,0.52459316400018,0.0,0.0,0.0001264829998035566,False,
diag00_a1_s23_llama1b_kv3072_cap12-01_long_burst_guard_relaxed,llama1b,3072,12,23,long,burst,guard_relaxed,9,cmpl-diag00_a1_s23_llama1b_kv3072_cap12-01_long_burst_guard_relaxed-r9-0-b3e32ba5,6893.808206989,6894.333178065,6894.540525909,0.5249710759999289,0.2073478440006511,0.73231892000058,1144,632,True,True,0,2,0,0,True,0.5095809790000203,0.01524045299993304,0.0,0.0,0.0001496439999755239,False,
diag00_a1_s23_llama1b_kv3072_cap12-01_long_burst_guard_relaxed,llama1b,3072,12,23,long,burst,guard_relaxed,9,cmpl-diag00_a1_s23_llama1b_kv3072_cap12-01_long_burst_guard_relaxed-r9-0-b3e32ba5,6894.842425144,6895.367607393,6895.506138736,0.525182248999954,0.13853134300006786,0.6637135920000219,1168,656,True,True,0,21,0,0,True,0.1319951180003045,0.3930757669995728,0.0,0.0,0.0001113640000767191,False,
diag00_a1_s23_llama1b_kv3072_cap12-01_long_burst_guard_relaxed,llama1b,3072,12,23,long,burst,guard_relaxed,9,cmpl-diag00_a1_s23_llama1b_kv3072_cap12-01_long_burst_guard_relaxed-r9-0-b3e32ba5,6895.888045142,6896.409201949,6896.546365152,0.5211568069998975,0.13716320300045481,0.6583200100003523,1192,680,True,True,0,20,0,0,True,0.14144144199963193,0.37962121100008517,0.0,0.0,9.415400018042419e-05,False,
diag00_a1_s23_llama1b_kv3072_cap12-01_long_burst_guard_relaxed,llama1b,3072,12,23,long,burst,guard_relaxed,9,cmpl-diag00_a1_s23_llama1b_kv3072_cap12-01_long_burst_guard_relaxed-r9-0-b3e32ba5,6896.926424287,6897.45418003,6897.594180501,0.5277557429999433,0.14000047099943913,0.6677562139993825,1216,704,True,True,0,20,0,0,True,0.1454456499996013,0.38219260099958774,0.0,0.0,0.00011749200075428234,False,
diag00_a1_s23_llama1b_kv3072_cap12-01_long_burst_guard_relaxed,llama1b,3072,12,23,long,burst,guard_relaxed,9,cmpl-diag00_a1_s23_llama1b_kv3072_cap12-01_long_burst_guard_relaxed-r9-0-b3e32ba5,6897.982824395,6898.505421965,6898.641802124,0.522597570000471,0.1363801589996001,0.6589777290000711,1241,729,True,True,0,19,0,0,True,0.14971465800044825,0.3727652429997761,0.0,0.0,0.00011766900024667848,False,
diag00_a1_s23_llama1b_kv3072_cap12-01_long_burst_guard_relaxed,llama1b,3072,12,23,long,burst,guard_relaxed,9,cmpl-diag00_a1_s23_llama1b_kv3072_cap12-01_long_burst_guard_relaxed-r9-0-b3e32ba5,6899.022729251,6899.546467296,6899.685516871,0.5237380449998454,0.1390495750001719,0.6627876200000173,1265,753,True,True,0,20,0,0,True,0.14969300600023416,0.3737940109995179,0.0,0.0,0.00025102800009335624,False,
diag00_a1_s23_llama1b_kv3072_cap12-01_long_burst_guard_relaxed,llama1b,3072,12,23,long,burst,guard_relaxed,9,cmpl-diag00_a1_s23_llama1b_kv3072_cap12-01_long_burst_guard_relaxed-r9-0-b3e32ba5,6900.071425923,6900.600017771,6900.752723167,0.5285918480003602,0.15270539599987387,0.6812972440002341,1289,777,True,True,0,20,0,0,True,0.1515097430001333,0.3769598919998316,0.0,0.0,0.00012221300039527705,False,
diag00_a1_s23_llama1b_kv3072_cap12-01_long_burst_guard_relaxed,llama1b,3072,12,23,long,burst,guard_relaxed,9,cmpl-diag00_a1_s23_llama1b_kv3072_cap12-01_long_burst_guard_relaxed-r9-0-b3e32ba5,6901.125966825,6901.656645321,6901.804897522,0.530678495999382,0.14825220100010483,0.6789306969994868,1312,800,True,True,0,20,0,0,True,0.14878267599942774,0.38179940700047155,0.0,0.0,9.641299948270898e-05,False,
diag00_a1_s23_llama1b_kv3072_cap12-01_long_burst_guard_relaxed,llama1b,3072,12,23,long,burst,guard_relaxed,9,cmpl-diag00_a1_s23_llama1b_kv3072_cap12-01_long_burst_guard_relaxed-r9-0-b3e32ba5,6902.178851476,6902.705328246,6902.851375526,0.5264767700000448,0.14604727999994793,0.6725240499999927,1335,823,True,True,0,19,0,0,True,0.15221499299968855,0.374146328000279,0.0,0.0,0.00011544900007720571,False,
diag00_a1_s23_llama1b_kv3072_cap12-01_long_burst_guard_relaxed,llama1b,3072,12,23,long,burst,guard_relaxed,9,cmpl-diag00_a1_s23_llama1b_kv3072_cap12-01_long_burst_guard_relaxed-r9-0-b3e32ba5,6903.228053942,6903.755899266,6903.90765918,0.5278453239998271,0.1517599140006496,0.6796052380004767,1358,846,True,True,0,18,0,0,True,0.16519381899979635,0.3625355590002073,0.0,0.0,0.00011594599982345244,False,
diag00_a1_s23_llama1b_kv3072_cap12-01_long_burst_guard_relaxed,llama1b,3072,12,23,long,burst,guard_relaxed,9,cmpl-diag00_a1_s23_llama1b_kv3072_cap12-01_long_burst_guard_relaxed-r9-0-b3e32ba5,6904.27568572,6904.801451341,6904.955558094,0.525765620999664,0.15410675299972354,0.6798723739993875,1380,868,True,True,0,18,0,0,True,0.1618960870000592,0.36375968499942246,0.0,0.0,0.00010984900018229382,False,
diag00_a1_s23_llama1b_kv3072_cap12-01_long_burst_guard_relaxed,llama1b,3072,12,23,long,burst,guard_relaxed,9,cmpl-diag00_a1_s23_llama1b_kv3072_cap12-01_long_burst_guard_relaxed-r9-0-b3e32ba5,6905.32070287,6905.836356507,6905.990706986,0.5156536370004687,0.15435047899973142,0.6700041160002002,1402,890,True,True,0,17,0,0,True,0.16448599599971203,0.35104779100038286,0.0,0.0,0.00011985000037384452,False,
diag00_a1_s23_llama1b_kv3072_cap12-01_long_burst_guard_relaxed,llama1b,3072,12,23,long,burst,guard_relaxed,9,cmpl-diag00_a1_s23_llama1b_kv3072_cap12-01_long_burst_guard_relaxed-r9-0-b3e32ba5,6906.352900118,6906.870982346,6907.03239895,0.518082227999912,0.16141660399989632,0.6794988319998083,1423,911,True,True,0,16,0,0,True,0.17691994199958572,0.3409749459997329,0.0,0.0,0.0001873400005933945,False,
diag00_a1_s23_llama1b_kv3072_cap12-01_long_burst_guard_relaxed,llama1b,3072,12,23,long,burst,guard_relaxed,9,cmpl-diag00_a1_s23_llama1b_kv3072_cap12-01_long_burst_guard_relaxed-r9-0-b3e32ba5,6907.397179266,6907.926112581,6908.09069314,0.5289333149994491,0.16458055900056934,0.6935138740000184,1444,932,True,True,0,17,0,0,True,0.17783254599999054,0.3510099379991516,0.0,0.0,9.083100030693458e-05,False,
diag00_a1_s23_llama1b_kv3072_cap12-01_long_burst_guard_relaxed,llama1b,3072,12,23,long,burst,guard_relaxed,9,cmpl-diag00_a1_s23_llama1b_kv3072_cap12-01_long_burst_guard_relaxed-r9-0-b3e32ba5,6908.442394286,6908.968869761,6909.133485845,0.5264754749996428,0.1646160840000448,0.6910915589996875,1464,952,True,True,0,16,0,0,True,0.19359951299975364,0.3327845140001955,0.0,0.0,9.144799969362793e-05,False,
diag00_a1_s23_llama1b_kv3072_cap12-01_long_burst_guard_relaxed,llama1b,3072,12,23,long,burst,guard_relaxed,9,cmpl-diag00_a1_s23_llama1b_kv3072_cap12-01_long_burst_guard_relaxed-r9-0-b3e32ba5,6909.487009276,6910.008294369,6910.173788499,0.5212850930001878,0.16549412999938795,0.6867792229995757,1484,972,True,True,0,15,0,0,True,0.19099800399999367,0.3301930749994426,0.0,0.0,9.401400075148558e-05,False,
diag00_a1_s23_llama1b_kv3072_cap12-01_long_burst_guard_relaxed,llama1b,3072,12,23,long,burst,guard_relaxed,9,cmpl-diag00_a1_s23_llama1b_kv3072_cap12-01_long_burst_guard_relaxed-r9-0-b3e32ba5,6910.52728445,6911.045839434,6911.205070907,0.5185549840007297,0.15923147299963603,0.6777864570003658,1504,992,True,True,0,14,0,0,True,0.2027230090006924,0.31574383199949807,0.0,0.0,8.814300053927582e-05,False,
diag00_a1_s23_llama1b_kv3072_cap12-01_long_burst_guard_relaxed,llama1b,3072,12,23,long,burst,guard_relaxed,9,cmpl-diag00_a1_s23_llama1b_kv3072_cap12-01_long_burst_guard_relaxed-r9-0-b3e32ba5,6911.571669028,6912.095891674,6912.260100494,0.5242226460004531,0.16420881999965786,0.688431466000111,1525,1013,True,True,0,14,0,0,True,0.20434886700058996,0.3197499699999753,0.0,0.0,0.00012380899988784222,False,
diag00_a1_s23_llama1b_kv3072_cap12-01_long_burst_guard_relaxed,llama1b,3072,12,23,long,burst,guard_relaxed,9,cmpl-diag00_a1_s23_llama1b_kv3072_cap12-01_long_burst_guard_relaxed-r9-0-b3e32ba5,6912.621019503,6912.828644432,6913.15928197,0.20762492900030338,0.3306375379997917,0.5382624670000951,1545,1033,True,True,0,1,0,0,True,0.2075177030001214,0.0,0.0,0.0,0.00010722600018198136,False,
diag00_a1_s23_llama1b_kv3072_cap12-01_long_burst_guard_relaxed,llama1b,3072,12,23,long,burst,guard_relaxed,9,cmpl-diag00_a1_s23_llama1b_kv3072_cap12-01_long_burst_guard_relaxed-r9-0-b3e32ba5,6913.473885362,6914.051939285,6914.286517226,0.5780539229999704,0.23457794099977036,0.8126318639997407,1562,1050,True,True,0,2,0,0,True,0.3690807920002044,0.20885428399924422,0.0,0.0,0.00011884700052178232,False,
diag00_a1_s23_llama1b_kv3072_cap12-01_long_burst_guard_relaxed,llama1b,3072,12,23,long,burst,guard_relaxed,9,cmpl-diag00_a1_s23_llama1b_kv3072_cap12-01_long_burst_guard_relaxed-r9-0-b3e32ba5,6914.342942452,6914.864882478,6915.089708751,0.5219400260002658,0.22482627299996238,0.7467662990002282,1568,1056,True,True,0,7,0,0,True,0.3014609809997637,0.22031357800005935,0.0,0.0,0.00016546700044273166,False,
diag00_a1_s23_llama1b_kv3072_cap12-01_long_burst_guard_relaxed,llama1b,3072,12,23,long,burst,guard_relaxed,9,cmpl-diag00_a1_s23_llama1b_kv3072_cap12-01_long_burst_guard_relaxed-r9-0-b3e32ba5,6915.184281962,6915.703060154,6915.878375301,0.5187781920003545,0.17531514700021944,0.6940933390005739,1572,1060,True,True,0,4,0,0,True,0.21828496500074834,0.30037687699950766,0.0,0.0,0.00011635000009846408,False,
diag00_a1_s23_llama1b_kv3072_cap12-01_long_burst_guard_relaxed,llama1b,3072,12,23,long,burst,guard_relaxed,9,cmpl-diag00_a1_s23_llama1b_kv3072_cap12-01_long_burst_guard_relaxed-r9-0-b3e32ba5,6915.903705146,6916.425178457,6916.65066928,0.5214733109996814,0.22549082300065493,0.7469641340003363,1576,1064,True,True,0,4,0,0,True,0.3399777320000794,0.18134636899958423,0.0,0.0,0.0001492100000177743,False,
diag00_a1_s23_llama1b_kv3072_cap12-01_long_burst_guard_relaxed,llama1b,3072,12,23,long,burst,guard_relaxed,9,cmpl-diag00_a1_s23_llama1b_kv3072_cap12-01_long_burst_guard_relaxed-r9-0-b3e32ba5,6916.768863289,6917.309876982,6917.488839198,0.5410136929995133,0.17896221600040008,0.7199759089999134,1582,1070,True,True,1,17,0,0,True,0.18178577499929816,0.35905950800042774,0.0,0.0,0.0001684099997874,False,
diag00_a1_s23_llama1b_kv3072_cap12-01_long_burst_guard_relaxed,llama1b,3072,12,23,long,burst,guard_relaxed,9,cmpl-diag00_a1_s23_llama1b_kv3072_cap12-01_long_burst_guard_relaxed-r9-0-b3e32ba5,6917.488202071,6918.010177747,6918.236861666,0.5219756759997836,0.2266839189996972,0.7486595949994808,1584,1072,True,True,0,3,0,0,True,0.357264614000087,0.16456737799944676,0.0,0.0,0.00014368400024977745,False,
diag00_a1_s23_llama1b_kv3072_cap12-01_long_burst_guard_relaxed,llama1b,3072,12,23,long,burst,guard_relaxed,9,cmpl-diag00_a1_s23_llama1b_kv3072_cap12-01_long_burst_guard_relaxed-r9-0-b3e32ba5,6918.366070024,6918.90327848,6919.080359809,0.5372084560003714,0.17708132899952034,0.7142897849998917,1590,1078,True,True,1,16,0,0,True,0.17559190800056967,0.3614681209992341,0.0,0.0,0.00014842700056760805,False,
diag00_a1_s23_llama1b_kv3072_cap12-01_long_burst_guard_relaxed,llama1b,3072,12,23,long,burst,guard_relaxed,9,cmpl-diag00_a1_s23_llama1b_kv3072_cap12-01_long_burst_guard_relaxed-r9-0-b3e32ba5,6919.079291137,6919.615801334,6919.844628743,0.5365101970000978,0.22882740899967757,0.7653376059997754,1592,1080,True,True,0,3,0,0,True,0.36132829200050764,0.1750648249999358,0.0,0.0,0.00011707999965437921,False,
diag00_a1_s23_llama1b_kv3072_cap12-01_long_burst_guard_relaxed,llama1b,3072,12,23,long,burst,guard_relaxed,9,cmpl-diag00_a1_s23_llama1b_kv3072_cap12-01_long_burst_guard_relaxed-r9-0-b3e32ba5,6919.981219858,6920.512553514,6920.689254563,0.5313336559993331,0.17670104900025763,0.7080347049995908,1598,1086,True,True,1,6,0,0,True,0.1930658029996266,0.33813951299998735,0.0,0.0,0.00012833999971917365,False,
diag00_a1_s23_llama1b_kv3072_cap12-01_long_burst_guard_relaxed,llama1b,3072,12,23,long,burst,guard_relaxed,9,cmpl-diag00_a1_s23_llama1b_kv3072_cap12-01_long_burst_guard_relaxed-r9-0-b3e32ba5,6920.688726085,6921.218975793,6921.44288902,0.5302497080001558,0.2239132269996844,0.7541629349998402,1600,1088,True,True,0,3,0,0,True,0.3600483890004398,0.17005042499931733,0.0,0.0,0.0001508940003986936,False,
diag00_a1_s23_llama1b_kv3072_cap12-01_long_burst_guard_relaxed,llama1b,3072,12,23,long,burst,guard_relaxed,9,cmpl-diag00_a1_s23_llama1b_kv3072_cap12-01_long_burst_guard_relaxed-r9-0-b3e32ba5,6921.575008352,6922.114698081,6922.293818281,0.5396897290002016,0.17912020000039774,0.7188099290005994,1606,1094,True,True,1,6,0,0,True,0.19984100200053945,0.33972285599975294,0.0,0.0,0.0001258709999092389,False,
diag00_a1_s23_llama1b_kv3072_cap12-01_long_burst_guard_relaxed,llama1b,3072,12,23,long,burst,guard_relaxed,9,cmpl-diag00_a1_s23_llama1b_kv3072_cap12-01_long_burst_guard_relaxed-r9-0-b3e32ba5,6922.292921031,6922.831085435,6923.057368476,0.5381644039998719,0.22628304099998786,0.7644474449998597,1608,1096,True,True,0,3,0,0,True,0.3616025239998635,0.1764353909993588,0.0,0.0,0.0001264890006495989,False,
diag00_a1_s23_llama1b_kv3072_cap12-01_long_burst_guard_relaxed,llama1b,3072,12,23,long,burst,guard_relaxed,9,cmpl-diag00_a1_s23_llama1b_kv3072_cap12-01_long_burst_guard_relaxed-r9-0-b3e32ba5,6923.190460069,6923.728557655,6923.910918006,0.5380975859998216,0.18236035100017034,0.7204579369999919,1614,1102,True,True,1,6,0,0,True,0.1959041439995417,0.3420678319998842,0.0,0.0,0.0001256100003956817,False,
diag00_a1_s23_llama1b_kv3072_cap12-01_long_burst_guard_relaxed,llama1b,3072,12,23,long,burst,guard_relaxed,9,cmpl-diag00_a1_s23_llama1b_kv3072_cap12-01_long_burst_guard_relaxed-r9-0-b3e32ba5,6923.91008185,6924.431724474,6924.613729786,0.5216426239994689,0.18200531200000114,0.7036479359994701,1616,1104,True,True,0,3,0,0,True,0.3440439320002042,0.1774730399993132,0.0,0.0,0.00012565199995151488,False,
diag00_a1_s23_llama1b_kv3072_cap12-01_long_burst_guard_relaxed,llama1b,3072,12,23,long,burst,guard_relaxed,9,cmpl-diag00_a1_s23_llama1b_kv3072_cap12-01_long_burst_guard_relaxed-r9-0-b3e32ba5,6924.794318387,6925.315689293,6925.492607637,0.5213709059999019,0.1769183440001143,0.6982892500000162,1631,1119,True,True,0,4,0,0,True,0.19954841100025078,0.32172760699995706,0.0,0.0,9.488799969403772e-05,False,
diag00_a1_s23_llama1b_kv3072_cap12-01_long_burst_guard_relaxed,llama1b,3072,12,23,long,burst,guard_relaxed,9,cmpl-diag00_a1_s23_llama1b_kv3072_cap12-01_long_burst_guard_relaxed-r9-0-b3e32ba5,6925.521073471,6926.056638676,6926.321865477,0.5355652050002391,0.26522680099969875,0.8007920059999378,1635,1123,True,True,0,2,0,0,True,0.3280910009998479,0.2071872340002301,0.0,0.0,0.00028697000016109087,False,
diag00_a1_s23_llama1b_kv3072_cap12-01_long_burst_guard_relaxed,llama1b,3072,12,23,long,burst,guard_relaxed,9,cmpl-diag00_a1_s23_llama1b_kv3072_cap12-01_long_burst_guard_relaxed-r9-0-b3e32ba5,6926.378394935,6926.97430701,6927.166513462,0.5959120750003422,0.19220645199948194,0.7881185269998241,1641,1129,True,True,1,4,0,0,True,0.28585293400010414,0.3098996239996268,0.0,0.0,0.0001595170006112312,False,
diag00_a1_s23_llama1b_kv3072_cap12-01_long_burst_guard_relaxed,llama1b,3072,12,23,long,burst,guard_relaxed,9,cmpl-diag00_a1_s23_llama1b_kv3072_cap12-01_long_burst_guard_relaxed-r9-0-b3e32ba5,6927.166085633,6927.688982374,6927.904961063,0.5228967410002952,0.21597868899971218,0.7388754300000073,1643,1131,True,True,0,3,0,0,True,0.34184368000023824,0.18092887599959795,0.0,0.0,0.00012418500045896508,False,
diag00_a1_s23_llama1b_kv3072_cap12-01_long_burst_guard_relaxed,llama1b,3072,12,23,long,burst,guard_relaxed,9,cmpl-diag00_a1_s23_llama1b_kv3072_cap12-01_long_burst_guard_relaxed-r9-0-b3e32ba5,6928.02416545,6928.563979391,6928.745944955,0.5398139410008298,0.18196556399925612,0.7217795050000859,1647,1135,True,True,1,15,0,0,True,0.19780355600050825,0.3418862379994607,0.0,0.0,0.0001241470008608303,False,
diag00_a1_s23_llama1b_kv3072_cap12-01_long_burst_guard_relaxed,llama1b,3072,12,23,long,burst,guard_relaxed,9,cmpl-diag00_a1_s23_llama1b_kv3072_cap12-01_long_burst_guard_relaxed-r9-0-b3e32ba5,6928.745437078,6929.270718943,6929.496641942,0.5252818650005793,0.22592299899952195,0.7512048640001012,1649,1137,True,True,0,3,0,0,True,0.3471703109998998,0.17796778900083154,0.0,0.0,0.00014376499984791735,False,
diag00_a1_s23_llama1b_kv3072_cap12-01_long_burst_guard_relaxed,llama1b,3072,12,23,long,burst,guard_relaxed,9,cmpl-diag00_a1_s23_llama1b_kv3072_cap12-01_long_burst_guard_relaxed-r9-0-b3e32ba5,6929.61260203,6930.145396732,6930.328560895,0.5327947020005013,0.18316416299967386,0.7159588650001751,1653,1141,True,True,1,15,0,0,True,0.19162434999998368,0.34103270400009933,0.0,0.0,0.00013764800041826675,False,
diag00_a1_s23_llama1b_kv3072_cap12-01_long_burst_guard_relaxed,llama1b,3072,12,23,long,burst,guard_relaxed,9,cmpl-diag00_a1_s23_llama1b_kv3072_cap12-01_long_burst_guard_relaxed-r9-0-b3e32ba5,6930.328084417,6930.970086713,6931.156736681,0.6420022959991911,0.18664996800089284,0.828652264000084,1655,1143,True,True,0,3,0,0,True,0.33308332699925813,0.3087760500002332,0.0,0.0,0.0001429189996997593,False,
diag00_a1_s23_llama1b_kv3072_cap12-01_long_burst_guard_relaxed,llama1b,3072,12,23,long,burst,guard_relaxed,9,cmpl-diag00_a1_s23_llama1b_kv3072_cap12-01_long_burst_guard_relaxed-r9-0-b3e32ba5,6931.170015167,6931.799896413,6931.986937922,0.6298812459999681,0.18704150899975502,0.8169227549997231,1658,1146,True,True,0,3,0,0,True,0.31820281199998135,0.3114356999994925,0.0,0.0,0.000242734000494238,False,
diag00_a1_s23_llama1b_kv3072_cap12-01_long_burst_guard_relaxed,llama1b,3072,12,23,long,burst,guard_relaxed,9,cmpl-diag00_a1_s23_llama1b_kv3072_cap12-01_long_burst_guard_relaxed-r9-0-b3e32ba5,6931.999774124,6932.630266607,6932.814426902,0.630492482999216,0.18416029500076547,0.8146527779999815,1661,1149,True,True,0,3,0,0,True,0.3185180409991517,0.31183205200068187,0.0,0.0,0.0001423899993824307,False,
diag00_a1_s23_llama1b_kv3072_cap12-01_long_burst_guard_relaxed,llama1b,3072,12,23,long,burst,guard_relaxed,9,cmpl-diag00_a1_s23_llama1b_kv3072_cap12-01_long_burst_guard_relaxed-r9-0-b3e32ba5,6932.826473569,6933.457510161,6933.647447664,0.631036591999873,0.18993750299978274,0.8209740949996558,1664,1152,True,True,1,3,0,0,True,0.3195061770002212,0.31140007999965746,0.0,0.0,0.0001303349999943748,False,
diag00_a1_s23_llama1b_kv3072_cap12-01_long_burst_guard_relaxed,llama1b,3072,12,23,long,burst,guard_relaxed,9,cmpl-diag00_a1_s23_llama1b_kv3072_cap12-01_long_burst_guard_relaxed-r9-0-b3e32ba5,6933.646875644,6934.294831709,6934.484085785,0.6479560650004714,0.18925407599999744,0.8372101410004689,1666,1154,True,True,1,3,0,0,True,0.3314316810001401,0.31639431999974477,0.0,0.0,0.00013006400058657164,False,
diag00_a1_s23_llama1b_kv3072_cap12-01_long_burst_guard_relaxed,llama1b,3072,12,23,long,burst,guard_relaxed,9,cmpl-diag00_a1_s23_llama1b_kv3072_cap12-01_long_burst_guard_relaxed-r9-0-b3e32ba5,6934.483329343,6935.135729437,6935.325865587,0.6524000939998587,0.19013615000039863,0.8425362440002573,1668,1156,True,True,1,3,0,0,True,0.337607499999649,0.3146922309997535,0.0,0.0,0.00010036300045612734,False,
diag00_a1_s23_llama1b_kv3072_cap12-01_long_burst_guard_relaxed,llama1b,3072,12,23,long,burst,guard_relaxed,9,cmpl-diag00_a1_s23_llama1b_kv3072_cap12-01_long_burst_guard_relaxed-r9-0-b3e32ba5,6935.324472469,6935.970456574,6936.166605501,0.645984105000025,0.19614892699974007,0.8421330319997651,1670,1158,True,True,1,3,0,0,True,0.3349691659996097,0.3108596350002699,0.0,0.0,0.00015530400014540646,False,
diag00_a1_s23_llama1b_kv3072_cap12-01_long_burst_guard_relaxed,llama1b,3072,12,23,long,burst,guard_relaxed,9,cmpl-diag00_a1_s23_llama1b_kv3072_cap12-01_long_burst_guard_relaxed-r9-0-b3e32ba5,6936.16599747,6936.806178355,6936.997681831,0.6401808850005182,0.1915034759995251,0.8316843610000433,1672,1160,True,True,0,3,0,0,True,0.33151133000046684,0.3085358919997816,0.0,0.0,0.00013366300026973477,False,
diag00_a1_s23_llama1b_kv3072_cap12-01_long_burst_guard_relaxed,llama1b,3072,12,23,long,burst,guard_relaxed,9,cmpl-diag00_a1_s23_llama1b_kv3072_cap12-01_long_burst_guard_relaxed-r9-0-b3e32ba5,6937.012886925,6937.63646647,6937.828863564,0.6235795450002115,0.19239709399971616,0.8159766389999277,1675,1163,True,True,1,3,0,0,True,0.31086700899959396,0.312481451000167,0.0,0.0,0.00023108500045054825,False,
diag00_a1_s23_llama1b_kv3072_cap12-01_long_burst_guard_relaxed,llama1b,3072,12,23,long,burst,guard_relaxed,9,cmpl-diag00_a1_s23_llama1b_kv3072_cap12-01_long_burst_guard_relaxed-r9-0-b3e32ba5,6937.828430169,6938.366273176,6938.561874618,0.5378430069995375,0.19560144200022478,0.7334444489997622,1677,1165,True,True,0,4,0,0,True,0.21289565400002175,0.32478745200023695,0.0,0.0,0.00015990099927876145,False,
diag00_a1_s23_llama1b_kv3072_cap12-01_long_burst_guard_relaxed,llama1b,3072,12,23,long,burst,guard_relaxed,9,cmpl-diag00_a1_s23_llama1b_kv3072_cap12-01_long_burst_guard_relaxed-r9-0-b3e32ba5,6938.877380653,6939.415259493,6939.613151052,0.5378788400003032,0.1978915589997996,0.7357703990001028,1702,1190,True,True,0,18,0,0,True,0.014334321000205819,0.5234157020004204,0.0,0.0,0.0001288169996769284,False,
diag00_a1_s23_llama1b_kv3072_cap12-01_long_burst_guard_relaxed,llama1b,3072,12,23,long,burst,guard_relaxed,9,cmpl-diag00_a1_s23_llama1b_kv3072_cap12-01_long_burst_guard_relaxed-r9-0-b3e32ba5,6939.915597458,6940.443892309,6940.638675165,0.5282948510002825,0.19478285599961964,0.7230777069999021,1726,1214,True,True,0,11,0,0,True,0.220597655000347,0.30759976699937397,0.0,0.0,9.742900056153303e-05,False,
diag00_a1_s23_llama1b_kv3072_cap12-01_long_burst_guard_relaxed,llama1b,3072,12,23,long,burst,guard_relaxed,9,cmpl-diag00_a1_s23_llama1b_kv3072_cap12-01_long_burst_guard_relaxed-r9-0-b3e32ba5,6940.65219521,6941.176982612,6941.373313653,0.5247874019996743,0.19633104100012133,0.7211184429997957,1729,1217,True,True,0,5,0,0,True,0.307462857000246,0.21710950299984688,0.0,0.0,0.00021504199958144454,False,
diag00_a1_s23_llama1b_kv3072_cap12-01_long_burst_guard_relaxed,llama1b,3072,12,23,long,burst,guard_relaxed,9,cmpl-diag00_a1_s23_llama1b_kv3072_cap12-01_long_burst_guard_relaxed-r9-0-b3e32ba5,6941.482477201,6941.948889333,6942.140084792,0.46641213200018683,0.19119545900048251,0.6576075910006693,1739,1227,True,True,0,9,0,0,True,0.20768157500060624,0.25856965299954027,0.0,0.0,0.00016090400004031835,False,
diag00_a1_s23_llama1b_kv3072_cap12-01_long_burst_guard_relaxed,llama1b,3072,12,23,long,burst,guard_relaxed,9,cmpl-diag00_a1_s23_llama1b_kv3072_cap12-01_long_burst_guard_relaxed-r9-0-b3e32ba5,6942.209333844,6942.736152826,6942.931175593,0.5268189819998952,0.19502276700040966,0.7218417490003048,1746,1234,True,True,0,27,0,0,True,0.01680874700014101,0.5098169820003022,0.0,0.0,0.00019325299945194274,False,
diag00_a1_s23_llama1b_kv3072_cap12-01_long_burst_guard_relaxed,llama1b,3072,12,23,long,burst,guard_relaxed,9,cmpl-diag00_a1_s23_llama1b_kv3072_cap12-01_long_burst_guard_relaxed-r9-0-b3e32ba5,6943.258363273,6943.777863781,6943.970667369,0.5195005079995099,0.1928035880000607,0.7123040959995706,1771,1259,True,True,0,27,0,0,True,0.012511570999777177,0.5068945470002291,0.0,0.0,9.438999950361904e-05,False,
diag00_a1_s23_llama1b_kv3072_cap12-01_long_burst_guard_relaxed,llama1b,3072,12,23,long,burst,guard_relaxed,9,cmpl-diag00_a1_s23_llama1b_kv3072_cap12-01_long_burst_guard_relaxed-r9-0-b3e32ba5,6944.293946765,6944.808634112,6945.016575633,0.5146873469993807,0.20794152100006613,0.7226288679994468,1796,1284,True,True,0,27,0,0,True,0.013054336999630323,0.5015358680002464,0.0,0.0,9.714199950394686e-05,False,
diag00_a1_s23_llama1b_kv3072_cap12-01_long_burst_guard_relaxed,llama1b,3072,12,23,long,burst,guard_relaxed,9,cmpl-diag00_a1_s23_llama1b_kv3072_cap12-01_long_burst_guard_relaxed-r9-0-b3e32ba5,6945.337462793,6945.85383852,6946.060537525,0.5163757270001952,0.2066990049997912,0.7230747319999864,1821,1309,True,True,0,27,0,0,True,0.014121754000370856,0.502161254999919,0.0,0.0,9.271799990528962e-05,False,
diag00_a1_s23_llama1b_kv3072_cap12-01_long_burst_guard_relaxed,llama1b,3072,12,23,long,burst,guard_relaxed,9,cmpl-diag00_a1_s23_llama1b_kv3072_cap12-01_long_burst_guard_relaxed-r9-0-b3e32ba5,6946.37285448,6946.896226755,6947.101854693,0.5233722749999288,0.2056279380003616,0.7290002130002904,1845,1333,True,True,0,27,0,0,True,0.015309557000364293,0.507967947999532,0.0,0.0,9.47700000324403e-05,False,
diag00_a1_s23_llama1b_kv3072_cap12-01_long_burst_guard_relaxed,llama1b,3072,12,23,long,burst,guard_relaxed,9,cmpl-diag00_a1_s23_llama1b_kv3072_cap12-01_long_burst_guard_relaxed-r9-0-b3e32ba5,6947.415660654,6947.943927208,6948.151618667,0.5282665539998561,0.20769145899976138,0.7359580129996175,1870,1358,True,True,0,27,0,0,True,0.015450015000169515,0.5127216209994003,0.0,0.0,9.49180002862704e-05,False,
diag00_a1_s23_llama1b_kv3072_cap12-01_long_burst_guard_relaxed,llama1b,3072,12,23,long,burst,guard_relaxed,9,cmpl-diag00_a1_s23_llama1b_kv3072_cap12-01_long_burst_guard_relaxed-r9-0-b3e32ba5,6948.466006612,6948.98852991,6949.197566748,0.5225232980001238,0.20903683800042927,0.731560136000553,1895,1383,True,True,0,27,0,0,True,0.014880095000080473,0.507555524000054,0.0,0.0,8.767899998929352e-05,False,
diag00_a1_s23_llama1b_kv3072_cap12-01_long_burst_guard_relaxed,llama1b,3072,12,23,long,burst,guard_relaxed,9,cmpl-diag00_a1_s23_llama1b_kv3072_cap12-01_long_burst_guard_relaxed-r9-0-b3e32ba5,6949.514312547,6950.031853036,6950.250031707,0.5175404889996571,0.21817867099980504,0.7357191599994621,1920,1408,True,True,0,27,0,0,True,0.017153544999928272,0.5002563620000728,0.0,0.0,0.0001305819996559876,False,
diag00_a1_s23_llama1b_kv3072_cap12-01_long_burst_guard_relaxed,llama1b,3072,12,23,long,burst,guard_relaxed,9,cmpl-diag00_a1_s23_llama1b_kv3072_cap12-01_long_burst_guard_relaxed-r9-0-b3e32ba5,6950.556778941,6950.99250302,6951.205469206,0.4357240790004653,0.21296618599990325,0.6486902650003685,1943,1431,True,True,0,21,0,0,True,0.015761698000460456,0.41986465499940095,0.0,0.0,9.772600060387049e-05,False,
diag00_a1_s23_llama1b_kv3072_cap12-02_generation_stagger_baseline,llama1b,3072,12,23,generation,stagger,baseline,8,cmpl-diag00_a1_s23_llama1b_kv3072_cap12-02_generation_stagger_baseline-r8-0-844e93dd,6960.461168333,6960.691966993,6960.792405156,0.23079865999989124,0.10043816300003527,0.3312368229999265,516,4,True,True,0,16,0,0,True,0.014350597999509773,0.21626262500012672,0.0,0.0,0.00018543700025475118,False,
diag00_a1_s23_llama1b_kv3072_cap12-02_generation_stagger_baseline,llama1b,3072,12,23,generation,stagger,baseline,8,cmpl-diag00_a1_s23_llama1b_kv3072_cap12-02_generation_stagger_baseline-r8-0-844e93dd,6962.546664463,6964.341169631,6964.457857475,1.7945051680007964,0.11668784399989818,1.9111930120006946,641,129,True,True,0,128,0,0,True,0.013839354000083404,1.7804547920004552,0.0,0.0,0.00021102200025779894,False,
diag00_a1_s23_llama1b_kv3072_cap12-02_generation_stagger_baseline,llama1b,3072,12,23,generation,stagger,baseline,9,cmpl-diag00_a1_s23_llama1b_kv3072_cap12-02_generation_stagger_baseline-r9-0-9b53f5a7,6961.481264217,6964.341169631,6964.457956687,2.8599054140004228,0.11678705599933892,2.9766924699997617,304,48,True,True,0,76,0,0,True,0.01605127499988157,2.843715295000038,0.0,0.0,0.00013884400050301338,False,
diag00_a1_s23_llama1b_kv3072_cap12-03_generation_stagger_adaptive_resume,llama1b,3072,12,23,generation,stagger,adaptive_resume,8,cmpl-diag00_a1_s23_llama1b_kv3072_cap12-03_generation_stagger_adaptive_resume-r8-0-ad300191,6984.973116162,6986.623903427,6986.730287369,1.6507872649999626,0.10638394199941104,1.7571712069993737,627,115,True,True,0,119,119,0,True,0.013451904999783437,1.6371220649998577,0.0,0.0,0.00021329500032152282,False,
diag00_a1_s23_llama1b_kv3072_cap12-03_generation_stagger_adaptive_resume,llama1b,3072,12,23,generation,stagger,adaptive_resume,9,cmpl-diag00_a1_s23_llama1b_kv3072_cap12-03_generation_stagger_adaptive_resume-r9-0-80d845eb,6983.946925004,6986.623903427,6986.730217101,2.676978423000037,0.10631367399946612,2.783292096999503,298,42,True,True,0,73,73,1,True,0.013476285000251664,2.663377156999559,0.0,0.0,0.00012498100022639846,False,
diag00_a1_s23_llama1b_kv3072_cap12-04_generation_stagger_slai_port,llama1b,3072,12,23,generation,stagger,slai_port,9,cmpl-diag00_a1_s23_llama1b_kv3072_cap12-04_generation_stagger_slai_port-r9-0-89c961ab,7009.244315077,7009.329928256,7009.449677795,0.08561317900057475,0.11974953899971297,0.20536271800028771,496,240,True,True,0,6,0,0,True,0.01448903600066842,0.07092627000020002,0.0,0.0,0.00019787299970630556,False,
diag00_a1_s23_llama1b_kv3072_cap12-04_generation_stagger_slai_port,llama1b,3072,12,23,generation,stagger,slai_port,2,cmpl-diag00_a1_s23_llama1b_kv3072_cap12-04_generation_stagger_slai_port-r2-0-8705820c,7005.338006283,7005.584764421,7005.67447362,0.24675813799967727,0.08970919900002627,0.33646733699970355,736,480,True,True,0,17,0,0,True,0.014535868000166374,0.2319413409995832,0.0,0.0,0.0002809289999277098,False,
diag00_a1_s23_llama1b_kv3072_cap12-04_generation_stagger_slai_port,llama1b,3072,12,23,generation,stagger,slai_port,2,cmpl-diag00_a1_s23_llama1b_kv3072_cap12-04_generation_stagger_slai_port-r2-0-8705820c,7006.368484291,7009.028611539,7009.13203413,2.660127248000208,0.10342259099979856,2.7635498390000066,784,528,True,True,0,186,0,0,True,0.016659180000715423,2.643252450999171,0.0,0.0,0.00021561700032179942,False,
diag00_a1_s23_llama1b_kv3072_cap12-07_long_burst_guard_fast,llama1b,3072,12,23,long,burst,guard_fast,3,cmpl-diag00_a1_s23_llama1b_kv3072_cap12-07_long_burst_guard_fast-r3-0-b48c3ff2,7070.491389086,7070.614572506,7070.707383173,0.12318341999980476,0.09281066700077645,0.2159940870005812,753,241,True,True,0,7,0,0,True,0.016251664999799686,0.10679485600030603,0.0,0.0,0.00013689899969904218,False,
diag00_a1_s23_llama1b_kv3072_cap12-07_long_burst_guard_fast,llama1b,3072,12,23,long,burst,guard_fast,4,cmpl-diag00_a1_s23_llama1b_kv3072_cap12-07_long_burst_guard_fast-r4-0-a1cc53a1,7070.339946477,7070.491640751,7070.545833706,0.15169427399996493,0.05419295499996224,0.20588722899992717,358,230,True,True,0,9,0,0,True,0.016649424999741314,0.13493954600016878,0.0,0.0,0.00010530300005484605,False,
diag00_a1_s23_llama1b_kv3072_cap12-07_long_burst_guard_fast,llama1b,3072,12,23,long,burst,guard_fast,7,cmpl-diag00_a1_s23_llama1b_kv3072_cap12-07_long_burst_guard_fast-r7-0-b1224b67,7070.046862273,7070.197199833,7070.286628535,0.15033755999957066,0.08942870200007746,0.23976626199964812,656,144,True,True,0,11,0,0,True,0.01388336999934836,0.13629756099999213,0.0,0.0,0.00015662900023016846,False,
diag00_a1_s23_llama1b_kv3072_cap12-07_long_burst_guard_fast,llama1b,3072,12,23,long,burst,guard_fast,5,cmpl-diag00_a1_s23_llama1b_kv3072_cap12-07_long_burst_guard_fast-r5-0-a7ff08c5,7070.196938696,7070.340183962,7070.395028022,0.14324526600012177,0.05484405999959563,0.1980893259997174,350,222,True,True,0,6,0,0,True,0.015527845000178786,0.12759377400016092,0.0,0.0,0.00012364699978206772,False,
diag00_a1_s23_llama1b_kv3072_cap12-07_long_burst_guard_fast,llama1b,3072,12,23,long,burst,guard_fast,5,cmpl-diag00_a1_s23_llama1b_kv3072_cap12-07_long_burst_guard_fast-r5-0-a7ff08c5,7077.105836251,7077.26004163,7077.363384227,0.1542053789999045,0.10334259699993709,0.2575479759998416,810,682,True,True,0,5,0,0,True,0.014883009000186576,0.13923264899949572,0.0,0.0,8.97210002221982e-05,False,
diag00_a1_s23_llama1b_kv3072_cap12-07_long_burst_guard_fast,llama1b,3072,12,23,long,burst,guard_fast,5,cmpl-diag00_a1_s23_llama1b_kv3072_cap12-07_long_burst_guard_fast-r5-0-a7ff08c5,7077.546898601,7077.689801925,7077.792767197,0.1429033240001445,0.10296527199989214,0.24586859600003663,820,692,True,True,0,4,0,0,True,0.015929786999549833,0.12690549300077691,0.0,0.0,6.804399981774623e-05,False,
diag00_a1_s23_llama1b_kv3072_cap12-07_long_burst_guard_fast,llama1b,3072,12,23,long,burst,guard_fast,5,cmpl-diag00_a1_s23_llama1b_kv3072_cap12-07_long_burst_guard_fast-r5-0-a7ff08c5,7078.127004395,7078.276261226,7078.375503345,0.14925683100045717,0.09924211899942748,0.24849894999988464,838,710,True,True,0,8,0,0,True,0.016864764999809267,0.13227661200016883,0.0,0.0,0.00011545400047907606,False,
diag00_a1_s23_llama1b_kv3072_cap12-07_long_burst_guard_fast,llama1b,3072,12,23,long,burst,guard_fast,5,cmpl-diag00_a1_s23_llama1b_kv3072_cap12-07_long_burst_guard_fast-r5-0-a7ff08c5,7079.141990709,7079.287660863,7079.393501977,0.14567015400007222,0.10584111399930407,0.2515112679993763,870,742,True,True,0,4,0,0,True,0.016133198999341403,0.12945170100010728,0.0,0.0,8.525400062353583e-05,False,
diag00_a1_s23_llama1b_kv3072_cap12-07_long_burst_guard_fast,llama1b,3072,12,23,long,burst,guard_fast,5,cmpl-diag00_a1_s23_llama1b_kv3072_cap12-07_long_burst_guard_fast-r5-0-a7ff08c5,7079.725586239,7079.868334735,7079.97404289,0.14274849599951267,0.1057081550006842,0.24845665100019687,886,758,True,True,0,4,0,0,True,0.013917497999500483,0.12874834000012925,0.0,0.0,8.26579998829402e-05,False,
diag00_a1_s23_llama1b_kv3072_cap12-07_long_burst_guard_fast,llama1b,3072,12,23,long,burst,guard_fast,5,cmpl-diag00_a1_s23_llama1b_kv3072_cap12-07_long_burst_guard_fast-r5-0-a7ff08c5,7080.312578326,7080.464480946,7080.579543688,0.15190261999941868,0.11506274200019107,0.26696536199960974,902,774,True,True,0,5,0,0,True,0.014286485999946308,0.13752627600024425,0.0,0.0,8.985799922811566e-05,False,
diag00_a1_s23_llama1b_kv3072_cap12-07_long_burst_guard_fast,llama1b,3072,12,23,long,burst,guard_fast,5,cmpl-diag00_a1_s23_llama1b_kv3072_cap12-07_long_burst_guard_fast-r5-0-a7ff08c5,7081.340249529,7081.481915718,7081.603738418,0.14166618899980676,0.12182269999993878,0.26348888899974554,931,803,True,True,0,3,0,0,True,0.014901906999511993,0.12668102299994644,0.0,0.0,8.325900034833467e-05,False,
diag00_a1_s23_llama1b_kv3072_cap12-07_long_burst_guard_fast,llama1b,3072,12,23,long,burst,guard_fast,5,cmpl-diag00_a1_s23_llama1b_kv3072_cap12-07_long_burst_guard_fast-r5-0-a7ff08c5,7081.627670556,7081.773282555,7081.888879018,0.14561199899981148,0.11559646299974702,0.2612084619995585,935,807,True,True,0,7,0,0,True,0.01704093899934378,0.1284894210002676,0.0,0.0,8.163900020008441e-05,False,
diag00_a1_s23_llama1b_kv3072_cap12-07_long_burst_guard_fast,llama1b,3072,12,23,long,burst,guard_fast,5,cmpl-diag00_a1_s23_llama1b_kv3072_cap12-07_long_burst_guard_fast-r5-0-a7ff08c5,7081.915332751,7082.061053434,7082.180101048,0.14572068300003593,0.11904761400001007,0.264768297000046,939,811,True,True,0,3,0,0,True,0.014734689999386319,0.1309194600007686,0.0,0.0,6.653299988101935e-05,False,
diag00_a1_s23_llama1b_kv3072_cap12-07_long_burst_guard_fast,llama1b,3072,12,23,long,burst,guard_fast,5,cmpl-diag00_a1_s23_llama1b_kv3072_cap12-07_long_burst_guard_fast-r5-0-a7ff08c5,7082.204961842,7082.34701797,7082.464931603,0.14205612800014933,0.1179136330001711,0.25996976100032043,943,815,True,True,0,4,0,0,True,0.014754753000488563,0.12723342000026605,0.0,0.0,6.795499939471483e-05,False,
diag00_a1_s23_llama1b_kv3072_cap12-07_long_burst_guard_fast,llama1b,3072,12,23,long,burst,guard_fast,5,cmpl-diag00_a1_s23_llama1b_kv3072_cap12-07_long_burst_guard_fast-r5-0-a7ff08c5,7083.263396905,7083.422037722,7083.600040836,0.15864081699965027,0.1780031139996936,0.33664393099934387,968,840,True,True,0,4,0,0,True,0.014843809000012698,0.14369151599930774,0.0,0.0,0.00010549200032983208,False,
diag00_a1_s23_llama1b_kv3072_cap12-07_long_burst_guard_fast,llama1b,3072,12,23,long,burst,guard_fast,5,cmpl-diag00_a1_s23_llama1b_kv3072_cap12-07_long_burst_guard_fast-r5-0-a7ff08c5,7083.816621549,7084.015139429,7084.196943655,0.19851787999959924,0.18180422600016755,0.3803221059997668,974,846,True,True,0,3,0,0,True,0.016550205999919854,0.18184147200008738,0.0,0.0,0.00012620199959201273,False,
diag00_a1_s23_llama1b_kv3072_cap12-07_long_burst_guard_fast,llama1b,3072,12,23,long,burst,guard_fast,5,cmpl-diag00_a1_s23_llama1b_kv3072_cap12-07_long_burst_guard_fast-r5-0-a7ff08c5,7084.415510877,7084.617675533,7084.795443736,0.20216465599969524,0.17776820300059626,0.3799328590002915,980,852,True,True,0,3,0,0,True,0.016282964999845717,0.18573184799970477,0.0,0.0,0.00014984300014475593,False,
diag00_a1_s23_llama1b_kv3072_cap12-07_long_burst_guard_fast,llama1b,3072,12,23,long,burst,guard_fast,5,cmpl-diag00_a1_s23_llama1b_kv3072_cap12-07_long_burst_guard_fast-r5-0-a7ff08c5,7085.013641962,7085.21884043,7085.405949283,0.2051984679992529,0.1871088530006091,0.392307320999862,986,858,True,True,0,3,0,0,True,0.016156513999703748,0.18893752100029815,0.0,0.0,0.00010443299925100291,False,
diag00_a1_s23_llama1b_kv3072_cap12-07_long_burst_guard_fast,llama1b,3072,12,23,long,burst,guard_fast,5,cmpl-diag00_a1_s23_llama1b_kv3072_cap12-07_long_burst_guard_fast-r5-0-a7ff08c5,7085.621141086,7085.823168241,7086.006599213,0.20202715499999613,0.1834309720006786,0.3854581270006747,992,864,True,True,0,3,0,0,True,0.016457039000670193,0.18537223699968308,0.0,0.0,0.00019787899964285316,False,
diag00_a1_s23_llama1b_kv3072_cap12-07_long_burst_guard_fast,llama1b,3072,12,23,long,burst,guard_fast,5,cmpl-diag00_a1_s23_llama1b_kv3072_cap12-07_long_burst_guard_fast-r5-0-a7ff08c5,7086.228171886,7086.433327549,7086.623524299,0.2051556629994593,0.19019674999981362,0.39535241299927293,998,870,True,True,0,3,0,0,True,0.016888802999346808,0.18808478000028117,0.0,0.0,0.0001820799998313305,False,
diag00_a1_s23_llama1b_kv3072_cap12-07_long_burst_guard_fast,llama1b,3072,12,23,long,burst,guard_fast,5,cmpl-diag00_a1_s23_llama1b_kv3072_cap12-07_long_burst_guard_fast-r5-0-a7ff08c5,7086.851617995,7087.057413979,7087.246950384,0.20579598399945098,0.189536405000581,0.395332389000032,1004,876,True,True,0,3,0,0,True,0.01530175900006725,0.19036844999936875,0.0,0.0,0.00012577500001498265,False,
diag00_a1_s23_llama1b_kv3072_cap12-07_long_burst_guard_fast,llama1b,3072,12,23,long,burst,guard_fast,5,cmpl-diag00_a1_s23_llama1b_kv3072_cap12-07_long_burst_guard_fast-r5-0-a7ff08c5,7087.475807601,7087.682594225,7087.872406807,0.20678662399950554,0.1898125819998313,0.39659920599933685,1010,882,True,True,0,3,0,0,True,0.015933431000121345,0.19071749299928342,0.0,0.0,0.0001357000001007691,False,
diag00_a1_s23_llama1b_kv3072_cap12-07_long_burst_guard_fast,llama1b,3072,12,23,long,burst,guard_fast,5,cmpl-diag00_a1_s23_llama1b_kv3072_cap12-07_long_burst_guard_fast-r5-0-a7ff08c5,7088.103810463,7088.309334808,7088.5014984,0.20552434500041272,0.19216359199981525,0.397687937000228,1016,888,True,True,0,3,0,0,True,0.016492671999913,0.1888993410002513,0.0,0.0,0.00013233200024842517,False,
diag00_a1_s23_llama1b_kv3072_cap12-07_long_burst_guard_fast,llama1b,3072,12,23,long,burst,guard_fast,5,cmpl-diag00_a1_s23_llama1b_kv3072_cap12-07_long_burst_guard_fast-r5-0-a7ff08c5,7088.729357359,7088.935516029,7089.126004085,0.20615867000014987,0.190488056000504,0.39664672600065387,1022,894,True,True,0,3,0,0,True,0.01617568600067898,0.18984042099964427,0.0,0.0,0.00014256299982662313,False,
diag00_a1_s23_llama1b_kv3072_cap12-07_long_burst_guard_fast,llama1b,3072,12,23,long,burst,guard_fast,5,cmpl-diag00_a1_s23_llama1b_kv3072_cap12-07_long_burst_guard_fast-r5-0-a7ff08c5,7089.354919249,7089.563538723,7089.751741404,0.208619474000443,0.18820268099989335,0.39682215500033635,1028,900,True,True,0,3,0,0,True,0.016427861000011035,0.19204493899997033,0.0,0.0,0.00014667400046164403,False,
diag00_a1_s23_llama1b_kv3072_cap12-07_long_burst_guard_fast,llama1b,3072,12,23,long,burst,guard_fast,5,cmpl-diag00_a1_s23_llama1b_kv3072_cap12-07_long_burst_guard_fast-r5-0-a7ff08c5,7089.98664456,7090.191466039,7090.384943788,0.2048214790002021,0.19347774899961223,0.3982992279998143,1034,906,True,True,0,3,0,0,True,0.015424320999954944,0.18905303799965623,0.0,0.0,0.0003441200005909195,False,
diag00_a1_s23_llama1b_kv3072_cap12-07_long_burst_guard_fast,llama1b,3072,12,23,long,burst,guard_fast,5,cmpl-diag00_a1_s23_llama1b_kv3072_cap12-07_long_burst_guard_fast-r5-0-a7ff08c5,7090.616378935,7090.821126578,7091.014350493,0.20474764299979142,0.19322391500008962,0.39797155799988104,1040,912,True,True,0,3,0,0,True,0.016440568999314564,0.1881693590003124,0.0,0.0,0.00013771500016446225,False,
diag00_a1_s23_llama1b_kv3072_cap12-07_long_burst_guard_fast,llama1b,3072,12,23,long,burst,guard_fast,5,cmpl-diag00_a1_s23_llama1b_kv3072_cap12-07_long_burst_guard_fast-r5-0-a7ff08c5,7091.245174646,7091.462525888,7091.654595761,0.21735124199949496,0.19206987300003675,0.4094211149995317,1046,918,True,True,0,3,0,0,True,0.01516170000013517,0.2020643449995987,0.0,0.0,0.00012519699976110132,False,
diag00_a1_s23_llama1b_kv3072_cap12-07_long_burst_guard_fast,llama1b,3072,12,23,long,burst,guard_fast,5,cmpl-diag00_a1_s23_llama1b_kv3072_cap12-07_long_burst_guard_fast-r5-0-a7ff08c5,7091.91560787,7092.146065295,7092.349314556,0.23045742500016786,0.20324926099965523,0.4337066859998231,1052,924,True,True,0,3,0,0,True,0.015660410999771557,0.2145714570006021,0.0,0.0,0.0002255569997942075,False,
diag00_a1_s23_llama1b_kv3072_cap12-07_long_burst_guard_fast,llama1b,3072,12,23,long,burst,guard_fast,5,cmpl-diag00_a1_s23_llama1b_kv3072_cap12-07_long_burst_guard_fast-r5-0-a7ff08c5,7092.611183051,7092.853555406,7093.06849303,0.24237235500004317,0.21493762400041305,0.4573099790004562,1058,930,True,True,0,3,0,0,True,0.022506080999846745,0.21972533799998928,0.0,0.0,0.00014093600020714803,False,
diag00_a1_s23_llama1b_kv3072_cap12-07_long_burst_guard_fast,llama1b,3072,12,23,long,burst,guard_fast,5,cmpl-diag00_a1_s23_llama1b_kv3072_cap12-07_long_burst_guard_fast-r5-0-a7ff08c5,7093.32747886,7093.557371583,7093.762818328,0.22989272299946606,0.2054467450006996,0.43533946800016565,1064,936,True,True,0,3,0,0,True,0.016313252999680117,0.213404490999892,0.0,0.0,0.00017497899989393773,False,
diag00_a1_s23_llama1b_kv3072_cap12-07_long_burst_guard_fast,llama1b,3072,12,23,long,burst,guard_fast,5,cmpl-diag00_a1_s23_llama1b_kv3072_cap12-07_long_burst_guard_fast-r5-0-a7ff08c5,7094.0155831,7094.224207137,7094.360351226,0.20862403699993592,0.13614408899957198,0.3447681259995079,1070,942,True,True,1,1,0,0,True,0.2083685930001593,0.0,0.0,0.0,0.0002554439997766167,False,
diag00_a1_s23_llama1b_kv3072_cap12-07_long_burst_guard_fast,llama1b,3072,12,23,long,burst,guard_fast,5,cmpl-diag00_a1_s23_llama1b_kv3072_cap12-07_long_burst_guard_fast-r5-0-a7ff08c5,7094.359288151,7094.517879281,7094.725917235,0.158591129999877,0.20803795400024683,0.36662908400012384,1072,944,True,True,0,3,0,0,True,0.014573194999684347,0.1438795719996051,0.0,0.0,0.00013836300058756024,False,
diag00_a1_s23_llama1b_kv3072_cap12-07_long_burst_guard_fast,llama1b,3072,12,23,long,burst,guard_fast,5,cmpl-diag00_a1_s23_llama1b_kv3072_cap12-07_long_burst_guard_fast-r5-0-a7ff08c5,7094.970882854,7095.106272646,7095.317415576,0.13538979200075119,0.2111429299993688,0.34653272200012,1078,950,True,True,1,1,0,0,True,0.1352507820001847,0.0,0.0,0.0,0.00013901000056648627,False,
diag00_a1_s23_llama1b_kv3072_cap12-07_long_burst_guard_fast,llama1b,3072,12,23,long,burst,guard_fast,5,cmpl-diag00_a1_s23_llama1b_kv3072_cap12-07_long_burst_guard_fast-r5-0-a7ff08c5,7095.316570448,7095.32947887,7095.329862476,0.01290842199978215,0.00038360600046871696,0.013292028000250866,1080,952,True,True,0,1,0,0,True,0.012836736999815912,0.0,0.0,0.0,7.168499996623723e-05,False,
diag00_a1_s23_llama1b_kv3072_cap12-07_long_burst_guard_fast,llama1b,3072,12,23,long,burst,guard_fast,5,cmpl-diag00_a1_s23_llama1b_kv3072_cap12-07_long_burst_guard_fast-r5-0-a7ff08c5,7096.244136378,7096.401448115,7096.653505792,0.15731173699987266,0.25205767700026627,0.40936941400013893,1092,964,True,True,0,1,0,0,True,0.15723274199990556,0.0,0.0,0.0,7.899499996710801e-05,False,
diag00_a1_s23_llama1b_kv3072_cap12-07_long_burst_guard_fast,llama1b,3072,12,23,long,burst,guard_fast,5,cmpl-diag00_a1_s23_llama1b_kv3072_cap12-07_long_burst_guard_fast-r5-0-a7ff08c5,7097.022517215,7097.164441659,7097.375358502,0.1419244439994145,0.21091684300063207,0.3528412870000466,1099,971,True,True,1,1,0,0,True,0.14186100400002033,0.0,0.0,0.0,6.3439999394177e-05,False,
diag00_a1_s23_llama1b_kv3072_cap12-07_long_burst_guard_fast,llama1b,3072,12,23,long,burst,guard_fast,5,cmpl-diag00_a1_s23_llama1b_kv3072_cap12-07_long_burst_guard_fast-r5-0-a7ff08c5,7097.374556356,7097.53361653,7097.767931422,0.15906017399993289,0.23431489200083888,0.39337506600077177,1101,973,True,True,1,3,0,0,True,0.013794504000543384,0.14508784899953753,0.0,0.0,0.0001778209998519742,False,
diag00_a1_s23_llama1b_kv3072_cap12-07_long_burst_guard_fast,llama1b,3072,12,23,long,burst,guard_fast,5,cmpl-diag00_a1_s23_llama1b_kv3072_cap12-07_long_burst_guard_fast-r5-0-a7ff08c5,7097.767191239,7097.939679887,7098.150748199,0.17248864800058072,0.21106831199995213,0.38355696000053285,1103,975,True,True,0,3,0,0,True,0.029928312000265578,0.1424577939997107,0.0,0.0,0.00010254200060444418,False,
diag00_a1_s23_llama1b_kv3072_cap12-07_long_burst_guard_fast,llama1b,3072,12,23,long,burst,guard_fast,5,cmpl-diag00_a1_s23_llama1b_kv3072_cap12-07_long_burst_guard_fast-r5-0-a7ff08c5,7098.547995944,7098.711721403,7098.96432605,0.16372545900048863,0.2526046469993162,0.4163301059998048,1111,983,True,True,0,2,0,0,True,0.14651886699994066,0.01707266100038396,0.0,0.0,0.0001339310001640115,False,
diag00_a1_s23_llama1b_kv3072_cap12-07_long_burst_guard_fast,llama1b,3072,12,23,long,burst,guard_fast,5,cmpl-diag00_a1_s23_llama1b_kv3072_cap12-07_long_burst_guard_fast-r5-0-a7ff08c5,7099.108907328,7099.345589437,7099.596297988,0.23668210899995756,0.2507085509996614,0.48739065999961895,1115,987,True,True,0,2,0,0,True,0.22030445099971985,0.016252803000497806,0.0,0.0,0.00012485499973990954,False,
diag00_a1_s23_llama1b_kv3072_cap12-07_long_burst_guard_fast,llama1b,3072,12,23,long,burst,guard_fast,5,cmpl-diag00_a1_s23_llama1b_kv3072_cap12-07_long_burst_guard_fast-r5-0-a7ff08c5,7099.739226194,7099.969689802,7100.218157324,0.23046360799980903,0.24846752199937328,0.4789311299991823,1119,991,True,True,0,2,0,0,True,0.21502366099957726,0.015323951000027591,0.0,0.0,0.00011599600020417711,False,
diag00_a1_s23_llama1b_kv3072_cap12-07_long_burst_guard_fast,llama1b,3072,12,23,long,burst,guard_fast,5,cmpl-diag00_a1_s23_llama1b_kv3072_cap12-07_long_burst_guard_fast-r5-0-a7ff08c5,7100.364390792,7100.599589443,7100.852349571,0.23519865099933668,0.25276012799986347,0.48795877899920015,1123,995,True,True,0,2,0,0,True,0.21877459399911459,0.016303825000250072,0.0,0.0,0.00012023199997202028,False,
diag00_a1_s23_llama1b_kv3072_cap12-07_long_burst_guard_fast,llama1b,3072,12,23,long,burst,guard_fast,5,cmpl-diag00_a1_s23_llama1b_kv3072_cap12-07_long_burst_guard_fast-r5-0-a7ff08c5,7100.997602308,7101.234583068,7101.483041852,0.23698075999982393,0.24845878399992216,0.4854395439997461,1127,999,True,True,0,2,0,0,True,0.22125700500055245,0.015600998999616422,0.0,0.0,0.00012275599965505535,False,
diag00_a1_s23_llama1b_kv3072_cap12-07_long_burst_guard_fast,llama1b,3072,12,23,long,burst,guard_fast,5,cmpl-diag00_a1_s23_llama1b_kv3072_cap12-07_long_burst_guard_fast-r5-0-a7ff08c5,7101.630059524,7101.866773655,7102.136796317,0.2367141309996441,0.27002266199997393,0.506736792999618,1131,1003,True,True,1,2,0,0,True,0.2214405180002359,0.015140041999984533,0.0,0.0,0.00013357099942368222,False,
diag00_a1_s23_llama1b_kv3072_cap12-07_long_burst_guard_fast,llama1b,3072,12,23,long,burst,guard_fast,5,cmpl-diag00_a1_s23_llama1b_kv3072_cap12-07_long_burst_guard_fast-r5-0-a7ff08c5,7102.136046994,7102.50205665,7102.645883322,0.3660096559997328,0.14382667200061405,0.5098363280003468,1133,1005,True,True,1,3,0,0,True,0.13440735099993617,0.2314559160004137,0.0,0.0,0.00014638899938290706,False,
diag00_a1_s23_llama1b_kv3072_cap12-07_long_burst_guard_fast,llama1b,3072,12,23,long,burst,guard_fast,5,cmpl-diag00_a1_s23_llama1b_kv3072_cap12-07_long_burst_guard_fast-r5-0-a7ff08c5,7102.645062028,7102.922846209,7103.139210335,0.2777841810002428,0.21636412599946198,0.4941483069997048,1135,1007,True,True,1,2,0,0,True,0.14333643800000573,0.13428490899968892,0.0,0.0,0.0001628340005481732,False,
diag00_a1_s23_llama1b_kv3072_cap12-07_long_burst_guard_fast,llama1b,3072,12,23,long,burst,guard_fast,5,cmpl-diag00_a1_s23_llama1b_kv3072_cap12-07_long_burst_guard_fast-r5-0-a7ff08c5,7103.1376056,7103.289967038,7103.575279122,0.15236143800029822,0.2853120839999974,0.43767352200029563,1137,1009,True,True,1,2,0,0,True,0.018118427999979758,0.13410213499992096,0.0,0.0,0.00014087500039750012,False,
diag00_a1_s23_llama1b_kv3072_cap12-07_long_burst_guard_fast,llama1b,3072,12,23,long,burst,guard_fast,5,cmpl-diag00_a1_s23_llama1b_kv3072_cap12-07_long_burst_guard_fast-r5-0-a7ff08c5,7103.573947947,7103.853490927,7104.136539399,0.2795429799998601,0.2830484719997912,0.5625914519996513,1139,1011,True,True,1,2,0,0,True,0.25898081000013917,0.02042365899978904,0.0,0.0,0.00013851099993189564,False,
diag00_a1_s23_llama1b_kv3072_cap12-07_long_burst_guard_fast,llama1b,3072,12,23,long,burst,guard_fast,5,cmpl-diag00_a1_s23_llama1b_kv3072_cap12-07_long_burst_guard_fast-r5-0-a7ff08c5,7104.135662758,7104.522899199,7104.670245044,0.3872364409999136,0.14734584500001802,0.5345822859999316,1141,1013,True,True,1,3,0,0,True,0.1459421409999777,0.24116202400000475,0.0,0.0,0.0001322759999311529,False,
diag00_a1_s23_llama1b_kv3072_cap12-07_long_burst_guard_fast,llama1b,3072,12,23,long,burst,guard_fast,5,cmpl-diag00_a1_s23_llama1b_kv3072_cap12-07_long_burst_guard_fast-r5-0-a7ff08c5,7104.669490619,7104.957031388,7105.185745806,0.2875407690007705,0.22871441799998138,0.5162551870007519,1143,1015,True,True,1,2,0,0,True,0.14383704700048838,0.14352647899977455,0.0,0.0,0.00017724300050758757,False,
diag00_a1_s23_llama1b_kv3072_cap12-07_long_burst_guard_fast,llama1b,3072,12,23,long,burst,guard_fast,5,cmpl-diag00_a1_s23_llama1b_kv3072_cap12-07_long_burst_guard_fast-r5-0-a7ff08c5,7105.184887919,7105.346202195,7105.620393763,0.16131427599975723,0.2741915679998783,0.43550584399963554,1145,1017,True,True,1,2,0,0,True,0.019586374000027718,0.1415707409996685,0.0,0.0,0.00015716100006102351,False,
diag00_a1_s23_llama1b_kv3072_cap12-07_long_burst_guard_fast,llama1b,3072,12,23,long,burst,guard_fast,5,cmpl-diag00_a1_s23_llama1b_kv3072_cap12-07_long_burst_guard_fast-r5-0-a7ff08c5,7105.619567733,7105.886731088,7106.150175668,0.267163354999866,0.26344458000039594,0.5306079350002619,1147,1019,True,True,0,2,0,0,True,0.24631585000042833,0.020717714999591408,0.0,0.0,0.0001297899998462526,False,
diag00_a1_s23_llama1b_kv3072_cap12-07_long_burst_guard_fast,llama1b,3072,12,23,long,burst,guard_fast,5,cmpl-diag00_a1_s23_llama1b_kv3072_cap12-07_long_burst_guard_fast-r5-0-a7ff08c5,7106.297934925,7106.53060488,7106.791814187,0.23266995500034682,0.261209307000172,0.4938792620005188,1151,1023,True,True,1,2,0,0,True,0.21661798599961912,0.015938182000354573,0.0,0.0,0.00011378700037312228,False,
diag00_a1_s23_llama1b_kv3072_cap12-07_long_burst_guard_fast,llama1b,3072,12,23,long,burst,guard_fast,5,cmpl-diag00_a1_s23_llama1b_kv3072_cap12-07_long_burst_guard_fast-r5-0-a7ff08c5,7106.791151465,7107.138442018,7107.292827899,0.3472905529997661,0.1543858810000529,0.501676433999819,1153,1025,True,True,1,3,0,0,True,0.13188433799950872,0.2152540039996893,0.0,0.0,0.0001522110005680588,False,
diag00_a1_s23_llama1b_kv3072_cap12-07_long_burst_guard_fast,llama1b,3072,12,23,long,burst,guard_fast,5,cmpl-diag00_a1_s23_llama1b_kv3072_cap12-07_long_burst_guard_fast-r5-0-a7ff08c5,7107.292094737,7107.583754288,7107.80752718,0.2916595509996114,0.22377289199994266,0.515432442999554,1155,1027,True,True,1,2,0,0,True,0.14510826700006874,0.14622275799956697,0.0,0.0,0.00032852599997568177,False,
diag00_a1_s23_llama1b_kv3072_cap12-07_long_burst_guard_fast,llama1b,3072,12,23,long,burst,guard_fast,5,cmpl-diag00_a1_s23_llama1b_kv3072_cap12-07_long_burst_guard_fast-r5-0-a7ff08c5,7107.806587832,7107.970224503,7108.25680981,0.16363667099994927,0.28658530699976836,0.45022197799971764,1157,1029,True,True,1,2,0,0,True,0.017489779999777966,0.1460465589998421,0.0,0.0,0.00010033200032921741,False,
diag00_a1_s23_llama1b_kv3072_cap12-07_long_burst_guard_fast,llama1b,3072,12,23,long,burst,guard_fast,5,cmpl-diag00_a1_s23_llama1b_kv3072_cap12-07_long_burst_guard_fast-r5-0-a7ff08c5,7108.255567163,7108.497662357,7108.780871339,0.24209519400028512,0.28320898200036027,0.5253041760006454,1159,1031,True,True,1,2,0,0,True,0.22016677900046489,0.021827421999660146,0.0,0.0,0.00010099300016008783,False,
diag00_a1_s23_llama1b_kv3072_cap12-07_long_burst_guard_fast,llama1b,3072,12,23,long,burst,guard_fast,5,cmpl-diag00_a1_s23_llama1b_kv3072_cap12-07_long_burst_guard_fast-r5-0-a7ff08c5,7108.77963209,7109.163116701,7109.322839942,0.3834846110003127,0.1597232410003926,0.5432078520007053,1161,1033,True,True,1,3,0,0,True,0.14381210600004124,0.2395532460004688,0.0,0.0,0.00011925899980269605,False,
diag00_a1_s23_llama1b_kv3072_cap12-07_long_burst_guard_fast,llama1b,3072,12,23,long,burst,guard_fast,5,cmpl-diag00_a1_s23_llama1b_kv3072_cap12-07_long_burst_guard_fast-r5-0-a7ff08c5,7109.322078005,7109.610592846,7109.851116393,0.28851484100050584,0.24052354699961143,0.5290383880001173,1163,1035,True,True,1,2,0,0,True,0.14413080800022726,0.14425688400024228,0.0,0.0,0.00012714900003629737,False,
diag00_a1_s23_llama1b_kv3072_cap12-07_long_burst_guard_fast,llama1b,3072,12,23,long,burst,guard_fast,5,cmpl-diag00_a1_s23_llama1b_kv3072_cap12-07_long_burst_guard_fast-r5-0-a7ff08c5,7109.849857621,7110.011817523,7110.292303902,0.16195990199958032,0.2804863789997398,0.44244628099932015,1165,1037,True,True,1,2,0,0,True,0.01923550899937254,0.14258406000044488,0.0,0.0,0.00014033299976290436,False,
diag00_a1_s23_llama1b_kv3072_cap12-07_long_burst_guard_fast,llama1b,3072,12,23,long,burst,guard_fast,5,cmpl-diag00_a1_s23_llama1b_kv3072_cap12-07_long_burst_guard_fast-r5-0-a7ff08c5,7110.290854341,7110.560457049,7110.848552164,0.2696027080000931,0.2880951149991233,0.5576978229992164,1167,1039,True,True,1,2,0,0,True,0.24968247600008908,0.019663076999677287,0.0,0.0,0.00025715500032674754,False,
diag00_a1_s23_llama1b_kv3072_cap12-07_long_burst_guard_fast,llama1b,3072,12,23,long,burst,guard_fast,5,cmpl-diag00_a1_s23_llama1b_kv3072_cap12-07_long_burst_guard_fast-r5-0-a7ff08c5,7110.84779151,7111.227803131,7111.375652152,0.38001162099953945,0.1478490210001837,0.5278606419997232,1169,1041,True,True,1,3,0,0,True,0.1451441999997769,0.23466554100014037,0.0,0.0,0.00020187999962217873,False,
diag00_a1_s23_llama1b_kv3072_cap12-07_long_burst_guard_fast,llama1b,3072,12,23,long,burst,guard_fast,5,cmpl-diag00_a1_s23_llama1b_kv3072_cap12-07_long_burst_guard_fast-r5-0-a7ff08c5,7111.374456217,7111.649341913,7111.875833435,0.27488569599972834,0.22649152199937816,0.5013772179991065,1171,1043,True,True,1,2,0,0,True,0.14315448899924377,0.13158167000074172,0.0,0.0,0.00014953699974284973,False,
diag00_a1_s23_llama1b_kv3072_cap12-07_long_burst_guard_fast,llama1b,3072,12,23,long,burst,guard_fast,5,cmpl-diag00_a1_s23_llama1b_kv3072_cap12-07_long_burst_guard_fast-r5-0-a7ff08c5,7111.874627585,7112.032436625,7112.28950808,0.1578090399998473,0.2570714550001867,0.414880495000034,1173,1045,True,True,1,2,0,0,True,0.01731827300045552,0.14037339700007578,0.0,0.0,0.00011736999931599712,False,
diag00_a1_s23_llama1b_kv3072_cap12-07_long_burst_guard_fast,llama1b,3072,12,23,long,burst,guard_fast,5,cmpl-diag00_a1_s23_llama1b_kv3072_cap12-07_long_burst_guard_fast-r5-0-a7ff08c5,7112.28879803,7112.538288162,7112.803684126,0.2494901319996643,0.2653959640001631,0.5148860959998274,1175,1047,True,True,1,2,0,0,True,0.23161438099941734,0.017720540000482288,0.0,0.0,0.00015521099976467667,False,
diag00_a1_s23_llama1b_kv3072_cap12-07_long_burst_guard_fast,llama1b,3072,12,23,long,burst,guard_fast,5,cmpl-diag00_a1_s23_llama1b_kv3072_cap12-07_long_burst_guard_fast-r5-0-a7ff08c5,7112.803020358,7113.160642668,7113.304905517,0.35762230999989697,0.1442628490003699,0.5018851590002669,1177,1049,True,True,1,3,0,0,True,0.14122709699950065,0.2162735950005299,0.0,0.0,0.00012161799986643018,False,
diag00_a1_s23_llama1b_kv3072_cap12-07_long_burst_guard_fast,llama1b,3072,12,23,long,burst,guard_fast,5,cmpl-diag00_a1_s23_llama1b_kv3072_cap12-07_long_burst_guard_fast-r5-0-a7ff08c5,7113.304124891,7113.578637775,7113.803850356,0.2745128839997051,0.2252125810000507,0.4997254649997558,1179,1051,True,True,1,2,0,0,True,0.14252249299988762,0.1318686719996549,0.0,0.0,0.00012171900016255677,False,
diag00_a1_s23_llama1b_kv3072_cap12-07_long_burst_guard_fast,llama1b,3072,12,23,long,burst,guard_fast,5,cmpl-diag00_a1_s23_llama1b_kv3072_cap12-07_long_burst_guard_fast-r5-0-a7ff08c5,7113.802520436,7113.958952839,7114.215959092,0.1564324029995987,0.257006253000327,0.4134386559999257,1181,1053,True,True,1,2,0,0,True,0.01613856099993427,0.14016139100021974,0.0,0.0,0.00013245099944469985,False,
diag00_a1_s23_llama1b_kv3072_cap12-07_long_burst_guard_fast,llama1b,3072,12,23,long,burst,guard_fast,5,cmpl-diag00_a1_s23_llama1b_kv3072_cap12-07_long_burst_guard_fast-r5-0-a7ff08c5,7114.215326668,7114.463180408,7114.72723583,0.24785374000020965,0.2640554219997284,0.5119091619999381,1183,1055,True,True,1,2,0,0,True,0.23219201500069175,0.015545182999630924,0.0,0.0,0.00011654199988697655,False,
diag00_a1_s23_llama1b_kv3072_cap12-07_long_burst_guard_fast,llama1b,3072,12,23,long,burst,guard_fast,5,cmpl-diag00_a1_s23_llama1b_kv3072_cap12-07_long_burst_guard_fast-r5-0-a7ff08c5,7114.726045585,7115.089751125,7115.236388,0.3637055399995006,0.146636875000695,0.5103424150001956,1185,1057,True,True,1,3,0,0,True,0.14233964999948512,0.22124348800025473,0.0,0.0,0.00012240199976076838,False,
diag00_a1_s23_llama1b_kv3072_cap12-07_long_burst_guard_fast,llama1b,3072,12,23,long,burst,guard_fast,5,cmpl-diag00_a1_s23_llama1b_kv3072_cap12-07_long_burst_guard_fast-r5-0-a7ff08c5,7115.23556028,7115.50937821,7115.730060827,0.2738179300004049,0.22068261699951108,0.49450054699991597,1187,1059,True,True,1,2,0,0,True,0.14126434100035112,0.13240932099961356,0.0,0.0,0.00014426800044020638,False,
diag00_a1_s23_llama1b_kv3072_cap12-07_long_burst_guard_fast,llama1b,3072,12,23,long,burst,guard_fast,5,cmpl-diag00_a1_s23_llama1b_kv3072_cap12-07_long_burst_guard_fast-r5-0-a7ff08c5,7115.72926173,7115.896804041,7116.17739362,0.1675423110000338,0.2805895789997521,0.4481318899997859,1189,1061,True,True,1,2,0,0,True,0.01802055799998925,0.14931624200016813,0.0,0.0,0.00020551099987642374,False,
diag00_a1_s23_llama1b_kv3072_cap12-07_long_burst_guard_fast,llama1b,3072,12,23,long,burst,guard_fast,5,cmpl-diag00_a1_s23_llama1b_kv3072_cap12-07_long_burst_guard_fast-r5-0-a7ff08c5,7116.176239874,7116.456390644,7116.749349087,0.2801507699996364,0.29295844300031604,0.5731092129999524,1191,1063,True,True,1,2,0,0,True,0.2632273589997567,0.016817742999592156,0.0,0.0,0.00010566800028755097,False,
diag00_a1_s23_llama1b_kv3072_cap12-07_long_burst_guard_fast,llama1b,3072,12,23,long,burst,guard_fast,5,cmpl-diag00_a1_s23_llama1b_kv3072_cap12-07_long_burst_guard_fast-r5-0-a7ff08c5,7116.748542226,7117.145031788,7117.306453202,0.3964895620001698,0.16142141399996035,0.5579109760001302,1193,1065,True,True,1,3,0,0,True,0.15420187000017904,0.24215896599980624,0.0,0.0,0.0001287260001845425,False,
diag00_a1_s23_llama1b_kv3072_cap12-07_long_burst_guard_fast,llama1b,3072,12,23,long,burst,guard_fast,5,cmpl-diag00_a1_s23_llama1b_kv3072_cap12-07_long_burst_guard_fast-r5-0-a7ff08c5,7117.305684535,7117.605959089,7117.856152282,0.30027455399977043,0.25019319300008647,0.5504677469998569,1195,1067,True,True,1,2,0,0,True,0.15453090600021824,0.14562077299979137,0.0,0.0,0.00012287499976082472,False,
diag00_a1_s23_llama1b_kv3072_cap12-07_long_burst_guard_fast,llama1b,3072,12,23,long,burst,guard_fast,5,cmpl-diag00_a1_s23_llama1b_kv3072_cap12-07_long_burst_guard_fast-r5-0-a7ff08c5,7117.855178958,7118.03014679,7118.30169532,0.17496783200022037,0.27154853000047297,0.44651636200069333,1197,1069,True,True,1,2,0,0,True,0.017492568000307074,0.15732414099966263,0.0,0.0,0.0001511230002506636,False,
diag00_a1_s23_llama1b_kv3072_cap12-07_long_burst_guard_fast,llama1b,3072,12,23,long,burst,guard_fast,5,cmpl-diag00_a1_s23_llama1b_kv3072_cap12-07_long_burst_guard_fast-r5-0-a7ff08c5,7118.301024418,7118.565361716,7118.830175036,0.2643372979991909,0.2648133200000302,0.5291506179992211,1199,1071,True,True,1,2,0,0,True,0.24806205499953649,0.01614637300008326,0.0,0.0,0.0001288699995711795,False,
diag00_a1_s23_llama1b_kv3072_cap12-07_long_burst_guard_fast,llama1b,3072,12,23,long,burst,guard_fast,5,cmpl-diag00_a1_s23_llama1b_kv3072_cap12-07_long_burst_guard_fast-r5-0-a7ff08c5,7118.828929143,7119.203349545,7119.348367749,0.3744204019994868,0.14501820400073484,0.5194386060002216,1201,1073,True,True,1,3,0,0,True,0.1392639979994783,0.23503130600056465,0.0,0.0,0.00012509799944382394,False,
diag00_a1_s23_llama1b_kv3072_cap12-07_long_burst_guard_fast,llama1b,3072,12,23,long,burst,guard_fast,5,cmpl-diag00_a1_s23_llama1b_kv3072_cap12-07_long_burst_guard_fast-r5-0-a7ff08c5,7119.347629613,7119.622358705,7119.854808343,0.27472909199968853,0.2324496379997072,0.5071787299993957,1203,1075,True,True,1,2,0,0,True,0.14303503300016018,0.1315139669995915,0.0,0.0,0.00018009199993684888,False,
diag00_a1_s23_llama1b_kv3072_cap12-07_long_burst_guard_fast,llama1b,3072,12,23,long,burst,guard_fast,5,cmpl-diag00_a1_s23_llama1b_kv3072_cap12-07_long_burst_guard_fast-r5-0-a7ff08c5,7119.854157342,7120.010738719,7120.269919521,0.1565813770002933,0.2591808019997188,0.4157621790000121,1205,1077,True,True,1,2,0,0,True,0.014677741000014066,0.14178738100054034,0.0,0.0,0.00011625499973888509,False,
diag00_a1_s23_llama1b_kv3072_cap12-07_long_burst_guard_fast,llama1b,3072,12,23,long,burst,guard_fast,5,cmpl-diag00_a1_s23_llama1b_kv3072_cap12-07_long_burst_guard_fast-r5-0-a7ff08c5,7120.269253714,7120.527902118,7120.79119845,0.2586484040002688,0.2632963319992996,0.5219447359995684,1207,1079,True,True,1,2,0,0,True,0.24257699999998295,0.015981601999556005,0.0,0.0,8.98020007298328e-05,False,
diag00_a1_s23_llama1b_kv3072_cap12-07_long_burst_guard_fast,llama1b,3072,12,23,long,burst,guard_fast,5,cmpl-diag00_a1_s23_llama1b_kv3072_cap12-07_long_burst_guard_fast-r5-0-a7ff08c5,7120.789934321,7121.163466295,7121.313954318,0.3735319739998886,0.15048802299952513,0.5240199969994137,1209,1081,True,True,1,3,0,0,True,0.14392015100020217,0.22952059199997166,0.0,0.0,9.123099971475312e-05,False,
diag00_a1_s23_llama1b_kv3072_cap12-07_long_burst_guard_fast,llama1b,3072,12,23,long,burst,guard_fast,5,cmpl-diag00_a1_s23_llama1b_kv3072_cap12-07_long_burst_guard_fast-r5-0-a7ff08c5,7121.313285415,7121.591351601,7121.825145699,0.27806618599970534,0.23379409800054418,0.5118602840002495,1211,1083,True,True,1,2,0,0,True,0.14206749400000263,0.13589277699975355,0.0,0.0,0.00010591499994916376,False,
diag00_a1_s23_llama1b_kv3072_cap12-07_long_burst_guard_fast,llama1b,3072,12,23,long,burst,guard_fast,5,cmpl-diag00_a1_s23_llama1b_kv3072_cap12-07_long_burst_guard_fast-r5-0-a7ff08c5,7121.824194207,7121.979766924,7122.24729481,0.15557271699981357,0.2675278860006074,0.42310060300042096,1213,1085,True,True,1,2,0,0,True,0.014247426000110863,0.1412342940002418,0.0,0.0,9.099699946091278e-05,False,
diag00_a1_s23_llama1b_kv3072_cap12-07_long_burst_guard_fast,llama1b,3072,12,23,long,burst,guard_fast,5,cmpl-diag00_a1_s23_llama1b_kv3072_cap12-07_long_burst_guard_fast-r5-0-a7ff08c5,7122.245909132,7122.532974343,7122.797913578,0.2870652110004812,0.26493923499947414,0.5520044459999554,1215,1087,True,True,1,2,0,0,True,0.27202464699985285,0.014882780000334606,0.0,0.0,0.00015778400029375916,False,
diag00_a1_s23_llama1b_kv3072_cap12-07_long_burst_guard_fast,llama1b,3072,12,23,long,burst,guard_fast,5,cmpl-diag00_a1_s23_llama1b_kv3072_cap12-07_long_burst_guard_fast-r5-0-a7ff08c5,7122.797249037,7123.195144295,7123.341492208,0.3978952580000623,0.14634791299977223,0.5442431709998345,1217,1089,True,True,1,3,0,0,True,0.1572467959995265,0.2404955970005176,0.0,0.0,0.00015286500001820968,False,
diag00_a1_s23_llama1b_kv3072_cap12-07_long_burst_guard_fast,llama1b,3072,12,23,long,burst,guard_fast,5,cmpl-diag00_a1_s23_llama1b_kv3072_cap12-07_long_burst_guard_fast-r5-0-a7ff08c5,7123.34077832,7123.645113093,7123.898267816,0.30433477299993683,0.2531547230000797,0.5574894960000165,1219,1091,True,True,1,2,0,0,True,0.16070992700042552,0.1434419129991511,0.0,0.0,0.0001829330003602081,False,
diag00_a1_s23_llama1b_kv3072_cap12-07_long_burst_guard_fast,llama1b,3072,12,23,long,burst,guard_fast,5,cmpl-diag00_a1_s23_llama1b_kv3072_cap12-07_long_burst_guard_fast-r5-0-a7ff08c5,7123.89677228,7124.07098457,7124.334833897,0.17421229000046878,0.26384932699966157,0.43806161700013035,1221,1093,True,True,1,2,0,0,True,0.018412786000226333,0.15569922099984979,0.0,0.0,0.00010028300039266469,False,
diag00_a1_s23_llama1b_kv3072_cap12-07_long_burst_guard_fast,llama1b,3072,12,23,long,burst,guard_fast,5,cmpl-diag00_a1_s23_llama1b_kv3072_cap12-07_long_burst_guard_fast-r5-0-a7ff08c5,7124.334055093,7124.610514009,7124.878009156,0.2764589160005926,0.2674951469998632,0.5439540630004558,1223,1095,True,True,1,2,0,0,True,0.26032970500000374,0.015943875000630214,0.0,0.0,0.0001853359999586246,False,
diag00_a1_s23_llama1b_kv3072_cap12-07_long_burst_guard_fast,llama1b,3072,12,23,long,burst,guard_fast,5,cmpl-diag00_a1_s23_llama1b_kv3072_cap12-07_long_burst_guard_fast-r5-0-a7ff08c5,7124.87738024,7125.269049534,7125.428996772,0.3916692940001667,0.15994723799940402,0.5516165319995707,1225,1097,True,True,1,3,0,0,True,0.14284583700009534,0.24870710599952872,0.0,0.0,0.00011635100054263603,False,
diag00_a1_s23_llama1b_kv3072_cap12-07_long_burst_guard_fast,llama1b,3072,12,23,long,burst,guard_fast,5,cmpl-diag00_a1_s23_llama1b_kv3072_cap12-07_long_burst_guard_fast-r5-0-a7ff08c5,7125.428277033,7125.731490422,7125.992092532,0.3032133890001205,0.2606021100000362,0.5638154990001567,1227,1099,True,True,1,2,0,0,True,0.15750932300034037,0.1455816199995752,0.0,0.0,0.00012244600020494545,False,
diag00_a1_s23_llama1b_kv3072_cap12-07_long_burst_guard_fast,llama1b,3072,12,23,long,burst,guard_fast,5,cmpl-diag00_a1_s23_llama1b_kv3072_cap12-07_long_burst_guard_fast-r5-0-a7ff08c5,7125.991095103,7126.161167709,7126.44834872,0.17007260600075824,0.2871810109991202,0.45725361699987843,1229,1101,True,True,1,2,0,0,True,0.014369858999998542,0.1555313409999144,0.0,0.0,0.00017140600084530888,False,
diag00_a1_s23_llama1b_kv3072_cap12-07_long_burst_guard_fast,llama1b,3072,12,23,long,burst,guard_fast,5,cmpl-diag00_a1_s23_llama1b_kv3072_cap12-07_long_burst_guard_fast-r5-0-a7ff08c5,7126.447150218,7126.737629084,7127.017046011,0.2904788659998303,0.2794169270000566,0.5698957929998869,1231,1103,True,True,1,2,0,0,True,0.27201456199964014,0.018323416999919573,0.0,0.0,0.0001408870002705953,False,
diag00_a1_s23_llama1b_kv3072_cap12-07_long_burst_guard_fast,llama1b,3072,12,23,long,burst,guard_fast,5,cmpl-diag00_a1_s23_llama1b_kv3072_cap12-07_long_burst_guard_fast-r5-0-a7ff08c5,7127.01634762,7127.401617275,7127.548955736,0.38526965500022925,0.14733846099989023,0.5326081160001195,1233,1105,True,True,1,3,0,0,True,0.14839321700037544,0.23675509300028352,0.0,0.0,0.00012134499957028311,False,
diag00_a1_s23_llama1b_kv3072_cap12-07_long_burst_guard_fast,llama1b,3072,12,23,long,burst,guard_fast,5,cmpl-diag00_a1_s23_llama1b_kv3072_cap12-07_long_burst_guard_fast-r5-0-a7ff08c5,7127.548285362,7127.823599338,7128.055744788,0.27531397600068885,0.2321454499997344,0.5074594260004233,1235,1107,True,True,1,2,0,0,True,0.1443287310003143,0.1308678269997472,0.0,0.0,0.00011741800062736729,False,
diag00_a1_s23_llama1b_kv3072_cap12-07_long_burst_guard_fast,llama1b,3072,12,23,long,burst,guard_fast,5,cmpl-diag00_a1_s23_llama1b_kv3072_cap12-07_long_burst_guard_fast-r5-0-a7ff08c5,7128.054513427,7128.215921477,7128.512702512,0.16140805000031833,0.29678103500009456,0.4581890850004129,1237,1109,True,True,1,2,0,0,True,0.0172697470006824,0.1440291700000671,0.0,0.0,0.00010913299956882838,False,
diag00_a1_s23_llama1b_kv3072_cap12-07_long_burst_guard_fast,llama1b,3072,12,23,long,burst,guard_fast,5,cmpl-diag00_a1_s23_llama1b_kv3072_cap12-07_long_burst_guard_fast-r5-0-a7ff08c5,7128.511408623,7128.787244493,7129.082583497,0.27583587000026455,0.29533900400019775,0.5711748740004623,1239,1111,True,True,1,2,0,0,True,0.25673428300069645,0.019002854000063962,0.0,0.0,9.873299950413639e-05,False,
diag00_a1_s23_llama1b_kv3072_cap12-07_long_burst_guard_fast,llama1b,3072,12,23,long,burst,guard_fast,5,cmpl-diag00_a1_s23_llama1b_kv3072_cap12-07_long_burst_guard_fast-r5-0-a7ff08c5,7129.081758562,7129.481392307,7129.63717866,0.3996337449998464,0.1557863530006216,0.555420098000468,1241,1113,True,True,1,3,0,0,True,0.14918740400025854,0.25019242799953645,0.0,0.0,0.00025391300005139783,False,
diag00_a1_s23_llama1b_kv3072_cap12-07_long_burst_guard_fast,llama1b,3072,12,23,long,burst,guard_fast,5,cmpl-diag00_a1_s23_llama1b_kv3072_cap12-07_long_burst_guard_fast-r5-0-a7ff08c5,7129.636485516,7129.921336152,7130.169962968,0.28485063599964633,0.24862681600006908,0.5334774519997154,1243,1115,True,True,1,2,0,0,True,0.1443431440002314,0.14040509999995265,0.0,0.0,0.00010239199946227018,False,
diag00_a1_s23_llama1b_kv3072_cap12-07_long_burst_guard_fast,llama1b,3072,12,23,long,burst,guard_fast,5,cmpl-diag00_a1_s23_llama1b_kv3072_cap12-07_long_burst_guard_fast-r5-0-a7ff08c5,7130.169282447,7130.330224211,7130.618878682,0.16094176400019933,0.28865447099997255,0.4495962350001719,1245,1117,True,True,1,2,0,0,True,0.015985537999767985,0.14483455899971887,0.0,0.0,0.0001216670007124776,False,
diag00_a1_s23_llama1b_kv3072_cap12-07_long_burst_guard_fast,llama1b,3072,12,23,long,burst,guard_fast,5,cmpl-diag00_a1_s23_llama1b_kv3072_cap12-07_long_burst_guard_fast-r5-0-a7ff08c5,7130.617707834,7130.903542983,7131.199331789,0.285835149000377,0.29578880600001867,0.5816239550003957,1247,1119,True,True,1,2,0,0,True,0.2710665720005636,0.014656358999673103,0.0,0.0,0.00011221800014027394,False,
diag00_a1_s23_llama1b_kv3072_cap12-07_long_burst_guard_fast,llama1b,3072,12,23,long,burst,guard_fast,5,cmpl-diag00_a1_s23_llama1b_kv3072_cap12-07_long_burst_guard_fast-r5-0-a7ff08c5,7131.198225829,7131.608399153,7131.768864678,0.41017332400042505,0.16046552499938116,0.5706388489998062,1249,1121,True,True,1,3,0,0,True,0.14558249000037904,0.26441161399998236,0.0,0.0,0.00017922000006365124,False,
diag00_a1_s23_llama1b_kv3072_cap12-07_long_burst_guard_fast,llama1b,3072,12,23,long,burst,guard_fast,5,cmpl-diag00_a1_s23_llama1b_kv3072_cap12-07_long_burst_guard_fast-r5-0-a7ff08c5,7131.767512673,7132.065698537,7132.318048803,0.2981858639996062,0.2523502660005761,0.5505361300001823,1251,1123,True,True,1,2,0,0,True,0.1530625149998741,0.14491068799998175,0.0,0.0,0.00021266099975036923,False,
diag00_a1_s23_llama1b_kv3072_cap12-07_long_burst_guard_fast,llama1b,3072,12,23,long,burst,guard_fast,5,cmpl-diag00_a1_s23_llama1b_kv3072_cap12-07_long_burst_guard_fast-r5-0-a7ff08c5,7132.317199982,7132.493155806,7132.786727356,0.17595582400008425,0.29357154999979684,0.4695273739998811,1253,1125,True,True,1,2,0,0,True,0.016386905000217666,0.15945609499976854,0.0,0.0,0.00011282400009804405,False,
diag00_a1_s23_llama1b_kv3072_cap12-07_long_burst_guard_fast,llama1b,3072,12,23,long,burst,guard_fast,5,cmpl-diag00_a1_s23_llama1b_kv3072_cap12-07_long_burst_guard_fast-r5-0-a7ff08c5,7132.785367233,7133.071510333,7133.358325619,0.28614310000011756,0.2868152860000919,0.5729583860002094,1255,1127,True,True,1,2,0,0,True,0.26681830500001524,0.01917375099947094,0.0,0.0,0.0001510440006313729,False,
diag00_a1_s23_llama1b_kv3072_cap12-07_long_burst_guard_fast,llama1b,3072,12,23,long,burst,guard_fast,5,cmpl-diag00_a1_s23_llama1b_kv3072_cap12-07_long_burst_guard_fast-r5-0-a7ff08c5,7133.356940891,7133.789647468,7133.942144206,0.43270657700031734,0.15249673800008168,0.585203315000399,1257,1129,True,True,1,3,0,0,True,0.16143223800008855,0.2711207390002528,0.0,0.0,0.00015359999997599516,False,
diag00_a1_s23_llama1b_kv3072_cap12-07_long_burst_guard_fast,llama1b,3072,12,23,long,burst,guard_fast,5,cmpl-diag00_a1_s23_llama1b_kv3072_cap12-07_long_burst_guard_fast-r5-0-a7ff08c5,7133.941327539,7134.22570661,7134.471472852,0.28437907100033044,0.2457662420001725,0.5301453130005029,1259,1131,True,True,1,2,0,0,True,0.14521132099980605,0.1390633130004062,0.0,0.0,0.00010443700011819601,False,
diag00_a1_s23_llama1b_kv3072_cap12-07_long_burst_guard_fast,llama1b,3072,12,23,long,burst,guard_fast,5,cmpl-diag00_a1_s23_llama1b_kv3072_cap12-07_long_burst_guard_fast-r5-0-a7ff08c5,7134.47036736,7134.629711048,7134.903763896,0.15934368800026277,0.27405284799988294,0.4333965360001457,1261,1133,True,True,1,2,0,0,True,0.01668826200057083,0.14256113299961726,0.0,0.0,9.429300007468555e-05,False,
diag00_a1_s23_llama1b_kv3072_cap12-07_long_burst_guard_fast,llama1b,3072,12,23,long,burst,guard_fast,5,cmpl-diag00_a1_s23_llama1b_kv3072_cap12-07_long_burst_guard_fast-r5-0-a7ff08c5,7134.903054478,7135.168229822,7135.447517939,0.26517534400045406,0.2792881169998509,0.544463461000305,1263,1135,True,True,1,2,0,0,True,0.2500215019999814,0.014996382999925117,0.0,0.0,0.00015745900054753292,False,
diag00_a1_s23_llama1b_kv3072_cap12-07_long_burst_guard_fast,llama1b,3072,12,23,long,burst,guard_fast,5,cmpl-diag00_a1_s23_llama1b_kv3072_cap12-07_long_burst_guard_fast-r5-0-a7ff08c5,7135.44659833,7135.836587747,7135.985369293,0.3899894169999243,0.148781546000464,0.5387709630003883,1265,1137,True,True,1,3,0,0,True,0.14441554800032463,0.24541865999981383,0.0,0.0,0.00015520899978582747,False,
diag00_a1_s23_llama1b_kv3072_cap12-07_long_burst_guard_fast,llama1b,3072,12,23,long,burst,guard_fast,5,cmpl-diag00_a1_s23_llama1b_kv3072_cap12-07_long_burst_guard_fast-r5-0-a7ff08c5,7135.984625876,7136.272292502,7136.513699612,0.2876666259999183,0.241407110000182,0.5290737360001003,1267,1139,True,True,1,2,0,0,True,0.14464080600009765,0.14248125300036918,0.0,0.0,0.0005445669994514901,False,
diag00_a1_s23_llama1b_kv3072_cap12-07_long_burst_guard_fast,llama1b,3072,12,23,long,burst,guard_fast,5,cmpl-diag00_a1_s23_llama1b_kv3072_cap12-07_long_burst_guard_fast-r5-0-a7ff08c5,7136.512973487,7136.672767687,7136.947789528,0.15979419999985112,0.2750218410001253,0.4348160409999764,1269,1141,True,True,1,2,0,0,True,0.018260083999848575,0.14141839200055983,0.0,0.0,0.00011572399944270728,False,
diag00_a1_s23_llama1b_kv3072_cap12-07_long_burst_guard_fast,llama1b,3072,12,23,long,burst,guard_fast,5,cmpl-diag00_a1_s23_llama1b_kv3072_cap12-07_long_burst_guard_fast-r5-0-a7ff08c5,7136.946576909,7137.211849452,7137.490859374,0.26527254299980996,0.2790099220001139,0.5442824649999238,1271,1143,True,True,1,2,0,0,True,0.25066974499986827,0.014422755999476067,0.0,0.0,0.0001800420004656189,False,
diag00_a1_s23_llama1b_kv3072_cap12-07_long_burst_guard_fast,llama1b,3072,12,23,long,burst,guard_fast,5,cmpl-diag00_a1_s23_llama1b_kv3072_cap12-07_long_burst_guard_fast-r5-0-a7ff08c5,7137.489745293,7137.894906374,7138.048961648,0.40516108100018755,0.154055273999802,0.5592163549999896,1273,1145,True,True,1,3,0,0,True,0.1442113610000888,0.2607873130000371,0.0,0.0,0.00016240700006164843,False,
diag00_a1_s23_llama1b_kv3072_cap12-07_long_burst_guard_fast,llama1b,3072,12,23,long,burst,guard_fast,5,cmpl-diag00_a1_s23_llama1b_kv3072_cap12-07_long_burst_guard_fast-r5-0-a7ff08c5,7138.04822186,7138.334922098,7138.5954065,0.28670023799986666,0.2604844019997472,0.5471846399996139,1275,1147,True,True,1,2,0,0,True,0.14409020600032818,0.14248891799979901,0.0,0.0,0.0001211139997394639,False,
diag00_a1_s23_llama1b_kv3072_cap12-07_long_burst_guard_fast,llama1b,3072,12,23,long,burst,guard_fast,5,cmpl-diag00_a1_s23_llama1b_kv3072_cap12-07_long_burst_guard_fast-r5-0-a7ff08c5,7138.59392477,7138.759896917,7139.033616786,0.16597214700050245,0.27371986899925105,0.4396920159997535,1277,1149,True,True,1,2,0,0,True,0.02015048500015837,0.145688696000434,0.0,0.0,0.00013296599991008407,False,
diag00_a1_s23_llama1b_kv3072_cap12-07_long_burst_guard_fast,llama1b,3072,12,23,long,burst,guard_fast,5,cmpl-diag00_a1_s23_llama1b_kv3072_cap12-07_long_burst_guard_fast-r5-0-a7ff08c5,7139.03233409,7139.316020387,7139.610991691,0.28368629699980374,0.2949713039997732,0.578657600999577,1279,1151,True,True,1,2,0,0,True,0.26501905899931444,0.018496131000574678,0.0,0.0,0.00017110699991462752,False,
diag00_a1_s23_llama1b_kv3072_cap12-07_long_burst_guard_fast,llama1b,3072,12,23,long,burst,guard_fast,5,cmpl-diag00_a1_s23_llama1b_kv3072_cap12-07_long_burst_guard_fast-r5-0-a7ff08c5,7139.610117513,7140.008786287,7140.170233331,0.39866877399981604,0.16144704400085175,0.5601158180006678,1281,1153,True,True,1,3,0,0,True,0.14930197400008183,0.24924132599971927,0.0,0.0,0.0001254740000149468,False,
diag00_a1_s23_llama1b_kv3072_cap12-07_long_burst_guard_fast,llama1b,3072,12,23,long,burst,guard_fast,5,cmpl-diag00_a1_s23_llama1b_kv3072_cap12-07_long_burst_guard_fast-r5-0-a7ff08c5,7140.169320037,7140.484367512,7140.745717809,0.3150474750000285,0.26135029699980805,0.5763977719998366,1283,1155,True,True,1,2,0,0,True,0.167132352000408,0.14776664799956052,0.0,0.0,0.00014847500005998882,False,
diag00_a1_s23_llama1b_kv3072_cap12-07_long_burst_guard_fast,llama1b,3072,12,23,long,burst,guard_fast,5,cmpl-diag00_a1_s23_llama1b_kv3072_cap12-07_long_burst_guard_fast-r5-0-a7ff08c5,7140.744975658,7140.908423004,7141.200102281,0.16344734599988442,0.2916792770001848,0.45512662300006923,1285,1157,True,True,1,2,0,0,True,0.01692871599971113,0.1464177470006689,0.0,0.0,0.0001008829995043925,False,
diag00_a1_s23_llama1b_kv3072_cap12-07_long_burst_guard_fast,llama1b,3072,12,23,long,burst,guard_fast,5,cmpl-diag00_a1_s23_llama1b_kv3072_cap12-07_long_burst_guard_fast-r5-0-a7ff08c5,7141.199374341,7141.482013698,7141.771883768,0.2826393569994252,0.28987007000068843,0.5725094270001136,1287,1159,True,True,1,2,0,0,True,0.2677235169994674,0.014784421000513248,0.0,0.0,0.0001314189994445769,False,
diag00_a1_s23_llama1b_kv3072_cap12-07_long_burst_guard_fast,llama1b,3072,12,23,long,burst,guard_fast,5,cmpl-diag00_a1_s23_llama1b_kv3072_cap12-07_long_burst_guard_fast-r5-0-a7ff08c5,7141.771152886,7142.184639211,7142.344126718,0.4134863250001217,0.15948750699953962,0.5729738319996613,1289,1161,True,True,1,3,0,0,True,0.14888181399965106,0.26450265900075465,0.0,0.0,0.00010185199971601833,False,
diag00_a1_s23_llama1b_kv3072_cap12-07_long_burst_guard_fast,llama1b,3072,12,23,long,burst,guard_fast,5,cmpl-diag00_a1_s23_llama1b_kv3072_cap12-07_long_burst_guard_fast-r5-0-a7ff08c5,7142.343255409,7142.636798059,7142.900102175,0.2935426499998357,0.2633041159997447,0.5568467659995804,1291,1163,True,True,1,2,0,0,True,0.1494901399992159,0.1439335069999288,0.0,0.0,0.00011900300069100922,False,
diag00_a1_s23_llama1b_kv3072_cap12-07_long_burst_guard_fast,llama1b,3072,12,23,long,burst,guard_fast,5,cmpl-diag00_a1_s23_llama1b_kv3072_cap12-07_long_burst_guard_fast-r5-0-a7ff08c5,7142.899324342,7143.080082733,7143.374707328,0.18075839100038138,0.2946245949997319,0.4753829860001133,1293,1165,True,True,1,2,0,0,True,0.01616170699981012,0.1644464840001092,0.0,0.0,0.00015020000046206405,False,
diag00_a1_s23_llama1b_kv3072_cap12-07_long_burst_guard_fast,llama1b,3072,12,23,long,burst,guard_fast,5,cmpl-diag00_a1_s23_llama1b_kv3072_cap12-07_long_burst_guard_fast-r5-0-a7ff08c5,7143.373896624,7143.650668048,7143.954202119,0.2767714239998895,0.3035340710002856,0.5803054950001751,1295,1167,True,True,1,2,0,0,True,0.2600670199999513,0.016582260000177484,0.0,0.0,0.00012214399976073764,False,
diag00_a1_s23_llama1b_kv3072_cap12-07_long_burst_guard_fast,llama1b,3072,12,23,long,burst,guard_fast,5,cmpl-diag00_a1_s23_llama1b_kv3072_cap12-07_long_burst_guard_fast-r5-0-a7ff08c5,7143.953329001,7144.358545427,7144.515401727,0.40521642599924235,0.15685630000007222,0.5620727259993146,1297,1169,True,True,1,3,0,0,True,0.14585110400003032,0.2591527649992713,0.0,0.0,0.0002125569999407162,False,
diag00_a1_s23_llama1b_kv3072_cap12-07_long_burst_guard_fast,llama1b,3072,12,23,long,burst,guard_fast,5,cmpl-diag00_a1_s23_llama1b_kv3072_cap12-07_long_burst_guard_fast-r5-0-a7ff08c5,7144.514793637,7144.830600466,7145.111989041,0.3158068289994844,0.28138857500016456,0.597195403999649,1299,1171,True,True,1,2,0,0,True,0.15834675599944603,0.15732857500006503,0.0,0.0,0.0001314979999733623,False,
diag00_a1_s23_llama1b_kv3072_cap12-07_long_burst_guard_fast,llama1b,3072,12,23,long,burst,guard_fast,5,cmpl-diag00_a1_s23_llama1b_kv3072_cap12-07_long_burst_guard_fast-r5-0-a7ff08c5,7145.110246488,7145.2933743,7145.592323579,0.18312781200074824,0.29894927899931645,0.4820770910000647,1301,1173,True,True,1,2,0,0,True,0.01852747700013424,0.16447656600030314,0.0,0.0,0.00012376900031085825,False,
diag00_a1_s23_llama1b_kv3072_cap12-07_long_burst_guard_fast,llama1b,3072,12,23,long,burst,guard_fast,5,cmpl-diag00_a1_s23_llama1b_kv3072_cap12-07_long_burst_guard_fast-r5-0-a7ff08c5,7145.591519288,7145.873158942,7146.160566014,0.2816396540001733,0.28740707199995086,0.5690467260001242,1303,1175,True,True,1,2,0,0,True,0.12611445099992125,0.15535366299991438,0.0,0.0,0.0001715400003376999,False,
diag00_a1_s23_llama1b_kv3072_cap12-07_long_burst_guard_fast,llama1b,3072,12,23,long,burst,guard_fast,5,cmpl-diag00_a1_s23_llama1b_kv3072_cap12-07_long_burst_guard_fast-r5-0-a7ff08c5,7146.159730071,7146.446834879,7146.733629861,0.2871048079996399,0.28679498200017406,0.573899789999814,1305,1177,True,True,1,2,0,0,True,0.2712175970000317,0.015761288999783574,0.0,0.0,0.0001259219998246408,False,
diag00_a1_s23_llama1b_kv3072_cap12-07_long_burst_guard_fast,llama1b,3072,12,23,long,burst,guard_fast,5,cmpl-diag00_a1_s23_llama1b_kv3072_cap12-07_long_burst_guard_fast-r5-0-a7ff08c5,7146.733071714,7147.146396852,7147.305297796,0.413325137999891,0.15890094399946975,0.5722260819993608,1307,1179,True,True,1,3,0,0,True,0.1546496359997036,0.2585413990000234,0.0,0.0,0.00013410300016403198,False,
diag00_a1_s23_llama1b_kv3072_cap12-07_long_burst_guard_fast,llama1b,3072,12,23,long,burst,guard_fast,5,cmpl-diag00_a1_s23_llama1b_kv3072_cap12-07_long_burst_guard_fast-r5-0-a7ff08c5,7147.304620822,7147.603510036,7147.863885742,0.29888921400015533,0.26037570599964965,0.559264919999805,1309,1181,True,True,1,2,0,0,True,0.1546494559997882,0.1441203869999299,0.0,0.0,0.00011937100043724058,False,
diag00_a1_s23_llama1b_kv3072_cap12-07_long_burst_guard_fast,llama1b,3072,12,23,long,burst,guard_fast,5,cmpl-diag00_a1_s23_llama1b_kv3072_cap12-07_long_burst_guard_fast-r5-0-a7ff08c5,7147.863261929,7148.041996995,7148.347884632,0.17873506599971734,0.3058876370005237,0.484622703000241,1311,1183,True,True,1,2,0,0,True,0.014413324000088323,0.16414603999965038,0.0,0.0,0.000175701999978628,False,
diag00_a1_s23_llama1b_kv3072_cap12-07_long_burst_guard_fast,llama1b,3072,12,23,long,burst,guard_fast,5,cmpl-diag00_a1_s23_llama1b_kv3072_cap12-07_long_burst_guard_fast-r5-0-a7ff08c5,7148.34695945,7148.645269755,7148.936595502,0.2983103050000864,0.2913257469999735,0.5896360520000599,1313,1185,True,True,1,2,0,0,True,0.28194958599942765,0.016159007000169368,0.0,0.0,0.00020171200048935134,False,
diag00_a1_s23_llama1b_kv3072_cap12-07_long_burst_guard_fast,llama1b,3072,12,23,long,burst,guard_fast,5,cmpl-diag00_a1_s23_llama1b_kv3072_cap12-07_long_burst_guard_fast-r5-0-a7ff08c5,7148.935872026,7149.237842194,7149.53505811,0.30197016800048004,0.2972159159999137,0.5991860840003937,1315,1187,True,True,1,2,0,0,True,0.1731878170003256,0.12865198300005432,0.0,0.0,0.00013036800010013394,False,
diag00_a1_s23_llama1b_kv3072_cap12-07_long_burst_guard_fast,llama1b,3072,12,23,long,burst,guard_fast,5,cmpl-diag00_a1_s23_llama1b_kv3072_cap12-07_long_burst_guard_fast-r5-0-a7ff08c5,7149.534194893,7149.818603091,7150.123351352,0.2844081980001647,0.3047482609999861,0.5891564590001508,1317,1189,True,True,1,2,0,0,True,0.15746159199989052,0.12683799900059967,0.0,0.0,0.00010860699967452092,False,
diag00_a1_s23_llama1b_kv3072_cap12-07_long_burst_guard_fast,llama1b,3072,12,23,long,burst,guard_fast,5,cmpl-diag00_a1_s23_llama1b_kv3072_cap12-07_long_burst_guard_fast-r5-0-a7ff08c5,7150.12194186,7150.565324249,7150.748113453,0.4433823889994528,0.18278920400007337,0.6261715929995262,1319,1191,True,True,1,3,0,0,True,0.1644992129995444,0.27863435600011144,0.0,0.0,0.00024881999979697866,False,
diag00_a1_s23_llama1b_kv3072_cap12-07_long_burst_guard_fast,llama1b,3072,12,23,long,burst,guard_fast,5,cmpl-diag00_a1_s23_llama1b_kv3072_cap12-07_long_burst_guard_fast-r5-0-a7ff08c5,7150.747193736,7151.081372799,7151.365340359,0.3341790630001924,0.28396755999983725,0.6181466230000296,1321,1193,True,True,1,2,0,0,True,0.17524711600071896,0.1587932959992031,0.0,0.0,0.00013865100027032895,False,
diag00_a1_s23_llama1b_kv3072_cap12-07_long_burst_guard_fast,llama1b,3072,12,23,long,burst,guard_fast,5,cmpl-diag00_a1_s23_llama1b_kv3072_cap12-07_long_burst_guard_fast-r5-0-a7ff08c5,7151.364739979,7151.668899597,7151.92921158,0.3041596180000852,0.2603119830000651,0.5644716010001503,1323,1195,True,True,1,2,0,0,True,0.15800286500052607,0.14602443700005097,0.0,0.0,0.00013231599950813688,False,
diag00_a1_s23_llama1b_kv3072_cap12-07_long_burst_guard_fast,llama1b,3072,12,23,long,burst,guard_fast,5,cmpl-diag00_a1_s23_llama1b_kv3072_cap12-07_long_burst_guard_fast-r5-0-a7ff08c5,7151.928503253,7152.09816446,7152.389396401,0.1696612069999901,0.2912319410006603,0.4608931480006504,1325,1197,True,True,1,2,0,0,True,0.015469658000256459,0.15407272700031172,0.0,0.0,0.00011882199942192528,False,
diag00_a1_s23_llama1b_kv3072_cap12-07_long_burst_guard_fast,llama1b,3072,12,23,long,burst,guard_fast,5,cmpl-diag00_a1_s23_llama1b_kv3072_cap12-07_long_burst_guard_fast-r5-0-a7ff08c5,7152.388681507,7152.675438596,7152.959746741,0.2867570890002753,0.2843081450000682,0.5710652340003435,1327,1199,True,True,1,2,0,0,True,0.27151153900013014,0.015126041000257828,0.0,0.0,0.00011950899988732999,False,
diag00_a1_s23_llama1b_kv3072_cap12-07_long_burst_guard_fast,llama1b,3072,12,23,long,burst,guard_fast,5,cmpl-diag00_a1_s23_llama1b_kv3072_cap12-07_long_burst_guard_fast-r5-0-a7ff08c5,7152.958442429,7153.379105319,7153.535705701,0.4206628900001306,0.15660038199985138,0.577263271999982,1329,1201,True,True,1,3,0,0,True,0.1563485020005828,0.26415898599952925,0.0,0.0,0.0001554020000185119,False,
diag00_a1_s23_llama1b_kv3072_cap12-07_long_burst_guard_fast,llama1b,3072,12,23,long,burst,guard_fast,5,cmpl-diag00_a1_s23_llama1b_kv3072_cap12-07_long_burst_guard_fast-r5-0-a7ff08c5,7153.535026884,7153.836649919,7154.096890169,0.30162303499946574,0.26024025000060647,0.5618632850000722,1331,1203,True,True,1,2,0,0,True,0.157274342999699,0.14423290900049324,0.0,0.0,0.00011578299927350599,False,
diag00_a1_s23_llama1b_kv3072_cap12-07_long_burst_guard_fast,llama1b,3072,12,23,long,burst,guard_fast,5,cmpl-diag00_a1_s23_llama1b_kv3072_cap12-07_long_burst_guard_fast-r5-0-a7ff08c5,7154.096275538,7154.268690915,7154.553407737,0.17241537700010667,0.28471682200051873,0.4571321990006254,1333,1205,True,True,1,2,0,0,True,0.014356590000716096,0.1579091209996477,0.0,0.0,0.0001496659997428651,False,
diag00_a1_s23_llama1b_kv3072_cap12-07_long_burst_guard_fast,llama1b,3072,12,23,long,burst,guard_fast,5,cmpl-diag00_a1_s23_llama1b_kv3072_cap12-07_long_burst_guard_fast-r5-0-a7ff08c5,7154.552720675,7154.843038676,7155.130575681,0.2903180009998323,0.28753700499964907,0.5778550059994814,1335,1207,True,True,1,2,0,0,True,0.2748506249999991,0.015347933000157354,0.0,0.0,0.00011944299967581173,False,
diag00_a1_s23_llama1b_kv3072_cap12-07_long_burst_guard_fast,llama1b,3072,12,23,long,burst,guard_fast,5,cmpl-diag00_a1_s23_llama1b_kv3072_cap12-07_long_burst_guard_fast-r5-0-a7ff08c5,7155.129846315,7155.547301815,7155.705675771,0.41745549999996,0.15837395600010495,0.575829456000065,1337,1209,True,True,1,3,0,0,True,0.15708722199997283,0.26024944900018454,0.0,0.0,0.00011882899980264483,False,
diag00_a1_s23_llama1b_kv3072_cap12-07_long_burst_guard_fast,llama1b,3072,12,23,long,burst,guard_fast,5,cmpl-diag00_a1_s23_llama1b_kv3072_cap12-07_long_burst_guard_fast-r5-0-a7ff08c5,7155.704905845,7156.003545027,7156.265189633,0.2986391819995333,0.2616446060001181,0.5602837879996514,1339,1211,True,True,1,2,0,0,True,0.1548021640001025,0.14371156099969085,0.0,0.0,0.00012545699973998126,False,
diag00_a1_s23_llama1b_kv3072_cap12-07_long_burst_guard_fast,llama1b,3072,12,23,long,burst,guard_fast,5,cmpl-diag00_a1_s23_llama1b_kv3072_cap12-07_long_burst_guard_fast-r5-0-a7ff08c5,7156.264355854,7156.435466372,7156.723079359,0.17111051799929555,0.2876129870001023,0.45872350499939785,1341,1213,True,True,1,2,0,0,True,0.015540796000095725,0.15541562699945644,0.0,0.0,0.0001540949997433927,False,
diag00_a1_s23_llama1b_kv3072_cap12-07_long_burst_guard_fast,llama1b,3072,12,23,long,burst,guard_fast,5,cmpl-diag00_a1_s23_llama1b_kv3072_cap12-07_long_burst_guard_fast-r5-0-a7ff08c5,7156.722375812,7157.016199609,7157.302318932,0.29382379700018646,0.2861193230000936,0.57994312000028,1343,1215,True,True,1,2,0,0,True,0.27454906399998436,0.019143985000482644,0.0,0.0,0.0001307479997194605,False,
diag00_a1_s23_llama1b_kv3072_cap12-07_long_burst_guard_fast,llama1b,3072,12,23,long,burst,guard_fast,5,cmpl-diag00_a1_s23_llama1b_kv3072_cap12-07_long_burst_guard_fast-r5-0-a7ff08c5,7157.301596496,7157.72082346,7157.879333282,0.4192269640006998,0.1585098219993597,0.5777367860000595,1345,1217,True,True,1,3,0,0,True,0.1571952260001126,0.2619387940003435,0.0,0.0,9.294400024373317e-05,False,
diag00_a1_s23_llama1b_kv3072_cap12-07_long_burst_guard_fast,llama1b,3072,12,23,long,burst,guard_fast,5,cmpl-diag00_a1_s23_llama1b_kv3072_cap12-07_long_burst_guard_fast-r5-0-a7ff08c5,7157.878604155,7158.190810608,7158.478574988,0.312206452999817,0.2877643800002261,0.5999708330000431,1347,1219,True,True,1,2,0,0,True,0.1547482649993981,0.15732283100078348,0.0,0.0,0.00013535699963540537,False,
diag00_a1_s23_llama1b_kv3072_cap12-07_long_burst_guard_fast,llama1b,3072,12,23,long,burst,guard_fast,5,cmpl-diag00_a1_s23_llama1b_kv3072_cap12-07_long_burst_guard_fast-r5-0-a7ff08c5,7158.477130536,7158.780092164,7159.042382432,0.3029616280000482,0.26229026799956046,0.5652518959996087,1349,1221,True,True,1,2,0,0,True,0.1577397219998602,0.14503481700012344,0.0,0.0,0.00018708900006458862,False,
diag00_a1_s23_llama1b_kv3072_cap12-07_long_burst_guard_fast,llama1b,3072,12,23,long,burst,guard_fast,5,cmpl-diag00_a1_s23_llama1b_kv3072_cap12-07_long_burst_guard_fast-r5-0-a7ff08c5,7159.04167218,7159.216075087,7159.504205467,0.17440290699960315,0.2881303800004389,0.46253328700004204,1351,1223,True,True,1,2,0,0,True,0.015474370999982057,0.1587867849993927,0.0,0.0,0.00014175100022839615,False,
diag00_a1_s23_llama1b_kv3072_cap12-07_long_burst_guard_fast,llama1b,3072,12,23,long,burst,guard_fast,5,cmpl-diag00_a1_s23_llama1b_kv3072_cap12-07_long_burst_guard_fast-r5-0-a7ff08c5,7159.502897757,7159.79297847,7160.089958352,0.2900807129999521,0.29697988200041436,0.5870605950003664,1353,1225,True,True,1,2,0,0,True,0.2738201570000456,0.016163534000043,0.0,0.0,9.702199986350024e-05,False,
diag00_a1_s23_llama1b_kv3072_cap12-07_long_burst_guard_fast,llama1b,3072,12,23,long,burst,guard_fast,5,cmpl-diag00_a1_s23_llama1b_kv3072_cap12-07_long_burst_guard_fast-r5-0-a7ff08c5,7160.089062071,7160.531439165,7160.700176531,0.4423770940002214,0.168737365999732,0.6111144599999534,1355,1227,True,True,1,3,0,0,True,0.17516019699996832,0.2670745400000669,0.0,0.0,0.00014235700018616626,False,
diag00_a1_s23_llama1b_kv3072_cap12-07_long_burst_guard_fast,llama1b,3072,12,23,long,burst,guard_fast,5,cmpl-diag00_a1_s23_llama1b_kv3072_cap12-07_long_burst_guard_fast-r5-0-a7ff08c5,7160.699003188,7161.020608514,7161.282312019,0.3216053260002809,0.2617035049997867,0.5833088310000676,1357,1229,True,True,1,2,0,0,True,0.17118633700010832,0.1502964070004964,0.0,0.0,0.00012258199967618566,False,
diag00_a1_s23_llama1b_kv3072_cap12-07_long_burst_guard_fast,llama1b,3072,12,23,long,burst,guard_fast,5,cmpl-diag00_a1_s23_llama1b_kv3072_cap12-07_long_burst_guard_fast-r5-0-a7ff08c5,7161.281551698,7161.452671921,7161.743173604,0.17112022299988894,0.29050168300000223,0.46162190599989117,1359,1231,True,True,1,2,0,0,True,0.014848894999886397,0.1561818360005418,0.0,0.0,8.94919994607335e-05,False,
diag00_a1_s23_llama1b_kv3072_cap12-07_long_burst_guard_fast,llama1b,3072,12,23,long,burst,guard_fast,5,cmpl-diag00_a1_s23_llama1b_kv3072_cap12-07_long_burst_guard_fast-r5-0-a7ff08c5,7161.742478069,7162.030257576,7162.318321298,0.2877795069998683,0.28806372200051555,0.5758432290003839,1361,1233,True,True,1,2,0,0,True,0.2721996970003602,0.015408766999826184,0.0,0.0,0.00017104299968195846,False,
diag00_a1_s23_llama1b_kv3072_cap12-07_long_burst_guard_fast,llama1b,3072,12,23,long,burst,guard_fast,5,cmpl-diag00_a1_s23_llama1b_kv3072_cap12-07_long_burst_guard_fast-r5-0-a7ff08c5,7162.317644584,7162.740386889,7162.896433244,0.42274230499970145,0.15604635500039876,0.5787886600001002,1363,1235,True,True,1,3,0,0,True,0.15829732400015928,0.2643529699998908,0.0,0.0,9.201099965139292e-05,False,
diag00_a1_s23_llama1b_kv3072_cap12-07_long_burst_guard_fast,llama1b,3072,12,23,long,burst,guard_fast,5,cmpl-diag00_a1_s23_llama1b_kv3072_cap12-07_long_burst_guard_fast-r5-0-a7ff08c5,7162.895706078,7163.199338584,7163.463814619,0.30363250599930325,0.26447603500037076,0.568108540999674,1365,1237,True,True,1,2,0,0,True,0.1609644969994406,0.14257060700037982,0.0,0.0,9.74019994828268e-05,False,
diag00_a1_s23_llama1b_kv3072_cap12-07_long_burst_guard_fast,llama1b,3072,12,23,long,burst,guard_fast,5,cmpl-diag00_a1_s23_llama1b_kv3072_cap12-07_long_burst_guard_fast-r5-0-a7ff08c5,7163.46308973,7163.637362054,7163.926083819,0.174272323999503,0.2887217650004459,0.46299408899994887,1367,1239,True,True,1,2,0,0,True,0.01619746399956057,0.15792348700051662,0.0,0.0,0.00015137299942580285,False,
diag00_a1_s23_llama1b_kv3072_cap12-07_long_burst_guard_fast,llama1b,3072,12,23,long,burst,guard_fast,5,cmpl-diag00_a1_s23_llama1b_kv3072_cap12-07_long_burst_guard_fast-r5-0-a7ff08c5,7163.924775127,7164.220225464,7164.507366382,0.29545033699923806,0.28714091800065944,0.5825912549998975,1369,1241,True,True,1,2,0,0,True,0.28056455699970684,0.014788815999963845,0.0,0.0,9.696399956737878e-05,False,
diag00_a1_s23_llama1b_kv3072_cap12-07_long_burst_guard_fast,llama1b,3072,12,23,long,burst,guard_fast,5,cmpl-diag00_a1_s23_llama1b_kv3072_cap12-07_long_burst_guard_fast-r5-0-a7ff08c5,7164.506615869,7164.929920254,7165.088463434,0.4233043849999376,0.15854318000037892,0.5818475650003165,1371,1243,True,True,1,3,0,0,True,0.15832383500037395,0.2648571540003104,0.0,0.0,0.00012339599925326183,False,
diag00_a1_s23_llama1b_kv3072_cap12-07_long_burst_guard_fast,llama1b,3072,12,23,long,burst,guard_fast,5,cmpl-diag00_a1_s23_llama1b_kv3072_cap12-07_long_burst_guard_fast-r5-0-a7ff08c5,7165.087744353,7165.401952207,7165.673826962,0.31420785400041495,0.27187475499977154,0.5860826090001865,1373,1245,True,True,1,2,0,0,True,0.15854053200018825,0.15542285399988032,0.0,0.0,0.00024446800034638727,False,
diag00_a1_s23_llama1b_kv3072_cap12-07_long_burst_guard_fast,llama1b,3072,12,23,long,burst,guard_fast,5,cmpl-diag00_a1_s23_llama1b_kv3072_cap12-07_long_burst_guard_fast-r5-0-a7ff08c5,7165.673205166,7165.984958515,7166.256996987,0.31175334899944573,0.27203847200053133,0.5837918209999771,1375,1247,True,True,1,2,0,0,True,0.15729106399976445,0.1543337840003005,0.0,0.0,0.0001285009993807762,False,
diag00_a1_s23_llama1b_kv3072_cap12-07_long_burst_guard_fast,llama1b,3072,12,23,long,burst,guard_fast,5,cmpl-diag00_a1_s23_llama1b_kv3072_cap12-07_long_burst_guard_fast-r5-0-a7ff08c5,7166.256321901,7166.570942058,7166.84454533,0.3146201569998084,0.27360327200040047,0.5882234290002089,1377,1249,True,True,1,2,0,0,True,0.15956636999999319,0.15493334799975855,0.0,0.0,0.00012043900005664909,False,
diag00_a1_s23_llama1b_kv3072_cap12-07_long_burst_guard_fast,llama1b,3072,12,23,long,burst,guard_fast,5,cmpl-diag00_a1_s23_llama1b_kv3072_cap12-07_long_burst_guard_fast-r5-0-a7ff08c5,7166.843797462,7167.15622962,7167.428747372,0.312432157999865,0.2725177519996578,0.5849499099995228,1379,1251,True,True,1,2,0,0,True,0.15703479500007234,0.15528709799946228,0.0,0.0,0.00011026500033040065,False,
diag00_a1_s23_llama1b_kv3072_cap12-07_long_burst_guard_fast,llama1b,3072,12,23,long,burst,guard_fast,5,cmpl-diag00_a1_s23_llama1b_kv3072_cap12-07_long_burst_guard_fast-r5-0-a7ff08c5,7167.42787484,7167.744860807,7168.017495088,0.3169859669997095,0.272634281000137,0.5896202479998465,1381,1253,True,True,1,2,0,0,True,0.1617343179996169,0.15512949799995113,0.0,0.0,0.0001221510001414572,False,
diag00_a1_s23_llama1b_kv3072_cap12-07_long_burst_guard_fast,llama1b,3072,12,23,long,burst,guard_fast,5,cmpl-diag00_a1_s23_llama1b_kv3072_cap12-07_long_burst_guard_fast-r5-0-a7ff08c5,7168.016738767,7168.330070586,7168.6051978,0.3133318190002683,0.27512721399943985,0.5884590329997081,1383,1255,True,True,1,2,0,0,True,0.15691006500037474,0.15626371500002278,0.0,0.0,0.00015803899987076875,False,
diag00_a1_s23_llama1b_kv3072_cap12-07_long_burst_guard_fast,llama1b,3072,12,23,long,burst,guard_fast,5,cmpl-diag00_a1_s23_llama1b_kv3072_cap12-07_long_burst_guard_fast-r5-0-a7ff08c5,7168.603927343,7168.917730504,7169.189128967,0.31380316100057826,0.2713984629999686,0.5852016240005469,1385,1257,True,True,1,2,0,0,True,0.15743582600043737,0.15622022800016566,0.0,0.0,0.0001471069999752217,False,
diag00_a1_s23_llama1b_kv3072_cap12-07_long_burst_guard_fast,llama1b,3072,12,23,long,burst,guard_fast,5,cmpl-diag00_a1_s23_llama1b_kv3072_cap12-07_long_burst_guard_fast-r5-0-a7ff08c5,7169.188410346,7169.504935637,7169.779627226,0.31652529100028914,0.27469158900021284,0.591216880000502,1387,1259,True,True,1,2,0,0,True,0.16064733400071418,0.15578839699992386,0.0,0.0,8.955999965110095e-05,False,
diag00_a1_s23_llama1b_kv3072_cap12-07_long_burst_guard_fast,llama1b,3072,12,23,long,burst,guard_fast,5,cmpl-diag00_a1_s23_llama1b_kv3072_cap12-07_long_burst_guard_fast-r5-0-a7ff08c5,7169.778276671,7170.092256514,7170.367380736,0.31397984300019743,0.2751242220001586,0.5891040650003561,1389,1261,True,True,1,2,0,0,True,0.1579768100000365,0.15584369899988815,0.0,0.0,0.00015933400027279276,False,
diag00_a1_s23_llama1b_kv3072_cap12-07_long_burst_guard_fast,llama1b,3072,12,23,long,burst,guard_fast,5,cmpl-diag00_a1_s23_llama1b_kv3072_cap12-07_long_burst_guard_fast-r5-0-a7ff08c5,7170.36666695,7170.682340031,7170.955280817,0.31567308100056835,0.27294078599970817,0.5886138670002765,1391,1263,True,True,1,2,0,0,True,0.15889333900031488,0.15665550899939262,0.0,0.0,0.00012423300086084055,False,
diag00_a1_s23_llama1b_kv3072_cap12-07_long_burst_guard_fast,llama1b,3072,12,23,long,burst,guard_fast,5,cmpl-diag00_a1_s23_llama1b_kv3072_cap12-07_long_burst_guard_fast-r5-0-a7ff08c5,7170.954001409,7171.266965084,7171.543836605,0.3129636749999918,0.2768715210004302,0.589835196000422,1393,1265,True,True,1,2,0,0,True,0.15618644400001358,0.15656355300052383,0.0,0.0,0.00021367799945437582,False,
diag00_a1_s23_llama1b_kv3072_cap12-07_long_burst_guard_fast,llama1b,3072,12,23,long,burst,guard_fast,5,cmpl-diag00_a1_s23_llama1b_kv3072_cap12-07_long_burst_guard_fast-r5-0-a7ff08c5,7171.543273475,7171.857585848,7172.13029809,0.31431237299966597,0.2727122420001251,0.5870246149997911,1395,1267,True,True,1,2,0,0,True,0.15863558999990346,0.15548254799978167,0.0,0.0,0.0001942349999808357,False,
diag00_a1_s23_llama1b_kv3072_cap12-07_long_burst_guard_fast,llama1b,3072,12,23,long,burst,guard_fast,5,cmpl-diag00_a1_s23_llama1b_kv3072_cap12-07_long_burst_guard_fast-r5-0-a7ff08c5,7172.129565501,7172.446076381,7172.720464602,0.3165108800003509,0.2743882209997537,0.5908991010001046,1397,1269,True,True,1,2,0,0,True,0.15892998799972702,0.15741701100068894,0.0,0.0,0.00016388099993491778,False,
diag00_a1_s23_llama1b_kv3072_cap12-07_long_burst_guard_fast,llama1b,3072,12,23,long,burst,guard_fast,5,cmpl-diag00_a1_s23_llama1b_kv3072_cap12-07_long_burst_guard_fast-r5-0-a7ff08c5,7172.719747772,7173.033623315,7173.309415114,0.31387554299999465,0.275791799000217,0.5896673420002116,1399,1271,True,True,1,2,0,0,True,0.16030077199957304,0.15347120800015546,0.0,0.0,0.00010356300026614917,False,
diag00_a1_s23_llama1b_kv3072_cap12-07_long_burst_guard_fast,llama1b,3072,12,23,long,burst,guard_fast,5,cmpl-diag00_a1_s23_llama1b_kv3072_cap12-07_long_burst_guard_fast-r5-0-a7ff08c5,7173.308736035,7173.626302208,7173.900410379,0.3175661730001593,0.2741081710000799,0.5916743440002392,1401,1273,True,True,1,2,0,0,True,0.16030253400003858,0.15715066699976887,0.0,0.0,0.00011297200035187416,False,
diag00_a1_s23_llama1b_kv3072_cap12-07_long_burst_guard_fast,llama1b,3072,12,23,long,burst,guard_fast,5,cmpl-diag00_a1_s23_llama1b_kv3072_cap12-07_long_burst_guard_fast-r5-0-a7ff08c5,7173.899130762,7174.213473739,7174.496854725,0.3143429769997965,0.28338098600033845,0.597723963000135,1403,1275,True,True,1,2,0,0,True,0.1549306050001178,0.1592865550001079,0.0,0.0,0.00012581699957081582,False,
diag00_a1_s23_llama1b_kv3072_cap12-07_long_burst_guard_fast,llama1b,3072,12,23,long,burst,guard_fast,5,cmpl-diag00_a1_s23_llama1b_kv3072_cap12-07_long_burst_guard_fast-r5-0-a7ff08c5,7174.496077894,7174.816621603,7175.094591811,0.3205437090000487,0.27797020799971506,0.5985139169997638,1405,1277,True,True,1,2,0,0,True,0.16111833299964928,0.15929345400036254,0.0,0.0,0.00013192200003686594,False,
diag00_a1_s23_llama1b_kv3072_cap12-07_long_burst_guard_fast,llama1b,3072,12,23,long,burst,guard_fast,5,cmpl-diag00_a1_s23_llama1b_kv3072_cap12-07_long_burst_guard_fast-r5-0-a7ff08c5,7175.093831286,7175.412388191,7175.695732527,0.31855690500015044,0.28334433599957265,0.6019012409997231,1407,1279,True,True,1,2,0,0,True,0.1599148650002462,0.15833209300035378,0.0,0.0,0.0003099469995504478,False,
diag00_a1_s23_llama1b_kv3072_cap12-07_long_burst_guard_fast,llama1b,3072,12,23,long,burst,guard_fast,5,cmpl-diag00_a1_s23_llama1b_kv3072_cap12-07_long_burst_guard_fast-r5-0-a7ff08c5,7175.695087359,7176.012082802,7176.296725009,0.3169954429995414,0.2846422069997061,0.6016376499992475,1409,1281,True,True,1,2,0,0,True,0.16011297899967758,0.15675102200020774,0.0,0.0,0.00013144199965609005,False,
diag00_a1_s23_llama1b_kv3072_cap12-07_long_burst_guard_fast,llama1b,3072,12,23,long,burst,guard_fast,5,cmpl-diag00_a1_s23_llama1b_kv3072_cap12-07_long_burst_guard_fast-r5-0-a7ff08c5,7176.295565131,7176.61327885,7176.906170883,0.31771371899958467,0.2928920330004985,0.6106057520000832,1411,1283,True,True,1,2,0,0,True,0.16043262599941954,0.1571837190003862,0.0,0.0,9.737399977893801e-05,False,
diag00_a1_s23_llama1b_kv3072_cap12-07_long_burst_guard_fast,llama1b,3072,12,23,long,burst,guard_fast,5,cmpl-diag00_a1_s23_llama1b_kv3072_cap12-07_long_burst_guard_fast-r5-0-a7ff08c5,7176.90547037,7177.223672605,7177.512143555,0.31820223499926215,0.2884709500003737,0.6066731849996359,1413,1285,True,True,1,2,0,0,True,0.1592215849996137,0.1588578780001626,0.0,0.0,0.00012277199948584894,False,
diag00_a1_s23_llama1b_kv3072_cap12-07_long_burst_guard_fast,llama1b,3072,12,23,long,burst,guard_fast,5,cmpl-diag00_a1_s23_llama1b_kv3072_cap12-07_long_burst_guard_fast-r5-0-a7ff08c5,7177.511278385,7177.827457219,7178.113987198,0.3161788340003113,0.28652997900007904,0.6027088130003904,1415,1287,True,True,1,2,0,0,True,0.15833767900039675,0.1577167549994556,0.0,0.0,0.0001244000004589907,False,
diag00_a1_s23_llama1b_kv3072_cap12-07_long_burst_guard_fast,llama1b,3072,12,23,long,burst,guard_fast,5,cmpl-diag00_a1_s23_llama1b_kv3072_cap12-07_long_burst_guard_fast-r5-0-a7ff08c5,7178.113267771,7178.433126008,7178.721085838,0.31985823699960747,0.2879598300005455,0.607818067000153,1417,1289,True,True,1,2,0,0,True,0.16106892500010872,0.15863011199962784,0.0,0.0,0.00015919999987090705,False,
diag00_a1_s23_llama1b_kv3072_cap12-07_long_burst_guard_fast,llama1b,3072,12,23,long,burst,guard_fast,5,cmpl-diag00_a1_s23_llama1b_kv3072_cap12-07_long_burst_guard_fast-r5-0-a7ff08c5,7178.720564567,7179.03430647,7179.320678371,0.31374190299993643,0.28637190100016596,0.6001138040001024,1419,1291,True,True,1,2,0,0,True,0.15718672399998468,0.15645178599970677,0.0,0.0,0.00010339300024497788,False,
diag00_a1_s23_llama1b_kv3072_cap12-07_long_burst_guard_fast,llama1b,3072,12,23,long,burst,guard_fast,5,cmpl-diag00_a1_s23_llama1b_kv3072_cap12-07_long_burst_guard_fast-r5-0-a7ff08c5,7179.319384097,7179.635729766,7179.921734714,0.31634566899992933,0.2860049480004818,0.6023506170004111,1421,1293,True,True,1,2,0,0,True,0.16017037500023434,0.15605049199984933,0.0,0.0,0.00012480199984565843,False,
diag00_a1_s23_llama1b_kv3072_cap12-07_long_burst_guard_fast,llama1b,3072,12,23,long,burst,guard_fast,5,cmpl-diag00_a1_s23_llama1b_kv3072_cap12-07_long_burst_guard_fast-r5-0-a7ff08c5,7179.920286938,7180.237606954,7180.523391398,0.31732001599993964,0.28578444400045555,0.6031044600003952,1423,1295,True,True,1,2,0,0,True,0.15829264500007412,0.1589103639998939,0.0,0.0,0.0001170069999716361,False,
diag00_a1_s23_llama1b_kv3072_cap12-07_long_burst_guard_fast,llama1b,3072,12,23,long,burst,guard_fast,5,cmpl-diag00_a1_s23_llama1b_kv3072_cap12-07_long_burst_guard_fast-r5-0-a7ff08c5,7180.522578079,7180.839086753,7181.127097675,0.31650867400003335,0.28801092200046696,0.6045195960005003,1425,1297,True,True,1,2,0,0,True,0.1582239870003832,0.15807785499964666,0.0,0.0,0.00020683200000348734,False,
diag00_a1_s23_llama1b_kv3072_cap12-07_long_burst_guard_fast,llama1b,3072,12,23,long,burst,guard_fast,5,cmpl-diag00_a1_s23_llama1b_kv3072_cap12-07_long_burst_guard_fast-r5-0-a7ff08c5,7181.126390314,7181.452259072,7181.737023151,0.32586875800006965,0.28476407900052436,0.610632837000594,1427,1299,True,True,1,2,0,0,True,0.16886160600006406,0.1568720650002433,0.0,0.0,0.00013508699976227945,False,
diag00_a1_s23_llama1b_kv3072_cap12-07_long_burst_guard_fast,llama1b,3072,12,23,long,burst,guard_fast,5,cmpl-diag00_a1_s23_llama1b_kv3072_cap12-07_long_burst_guard_fast-r5-0-a7ff08c5,7181.736390011,7182.059985755,7182.347915509,0.32359574399924895,0.2879297540002881,0.611525497999537,1429,1301,True,True,1,2,0,0,True,0.166538233999745,0.15693358199951035,0.0,0.0,0.0001239279999936116,False,
diag00_a1_s23_llama1b_kv3072_cap12-07_long_burst_guard_fast,llama1b,3072,12,23,long,burst,guard_fast,5,cmpl-diag00_a1_s23_llama1b_kv3072_cap12-07_long_burst_guard_fast-r5-0-a7ff08c5,7182.346880411,7182.673515489,7182.957313722,0.3266350780004359,0.2837982330001978,0.6104333110006337,1431,1303,True,True,1,2,0,0,True,0.16908357500051352,0.157456848000038,0.0,0.0,9.465499988436932e-05,False,
diag00_a1_s23_llama1b_kv3072_cap12-07_long_burst_guard_fast,llama1b,3072,12,23,long,burst,guard_fast,5,cmpl-diag00_a1_s23_llama1b_kv3072_cap12-07_long_burst_guard_fast-r5-0-a7ff08c5,7182.956441051,7183.285478118,7183.574346063,0.3290370670001721,0.2888679449997653,0.6179050119999374,1433,1305,True,True,1,2,0,0,True,0.16945492699960596,0.15948571900025854,0.0,0.0,9.642100030760048e-05,False,
diag00_a1_s23_llama1b_kv3072_cap12-07_long_burst_guard_fast,llama1b,3072,12,23,long,burst,guard_fast,5,cmpl-diag00_a1_s23_llama1b_kv3072_cap12-07_long_burst_guard_fast-r5-0-a7ff08c5,7183.573496863,7183.905223202,7184.193130774,0.3317263389999425,0.2879075719993125,0.619633910999255,1435,1307,True,True,1,2,0,0,True,0.172492324999439,0.1591389330005768,0.0,0.0,9.508099992672214e-05,False,
diag00_a1_s23_llama1b_kv3072_cap12-07_long_burst_guard_fast,llama1b,3072,12,23,long,burst,guard_fast,5,cmpl-diag00_a1_s23_llama1b_kv3072_cap12-07_long_burst_guard_fast-r5-0-a7ff08c5,7184.192322193,7184.517214647,7184.803780208,0.32489245400029176,0.28656556099940644,0.6114580149996982,1437,1309,True,True,1,2,0,0,True,0.16902406499957578,0.1557321240006786,0.0,0.0,0.0001362650000373833,False,
diag00_a1_s23_llama1b_kv3072_cap12-07_long_burst_guard_fast,llama1b,3072,12,23,long,burst,guard_fast,5,cmpl-diag00_a1_s23_llama1b_kv3072_cap12-07_long_burst_guard_fast-r5-0-a7ff08c5,7184.803099713,7185.134397395,7185.420381779,0.3312976819997857,0.2859843840005851,0.6172820660003708,1439,1311,True,True,1,2,0,0,True,0.1697087479997208,0.16146659800051566,0.0,0.0,0.00012233599954925012,False,
diag00_a1_s23_llama1b_kv3072_cap12-07_long_burst_guard_fast,llama1b,3072,12,23,long,burst,guard_fast,5,cmpl-diag00_a1_s23_llama1b_kv3072_cap12-07_long_burst_guard_fast-r5-0-a7ff08c5,7185.419556003,7185.745521737,7186.034151437,0.3259657339995101,0.28862970000045607,0.6145954339999662,1441,1313,True,True,1,2,0,0,True,0.16957826199995907,0.15627868299998227,0.0,0.0,0.0001087889995687874,False,
diag00_a1_s23_llama1b_kv3072_cap12-07_long_burst_guard_fast,llama1b,3072,12,23,long,burst,guard_fast,5,cmpl-diag00_a1_s23_llama1b_kv3072_cap12-07_long_burst_guard_fast-r5-0-a7ff08c5,7186.033458042,7186.361039259,7186.649324834,0.32758121699953335,0.2882855750003728,0.6158667919999061,1443,1315,True,True,1,2,0,0,True,0.17008953999993537,0.1573348679994524,0.0,0.0,0.00015680900014558574,False,
diag00_a1_s23_llama1b_kv3072_cap12-07_long_burst_guard_fast,llama1b,3072,12,23,long,burst,guard_fast,5,cmpl-diag00_a1_s23_llama1b_kv3072_cap12-07_long_burst_guard_fast-r5-0-a7ff08c5,7186.648595861,7186.978598835,7187.271227535,0.3300029740003083,0.29262870000002295,0.6226316740003313,1445,1317,True,True,1,2,0,0,True,0.16975216700029705,0.16013939699951152,0.0,0.0,0.00011141000049974537,False,
diag00_a1_s23_llama1b_kv3072_cap12-07_long_burst_guard_fast,llama1b,3072,12,23,long,burst,guard_fast,5,cmpl-diag00_a1_s23_llama1b_kv3072_cap12-07_long_burst_guard_fast-r5-0-a7ff08c5,7187.27046338,7187.597318695,7187.891356726,0.32685531499919307,0.2940380310001274,0.6208933459993204,1447,1319,True,True,1,2,0,0,True,0.17069847699985985,0.15585026999997353,0.0,0.0,0.00030656799935968593,False,
diag00_a1_s23_llama1b_kv3072_cap12-07_long_burst_guard_fast,llama1b,3072,12,23,long,burst,guard_fast,5,cmpl-diag00_a1_s23_llama1b_kv3072_cap12-07_long_burst_guard_fast-r5-0-a7ff08c5,7187.890638193,7188.221206728,7188.508500175,0.33056853499965655,0.287293447000593,0.6178619820002496,1449,1321,True,True,1,2,0,0,True,0.1719883289997597,0.15846634799981985,0.0,0.0,0.00011385800007701619,False,
diag00_a1_s23_llama1b_kv3072_cap12-07_long_burst_guard_fast,llama1b,3072,12,23,long,burst,guard_fast,5,cmpl-diag00_a1_s23_llama1b_kv3072_cap12-07_long_burst_guard_fast-r5-0-a7ff08c5,7188.507714837,7188.837125015,7189.133268465,0.32941017800021655,0.29614344999936293,0.6255536279995795,1451,1323,True,True,1,2,0,0,True,0.16861671500009834,0.16027480699995067,0.0,0.0,0.0005186560001675389,False,
diag00_a1_s23_llama1b_kv3072_cap12-07_long_burst_guard_fast,llama1b,3072,12,23,long,burst,guard_fast,5,cmpl-diag00_a1_s23_llama1b_kv3072_cap12-07_long_burst_guard_fast-r5-0-a7ff08c5,7189.132426001,7189.526241432,7189.764032978,0.3938154309998936,0.23779154600015318,0.6316069770000468,1453,1325,True,True,1,2,0,0,True,0.1839834830007021,0.20970789700004389,0.0,0.0,0.00012405099914758466,False,
diag00_a1_s23_llama1b_kv3072_cap12-07_long_burst_guard_fast,llama1b,3072,12,23,long,burst,guard_fast,5,cmpl-diag00_a1_s23_llama1b_kv3072_cap12-07_long_burst_guard_fast-r5-0-a7ff08c5,7189.763280782,7190.16142725,7190.398751298,0.39814646800004994,0.23732404800011864,0.6354705160001686,1455,1327,True,True,1,2,0,0,True,0.18589710600008402,0.2121275429999514,0.0,0.0,0.0001218190000145114,False,
diag00_a1_s23_llama1b_kv3072_cap12-07_long_burst_guard_fast,llama1b,3072,12,23,long,burst,guard_fast,5,cmpl-diag00_a1_s23_llama1b_kv3072_cap12-07_long_burst_guard_fast-r5-0-a7ff08c5,7190.398043754,7190.790575852,7191.033001189,0.39253209799971955,0.24242533699998603,0.6349574349997056,1457,1329,True,True,1,2,0,0,True,0.18168530399998417,0.21075118699991435,0.0,0.0,9.56069998210296e-05,False,
diag00_a1_s23_llama1b_kv3072_cap12-07_long_burst_guard_fast,llama1b,3072,12,23,long,burst,guard_fast,5,cmpl-diag00_a1_s23_llama1b_kv3072_cap12-07_long_burst_guard_fast-r5-0-a7ff08c5,7191.032115991,7191.423284622,7191.662254116,0.3911686310002551,0.23896949400023004,0.6301381250004852,1459,1331,True,True,1,2,0,0,True,0.18374938899978588,0.20730814900070982,0.0,0.0,0.00011109299975942122,False,
diag00_a1_s23_llama1b_kv3072_cap12-07_long_burst_guard_fast,llama1b,3072,12,23,long,burst,guard_fast,5,cmpl-diag00_a1_s23_llama1b_kv3072_cap12-07_long_burst_guard_fast-r5-0-a7ff08c5,7191.661504068,7192.059375969,7192.297609702,0.39787190100014413,0.2382337330000155,0.6361056340001596,1461,1333,True,True,1,2,0,0,True,0.18459278699992865,0.21315938000043388,0.0,0.0,0.0001197339997816016,False,
diag00_a1_s23_llama1b_kv3072_cap12-07_long_burst_guard_fast,llama1b,3072,12,23,long,burst,guard_fast,5,cmpl-diag00_a1_s23_llama1b_kv3072_cap12-07_long_burst_guard_fast-r5-0-a7ff08c5,7192.296858449,7192.689433342,7192.929560378,0.3925748929996189,0.2401270360005583,0.6327019290001772,1463,1335,True,True,1,2,0,0,True,0.18223183099962625,0.2102306340002542,0.0,0.0,0.00011242799973842921,False,
diag00_a1_s23_llama1b_kv3072_cap12-07_long_burst_guard_fast,llama1b,3072,12,23,long,burst,guard_fast,5,cmpl-diag00_a1_s23_llama1b_kv3072_cap12-07_long_burst_guard_fast-r5-0-a7ff08c5,7192.928914738,7193.323559879,7193.559950371,0.3946451410001828,0.2363904920002824,0.6310356330004652,1465,1337,True,True,1,2,0,0,True,0.18397576400002436,0.21056875600061176,0.0,0.0,0.00010062099954666337,False,
diag00_a1_s23_llama1b_kv3072_cap12-07_long_burst_guard_fast,llama1b,3072,12,23,long,burst,guard_fast,5,cmpl-diag00_a1_s23_llama1b_kv3072_cap12-07_long_burst_guard_fast-r5-0-a7ff08c5,7193.559359487,7193.954433636,7194.194104695,0.39507414900072035,0.2396710589991926,0.634745207999913,1467,1339,True,True,1,2,0,0,True,0.18320775700067315,0.21174684099969454,0.0,0.0,0.00011955100035265787,False,
diag00_a1_s23_llama1b_kv3072_cap12-07_long_burst_guard_fast,llama1b,3072,12,23,long,burst,guard_fast,5,cmpl-diag00_a1_s23_llama1b_kv3072_cap12-07_long_burst_guard_fast-r5-0-a7ff08c5,7194.193546518,7194.585673599,7194.828044451,0.3921270809996713,0.24237085200002184,0.6344979329996931,1469,1341,True,True,1,2,0,0,True,0.18363448599939147,0.20832924200021807,0.0,0.0,0.00016335300006176112,False,
diag00_a1_s23_llama1b_kv3072_cap12-07_long_burst_guard_fast,llama1b,3072,12,23,long,burst,guard_fast,5,cmpl-diag00_a1_s23_llama1b_kv3072_cap12-07_long_burst_guard_fast-r5-0-a7ff08c5,7194.827354628,7195.218830193,7195.456781942,0.3914755650002917,0.23795174899987614,0.6294273140001678,1471,1343,True,True,1,2,0,0,True,0.18307585300044593,0.2082390129999112,0.0,0.0,0.00016069899993453873,False,
diag00_a1_s23_llama1b_kv3072_cap12-07_long_burst_guard_fast,llama1b,3072,12,23,long,burst,guard_fast,5,cmpl-diag00_a1_s23_llama1b_kv3072_cap12-07_long_burst_guard_fast-r5-0-a7ff08c5,7195.45598572,7195.869489347,7196.105684948,0.4135036269999546,0.23619560099996306,0.6496992279999176,1473,1345,True,True,1,2,0,0,True,0.19654882499980886,0.21683021900025778,0.0,0.0,0.00012458299988793442,False,
diag00_a1_s23_llama1b_kv3072_cap12-07_long_burst_guard_fast,llama1b,3072,12,23,long,burst,guard_fast,5,cmpl-diag00_a1_s23_llama1b_kv3072_cap12-07_long_burst_guard_fast-r5-0-a7ff08c5,7196.104975119,7196.512395719,7196.752296992,0.40742059999956837,0.23990127300021413,0.6473218729997825,1475,1347,True,True,1,2,0,0,True,0.1981283799996163,0.2092018889998144,0.0,0.0,9.03310001376667e-05,False,
diag00_a1_s23_llama1b_kv3072_cap12-07_long_burst_guard_fast,llama1b,3072,12,23,long,burst,guard_fast,5,cmpl-diag00_a1_s23_llama1b_kv3072_cap12-07_long_burst_guard_fast-r5-0-a7ff08c5,7196.751476605,7197.159863794,7197.398128271,0.4083871889997681,0.23826447700048448,0.6466516660002526,1477,1349,True,True,1,2,0,0,True,0.19871320899983402,0.20951624100052868,0.0,0.0,0.00015773899940541014,False,
diag00_a1_s23_llama1b_kv3072_cap12-07_long_burst_guard_fast,llama1b,3072,12,23,long,burst,guard_fast,5,cmpl-diag00_a1_s23_llama1b_kv3072_cap12-07_long_burst_guard_fast-r5-0-a7ff08c5,7197.397462379,7197.806568412,7198.049051566,0.409106033000171,0.24248315400018328,0.6515891870003543,1479,1351,True,True,1,2,0,0,True,0.1942948409996461,0.21469389000048977,0.0,0.0,0.00011730200003512437,False,
diag00_a1_s23_llama1b_kv3072_cap12-07_long_burst_guard_fast,llama1b,3072,12,23,long,burst,guard_fast,5,cmpl-diag00_a1_s23_llama1b_kv3072_cap12-07_long_burst_guard_fast-r5-0-a7ff08c5,7198.048339867,7198.455914849,7198.706911802,0.40757498199945985,0.2509969530001399,0.6585719349995998,1481,1353,True,True,1,2,0,0,True,0.19942270999945322,0.20805494600062957,0.0,0.0,9.732599937706254e-05,False,
diag00_a1_s23_llama1b_kv3072_cap12-07_long_burst_guard_fast,llama1b,3072,12,23,long,burst,guard_fast,5,cmpl-diag00_a1_s23_llama1b_kv3072_cap12-07_long_burst_guard_fast-r5-0-a7ff08c5,7198.706089419,7199.122259139,7199.366577929,0.4161697199997434,0.2443187900007615,0.6604885100005049,1483,1355,True,True,1,2,0,0,True,0.20024921900039772,0.2157827549999638,0.0,0.0,0.00013774599938187748,False,
diag00_a1_s23_llama1b_kv3072_cap12-07_long_burst_guard_fast,llama1b,3072,12,23,long,burst,guard_fast,5,cmpl-diag00_a1_s23_llama1b_kv3072_cap12-07_long_burst_guard_fast-r5-0-a7ff08c5,7199.365787894,7199.777909838,7200.018698729,0.41212194399940927,0.24078889100019296,0.6529108349996022,1485,1357,True,True,1,2,0,0,True,0.19835915899966494,0.21363921800002572,0.0,0.0,0.00012356699971860508,False,
diag00_a1_s23_llama1b_kv3072_cap12-07_long_burst_guard_fast,llama1b,3072,12,23,long,burst,guard_fast,5,cmpl-diag00_a1_s23_llama1b_kv3072_cap12-07_long_burst_guard_fast-r5-0-a7ff08c5,7200.017968366,7200.428950801,7200.668342858,0.41098243499982345,0.23939205700025923,0.6503744920000827,1487,1359,True,True,1,2,0,0,True,0.1972041540002465,0.2136441599996033,0.0,0.0,0.00013412099997367477,False,
diag00_a1_s23_llama1b_kv3072_cap12-07_long_burst_guard_fast,llama1b,3072,12,23,long,burst,guard_fast,5,cmpl-diag00_a1_s23_llama1b_kv3072_cap12-07_long_burst_guard_fast-r5-0-a7ff08c5,7200.66706322,7201.076465167,7201.319330772,0.40940194699942367,0.2428656050005884,0.6522675520000121,1489,1361,True,True,1,2,0,0,True,0.19596140999965428,0.21333609900011652,0.0,0.0,0.00010443799965287326,False,
diag00_a1_s23_llama1b_kv3072_cap12-07_long_burst_guard_fast,llama1b,3072,12,23,long,burst,guard_fast,5,cmpl-diag00_a1_s23_llama1b_kv3072_cap12-07_long_burst_guard_fast-r5-0-a7ff08c5,7201.318492189,7201.734617741,7201.977426649,0.4161255520002669,0.24280890800037014,0.658934460000637,1491,1363,True,True,1,2,0,0,True,0.20637980900028197,0.20934324199970433,0.0,0.0,0.0004025010002806084,False,
diag00_a1_s23_llama1b_kv3072_cap12-07_long_burst_guard_fast,llama1b,3072,12,23,long,burst,guard_fast,5,cmpl-diag00_a1_s23_llama1b_kv3072_cap12-07_long_burst_guard_fast-r5-0-a7ff08c5,7201.976739924,7202.385354271,7202.626684684,0.40861434700036625,0.24133041299955948,0.6499447599999257,1493,1365,True,True,1,2,0,0,True,0.19970544199986762,0.2088021290001052,0.0,0.0,0.00010677600039343815,False,
diag00_a1_s23_llama1b_kv3072_cap12-07_long_burst_guard_fast,llama1b,3072,12,23,long,burst,guard_fast,5,cmpl-diag00_a1_s23_llama1b_kv3072_cap12-07_long_burst_guard_fast-r5-0-a7ff08c5,7202.626021393,7203.038030645,7203.27853997,0.41200925199973426,0.24050932499994815,0.6525185769996824,1495,1367,True,True,1,2,0,0,True,0.19973666799978673,0.21217989300021145,0.0,0.0,9.269099973607808e-05,False,
diag00_a1_s23_llama1b_kv3072_cap12-07_long_burst_guard_fast,llama1b,3072,12,23,long,burst,guard_fast,5,cmpl-diag00_a1_s23_llama1b_kv3072_cap12-07_long_burst_guard_fast-r5-0-a7ff08c5,7203.277722469,7203.68973575,7203.930308996,0.41201328100032697,0.24057324600016727,0.6525865270004942,1497,1369,True,True,1,2,0,0,True,0.19995975300025748,0.2119325920002666,0.0,0.0,0.00012093599980289582,False,
diag00_a1_s23_llama1b_kv3072_cap12-07_long_burst_guard_fast,llama1b,3072,12,23,long,burst,guard_fast,5,cmpl-diag00_a1_s23_llama1b_kv3072_cap12-07_long_burst_guard_fast-r5-0-a7ff08c5,7203.929623544,7204.341860479,7204.592816835,0.41223693500069203,0.2509563559997332,0.6631932910004252,1499,1371,True,True,1,2,0,0,True,0.200765218000015,0.21132494599987695,0.0,0.0,0.00014677100080007222,False,
diag00_a1_s23_llama1b_kv3072_cap12-07_long_burst_guard_fast,llama1b,3072,12,23,long,burst,guard_fast,5,cmpl-diag00_a1_s23_llama1b_kv3072_cap12-07_long_burst_guard_fast-r5-0-a7ff08c5,7204.592488325,7205.003945091,7205.256360555,0.4114567659999011,0.2524154640004781,0.6638722300003792,1501,1373,True,True,1,2,0,0,True,0.19880898500014155,0.2124718879995271,0.0,0.0,0.00017589300023246324,False,
diag00_a1_s23_llama1b_kv3072_cap12-07_long_burst_guard_fast,llama1b,3072,12,23,long,burst,guard_fast,5,cmpl-diag00_a1_s23_llama1b_kv3072_cap12-07_long_burst_guard_fast-r5-0-a7ff08c5,7205.25568823,7205.67037805,7205.92504572,0.4146898200006035,0.254667669999435,0.6693574900000385,1503,1375,True,True,1,2,0,0,True,0.2041388960005861,0.21044526399964525,0.0,0.0,0.00010566000037215417,False,
diag00_a1_s23_llama1b_kv3072_cap12-07_long_burst_guard_fast,llama1b,3072,12,23,long,burst,guard_fast,5,cmpl-diag00_a1_s23_llama1b_kv3072_cap12-07_long_burst_guard_fast-r5-0-a7ff08c5,7205.92351883,7206.336774747,7206.590701902,0.41325591700024233,0.2539271549994737,0.667183071999716,1505,1377,True,True,1,2,0,0,True,0.2007391440001811,0.21242259999962698,0.0,0.0,9.417300043423893e-05,False,
diag00_a1_s23_llama1b_kv3072_cap12-07_long_burst_guard_fast,llama1b,3072,12,23,long,burst,guard_fast,5,cmpl-diag00_a1_s23_llama1b_kv3072_cap12-07_long_burst_guard_fast-r5-0-a7ff08c5,7206.590089497,7207.002083332,7207.258437713,0.4119938350004304,0.2563543809992552,0.6683482159996856,1507,1379,True,True,1,2,0,0,True,0.20001597899954504,0.21177800500026933,0.0,0.0,0.0001998510006160359,False,
diag00_a1_s23_llama1b_kv3072_cap12-07_long_burst_guard_fast,llama1b,3072,12,23,long,burst,guard_fast,5,cmpl-diag00_a1_s23_llama1b_kv3072_cap12-07_long_burst_guard_fast-r5-0-a7ff08c5,7207.257446678,7207.667684903,7207.921732391,0.41023822500028473,0.25404748799974186,0.6642857130000266,1509,1381,True,True,1,2,0,0,True,0.1987822300006883,0.21130327199989551,0.0,0.0,0.00015272299970092718,False,
diag00_a1_s23_llama1b_kv3072_cap12-07_long_burst_guard_fast,llama1b,3072,12,23,long,burst,guard_fast,5,cmpl-diag00_a1_s23_llama1b_kv3072_cap12-07_long_burst_guard_fast-r5-0-a7ff08c5,7207.921143387,7208.334248544,7208.587364902,0.4131051570002455,0.25311635800062504,0.6662215150008706,1511,1383,True,True,1,2,0,0,True,0.20013416100027825,0.2128738589999557,0.0,0.0,9.713700001157122e-05,False,
diag00_a1_s23_llama1b_kv3072_cap12-07_long_burst_guard_fast,llama1b,3072,12,23,long,burst,guard_fast,5,cmpl-diag00_a1_s23_llama1b_kv3072_cap12-07_long_burst_guard_fast-r5-0-a7ff08c5,7208.586609475,7209.001925638,7209.254959524,0.4153161630001705,0.25303388599968457,0.6683500489998551,1513,1385,True,True,1,2,0,0,True,0.20026644399968063,0.21492805800062342,0.0,0.0,0.0001216609998664353,False,
diag00_a1_s23_llama1b_kv3072_cap12-07_long_burst_guard_fast,llama1b,3072,12,23,long,burst,guard_fast,5,cmpl-diag00_a1_s23_llama1b_kv3072_cap12-07_long_burst_guard_fast-r5-0-a7ff08c5,7209.253991132,7209.66617461,7209.919788649,0.41218347799986077,0.25361403900024015,0.6657975170001009,1515,1387,True,True,1,2,0,0,True,0.20239005199982785,0.20967216200006078,0.0,0.0,0.00012126399997214321,False,
diag00_a1_s23_llama1b_kv3072_cap12-07_long_burst_guard_fast,llama1b,3072,12,23,long,burst,guard_fast,5,cmpl-diag00_a1_s23_llama1b_kv3072_cap12-07_long_burst_guard_fast-r5-0-a7ff08c5,7209.91902452,7210.334946433,7210.587376183,0.4159219130006022,0.25242974999946455,0.6683516630000668,1517,1389,True,True,1,2,0,0,True,0.20142883500011521,0.21438205800041032,0.0,0.0,0.00011102000007667812,False,
diag00_a1_s23_llama1b_kv3072_cap12-07_long_burst_guard_fast,llama1b,3072,12,23,long,burst,guard_fast,5,cmpl-diag00_a1_s23_llama1b_kv3072_cap12-07_long_burst_guard_fast-r5-0-a7ff08c5,7210.586645009,7210.999606909,7211.253949822,0.4129619000004823,0.25434291300007317,0.6673048130005554,1519,1391,True,True,1,2,0,0,True,0.20181546700041508,0.21102865299963014,0.0,0.0,0.00011778000043705106,False,
diag00_a1_s23_llama1b_kv3072_cap12-07_long_burst_guard_fast,llama1b,3072,12,23,long,burst,guard_fast,5,cmpl-diag00_a1_s23_llama1b_kv3072_cap12-07_long_burst_guard_fast-r5-0-a7ff08c5,7211.253093897,7211.666761339,7211.920920115,0.413667441999678,0.2541587759997128,0.6678262179993908,1521,1393,True,True,1,2,0,0,True,0.20078420899972116,0.21275618500021665,0.0,0.0,0.00012704799974017078,False,
diag00_a1_s23_llama1b_kv3072_cap12-07_long_burst_guard_fast,llama1b,3072,12,23,long,burst,guard_fast,5,cmpl-diag00_a1_s23_llama1b_kv3072_cap12-07_long_burst_guard_fast-r5-0-a7ff08c5,7211.919779289,7212.336283877,7212.589651229,0.4165045879999525,0.25336735200016847,0.669871940000121,1523,1395,True,True,1,2,0,0,True,0.20167437300005986,0.21472369900038757,0.0,0.0,0.00010651599950506352,False,
diag00_a1_s23_llama1b_kv3072_cap12-07_long_burst_guard_fast,llama1b,3072,12,23,long,burst,guard_fast,5,cmpl-diag00_a1_s23_llama1b_kv3072_cap12-07_long_burst_guard_fast-r5-0-a7ff08c5,7212.588917143,7213.001225271,7213.253583949,0.4123081280004044,0.2523586779998368,0.6646668060002412,1525,1397,True,True,1,2,0,0,True,0.1980144150002161,0.21414085000014893,0.0,0.0,0.00015286300003936049,False,
diag00_a1_s23_llama1b_kv3072_cap12-07_long_burst_guard_fast,llama1b,3072,12,23,long,burst,guard_fast,5,cmpl-diag00_a1_s23_llama1b_kv3072_cap12-07_long_burst_guard_fast-r5-0-a7ff08c5,7213.25289622,7213.665427955,7213.923992533,0.41253173499990226,0.258564578000005,0.6710963129999072,1527,1399,True,True,1,2,0,0,True,0.20257776800008287,0.20985585799917317,0.0,0.0,9.810900064621819e-05,False,
diag00_a1_s23_llama1b_kv3072_cap12-07_long_burst_guard_fast,llama1b,3072,12,23,long,burst,guard_fast,5,cmpl-diag00_a1_s23_llama1b_kv3072_cap12-07_long_burst_guard_fast-r5-0-a7ff08c5,7213.923301699,7214.334563004,7214.586977886,0.4112613050001528,0.252414881999357,0.6636761869995098,1529,1401,True,True,1,2,0,0,True,0.19734857299954456,0.21378698800072016,0.0,0.0,0.00012574399988807272,False,
diag00_a1_s23_llama1b_kv3072_cap12-07_long_burst_guard_fast,llama1b,3072,12,23,long,burst,guard_fast,5,cmpl-diag00_a1_s23_llama1b_kv3072_cap12-07_long_burst_guard_fast-r5-0-a7ff08c5,7214.586237191,7214.996769666,7215.249781577,0.41053247499985446,0.2530119110006126,0.6635443860004671,1531,1403,True,True,1,2,0,0,True,0.19868337600019004,0.21174135199999,0.0,0.0,0.00010774699967441848,False,
diag00_a1_s23_llama1b_kv3072_cap12-07_long_burst_guard_fast,llama1b,3072,12,23,long,burst,guard_fast,5,cmpl-diag00_a1_s23_llama1b_kv3072_cap12-07_long_burst_guard_fast-r5-0-a7ff08c5,7215.248962771,7215.663730455,7215.916884375,0.4147676840002532,0.25315391999993153,0.6679216040001847,1533,1405,True,True,1,2,0,0,True,0.20500177600024472,0.20964234399980342,0.0,0.0,0.00012356400020507863,False,
diag00_a1_s23_llama1b_kv3072_cap12-07_long_burst_guard_fast,llama1b,3072,12,23,long,burst,guard_fast,5,cmpl-diag00_a1_s23_llama1b_kv3072_cap12-07_long_burst_guard_fast-r5-0-a7ff08c5,7215.916113319,7216.331988341,7216.594104472,0.41587502200036397,0.262116130999857,0.677991153000221,1535,1407,True,True,1,2,0,0,True,0.20340446699992754,0.2123753650002982,0.0,0.0,9.519000013824552e-05,False,
diag00_a1_s23_llama1b_kv3072_cap12-07_long_burst_guard_fast,llama1b,3072,12,23,long,burst,guard_fast,5,cmpl-diag00_a1_s23_llama1b_kv3072_cap12-07_long_burst_guard_fast-r5-0-a7ff08c5,7216.593156855,7217.008938744,7217.270673159,0.41578188899984525,0.26173441499940964,0.6775163039992549,1537,1409,True,True,1,2,0,0,True,0.20203381599912973,0.21365197300019645,0.0,0.0,9.610000051907264e-05,False,
diag00_a1_s23_llama1b_kv3072_cap12-07_long_burst_guard_fast,llama1b,3072,12,23,long,burst,guard_fast,5,cmpl-diag00_a1_s23_llama1b_kv3072_cap12-07_long_burst_guard_fast-r5-0-a7ff08c5,7217.26998911,7217.685221374,7217.948111282,0.41523226400022395,0.26288990800003376,0.6781221720002577,1539,1411,True,True,1,2,0,0,True,0.20693569400009437,0.20818011199935427,0.0,0.0,0.00011645800077531021,False,
diag00_a1_s23_llama1b_kv3072_cap12-07_long_burst_guard_fast,llama1b,3072,12,23,long,burst,guard_fast,5,cmpl-diag00_a1_s23_llama1b_kv3072_cap12-07_long_burst_guard_fast-r5-0-a7ff08c5,7217.947306174,7218.368782809,7218.633662249,0.4214766349996353,0.26487944000018615,0.6863560749998214,1541,1413,True,True,1,2,0,0,True,0.2046195450002415,0.2167537289997199,0.0,0.0,0.000103360999673896,False,
diag00_a1_s23_llama1b_kv3072_cap12-07_long_burst_guard_fast,llama1b,3072,12,23,long,burst,guard_fast,5,cmpl-diag00_a1_s23_llama1b_kv3072_cap12-07_long_burst_guard_fast-r5-0-a7ff08c5,7218.632915657,7219.045172268,7219.308608793,0.41225661099997524,0.26343652499963355,0.6756931359996088,1543,1415,True,True,1,2,0,0,True,0.20422013699953823,0.20784343700051977,0.0,0.0,0.00019303699991723988,False,
diag00_a1_s23_llama1b_kv3072_cap12-07_long_burst_guard_fast,llama1b,3072,12,23,long,burst,guard_fast,5,cmpl-diag00_a1_s23_llama1b_kv3072_cap12-07_long_burst_guard_fast-r5-0-a7ff08c5,7219.307729342,7219.721756087,7219.985947393,0.4140267450002284,0.2641913059997023,0.6782180509999307,1545,1417,True,True,1,2,0,0,True,0.20640114599973458,0.20746901300026366,0.0,0.0,0.00015658600023016334,False,
diag00_a1_s23_llama1b_kv3072_cap12-07_long_burst_guard_fast,llama1b,3072,12,23,long,burst,guard_fast,5,cmpl-diag00_a1_s23_llama1b_kv3072_cap12-07_long_burst_guard_fast-r5-0-a7ff08c5,7219.985133075,7220.40277062,7220.668428527,0.41763754500061623,0.265657906999877,0.6832954520004932,1547,1419,True,True,1,2,0,0,True,0.20342248399992968,0.21409083000071405,0.0,0.0,0.00012423099997249665,False,
diag00_a1_s23_llama1b_kv3072_cap12-07_long_burst_guard_fast,llama1b,3072,12,23,long,burst,guard_fast,5,cmpl-diag00_a1_s23_llama1b_kv3072_cap12-07_long_burst_guard_fast-r5-0-a7ff08c5,7220.667442149,7221.08050153,7221.34442087,0.4130593810004939,0.2639193400000295,0.6769787210005234,1549,1421,True,True,1,2,0,0,True,0.20562164100010705,0.2073416860002908,0.0,0.0,9.605400009604637e-05,False,
diag00_a1_s23_llama1b_kv3072_cap12-07_long_burst_guard_fast,llama1b,3072,12,23,long,burst,guard_fast,5,cmpl-diag00_a1_s23_llama1b_kv3072_cap12-07_long_burst_guard_fast-r5-0-a7ff08c5,7221.343676932,7221.76250207,7222.024830013,0.418825138000102,0.26232794299994566,0.6811530810000477,1551,1423,True,True,1,2,0,0,True,0.20747342000049684,0.21122481200018228,0.0,0.0,0.00012690599942288827,False,
diag00_a1_s23_llama1b_kv3072_cap12-07_long_burst_guard_fast,llama1b,3072,12,23,long,burst,guard_fast,5,cmpl-diag00_a1_s23_llama1b_kv3072_cap12-07_long_burst_guard_fast-r5-0-a7ff08c5,7222.024159554,7222.439570409,7222.707859603,0.4154108550001183,0.26828919399940787,0.6837000489995262,1553,1425,True,True,1,2,0,0,True,0.20349671300027694,0.21182272499936516,0.0,0.0,9.14170004762127e-05,False,
diag00_a1_s23_llama1b_kv3072_cap12-07_long_burst_guard_fast,llama1b,3072,12,23,long,burst,guard_fast,5,cmpl-diag00_a1_s23_llama1b_kv3072_cap12-07_long_burst_guard_fast-r5-0-a7ff08c5,7222.70699856,7223.118023728,7223.385513333,0.411025167999469,0.2674896050002644,0.6785147729997334,1555,1427,True,True,1,2,0,0,True,0.20245906499985722,0.20845635699970444,0.0,0.0,0.00010974599990731804,False,
diag00_a1_s23_llama1b_kv3072_cap12-07_long_burst_guard_fast,llama1b,3072,12,23,long,burst,guard_fast,5,cmpl-diag00_a1_s23_llama1b_kv3072_cap12-07_long_burst_guard_fast-r5-0-a7ff08c5,7223.384746456,7223.802954184,7224.067976963,0.4182077279992882,0.2650227789999917,0.6832305069992799,1557,1429,True,True,1,2,0,0,True,0.20800703699933365,0.21004090800033737,0.0,0.0,0.00015978299961716402,False,
diag00_a1_s23_llama1b_kv3072_cap12-07_long_burst_guard_fast,llama1b,3072,12,23,long,burst,guard_fast,5,cmpl-diag00_a1_s23_llama1b_kv3072_cap12-07_long_burst_guard_fast-r5-0-a7ff08c5,7224.067109299,7224.484901072,7224.748971369,0.41779177300031733,0.26407029700021667,0.681862070000534,1559,1431,True,True,1,2,0,0,True,0.21168193600078666,0.20595045999925787,0.0,0.0,0.00015937700027279789,False,
diag00_a1_s23_llama1b_kv3072_cap12-07_long_burst_guard_fast,llama1b,3072,12,23,long,burst,guard_fast,5,cmpl-diag00_a1_s23_llama1b_kv3072_cap12-07_long_burst_guard_fast-r5-0-a7ff08c5,7224.748254079,7225.174764727,7225.435242526,0.42651064800065797,0.26047779900000023,0.6869884470006582,1561,1433,True,True,1,2,0,0,True,0.2122299140000905,0.2140982150003765,0.0,0.0,0.00018251900019095046,False,
diag00_a1_s23_llama1b_kv3072_cap12-07_long_burst_guard_fast,llama1b,3072,12,23,long,burst,guard_fast,5,cmpl-diag00_a1_s23_llama1b_kv3072_cap12-07_long_burst_guard_fast-r5-0-a7ff08c5,7225.434639294,7225.859121711,7226.131048386,0.42448241700003564,0.27192667500003154,0.6964090920000672,1563,1435,True,True,1,2,0,0,True,0.21130266300042422,0.21304077900003904,0.0,0.0,0.00013897499957238324,False,
diag00_a1_s23_llama1b_kv3072_cap12-07_long_burst_guard_fast,llama1b,3072,12,23,long,burst,guard_fast,5,cmpl-diag00_a1_s23_llama1b_kv3072_cap12-07_long_burst_guard_fast-r5-0-a7ff08c5,7226.130310407,7226.553824459,7226.82892323,0.4235140519995184,0.27509877100055746,0.6986128230000759,1565,1437,True,True,1,2,0,0,True,0.21201437499985332,0.21137761699992552,0.0,0.0,0.0001220599997395766,False,
diag00_a1_s23_llama1b_kv3072_cap12-07_long_burst_guard_fast,llama1b,3072,12,23,long,burst,guard_fast,5,cmpl-diag00_a1_s23_llama1b_kv3072_cap12-07_long_burst_guard_fast-r5-0-a7ff08c5,7226.828287381,7227.25026956,7227.525323909,0.4219821789993148,0.27505434900012915,0.6970365279994439,1567,1439,True,True,1,2,0,0,True,0.2093239010000616,0.21256055799949536,0.0,0.0,9.771999975782819e-05,False,
diag00_a1_s23_llama1b_kv3072_cap12-07_long_burst_guard_fast,llama1b,3072,12,23,long,burst,guard_fast,5,cmpl-diag00_a1_s23_llama1b_kv3072_cap12-07_long_burst_guard_fast-r5-0-a7ff08c5,7227.52459839,7227.939658527,7228.218602889,0.4150601369992728,0.2789443620004022,0.694004498999675,1569,1441,True,True,1,2,0,0,True,0.20385355399957916,0.21108889399965847,0.0,0.0,0.00011768900003517047,False,
diag00_a1_s23_llama1b_kv3072_cap12-07_long_burst_guard_fast,llama1b,3072,12,23,long,burst,guard_fast,5,cmpl-diag00_a1_s23_llama1b_kv3072_cap12-07_long_burst_guard_fast-r5-0-a7ff08c5,7228.217894098,7228.634273239,7228.906501891,0.41637914100010676,0.2722286519992849,0.6886077929993917,1571,1443,True,True,1,2,0,0,True,0.20750879099978192,0.208747876000416,0.0,0.0,0.00012247399990883423,False,
diag00_a1_s23_llama1b_kv3072_cap12-07_long_burst_guard_fast,llama1b,3072,12,23,long,burst,guard_fast,5,cmpl-diag00_a1_s23_llama1b_kv3072_cap12-07_long_burst_guard_fast-r5-0-a7ff08c5,7228.90536852,7229.331777185,7229.60837503,0.4264086650000536,0.27659784500065143,0.703006510000705,1573,1445,True,True,1,2,0,0,True,0.21373065500029043,0.2125603719996434,0.0,0.0,0.00011763800011976855,False,
diag00_a1_s23_llama1b_kv3072_cap12-07_long_burst_guard_fast,llama1b,3072,12,23,long,burst,guard_fast,5,cmpl-diag00_a1_s23_llama1b_kv3072_cap12-07_long_burst_guard_fast-r5-0-a7ff08c5,7229.607101723,7230.029000417,7230.309710655,0.421898694000447,0.28071023800021067,0.7026089320006577,1575,1447,True,True,1,2,0,0,True,0.20982985600039683,0.2119496010000148,0.0,0.0,0.00011923700003535487,False,
diag00_a1_s23_llama1b_kv3072_cap12-07_long_burst_guard_fast,llama1b,3072,12,23,long,burst,guard_fast,5,cmpl-diag00_a1_s23_llama1b_kv3072_cap12-07_long_burst_guard_fast-r5-0-a7ff08c5,7230.309021933,7230.741644532,7231.025772658,0.432622598999842,0.28412812600072357,0.7167507250005656,1577,1449,True,True,1,2,0,0,True,0.21982843200021307,0.21268124299967894,0.0,0.0,0.00011292399994999869,False,
diag00_a1_s23_llama1b_kv3072_cap12-07_long_burst_guard_fast,llama1b,3072,12,23,long,burst,guard_fast,5,cmpl-diag00_a1_s23_llama1b_kv3072_cap12-07_long_burst_guard_fast-r5-0-a7ff08c5,7231.024973155,7231.448073753,7231.722691573,0.4231005980000191,0.2746178199995484,0.6977184179995675,1579,1451,True,True,1,2,0,0,True,0.21109818300010375,0.21189088999926753,0.0,0.0,0.00011152500064781634,False,
diag00_a1_s23_llama1b_kv3072_cap12-07_long_burst_guard_fast,llama1b,3072,12,23,long,burst,guard_fast,5,cmpl-diag00_a1_s23_llama1b_kv3072_cap12-07_long_burst_guard_fast-r5-0-a7ff08c5,7231.722003129,7232.143822421,7232.419454143,0.42181929199978185,0.275631722000071,0.6974510139998529,1581,1453,True,True,1,2,0,0,True,0.20942231200024253,0.21219914799985418,0.0,0.0,0.00019783199968514964,False,
diag00_a1_s23_llama1b_kv3072_cap12-07_long_burst_guard_fast,llama1b,3072,12,23,long,burst,guard_fast,5,cmpl-diag00_a1_s23_llama1b_kv3072_cap12-07_long_burst_guard_fast-r5-0-a7ff08c5,7232.418682009,7232.84296253,7233.125276203,0.42428052099967317,0.28231367300031707,0.7065941939999902,1583,1455,True,True,1,2,0,0,True,0.21354506900024717,0.2105649249997441,0.0,0.0,0.000170526999681897,False,
diag00_a1_s23_llama1b_kv3072_cap12-07_long_burst_guard_fast,llama1b,3072,12,23,long,burst,guard_fast,5,cmpl-diag00_a1_s23_llama1b_kv3072_cap12-07_long_burst_guard_fast-r5-0-a7ff08c5,7233.124540849,7233.546278844,7233.822177324,0.42173799499960296,0.27589848000025086,0.6976364749998538,1585,1457,True,True,1,2,0,0,True,0.21136640699933196,0.21018716800062975,0.0,0.0,0.0001844199996412499,False,
diag00_a1_s23_llama1b_kv3072_cap12-07_long_burst_guard_fast,llama1b,3072,12,23,long,burst,guard_fast,5,cmpl-diag00_a1_s23_llama1b_kv3072_cap12-07_long_burst_guard_fast-r5-0-a7ff08c5,7233.82103704,7234.24301972,7234.522486039,0.4219826799999282,0.27946631899976637,0.7014489989996946,1587,1459,True,True,1,2,0,0,True,0.21243060999950103,0.20930691800003842,0.0,0.0,0.00024515200038877083,False,
diag00_a1_s23_llama1b_kv3072_cap12-07_long_burst_guard_fast,llama1b,3072,12,23,long,burst,guard_fast,5,cmpl-diag00_a1_s23_llama1b_kv3072_cap12-07_long_burst_guard_fast-r5-0-a7ff08c5,7234.521754784,7234.942491341,7235.219731461,0.42073655700005475,0.27724011999998766,0.6979766770000424,1589,1461,True,True,1,2,0,0,True,0.20893127499948605,0.21168272100021568,0.0,0.0,0.00012256100035301642,False,
diag00_a1_s23_llama1b_kv3072_cap12-07_long_burst_guard_fast,llama1b,3072,12,23,long,burst,guard_fast,5,cmpl-diag00_a1_s23_llama1b_kv3072_cap12-07_long_burst_guard_fast-r5-0-a7ff08c5,7235.218414566,7235.644914236,7235.91864168,0.4264996699994299,0.27372744400054216,0.7002271139999721,1591,1463,True,True,1,2,0,0,True,0.21377344699976675,0.21260886100026255,0.0,0.0,0.00011736199940060033,False,
diag00_a1_s23_llama1b_kv3072_cap12-07_long_burst_guard_fast,llama1b,3072,12,23,long,burst,guard_fast,5,cmpl-diag00_a1_s23_llama1b_kv3072_cap12-07_long_burst_guard_fast-r5-0-a7ff08c5,7235.917628591,7236.349130413,7236.62307683,0.43150182200042764,0.2739464169999337,0.7054482390003614,1593,1465,True,True,1,2,0,0,True,0.21614439000040875,0.21520394099934492,0.0,0.0,0.00015349100067396648,False,
diag00_a1_s23_llama1b_kv3072_cap12-07_long_burst_guard_fast,llama1b,3072,12,23,long,burst,guard_fast,5,cmpl-diag00_a1_s23_llama1b_kv3072_cap12-07_long_burst_guard_fast-r5-0-a7ff08c5,7236.622384485,7237.049283621,7237.326441156,0.4268991359995198,0.27715753500069695,0.7040566710002167,1595,1467,True,True,1,2,0,0,True,0.21334360199944058,0.2134306240004662,0.0,0.0,0.00012490999961300986,False,
diag00_a1_s23_llama1b_kv3072_cap12-07_long_burst_guard_fast,llama1b,3072,12,23,long,burst,guard_fast,5,cmpl-diag00_a1_s23_llama1b_kv3072_cap12-07_long_burst_guard_fast-r5-0-a7ff08c5,7237.325714217,7237.75135995,7238.030131793,0.42564573300023767,0.2787718429999586,0.7044175760001963,1597,1469,True,True,1,2,0,0,True,0.21154732100058027,0.2140063659999214,0.0,0.0,9.204599973600125e-05,False,
diag00_a1_s23_llama1b_kv3072_cap12-07_long_burst_guard_fast,llama1b,3072,12,23,long,burst,guard_fast,5,cmpl-diag00_a1_s23_llama1b_kv3072_cap12-07_long_burst_guard_fast-r5-0-a7ff08c5,7238.029431868,7238.455105641,7238.732277223,0.4256737730001987,0.2771715819999372,0.7028453550001359,1599,1471,True,True,1,2,0,0,True,0.21294441700047173,0.21262487999956647,0.0,0.0,0.00010447600016050274,False,
diag00_a1_s23_llama1b_kv3072_cap12-07_long_burst_guard_fast,llama1b,3072,12,23,long,burst,guard_fast,5,cmpl-diag00_a1_s23_llama1b_kv3072_cap12-07_long_burst_guard_fast-r5-0-a7ff08c5,7238.731505048,7239.15388231,7239.432388859,0.42237726199982717,0.2785065489997578,0.700883810999585,1601,1473,True,True,1,2,0,0,True,0.21325470299962035,0.20894650399986858,0.0,0.0,0.00017605500033823773,False,
diag00_a1_s23_llama1b_kv3072_cap12-07_long_burst_guard_fast,llama1b,3072,12,23,long,burst,guard_fast,5,cmpl-diag00_a1_s23_llama1b_kv3072_cap12-07_long_burst_guard_fast-r5-0-a7ff08c5,7239.431643056,7239.852996467,7240.132898769,0.42135341099947254,0.27990230200066435,0.7012557130001369,1603,1475,True,True,1,2,0,0,True,0.20897381699978723,0.21225684100045328,0.0,0.0,0.0001227529992320342,False,
diag00_a1_s23_llama1b_kv3072_cap12-07_long_burst_guard_fast,llama1b,3072,12,23,long,burst,guard_fast,5,cmpl-diag00_a1_s23_llama1b_kv3072_cap12-07_long_burst_guard_fast-r5-0-a7ff08c5,7240.131994278,7240.55864562,7240.841513509,0.4266513419997864,0.28286788900004467,0.709519230999831,1605,1477,True,True,1,2,0,0,True,0.21481865999976435,0.21173586399982014,0.0,0.0,9.681800020189257e-05,False,
diag00_a1_s23_llama1b_kv3072_cap12-07_long_burst_guard_fast,llama1b,3072,12,23,long,burst,guard_fast,5,cmpl-diag00_a1_s23_llama1b_kv3072_cap12-07_long_burst_guard_fast-r5-0-a7ff08c5,7240.840726232,7241.26436521,7241.542662153,0.4236389779998717,0.27829694299998664,0.7019359209998584,1607,1479,True,True,1,2,0,0,True,0.20740375600053085,0.21614539299935132,0.0,0.0,8.982899998954963e-05,False,
diag00_a1_s23_llama1b_kv3072_cap12-07_long_burst_guard_fast,llama1b,3072,12,23,long,burst,guard_fast,5,cmpl-diag00_a1_s23_llama1b_kv3072_cap12-07_long_burst_guard_fast-r5-0-a7ff08c5,7241.541716257,7241.963713605,7242.246066433,0.42199734799942235,0.2823528280005121,0.7043501759999344,1609,1481,True,True,1,2,0,0,True,0.2116506570000638,0.21024164199934603,0.0,0.0,0.00010504900001251372,False,
diag00_a1_s23_llama1b_kv3072_cap12-07_long_burst_guard_fast,llama1b,3072,12,23,long,burst,guard_fast,5,cmpl-diag00_a1_s23_llama1b_kv3072_cap12-07_long_burst_guard_fast-r5-0-a7ff08c5,7242.245379125,7242.665405028,7242.944890031,0.4200259030003508,0.27948500299953594,0.6995109059998867,1611,1483,True,True,1,2,0,0,True,0.2089111650002451,0.2110159849999036,0.0,0.0,9.875300020212308e-05,False,
diag00_a1_s23_llama1b_kv3072_cap12-07_long_burst_guard_fast,llama1b,3072,12,23,long,burst,guard_fast,5,cmpl-diag00_a1_s23_llama1b_kv3072_cap12-07_long_burst_guard_fast-r5-0-a7ff08c5,7242.944186626,7243.338724292,7243.681466378,0.39453766599945084,0.3427420859998165,0.7372797519992673,1613,1485,True,True,1,1,0,0,True,0.39443400999971345,0.0,0.0,0.0,0.00010365599973738426,False,
diag00_a1_s23_llama1b_kv3072_cap12-07_long_burst_guard_fast,llama1b,3072,12,23,long,burst,guard_fast,5,cmpl-diag00_a1_s23_llama1b_kv3072_cap12-07_long_burst_guard_fast-r5-0-a7ff08c5,7243.680670295,7244.075613403,7244.418261989,0.39494310800000676,0.3426485859999957,0.7375916940000025,1615,1487,True,True,1,1,0,0,True,0.3948529850003979,0.0,0.0,0.0,9.012299960886594e-05,False,
diag00_a1_s23_llama1b_kv3072_cap12-07_long_burst_guard_fast,llama1b,3072,12,23,long,burst,guard_fast,5,cmpl-diag00_a1_s23_llama1b_kv3072_cap12-07_long_burst_guard_fast-r5-0-a7ff08c5,7244.417499124,7244.811656957,7245.152301965,0.39415783300046314,0.34064500800013775,0.7348028410006009,1617,1489,True,True,1,1,0,0,True,0.3940797080003904,0.0,0.0,0.0,7.812500007275958e-05,False,
diag00_a1_s23_llama1b_kv3072_cap12-07_long_burst_guard_fast,llama1b,3072,12,23,long,burst,guard_fast,5,cmpl-diag00_a1_s23_llama1b_kv3072_cap12-07_long_burst_guard_fast-r5-0-a7ff08c5,7245.151586847,7245.546117893,7245.88199827,0.3945310460003384,0.3358803769997394,0.7304114230000778,1619,1491,True,True,1,1,0,0,True,0.39445395000075223,0.0,0.0,0.0,7.709599958616309e-05,False,
diag00_a1_s23_llama1b_kv3072_cap12-07_long_burst_guard_fast,llama1b,3072,12,23,long,burst,guard_fast,5,cmpl-diag00_a1_s23_llama1b_kv3072_cap12-07_long_burst_guard_fast-r5-0-a7ff08c5,7245.881311134,7246.269080392,7246.602896833,0.3877692580008443,0.3338164409997262,0.7215856990005705,1621,1493,True,True,1,1,0,0,True,0.387684543999967,0.0,0.0,0.0,8.471400087728398e-05,False,
diag00_a1_s23_llama1b_kv3072_cap12-07_long_burst_guard_fast,llama1b,3072,12,23,long,burst,guard_fast,5,cmpl-diag00_a1_s23_llama1b_kv3072_cap12-07_long_burst_guard_fast-r5-0-a7ff08c5,7246.602122963,7246.988482074,7247.326560082,0.3863591110002744,0.3380780079996839,0.7244371189999583,1623,1495,True,True,1,1,0,0,True,0.38627992300007463,0.0,0.0,0.0,7.918800019979244e-05,False,
diag00_a1_s23_llama1b_kv3072_cap12-07_long_burst_guard_fast,llama1b,3072,12,23,long,burst,guard_fast,5,cmpl-diag00_a1_s23_llama1b_kv3072_cap12-07_long_burst_guard_fast-r5-0-a7ff08c5,7247.325846035,7247.7174585,7248.046034919,0.3916124650004349,0.32857641899954615,0.720188883999981,1625,1497,True,True,1,1,0,0,True,0.39153774100032024,0.0,0.0,0.0,7.472400011465652e-05,False,
diag00_a1_s23_llama1b_kv3072_cap12-07_long_burst_guard_fast,llama1b,3072,12,23,long,burst,guard_fast,5,cmpl-diag00_a1_s23_llama1b_kv3072_cap12-07_long_burst_guard_fast-r5-0-a7ff08c5,7248.045369002,7248.432252443,7248.766329878,0.3868834409995543,0.3340774349999265,0.7209608759994808,1627,1499,True,True,1,1,0,0,True,0.38680844999998953,0.0,0.0,0.0,7.49909995647613e-05,False,
diag00_a1_s23_llama1b_kv3072_cap12-07_long_burst_guard_fast,llama1b,3072,12,23,long,burst,guard_fast,5,cmpl-diag00_a1_s23_llama1b_kv3072_cap12-07_long_burst_guard_fast-r5-0-a7ff08c5,7248.765621419,7249.156913724,7249.491523984,0.3912923050002064,0.33461025999986305,0.7259025650000694,1629,1501,True,True,1,1,0,0,True,0.39117486299983284,0.0,0.0,0.0,0.00011744200037355768,False,
diag00_a1_s23_llama1b_kv3072_cap12-07_long_burst_guard_fast,llama1b,3072,12,23,long,burst,guard_fast,5,cmpl-diag00_a1_s23_llama1b_kv3072_cap12-07_long_burst_guard_fast-r5-0-a7ff08c5,7249.49040546,7249.882782229,7250.215334273,0.3923767690002933,0.3325520439993852,0.7249288129996785,1631,1503,True,True,1,1,0,0,True,0.39228955899943685,0.0,0.0,0.0,8.721000085643027e-05,False,
diag00_a1_s23_llama1b_kv3072_cap12-07_long_burst_guard_fast,llama1b,3072,12,23,long,burst,guard_fast,5,cmpl-diag00_a1_s23_llama1b_kv3072_cap12-07_long_burst_guard_fast-r5-0-a7ff08c5,7250.214640139,7250.778946003,7250.961105019,0.5643058639998344,0.1821590159997868,0.7464648799996212,1633,1505,True,True,1,3,0,0,True,0.3962292570004138,0.16791217099944333,0.0,0.0,0.00016443599997728597,False,
diag00_a1_s23_llama1b_kv3072_cap12-07_long_burst_guard_fast,llama1b,3072,12,23,long,burst,guard_fast,5,cmpl-diag00_a1_s23_llama1b_kv3072_cap12-07_long_burst_guard_fast-r5-0-a7ff08c5,7250.960635377,7251.525452058,7251.714564796,0.5648166810005932,0.18911273799949413,0.7539294190000874,1635,1507,True,True,1,3,0,0,True,0.39485045400033414,0.16986236200045823,0.0,0.0,0.00010386499980086228,False,
diag00_a1_s23_llama1b_kv3072_cap12-07_long_burst_guard_fast,llama1b,3072,12,23,long,burst,guard_fast,5,cmpl-diag00_a1_s23_llama1b_kv3072_cap12-07_long_burst_guard_fast-r5-0-a7ff08c5,7251.713908102,7252.276349849,7252.462178461,0.5624417470007756,0.18582861199956824,0.7482703590003439,1637,1509,True,True,1,3,0,0,True,0.39090092800051934,0.17140033600026072,0.0,0.0,0.00014048299999558367,False,
diag00_a1_s23_llama1b_kv3072_cap12-07_long_burst_guard_fast,llama1b,3072,12,23,long,burst,guard_fast,5,cmpl-diag00_a1_s23_llama1b_kv3072_cap12-07_long_burst_guard_fast-r5-0-a7ff08c5,7252.460937877,7253.020367853,7253.206805741,0.559429975999592,0.18643788800000038,0.7458678639995924,1639,1511,True,True,1,3,0,0,True,0.39317692700024054,0.16613332399992942,0.0,0.0,0.00011972499942203285,False,
diag00_a1_s23_llama1b_kv3072_cap12-07_long_burst_guard_fast,llama1b,3072,12,23,long,burst,guard_fast,5,cmpl-diag00_a1_s23_llama1b_kv3072_cap12-07_long_burst_guard_fast-r5-0-a7ff08c5,7253.206238075,7253.772854694,7253.958662729,0.5666166189994328,0.18580803500026377,0.7524246539996966,1641,1513,True,True,1,3,0,0,True,0.3958760559999064,0.17060751099961635,0.0,0.0,0.0001330519999100943,False,
diag00_a1_s23_llama1b_kv3072_cap12-07_long_burst_guard_fast,llama1b,3072,12,23,long,burst,guard_fast,5,cmpl-diag00_a1_s23_llama1b_kv3072_cap12-07_long_burst_guard_fast-r5-0-a7ff08c5,7253.95813284,7254.524519087,7254.715602798,0.5663862470000822,0.19108371099991928,0.7574699580000015,1643,1515,True,True,1,3,0,0,True,0.39609323799959384,0.17014415600078792,0.0,0.0,0.00014885299970046617,False,
diag00_a1_s23_llama1b_kv3072_cap12-07_long_burst_guard_fast,llama1b,3072,12,23,long,burst,guard_fast,5,cmpl-diag00_a1_s23_llama1b_kv3072_cap12-07_long_burst_guard_fast-r5-0-a7ff08c5,7254.714222255,7255.275916501,7255.464312932,0.5616942460001155,0.18839643100000103,0.7500906770001166,1645,1517,True,True,1,3,0,0,True,0.3902922019997277,0.1712916820006285,0.0,0.0,0.00011036199975933414,False,
diag00_a1_s23_llama1b_kv3072_cap12-07_long_burst_guard_fast,llama1b,3072,12,23,long,burst,guard_fast,5,cmpl-diag00_a1_s23_llama1b_kv3072_cap12-07_long_burst_guard_fast-r5-0-a7ff08c5,7255.463679129,7256.021625027,7256.214098722,0.5579458979991614,0.19247369500044442,0.7504195929996058,1647,1519,True,True,1,3,0,0,True,0.3904799469992213,0.16717598700051894,0.0,0.0,0.00028996399942116113,False,
diag00_a1_s23_llama1b_kv3072_cap12-07_long_burst_guard_fast,llama1b,3072,12,23,long,burst,guard_fast,5,cmpl-diag00_a1_s23_llama1b_kv3072_cap12-07_long_burst_guard_fast-r5-0-a7ff08c5,7256.213498917,7256.773869367,7256.964492322,0.5603704499999367,0.19062295500043547,0.7509934050003721,1649,1521,True,True,1,3,0,0,True,0.3896996660005243,0.17048011499991844,0.0,0.0,0.000190668999493937,False,
diag00_a1_s23_llama1b_kv3072_cap12-07_long_burst_guard_fast,llama1b,3072,12,23,long,burst,guard_fast,5,cmpl-diag00_a1_s23_llama1b_kv3072_cap12-07_long_burst_guard_fast-r5-0-a7ff08c5,7256.963504279,7257.527164785,7257.718457046,0.5636605060008151,0.19129226099994412,0.7549527670007592,1651,1523,True,True,1,3,0,0,True,0.39406373200017697,0.16943194699979358,0.0,0.0,0.00016482700084452517,False,
diag00_a1_s23_llama1b_kv3072_cap12-07_long_burst_guard_fast,llama1b,3072,12,23,long,burst,guard_fast,5,cmpl-diag00_a1_s23_llama1b_kv3072_cap12-07_long_burst_guard_fast-r5-0-a7ff08c5,7257.717911807,7258.282546249,7258.47471349,0.5646344420001697,0.19216724099987914,0.7568016830000488,1653,1525,True,True,1,3,0,0,True,0.3952238629999556,0.16927683599988086,0.0,0.0,0.00013374300033319741,False,
diag00_a1_s23_llama1b_kv3072_cap12-07_long_burst_guard_fast,llama1b,3072,12,23,long,burst,guard_fast,5,cmpl-diag00_a1_s23_llama1b_kv3072_cap12-07_long_burst_guard_fast-r5-0-a7ff08c5,7258.474094052,7259.039817194,7259.226822535,0.5657231420000244,0.18700534100025834,0.7527284830002827,1655,1527,True,True,1,3,0,0,True,0.3953644350003742,0.17008439900018857,0.0,0.0,0.00027430799946159823,False,
diag00_a1_s23_llama1b_kv3072_cap12-07_long_burst_guard_fast,llama1b,3072,12,23,long,burst,guard_fast,5,cmpl-diag00_a1_s23_llama1b_kv3072_cap12-07_long_burst_guard_fast-r5-0-a7ff08c5,7259.226006324,7259.79984496,7259.99490015,0.5738386359998913,0.1950551899999482,0.7688938259998395,1657,1529,True,True,1,3,0,0,True,0.40079082699958235,0.1728270480007268,0.0,0.0,0.0002207609995821258,False,
diag00_a1_s23_llama1b_kv3072_cap12-07_long_burst_guard_fast,llama1b,3072,12,23,long,burst,guard_fast,5,cmpl-diag00_a1_s23_llama1b_kv3072_cap12-07_long_burst_guard_fast-r5-0-a7ff08c5,7259.994302653,7260.565676632,7260.754319316,0.5713739789998726,0.18864268400011497,0.7600166629999876,1659,1531,True,True,1,3,0,0,True,0.39947822599970095,0.17170523599997978,0.0,0.0,0.0001905170001919032,False,
diag00_a1_s23_llama1b_kv3072_cap12-07_long_burst_guard_fast,llama1b,3072,12,23,long,burst,guard_fast,5,cmpl-diag00_a1_s23_llama1b_kv3072_cap12-07_long_burst_guard_fast-r5-0-a7ff08c5,7260.753771094,7261.321263947,7261.511333453,0.5674928530006582,0.19006950599941774,0.757562359000076,1661,1533,True,True,1,3,0,0,True,0.3950678210003389,0.1723080250003477,0.0,0.0,0.0001170069999716361,False,
diag00_a1_s23_llama1b_kv3072_cap12-07_long_burst_guard_fast,llama1b,3072,12,23,long,burst,guard_fast,5,cmpl-diag00_a1_s23_llama1b_kv3072_cap12-07_long_burst_guard_fast-r5-0-a7ff08c5,7261.510842667,,7261.511333453,,,,1663,,True,,,,,,,,,,,,True,7261.525935199
diag00_a1_s23_llama1b_kv3072_cap12-07_long_burst_guard_fast,llama1b,3072,12,23,long,burst,guard_fast,1,cmpl-diag00_a1_s23_llama1b_kv3072_cap12-07_long_burst_guard_fast-r1-0-aa8cf7c9,7076.958031622,7077.105990492,7077.219231704,0.147958870000366,0.11324121199959336,0.26120008199995937,947,691,True,True,0,5,0,0,True,0.016287073000057717,0.13160103399968648,0.0,0.0,7.076300062180962e-05,False,
diag00_a1_s23_llama1b_kv3072_cap12-07_long_burst_guard_fast,llama1b,3072,12,23,long,burst,guard_fast,1,cmpl-diag00_a1_s23_llama1b_kv3072_cap12-07_long_burst_guard_fast-r1-0-aa8cf7c9,7077.402281233,7077.547081869,7077.663202139,0.14480063599967252,0.1161202699995556,0.2609209059992281,957,701,True,True,0,5,0,0,True,0.015052521999677992,0.12966253099966707,0.0,0.0,8.558300032746047e-05,False,
diag00_a1_s23_llama1b_kv3072_cap12-07_long_burst_guard_fast,llama1b,3072,12,23,long,burst,guard_fast,1,cmpl-diag00_a1_s23_llama1b_kv3072_cap12-07_long_burst_guard_fast-r1-0-aa8cf7c9,7078.415349438,7078.567173484,7078.685233193,0.15182404600000154,0.11805970900059037,0.2698837550005919,992,736,True,True,0,8,0,0,True,0.015035395000268181,0.13667223999982525,0.0,0.0,0.00011641099990811199,False,
diag00_a1_s23_llama1b_kv3072_cap12-07_long_burst_guard_fast,llama1b,3072,12,23,long,burst,guard_fast,1,cmpl-diag00_a1_s23_llama1b_kv3072_cap12-07_long_burst_guard_fast-r1-0-aa8cf7c9,7078.710607889,7078.857742109,7078.97303267,0.14713422000022547,0.11529056099971058,0.26242478099993605,996,740,True,True,0,7,0,0,True,0.015490554000280099,0.13156445299955521,0.0,0.0,7.921300039015478e-05,False,
diag00_a1_s23_llama1b_kv3072_cap12-07_long_burst_guard_fast,llama1b,3072,12,23,long,burst,guard_fast,1,cmpl-diag00_a1_s23_llama1b_kv3072_cap12-07_long_burst_guard_fast-r1-0-aa8cf7c9,7078.999443031,7079.142164284,7079.261195858,0.14272125299976324,0.11903157400047348,0.2617528270002367,1000,744,True,True,0,4,0,0,True,0.0158479179999631,0.12678822900033992,0.0,0.0,8.510599946021102e-05,False,
diag00_a1_s23_llama1b_kv3072_cap12-07_long_burst_guard_fast,llama1b,3072,12,23,long,burst,guard_fast,1,cmpl-diag00_a1_s23_llama1b_kv3072_cap12-07_long_burst_guard_fast-r1-0-aa8cf7c9,7079.287488293,7079.434156598,7079.549740781,0.14666830500027572,0.1155841829995552,0.2622524879998309,1004,748,True,True,0,5,0,0,True,0.015798012999766797,0.13078995199975907,0.0,0.0,8.03400007498567e-05,False,
diag00_a1_s23_llama1b_kv3072_cap12-07_long_burst_guard_fast,llama1b,3072,12,23,long,burst,guard_fast,1,cmpl-diag00_a1_s23_llama1b_kv3072_cap12-07_long_burst_guard_fast-r1-0-aa8cf7c9,7079.57725939,7079.725757002,7079.841223797,0.1484976120000283,0.11546679499952006,0.2639644069995484,1008,752,True,True,0,7,0,0,True,0.014347876999636355,0.1340747240001292,0.0,0.0,7.501100026274798e-05,False,
diag00_a1_s23_llama1b_kv3072_cap12-07_long_burst_guard_fast,llama1b,3072,12,23,long,burst,guard_fast,1,cmpl-diag00_a1_s23_llama1b_kv3072_cap12-07_long_burst_guard_fast-r1-0-aa8cf7c9,7080.60630248,7080.75625908,7080.884738733,0.14995660000022326,0.12847965299988573,0.278436253000109,1037,781,True,True,0,7,0,0,True,0.016264992000287748,0.1336156220004341,0.0,0.0,7.59859995014267e-05,False,
diag00_a1_s23_llama1b_kv3072_cap12-07_long_burst_guard_fast,llama1b,3072,12,23,long,burst,guard_fast,1,cmpl-diag00_a1_s23_llama1b_kv3072_cap12-07_long_burst_guard_fast-r1-0-aa8cf7c9,7081.19321834,7081.34042198,7081.469345742,0.14720364000004338,0.128923761999431,0.2761274019994744,1051,795,True,True,0,4,0,0,True,0.016350998999769217,0.13076840600024298,0.0,0.0,8.423500003118534e-05,False,
diag00_a1_s23_llama1b_kv3072_cap12-07_long_burst_guard_fast,llama1b,3072,12,23,long,burst,guard_fast,1,cmpl-diag00_a1_s23_llama1b_kv3072_cap12-07_long_burst_guard_fast-r1-0-aa8cf7c9,7081.773104473,7081.9155072,7082.046846089,0.14240272700044443,0.1313388889993803,0.2737416159998247,1065,809,True,True,0,4,0,0,True,0.016149195000252803,0.12616933699973742,0.0,0.0,8.419500045420136e-05,False,
diag00_a1_s23_llama1b_kv3072_cap12-07_long_burst_guard_fast,llama1b,3072,12,23,long,burst,guard_fast,1,cmpl-diag00_a1_s23_llama1b_kv3072_cap12-07_long_burst_guard_fast-r1-0-aa8cf7c9,7082.781361978,7082.924357152,7083.057936323,0.14299517400013428,0.13357917099983752,0.2765743449999718,1091,835,True,True,0,4,0,0,True,0.01522151999961352,0.12769968900011008,0.0,0.0,7.396500041068066e-05,False,
diag00_a1_s23_llama1b_kv3072_cap12-07_long_burst_guard_fast,llama1b,3072,12,23,long,burst,guard_fast,1,cmpl-diag00_a1_s23_llama1b_kv3072_cap12-07_long_burst_guard_fast-r1-0-aa8cf7c9,7083.082223495,7083.263648699,7083.396207683,0.1814252040003339,0.1325589839998429,0.3139841880001768,1095,839,True,True,0,2,0,0,True,0.01563846199951513,0.16562650200012285,0.0,0.0,0.00016024000069592148,False,
diag00_a1_s23_llama1b_kv3072_cap12-07_long_burst_guard_fast,llama1b,3072,12,23,long,burst,guard_fast,1,cmpl-diag00_a1_s23_llama1b_kv3072_cap12-07_long_burst_guard_fast-r1-0-aa8cf7c9,7083.42184433,7083.614870496,7083.803759807,0.19302616599998146,0.18888931099991169,0.38191547699989314,1099,843,True,True,0,3,0,0,True,0.015131699999983539,0.17774501200074155,0.0,0.0,0.00014945399925636593,False,
diag00_a1_s23_llama1b_kv3072_cap12-07_long_burst_guard_fast,llama1b,3072,12,23,long,burst,guard_fast,1,cmpl-diag00_a1_s23_llama1b_kv3072_cap12-07_long_burst_guard_fast-r1-0-aa8cf7c9,7084.0149452,7084.208775422,7084.401741621,0.19383022200054256,0.19296619899978396,0.3867964210003265,1105,849,True,True,0,3,0,0,True,0.015343231000770174,0.17835506799929135,0.0,0.0,0.0001319230004810379,False,
diag00_a1_s23_llama1b_kv3072_cap12-07_long_burst_guard_fast,llama1b,3072,12,23,long,burst,guard_fast,1,cmpl-diag00_a1_s23_llama1b_kv3072_cap12-07_long_burst_guard_fast-r1-0-aa8cf7c9,7084.617417684,7084.807071084,7085.000294332,0.18965339999977004,0.1932232479994127,0.38287664799918275,1111,855,True,True,0,3,0,0,True,0.014805564999733178,0.17471042800025316,0.0,0.0,0.00013740699978370685,False,
diag00_a1_s23_llama1b_kv3072_cap12-07_long_burst_guard_fast,llama1b,3072,12,23,long,burst,guard_fast,1,cmpl-diag00_a1_s23_llama1b_kv3072_cap12-07_long_burst_guard_fast-r1-0-aa8cf7c9,7085.21866351,7085.417864498,7085.608706714,0.19920098800048436,0.1908422159995098,0.39004320399999415,1117,861,True,True,0,3,0,0,True,0.01560254900050495,0.18342355599997973,0.0,0.0,0.0001748829999996815,False,
diag00_a1_s23_llama1b_kv3072_cap12-07_long_burst_guard_fast,llama1b,3072,12,23,long,burst,guard_fast,1,cmpl-diag00_a1_s23_llama1b_kv3072_cap12-07_long_burst_guard_fast-r1-0-aa8cf7c9,7085.822898571,7086.020156479,7086.214241266,0.1972579080002106,0.19408478699915577,0.39134269499936636,1123,867,True,True,0,3,0,0,True,0.01544640599968261,0.18159618400022737,0.0,0.0,0.00021531800030061277,False,
diag00_a1_s23_llama1b_kv3072_cap12-07_long_burst_guard_fast,llama1b,3072,12,23,long,burst,guard_fast,1,cmpl-diag00_a1_s23_llama1b_kv3072_cap12-07_long_burst_guard_fast-r1-0-aa8cf7c9,7086.433036893,7086.635757452,7086.838196304,0.20272055900022679,0.20243885200034129,0.40515941100056807,1129,873,True,True,0,3,0,0,True,0.015560148000076879,0.1869673999999577,0.0,0.0,0.0001930110001922003,False,
diag00_a1_s23_llama1b_kv3072_cap12-07_long_burst_guard_fast,llama1b,3072,12,23,long,burst,guard_fast,1,cmpl-diag00_a1_s23_llama1b_kv3072_cap12-07_long_burst_guard_fast-r1-0-aa8cf7c9,7087.05720782,7087.259412155,7087.463099528,0.20220433499980572,0.2036873730003208,0.4058917080001265,1135,879,True,True,0,3,0,0,True,0.013993931000186421,0.18810743299945898,0.0,0.0,0.00010297100016032346,False,
diag00_a1_s23_llama1b_kv3072_cap12-07_long_burst_guard_fast,llama1b,3072,12,23,long,burst,guard_fast,1,cmpl-diag00_a1_s23_llama1b_kv3072_cap12-07_long_burst_guard_fast-r1-0-aa8cf7c9,7087.682376235,7087.885807148,7088.09125092,0.20343091299946536,0.2054437719998532,0.40887468499931856,1141,885,True,True,0,3,0,0,True,0.016467912999360124,0.18679630600036035,0.0,0.0,0.00016669399974489352,False,
diag00_a1_s23_llama1b_kv3072_cap12-07_long_burst_guard_fast,llama1b,3072,12,23,long,burst,guard_fast,1,cmpl-diag00_a1_s23_llama1b_kv3072_cap12-07_long_burst_guard_fast-r1-0-aa8cf7c9,7088.309117798,7088.515347802,7088.717237252,0.20623000399973535,0.2018894499997259,0.40811945399946126,1147,891,True,True,0,3,0,0,True,0.01585727899964695,0.19023876099981862,0.0,0.0,0.00013396400026977062,False,
diag00_a1_s23_llama1b_kv3072_cap12-07_long_burst_guard_fast,llama1b,3072,12,23,long,burst,guard_fast,1,cmpl-diag00_a1_s23_llama1b_kv3072_cap12-07_long_burst_guard_fast-r1-0-aa8cf7c9,7088.935288782,7089.139722188,7089.342874335,0.2044334060001347,0.20315214699985518,0.4075855529999899,1153,897,True,True,0,3,0,0,True,0.015960409000399522,0.18831076999958896,0.0,0.0,0.00016222700014623115,False,
diag00_a1_s23_llama1b_kv3072_cap12-07_long_burst_guard_fast,llama1b,3072,12,23,long,burst,guard_fast,1,cmpl-diag00_a1_s23_llama1b_kv3072_cap12-07_long_burst_guard_fast-r1-0-aa8cf7c9,7089.563306329,7089.766581487,7089.972841554,0.20327515799999674,0.20626006700058497,0.4095352250005817,1159,903,True,True,0,3,0,0,True,0.014416447000257904,0.18865057000039087,0.0,0.0,0.00020814099934796104,False,
diag00_a1_s23_llama1b_kv3072_cap12-07_long_burst_guard_fast,llama1b,3072,12,23,long,burst,guard_fast,1,cmpl-diag00_a1_s23_llama1b_kv3072_cap12-07_long_burst_guard_fast-r1-0-aa8cf7c9,7090.19097608,7090.397498236,7090.603150836,0.2065221559996644,0.20565260000057606,0.41217475600024045,1165,909,True,True,0,3,0,0,True,0.015892393000285665,0.19046765999974014,0.0,0.0,0.00016210299963859143,False,
diag00_a1_s23_llama1b_kv3072_cap12-07_long_burst_guard_fast,llama1b,3072,12,23,long,burst,guard_fast,1,cmpl-diag00_a1_s23_llama1b_kv3072_cap12-07_long_burst_guard_fast-r1-0-aa8cf7c9,7090.820908413,7091.028251475,7091.234838686,0.20734306199938146,0.20658721100062394,0.4139302730000054,1171,915,True,True,0,3,0,0,True,0.013565607999225904,0.19366082300075504,0.0,0.0,0.00011663099940051325,False,
diag00_a1_s23_llama1b_kv3072_cap12-07_long_burst_guard_fast,llama1b,3072,12,23,long,burst,guard_fast,1,cmpl-diag00_a1_s23_llama1b_kv3072_cap12-07_long_burst_guard_fast-r1-0-aa8cf7c9,7091.462286032,7091.670019855,7091.899682949,0.207733823000126,0.22966309399998863,0.4373969170001146,1177,921,True,True,0,3,0,0,True,0.017065106000700325,0.1903940229994987,0.0,0.0,0.0002746939999269671,False,
diag00_a1_s23_llama1b_kv3072_cap12-07_long_burst_guard_fast,llama1b,3072,12,23,long,burst,guard_fast,1,cmpl-diag00_a1_s23_llama1b_kv3072_cap12-07_long_burst_guard_fast-r1-0-aa8cf7c9,7092.145745566,7092.367438511,7092.593695462,0.22169294499963144,0.22625695100032317,0.4479498959999546,1183,927,True,True,0,3,0,0,True,0.01628211899969756,0.20526744600010716,0.0,0.0,0.00014337999982672045,False,
diag00_a1_s23_llama1b_kv3072_cap12-07_long_burst_guard_fast,llama1b,3072,12,23,long,burst,guard_fast,1,cmpl-diag00_a1_s23_llama1b_kv3072_cap12-07_long_burst_guard_fast-r1-0-aa8cf7c9,7092.853159566,7093.085111763,7093.310077396,0.23195219700028247,0.22496563300046546,0.4569178300007479,1189,933,True,True,0,3,0,0,True,0.021964580000712886,0.20976694599994516,0.0,0.0,0.00022067099962441716,False,
diag00_a1_s23_llama1b_kv3072_cap12-07_long_burst_guard_fast,llama1b,3072,12,23,long,burst,guard_fast,1,cmpl-diag00_a1_s23_llama1b_kv3072_cap12-07_long_burst_guard_fast-r1-0-aa8cf7c9,7093.557123554,7093.777035356,7094.002987791,0.21991180199984228,0.22595243500018114,0.4458642370000234,1195,939,True,True,0,3,0,0,True,0.01389844000004814,0.20588221500020154,0.0,0.0,0.0001311469995926018,False,
diag00_a1_s23_llama1b_kv3072_cap12-07_long_burst_guard_fast,llama1b,3072,12,23,long,burst,guard_fast,1,cmpl-diag00_a1_s23_llama1b_kv3072_cap12-07_long_burst_guard_fast-r1-0-aa8cf7c9,7094.032655995,7094.373906038,7094.518560378,0.3412500430004002,0.14465433999976085,0.48590438300016103,1199,943,True,True,1,4,0,0,True,0.1914531190004709,0.14970363299926248,0.0,0.0,9.32910006667953e-05,False,
diag00_a1_s23_llama1b_kv3072_cap12-07_long_burst_guard_fast,llama1b,3072,12,23,long,burst,guard_fast,1,cmpl-diag00_a1_s23_llama1b_kv3072_cap12-07_long_burst_guard_fast-r1-0-aa8cf7c9,7094.517649745,7094.738576228,7094.958453869,0.2209264829998574,0.2198776409995844,0.4408041239994418,1201,945,True,True,0,3,0,0,True,0.01676900399979786,0.2040539230001741,0.0,0.0,0.00010355599988542963,False,
diag00_a1_s23_llama1b_kv3072_cap12-07_long_burst_guard_fast,llama1b,3072,12,23,long,burst,guard_fast,1,cmpl-diag00_a1_s23_llama1b_kv3072_cap12-07_long_burst_guard_fast-r1-0-aa8cf7c9,7095.329278968,7095.554727308,7095.71738636,0.22544834000018454,0.16265905199998087,0.3881073920001654,1209,953,True,True,1,2,0,0,True,0.015680501000133518,0.20967764699980762,0.0,0.0,9.019200024340535e-05,False,
diag00_a1_s23_llama1b_kv3072_cap12-07_long_burst_guard_fast,llama1b,3072,12,23,long,burst,guard_fast,1,cmpl-diag00_a1_s23_llama1b_kv3072_cap12-07_long_burst_guard_fast-r1-0-aa8cf7c9,7095.716468184,7095.876820417,7096.024633802,0.16035223299968493,0.1478133849996084,0.3081656179992933,1211,955,True,True,1,4,0,0,True,0.01679432699984318,0.1433971959995688,0.0,0.0,0.00016071000027295668,False,
diag00_a1_s23_llama1b_kv3072_cap12-07_long_burst_guard_fast,llama1b,3072,12,23,long,burst,guard_fast,1,cmpl-diag00_a1_s23_llama1b_kv3072_cap12-07_long_burst_guard_fast-r1-0-aa8cf7c9,7096.02397865,7096.244585903,7096.402062193,0.22060725300070771,0.15747628999997687,0.3780835430006846,1213,957,True,True,1,3,0,0,True,0.014873060999889276,0.20546164000006684,0.0,0.0,0.00027255200075160246,False,
diag00_a1_s23_llama1b_kv3072_cap12-07_long_burst_guard_fast,llama1b,3072,12,23,long,burst,guard_fast,1,cmpl-diag00_a1_s23_llama1b_kv3072_cap12-07_long_burst_guard_fast-r1-0-aa8cf7c9,7096.401224513,7096.652930031,7096.806323936,0.25170551800056273,0.15339390499957517,0.4050994230001379,1215,959,True,True,1,3,0,0,True,0.017570138999872142,0.23401538100006292,0.0,0.0,0.00011999800062767463,False,
diag00_a1_s23_llama1b_kv3072_cap12-07_long_burst_guard_fast,llama1b,3072,12,23,long,burst,guard_fast,1,cmpl-diag00_a1_s23_llama1b_kv3072_cap12-07_long_burst_guard_fast-r1-0-aa8cf7c9,7096.805638951,7097.022733125,7097.164830247,0.2170941739996124,0.14209712200045033,0.3591912960000627,1217,961,True,True,1,3,0,0,True,0.014134007999928144,0.20283811999979662,0.0,0.0,0.0001220459998876322,False,
diag00_a1_s23_llama1b_kv3072_cap12-07_long_burst_guard_fast,llama1b,3072,12,23,long,burst,guard_fast,1,cmpl-diag00_a1_s23_llama1b_kv3072_cap12-07_long_burst_guard_fast-r1-0-aa8cf7c9,7097.164243474,7097.388404608,7097.534266369,0.22416113400049653,0.14586176099965087,0.3700228950001474,1219,963,True,True,1,3,0,0,True,0.014166998000291642,0.20989234700027737,0.0,0.0,0.00010178899992752122,False,
diag00_a1_s23_llama1b_kv3072_cap12-07_long_burst_guard_fast,llama1b,3072,12,23,long,burst,guard_fast,1,cmpl-diag00_a1_s23_llama1b_kv3072_cap12-07_long_burst_guard_fast-r1-0-aa8cf7c9,7097.533359436,7097.797179373,7097.940351453,0.2638199370003349,0.14317208000011306,0.40699201700044796,1221,965,True,True,1,3,0,0,True,0.016769627000030596,0.24692549300016253,0.0,0.0,0.00012481700014177477,False,
diag00_a1_s23_llama1b_kv3072_cap12-07_long_burst_guard_fast,llama1b,3072,12,23,long,burst,guard_fast,1,cmpl-diag00_a1_s23_llama1b_kv3072_cap12-07_long_burst_guard_fast-r1-0-aa8cf7c9,7097.939498528,7098.163482059,7098.313809062,0.2239835310001581,0.15032700299980206,0.37431053399996017,1223,967,True,True,1,3,0,0,True,0.016289396000502165,0.2075808549998328,0.0,0.0,0.00011327999982313486,False,
diag00_a1_s23_llama1b_kv3072_cap12-07_long_burst_guard_fast,llama1b,3072,12,23,long,burst,guard_fast,1,cmpl-diag00_a1_s23_llama1b_kv3072_cap12-07_long_burst_guard_fast-r1-0-aa8cf7c9,7098.313249736,7098.548317169,7098.694862572,0.23506743300004018,0.1465454029994362,0.3816128359994764,1225,969,True,True,1,3,0,0,True,0.0163279930002318,0.21853686399936123,0.0,0.0,0.00020257600044715218,False,
diag00_a1_s23_llama1b_kv3072_cap12-07_long_burst_guard_fast,llama1b,3072,12,23,long,burst,guard_fast,1,cmpl-diag00_a1_s23_llama1b_kv3072_cap12-07_long_burst_guard_fast-r1-0-aa8cf7c9,7098.694214205,7098.842621251,7099.09610387,0.14840704600010213,0.2534826189994419,0.40188966499954404,1227,971,True,True,1,2,0,0,True,0.017443564000132028,0.130866404999324,0.0,0.0,9.707700064609526e-05,False,
diag00_a1_s23_llama1b_kv3072_cap12-07_long_burst_guard_fast,llama1b,3072,12,23,long,burst,guard_fast,1,cmpl-diag00_a1_s23_llama1b_kv3072_cap12-07_long_burst_guard_fast-r1-0-aa8cf7c9,7099.095481723,7099.329254615,7099.476636903,0.23377289199925144,0.1473822880006992,0.38115517999995063,1229,973,True,True,1,3,0,0,True,0.013607118999971135,0.2200691119996918,0.0,0.0,9.666099958849372e-05,False,
diag00_a1_s23_llama1b_kv3072_cap12-07_long_burst_guard_fast,llama1b,3072,12,23,long,burst,guard_fast,1,cmpl-diag00_a1_s23_llama1b_kv3072_cap12-07_long_burst_guard_fast-r1-0-aa8cf7c9,7099.475530872,7099.73948137,7099.954786736,0.2639504980006677,0.2153053659994839,0.47925586400015163,1231,975,True,True,1,2,0,0,True,0.24842114700004458,0.015358113000729645,0.0,0.0,0.0001712379998934921,False,
diag00_a1_s23_llama1b_kv3072_cap12-07_long_burst_guard_fast,llama1b,3072,12,23,long,burst,guard_fast,1,cmpl-diag00_a1_s23_llama1b_kv3072_cap12-07_long_burst_guard_fast-r1-0-aa8cf7c9,7099.954034377,7100.100030806,7100.349553225,0.14599642899975152,0.2495224189997316,0.3955188479994831,1233,977,True,True,1,2,0,0,True,0.015600316999552888,0.13026684600026783,0.0,0.0,0.00012926599993079435,False,
diag00_a1_s23_llama1b_kv3072_cap12-07_long_burst_guard_fast,llama1b,3072,12,23,long,burst,guard_fast,1,cmpl-diag00_a1_s23_llama1b_kv3072_cap12-07_long_burst_guard_fast-r1-0-aa8cf7c9,7100.348808559,7100.583218406,7100.734455428,0.23440984700027911,0.1512370219998047,0.3856468690000838,1235,979,True,True,1,3,0,0,True,0.01583851000032155,0.21842069800004538,0.0,0.0,0.00015063899991218932,False,
diag00_a1_s23_llama1b_kv3072_cap12-07_long_burst_guard_fast,llama1b,3072,12,23,long,burst,guard_fast,1,cmpl-diag00_a1_s23_llama1b_kv3072_cap12-07_long_burst_guard_fast-r1-0-aa8cf7c9,7100.733856265,7100.997855164,7101.219249465,0.26399889899948903,0.2213943010001458,0.4853931999996348,1237,981,True,True,1,2,0,0,True,0.24878701399939018,0.015051241000037408,0.0,0.0,0.00016064400006143842,False,
diag00_a1_s23_llama1b_kv3072_cap12-07_long_burst_guard_fast,llama1b,3072,12,23,long,burst,guard_fast,1,cmpl-diag00_a1_s23_llama1b_kv3072_cap12-07_long_burst_guard_fast-r1-0-aa8cf7c9,7101.218674419,7101.361528509,7101.61712548,0.1428540899996733,0.2555969710001591,0.3984510609998324,1239,983,True,True,1,2,0,0,True,0.015849794000132533,0.1268354649992034,0.0,0.0,0.0001688310003373772,False,
diag00_a1_s23_llama1b_kv3072_cap12-07_long_burst_guard_fast,llama1b,3072,12,23,long,burst,guard_fast,1,cmpl-diag00_a1_s23_llama1b_kv3072_cap12-07_long_burst_guard_fast-r1-0-aa8cf7c9,7101.616333603,7101.851675566,7102.006235531,0.23534196299988253,0.15455996499986213,0.38990192799974466,1241,985,True,True,1,3,0,0,True,0.013872907999939343,0.22118883499933872,0.0,0.0,0.0002802200006044586,False,
diag00_a1_s23_llama1b_kv3072_cap12-07_long_burst_guard_fast,llama1b,3072,12,23,long,burst,guard_fast,1,cmpl-diag00_a1_s23_llama1b_kv3072_cap12-07_long_burst_guard_fast-r1-0-aa8cf7c9,7102.005474438,7102.270515114,7102.502825783,0.2650406759994439,0.23231066900007136,0.4973513449995153,1243,987,True,True,1,2,0,0,True,0.13075655800003005,0.13416002099984325,0.0,0.0,0.00012409699957061093,False,
diag00_a1_s23_llama1b_kv3072_cap12-07_long_burst_guard_fast,llama1b,3072,12,23,long,burst,guard_fast,1,cmpl-diag00_a1_s23_llama1b_kv3072_cap12-07_long_burst_guard_fast-r1-0-aa8cf7c9,7102.501779666,7102.645307159,7102.923283054,0.14352749299996503,0.27797589500005415,0.4215033880000192,1245,989,True,True,1,2,0,0,True,0.018303721999473055,0.12506739299988112,0.0,0.0,0.00015637800061085727,False,
diag00_a1_s23_llama1b_kv3072_cap12-07_long_burst_guard_fast,llama1b,3072,12,23,long,burst,guard_fast,1,cmpl-diag00_a1_s23_llama1b_kv3072_cap12-07_long_burst_guard_fast-r1-0-aa8cf7c9,7102.922593962,7103.155841747,7103.44465519,0.23324778499954846,0.28881344300043565,0.5220612279999841,1247,991,True,True,1,2,0,0,True,0.2151880789997449,0.01782631800051604,0.0,0.0,0.0002333879992875154,False,
diag00_a1_s23_llama1b_kv3072_cap12-07_long_burst_guard_fast,llama1b,3072,12,23,long,burst,guard_fast,1,cmpl-diag00_a1_s23_llama1b_kv3072_cap12-07_long_burst_guard_fast-r1-0-aa8cf7c9,7103.443758488,7103.83300769,7103.999964124,0.38924920200042834,0.16695643399998517,0.5562056360004135,1249,993,True,True,1,3,0,0,True,0.1303498880006373,0.25874670799930755,0.0,0.0,0.0001526060004835017,False,
diag00_a1_s23_llama1b_kv3072_cap12-07_long_burst_guard_fast,llama1b,3072,12,23,long,burst,guard_fast,1,cmpl-diag00_a1_s23_llama1b_kv3072_cap12-07_long_burst_guard_fast-r1-0-aa8cf7c9,7103.998916527,7104.281695043,7104.523987999,0.2827785159997802,0.24229295600071055,0.5250714720004908,1251,995,True,True,1,2,0,0,True,0.13691521200053103,0.14570683099918824,0.0,0.0,0.00015647300006094156,False,
diag00_a1_s23_llama1b_kv3072_cap12-07_long_burst_guard_fast,llama1b,3072,12,23,long,burst,guard_fast,1,cmpl-diag00_a1_s23_llama1b_kv3072_cap12-07_long_burst_guard_fast-r1-0-aa8cf7c9,7104.522671446,7104.669678026,7104.95750782,0.14700658000037947,0.2878297939996628,0.43483637400004227,1253,997,True,True,1,2,0,0,True,0.0190575530004935,0.12783982699966145,0.0,0.0,0.00010920000022451859,False,
diag00_a1_s23_llama1b_kv3072_cap12-07_long_burst_guard_fast,llama1b,3072,12,23,long,burst,guard_fast,1,cmpl-diag00_a1_s23_llama1b_kv3072_cap12-07_long_burst_guard_fast-r1-0-aa8cf7c9,7104.956767049,7105.204536125,7105.491184116,0.2477690760006226,0.2866479909998816,0.5344170670005042,1255,999,True,True,1,2,0,0,True,0.228347541000403,0.01925800699973479,0.0,0.0,0.00016352800048480276,False,
diag00_a1_s23_llama1b_kv3072_cap12-07_long_burst_guard_fast,llama1b,3072,12,23,long,burst,guard_fast,1,cmpl-diag00_a1_s23_llama1b_kv3072_cap12-07_long_burst_guard_fast-r1-0-aa8cf7c9,7105.489866291,7105.865931117,7106.03297688,0.3760648260004018,0.16704576299980545,0.5431105890002073,1257,1001,True,True,1,3,0,0,True,0.12982421499964403,0.24613614300051267,0.0,0.0,0.00010446800024510594,False,
diag00_a1_s23_llama1b_kv3072_cap12-07_long_burst_guard_fast,llama1b,3072,12,23,long,burst,guard_fast,1,cmpl-diag00_a1_s23_llama1b_kv3072_cap12-07_long_burst_guard_fast-r1-0-aa8cf7c9,7106.0323046,7106.298107051,7106.515035701,0.2658024510001269,0.2169286499993177,0.4827311009994446,1259,1003,True,True,1,2,0,0,True,0.24902230199950282,0.016686570000274514,0.0,0.0,9.357900034956401e-05,False,
diag00_a1_s23_llama1b_kv3072_cap12-07_long_burst_guard_fast,llama1b,3072,12,23,long,burst,guard_fast,1,cmpl-diag00_a1_s23_llama1b_kv3072_cap12-07_long_burst_guard_fast-r1-0-aa8cf7c9,7106.514429125,7106.663061758,7106.923483738,0.14863263300048857,0.2604219799995917,0.4090546130000803,1261,1005,True,True,1,2,0,0,True,0.016121133000524424,0.13239947599959123,0.0,0.0,0.00011202400037291227,False,
diag00_a1_s23_llama1b_kv3072_cap12-07_long_burst_guard_fast,llama1b,3072,12,23,long,burst,guard_fast,1,cmpl-diag00_a1_s23_llama1b_kv3072_cap12-07_long_burst_guard_fast-r1-0-aa8cf7c9,7106.922873295,7107.155110943,7107.438235292,0.23223764800059143,0.2831243489999906,0.515361997000582,1263,1007,True,True,1,2,0,0,True,0.21550865600056568,0.016533516999515996,0.0,0.0,0.0001954750005097594,False,
diag00_a1_s23_llama1b_kv3072_cap12-07_long_burst_guard_fast,llama1b,3072,12,23,long,burst,guard_fast,1,cmpl-diag00_a1_s23_llama1b_kv3072_cap12-07_long_burst_guard_fast-r1-0-aa8cf7c9,7107.436954273,7107.806965973,7107.970723884,0.37001169999984995,0.16375791100017523,0.5337696110000252,1265,1009,True,True,1,3,0,0,True,0.1465657310000097,0.22314414900029078,0.0,0.0,0.0003018199995494797,False,
diag00_a1_s23_llama1b_kv3072_cap12-07_long_burst_guard_fast,llama1b,3072,12,23,long,burst,guard_fast,1,cmpl-diag00_a1_s23_llama1b_kv3072_cap12-07_long_burst_guard_fast-r1-0-aa8cf7c9,7107.970036459,7108.255765738,7108.476339354,0.2857292790004067,0.2205736159994558,0.5063028949998625,1267,1011,True,True,1,2,0,0,True,0.1420722630000455,0.1435385109998606,0.0,0.0,0.00011850500050059054,False,
diag00_a1_s23_llama1b_kv3072_cap12-07_long_burst_guard_fast,llama1b,3072,12,23,long,burst,guard_fast,1,cmpl-diag00_a1_s23_llama1b_kv3072_cap12-07_long_burst_guard_fast-r1-0-aa8cf7c9,7108.475573109,7108.638848196,7108.923859628,0.16327508700032922,0.2850114319999193,0.4482865190002485,1269,1013,True,True,1,2,0,0,True,0.022040034999918134,0.14110451899978216,0.0,0.0,0.00013053300062892959,False,
diag00_a1_s23_llama1b_kv3072_cap12-07_long_burst_guard_fast,llama1b,3072,12,23,long,burst,guard_fast,1,cmpl-diag00_a1_s23_llama1b_kv3072_cap12-07_long_burst_guard_fast-r1-0-aa8cf7c9,7108.923232901,7109.180878062,7109.466834778,0.25764516100025503,0.2859567159994185,0.5436018769996736,1271,1015,True,True,1,2,0,0,True,0.23982515900024737,0.01765566599988233,0.0,0.0,0.00016433600012533134,False,
diag00_a1_s23_llama1b_kv3072_cap12-07_long_burst_guard_fast,llama1b,3072,12,23,long,burst,guard_fast,1,cmpl-diag00_a1_s23_llama1b_kv3072_cap12-07_long_burst_guard_fast-r1-0-aa8cf7c9,7109.46586226,7109.850060816,7110.012864073,0.38419855600022856,0.1628032569997231,0.5470018129999517,1273,1017,True,True,1,3,0,0,True,0.14466735200039693,0.2394173149996277,0.0,0.0,0.00011388900020392612,False,
diag00_a1_s23_llama1b_kv3072_cap12-07_long_burst_guard_fast,llama1b,3072,12,23,long,burst,guard_fast,1,cmpl-diag00_a1_s23_llama1b_kv3072_cap12-07_long_burst_guard_fast-r1-0-aa8cf7c9,7110.011580684,7110.291085088,7110.541129147,0.27950440399945364,0.25004405900017446,0.5295484629996281,1275,1019,True,True,1,2,0,0,True,0.13931333599975915,0.14006287600022915,0.0,0.0,0.00012819199946534354,False,
diag00_a1_s23_llama1b_kv3072_cap12-07_long_burst_guard_fast,llama1b,3072,12,23,long,burst,guard_fast,1,cmpl-diag00_a1_s23_llama1b_kv3072_cap12-07_long_burst_guard_fast-r1-0-aa8cf7c9,7110.540381173,7110.705645837,7110.993405355,0.16526466399955098,0.2877595179998025,0.45302418199935346,1277,1021,True,True,1,2,0,0,True,0.019974864999312558,0.14515838000079384,0.0,0.0,0.0001314189994445769,False,
diag00_a1_s23_llama1b_kv3072_cap12-07_long_burst_guard_fast,llama1b,3072,12,23,long,burst,guard_fast,1,cmpl-diag00_a1_s23_llama1b_kv3072_cap12-07_long_burst_guard_fast-r1-0-aa8cf7c9,7110.992779376,7111.243859762,7111.518116322,0.2510803860004671,0.27425656000013987,0.525336946000607,1279,1023,True,True,1,2,0,0,True,0.23495591299979424,0.01600706400040508,0.0,0.0,0.00011740900026779855,False,
diag00_a1_s23_llama1b_kv3072_cap12-07_long_burst_guard_fast,llama1b,3072,12,23,long,burst,guard_fast,1,cmpl-diag00_a1_s23_llama1b_kv3072_cap12-07_long_burst_guard_fast-r1-0-aa8cf7c9,7111.51746526,7111.874844127,7112.032850333,0.3573788670000795,0.1580062060002092,0.5153850730002887,1281,1025,True,True,1,3,0,0,True,0.1318091880002612,0.22543458499967528,0.0,0.0,0.000135094000142999,False,
diag00_a1_s23_llama1b_kv3072_cap12-07_long_burst_guard_fast,llama1b,3072,12,23,long,burst,guard_fast,1,cmpl-diag00_a1_s23_llama1b_kv3072_cap12-07_long_burst_guard_fast-r1-0-aa8cf7c9,7112.032146418,7112.288963858,7112.521072161,0.2568174400003045,0.23210830300013185,0.48892574300043634,1283,1027,True,True,1,2,0,0,True,0.1285612140000012,0.12816759500037733,0.0,0.0,8.86309999259538e-05,False,
diag00_a1_s23_llama1b_kv3072_cap12-07_long_burst_guard_fast,llama1b,3072,12,23,long,burst,guard_fast,1,cmpl-diag00_a1_s23_llama1b_kv3072_cap12-07_long_burst_guard_fast-r1-0-aa8cf7c9,7112.520288567,7112.670078709,7112.944721401,0.14979014200071106,0.274642691999361,0.42443283400007203,1285,1029,True,True,1,2,0,0,True,0.017910282000229927,0.13177796200034209,0.0,0.0,0.0001018980001390446,False,
diag00_a1_s23_llama1b_kv3072_cap12-07_long_burst_guard_fast,llama1b,3072,12,23,long,burst,guard_fast,1,cmpl-diag00_a1_s23_llama1b_kv3072_cap12-07_long_burst_guard_fast-r1-0-aa8cf7c9,7112.944112014,7113.176699884,7113.447121099,0.2325878700003159,0.27042121499926,0.5030090849995759,1287,1031,True,True,1,2,0,0,True,0.21647201199994015,0.01602720400023827,0.0,0.0,8.865400013746694e-05,False,
diag00_a1_s23_llama1b_kv3072_cap12-07_long_burst_guard_fast,llama1b,3072,12,23,long,burst,guard_fast,1,cmpl-diag00_a1_s23_llama1b_kv3072_cap12-07_long_burst_guard_fast-r1-0-aa8cf7c9,7113.446500987,7113.802771465,7113.959352792,0.3562704779997148,0.15658132699991256,0.5128518049996273,1289,1033,True,True,1,3,0,0,True,0.13207699400027195,0.22404445599931933,0.0,0.0,0.0001490280001235078,False,
diag00_a1_s23_llama1b_kv3072_cap12-07_long_burst_guard_fast,llama1b,3072,12,23,long,burst,guard_fast,1,cmpl-diag00_a1_s23_llama1b_kv3072_cap12-07_long_burst_guard_fast-r1-0-aa8cf7c9,7113.958675677,7114.215565568,7114.447932663,0.2568898909994459,0.23236709499997232,0.48925698599941825,1291,1035,True,True,1,2,0,0,True,0.1302447719999691,0.12648672599971178,0.0,0.0,0.00015839299976505572,False,
diag00_a1_s23_llama1b_kv3072_cap12-07_long_burst_guard_fast,llama1b,3072,12,23,long,burst,guard_fast,1,cmpl-diag00_a1_s23_llama1b_kv3072_cap12-07_long_burst_guard_fast-r1-0-aa8cf7c9,7114.44731611,7114.596733604,7114.869312152,0.14941749399986293,0.27257854799972847,0.4219960419995914,1293,1037,True,True,1,2,0,0,True,0.01580809799997951,0.13351761099966097,0.0,0.0,9.178500022244407e-05,False,
diag00_a1_s23_llama1b_kv3072_cap12-07_long_burst_guard_fast,llama1b,3072,12,23,long,burst,guard_fast,1,cmpl-diag00_a1_s23_llama1b_kv3072_cap12-07_long_burst_guard_fast-r1-0-aa8cf7c9,7114.86824188,7115.106232429,7115.377307043,0.2379905489997327,0.27107461400009925,0.509065162999832,1295,1039,True,True,1,2,0,0,True,0.22144834299979266,0.0164175019999675,0.0,0.0,0.000124703999972553,False,
diag00_a1_s23_llama1b_kv3072_cap12-07_long_burst_guard_fast,llama1b,3072,12,23,long,burst,guard_fast,1,cmpl-diag00_a1_s23_llama1b_kv3072_cap12-07_long_burst_guard_fast-r1-0-aa8cf7c9,7115.376680835,7115.729500527,7115.89725582,0.35281969199968444,0.1677552930004822,0.5205749850001666,1297,1041,True,True,1,3,0,0,True,0.1326132759995744,0.22007394499996735,0.0,0.0,0.00013247100014268653,False,
diag00_a1_s23_llama1b_kv3072_cap12-07_long_burst_guard_fast,llama1b,3072,12,23,long,burst,guard_fast,1,cmpl-diag00_a1_s23_llama1b_kv3072_cap12-07_long_burst_guard_fast-r1-0-aa8cf7c9,7115.896463641,7116.1765969,7116.439993582,0.28013325899974006,0.26339668200034794,0.543529941000088,1299,1043,True,True,1,2,0,0,True,0.13869957699989754,0.14117570800044632,0.0,0.0,0.00025797399939619936,False,
diag00_a1_s23_llama1b_kv3072_cap12-07_long_burst_guard_fast,llama1b,3072,12,23,long,burst,guard_fast,1,cmpl-diag00_a1_s23_llama1b_kv3072_cap12-07_long_burst_guard_fast-r1-0-aa8cf7c9,7116.439330023,7116.599899747,7116.903273603,0.16056972399928782,0.30337385600068956,0.4639435799999774,1301,1045,True,True,1,2,0,0,True,0.01700977799919201,0.14342756800033385,0.0,0.0,0.00013237799976195674,False,
diag00_a1_s23_llama1b_kv3072_cap12-07_long_burst_guard_fast,llama1b,3072,12,23,long,burst,guard_fast,1,cmpl-diag00_a1_s23_llama1b_kv3072_cap12-07_long_burst_guard_fast-r1-0-aa8cf7c9,7116.902592478,7117.161999655,7117.461343358,0.2594071769999573,0.2993437029999768,0.5587508799999341,1303,1047,True,True,1,2,0,0,True,0.24237595700014936,0.016929379999965022,0.0,0.0,0.00010183999984292313,False,
diag00_a1_s23_llama1b_kv3072_cap12-07_long_burst_guard_fast,llama1b,3072,12,23,long,burst,guard_fast,1,cmpl-diag00_a1_s23_llama1b_kv3072_cap12-07_long_burst_guard_fast-r1-0-aa8cf7c9,7117.46007156,7117.855544483,7118.031197054,0.39547292299994297,0.17565257099977316,0.5711254939997161,1305,1049,True,True,1,3,0,0,True,0.14582691699979478,0.24945259200012515,0.0,0.0,0.00019341400002304,False,
diag00_a1_s23_llama1b_kv3072_cap12-07_long_burst_guard_fast,llama1b,3072,12,23,long,burst,guard_fast,1,cmpl-diag00_a1_s23_llama1b_kv3072_cap12-07_long_burst_guard_fast-r1-0-aa8cf7c9,7118.029916279,7118.301225718,7118.550166832,0.27130943900010607,0.24894111400044494,0.520250553000551,1307,1051,True,True,1,2,0,0,True,0.14401866200023505,0.12717318700015312,0.0,0.0,0.00011758999971789308,False,
diag00_a1_s23_llama1b_kv3072_cap12-07_long_burst_guard_fast,llama1b,3072,12,23,long,burst,guard_fast,1,cmpl-diag00_a1_s23_llama1b_kv3072_cap12-07_long_burst_guard_fast-r1-0-aa8cf7c9,7118.548937311,7118.698291736,7118.968615913,0.1493544249997285,0.2703241769995657,0.4196786019992942,1309,1053,True,True,1,2,0,0,True,0.016363005999664892,0.13283693700032018,0.0,0.0,0.0001544819997434388,False,
diag00_a1_s23_llama1b_kv3072_cap12-07_long_burst_guard_fast,llama1b,3072,12,23,long,burst,guard_fast,1,cmpl-diag00_a1_s23_llama1b_kv3072_cap12-07_long_burst_guard_fast-r1-0-aa8cf7c9,7118.967994538,7119.21851129,7119.491570169,0.2505167519993847,0.27305887900001835,0.5235756309994031,1311,1055,True,True,1,2,0,0,True,0.23529414599943266,0.015068437000081758,0.0,0.0,0.00015416899987030774,False,
diag00_a1_s23_llama1b_kv3072_cap12-07_long_burst_guard_fast,llama1b,3072,12,23,long,burst,guard_fast,1,cmpl-diag00_a1_s23_llama1b_kv3072_cap12-07_long_burst_guard_fast-r1-0-aa8cf7c9,7119.490521638,7119.854407721,7120.01123228,0.3638860829996702,0.15682455899968772,0.5207106419993579,1313,1057,True,True,1,3,0,0,True,0.13171542500003852,0.23200923199965473,0.0,0.0,0.00016142599997692741,False,
diag00_a1_s23_llama1b_kv3072_cap12-07_long_burst_guard_fast,llama1b,3072,12,23,long,burst,guard_fast,1,cmpl-diag00_a1_s23_llama1b_kv3072_cap12-07_long_burst_guard_fast-r1-0-aa8cf7c9,7120.010523728,7120.269456601,7120.512349049,0.25893287299913936,0.24289244800002052,0.5018253209991599,1315,1059,True,True,1,2,0,0,True,0.12974133099942264,0.12907534399982978,0.0,0.0,0.00011619799988693558,False,
diag00_a1_s23_llama1b_kv3072_cap12-07_long_burst_guard_fast,llama1b,3072,12,23,long,burst,guard_fast,1,cmpl-diag00_a1_s23_llama1b_kv3072_cap12-07_long_burst_guard_fast-r1-0-aa8cf7c9,7120.51168539,7120.659000129,7120.934537087,0.14731473899973935,0.27553695799997513,0.4228516969997145,1317,1061,True,True,1,2,0,0,True,0.016175528000530903,0.1309707669997806,0.0,0.0,0.0001684439994278364,False,
diag00_a1_s23_llama1b_kv3072_cap12-07_long_burst_guard_fast,llama1b,3072,12,23,long,burst,guard_fast,1,cmpl-diag00_a1_s23_llama1b_kv3072_cap12-07_long_burst_guard_fast-r1-0-aa8cf7c9,7120.933642744,7121.184823007,7121.45574494,0.2511802629996964,0.27092193299995415,0.5221021959996506,1319,1063,True,True,1,2,0,0,True,0.22977954399993905,0.021147620999727224,0.0,0.0,0.0002530980000301497,False,
diag00_a1_s23_llama1b_kv3072_cap12-07_long_burst_guard_fast,llama1b,3072,12,23,long,burst,guard_fast,1,cmpl-diag00_a1_s23_llama1b_kv3072_cap12-07_long_burst_guard_fast-r1-0-aa8cf7c9,7121.45514715,7121.824417336,7121.980218488,0.3692701859999943,0.1558011520000946,0.5250713380000889,1321,1065,True,True,1,3,0,0,True,0.1361577950001447,0.2329860780000672,0.0,0.0,0.0001263129997823853,False,
diag00_a1_s23_llama1b_kv3072_cap12-07_long_burst_guard_fast,llama1b,3072,12,23,long,burst,guard_fast,1,cmpl-diag00_a1_s23_llama1b_kv3072_cap12-07_long_burst_guard_fast-r1-0-aa8cf7c9,7121.979561995,7122.246116511,7122.51857048,0.2665545159998146,0.27245396899979824,0.5390084849996128,1323,1067,True,True,1,2,0,0,True,0.13211585099998047,0.13431254199986142,0.0,0.0,0.00012612299997272203,False,
diag00_a1_s23_llama1b_kv3072_cap12-07_long_burst_guard_fast,llama1b,3072,12,23,long,burst,guard_fast,1,cmpl-diag00_a1_s23_llama1b_kv3072_cap12-07_long_burst_guard_fast-r1-0-aa8cf7c9,7122.517768827,7122.664703016,7122.955272246,0.1469341890006035,0.29056923000007373,0.43750341900067724,1325,1069,True,True,1,2,0,0,True,0.015152993000810966,0.13166566099971533,0.0,0.0,0.00011553500007721595,False,
diag00_a1_s23_llama1b_kv3072_cap12-07_long_burst_guard_fast,llama1b,3072,12,23,long,burst,guard_fast,1,cmpl-diag00_a1_s23_llama1b_kv3072_cap12-07_long_burst_guard_fast-r1-0-aa8cf7c9,7122.954257208,7123.21048603,7123.5018252,0.25622882199968444,0.2913391700003558,0.5475679920000402,1327,1071,True,True,1,2,0,0,True,0.24083596800028317,0.01527651899959892,0.0,0.0,0.00011633499980234774,False,
diag00_a1_s23_llama1b_kv3072_cap12-07_long_burst_guard_fast,llama1b,3072,12,23,long,burst,guard_fast,1,cmpl-diag00_a1_s23_llama1b_kv3072_cap12-07_long_burst_guard_fast-r1-0-aa8cf7c9,7123.501118301,7123.896992466,7124.071485811,0.39587416499944084,0.1744933449999735,0.5703675099994143,1329,1073,True,True,1,3,0,0,True,0.14392415499969502,0.2518259560001752,0.0,0.0,0.0001240539995706058,False,
diag00_a1_s23_llama1b_kv3072_cap12-07_long_burst_guard_fast,llama1b,3072,12,23,long,burst,guard_fast,1,cmpl-diag00_a1_s23_llama1b_kv3072_cap12-07_long_burst_guard_fast-r1-0-aa8cf7c9,7124.070802144,7124.33437552,7124.594918232,0.2635733760007497,0.260542711999733,0.5241160880004827,1331,1075,True,True,1,2,0,0,True,0.12831114100026753,0.135028802999841,0.0,0.0,0.0002334320006411872,False,
diag00_a1_s23_llama1b_kv3072_cap12-07_long_burst_guard_fast,llama1b,3072,12,23,long,burst,guard_fast,1,cmpl-diag00_a1_s23_llama1b_kv3072_cap12-07_long_burst_guard_fast-r1-0-aa8cf7c9,7124.594224146,7124.74751385,7125.020695154,0.15328970400059916,0.27318130399999063,0.4264710080005898,1333,1077,True,True,1,2,0,0,True,0.016173587000594125,0.1370121449999715,0.0,0.0,0.00010397200003353646,False,
diag00_a1_s23_llama1b_kv3072_cap12-07_long_burst_guard_fast,llama1b,3072,12,23,long,burst,guard_fast,1,cmpl-diag00_a1_s23_llama1b_kv3072_cap12-07_long_burst_guard_fast-r1-0-aa8cf7c9,7125.020097068,7125.286699391,7125.586328943,0.26660232300037023,0.29962955199971475,0.566231875000085,1335,1079,True,True,1,2,0,0,True,0.24888784700033284,0.017581578999852354,0.0,0.0,0.00013289700018503936,False,
diag00_a1_s23_llama1b_kv3072_cap12-07_long_burst_guard_fast,llama1b,3072,12,23,long,burst,guard_fast,1,cmpl-diag00_a1_s23_llama1b_kv3072_cap12-07_long_burst_guard_fast-r1-0-aa8cf7c9,7125.585636046,7125.991326877,7126.162149669,0.4056908309994469,0.170822792000763,0.5765136230002099,1337,1081,True,True,1,3,0,0,True,0.14579342100023496,0.25979866099987703,0.0,0.0,9.874899933492998e-05,False,
diag00_a1_s23_llama1b_kv3072_cap12-07_long_burst_guard_fast,llama1b,3072,12,23,long,burst,guard_fast,1,cmpl-diag00_a1_s23_llama1b_kv3072_cap12-07_long_burst_guard_fast-r1-0-aa8cf7c9,7126.160895026,7126.447538186,7126.720168199,0.2866431600004944,0.27263001299979805,0.5592731730002924,1339,1083,True,True,1,2,0,0,True,0.14228491300036694,0.14406742899973324,0.0,0.0,0.0002908180003942107,False,
diag00_a1_s23_llama1b_kv3072_cap12-07_long_burst_guard_fast,llama1b,3072,12,23,long,burst,guard_fast,1,cmpl-diag00_a1_s23_llama1b_kv3072_cap12-07_long_burst_guard_fast-r1-0-aa8cf7c9,7126.718911911,7126.885048079,7127.165254114,0.1661361679998663,0.2802060350004467,0.446342203000313,1341,1085,True,True,1,2,0,0,True,0.01864456600014819,0.14735829999972339,0.0,0.0,0.00013330199999472825,False,
diag00_a1_s23_llama1b_kv3072_cap12-07_long_burst_guard_fast,llama1b,3072,12,23,long,burst,guard_fast,1,cmpl-diag00_a1_s23_llama1b_kv3072_cap12-07_long_burst_guard_fast-r1-0-aa8cf7c9,7127.16457555,7127.417447977,7127.693081447,0.2528724269996019,0.2756334699997751,0.528505896999377,1343,1087,True,True,1,2,0,0,True,0.23698376499942242,0.015735830000267015,0.0,0.0,0.00015283199991245056,False,
diag00_a1_s23_llama1b_kv3072_cap12-07_long_burst_guard_fast,llama1b,3072,12,23,long,burst,guard_fast,1,cmpl-diag00_a1_s23_llama1b_kv3072_cap12-07_long_burst_guard_fast-r1-0-aa8cf7c9,7127.692465904,7128.054740127,7128.216486426,0.3622742229999858,0.16174629900069704,0.5240205220006828,1345,1089,True,True,1,3,0,0,True,0.13107575899994117,0.2310693640001773,0.0,0.0,0.00012909999986732146,False,
diag00_a1_s23_llama1b_kv3072_cap12-07_long_burst_guard_fast,llama1b,3072,12,23,long,burst,guard_fast,1,cmpl-diag00_a1_s23_llama1b_kv3072_cap12-07_long_burst_guard_fast-r1-0-aa8cf7c9,7128.215667051,7128.511754085,7128.769394987,0.2960870339993562,0.2576409020002757,0.5537279359996319,1347,1091,True,True,1,2,0,0,True,0.1495908259994394,0.14628659800018795,0.0,0.0,0.00020960999972885475,False,
diag00_a1_s23_llama1b_kv3072_cap12-07_long_burst_guard_fast,llama1b,3072,12,23,long,burst,guard_fast,1,cmpl-diag00_a1_s23_llama1b_kv3072_cap12-07_long_burst_guard_fast-r1-0-aa8cf7c9,7128.767973086,7128.935831713,7129.23196063,0.16785862699998688,0.29612891699980537,0.46398754399979225,1349,1093,True,True,1,2,0,0,True,0.019223047000195947,0.14850274299988087,0.0,0.0,0.0001328369999100687,False,
diag00_a1_s23_llama1b_kv3072_cap12-07_long_burst_guard_fast,llama1b,3072,12,23,long,burst,guard_fast,1,cmpl-diag00_a1_s23_llama1b_kv3072_cap12-07_long_burst_guard_fast-r1-0-aa8cf7c9,7129.230793698,7129.500449687,7129.781346181,0.26965598900005716,0.28089649400044436,0.5505524830005015,1351,1095,True,True,1,2,0,0,True,0.2505391620006776,0.019009003999599372,0.0,0.0,0.00010782299978018273,False,
diag00_a1_s23_llama1b_kv3072_cap12-07_long_burst_guard_fast,llama1b,3072,12,23,long,burst,guard_fast,1,cmpl-diag00_a1_s23_llama1b_kv3072_cap12-07_long_burst_guard_fast-r1-0-aa8cf7c9,7129.78069482,7130.169463525,7130.330563846,0.388768705000075,0.161100321000049,0.549869026000124,1353,1097,True,True,1,3,0,0,True,0.14059312000063073,0.24808687699987786,0.0,0.0,8.87079995663953e-05,False,
diag00_a1_s23_llama1b_kv3072_cap12-07_long_burst_guard_fast,llama1b,3072,12,23,long,burst,guard_fast,1,cmpl-diag00_a1_s23_llama1b_kv3072_cap12-07_long_burst_guard_fast-r1-0-aa8cf7c9,7130.330007605,7130.617919478,7130.889398884,0.2879118729997572,0.2714794060002532,0.5593912790000104,1355,1099,True,True,1,2,0,0,True,0.14442939800028398,0.14336180499958573,0.0,0.0,0.0001206699998874683,False,
diag00_a1_s23_llama1b_kv3072_cap12-07_long_burst_guard_fast,llama1b,3072,12,23,long,burst,guard_fast,1,cmpl-diag00_a1_s23_llama1b_kv3072_cap12-07_long_burst_guard_fast-r1-0-aa8cf7c9,7130.888599224,7131.059749961,7131.344817929,0.17115073700006178,0.28506796799956646,0.45621870499962824,1357,1101,True,True,1,2,0,0,True,0.014891871999680006,0.15615588699984073,0.0,0.0,0.000102978000541043,False,
diag00_a1_s23_llama1b_kv3072_cap12-07_long_burst_guard_fast,llama1b,3072,12,23,long,burst,guard_fast,1,cmpl-diag00_a1_s23_llama1b_kv3072_cap12-07_long_burst_guard_fast-r1-0-aa8cf7c9,7131.343648791,7131.630831364,7131.92120782,0.2871825729998818,0.2903764559996489,0.5775590289995307,1359,1103,True,True,1,2,0,0,True,0.26467879399933736,0.02235707900035777,0.0,0.0,0.0001467000001866836,False,
diag00_a1_s23_llama1b_kv3072_cap12-07_long_burst_guard_fast,llama1b,3072,12,23,long,burst,guard_fast,1,cmpl-diag00_a1_s23_llama1b_kv3072_cap12-07_long_burst_guard_fast-r1-0-aa8cf7c9,7131.920411661,7132.317471426,7132.493712622,0.39705976500044926,0.17624119599986443,0.5733009610003137,1361,1105,True,True,1,3,0,0,True,0.14520912100033456,0.25168436500007374,0.0,0.0,0.00016627900004095864,False,
diag00_a1_s23_llama1b_kv3072_cap12-07_long_burst_guard_fast,llama1b,3072,12,23,long,burst,guard_fast,1,cmpl-diag00_a1_s23_llama1b_kv3072_cap12-07_long_burst_guard_fast-r1-0-aa8cf7c9,7132.492939671,7132.785585685,7133.053433331,0.2926460139997289,0.2678476459996091,0.560493659999338,1363,1107,True,True,1,2,0,0,True,0.15469880099954025,0.13781488000040554,0.0,0.0,0.00013233299978310242,False,
diag00_a1_s23_llama1b_kv3072_cap12-07_long_burst_guard_fast,llama1b,3072,12,23,long,burst,guard_fast,1,cmpl-diag00_a1_s23_llama1b_kv3072_cap12-07_long_burst_guard_fast-r1-0-aa8cf7c9,7133.052023533,7133.219893724,7133.519602325,0.16787019100047473,0.2997086010000203,0.467578792000495,1365,1109,True,True,1,2,0,0,True,0.019415403000493825,0.14814014700004918,0.0,0.0,0.0003146409999317257,False,
diag00_a1_s23_llama1b_kv3072_cap12-07_long_burst_guard_fast,llama1b,3072,12,23,long,burst,guard_fast,1,cmpl-diag00_a1_s23_llama1b_kv3072_cap12-07_long_burst_guard_fast-r1-0-aa8cf7c9,7133.51819688,7133.814103151,7134.087020636,0.29590627100060374,0.27291748499919777,0.5688237559998015,1367,1111,True,True,1,2,0,0,True,0.2713756640005158,0.024275256999317207,0.0,0.0,0.00025535000077070436,False,
diag00_a1_s23_llama1b_kv3072_cap12-07_long_burst_guard_fast,llama1b,3072,12,23,long,burst,guard_fast,1,cmpl-diag00_a1_s23_llama1b_kv3072_cap12-07_long_burst_guard_fast-r1-0-aa8cf7c9,7134.086391548,7134.470791565,7134.630313329,0.3844000169992796,0.15952176400060125,0.5439217809998809,1369,1113,True,True,1,3,0,0,True,0.13926001399977395,0.2448044579996349,0.0,0.0,0.0003355449998707627,False,
diag00_a1_s23_llama1b_kv3072_cap12-07_long_burst_guard_fast,llama1b,3072,12,23,long,burst,guard_fast,1,cmpl-diag00_a1_s23_llama1b_kv3072_cap12-07_long_burst_guard_fast-r1-0-aa8cf7c9,7134.629532015,7134.903246223,7135.153513935,0.2737142079995465,0.25026771200009534,0.5239819199996418,1371,1115,True,True,1,2,0,0,True,0.14143206700009614,0.13217422399975476,0.0,0.0,0.00010791699969558977,False,
diag00_a1_s23_llama1b_kv3072_cap12-07_long_burst_guard_fast,llama1b,3072,12,23,long,burst,guard_fast,1,cmpl-diag00_a1_s23_llama1b_kv3072_cap12-07_long_burst_guard_fast-r1-0-aa8cf7c9,7135.152882902,7135.31033142,7135.591447057,0.1574485179999101,0.2811156369998571,0.4385641549997672,1373,1117,True,True,1,2,0,0,True,0.015287967000404024,0.14207245799934753,0.0,0.0,8.809300015855115e-05,False,
diag00_a1_s23_llama1b_kv3072_cap12-07_long_burst_guard_fast,llama1b,3072,12,23,long,burst,guard_fast,1,cmpl-diag00_a1_s23_llama1b_kv3072_cap12-07_long_burst_guard_fast-r1-0-aa8cf7c9,7135.590808955,7135.850877134,7136.129939642,0.2600681789999726,0.2790625079996971,0.5391306869996697,1375,1119,True,True,1,2,0,0,True,0.24571688899959554,0.014197972000147274,0.0,0.0,0.00015331800022977404,False,
diag00_a1_s23_llama1b_kv3072_cap12-07_long_burst_guard_fast,llama1b,3072,12,23,long,burst,guard_fast,1,cmpl-diag00_a1_s23_llama1b_kv3072_cap12-07_long_burst_guard_fast-r1-0-aa8cf7c9,7136.129039546,7136.513363021,7136.673192972,0.38432347500020114,0.15982995099966502,0.5441534259998662,1377,1121,True,True,1,3,0,0,True,0.1429208050003581,0.24122120699939842,0.0,0.0,0.00018146300044463715,False,
diag00_a1_s23_llama1b_kv3072_cap12-07_long_burst_guard_fast,llama1b,3072,12,23,long,burst,guard_fast,1,cmpl-diag00_a1_s23_llama1b_kv3072_cap12-07_long_burst_guard_fast-r1-0-aa8cf7c9,7136.672555033,7136.946803463,7137.197530042,0.2742484299997159,0.25072657900000195,0.5249750089997178,1379,1123,True,True,1,2,0,0,True,0.14143035799952486,0.132686513000408,0.0,0.0,0.00013155899978301022,False,
diag00_a1_s23_llama1b_kv3072_cap12-07_long_burst_guard_fast,llama1b,3072,12,23,long,burst,guard_fast,1,cmpl-diag00_a1_s23_llama1b_kv3072_cap12-07_long_burst_guard_fast-r1-0-aa8cf7c9,7137.196877595,7137.354939162,7137.634428925,0.1580615670000043,0.27948976300012873,0.437551330000133,1381,1125,True,True,1,2,0,0,True,0.014917505999619607,0.14301529200020013,0.0,0.0,0.00012876900018454762,False,
diag00_a1_s23_llama1b_kv3072_cap12-07_long_burst_guard_fast,llama1b,3072,12,23,long,burst,guard_fast,1,cmpl-diag00_a1_s23_llama1b_kv3072_cap12-07_long_burst_guard_fast-r1-0-aa8cf7c9,7137.633798903,7137.916429836,7138.192819499,0.2826309330002914,0.2763896629994633,0.5590205959997547,1383,1127,True,True,1,2,0,0,True,0.26103088699983346,0.020824961000471376,0.0,0.0,0.000775084999986575,False,
diag00_a1_s23_llama1b_kv3072_cap12-07_long_burst_guard_fast,llama1b,3072,12,23,long,burst,guard_fast,1,cmpl-diag00_a1_s23_llama1b_kv3072_cap12-07_long_burst_guard_fast-r1-0-aa8cf7c9,7138.19215526,7138.594169645,7138.760986515,0.4020143850002569,0.16681686999982048,0.5688312550000774,1385,1129,True,True,1,3,0,0,True,0.14271516000007978,0.2591534610000963,0.0,0.0,0.0001457640000808169,False,
diag00_a1_s23_llama1b_kv3072_cap12-07_long_burst_guard_fast,llama1b,3072,12,23,long,burst,guard_fast,1,cmpl-diag00_a1_s23_llama1b_kv3072_cap12-07_long_burst_guard_fast-r1-0-aa8cf7c9,7138.759683208,7139.032554808,7139.297838716,0.2728716000001441,0.2652839080001286,0.5381555080002727,1387,1131,True,True,1,2,0,0,True,0.14193530600005033,0.13080725600048027,0.0,0.0,0.0001290379996135016,False,
diag00_a1_s23_llama1b_kv3072_cap12-07_long_burst_guard_fast,llama1b,3072,12,23,long,burst,guard_fast,1,cmpl-diag00_a1_s23_llama1b_kv3072_cap12-07_long_burst_guard_fast-r1-0-aa8cf7c9,7139.297203752,7139.462764292,7139.759930553,0.165560540000115,0.29716626099980203,0.46272680099991703,1389,1133,True,True,1,2,0,0,True,0.01871874900007242,0.14670209199994133,0.0,0.0,0.00013969900010124547,False,
diag00_a1_s23_llama1b_kv3072_cap12-07_long_burst_guard_fast,llama1b,3072,12,23,long,burst,guard_fast,1,cmpl-diag00_a1_s23_llama1b_kv3072_cap12-07_long_burst_guard_fast-r1-0-aa8cf7c9,7139.759262509,7140.026094767,7140.336987722,0.26683225800024957,0.310892954999872,0.5777252130001216,1391,1135,True,True,1,2,0,0,True,0.2494609200002742,0.01724629799991817,0.0,0.0,0.00012504000005719718,False,
diag00_a1_s23_llama1b_kv3072_cap12-07_long_burst_guard_fast,llama1b,3072,12,23,long,burst,guard_fast,1,cmpl-diag00_a1_s23_llama1b_kv3072_cap12-07_long_burst_guard_fast-r1-0-aa8cf7c9,7140.336259548,7140.745192995,7140.908842628,0.40893344699998124,0.16364963299929514,0.5725830799992764,1393,1137,True,True,1,3,0,0,True,0.1480349670000578,0.26076505499986524,0.0,0.0,0.00013342500005819602,False,
diag00_a1_s23_llama1b_kv3072_cap12-07_long_burst_guard_fast,llama1b,3072,12,23,long,burst,guard_fast,1,cmpl-diag00_a1_s23_llama1b_kv3072_cap12-07_long_burst_guard_fast-r1-0-aa8cf7c9,7140.908230955,7141.199646486,7141.467486715,0.2914155309999842,0.26784022899937554,0.5592557599993597,1395,1139,True,True,1,2,0,0,True,0.14540944100008346,0.1458285619992239,0.0,0.0,0.00017752800067682983,False,
diag00_a1_s23_llama1b_kv3072_cap12-07_long_burst_guard_fast,llama1b,3072,12,23,long,burst,guard_fast,1,cmpl-diag00_a1_s23_llama1b_kv3072_cap12-07_long_burst_guard_fast-r1-0-aa8cf7c9,7141.466946913,7141.627897471,7141.920482568,0.1609505579999677,0.2925850969995736,0.4535356549995413,1397,1141,True,True,1,2,0,0,True,0.015002917999481724,0.14582024799983628,0.0,0.0,0.00012739200064970646,False,
diag00_a1_s23_llama1b_kv3072_cap12-07_long_burst_guard_fast,llama1b,3072,12,23,long,burst,guard_fast,1,cmpl-diag00_a1_s23_llama1b_kv3072_cap12-07_long_burst_guard_fast-r1-0-aa8cf7c9,7141.919844321,7142.202152263,7142.493252189,0.2823079420004433,0.2910999259993332,0.5734078679997765,1399,1143,True,True,1,2,0,0,True,0.264744795000297,0.017430330000024696,0.0,0.0,0.0001328170001215767,False,
diag00_a1_s23_llama1b_kv3072_cap12-07_long_burst_guard_fast,llama1b,3072,12,23,long,burst,guard_fast,1,cmpl-diag00_a1_s23_llama1b_kv3072_cap12-07_long_burst_guard_fast-r1-0-aa8cf7c9,7142.49259164,7142.899540573,7143.080707207,0.4069489330004217,0.1811666339999647,0.5881155670003864,1401,1145,True,True,1,3,0,0,True,0.1441493199999968,0.26267070199992304,0.0,0.0,0.00012891100050183013,False,
diag00_a1_s23_llama1b_kv3072_cap12-07_long_burst_guard_fast,llama1b,3072,12,23,long,burst,guard_fast,1,cmpl-diag00_a1_s23_llama1b_kv3072_cap12-07_long_burst_guard_fast-r1-0-aa8cf7c9,7143.079611975,7143.37415024,7143.634519669,0.2945382649995736,0.2603694290000931,0.5549076939996667,1403,1147,True,True,1,2,0,0,True,0.1513248309993287,0.1430504710006062,0.0,0.0,0.00016296299963869387,False,
diag00_a1_s23_llama1b_kv3072_cap12-07_long_burst_guard_fast,llama1b,3072,12,23,long,burst,guard_fast,1,cmpl-diag00_a1_s23_llama1b_kv3072_cap12-07_long_burst_guard_fast-r1-0-aa8cf7c9,7143.633818752,7143.805057145,7144.09969095,0.17123839300074906,0.2946338049996484,0.4658721980003975,1405,1149,True,True,1,2,0,0,True,0.016791263000413892,0.1543533309995837,0.0,0.0,9.379900075145997e-05,False,
diag00_a1_s23_llama1b_kv3072_cap12-07_long_burst_guard_fast,llama1b,3072,12,23,long,burst,guard_fast,1,cmpl-diag00_a1_s23_llama1b_kv3072_cap12-07_long_burst_guard_fast-r1-0-aa8cf7c9,7144.099032739,7144.374515166,7144.674167551,0.2754824269995879,0.29965238500062696,0.5751348120002149,1407,1151,True,True,1,2,0,0,True,0.2593695289997413,0.01599848500063672,0.0,0.0,0.00011441299920988968,False,
diag00_a1_s23_llama1b_kv3072_cap12-07_long_burst_guard_fast,llama1b,3072,12,23,long,burst,guard_fast,1,cmpl-diag00_a1_s23_llama1b_kv3072_cap12-07_long_burst_guard_fast-r1-0-aa8cf7c9,7144.672984629,7145.110472019,7145.293821471,0.4374873899996601,0.18334945200058428,0.6208368420002444,1409,1153,True,True,1,3,0,0,True,0.15755111500038765,0.2797979099996155,0.0,0.0,0.00013836499965691473,False,
diag00_a1_s23_llama1b_kv3072_cap12-07_long_burst_guard_fast,llama1b,3072,12,23,long,burst,guard_fast,1,cmpl-diag00_a1_s23_llama1b_kv3072_cap12-07_long_burst_guard_fast-r1-0-aa8cf7c9,7145.29317213,7145.591770303,7145.873516316,0.2985981729998457,0.2817460129999745,0.5803441859998202,1411,1155,True,True,1,2,0,0,True,0.14139723100015544,0.1570766819995697,0.0,0.0,0.00012426000012055738,False,
diag00_a1_s23_llama1b_kv3072_cap12-07_long_burst_guard_fast,llama1b,3072,12,23,long,burst,guard_fast,1,cmpl-diag00_a1_s23_llama1b_kv3072_cap12-07_long_burst_guard_fast-r1-0-aa8cf7c9,7145.872909125,7146.159928343,7146.431436287,0.2870192179998412,0.2715079440004047,0.5585271620002459,1413,1157,True,True,1,2,0,0,True,0.1450146040006075,0.1418950519991995,0.0,0.0,0.00010956200003420236,False,
diag00_a1_s23_llama1b_kv3072_cap12-07_long_burst_guard_fast,llama1b,3072,12,23,long,burst,guard_fast,1,cmpl-diag00_a1_s23_llama1b_kv3072_cap12-07_long_burst_guard_fast-r1-0-aa8cf7c9,7146.430795061,7146.591155901,7146.888626024,0.16036084000006667,0.2974701229995844,0.4578309629996511,1415,1159,True,True,1,2,0,0,True,0.015982234999682987,0.14426123400062352,0.0,0.0,0.00011737099976016907,False,
diag00_a1_s23_llama1b_kv3072_cap12-07_long_burst_guard_fast,llama1b,3072,12,23,long,burst,guard_fast,1,cmpl-diag00_a1_s23_llama1b_kv3072_cap12-07_long_burst_guard_fast-r1-0-aa8cf7c9,7146.887507324,7147.162257186,7147.459731216,0.2747498620001352,0.29747403000055783,0.572223892000693,1417,1161,True,True,1,2,0,0,True,0.258827169000142,0.015801577000274847,0.0,0.0,0.0001211159997183131,False,
diag00_a1_s23_llama1b_kv3072_cap12-07_long_burst_guard_fast,llama1b,3072,12,23,long,burst,guard_fast,1,cmpl-diag00_a1_s23_llama1b_kv3072_cap12-07_long_burst_guard_fast-r1-0-aa8cf7c9,7147.459115401,7147.863500842,7148.042486975,0.4043854409992491,0.1789861330007625,0.5833715740000116,1419,1163,True,True,1,3,0,0,True,0.1443362199997864,0.2598886659998243,0.0,0.0,0.00016055499963840703,False,
diag00_a1_s23_llama1b_kv3072_cap12-07_long_burst_guard_fast,llama1b,3072,12,23,long,burst,guard_fast,1,cmpl-diag00_a1_s23_llama1b_kv3072_cap12-07_long_burst_guard_fast-r1-0-aa8cf7c9,7148.041691633,7148.347201208,7148.629427722,0.3055095750005421,0.28222651400028553,0.5877360890008276,1421,1165,True,True,1,2,0,0,True,0.15756172400051582,0.147807174999798,0.0,0.0,0.0001406760002282681,False,
diag00_a1_s23_llama1b_kv3072_cap12-07_long_burst_guard_fast,llama1b,3072,12,23,long,burst,guard_fast,1,cmpl-diag00_a1_s23_llama1b_kv3072_cap12-07_long_burst_guard_fast-r1-0-aa8cf7c9,7148.628751563,7148.789878873,7149.109651361,0.1611273099997561,0.31977248800012603,0.48089979799988214,1423,1167,True,True,1,2,0,0,True,0.016440608000266366,0.14456267499917885,0.0,0.0,0.00012402700031088898,False,
diag00_a1_s23_llama1b_kv3072_cap12-07_long_burst_guard_fast,llama1b,3072,12,23,long,burst,guard_fast,1,cmpl-diag00_a1_s23_llama1b_kv3072_cap12-07_long_burst_guard_fast-r1-0-aa8cf7c9,7149.108883067,7149.389546603,7149.692243934,0.2806635360002474,0.3026973309997629,0.5833608670000103,1425,1169,True,True,1,2,0,0,True,0.12889476300006208,0.15164493100019172,0.0,0.0,0.00012384199999360135,False,
diag00_a1_s23_llama1b_kv3072_cap12-07_long_burst_guard_fast,llama1b,3072,12,23,long,burst,guard_fast,1,cmpl-diag00_a1_s23_llama1b_kv3072_cap12-07_long_burst_guard_fast-r1-0-aa8cf7c9,7149.691501613,7149.973420121,7150.287216598,0.28191850800067186,0.31379647699941415,0.595714985000086,1427,1171,True,True,1,2,0,0,True,0.12705420900056197,0.1547145479999017,0.0,0.0,0.0001497510002081981,False,
diag00_a1_s23_llama1b_kv3072_cap12-07_long_burst_guard_fast,llama1b,3072,12,23,long,burst,guard_fast,1,cmpl-diag00_a1_s23_llama1b_kv3072_cap12-07_long_burst_guard_fast-r1-0-aa8cf7c9,7150.286127302,7150.585786213,7150.922938674,0.299658910999824,0.33715246100018703,0.636811372000011,1429,1173,True,True,1,2,0,0,True,0.2791122529997665,0.020399058000293735,0.0,0.0,0.00014759999976377003,False,
diag00_a1_s23_llama1b_kv3072_cap12-07_long_burst_guard_fast,llama1b,3072,12,23,long,burst,guard_fast,1,cmpl-diag00_a1_s23_llama1b_kv3072_cap12-07_long_burst_guard_fast-r1-0-aa8cf7c9,7150.922158024,7151.214985063,7151.523187229,0.2928270390002581,0.3082021659993188,0.6010292049995769,1431,1175,True,True,1,2,0,0,True,0.15914634999990085,0.1335108080002101,0.0,0.0,0.0001698810001471429,False,
diag00_a1_s23_llama1b_kv3072_cap12-07_long_burst_guard_fast,llama1b,3072,12,23,long,burst,guard_fast,1,cmpl-diag00_a1_s23_llama1b_kv3072_cap12-07_long_burst_guard_fast-r1-0-aa8cf7c9,7151.522588993,7151.928745815,7152.098662868,0.4061568220004119,0.16991705300006288,0.5760738750004748,1433,1177,True,True,1,3,0,0,True,0.14626096900065022,0.2597427639993839,0.0,0.0,0.00015308900037780404,False,
diag00_a1_s23_llama1b_kv3072_cap12-07_long_burst_guard_fast,llama1b,3072,12,23,long,burst,guard_fast,1,cmpl-diag00_a1_s23_llama1b_kv3072_cap12-07_long_burst_guard_fast-r1-0-aa8cf7c9,7152.09795414,7152.388930168,7152.660601514,0.29097602799993183,0.2716713459994935,0.5626473739994253,1435,1179,True,True,1,2,0,0,True,0.14748090499961108,0.1433371729999635,0.0,0.0,0.00015795000035723206,False,
diag00_a1_s23_llama1b_kv3072_cap12-07_long_burst_guard_fast,llama1b,3072,12,23,long,burst,guard_fast,1,cmpl-diag00_a1_s23_llama1b_kv3072_cap12-07_long_burst_guard_fast-r1-0-aa8cf7c9,7152.659940929,7152.819072324,7153.115284596,0.15913139500025864,0.29621227199913847,0.4553436669993971,1437,1181,True,True,1,2,0,0,True,0.01543990499976644,0.14354383800036885,0.0,0.0,0.0001476520001233439,False,
diag00_a1_s23_llama1b_kv3072_cap12-07_long_burst_guard_fast,llama1b,3072,12,23,long,burst,guard_fast,1,cmpl-diag00_a1_s23_llama1b_kv3072_cap12-07_long_burst_guard_fast-r1-0-aa8cf7c9,7153.114637279,7153.395098343,7153.693284894,0.2804610640005194,0.29818655099916214,0.5786476149996815,1439,1183,True,True,1,2,0,0,True,0.2644083530003627,0.015959034999468713,0.0,0.0,9.36760006879922e-05,False,
diag00_a1_s23_llama1b_kv3072_cap12-07_long_burst_guard_fast,llama1b,3072,12,23,long,burst,guard_fast,1,cmpl-diag00_a1_s23_llama1b_kv3072_cap12-07_long_burst_guard_fast-r1-0-aa8cf7c9,7153.69210375,7154.096456104,7154.269109653,0.4043523540003662,0.17265354899973318,0.5770059030000994,1441,1185,True,True,1,3,0,0,True,0.14449734000027092,0.2597637549997671,0.0,0.0,9.125900032813661e-05,False,
diag00_a1_s23_llama1b_kv3072_cap12-07_long_burst_guard_fast,llama1b,3072,12,23,long,burst,guard_fast,1,cmpl-diag00_a1_s23_llama1b_kv3072_cap12-07_long_burst_guard_fast-r1-0-aa8cf7c9,7154.268447129,7154.552915711,7154.828047618,0.284468582000045,0.27513190699937695,0.5596004889994219,1443,1187,True,True,1,2,0,0,True,0.14376136499959102,0.14058963499974197,0.0,0.0,0.00011758200071199099,False,
diag00_a1_s23_llama1b_kv3072_cap12-07_long_burst_guard_fast,llama1b,3072,12,23,long,burst,guard_fast,1,cmpl-diag00_a1_s23_llama1b_kv3072_cap12-07_long_burst_guard_fast-r1-0-aa8cf7c9,7154.827386058,7154.985286603,7155.287399135,0.15790054499939288,0.30211253200013743,0.4600130769995303,1445,1189,True,True,1,2,0,0,True,0.015594921999763756,0.14210043200000655,0.0,0.0,0.00020519099962257314,False,
diag00_a1_s23_llama1b_kv3072_cap12-07_long_burst_guard_fast,llama1b,3072,12,23,long,burst,guard_fast,1,cmpl-diag00_a1_s23_llama1b_kv3072_cap12-07_long_burst_guard_fast-r1-0-aa8cf7c9,7155.286781569,7155.563692371,7155.860147759,0.27691080200020224,0.2964553880001404,0.5733661900003426,1447,1191,True,True,1,2,0,0,True,0.2604619379999349,0.01628958000037528,0.0,0.0,0.0001592839998920681,False,
diag00_a1_s23_llama1b_kv3072_cap12-07_long_burst_guard_fast,llama1b,3072,12,23,long,burst,guard_fast,1,cmpl-diag00_a1_s23_llama1b_kv3072_cap12-07_long_burst_guard_fast-r1-0-aa8cf7c9,7155.859582275,7156.264602956,7156.435882983,0.40502068099976896,0.17128002699973877,0.5763007079995077,1449,1193,True,True,1,3,0,0,True,0.14390218399967125,0.26095819100009976,0.0,0.0,0.00016030599999794504,False,
diag00_a1_s23_llama1b_kv3072_cap12-07_long_burst_guard_fast,llama1b,3072,12,23,long,burst,guard_fast,1,cmpl-diag00_a1_s23_llama1b_kv3072_cap12-07_long_burst_guard_fast-r1-0-aa8cf7c9,7156.435230816,7156.722618021,7156.997372741,0.2873872050004138,0.2747547199996916,0.5621419250001054,1451,1195,True,True,1,2,0,0,True,0.14458370300053502,0.1426424239998596,0.0,0.0,0.00016107800001918804,False,
diag00_a1_s23_llama1b_kv3072_cap12-07_long_burst_guard_fast,llama1b,3072,12,23,long,burst,guard_fast,1,cmpl-diag00_a1_s23_llama1b_kv3072_cap12-07_long_burst_guard_fast-r1-0-aa8cf7c9,7156.996795761,7157.157555412,7157.459208897,0.16075965100026224,0.3016534850003154,0.46241313600057765,1453,1197,True,True,1,2,0,0,True,0.01934191300006205,0.14126816499992856,0.0,0.0,0.00014957300027163,False,
diag00_a1_s23_llama1b_kv3072_cap12-07_long_burst_guard_fast,llama1b,3072,12,23,long,burst,guard_fast,1,cmpl-diag00_a1_s23_llama1b_kv3072_cap12-07_long_burst_guard_fast-r1-0-aa8cf7c9,7157.458646694,7157.737884871,7158.033894368,0.27923817699957,0.29600949700034107,0.5752476739999111,1455,1199,True,True,1,2,0,0,True,0.26213161000032414,0.016925721000006888,0.0,0.0,0.0001808459992389544,False,
diag00_a1_s23_llama1b_kv3072_cap12-07_long_burst_guard_fast,llama1b,3072,12,23,long,burst,guard_fast,1,cmpl-diag00_a1_s23_llama1b_kv3072_cap12-07_long_burst_guard_fast-r1-0-aa8cf7c9,7158.033208945,7158.323000014,7158.635507577,0.2897910689998753,0.31250756299959903,0.6022986319994743,1457,1201,True,True,1,2,0,0,True,0.15753473699987808,0.13211383199995907,0.0,0.0,0.00014250000003812602,False,
diag00_a1_s23_llama1b_kv3072_cap12-07_long_burst_guard_fast,llama1b,3072,12,23,long,burst,guard_fast,1,cmpl-diag00_a1_s23_llama1b_kv3072_cap12-07_long_burst_guard_fast-r1-0-aa8cf7c9,7158.634714164,7159.041879442,7159.216510946,0.40716527800032054,0.17463150399998995,0.5817967820003105,1459,1203,True,True,1,3,0,0,True,0.14524154199989425,0.2617961040004957,0.0,0.0,0.0001276319999305997,False,
diag00_a1_s23_llama1b_kv3072_cap12-07_long_burst_guard_fast,llama1b,3072,12,23,long,burst,guard_fast,1,cmpl-diag00_a1_s23_llama1b_kv3072_cap12-07_long_burst_guard_fast-r1-0-aa8cf7c9,7159.215839915,7159.503115852,7159.777503506,0.28727593699932186,0.2743876540007477,0.5616635910000696,1461,1205,True,True,1,2,0,0,True,0.14257920399995783,0.14457153399962408,0.0,0.0,0.00012519899973995052,False,
diag00_a1_s23_llama1b_kv3072_cap12-07_long_burst_guard_fast,llama1b,3072,12,23,long,burst,guard_fast,1,cmpl-diag00_a1_s23_llama1b_kv3072_cap12-07_long_burst_guard_fast-r1-0-aa8cf7c9,7159.776578131,7159.937294459,7160.264740496,0.16071632800048974,0.32744603699939034,0.4881623649998801,1463,1207,True,True,1,2,0,0,True,0.016353799999706098,0.14423421900028188,0.0,0.0,0.00012830900050175842,False,
diag00_a1_s23_llama1b_kv3072_cap12-07_long_burst_guard_fast,llama1b,3072,12,23,long,burst,guard_fast,1,cmpl-diag00_a1_s23_llama1b_kv3072_cap12-07_long_burst_guard_fast-r1-0-aa8cf7c9,7160.264065949,7160.548241823,7160.87089416,0.2841758740005389,0.32265233699945384,0.6068282109999927,1465,1209,True,True,1,2,0,0,True,0.26729589700062206,0.016736385999138292,0.0,0.0,0.00014359100077854237,False,
diag00_a1_s23_llama1b_kv3072_cap12-07_long_burst_guard_fast,llama1b,3072,12,23,long,burst,guard_fast,1,cmpl-diag00_a1_s23_llama1b_kv3072_cap12-07_long_burst_guard_fast-r1-0-aa8cf7c9,7160.870037712,7161.281777108,7161.453124065,0.4117393959995752,0.17134695700042357,0.5830863529999988,1467,1211,True,True,1,3,0,0,True,0.15051080400007777,0.2610972979991857,0.0,0.0,0.00013129400031175464,False,
diag00_a1_s23_llama1b_kv3072_cap12-07_long_burst_guard_fast,llama1b,3072,12,23,long,burst,guard_fast,1,cmpl-diag00_a1_s23_llama1b_kv3072_cap12-07_long_burst_guard_fast-r1-0-aa8cf7c9,7161.452503325,7161.742762626,7162.015390766,0.29025930099942343,0.27262814000005164,0.5628874409994751,1469,1213,True,True,1,2,0,0,True,0.14673277200017765,0.14334144799977366,0.0,0.0,0.0001850809994721203,False,
diag00_a1_s23_llama1b_kv3072_cap12-07_long_burst_guard_fast,llama1b,3072,12,23,long,burst,guard_fast,1,cmpl-diag00_a1_s23_llama1b_kv3072_cap12-07_long_burst_guard_fast-r1-0-aa8cf7c9,7162.014539066,7162.174263995,7162.476461563,0.1597249289998217,0.3021975680003379,0.46192249700015964,1471,1215,True,True,1,2,0,0,True,0.01560578600037843,0.14401909799926216,0.0,0.0,0.00010004500018112594,False,
diag00_a1_s23_llama1b_kv3072_cap12-07_long_burst_guard_fast,llama1b,3072,12,23,long,burst,guard_fast,1,cmpl-diag00_a1_s23_llama1b_kv3072_cap12-07_long_burst_guard_fast-r1-0-aa8cf7c9,7162.475700728,7162.75475402,7163.057188115,0.2790532919998441,0.3024340949996258,0.5814873869994699,1473,1217,True,True,1,2,0,0,True,0.2646412929998405,0.014286855999671388,0.0,0.0,0.00012514300033217296,False,
diag00_a1_s23_llama1b_kv3072_cap12-07_long_burst_guard_fast,llama1b,3072,12,23,long,burst,guard_fast,1,cmpl-diag00_a1_s23_llama1b_kv3072_cap12-07_long_burst_guard_fast-r1-0-aa8cf7c9,7163.056503006,7163.463386676,7163.637735295,0.4068836699998428,0.17434861900073884,0.5812322890005817,1475,1219,True,True,1,3,0,0,True,0.14278772700072295,0.2639393719991858,0.0,0.0,0.000156570999934047,False,
diag00_a1_s23_llama1b_kv3072_cap12-07_long_burst_guard_fast,llama1b,3072,12,23,long,burst,guard_fast,1,cmpl-diag00_a1_s23_llama1b_kv3072_cap12-07_long_burst_guard_fast-r1-0-aa8cf7c9,7163.637130907,7163.92497987,7164.205987068,0.287848963000215,0.2810071979993154,0.5688561609995304,1477,1221,True,True,1,2,0,0,True,0.14635353700032283,0.14137015999949654,0.0,0.0,0.00012526600039564073,False,
diag00_a1_s23_llama1b_kv3072_cap12-07_long_burst_guard_fast,llama1b,3072,12,23,long,burst,guard_fast,1,cmpl-diag00_a1_s23_llama1b_kv3072_cap12-07_long_burst_guard_fast-r1-0-aa8cf7c9,7164.205186989,7164.362481097,7164.665496945,0.15729410800031474,0.30301584799963166,0.4603099559999464,1479,1223,True,True,1,2,0,0,True,0.014992194999649655,0.14213084499988327,0.0,0.0,0.0001710680007818155,False,
diag00_a1_s23_llama1b_kv3072_cap12-07_long_burst_guard_fast,llama1b,3072,12,23,long,burst,guard_fast,1,cmpl-diag00_a1_s23_llama1b_kv3072_cap12-07_long_burst_guard_fast-r1-0-aa8cf7c9,7164.664788289,7164.945363572,7165.246780383,0.28057528299996193,0.30141681100030837,0.5819920940002703,1481,1225,True,True,1,2,0,0,True,0.2650724639997861,0.015341579000050842,0.0,0.0,0.00016124000012496253,False,
diag00_a1_s23_llama1b_kv3072_cap12-07_long_burst_guard_fast,llama1b,3072,12,23,long,burst,guard_fast,1,cmpl-diag00_a1_s23_llama1b_kv3072_cap12-07_long_burst_guard_fast-r1-0-aa8cf7c9,7165.246131038,7165.530169971,7165.830957398,0.28403893299946503,0.3007874269997046,0.5848263599991697,1483,1227,True,True,1,2,0,0,True,0.15574152699991828,0.12820747399928223,0.0,0.0,8.993200026452541e-05,False,
diag00_a1_s23_llama1b_kv3072_cap12-07_long_burst_guard_fast,llama1b,3072,12,23,long,burst,guard_fast,1,cmpl-diag00_a1_s23_llama1b_kv3072_cap12-07_long_burst_guard_fast-r1-0-aa8cf7c9,7165.830321222,7166.112015799,7166.41689872,0.28169457700005296,0.30488292100017134,0.5865774980002243,1485,1229,True,True,1,2,0,0,True,0.15457356800015987,0.12695748199985246,0.0,0.0,0.0001635270000406308,False,
diag00_a1_s23_llama1b_kv3072_cap12-07_long_burst_guard_fast,llama1b,3072,12,23,long,burst,guard_fast,1,cmpl-diag00_a1_s23_llama1b_kv3072_cap12-07_long_burst_guard_fast-r1-0-aa8cf7c9,7166.415730848,7166.698995638,7167.001317223,0.28326479000043037,0.30232158499984507,0.5855863750002754,1487,1231,True,True,1,2,0,0,True,0.15515334300016548,0.12798793599995406,0.0,0.0,0.0001235110003108275,False,
diag00_a1_s23_llama1b_kv3072_cap12-07_long_burst_guard_fast,llama1b,3072,12,23,long,burst,guard_fast,1,cmpl-diag00_a1_s23_llama1b_kv3072_cap12-07_long_burst_guard_fast-r1-0-aa8cf7c9,7167.000671759,7167.285542506,7167.590139777,0.28487074699933146,0.30459727100060263,0.5894680179999341,1489,1233,True,True,1,2,0,0,True,0.15551092699934088,0.12923809899984917,0.0,0.0,0.00012172100014140597,False,
diag00_a1_s23_llama1b_kv3072_cap12-07_long_burst_guard_fast,llama1b,3072,12,23,long,burst,guard_fast,1,cmpl-diag00_a1_s23_llama1b_kv3072_cap12-07_long_burst_guard_fast-r1-0-aa8cf7c9,7167.589453193,7167.872700082,7168.174155821,0.28324688900011097,0.3014557389997208,0.5847026279998317,1491,1235,True,True,1,2,0,0,True,0.15534706100061157,0.12774911199994676,0.0,0.0,0.00015071599955263082,False,
diag00_a1_s23_llama1b_kv3072_cap12-07_long_burst_guard_fast,llama1b,3072,12,23,long,burst,guard_fast,1,cmpl-diag00_a1_s23_llama1b_kv3072_cap12-07_long_burst_guard_fast-r1-0-aa8cf7c9,7168.17351086,7168.459261374,7168.761808037,0.2857505140000285,0.30254666300061217,0.5882971770006407,1493,1237,True,True,1,2,0,0,True,0.15646488000038516,0.1291358130001754,0.0,0.0,0.00014982099946792005,False,
diag00_a1_s23_llama1b_kv3072_cap12-07_long_burst_guard_fast,llama1b,3072,12,23,long,burst,guard_fast,1,cmpl-diag00_a1_s23_llama1b_kv3072_cap12-07_long_burst_guard_fast-r1-0-aa8cf7c9,7168.761234408,7169.046803133,7169.34960895,0.28556872500030295,0.3028058170002623,0.5883745420005653,1495,1239,True,True,1,2,0,0,True,0.1564437420001923,0.1290006480003285,0.0,0.0,0.00012433499978214968,False,
diag00_a1_s23_llama1b_kv3072_cap12-07_long_burst_guard_fast,llama1b,3072,12,23,long,burst,guard_fast,1,cmpl-diag00_a1_s23_llama1b_kv3072_cap12-07_long_burst_guard_fast-r1-0-aa8cf7c9,7169.348906966,7169.633768404,7169.936579429,0.2848614380000072,0.3028110249997553,0.5876724629997625,1497,1241,True,True,1,2,0,0,True,0.1559857969996301,0.12877571400076704,0.0,0.0,9.992699961003382e-05,False,
diag00_a1_s23_llama1b_kv3072_cap12-07_long_burst_guard_fast,llama1b,3072,12,23,long,burst,guard_fast,1,cmpl-diag00_a1_s23_llama1b_kv3072_cap12-07_long_burst_guard_fast-r1-0-aa8cf7c9,7169.935809042,7170.221197999,7170.526497121,0.28538895699966815,0.3052991220001786,0.5906880789998468,1499,1243,True,True,1,2,0,0,True,0.1563847209999949,0.12883869300003425,0.0,0.0,0.0001655429996390012,False,
diag00_a1_s23_llama1b_kv3072_cap12-07_long_burst_guard_fast,llama1b,3072,12,23,long,burst,guard_fast,1,cmpl-diag00_a1_s23_llama1b_kv3072_cap12-07_long_burst_guard_fast-r1-0-aa8cf7c9,7170.525401461,7170.809636679,7171.111211499,0.28423521799959417,0.3015748200004964,0.5858100380000906,1501,1245,True,True,1,2,0,0,True,0.15687722500024393,0.12718666899945674,0.0,0.0,0.00017132399989350233,False,
diag00_a1_s23_llama1b_kv3072_cap12-07_long_burst_guard_fast,llama1b,3072,12,23,long,burst,guard_fast,1,cmpl-diag00_a1_s23_llama1b_kv3072_cap12-07_long_burst_guard_fast-r1-0-aa8cf7c9,7171.110040286,7171.396731395,7171.70262728,0.2866911089995483,0.30589588500060927,0.5925869940001576,1503,1247,True,True,1,2,0,0,True,0.1567736299994067,0.12979607900069823,0.0,0.0,0.00012139999944338342,False,
diag00_a1_s23_llama1b_kv3072_cap12-07_long_burst_guard_fast,llama1b,3072,12,23,long,burst,guard_fast,1,cmpl-diag00_a1_s23_llama1b_kv3072_cap12-07_long_burst_guard_fast-r1-0-aa8cf7c9,7171.701766592,7171.985426714,7172.288996784,0.2836601219996737,0.3035700700002053,0.587230191999879,1505,1249,True,True,1,2,0,0,True,0.155740410999897,0.12779378599952906,0.0,0.0,0.00012592500024766196,False,
diag00_a1_s23_llama1b_kv3072_cap12-07_long_burst_guard_fast,llama1b,3072,12,23,long,burst,guard_fast,1,cmpl-diag00_a1_s23_llama1b_kv3072_cap12-07_long_burst_guard_fast-r1-0-aa8cf7c9,7172.288346547,7172.574937036,7172.880618117,0.2865904889995363,0.30568108100032987,0.5922715699998662,1507,1251,True,True,1,2,0,0,True,0.1576756939994084,0.12880482600030518,0.0,0.0,0.00010996899982274044,False,
diag00_a1_s23_llama1b_kv3072_cap12-07_long_burst_guard_fast,llama1b,3072,12,23,long,burst,guard_fast,1,cmpl-diag00_a1_s23_llama1b_kv3072_cap12-07_long_burst_guard_fast-r1-0-aa8cf7c9,7172.879854006,7173.163018172,7173.469489285,0.2831641660004607,0.30647111300004326,0.5896352790005039,1509,1253,True,True,1,2,0,0,True,0.15372105500046018,0.12932434899994405,0.0,0.0,0.00011876200005644932,False,
diag00_a1_s23_llama1b_kv3072_cap12-07_long_burst_guard_fast,llama1b,3072,12,23,long,burst,guard_fast,1,cmpl-diag00_a1_s23_llama1b_kv3072_cap12-07_long_burst_guard_fast-r1-0-aa8cf7c9,7173.468893414,7173.753857741,7174.054609319,0.2849643269992157,0.3007515780000176,0.5857159049992333,1511,1255,True,True,1,2,0,0,True,0.15735987900006876,0.12740765399939846,0.0,0.0,0.0001967939997484791,False,
diag00_a1_s23_llama1b_kv3072_cap12-07_long_burst_guard_fast,llama1b,3072,12,23,long,burst,guard_fast,1,cmpl-diag00_a1_s23_llama1b_kv3072_cap12-07_long_burst_guard_fast-r1-0-aa8cf7c9,7174.053895354,7174.345731175,7174.658225302,0.29183582099994965,0.31249412699980894,0.6043299479997586,1513,1257,True,True,1,2,0,0,True,0.15952037799979735,0.13210522100052913,0.0,0.0,0.00021022199962317245,False,
diag00_a1_s23_llama1b_kv3072_cap12-07_long_burst_guard_fast,llama1b,3072,12,23,long,burst,guard_fast,1,cmpl-diag00_a1_s23_llama1b_kv3072_cap12-07_long_burst_guard_fast-r1-0-aa8cf7c9,7174.657034308,7174.94408869,7175.254667741,0.28705438199995115,0.3105790509998769,0.5976334329998281,1515,1259,True,True,1,2,0,0,True,0.15952330799973424,0.12739055099973484,0.0,0.0,0.00014052300048206234,False,
diag00_a1_s23_llama1b_kv3072_cap12-07_long_burst_guard_fast,llama1b,3072,12,23,long,burst,guard_fast,1,cmpl-diag00_a1_s23_llama1b_kv3072_cap12-07_long_burst_guard_fast-r1-0-aa8cf7c9,7175.253608555,7175.541014726,7175.85560404,0.2874061709999296,0.3145893139999316,0.6019954849998612,1517,1261,True,True,1,2,0,0,True,0.15867584100033127,0.12861948599947937,0.0,0.0,0.00011084400011895923,False,
diag00_a1_s23_llama1b_kv3072_cap12-07_long_burst_guard_fast,llama1b,3072,12,23,long,burst,guard_fast,1,cmpl-diag00_a1_s23_llama1b_kv3072_cap12-07_long_burst_guard_fast-r1-0-aa8cf7c9,7175.855012459,7176.139903033,7176.456515059,0.284890574000201,0.3166120259993477,0.6015025999995487,1519,1263,True,True,1,2,0,0,True,0.15701414399973146,0.12774734200047533,0.0,0.0,0.00012908799999422627,False,
diag00_a1_s23_llama1b_kv3072_cap12-07_long_burst_guard_fast,llama1b,3072,12,23,long,burst,guard_fast,1,cmpl-diag00_a1_s23_llama1b_kv3072_cap12-07_long_burst_guard_fast-r1-0-aa8cf7c9,7176.455770642,7176.745347188,7177.065433344,0.2895765459998074,0.32008615599988843,0.6096627019996959,1521,1265,True,True,1,2,0,0,True,0.15746213300008094,0.13200143799986108,0.0,0.0,0.0001129749998654006,False,
diag00_a1_s23_llama1b_kv3072_cap12-07_long_burst_guard_fast,llama1b,3072,12,23,long,burst,guard_fast,1,cmpl-diag00_a1_s23_llama1b_kv3072_cap12-07_long_burst_guard_fast-r1-0-aa8cf7c9,7177.064554817,7177.354043059,7177.670071991,0.28948824200051604,0.31602893200033577,0.6055171740008518,1523,1267,True,True,1,2,0,0,True,0.15905874300005962,0.13033610900038184,0.0,0.0,9.339000007457798e-05,False,
diag00_a1_s23_llama1b_kv3072_cap12-07_long_burst_guard_fast,llama1b,3072,12,23,long,burst,guard_fast,1,cmpl-diag00_a1_s23_llama1b_kv3072_cap12-07_long_burst_guard_fast-r1-0-aa8cf7c9,7177.669465093,7177.956690196,7178.274959402,0.2872251029994004,0.3182692059999681,0.6054943089993685,1525,1269,True,True,1,2,0,0,True,0.15793185399979848,0.12913078499968833,0.0,0.0,0.00016246399991359795,False,
diag00_a1_s23_llama1b_kv3072_cap12-07_long_burst_guard_fast,llama1b,3072,12,23,long,burst,guard_fast,1,cmpl-diag00_a1_s23_llama1b_kv3072_cap12-07_long_burst_guard_fast-r1-0-aa8cf7c9,7178.274170323,7178.564810045,7178.878328794,0.29063972199946875,0.31351874899974064,0.6041584709992094,1527,1271,True,True,1,2,0,0,True,0.15889812099976552,0.1316158869994979,0.0,0.0,0.00012571400020533474,False,
diag00_a1_s23_llama1b_kv3072_cap12-07_long_burst_guard_fast,llama1b,3072,12,23,long,burst,guard_fast,1,cmpl-diag00_a1_s23_llama1b_kv3072_cap12-07_long_burst_guard_fast-r1-0-aa8cf7c9,7178.877609491,7179.164105383,7179.480163885,0.28649589199994807,0.31605850200048735,0.6025543940004354,1529,1273,True,True,1,2,0,0,True,0.1566498150004918,0.12970078499984083,0.0,0.0,0.00014529199961543782,False,
diag00_a1_s23_llama1b_kv3072_cap12-07_long_burst_guard_fast,llama1b,3072,12,23,long,burst,guard_fast,1,cmpl-diag00_a1_s23_llama1b_kv3072_cap12-07_long_burst_guard_fast-r1-0-aa8cf7c9,7179.479421083,7179.76541981,7180.079593854,0.285998727000333,0.31417404400053783,0.6001727710008709,1531,1275,True,True,1,2,0,0,True,0.1562472550003804,0.1296549259996027,0.0,0.0,9.654600034991745e-05,False,
diag00_a1_s23_llama1b_kv3072_cap12-07_long_burst_guard_fast,llama1b,3072,12,23,long,burst,guard_fast,1,cmpl-diag00_a1_s23_llama1b_kv3072_cap12-07_long_burst_guard_fast-r1-0-aa8cf7c9,7180.078424505,7180.366004729,7180.68124358,0.2875802240005214,0.31523885099977633,0.6028190750002977,1533,1277,True,True,1,2,0,0,True,0.15912597799979267,0.1283344310004395,0.0,0.0,0.0001198150002892362,False,
diag00_a1_s23_llama1b_kv3072_cap12-07_long_burst_guard_fast,llama1b,3072,12,23,long,burst,guard_fast,1,cmpl-diag00_a1_s23_llama1b_kv3072_cap12-07_long_burst_guard_fast-r1-0-aa8cf7c9,7180.680626925,7180.968395027,7181.296244724,0.2877681019999727,0.32784969699969224,0.615617798999665,1535,1279,True,True,1,2,0,0,True,0.15831414999956905,0.12933311000051617,0.0,0.0,0.00012084199988748878,False,
diag00_a1_s23_llama1b_kv3072_cap12-07_long_burst_guard_fast,llama1b,3072,12,23,long,burst,guard_fast,1,cmpl-diag00_a1_s23_llama1b_kv3072_cap12-07_long_burst_guard_fast-r1-0-aa8cf7c9,7181.295076881,7181.581749508,7181.903375845,0.286672627000371,0.3216263369995431,0.6082989639999141,1537,1281,True,True,1,2,0,0,True,0.15711266000016622,0.12944816799972614,0.0,0.0,0.00011179900047864066,False,
diag00_a1_s23_llama1b_kv3072_cap12-07_long_burst_guard_fast,llama1b,3072,12,23,long,burst,guard_fast,1,cmpl-diag00_a1_s23_llama1b_kv3072_cap12-07_long_burst_guard_fast-r1-0-aa8cf7c9,7181.902763185,7182.192273844,7182.516598413,0.28951065899946116,0.3243245690000549,0.6138352279995161,1539,1283,True,True,1,2,0,0,True,0.15716276299917809,0.13222114800009876,0.0,0.0,0.00012674800018430687,False,
diag00_a1_s23_llama1b_kv3072_cap12-07_long_burst_guard_fast,llama1b,3072,12,23,long,burst,guard_fast,1,cmpl-diag00_a1_s23_llama1b_kv3072_cap12-07_long_burst_guard_fast-r1-0-aa8cf7c9,7182.515807561,7182.803174944,7183.126419814,0.28736738299994613,0.3232448700000532,0.6106122529999993,1541,1285,True,True,1,2,0,0,True,0.15766364299997804,0.1295805730005668,0.0,0.0,0.00012316699940129183,False,
diag00_a1_s23_llama1b_kv3072_cap12-07_long_burst_guard_fast,llama1b,3072,12,23,long,burst,guard_fast,1,cmpl-diag00_a1_s23_llama1b_kv3072_cap12-07_long_burst_guard_fast-r1-0-aa8cf7c9,7183.125755448,7183.414926682,7183.746980246,0.2891712340006052,0.33205356399957964,0.6212247980001848,1543,1287,True,True,1,2,0,0,True,0.15967669500059856,0.12936490599986428,0.0,0.0,0.00012963300014234846,False,
diag00_a1_s23_llama1b_kv3072_cap12-07_long_burst_guard_fast,llama1b,3072,12,23,long,burst,guard_fast,1,cmpl-diag00_a1_s23_llama1b_kv3072_cap12-07_long_burst_guard_fast-r1-0-aa8cf7c9,7183.745836618,7184.037782092,7184.362257422,0.29194547400038573,0.3244753299995864,0.6164208039999721,1545,1289,True,True,1,2,0,0,True,0.1593404309996913,0.13235435000024154,0.0,0.0,0.000250693000452884,False,
diag00_a1_s23_llama1b_kv3072_cap12-07_long_burst_guard_fast,llama1b,3072,12,23,long,burst,guard_fast,1,cmpl-diag00_a1_s23_llama1b_kv3072_cap12-07_long_burst_guard_fast-r1-0-aa8cf7c9,7184.361195346,7184.647040123,7184.974057783,0.28584477699951094,0.3270176599999104,0.6128624369994213,1547,1291,True,True,1,2,0,0,True,0.15594808799960447,0.12978783899961854,0.0,0.0,0.00010885000028793002,False,
diag00_a1_s23_llama1b_kv3072_cap12-07_long_burst_guard_fast,llama1b,3072,12,23,long,burst,guard_fast,1,cmpl-diag00_a1_s23_llama1b_kv3072_cap12-07_long_burst_guard_fast-r1-0-aa8cf7c9,7184.972666264,7185.265236294,7185.589605031,0.2925700300002063,0.3243687370004409,0.6169387670006472,1549,1293,True,True,1,2,0,0,True,0.161672226000519,0.1308016900002258,0.0,0.0,9.611399946152233e-05,False,
diag00_a1_s23_llama1b_kv3072_cap12-07_long_burst_guard_fast,llama1b,3072,12,23,long,burst,guard_fast,1,cmpl-diag00_a1_s23_llama1b_kv3072_cap12-07_long_burst_guard_fast-r1-0-aa8cf7c9,7185.589001418,7185.875032626,7186.204759498,0.2860312079992582,0.3297268720007196,0.6157580799999778,1551,1295,True,True,1,2,0,0,True,0.1564726859996881,0.12946954499966523,0.0,0.0,8.897699990484398e-05,False,
diag00_a1_s23_llama1b_kv3072_cap12-07_long_burst_guard_fast,llama1b,3072,12,23,long,burst,guard_fast,1,cmpl-diag00_a1_s23_llama1b_kv3072_cap12-07_long_burst_guard_fast-r1-0-aa8cf7c9,7186.203386897,7186.489726539,7186.819449702,0.28633964199980255,0.32972316300038074,0.6160628050001833,1553,1297,True,True,1,2,0,0,True,0.1575971299998855,0.12861551300011342,0.0,0.0,0.00012699899980361806,False,
diag00_a1_s23_llama1b_kv3072_cap12-07_long_burst_guard_fast,llama1b,3072,12,23,long,burst,guard_fast,1,cmpl-diag00_a1_s23_llama1b_kv3072_cap12-07_long_burst_guard_fast-r1-0-aa8cf7c9,7186.818194831,7187.115061262,7187.441707969,0.2968664310001259,0.3266467069997816,0.6235131379999075,1555,1299,True,True,1,2,0,0,True,0.16035459199974866,0.13640450799994142,0.0,0.0,0.00010733100043580635,False,
diag00_a1_s23_llama1b_kv3072_cap12-07_long_burst_guard_fast,llama1b,3072,12,23,long,burst,guard_fast,1,cmpl-diag00_a1_s23_llama1b_kv3072_cap12-07_long_burst_guard_fast-r1-0-aa8cf7c9,7187.441018929,7187.729620169,7188.063062826,0.28860123999947973,0.33344265699997777,0.6220438969994575,1557,1301,True,True,1,2,0,0,True,0.1562098619997414,0.13229285000033997,0.0,0.0,9.852799939835677e-05,False,
diag00_a1_s23_llama1b_kv3072_cap12-07_long_burst_guard_fast,llama1b,3072,12,23,long,burst,guard_fast,1,cmpl-diag00_a1_s23_llama1b_kv3072_cap12-07_long_burst_guard_fast-r1-0-aa8cf7c9,7188.062361378,7188.352482048,7188.676857482,0.2901206699998511,0.32437543400010327,0.6144961039999544,1559,1303,True,True,1,2,0,0,True,0.1587975530001131,0.13122764299987466,0.0,0.0,9.547399986331584e-05,False,
diag00_a1_s23_llama1b_kv3072_cap12-07_long_burst_guard_fast,llama1b,3072,12,23,long,burst,guard_fast,1,cmpl-diag00_a1_s23_llama1b_kv3072_cap12-07_long_burst_guard_fast-r1-0-aa8cf7c9,7188.676182581,7188.976081371,7189.30072068,0.29989879000004294,0.3246393090003039,0.6245380990003468,1561,1305,True,True,1,2,0,0,True,0.16069953399983206,0.13901065300069604,0.0,0.0,0.00018860299951484194,False,
diag00_a1_s23_llama1b_kv3072_cap12-07_long_burst_guard_fast,llama1b,3072,12,23,long,burst,guard_fast,1,cmpl-diag00_a1_s23_llama1b_kv3072_cap12-07_long_burst_guard_fast-r1-0-aa8cf7c9,7189.300008772,7189.60637142,7189.93647406,0.3063626479997765,0.3301026400004048,0.6364652880001813,1563,1307,True,True,1,2,0,0,True,0.22617468599946733,0.08009240600040357,0.0,0.0,9.555599990562769e-05,False,
diag00_a1_s23_llama1b_kv3072_cap12-07_long_burst_guard_fast,llama1b,3072,12,23,long,burst,guard_fast,1,cmpl-diag00_a1_s23_llama1b_kv3072_cap12-07_long_burst_guard_fast-r1-0-aa8cf7c9,7189.935740931,7190.241945754,7190.563597966,0.3062048230003711,0.3216522120001173,0.6278570350004884,1565,1309,True,True,1,2,0,0,True,0.2256276460002482,0.08045223899989651,0.0,0.0,0.00012493800022639334,False,
diag00_a1_s23_llama1b_kv3072_cap12-07_long_burst_guard_fast,llama1b,3072,12,23,long,burst,guard_fast,1,cmpl-diag00_a1_s23_llama1b_kv3072_cap12-07_long_burst_guard_fast-r1-0-aa8cf7c9,7190.562920795,7190.874181454,7191.201600417,0.31126065900025424,0.3274189630001274,0.6386796220003816,1567,1311,True,True,1,2,0,0,True,0.22760927900071692,0.08352543199998763,0.0,0.0,0.0001259479995496804,False,
diag00_a1_s23_llama1b_kv3072_cap12-07_long_burst_guard_fast,llama1b,3072,12,23,long,burst,guard_fast,1,cmpl-diag00_a1_s23_llama1b_kv3072_cap12-07_long_burst_guard_fast-r1-0-aa8cf7c9,7191.201027274,7191.503852353,7191.830620588,0.30282507900028577,0.3267682349996903,0.6295933139999761,1569,1313,True,True,1,2,0,0,True,0.2222092510000948,0.0805023450002409,0.0,0.0,0.00011348299995006528,False,
diag00_a1_s23_llama1b_kv3072_cap12-07_long_burst_guard_fast,llama1b,3072,12,23,long,burst,guard_fast,1,cmpl-diag00_a1_s23_llama1b_kv3072_cap12-07_long_burst_guard_fast-r1-0-aa8cf7c9,7191.829514658,7192.142850549,7192.464960655,0.3133358909999515,0.32211010599985457,0.6354459969998061,1571,1315,True,True,1,2,0,0,True,0.22980131099939172,0.0834195390007153,0.0,0.0,0.00011504099984449567,False,
diag00_a1_s23_llama1b_kv3072_cap12-07_long_burst_guard_fast,llama1b,3072,12,23,long,burst,guard_fast,1,cmpl-diag00_a1_s23_llama1b_kv3072_cap12-07_long_burst_guard_fast-r1-0-aa8cf7c9,7192.464322718,7192.772032677,7193.098779229,0.3077099590000216,0.3267465519993493,0.634456510999371,1573,1317,True,True,1,2,0,0,True,0.22506312199948297,0.08250415000020439,0.0,0.0,0.00014268700033426285,False,
diag00_a1_s23_llama1b_kv3072_cap12-07_long_burst_guard_fast,llama1b,3072,12,23,long,burst,guard_fast,1,cmpl-diag00_a1_s23_llama1b_kv3072_cap12-07_long_burst_guard_fast-r1-0-aa8cf7c9,7193.098223114,7193.405174957,7193.72790818,0.3069518430002063,0.3227332229998865,0.6296850660000928,1575,1319,True,True,1,2,0,0,True,0.22528226200029167,0.08157647600000928,0.0,0.0,9.310499990533572e-05,False,
diag00_a1_s23_llama1b_kv3072_cap12-07_long_burst_guard_fast,llama1b,3072,12,23,long,burst,guard_fast,1,cmpl-diag00_a1_s23_llama1b_kv3072_cap12-07_long_burst_guard_fast-r1-0-aa8cf7c9,7193.727297988,7194.037365182,7194.363478381,0.31006719400011207,0.3261131990002468,0.6361803930003589,1577,1321,True,True,1,2,0,0,True,0.22707718800029397,0.08283682099954603,0.0,0.0,0.00015318500027206028,False,
diag00_a1_s23_llama1b_kv3072_cap12-07_long_burst_guard_fast,llama1b,3072,12,23,long,burst,guard_fast,1,cmpl-diag00_a1_s23_llama1b_kv3072_cap12-07_long_burst_guard_fast-r1-0-aa8cf7c9,7194.362841792,7194.668999532,7194.996918526,0.30615774000034435,0.3279189939994467,0.634076733999791,1579,1323,True,True,1,2,0,0,True,0.2227656670002034,0.08321875399997225,0.0,0.0,0.0001733190001687035,False,
diag00_a1_s23_llama1b_kv3072_cap12-07_long_burst_guard_fast,llama1b,3072,12,23,long,burst,guard_fast,1,cmpl-diag00_a1_s23_llama1b_kv3072_cap12-07_long_burst_guard_fast-r1-0-aa8cf7c9,7194.996307746,7195.456254272,7195.638125619,0.45994652599983965,0.1818713470001967,0.6418178730000363,1581,1325,True,True,1,3,0,0,True,0.2224226610005644,0.2373675489998277,0.0,0.0,0.0001563159994475427,False,
diag00_a1_s23_llama1b_kv3072_cap12-07_long_burst_guard_fast,llama1b,3072,12,23,long,burst,guard_fast,1,cmpl-diag00_a1_s23_llama1b_kv3072_cap12-07_long_burst_guard_fast-r1-0-aa8cf7c9,7195.637534337,7196.105193738,7196.286905729,0.46765940099976433,0.18171199100015656,0.6493713919999209,1583,1327,True,True,1,3,0,0,True,0.23189373100012745,0.23560125999938464,0.0,0.0,0.0001644100002522464,False,
diag00_a1_s23_llama1b_kv3072_cap12-07_long_burst_guard_fast,llama1b,3072,12,23,long,burst,guard_fast,1,cmpl-diag00_a1_s23_llama1b_kv3072_cap12-07_long_burst_guard_fast-r1-0-aa8cf7c9,7196.286354366,7196.751724794,7196.935797789,0.4653704280008242,0.18407299499995133,0.6494434230007755,1585,1329,True,True,1,3,0,0,True,0.2259986460003347,0.2391772419996414,0.0,0.0,0.00019454000084806466,False,
diag00_a1_s23_llama1b_kv3072_cap12-07_long_burst_guard_fast,llama1b,3072,12,23,long,burst,guard_fast,1,cmpl-diag00_a1_s23_llama1b_kv3072_cap12-07_long_burst_guard_fast-r1-0-aa8cf7c9,7196.935218905,7197.397655584,7197.578176226,0.4624366790003478,0.1805206420003742,0.642957321000722,1587,1331,True,True,1,3,0,0,True,0.2245624189999944,0.23774653000054968,0.0,0.0,0.00012772999980370514,False,
diag00_a1_s23_llama1b_kv3072_cap12-07_long_burst_guard_fast,llama1b,3072,12,23,long,burst,guard_fast,1,cmpl-diag00_a1_s23_llama1b_kv3072_cap12-07_long_burst_guard_fast-r1-0-aa8cf7c9,7197.577541771,7198.048540016,7198.23416897,0.4709982449994641,0.18562895400009438,0.6566271989995585,1589,1333,True,True,1,3,0,0,True,0.22897332299999107,0.2418908809995628,0.0,0.0,0.00013404099991021212,False,
diag00_a1_s23_llama1b_kv3072_cap12-07_long_burst_guard_fast,llama1b,3072,12,23,long,burst,guard_fast,1,cmpl-diag00_a1_s23_llama1b_kv3072_cap12-07_long_burst_guard_fast-r1-0-aa8cf7c9,7198.233579453,7198.706358381,7198.892664576,0.47277892800047994,0.1863061949998155,0.6590851230002954,1591,1335,True,True,1,3,0,0,True,0.22228736899978685,0.25030694599990966,0.0,0.0,0.00018461300078342902,False,
diag00_a1_s23_llama1b_kv3072_cap12-07_long_burst_guard_fast,llama1b,3072,12,23,long,burst,guard_fast,1,cmpl-diag00_a1_s23_llama1b_kv3072_cap12-07_long_burst_guard_fast-r1-0-aa8cf7c9,7198.892174146,7199.365983026,7199.550242151,0.4738088800004334,0.18425912499969854,0.658068005000132,1593,1337,True,True,1,3,0,0,True,0.23001969000051758,0.24365926499922352,0.0,0.0,0.00012992500069231028,False,
diag00_a1_s23_llama1b_kv3072_cap12-07_long_burst_guard_fast,llama1b,3072,12,23,long,burst,guard_fast,1,cmpl-diag00_a1_s23_llama1b_kv3072_cap12-07_long_burst_guard_fast-r1-0-aa8cf7c9,7199.549682825,7200.018167454,7200.200222285,0.46848462900015875,0.18205483099973208,0.6505394599998908,1595,1339,True,True,1,3,0,0,True,0.22817733400006546,0.24017391600045812,0.0,0.0,0.00013337899963516975,False,
diag00_a1_s23_llama1b_kv3072_cap12-07_long_burst_guard_fast,llama1b,3072,12,23,long,burst,guard_fast,1,cmpl-diag00_a1_s23_llama1b_kv3072_cap12-07_long_burst_guard_fast-r1-0-aa8cf7c9,7200.199739398,7200.667252935,7200.849490194,0.46751353699983156,0.18223725900043064,0.6497507960002622,1597,1341,True,True,1,3,0,0,True,0.22915026699956798,0.23823798900048132,0.0,0.0,0.00012528099978226237,False,
diag00_a1_s23_llama1b_kv3072_cap12-07_long_burst_guard_fast,llama1b,3072,12,23,long,burst,guard_fast,1,cmpl-diag00_a1_s23_llama1b_kv3072_cap12-07_long_burst_guard_fast-r1-0-aa8cf7c9,7200.848883758,7201.318674911,7201.508938741,0.4697911530001875,0.1902638299998216,0.6600549830000091,1599,1343,True,True,1,3,0,0,True,0.2275294360006228,0.24215634499978478,0.0,0.0,0.00010537199977989076,False,
diag00_a1_s23_llama1b_kv3072_cap12-07_long_burst_guard_fast,llama1b,3072,12,23,long,burst,guard_fast,1,cmpl-diag00_a1_s23_llama1b_kv3072_cap12-07_long_burst_guard_fast-r1-0-aa8cf7c9,7201.507213941,7201.976953132,7202.160282336,0.46973919099946215,0.18332920400007424,0.6530683949995364,1601,1345,True,True,1,3,0,0,True,0.22707842199997685,0.24251791599999706,0.0,0.0,0.00014285299948824104,False,
diag00_a1_s23_llama1b_kv3072_cap12-07_long_burst_guard_fast,llama1b,3072,12,23,long,burst,guard_fast,1,cmpl-diag00_a1_s23_llama1b_kv3072_cap12-07_long_burst_guard_fast-r1-0-aa8cf7c9,7202.159716691,7202.62618768,7202.811504826,0.4664709890002996,0.18531714599976112,0.6517881350000607,1603,1347,True,True,1,3,0,0,True,0.2255904930007091,0.24076972300008492,0.0,0.0,0.00011077299950557062,False,
diag00_a1_s23_llama1b_kv3072_cap12-07_long_burst_guard_fast,llama1b,3072,12,23,long,burst,guard_fast,1,cmpl-diag00_a1_s23_llama1b_kv3072_cap12-07_long_burst_guard_fast-r1-0-aa8cf7c9,7202.810905451,7203.277912321,7203.46320628,0.46700687000065955,0.18529395899986412,0.6523008290005237,1605,1349,True,True,1,3,0,0,True,0.22707885700037878,0.23982199700003548,0.0,0.0,0.00010601600024529034,False,
diag00_a1_s23_llama1b_kv3072_cap12-07_long_burst_guard_fast,llama1b,3072,12,23,long,burst,guard_fast,1,cmpl-diag00_a1_s23_llama1b_kv3072_cap12-07_long_burst_guard_fast-r1-0-aa8cf7c9,7203.462647394,7203.929820037,7204.115094072,0.4671726430005947,0.18527403499956563,0.6524466780001603,1607,1351,True,True,1,3,0,0,True,0.22702972200022487,0.24001105000024836,0.0,0.0,0.00013187100012146402,False,
diag00_a1_s23_llama1b_kv3072_cap12-07_long_burst_guard_fast,llama1b,3072,12,23,long,burst,guard_fast,1,cmpl-diag00_a1_s23_llama1b_kv3072_cap12-07_long_burst_guard_fast-r1-0-aa8cf7c9,7204.114456271,7204.592673085,7204.779841649,0.4782168140000067,0.1871685640007854,0.6653853780007921,1609,1353,True,True,1,3,0,0,True,0.22731777900025918,0.25077597699964826,0.0,0.0,0.00012305800009926315,False,
diag00_a1_s23_llama1b_kv3072_cap12-07_long_burst_guard_fast,llama1b,3072,12,23,long,burst,guard_fast,1,cmpl-diag00_a1_s23_llama1b_kv3072_cap12-07_long_burst_guard_fast-r1-0-aa8cf7c9,7204.779228955,7205.255856995,7205.444989854,0.4766280399999232,0.189132858999983,0.6657608989999062,1611,1355,True,True,1,3,0,0,True,0.22464409900021565,0.25187783599994873,0.0,0.0,0.00010610499975882703,False,
diag00_a1_s23_llama1b_kv3072_cap12-07_long_burst_guard_fast,llama1b,3072,12,23,long,burst,guard_fast,1,cmpl-diag00_a1_s23_llama1b_kv3072_cap12-07_long_burst_guard_fast-r1-0-aa8cf7c9,7205.44446589,7205.923877509,7206.108325188,0.47941161899962026,0.18444767900018633,0.6638592979998066,1613,1357,True,True,1,3,0,0,True,0.2258590439996624,0.2533007940000971,0.0,0.0,0.0002517809998607845,False,
diag00_a1_s23_llama1b_kv3072_cap12-07_long_burst_guard_fast,llama1b,3072,12,23,long,burst,guard_fast,1,cmpl-diag00_a1_s23_llama1b_kv3072_cap12-07_long_burst_guard_fast-r1-0-aa8cf7c9,7206.107742073,7206.590295126,7206.775977729,0.4825530529997195,0.18568260300071415,0.6682356560004337,1615,1359,True,True,1,3,0,0,True,0.2289869260002888,0.253421286000048,0.0,0.0,0.00014484099938272266,False,
diag00_a1_s23_llama1b_kv3072_cap12-07_long_burst_guard_fast,llama1b,3072,12,23,long,burst,guard_fast,1,cmpl-diag00_a1_s23_llama1b_kv3072_cap12-07_long_burst_guard_fast-r1-0-aa8cf7c9,7206.775193583,7207.25765571,7207.441920452,0.4824621269999625,0.18426474199986842,0.6667268689998309,1617,1361,True,True,1,3,0,0,True,0.22682067899950198,0.25553341200065915,0.0,0.0,0.00010803599980135914,False,
diag00_a1_s23_llama1b_kv3072_cap12-07_long_burst_guard_fast,llama1b,3072,12,23,long,burst,guard_fast,1,cmpl-diag00_a1_s23_llama1b_kv3072_cap12-07_long_burst_guard_fast-r1-0-aa8cf7c9,7207.440906044,7207.921319691,7208.106440169,0.48041364699929545,0.18512047800049913,0.6655341249997946,1619,1363,True,True,1,3,0,0,True,0.2266882939993593,0.2536084299999857,0.0,0.0,0.00011692299995047506,False,
diag00_a1_s23_llama1b_kv3072_cap12-07_long_burst_guard_fast,llama1b,3072,12,23,long,burst,guard_fast,1,cmpl-diag00_a1_s23_llama1b_kv3072_cap12-07_long_burst_guard_fast-r1-0-aa8cf7c9,7208.105899161,7208.586835258,7208.77248747,0.4809360970002672,0.18565221199969528,0.6665883089999625,1621,1365,True,True,1,3,0,0,True,0.22830465100014408,0.25246928599972307,0.0,0.0,0.00016216000040003564,False,
diag00_a1_s23_llama1b_kv3072_cap12-07_long_burst_guard_fast,llama1b,3072,12,23,long,burst,guard_fast,1,cmpl-diag00_a1_s23_llama1b_kv3072_cap12-07_long_burst_guard_fast-r1-0-aa8cf7c9,7208.771377938,7209.254181833,7209.439811776,0.4828038949999609,0.1856299430000945,0.6684338380000554,1623,1367,True,True,1,3,0,0,True,0.23048792600002344,0.2521906559995841,0.0,0.0,0.00012531300035334425,False,
diag00_a1_s23_llama1b_kv3072_cap12-07_long_burst_guard_fast,llama1b,3072,12,23,long,burst,guard_fast,1,cmpl-diag00_a1_s23_llama1b_kv3072_cap12-07_long_burst_guard_fast-r1-0-aa8cf7c9,7209.439285543,7209.919220445,7210.105305999,0.4799349020004229,0.1860855539998738,0.6660204560002967,1625,1369,True,True,1,3,0,0,True,0.22682744300072955,0.2529687689993807,0.0,0.0,0.00013869000031263568,False,
diag00_a1_s23_llama1b_kv3072_cap12-07_long_burst_guard_fast,llama1b,3072,12,23,long,burst,guard_fast,1,cmpl-diag00_a1_s23_llama1b_kv3072_cap12-07_long_burst_guard_fast-r1-0-aa8cf7c9,7210.10476395,7210.586872821,7210.774158404,0.482108870999582,0.18728558300063014,0.6693944540002121,1627,1371,True,True,1,3,0,0,True,0.2301333949999389,0.251814999999624,0.0,0.0,0.00016047600001911633,False,
diag00_a1_s23_llama1b_kv3072_cap12-07_long_burst_guard_fast,llama1b,3072,12,23,long,burst,guard_fast,1,cmpl-diag00_a1_s23_llama1b_kv3072_cap12-07_long_burst_guard_fast-r1-0-aa8cf7c9,7210.773086122,7211.253295027,7211.439940786,0.48020890499992674,0.18664575900038471,0.6668546640003115,1629,1373,True,True,1,3,0,0,True,0.22646297900064383,0.2536130129992671,0.0,0.0,0.00013291300001583295,False,
diag00_a1_s23_llama1b_kv3072_cap12-07_long_burst_guard_fast,llama1b,3072,12,23,long,burst,guard_fast,1,cmpl-diag00_a1_s23_llama1b_kv3072_cap12-07_long_burst_guard_fast-r1-0-aa8cf7c9,7211.439238858,7211.920013679,7212.108876754,0.48077482099961344,0.1888630750008815,0.669637896000495,1631,1375,True,True,1,3,0,0,True,0.22744421100014733,0.2531602210001438,0.0,0.0,0.00017038899932231288,False,
diag00_a1_s23_llama1b_kv3072_cap12-07_long_burst_guard_fast,llama1b,3072,12,23,long,burst,guard_fast,1,cmpl-diag00_a1_s23_llama1b_kv3072_cap12-07_long_burst_guard_fast-r1-0-aa8cf7c9,7212.108350095,7212.589114837,7212.773931639,0.48076474200024677,0.18481680199965922,0.665581543999906,1633,1377,True,True,1,3,0,0,True,0.227885320000496,0.25274734300001,0.0,0.0,0.0001320789997407701,False,
diag00_a1_s23_llama1b_kv3072_cap12-07_long_burst_guard_fast,llama1b,3072,12,23,long,burst,guard_fast,1,cmpl-diag00_a1_s23_llama1b_kv3072_cap12-07_long_burst_guard_fast-r1-0-aa8cf7c9,7212.772980522,7213.253053862,7213.442051878,0.48007334000067203,0.1889980159994593,0.6690713560001313,1635,1379,True,True,1,3,0,0,True,0.22816593600055057,0.25180687899955956,0.0,0.0,0.00010052500056190183,False,
diag00_a1_s23_llama1b_kv3072_cap12-07_long_burst_guard_fast,llama1b,3072,12,23,long,burst,guard_fast,1,cmpl-diag00_a1_s23_llama1b_kv3072_cap12-07_long_burst_guard_fast-r1-0-aa8cf7c9,7213.441461426,7213.923558584,7214.106866579,0.48209715799930564,0.18330799500017747,0.6654051529994831,1637,1381,True,True,1,3,0,0,True,0.22391406499991717,0.2579894800001057,0.0,0.0,0.0001936129992827773,False,
diag00_a1_s23_llama1b_kv3072_cap12-07_long_burst_guard_fast,llama1b,3072,12,23,long,burst,guard_fast,1,cmpl-diag00_a1_s23_llama1b_kv3072_cap12-07_long_burst_guard_fast-r1-0-aa8cf7c9,7214.106297948,7214.586470729,7214.772270191,0.48017278099996474,0.18579946199952246,0.6659722429994872,1639,1383,True,True,1,3,0,0,True,0.22820377799962444,0.2517996500000663,0.0,0.0,0.00016935300027398625,False,
diag00_a1_s23_llama1b_kv3072_cap12-07_long_burst_guard_fast,llama1b,3072,12,23,long,burst,guard_fast,1,cmpl-diag00_a1_s23_llama1b_kv3072_cap12-07_long_burst_guard_fast-r1-0-aa8cf7c9,7214.771459753,7215.249150789,7215.441058188,0.4776910359996691,0.1919073990002289,0.669598434999898,1641,1385,True,True,1,3,0,0,True,0.22525812000003498,0.2523002269999779,0.0,0.0,0.0001326889996562386,False,
diag00_a1_s23_llama1b_kv3072_cap12-07_long_burst_guard_fast,llama1b,3072,12,23,long,burst,guard_fast,1,cmpl-diag00_a1_s23_llama1b_kv3072_cap12-07_long_burst_guard_fast-r1-0-aa8cf7c9,7215.440469259,7215.916311754,7216.105277519,0.47584249500050646,0.1889657649999208,0.6648082600004273,1643,1387,True,True,1,3,0,0,True,0.2232006399999591,0.25250247600069997,0.0,0.0,0.00013937899984739488,False,
diag00_a1_s23_llama1b_kv3072_cap12-07_long_burst_guard_fast,llama1b,3072,12,23,long,burst,guard_fast,1,cmpl-diag00_a1_s23_llama1b_kv3072_cap12-07_long_burst_guard_fast-r1-0-aa8cf7c9,7216.104077041,7216.593317866,7216.781059204,0.48924082499979704,0.1877413379997961,0.6769821629995931,1645,1389,True,True,1,3,0,0,True,0.2278658909999649,0.26127262499994686,0.0,0.0,0.00010230899988528108,False,
diag00_a1_s23_llama1b_kv3072_cap12-07_long_burst_guard_fast,llama1b,3072,12,23,long,burst,guard_fast,1,cmpl-diag00_a1_s23_llama1b_kv3072_cap12-07_long_burst_guard_fast-r1-0-aa8cf7c9,7216.780526318,7217.270188185,7217.462584937,0.48966186699999525,0.19239675200060447,0.6820586190005997,1647,1391,True,True,1,3,0,0,True,0.22836517799987632,0.2611618800001452,0.0,0.0,0.00013480899997375673,False,
diag00_a1_s23_llama1b_kv3072_cap12-07_long_burst_guard_fast,llama1b,3072,12,23,long,burst,guard_fast,1,cmpl-diag00_a1_s23_llama1b_kv3072_cap12-07_long_burst_guard_fast-r1-0-aa8cf7c9,7217.462111055,7217.947495408,7218.137544372,0.4853843529999722,0.19004896400019788,0.6754333170001701,1649,1393,True,True,1,3,0,0,True,0.22305400999994163,0.2622191300006307,0.0,0.0,0.00011121299939986784,False,
diag00_a1_s23_llama1b_kv3072_cap12-07_long_burst_guard_fast,llama1b,3072,12,23,long,burst,guard_fast,1,cmpl-diag00_a1_s23_llama1b_kv3072_cap12-07_long_burst_guard_fast-r1-0-aa8cf7c9,7218.136876605,7218.633099491,7218.823134968,0.4962228860003961,0.1900354769995829,0.686258362999979,1651,1395,True,True,1,3,0,0,True,0.23185531200033438,0.2642476869996244,0.0,0.0,0.00011988700043730205,False,
diag00_a1_s23_llama1b_kv3072_cap12-07_long_burst_guard_fast,llama1b,3072,12,23,long,burst,guard_fast,1,cmpl-diag00_a1_s23_llama1b_kv3072_cap12-07_long_burst_guard_fast-r1-0-aa8cf7c9,7218.822574603,7219.307916229,7219.498279137,0.4853416259993537,0.19036290800067945,0.6757045340000332,1653,1397,True,True,1,3,0,0,True,0.22253108299992164,0.26267914199979714,0.0,0.0,0.00013140099963493412,False,
diag00_a1_s23_llama1b_kv3072_cap12-07_long_burst_guard_fast,llama1b,3072,12,23,long,burst,guard_fast,1,cmpl-diag00_a1_s23_llama1b_kv3072_cap12-07_long_burst_guard_fast-r1-0-aa8cf7c9,7219.497727393,7219.985333557,7220.174404544,0.4876061639997715,0.1890709870003775,0.676677151000149,1655,1399,True,True,1,3,0,0,True,0.22393380199991952,0.26355249300013384,0.0,0.0,0.00011986899971816456,False,
diag00_a1_s23_llama1b_kv3072_cap12-07_long_burst_guard_fast,llama1b,3072,12,23,long,burst,guard_fast,1,cmpl-diag00_a1_s23_llama1b_kv3072_cap12-07_long_burst_guard_fast-r1-0-aa8cf7c9,7220.173507914,7220.667711658,7220.857975472,0.49420374400051514,0.19026381399999082,0.684467558000506,1657,1401,True,True,1,3,0,0,True,0.22920194700054708,0.2647956249993513,0.0,0.0,0.00020617200061678886,False,
diag00_a1_s23_llama1b_kv3072_cap12-07_long_burst_guard_fast,llama1b,3072,12,23,long,burst,guard_fast,1,cmpl-diag00_a1_s23_llama1b_kv3072_cap12-07_long_burst_guard_fast-r1-0-aa8cf7c9,7220.85742344,7221.344155586,7221.53923858,0.4867321459996674,0.19508299399967655,0.681815139999344,1659,1403,True,True,1,3,0,0,True,0.22302995500012912,0.2633283349996418,0.0,0.0,0.00037385599989647744,False,
diag00_a1_s23_llama1b_kv3072_cap12-07_long_burst_guard_fast,llama1b,3072,12,23,long,burst,guard_fast,1,cmpl-diag00_a1_s23_llama1b_kv3072_cap12-07_long_burst_guard_fast-r1-0-aa8cf7c9,7221.538533117,7222.024435693,7222.213544117,0.48590257599971665,0.18910842400055117,0.6750110000002678,1661,1405,True,True,1,3,0,0,True,0.22390467999957764,0.26182942900049966,0.0,0.0,0.00016846699963934952,False,
diag00_a1_s23_llama1b_kv3072_cap12-07_long_burst_guard_fast,llama1b,3072,12,23,long,burst,guard_fast,1,cmpl-diag00_a1_s23_llama1b_kv3072_cap12-07_long_burst_guard_fast-r1-0-aa8cf7c9,7222.212993295,7222.70722816,7222.895096039,0.49423486500018043,0.18786787899989577,0.6821027440000762,1663,1407,True,True,1,3,0,0,True,0.22653368600003887,0.267529106999973,0.0,0.0,0.00017207200016855495,False,
diag00_a1_s23_llama1b_kv3072_cap12-07_long_burst_guard_fast,llama1b,3072,12,23,long,burst,guard_fast,1,cmpl-diag00_a1_s23_llama1b_kv3072_cap12-07_long_burst_guard_fast-r1-0-aa8cf7c9,7222.894293122,7223.384972527,7223.57712439,0.4906794050002645,0.1921518629997081,0.6828312679999726,1665,1409,True,True,1,3,0,0,True,0.22368153299976257,0.2668295740004396,0.0,0.0,0.00016829800006235018,False,
diag00_a1_s23_llama1b_kv3072_cap12-07_long_burst_guard_fast,llama1b,3072,12,23,long,burst,guard_fast,1,cmpl-diag00_a1_s23_llama1b_kv3072_cap12-07_long_burst_guard_fast-r1-0-aa8cf7c9,7223.576484598,7224.067317638,7224.265937489,0.49083303999941563,0.19861985100033053,0.6894528909997462,1667,1411,True,True,1,3,0,0,True,0.22638446299970383,0.26432663400009915,0.0,0.0,0.00012194299961265642,False,
diag00_a1_s23_llama1b_kv3072_cap12-07_long_burst_guard_fast,llama1b,3072,12,23,long,burst,guard_fast,1,cmpl-diag00_a1_s23_llama1b_kv3072_cap12-07_long_burst_guard_fast-r1-0-aa8cf7c9,7224.265385453,7224.748526134,7224.943846874,0.48314068099989527,0.1953207400001702,0.6784614210000655,1669,1413,True,True,1,3,0,0,True,0.21945315900029527,0.2634812249998504,0.0,0.0,0.00020629699974961113,False,
diag00_a1_s23_llama1b_kv3072_cap12-07_long_burst_guard_fast,llama1b,3072,12,23,long,burst,guard_fast,1,cmpl-diag00_a1_s23_llama1b_kv3072_cap12-07_long_burst_guard_fast-r1-0-aa8cf7c9,7224.942468479,7225.434799471,7225.632778808,0.49233099199955177,0.19797933700010617,0.6903103289996579,1671,1415,True,True,1,3,0,0,True,0.2322413849997247,0.2599876439999207,0.0,0.0,0.0001019629999063909,False,
diag00_a1_s23_llama1b_kv3072_cap12-07_long_burst_guard_fast,llama1b,3072,12,23,long,burst,guard_fast,1,cmpl-diag00_a1_s23_llama1b_kv3072_cap12-07_long_burst_guard_fast-r1-0-aa8cf7c9,7225.63222846,7226.130653916,7226.330033877,0.49842545599949517,0.1993799609999769,0.6978054169994721,1673,1417,True,True,1,3,0,0,True,0.2268374759996732,0.27143834400067135,0.0,0.0,0.00014963599915063241,False,
diag00_a1_s23_llama1b_kv3072_cap12-07_long_burst_guard_fast,llama1b,3072,12,23,long,burst,guard_fast,1,cmpl-diag00_a1_s23_llama1b_kv3072_cap12-07_long_burst_guard_fast-r1-0-aa8cf7c9,7226.329562195,7226.828477562,7227.026642125,0.4989153670003361,0.1981645629994091,0.6970799299997452,1675,1419,True,True,1,3,0,0,True,0.22420286499982467,0.27458760399986204,0.0,0.0,0.00012489800064940937,False,
diag00_a1_s23_llama1b_kv3072_cap12-07_long_burst_guard_fast,llama1b,3072,12,23,long,burst,guard_fast,1,cmpl-diag00_a1_s23_llama1b_kv3072_cap12-07_long_burst_guard_fast-r1-0-aa8cf7c9,7227.02546658,7227.524845041,7227.714900743,0.499378460999651,0.19005570199988142,0.6894341629995324,1677,1421,True,True,1,3,0,0,True,0.22475798100003885,0.274440162999781,0.0,0.0,0.00018031699983112048,False,
diag00_a1_s23_llama1b_kv3072_cap12-07_long_burst_guard_fast,llama1b,3072,12,23,long,burst,guard_fast,1,cmpl-diag00_a1_s23_llama1b_kv3072_cap12-07_long_burst_guard_fast-r1-0-aa8cf7c9,7227.714239985,7228.218087497,7228.413234206,0.503847511999993,0.19514670900025521,0.6989942210002482,1679,1423,True,True,1,3,0,0,True,0.2253611850001107,0.27835790399967664,0.0,0.0,0.00012842300020565744,False,
diag00_a1_s23_llama1b_kv3072_cap12-07_long_burst_guard_fast,llama1b,3072,12,23,long,burst,guard_fast,1,cmpl-diag00_a1_s23_llama1b_kv3072_cap12-07_long_burst_guard_fast-r1-0-aa8cf7c9,7228.411989456,7228.905642442,7229.105087955,0.4936529859996881,0.1994455130006827,0.6930984990003708,1681,1425,True,True,1,3,0,0,True,0.22222413899999083,0.271309452999958,0.0,0.0,0.00011939399973925902,False,
diag00_a1_s23_llama1b_kv3072_cap12-07_long_burst_guard_fast,llama1b,3072,12,23,long,burst,guard_fast,1,cmpl-diag00_a1_s23_llama1b_kv3072_cap12-07_long_burst_guard_fast-r1-0-aa8cf7c9,7229.104488247,7229.607424307,7229.803428368,0.5029360600001382,0.19600406100016698,0.6989401210003052,1683,1427,True,True,1,3,0,0,True,0.2272378600000593,0.2755639090000841,0.0,0.0,0.00013429099999484606,False,
diag00_a1_s23_llama1b_kv3072_cap12-07_long_burst_guard_fast,llama1b,3072,12,23,long,burst,guard_fast,1,cmpl-diag00_a1_s23_llama1b_kv3072_cap12-07_long_burst_guard_fast-r1-0-aa8cf7c9,7229.802101081,7230.309224158,7230.513146759,0.5071230769999602,0.20392260100015847,0.7110456780001186,1685,1429,True,True,1,3,0,0,True,0.2268407749998005,0.2801482009999745,0.0,0.0,0.00013410100018518278,False,
diag00_a1_s23_llama1b_kv3072_cap12-07_long_burst_guard_fast,llama1b,3072,12,23,long,burst,guard_fast,1,cmpl-diag00_a1_s23_llama1b_kv3072_cap12-07_long_burst_guard_fast-r1-0-aa8cf7c9,7230.512494233,7231.025204836,7231.218465206,0.5127106029995048,0.1932603699997344,0.7059709729992392,1687,1431,True,True,1,3,0,0,True,0.22910142000000633,0.28345872899990354,0.0,0.0,0.0001504539995949017,False,
diag00_a1_s23_llama1b_kv3072_cap12-07_long_burst_guard_fast,llama1b,3072,12,23,long,burst,guard_fast,1,cmpl-diag00_a1_s23_llama1b_kv3072_cap12-07_long_burst_guard_fast-r1-0-aa8cf7c9,7231.217943044,7231.722162001,7231.917014889,0.5042189569994662,0.19485288800024136,0.6990718449997075,1689,1433,True,True,1,3,0,0,True,0.2300814479995097,0.274035809000452,0.0,0.0,0.00010169999950448982,False,
diag00_a1_s23_llama1b_kv3072_cap12-07_long_burst_guard_fast,llama1b,3072,12,23,long,burst,guard_fast,1,cmpl-diag00_a1_s23_llama1b_kv3072_cap12-07_long_burst_guard_fast-r1-0-aa8cf7c9,7231.916411793,7232.418885904,7232.615489503,0.5024741109991737,0.19660359900080948,0.6990777099999832,1691,1435,True,True,1,3,0,0,True,0.22735110099984013,0.275017146999744,0.0,0.0,0.00010586299958958989,False,
diag00_a1_s23_llama1b_kv3072_cap12-07_long_burst_guard_fast,llama1b,3072,12,23,long,burst,guard_fast,1,cmpl-diag00_a1_s23_llama1b_kv3072_cap12-07_long_burst_guard_fast-r1-0-aa8cf7c9,7232.614422313,7233.124777175,7233.323803681,0.5103548619999856,0.19902650599942717,0.7093813679994128,1693,1437,True,True,1,3,0,0,True,0.22843564300001162,0.28175175299929833,0.0,0.0,0.00016746600067563122,False,
diag00_a1_s23_llama1b_kv3072_cap12-07_long_burst_guard_fast,llama1b,3072,12,23,long,burst,guard_fast,1,cmpl-diag00_a1_s23_llama1b_kv3072_cap12-07_long_burst_guard_fast-r1-0-aa8cf7c9,7233.323201459,7233.821245719,7234.022380637,0.4980442599999151,0.2011349180002071,0.6991791780001222,1695,1439,True,True,1,3,0,0,True,0.2229956659994059,0.2749072070000693,0.0,0.0,0.00014138700043986319,False,
diag00_a1_s23_llama1b_kv3072_cap12-07_long_burst_guard_fast,llama1b,3072,12,23,long,burst,guard_fast,1,cmpl-diag00_a1_s23_llama1b_kv3072_cap12-07_long_burst_guard_fast-r1-0-aa8cf7c9,7234.021260624,7234.522004864,7234.718820862,0.500744240000131,0.19681599799969263,0.6975602379998236,1697,1441,True,True,1,3,0,0,True,0.22158196199961822,0.27899047400023846,0.0,0.0,0.00017180400027427822,False,
diag00_a1_s23_llama1b_kv3072_cap12-07_long_burst_guard_fast,llama1b,3072,12,23,long,burst,guard_fast,1,cmpl-diag00_a1_s23_llama1b_kv3072_cap12-07_long_burst_guard_fast-r1-0-aa8cf7c9,7234.717627265,7235.218609685,7235.417548588,0.5009824199996729,0.19893890299954364,0.6999213229992165,1699,1443,True,True,1,3,0,0,True,0.22480725900004472,0.27604478699959145,0.0,0.0,0.00013037400003668154,False,
diag00_a1_s23_llama1b_kv3072_cap12-07_long_burst_guard_fast,llama1b,3072,12,23,long,burst,guard_fast,1,cmpl-diag00_a1_s23_llama1b_kv3072_cap12-07_long_burst_guard_fast-r1-0-aa8cf7c9,7235.41696917,7235.91781155,7236.120117528,0.5008423799999946,0.20230597800036776,0.7031483580003624,1701,1445,True,True,1,3,0,0,True,0.22788903000036953,0.2728249299998424,0.0,0.0,0.0001284199997826363,False,
diag00_a1_s23_llama1b_kv3072_cap12-07_long_burst_guard_fast,llama1b,3072,12,23,long,burst,guard_fast,1,cmpl-diag00_a1_s23_llama1b_kv3072_cap12-07_long_burst_guard_fast-r1-0-aa8cf7c9,7236.119519292,7236.622583356,7236.823250037,0.5030640639997728,0.20066668100025709,0.7037307450000299,1703,1447,True,True,1,3,0,0,True,0.2295515069999965,0.2733689479991881,0.0,0.0,0.00014360900058818515,False,
diag00_a1_s23_llama1b_kv3072_cap12-07_long_burst_guard_fast,llama1b,3072,12,23,long,burst,guard_fast,1,cmpl-diag00_a1_s23_llama1b_kv3072_cap12-07_long_burst_guard_fast-r1-0-aa8cf7c9,7236.822607676,7237.326095952,7237.52354075,0.5034882760000983,0.19744479800010595,0.7009330740002042,1705,1449,True,True,1,3,0,0,True,0.22661739199975273,0.27665248199991765,0.0,0.0,0.00021840200042788638,False,
diag00_a1_s23_llama1b_kv3072_cap12-07_long_burst_guard_fast,llama1b,3072,12,23,long,burst,guard_fast,1,cmpl-diag00_a1_s23_llama1b_kv3072_cap12-07_long_burst_guard_fast-r1-0-aa8cf7c9,7237.522828926,7238.029677231,7238.232335101,0.5068483049999486,0.2026578699997117,0.7095061749996603,1707,1451,True,True,1,3,0,0,True,0.22848766099923523,0.278187794000587,0.0,0.0,0.00017285000012634555,False,
diag00_a1_s23_llama1b_kv3072_cap12-07_long_burst_guard_fast,llama1b,3072,12,23,long,burst,guard_fast,1,cmpl-diag00_a1_s23_llama1b_kv3072_cap12-07_long_burst_guard_fast-r1-0-aa8cf7c9,7238.231733855,7238.731726387,7238.929519442,0.49999253199985105,0.19779305500014743,0.6977855869999985,1709,1453,True,True,1,3,0,0,True,0.2233260289995087,0.2765017470001112,0.0,0.0,0.00016475600023113657,False,
diag00_a1_s23_llama1b_kv3072_cap12-07_long_burst_guard_fast,llama1b,3072,12,23,long,burst,guard_fast,1,cmpl-diag00_a1_s23_llama1b_kv3072_cap12-07_long_burst_guard_fast-r1-0-aa8cf7c9,7238.928904484,7239.431925032,7239.628332107,0.5030205480006771,0.19640707499911514,0.6994276229997922,1711,1455,True,True,1,3,0,0,True,0.2248710410003696,0.2779783469995891,0.0,0.0,0.00017116000071837334,False,
diag00_a1_s23_llama1b_kv3072_cap12-07_long_burst_guard_fast,llama1b,3072,12,23,long,burst,guard_fast,1,cmpl-diag00_a1_s23_llama1b_kv3072_cap12-07_long_burst_guard_fast-r1-0-aa8cf7c9,7239.627614858,7240.132359371,7240.332780126,0.5047445130003325,0.20042075499986822,0.7051652680002007,1713,1457,True,True,1,3,0,0,True,0.22532549999959883,0.27924260800045886,0.0,0.0,0.0001764050002748263,False,
diag00_a1_s23_llama1b_kv3072_cap12-07_long_burst_guard_fast,llama1b,3072,12,23,long,burst,guard_fast,1,cmpl-diag00_a1_s23_llama1b_kv3072_cap12-07_long_burst_guard_fast-r1-0-aa8cf7c9,7240.332183945,7240.840941021,7241.035130108,0.5087570759997107,0.19418908700026805,0.7029461629999787,1715,1459,True,True,1,3,0,0,True,0.22641544799989788,0.2821899640002812,0.0,0.0,0.0001516639995315927,False,
diag00_a1_s23_llama1b_kv3072_cap12-07_long_burst_guard_fast,llama1b,3072,12,23,long,burst,guard_fast,1,cmpl-diag00_a1_s23_llama1b_kv3072_cap12-07_long_burst_guard_fast-r1-0-aa8cf7c9,7241.034575086,7241.541922858,7241.740694448,0.5073477720006849,0.1987715899995237,0.7061193620002086,1717,1461,True,True,1,3,0,0,True,0.22974811699987185,0.27746415000001434,0.0,0.0,0.00013550500079873018,False,
diag00_a1_s23_llama1b_kv3072_cap12-07_long_burst_guard_fast,llama1b,3072,12,23,long,burst,guard_fast,1,cmpl-diag00_a1_s23_llama1b_kv3072_cap12-07_long_burst_guard_fast-r1-0-aa8cf7c9,7241.739585411,7242.245551038,7242.439408963,0.5059656269995685,0.19385792499997478,0.6998235519995433,1719,1463,True,True,1,3,0,0,True,0.22408283799995843,0.2817661330000192,0.0,0.0,0.00011665599959087558,False,
diag00_a1_s23_llama1b_kv3072_cap12-07_long_burst_guard_fast,llama1b,3072,12,23,long,burst,guard_fast,1,cmpl-diag00_a1_s23_llama1b_kv3072_cap12-07_long_burst_guard_fast-r1-0-aa8cf7c9,7242.438807182,7242.944358938,7243.146881404,0.5055517559994769,0.20252246600011858,0.7080742219995955,1721,1465,True,True,1,3,0,0,True,0.2265519709999353,0.2788866729997608,0.0,0.0,0.00011311199978081277,False,
diag00_a1_s23_llama1b_kv3072_cap12-07_long_burst_guard_fast,llama1b,3072,12,23,long,burst,guard_fast,1,cmpl-diag00_a1_s23_llama1b_kv3072_cap12-07_long_burst_guard_fast-r1-0-aa8cf7c9,7243.145721927,7243.680843906,7243.88137632,0.5351219789999959,0.20053241400000843,0.7356543930000043,1723,1467,True,True,1,3,0,0,True,0.20810324200010655,0.3269072130005952,0.0,0.0,0.00011152399929414969,False,
diag00_a1_s23_llama1b_kv3072_cap12-07_long_burst_guard_fast,llama1b,3072,12,23,long,burst,guard_fast,1,cmpl-diag00_a1_s23_llama1b_kv3072_cap12-07_long_burst_guard_fast-r1-0-aa8cf7c9,7243.880791082,7244.417688594,7244.6194884,0.5368975119999959,0.20179980600005365,0.7386973180000496,1725,1469,True,True,1,3,0,0,True,0.21013414000026387,0.3266339749998224,0.0,0.0,0.00012939699990965892,False,
diag00_a1_s23_llama1b_kv3072_cap12-07_long_burst_guard_fast,llama1b,3072,12,23,long,burst,guard_fast,1,cmpl-diag00_a1_s23_llama1b_kv3072_cap12-07_long_burst_guard_fast-r1-0-aa8cf7c9,7244.618808432,7245.151841136,7245.354189775,0.5330327040001066,0.20234863899986522,0.7353813429999718,1727,1471,True,True,1,3,0,0,True,0.2086170940001466,0.32423525400008657,0.0,0.0,0.0001803559998734272,False,
diag00_a1_s23_llama1b_kv3072_cap12-07_long_burst_guard_fast,llama1b,3072,12,23,long,burst,guard_fast,1,cmpl-diag00_a1_s23_llama1b_kv3072_cap12-07_long_burst_guard_fast-r1-0-aa8cf7c9,7245.353745549,7245.881539592,7246.079460143,0.5277940429996306,0.1979205509996973,0.7257145939993279,1729,1473,True,True,1,3,0,0,True,0.2069852019994869,0.3206364229999963,0.0,0.0,0.00017241800014744513,False,
diag00_a1_s23_llama1b_kv3072_cap12-07_long_burst_guard_fast,llama1b,3072,12,23,long,burst,guard_fast,1,cmpl-diag00_a1_s23_llama1b_kv3072_cap12-07_long_burst_guard_fast-r1-0-aa8cf7c9,7246.078899367,7246.602387861,7246.804475387,0.5234884940000484,0.20208752599955915,0.7255760199996075,1731,1475,True,True,1,3,0,0,True,0.20448801499969704,0.3188254770002459,0.0,0.0,0.00017500200010545086,False,
diag00_a1_s23_llama1b_kv3072_cap12-07_long_burst_guard_fast,llama1b,3072,12,23,long,burst,guard_fast,1,cmpl-diag00_a1_s23_llama1b_kv3072_cap12-07_long_burst_guard_fast-r1-0-aa8cf7c9,7246.803860622,7247.326073589,7247.525388937,0.5222129670000868,0.1993153479998,0.7215283149998868,1733,1477,True,True,1,3,0,0,True,0.201987246000499,0.32006603499939956,0.0,0.0,0.00015968600018823054,False,
diag00_a1_s23_llama1b_kv3072_cap12-07_long_burst_guard_fast,llama1b,3072,12,23,long,burst,guard_fast,1,cmpl-diag00_a1_s23_llama1b_kv3072_cap12-07_long_burst_guard_fast-r1-0-aa8cf7c9,7247.524644249,7248.045870723,7248.240897024,0.5212264740002865,0.19502630100032547,0.716252775000612,1735,1479,True,True,1,3,0,0,True,0.2060407610006223,0.31489645700003166,0.0,0.0,0.0002892559996325872,False,
diag00_a1_s23_llama1b_kv3072_cap12-07_long_burst_guard_fast,llama1b,3072,12,23,long,burst,guard_fast,1,cmpl-diag00_a1_s23_llama1b_kv3072_cap12-07_long_burst_guard_fast-r1-0-aa8cf7c9,7248.24031116,7248.765787587,7248.963159858,0.5254764270002852,0.19737227099994925,0.7228486980002344,1737,1481,True,True,1,3,0,0,True,0.20493218299998262,0.32043582300048,0.0,0.0,0.00010842099982255604,False,
diag00_a1_s23_llama1b_kv3072_cap12-07_long_burst_guard_fast,llama1b,3072,12,23,long,burst,guard_fast,1,cmpl-diag00_a1_s23_llama1b_kv3072_cap12-07_long_burst_guard_fast-r1-0-aa8cf7c9,7248.962477922,7249.490597446,7249.6906335,0.5281195239995213,0.20003605400052038,0.7281555780000417,1739,1483,True,True,1,3,0,0,True,0.20967471999938425,0.3183166880007775,0.0,0.0,0.0001281159993595793,False,
diag00_a1_s23_llama1b_kv3072_cap12-07_long_burst_guard_fast,llama1b,3072,12,23,long,burst,guard_fast,1,cmpl-diag00_a1_s23_llama1b_kv3072_cap12-07_long_burst_guard_fast-r1-0-aa8cf7c9,7249.689815106,7250.214822545,7250.413942559,0.5250074389996371,0.19912001400007284,0.7241274529997099,1741,1485,True,True,1,3,0,0,True,0.20923682599914173,0.31565069400039647,0.0,0.0,0.00011991900009888923,False,
diag00_a1_s23_llama1b_kv3072_cap12-07_long_burst_guard_fast,llama1b,3072,12,23,long,burst,guard_fast,1,cmpl-diag00_a1_s23_llama1b_kv3072_cap12-07_long_burst_guard_fast-r1-0-aa8cf7c9,7250.412786172,7250.960824227,7251.160610407,0.548038054999779,0.19978618000004644,0.7478242349998254,1743,1487,True,True,1,3,0,0,True,0.3660991289998492,0.18183016200055135,0.0,0.0,0.00010876399937842507,False,
diag00_a1_s23_llama1b_kv3072_cap12-07_long_burst_guard_fast,llama1b,3072,12,23,long,burst,guard_fast,1,cmpl-diag00_a1_s23_llama1b_kv3072_cap12-07_long_burst_guard_fast-r1-0-aa8cf7c9,7251.159829915,7251.714143724,7251.908170086,0.5543138089997228,0.1940263619999314,0.7483401709996542,1745,1489,True,True,1,3,0,0,True,0.3655784339998718,0.18857896999998047,0.0,0.0,0.0001564049998705741,False,
diag00_a1_s23_llama1b_kv3072_cap12-07_long_burst_guard_fast,llama1b,3072,12,23,long,burst,guard_fast,1,cmpl-diag00_a1_s23_llama1b_kv3072_cap12-07_long_burst_guard_fast-r1-0-aa8cf7c9,7251.907592882,7252.461244908,7252.660192429,0.5536520259993267,0.1989475210002638,0.7525995469995905,1747,1491,True,True,1,3,0,0,True,0.3686935559999256,0.1847153070002605,0.0,0.0,0.00024316299914062256,False,
diag00_a1_s23_llama1b_kv3072_cap12-07_long_burst_guard_fast,llama1b,3072,12,23,long,burst,guard_fast,1,cmpl-diag00_a1_s23_llama1b_kv3072_cap12-07_long_burst_guard_fast-r1-0-aa8cf7c9,7252.659561141,7253.206523514,7253.406618302,0.5469623729995874,0.20009478800056968,0.7470571610001571,1749,1493,True,True,1,3,0,0,True,0.36075913300010143,0.18601489100001345,0.0,0.0,0.0001883489994725096,False,
diag00_a1_s23_llama1b_kv3072_cap12-07_long_burst_guard_fast,llama1b,3072,12,23,long,burst,guard_fast,1,cmpl-diag00_a1_s23_llama1b_kv3072_cap12-07_long_burst_guard_fast-r1-0-aa8cf7c9,7253.40544465,7253.958438559,7254.159347809,0.5529939089992695,0.20090925000022253,0.753903158999492,1751,1495,True,True,1,3,0,0,True,0.3673505679998925,0.1854760209998858,0.0,0.0,0.0001673199994911556,False,
diag00_a1_s23_llama1b_kv3072_cap12-07_long_burst_guard_fast,llama1b,3072,12,23,long,burst,guard_fast,1,cmpl-diag00_a1_s23_llama1b_kv3072_cap12-07_long_burst_guard_fast-r1-0-aa8cf7c9,7254.158102121,7254.714448171,7254.911056535,0.5563460499997746,0.19660836399998516,0.7529544139997597,1753,1497,True,True,1,3,0,0,True,0.36634984399915993,0.18986367500019696,0.0,0.0,0.0001325310004176572,False,
diag00_a1_s23_llama1b_kv3072_cap12-07_long_burst_guard_fast,llama1b,3072,12,23,long,burst,guard_fast,1,cmpl-diag00_a1_s23_llama1b_kv3072_cap12-07_long_burst_guard_fast-r1-0-aa8cf7c9,7254.910507206,7255.464031574,7255.659702818,0.5535243679996711,0.19567124400055036,0.7491956120002214,1755,1499,True,True,1,3,0,0,True,0.3653624349999518,0.1878810230000454,0.0,0.0,0.00028090999967389507,False,
diag00_a1_s23_llama1b_kv3072_cap12-07_long_burst_guard_fast,llama1b,3072,12,23,long,burst,guard_fast,1,cmpl-diag00_a1_s23_llama1b_kv3072_cap12-07_long_burst_guard_fast-r1-0-aa8cf7c9,7255.659136747,7256.213829914,7256.408459996,0.5546931669996411,0.1946300820000033,0.7493232489996444,1757,1501,True,True,1,3,0,0,True,0.362375615000019,0.1921427119996224,0.0,0.0,0.00017483999999967637,False,
diag00_a1_s23_llama1b_kv3072_cap12-07_long_burst_guard_fast,llama1b,3072,12,23,long,burst,guard_fast,1,cmpl-diag00_a1_s23_llama1b_kv3072_cap12-07_long_burst_guard_fast-r1-0-aa8cf7c9,7256.407362309,7256.963790977,7257.16381666,0.5564286680000805,0.20002568299969425,0.7564543509997748,1759,1503,True,True,1,3,0,0,True,0.3664512100003776,0.18976505799946608,0.0,0.0,0.00021240000023681205,False,
diag00_a1_s23_llama1b_kv3072_cap12-07_long_burst_guard_fast,llama1b,3072,12,23,long,burst,guard_fast,1,cmpl-diag00_a1_s23_llama1b_kv3072_cap12-07_long_burst_guard_fast-r1-0-aa8cf7c9,7257.163211997,7257.718134876,7257.917653813,0.554922878999605,0.19951893699999346,0.7544418159995985,1761,1505,True,True,1,3,0,0,True,0.3638843429998815,0.19087588999991567,0.0,0.0,0.00016264599980786443,False,
diag00_a1_s23_llama1b_kv3072_cap12-07_long_burst_guard_fast,llama1b,3072,12,23,long,burst,guard_fast,1,cmpl-diag00_a1_s23_llama1b_kv3072_cap12-07_long_burst_guard_fast-r1-0-aa8cf7c9,7257.917055679,7258.474299581,7258.675464479,0.5572439019997546,0.20116489799966075,0.7584087999994154,1763,1507,True,True,1,3,0,0,True,0.3654305709997061,0.19167593600013788,0.0,0.0,0.00013739499991061166,False,
diag00_a1_s23_llama1b_kv3072_cap12-07_long_burst_guard_fast,llama1b,3072,12,23,long,burst,guard_fast,1,cmpl-diag00_a1_s23_llama1b_kv3072_cap12-07_long_burst_guard_fast-r1-0-aa8cf7c9,7258.674923364,7259.22638286,7259.425894336,0.551459495999552,0.19951147600022523,0.7509709719997772,1765,1509,True,True,1,3,0,0,True,0.3648278629998458,0.1863858649994654,0.0,0.0,0.00024576800024078693,False,
diag00_a1_s23_llama1b_kv3072_cap12-07_long_burst_guard_fast,llama1b,3072,12,23,long,burst,guard_fast,1,cmpl-diag00_a1_s23_llama1b_kv3072_cap12-07_long_burst_guard_fast-r1-0-aa8cf7c9,7259.425243046,7259.994508035,7260.197914169,0.5692649889997483,0.2034061340000335,0.7726711229997818,1767,1511,True,True,1,3,0,0,True,0.3744984260001729,0.19462873300017236,0.0,0.0,0.00013782999940303853,False,
diag00_a1_s23_llama1b_kv3072_cap12-07_long_burst_guard_fast,llama1b,3072,12,23,long,burst,guard_fast,1,cmpl-diag00_a1_s23_llama1b_kv3072_cap12-07_long_burst_guard_fast-r1-0-aa8cf7c9,7260.197315323,7260.753976746,7260.952873158,0.5566614230001505,0.19889641200006736,0.7555578350002179,1769,1513,True,True,1,3,0,0,True,0.36824591899949155,0.188279204000537,0.0,0.0,0.00013630000012199162,False,
diag00_a1_s23_llama1b_kv3072_cap12-07_long_burst_guard_fast,llama1b,3072,12,23,long,burst,guard_fast,1,cmpl-diag00_a1_s23_llama1b_kv3072_cap12-07_long_burst_guard_fast-r1-0-aa8cf7c9,7260.952304145,7261.511033286,7261.709265952,0.5587291410001853,0.19823266599996714,0.7569618070001525,1771,1515,True,True,1,3,0,0,True,0.36890873899938015,0.18970419700053753,0.0,0.0,0.00011620500026765512,False,
diag00_a1_s23_llama1b_kv3072_cap12-07_long_burst_guard_fast,llama1b,3072,12,23,long,burst,guard_fast,1,cmpl-diag00_a1_s23_llama1b_kv3072_cap12-07_long_burst_guard_fast-r1-0-aa8cf7c9,7261.708773154,7262.081576077,7262.281312107,0.37280292300056317,0.19973603000016737,0.5725389530007305,1773,1517,True,True,1,3,0,0,True,0.19878361700011737,0.17384356200000184,0.0,0.0,0.00017574400044395588,False,
diag00_a1_s23_llama1b_kv3072_cap12-07_long_burst_guard_fast,llama1b,3072,12,23,long,burst,guard_fast,1,cmpl-diag00_a1_s23_llama1b_kv3072_cap12-07_long_burst_guard_fast-r1-0-aa8cf7c9,7262.280710715,7262.646706264,7262.846911936,0.3659955490002176,0.20020567199935613,0.5662012209995737,1775,1519,True,True,1,3,0,0,True,0.19542388599984406,0.1704590700001063,0.0,0.0,0.00011259300026722485,False,
diag00_a1_s23_llama1b_kv3072_cap12-07_long_burst_guard_fast,llama1b,3072,12,23,long,burst,guard_fast,1,cmpl-diag00_a1_s23_llama1b_kv3072_cap12-07_long_burst_guard_fast-r1-0-aa8cf7c9,7262.846341453,7263.215057276,7263.418523589,0.368715823000457,0.203466312999808,0.572182136000265,1777,1521,True,True,1,3,0,0,True,0.19849423200048477,0.17007784499946865,0.0,0.0,0.00014374600050359732,False,
diag00_a1_s23_llama1b_kv3072_cap12-07_long_burst_guard_fast,llama1b,3072,12,23,long,burst,guard_fast,1,cmpl-diag00_a1_s23_llama1b_kv3072_cap12-07_long_burst_guard_fast-r1-0-aa8cf7c9,7263.417963254,7263.781964116,7263.980509559,0.36400086200046644,0.19854544299960253,0.562546305000069,1779,1523,True,True,1,3,0,0,True,0.19588849200044933,0.1678480729997318,0.0,0.0,0.00026429700028529624,False,
diag00_a1_s23_llama1b_kv3072_cap12-07_long_burst_guard_fast,llama1b,3072,12,23,long,burst,guard_fast,1,cmpl-diag00_a1_s23_llama1b_kv3072_cap12-07_long_burst_guard_fast-r1-0-aa8cf7c9,7263.979934859,7264.34738395,7264.545223264,0.3674490909997985,0.19783931399979338,0.5652884049995919,1781,1525,True,True,1,3,0,0,True,0.1968460469997808,0.17047075499976927,0.0,0.0,0.00013228900024842005,False,
diag00_a1_s23_llama1b_kv3072_cap12-07_long_burst_guard_fast,llama1b,3072,12,23,long,burst,guard_fast,1,cmpl-diag00_a1_s23_llama1b_kv3072_cap12-07_long_burst_guard_fast-r1-0-aa8cf7c9,7264.544522977,7264.912624866,7265.113154401,0.3681018890001724,0.20052953499998694,0.5686314240001593,1783,1527,True,True,1,3,0,0,True,0.19614514699969732,0.1718180650004797,0.0,0.0,0.00013867699999536853,False,
diag00_a1_s23_llama1b_kv3072_cap12-07_long_burst_guard_fast,llama1b,3072,12,23,long,burst,guard_fast,1,cmpl-diag00_a1_s23_llama1b_kv3072_cap12-07_long_burst_guard_fast-r1-0-aa8cf7c9,7265.11263367,7265.477315293,7265.679121304,0.3646816230002514,0.20180601099946216,0.5664876339997136,1785,1529,True,True,1,3,0,0,True,0.19477934499991534,0.16968695800005662,0.0,0.0,0.00021532000027946196,False,
diag00_a1_s23_llama1b_kv3072_cap12-07_long_burst_guard_fast,llama1b,3072,12,23,long,burst,guard_fast,1,cmpl-diag00_a1_s23_llama1b_kv3072_cap12-07_long_burst_guard_fast-r1-0-aa8cf7c9,7265.678406717,7266.04494219,7266.245516592,0.3665354730001127,0.20057440199980192,0.5671098749999146,1787,1531,True,True,1,3,0,0,True,0.1953194910001912,0.17110674299965467,0.0,0.0,0.00010923900026682531,False,
diag00_a1_s23_llama1b_kv3072_cap12-07_long_burst_guard_fast,llama1b,3072,12,23,long,burst,guard_fast,1,cmpl-diag00_a1_s23_llama1b_kv3072_cap12-07_long_burst_guard_fast-r1-0-aa8cf7c9,7266.244752068,7266.608537353,7266.809456144,0.3637852850006311,0.2009187909998218,0.5647040760004529,1789,1533,True,True,1,3,0,0,True,0.19376856300004874,0.16966290300024411,0.0,0.0,0.0003538190003382624,False,
diag00_a1_s23_llama1b_kv3072_cap12-07_long_burst_guard_fast,llama1b,3072,12,23,long,burst,guard_fast,1,cmpl-diag00_a1_s23_llama1b_kv3072_cap12-07_long_burst_guard_fast-r1-0-aa8cf7c9,7266.808618736,,7266.809456144,,,,1791,,True,,,,,,,,,,,,True,7266.825579914
diag00_a1_s23_llama1b_kv3072_cap12-07_long_burst_guard_fast,llama1b,3072,12,23,long,burst,guard_fast,11,cmpl-diag00_a1_s23_llama1b_kv3072_cap12-07_long_burst_guard_fast-r11-0-9273ab8a,7076.671808561,7076.811913434,7076.876918479,0.1401048730003822,0.06500504499945237,0.20510991799983458,458,330,True,True,0,10,0,0,True,0.01483255499988445,0.12518902600004367,0.0,0.0,8.32920004540938e-05,False,
diag00_a1_s23_llama1b_kv3072_cap12-07_long_burst_guard_fast,llama1b,3072,12,23,long,burst,guard_fast,11,cmpl-diag00_a1_s23_llama1b_kv3072_cap12-07_long_burst_guard_fast-r11-0-9273ab8a,7077.689657579,7077.833242966,7077.89852305,0.14358538700071222,0.06528008399982355,0.20886547100053576,490,362,True,True,0,5,0,0,True,0.015106126000318909,0.12839609799993923,0.0,0.0,8.316300045407843e-05,False,
diag00_a1_s23_llama1b_kv3072_cap12-07_long_burst_guard_fast,llama1b,3072,12,23,long,burst,guard_fast,11,cmpl-diag00_a1_s23_llama1b_kv3072_cap12-07_long_burst_guard_fast-r11-0-9273ab8a,7077.979349182,7078.127180919,7078.196386544,0.1478317370001605,0.06920562499999505,0.21703736200015555,498,370,True,True,0,5,0,0,True,0.01605584800017823,0.13169486900005722,0.0,0.0,8.101999992504716e-05,False,
diag00_a1_s23_llama1b_kv3072_cap12-07_long_burst_guard_fast,llama1b,3072,12,23,long,burst,guard_fast,11,cmpl-diag00_a1_s23_llama1b_kv3072_cap12-07_long_burst_guard_fast-r11-0-9273ab8a,7078.276059539,7078.415638457,7078.486521704,0.13957891799964273,0.07088324699998338,0.2104621649996261,506,378,True,True,0,5,0,0,True,0.014446635999775026,0.12496028300029138,0.0,0.0,0.00017199899957631715,False,
diag00_a1_s23_llama1b_kv3072_cap12-07_long_burst_guard_fast,llama1b,3072,12,23,long,burst,guard_fast,11,cmpl-diag00_a1_s23_llama1b_kv3072_cap12-07_long_burst_guard_fast-r11-0-9273ab8a,7078.566935466,7078.710814241,7078.789528618,0.1438787749993935,0.07871437700032402,0.22259315199971752,514,386,True,True,0,4,0,0,True,0.015490951999709068,0.12831247499980236,0.0,0.0,7.534799988206942e-05,False,
diag00_a1_s23_llama1b_kv3072_cap12-07_long_burst_guard_fast,llama1b,3072,12,23,long,burst,guard_fast,11,cmpl-diag00_a1_s23_llama1b_kv3072_cap12-07_long_burst_guard_fast-r11-0-9273ab8a,7079.433969458,7079.577432982,7079.655377513,0.14346352399934403,0.07794453099995735,0.22140805499930138,538,410,True,True,0,4,0,0,True,0.015158971999881032,0.12822365400006674,0.0,0.0,8.089799939625664e-05,False,
diag00_a1_s23_llama1b_kv3072_cap12-07_long_burst_guard_fast,llama1b,3072,12,23,long,burst,guard_fast,11,cmpl-diag00_a1_s23_llama1b_kv3072_cap12-07_long_burst_guard_fast-r11-0-9273ab8a,7080.016508997,7080.157466686,7080.238238146,0.14095768900006078,0.08077146000050561,0.2217291490005664,554,426,True,True,0,4,0,0,True,0.014532389000123658,0.12633619500047644,0.0,0.0,8.91049994606874e-05,False,
diag00_a1_s23_llama1b_kv3072_cap12-07_long_burst_guard_fast,llama1b,3072,12,23,long,burst,guard_fast,11,cmpl-diag00_a1_s23_llama1b_kv3072_cap12-07_long_burst_guard_fast-r11-0-9273ab8a,7080.46429122,7080.606481109,7080.686405883,0.14218988900029217,0.07992477399966447,0.22211466299995664,566,438,True,True,0,4,0,0,True,0.015369834000011906,0.12674634599989076,0.0,0.0,7.370900038949912e-05,False,
diag00_a1_s23_llama1b_kv3072_cap12-07_long_burst_guard_fast,llama1b,3072,12,23,long,burst,guard_fast,11,cmpl-diag00_a1_s23_llama1b_kv3072_cap12-07_long_burst_guard_fast-r11-0-9273ab8a,7080.899872217,7081.04446466,7081.121320886,0.144592442999965,0.07685622600001807,0.22144866899998306,576,448,True,True,0,4,0,0,True,0.012913763000142353,0.13159252799960086,0.0,0.0,8.615200022177305e-05,False,
diag00_a1_s23_llama1b_kv3072_cap12-07_long_burst_guard_fast,llama1b,3072,12,23,long,burst,guard_fast,11,cmpl-diag00_a1_s23_llama1b_kv3072_cap12-07_long_burst_guard_fast-r11-0-9273ab8a,7081.481751556,7081.627813315,7081.704213782,0.14606175900007656,0.07640046699998493,0.2224622260000615,590,462,True,True,0,4,0,0,True,0.015991580000445538,0.13000620599996182,0.0,0.0,6.3972999669204e-05,False,
diag00_a1_s23_llama1b_kv3072_cap12-07_long_burst_guard_fast,llama1b,3072,12,23,long,burst,guard_fast,11,cmpl-diag00_a1_s23_llama1b_kv3072_cap12-07_long_burst_guard_fast-r11-0-9273ab8a,7082.491159569,7082.634165774,7082.712667352,0.1430062050003471,0.07850157799930457,0.22150778299965168,616,488,True,True,0,4,0,0,True,0.015677071000027354,0.12721558599969285,0.0,0.0,0.00011354800062690629,False,
diag00_a1_s23_llama1b_kv3072_cap12-07_long_burst_guard_fast,llama1b,3072,12,23,long,burst,guard_fast,11,cmpl-diag00_a1_s23_llama1b_kv3072_cap12-07_long_burst_guard_fast-r11-0-9273ab8a,7083.069923114,7083.082550484,7083.083169407,0.012627370000700466,0.0006189229998199153,0.013246293000520382,630,502,True,True,0,1,0,0,True,0.012492919000578695,0.0,0.0,0.0,0.00013445100012177136,False,
diag00_a1_s23_llama1b_kv3072_cap12-07_long_burst_guard_fast,llama1b,3072,12,23,long,burst,guard_fast,11,cmpl-diag00_a1_s23_llama1b_kv3072_cap12-07_long_burst_guard_fast-r11-0-9273ab8a,7083.408898721,7083.422037722,7083.422422696,0.013139001000126882,0.0003849739996439894,0.013523974999770871,635,507,True,True,0,1,0,0,True,0.013079797000500548,0.0,0.0,0.0,5.9203999626333825e-05,False,
diag00_a1_s23_llama1b_kv3072_cap12-07_long_burst_guard_fast,llama1b,3072,12,23,long,burst,guard_fast,11,cmpl-diag00_a1_s23_llama1b_kv3072_cap12-07_long_burst_guard_fast-r11-0-9273ab8a,7083.598671568,7083.614870496,7083.615536669,0.016198927999539592,0.0006661730003543198,0.01686510099989391,637,509,True,True,0,1,0,0,True,0.016112241999508115,0.0,0.0,0.0,8.66860000314773e-05,False,
diag00_a1_s23_llama1b_kv3072_cap12-07_long_burst_guard_fast,llama1b,3072,12,23,long,burst,guard_fast,11,cmpl-diag00_a1_s23_llama1b_kv3072_cap12-07_long_burst_guard_fast-r11-0-9273ab8a,7083.803047402,7083.81681657,7083.817363289,0.013769168000180798,0.0005467190003400901,0.014315887000520888,639,511,True,True,0,1,0,0,True,0.013704203000088455,0.0,0.0,0.0,6.496500009234296e-05,False,
diag00_a1_s23_llama1b_kv3072_cap12-07_long_burst_guard_fast,llama1b,3072,12,23,long,burst,guard_fast,11,cmpl-diag00_a1_s23_llama1b_kv3072_cap12-07_long_burst_guard_fast-r11-0-9273ab8a,7084.001356747,7084.015139429,7084.015532136,0.013782682000055502,0.00039270700017368654,0.014175389000229188,641,513,True,True,0,1,0,0,True,0.013711430000512337,0.0,0.0,0.0,7.125199954316486e-05,False,
diag00_a1_s23_llama1b_kv3072_cap12-07_long_burst_guard_fast,llama1b,3072,12,23,long,burst,guard_fast,11,cmpl-diag00_a1_s23_llama1b_kv3072_cap12-07_long_burst_guard_fast-r11-0-9273ab8a,7084.196140465,7084.208775422,7084.209302789,0.012634957000045688,0.0005273669994494412,0.013162323999495129,643,515,True,True,0,1,0,0,True,0.012547641999844927,0.0,0.0,0.0,8.731500020076055e-05,False,
diag00_a1_s23_llama1b_kv3072_cap12-07_long_burst_guard_fast,llama1b,3072,12,23,long,burst,guard_fast,11,cmpl-diag00_a1_s23_llama1b_kv3072_cap12-07_long_burst_guard_fast-r11-0-9273ab8a,7084.400961332,7084.415780925,7084.416197656,0.014819592999629094,0.00041673099985928275,0.015236323999488377,645,517,True,True,0,1,0,0,True,0.014707223999721464,0.0,0.0,0.0,0.0001123689999076305,False,
diag00_a1_s23_llama1b_kv3072_cap12-07_long_burst_guard_fast,llama1b,3072,12,23,long,burst,guard_fast,11,cmpl-diag00_a1_s23_llama1b_kv3072_cap12-07_long_burst_guard_fast-r11-0-9273ab8a,7084.604263052,7084.617675533,7084.618037973,0.01341248100015946,0.0003624400005719508,0.01377492100073141,647,519,True,True,0,1,0,0,True,0.013322217000677483,0.0,0.0,0.0,9.02639994819765e-05,False,
diag00_a1_s23_llama1b_kv3072_cap12-07_long_burst_guard_fast,llama1b,3072,12,23,long,burst,guard_fast,11,cmpl-diag00_a1_s23_llama1b_kv3072_cap12-07_long_burst_guard_fast-r11-0-9273ab8a,7084.794617927,7084.807071084,7084.807433642,0.01245315699998173,0.00036255800023354823,0.012815715000215278,649,521,True,True,0,1,0,0,True,0.012377006999486184,0.0,0.0,0.0,7.61500004955451e-05,False,
diag00_a1_s23_llama1b_kv3072_cap12-07_long_burst_guard_fast,llama1b,3072,12,23,long,burst,guard_fast,11,cmpl-diag00_a1_s23_llama1b_kv3072_cap12-07_long_burst_guard_fast-r11-0-9273ab8a,7084.999480167,7085.013893451,7085.014234347,0.014413283999601845,0.0003408960001252126,0.014754179999727057,651,523,True,True,0,1,0,0,True,0.014343816999826231,0.0,0.0,0.0,6.946699977561366e-05,False,
diag00_a1_s23_llama1b_kv3072_cap12-07_long_burst_guard_fast,llama1b,3072,12,23,long,burst,guard_fast,11,cmpl-diag00_a1_s23_llama1b_kv3072_cap12-07_long_burst_guard_fast-r11-0-9273ab8a,7085.20548634,7085.21884043,7085.219475451,0.01335408999966603,0.0006350210005621193,0.01398911100022815,653,525,True,True,0,1,0,0,True,0.013294217000293429,0.0,0.0,0.0,5.9872999372601043e-05,False,
diag00_a1_s23_llama1b_kv3072_cap12-07_long_burst_guard_fast,llama1b,3072,12,23,long,burst,guard_fast,11,cmpl-diag00_a1_s23_llama1b_kv3072_cap12-07_long_burst_guard_fast-r11-0-9273ab8a,7085.405095275,7085.417864498,7085.418378886,0.012769222999850172,0.0005143879998286138,0.013283610999678785,655,527,True,True,0,1,0,0,True,0.012689259999206115,0.0,0.0,0.0,7.996300064405659e-05,False,
diag00_a1_s23_llama1b_kv3072_cap12-07_long_burst_guard_fast,llama1b,3072,12,23,long,burst,guard_fast,11,cmpl-diag00_a1_s23_llama1b_kv3072_cap12-07_long_burst_guard_fast-r11-0-9273ab8a,7085.608118808,7085.621389492,7085.621801903,0.013270684000417532,0.00041241100007027853,0.01368309500048781,657,529,True,True,0,1,0,0,True,0.01319138400049269,0.0,0.0,0.0,7.929999992484227e-05,False,
diag00_a1_s23_llama1b_kv3072_cap12-07_long_burst_guard_fast,llama1b,3072,12,23,long,burst,guard_fast,11,cmpl-diag00_a1_s23_llama1b_kv3072_cap12-07_long_burst_guard_fast-r11-0-9273ab8a,7085.809389317,7085.823168241,7085.823697409,0.01377892399978009,0.0005291679999572807,0.014308091999737371,659,531,True,True,0,1,0,0,True,0.01368872500006546,0.0,0.0,0.0,9.019899971463019e-05,False,
diag00_a1_s23_llama1b_kv3072_cap12-07_long_burst_guard_fast,llama1b,3072,12,23,long,burst,guard_fast,11,cmpl-diag00_a1_s23_llama1b_kv3072_cap12-07_long_burst_guard_fast-r11-0-9273ab8a,7086.005772709,7086.020156479,7086.020395792,0.014383770000677032,0.00023931299983814824,0.01462308300051518,661,533,True,True,0,1,0,0,True,0.014221512999938568,0.0,0.0,0.0,0.00016225700073846383,False,
diag00_a1_s23_llama1b_kv3072_cap12-07_long_burst_guard_fast,llama1b,3072,12,23,long,burst,guard_fast,11,cmpl-diag00_a1_s23_llama1b_kv3072_cap12-07_long_burst_guard_fast-r11-0-9273ab8a,7086.213457749,7086.228382718,7086.228867082,0.014924969000276178,0.0004843639999307925,0.01540933300020697,663,535,True,True,0,1,0,0,True,0.014863672000501538,0.0,0.0,0.0,6.129699977464043e-05,False,
diag00_a1_s23_llama1b_kv3072_cap12-07_long_burst_guard_fast,llama1b,3072,12,23,long,burst,guard_fast,11,cmpl-diag00_a1_s23_llama1b_kv3072_cap12-07_long_burst_guard_fast-r11-0-9273ab8a,7086.419381367,7086.433327549,7086.433890738,0.013946181999926921,0.0005631889998767292,0.01450937099980365,665,537,True,True,0,1,0,0,True,0.013837665000210109,0.0,0.0,0.0,0.00010851699971681228,False,
diag00_a1_s23_llama1b_kv3072_cap12-07_long_burst_guard_fast,llama1b,3072,12,23,long,burst,guard_fast,11,cmpl-diag00_a1_s23_llama1b_kv3072_cap12-07_long_burst_guard_fast-r11-0-9273ab8a,7086.622435406,7086.635757452,7086.636250536,0.01332204600021214,0.0004930840004817583,0.013815130000693898,667,539,True,True,0,1,0,0,True,0.013185832000090159,0.0,0.0,0.0,0.00013621400012198137,False,
diag00_a1_s23_llama1b_kv3072_cap12-07_long_burst_guard_fast,llama1b,3072,12,23,long,burst,guard_fast,11,cmpl-diag00_a1_s23_llama1b_kv3072_cap12-07_long_burst_guard_fast-r11-0-9273ab8a,7086.837547546,7086.851887779,7086.852525909,0.014340233000439184,0.0006381299999702605,0.014978363000409445,669,541,True,True,0,1,0,0,True,0.014203458999872964,0.0,0.0,0.0,0.0001367740005662199,False,
diag00_a1_s23_llama1b_kv3072_cap12-07_long_burst_guard_fast,llama1b,3072,12,23,long,burst,guard_fast,11,cmpl-diag00_a1_s23_llama1b_kv3072_cap12-07_long_burst_guard_fast-r11-0-9273ab8a,7087.042981388,7087.057413979,7087.05793784,0.014432590999604145,0.0005238610001470079,0.014956451999751152,671,543,True,True,0,1,0,0,True,0.014362615000209189,0.0,0.0,0.0,6.997599939495558e-05,False,
diag00_a1_s23_llama1b_kv3072_cap12-07_long_burst_guard_fast,llama1b,3072,12,23,long,burst,guard_fast,11,cmpl-diag00_a1_s23_llama1b_kv3072_cap12-07_long_burst_guard_fast-r11-0-9273ab8a,7087.246239848,7087.259412155,7087.259803474,0.013172306999877037,0.00039131900030042743,0.013563626000177464,673,545,True,True,0,1,0,0,True,0.013115235999975994,0.0,0.0,0.0,5.707099990104325e-05,False,
diag00_a1_s23_llama1b_kv3072_cap12-07_long_burst_guard_fast,llama1b,3072,12,23,long,burst,guard_fast,11,cmpl-diag00_a1_s23_llama1b_kv3072_cap12-07_long_burst_guard_fast-r11-0-9273ab8a,7087.46238123,7087.47608714,7087.47687503,0.013705910000680888,0.0007878899996285327,0.01449380000030942,675,547,True,True,0,1,0,0,True,0.013573984000686323,0.0,0.0,0.0,0.00013192599999456434,False,
diag00_a1_s23_llama1b_kv3072_cap12-07_long_burst_guard_fast,llama1b,3072,12,23,long,burst,guard_fast,11,cmpl-diag00_a1_s23_llama1b_kv3072_cap12-07_long_burst_guard_fast-r11-0-9273ab8a,7087.667462565,7087.682594225,7087.683162807,0.01513165999949706,0.000568582000596507,0.015700242000093567,677,549,True,True,0,1,0,0,True,0.015053424000143423,0.0,0.0,0.0,7.823599935363745e-05,False,
diag00_a1_s23_llama1b_kv3072_cap12-07_long_burst_guard_fast,llama1b,3072,12,23,long,burst,guard_fast,11,cmpl-diag00_a1_s23_llama1b_kv3072_cap12-07_long_burst_guard_fast-r11-0-9273ab8a,7087.871588081,7087.885807148,7087.886159012,0.014219067000340146,0.0003518639996400452,0.014570930999980192,679,551,True,True,0,1,0,0,True,0.014143364000119618,0.0,0.0,0.0,7.570300022052834e-05,False,
diag00_a1_s23_llama1b_kv3072_cap12-07_long_burst_guard_fast,llama1b,3072,12,23,long,burst,guard_fast,11,cmpl-diag00_a1_s23_llama1b_kv3072_cap12-07_long_burst_guard_fast-r11-0-9273ab8a,7088.09052788,7088.104056188,7088.104410009,0.013528307999877143,0.0003538210003171116,0.013882129000194254,681,553,True,True,0,1,0,0,True,0.013449688999571663,0.0,0.0,0.0,7.861900030547986e-05,False,
diag00_a1_s23_llama1b_kv3072_cap12-07_long_burst_guard_fast,llama1b,3072,12,23,long,burst,guard_fast,11,cmpl-diag00_a1_s23_llama1b_kv3072_cap12-07_long_burst_guard_fast-r11-0-9273ab8a,7088.295128807,7088.309334808,7088.309779506,0.014206001000275137,0.00044469800013757776,0.014650699000412715,683,555,True,True,0,1,0,0,True,0.014130646000012348,0.0,0.0,0.0,7.535500026278896e-05,False,
diag00_a1_s23_llama1b_kv3072_cap12-07_long_burst_guard_fast,llama1b,3072,12,23,long,burst,guard_fast,11,cmpl-diag00_a1_s23_llama1b_kv3072_cap12-07_long_burst_guard_fast-r11-0-9273ab8a,7088.500610261,7088.515347802,7088.515703495,0.014737541000613419,0.0003556929996193503,0.01509323400023277,685,557,True,True,0,1,0,0,True,0.014663910000308533,0.0,0.0,0.0,7.363100030488567e-05,False,
diag00_a1_s23_llama1b_kv3072_cap12-07_long_burst_guard_fast,llama1b,3072,12,23,long,burst,guard_fast,11,cmpl-diag00_a1_s23_llama1b_kv3072_cap12-07_long_burst_guard_fast-r11-0-9273ab8a,7088.716591263,7088.729540464,7088.730031174,0.012949201000083121,0.0004907100001219078,0.01343991100020503,687,559,True,True,0,1,0,0,True,0.012885797999842907,0.0,0.0,0.0,6.340300024021417e-05,False,
diag00_a1_s23_llama1b_kv3072_cap12-07_long_burst_guard_fast,llama1b,3072,12,23,long,burst,guard_fast,11,cmpl-diag00_a1_s23_llama1b_kv3072_cap12-07_long_burst_guard_fast-r11-0-9273ab8a,7088.921335164,7088.935516029,7088.936077245,0.01418086499961646,0.0005612160002783639,0.014742080999894824,689,561,True,True,0,1,0,0,True,0.014096838000114076,0.0,0.0,0.0,8.402699950238457e-05,False,
diag00_a1_s23_llama1b_kv3072_cap12-07_long_burst_guard_fast,llama1b,3072,12,23,long,burst,guard_fast,11,cmpl-diag00_a1_s23_llama1b_kv3072_cap12-07_long_burst_guard_fast-r11-0-9273ab8a,7089.125178148,7089.139722188,7089.14014008,0.014544040000146197,0.00041789199985942105,0.014961932000005618,691,563,True,True,0,1,0,0,True,0.014468730000771757,0.0,0.0,0.0,7.530999937443994e-05,False,
diag00_a1_s23_llama1b_kv3072_cap12-07_long_burst_guard_fast,llama1b,3072,12,23,long,burst,guard_fast,11,cmpl-diag00_a1_s23_llama1b_kv3072_cap12-07_long_burst_guard_fast-r11-0-9273ab8a,7089.342256659,7089.355085647,7089.355445401,0.012828988000364916,0.00035975399987364653,0.013188742000238562,693,565,True,True,0,1,0,0,True,0.012773012000252493,0.0,0.0,0.0,5.597600011242321e-05,False,
diag00_a1_s23_llama1b_kv3072_cap12-07_long_burst_guard_fast,llama1b,3072,12,23,long,burst,guard_fast,11,cmpl-diag00_a1_s23_llama1b_kv3072_cap12-07_long_burst_guard_fast-r11-0-9273ab8a,7089.54862518,7089.563538723,7089.563905983,0.01491354300014791,0.0003672599996207282,0.015280802999768639,695,567,True,True,0,1,0,0,True,0.014847921000182396,0.0,0.0,0.0,6.562199996551499e-05,False,
diag00_a1_s23_llama1b_kv3072_cap12-07_long_burst_guard_fast,llama1b,3072,12,23,long,burst,guard_fast,11,cmpl-diag00_a1_s23_llama1b_kv3072_cap12-07_long_burst_guard_fast-r11-0-9273ab8a,7089.750934045,7089.766581487,7089.766978688,0.015647442000044975,0.00039720099994156044,0.016044642999986536,697,569,True,True,0,1,0,0,True,0.015530659999967611,0.0,0.0,0.0,0.0001167820000773645,False,
diag00_a1_s23_llama1b_kv3072_cap12-07_long_burst_guard_fast,llama1b,3072,12,23,long,burst,guard_fast,11,cmpl-diag00_a1_s23_llama1b_kv3072_cap12-07_long_burst_guard_fast-r11-0-9273ab8a,7089.972176093,7089.98686261,7089.98734578,0.01468651699997281,0.00048317000073438976,0.0151696870007072,699,571,True,True,0,1,0,0,True,0.014612062000196602,0.0,0.0,0.0,7.445499977620784e-05,False,
diag00_a1_s23_llama1b_kv3072_cap12-07_long_burst_guard_fast,llama1b,3072,12,23,long,burst,guard_fast,11,cmpl-diag00_a1_s23_llama1b_kv3072_cap12-07_long_burst_guard_fast-r11-0-9273ab8a,7090.179251819,7090.191466039,7090.191636629,0.012214220000714704,0.0001705899994703941,0.012384810000185098,701,573,True,True,0,1,0,0,True,0.01211549300023762,0.0,0.0,0.0,9.872700047708349e-05,False,
diag00_a1_s23_llama1b_kv3072_cap12-07_long_burst_guard_fast,llama1b,3072,12,23,long,burst,guard_fast,11,cmpl-diag00_a1_s23_llama1b_kv3072_cap12-07_long_burst_guard_fast-r11-0-9273ab8a,7090.384149458,7090.397498236,7090.397806584,0.013348777999453887,0.0003083480005443562,0.013657125999998243,703,575,True,True,0,1,0,0,True,0.013280256000143709,0.0,0.0,0.0,6.852199931017822e-05,False,
diag00_a1_s23_llama1b_kv3072_cap12-07_long_burst_guard_fast,llama1b,3072,12,23,long,burst,guard_fast,11,cmpl-diag00_a1_s23_llama1b_kv3072_cap12-07_long_burst_guard_fast-r11-0-9273ab8a,7090.602418882,7090.61664675,7090.617071322,0.014227867999579757,0.00042457200015633134,0.014652439999736089,705,577,True,True,0,1,0,0,True,0.014137268999547814,0.0,0.0,0.0,9.059900003194343e-05,False,
diag00_a1_s23_llama1b_kv3072_cap12-07_long_burst_guard_fast,llama1b,3072,12,23,long,burst,guard_fast,11,cmpl-diag00_a1_s23_llama1b_kv3072_cap12-07_long_burst_guard_fast-r11-0-9273ab8a,7090.806761752,7090.821126578,7090.821548948,0.014364826000019093,0.00042236999979650136,0.014787195999815594,707,579,True,True,0,1,0,0,True,0.014292558000306599,0.0,0.0,0.0,7.22679997124942e-05,False,
diag00_a1_s23_llama1b_kv3072_cap12-07_long_burst_guard_fast,llama1b,3072,12,23,long,burst,guard_fast,11,cmpl-diag00_a1_s23_llama1b_kv3072_cap12-07_long_burst_guard_fast-r11-0-9273ab8a,7091.013558115,7091.028251475,7091.028682535,0.014693359999910172,0.00043106000066472916,0.0151244200005749,709,581,True,True,0,1,0,0,True,0.014627205000579124,0.0,0.0,0.0,6.615499933104729e-05,False,
diag00_a1_s23_llama1b_kv3072_cap12-07_long_burst_guard_fast,llama1b,3072,12,23,long,burst,guard_fast,11,cmpl-diag00_a1_s23_llama1b_kv3072_cap12-07_long_burst_guard_fast-r11-0-9273ab8a,7091.234291007,7091.245452839,7091.246374724,0.011161831999743299,0.0009218850000252132,0.012083716999768512,711,583,True,True,0,1,0,0,True,0.011076443999627372,0.0,0.0,0.0,8.538800011592684e-05,False,
diag00_a1_s23_llama1b_kv3072_cap12-07_long_burst_guard_fast,llama1b,3072,12,23,long,burst,guard_fast,11,cmpl-diag00_a1_s23_llama1b_kv3072_cap12-07_long_burst_guard_fast-r11-0-9273ab8a,7091.448772142,7091.462525888,7091.463028683,0.01375374599956558,0.0005027950001021964,0.014256540999667777,713,585,True,True,0,1,0,0,True,0.013688011999875016,0.0,0.0,0.0,6.573399969056481e-05,False,
diag00_a1_s23_llama1b_kv3072_cap12-07_long_burst_guard_fast,llama1b,3072,12,23,long,burst,guard_fast,11,cmpl-diag00_a1_s23_llama1b_kv3072_cap12-07_long_burst_guard_fast-r11-0-9273ab8a,7091.653731304,7091.670019855,7091.670619271,0.016288550999888685,0.0005994160001137061,0.01688796700000239,715,587,True,True,0,1,0,0,True,0.016165636000550876,0.0,0.0,0.0,0.0001229149993378087,False,
diag00_a1_s23_llama1b_kv3072_cap12-07_long_burst_guard_fast,llama1b,3072,12,23,long,burst,guard_fast,11,cmpl-diag00_a1_s23_llama1b_kv3072_cap12-07_long_burst_guard_fast-r11-0-9273ab8a,7091.898477971,7091.915815409,7091.916850074,0.017337438000140537,0.0010346649996790802,0.018372102999819617,717,589,True,True,0,1,0,0,True,0.017272244000196224,0.0,0.0,0.0,6.519399994431296e-05,False,
diag00_a1_s23_llama1b_kv3072_cap12-07_long_burst_guard_fast,llama1b,3072,12,23,long,burst,guard_fast,11,cmpl-diag00_a1_s23_llama1b_kv3072_cap12-07_long_burst_guard_fast-r11-0-9273ab8a,7092.12844566,7092.146065295,7092.147067232,0.01761963500030106,0.0010019370001828065,0.018621572000483866,719,591,True,True,0,1,0,0,True,0.017454644000281405,0.0,0.0,0.0,0.00016499100001965417,False,
diag00_a1_s23_llama1b_kv3072_cap12-07_long_burst_guard_fast,llama1b,3072,12,23,long,burst,guard_fast,11,cmpl-diag00_a1_s23_llama1b_kv3072_cap12-07_long_burst_guard_fast-r11-0-9273ab8a,7092.34828821,7092.367438511,7092.368544154,0.019150301000081527,0.0011056430003009154,0.020255944000382442,721,593,True,True,0,1,0,0,True,0.01906894200055831,0.0,0.0,0.0,8.135899952321779e-05,False,
diag00_a1_s23_llama1b_kv3072_cap12-07_long_burst_guard_fast,llama1b,3072,12,23,long,burst,guard_fast,11,cmpl-diag00_a1_s23_llama1b_kv3072_cap12-07_long_burst_guard_fast-r11-0-9273ab8a,7092.592922934,7092.611423888,7092.612224676,0.018500954000046477,0.0008007879996512202,0.019301741999697697,723,595,True,True,0,1,0,0,True,0.018416130999867164,0.0,0.0,0.0,8.482300017931266e-05,False,
diag00_a1_s23_llama1b_kv3072_cap12-07_long_burst_guard_fast,llama1b,3072,12,23,long,burst,guard_fast,11,cmpl-diag00_a1_s23_llama1b_kv3072_cap12-07_long_burst_guard_fast-r11-0-9273ab8a,7092.837613303,7092.853555406,7092.854235324,0.015942103000270436,0.0006799180000598426,0.016622021000330278,725,597,True,True,0,1,0,0,True,0.015866196999922977,0.0,0.0,0.0,7.590600034745876e-05,False,
diag00_a1_s23_llama1b_kv3072_cap12-07_long_burst_guard_fast,llama1b,3072,12,23,long,burst,guard_fast,11,cmpl-diag00_a1_s23_llama1b_kv3072_cap12-07_long_burst_guard_fast-r11-0-9273ab8a,7093.067143799,7093.085111763,7093.085484768,0.017967963999581116,0.00037300500025594374,0.01834096899983706,727,599,True,True,0,1,0,0,True,0.017817473999457434,0.0,0.0,0.0,0.00015049000012368197,False,
diag00_a1_s23_llama1b_kv3072_cap12-07_long_burst_guard_fast,llama1b,3072,12,23,long,burst,guard_fast,11,cmpl-diag00_a1_s23_llama1b_kv3072_cap12-07_long_burst_guard_fast-r11-0-9273ab8a,7093.309316352,7093.327684303,7093.328656281,0.018367951000072935,0.0009719780000523315,0.019339929000125267,729,601,True,True,0,1,0,0,True,0.018301914000403485,0.0,0.0,0.0,6.603699966944987e-05,False,
diag00_a1_s23_llama1b_kv3072_cap12-07_long_burst_guard_fast,llama1b,3072,12,23,long,burst,guard_fast,11,cmpl-diag00_a1_s23_llama1b_kv3072_cap12-07_long_burst_guard_fast-r11-0-9273ab8a,7093.541617547,7093.557371583,7093.557979103,0.015754035999634652,0.0006075200008126558,0.016361556000447308,731,603,True,True,0,1,0,0,True,0.015676295000048412,0.0,0.0,0.0,7.774099958623992e-05,False,
diag00_a1_s23_llama1b_kv3072_cap12-07_long_burst_guard_fast,llama1b,3072,12,23,long,burst,guard_fast,11,cmpl-diag00_a1_s23_llama1b_kv3072_cap12-07_long_burst_guard_fast-r11-0-9273ab8a,7093.761967656,7093.777035356,7093.777973626,0.015067700000145123,0.000938270000006014,0.016005970000151137,733,605,True,True,0,1,0,0,True,0.014999396999883174,0.0,0.0,0.0,6.830300026194891e-05,False,
diag00_a1_s23_llama1b_kv3072_cap12-07_long_burst_guard_fast,llama1b,3072,12,23,long,burst,guard_fast,11,cmpl-diag00_a1_s23_llama1b_kv3072_cap12-07_long_burst_guard_fast-r11-0-9273ab8a,7094.001869645,7094.015835527,7094.01653266,0.013965881999865815,0.0006971330003580078,0.014663015000223822,735,607,True,True,0,1,0,0,True,0.013883489000363625,0.0,0.0,0.0,8.239299950218992e-05,False,
diag00_a1_s23_llama1b_kv3072_cap12-07_long_burst_guard_fast,llama1b,3072,12,23,long,burst,guard_fast,11,cmpl-diag00_a1_s23_llama1b_kv3072_cap12-07_long_burst_guard_fast-r11-0-9273ab8a,7094.373735277,7094.517879281,7094.7257674,0.14414400399982696,0.20788811900001747,0.35203212299984443,740,612,True,True,1,1,0,0,True,0.14406536799924652,0.0,0.0,0.0,7.86360005804454e-05,False,
diag00_a1_s23_llama1b_kv3072_cap12-07_long_burst_guard_fast,llama1b,3072,12,23,long,burst,guard_fast,11,cmpl-diag00_a1_s23_llama1b_kv3072_cap12-07_long_burst_guard_fast-r11-0-9273ab8a,7094.724534876,7094.738576228,7094.738964388,0.014041352000276675,0.0003881599996020668,0.014429511999878741,742,614,True,True,0,1,0,0,True,0.013983315000587027,0.0,0.0,0.0,5.803699968964793e-05,False,
diag00_a1_s23_llama1b_kv3072_cap12-07_long_burst_guard_fast,llama1b,3072,12,23,long,burst,guard_fast,11,cmpl-diag00_a1_s23_llama1b_kv3072_cap12-07_long_burst_guard_fast-r11-0-9273ab8a,7094.957810697,7095.106272646,7095.31727807,0.14846194900019327,0.2110054239992678,0.3594673729994611,744,616,True,True,0,3,0,0,True,0.013213618999543542,0.13504324499990616,0.0,0.0,0.00020508500074356562,False,
diag00_a1_s23_llama1b_kv3072_cap12-07_long_burst_guard_fast,llama1b,3072,12,23,long,burst,guard_fast,11,cmpl-diag00_a1_s23_llama1b_kv3072_cap12-07_long_burst_guard_fast-r11-0-9273ab8a,7095.861089445,7096.024299991,7096.230572818,0.1632105459993909,0.20627282700024807,0.36948337299963896,754,626,True,True,0,3,0,0,True,0.015635168999324378,0.14739187200029846,0.0,0.0,0.00018350499976804713,False,
diag00_a1_s23_llama1b_kv3072_cap12-07_long_burst_guard_fast,llama1b,3072,12,23,long,burst,guard_fast,11,cmpl-diag00_a1_s23_llama1b_kv3072_cap12-07_long_burst_guard_fast-r11-0-9273ab8a,7096.652727827,7096.805872046,7097.010642168,0.15314421900075104,0.20477012199989986,0.3579143410006509,762,634,True,True,1,1,0,0,True,0.1530656450004244,0.0,0.0,0.0,7.857400032662554e-05,False,
diag00_a1_s23_llama1b_kv3072_cap12-07_long_burst_guard_fast,llama1b,3072,12,23,long,burst,guard_fast,11,cmpl-diag00_a1_s23_llama1b_kv3072_cap12-07_long_burst_guard_fast-r11-0-9273ab8a,7097.009617868,7097.164441659,7097.37522368,0.15482379100012622,0.21078202100034105,0.36560581200046727,764,636,True,True,0,3,0,0,True,0.013055644000814937,0.14165734499965765,0.0,0.0,0.00011080199965363136,False,
diag00_a1_s23_llama1b_kv3072_cap12-07_long_burst_guard_fast,llama1b,3072,12,23,long,burst,guard_fast,11,cmpl-diag00_a1_s23_llama1b_kv3072_cap12-07_long_burst_guard_fast-r11-0-9273ab8a,7097.796981691,7097.939679887,7098.15057645,0.14269819600031042,0.21089656299955095,0.35359475899986137,772,644,True,True,1,1,0,0,True,0.14264042200011318,0.0,0.0,0.0,5.777400019724155e-05,False,
diag00_a1_s23_llama1b_kv3072_cap12-07_long_burst_guard_fast,llama1b,3072,12,23,long,burst,guard_fast,11,cmpl-diag00_a1_s23_llama1b_kv3072_cap12-07_long_burst_guard_fast-r11-0-9273ab8a,7098.149937509,7098.313489158,7098.533659937,0.16355164900051022,0.22017077900000004,0.38372242800051026,774,646,True,True,0,3,0,0,True,0.013489175000358955,0.1499144540002817,0.0,0.0,0.00014801999986957526,False,
diag00_a1_s23_llama1b_kv3072_cap12-07_long_burst_guard_fast,llama1b,3072,12,23,long,burst,guard_fast,11,cmpl-diag00_a1_s23_llama1b_kv3072_cap12-07_long_burst_guard_fast-r11-0-9273ab8a,7098.711493458,7099.095696264,7099.201167452,0.38420280599984835,0.10547118799968302,0.4896739939995314,780,652,True,True,0,3,0,0,True,0.13107945599949744,0.25300164200052677,0.0,0.0,0.00012170799982413882,False,
diag00_a1_s23_llama1b_kv3072_cap12-07_long_burst_guard_fast,llama1b,3072,12,23,long,burst,guard_fast,11,cmpl-diag00_a1_s23_llama1b_kv3072_cap12-07_long_burst_guard_fast-r11-0-9273ab8a,7099.345357964,7099.724017466,7099.828059532,0.37865950200011866,0.10404206600014732,0.482701568000266,784,656,True,True,0,3,0,0,True,0.13032365199978813,0.2482096210005693,0.0,0.0,0.00012622899976122426,False,
diag00_a1_s23_llama1b_kv3072_cap12-07_long_burst_guard_fast,llama1b,3072,12,23,long,burst,guard_fast,11,cmpl-diag00_a1_s23_llama1b_kv3072_cap12-07_long_burst_guard_fast-r11-0-9273ab8a,7099.969494473,7100.349015316,7100.455232196,0.37952084300013667,0.10621687999991991,0.4857377230000566,788,660,True,True,0,3,0,0,True,0.13046635499995318,0.2489365290002752,0.0,0.0,0.00011795899990829639,False,
diag00_a1_s23_llama1b_kv3072_cap12-07_long_burst_guard_fast,llama1b,3072,12,23,long,burst,guard_fast,11,cmpl-diag00_a1_s23_llama1b_kv3072_cap12-07_long_burst_guard_fast-r11-0-9273ab8a,7100.599389854,7100.982700634,7101.08661704,0.38331078000010166,0.1039164060002804,0.48722718600038206,792,664,True,True,0,3,0,0,True,0.13466333399992436,0.24853081699984614,0.0,0.0,0.00011662900033115875,False,
diag00_a1_s23_llama1b_kv3072_cap12-07_long_burst_guard_fast,llama1b,3072,12,23,long,burst,guard_fast,11,cmpl-diag00_a1_s23_llama1b_kv3072_cap12-07_long_burst_guard_fast-r11-0-9273ab8a,7101.234388213,7101.616545327,7101.723570725,0.3821571139997104,0.1070253980005873,0.4891825120002977,796,668,True,True,0,3,0,0,True,0.1270771400004378,0.2549604169998929,0.0,0.0,0.00011955699937971076,False,
diag00_a1_s23_llama1b_kv3072_cap12-07_long_burst_guard_fast,llama1b,3072,12,23,long,burst,guard_fast,11,cmpl-diag00_a1_s23_llama1b_kv3072_cap12-07_long_burst_guard_fast-r11-0-9273ab8a,7101.866553294,7102.13628197,7102.364260418,0.2697286759994313,0.22797844800061284,0.49770712400004413,800,672,True,True,0,2,0,0,True,0.1391253889996733,0.13044754800012015,0.0,0.0,0.00015573899963783333,False,
diag00_a1_s23_llama1b_kv3072_cap12-07_long_burst_guard_fast,llama1b,3072,12,23,long,burst,guard_fast,11,cmpl-diag00_a1_s23_llama1b_kv3072_cap12-07_long_burst_guard_fast-r11-0-9273ab8a,7102.519915645,7102.788463856,7103.01819836,0.2685482110000521,0.22973450399967987,0.498282714999732,804,676,True,True,0,2,0,0,True,0.12532682999972167,0.14308678800080088,0.0,0.0,0.00013459299952955917,False,
diag00_a1_s23_llama1b_kv3072_cap12-07_long_burst_guard_fast,llama1b,3072,12,23,long,burst,guard_fast,11,cmpl-diag00_a1_s23_llama1b_kv3072_cap12-07_long_burst_guard_fast-r11-0-9273ab8a,7103.155505922,7103.443998056,7103.681645061,0.2884921340000801,0.23764700500032632,0.5261391390004064,808,680,True,True,0,2,0,0,True,0.1343828159997429,0.15398231700055476,0.0,0.0,0.00012700099978246726,False,
diag00_a1_s23_llama1b_kv3072_cap12-07_long_burst_guard_fast,llama1b,3072,12,23,long,burst,guard_fast,11,cmpl-diag00_a1_s23_llama1b_kv3072_cap12-07_long_burst_guard_fast-r11-0-9273ab8a,7103.853254261,7104.135895497,7104.383947905,0.28264123600001767,0.24805240800014872,0.5306936440001664,812,684,True,True,0,2,0,0,True,0.1458329529996263,0.13668025100014347,0.0,0.0,0.00012803200024791295,False,
diag00_a1_s23_llama1b_kv3072_cap12-07_long_burst_guard_fast,llama1b,3072,12,23,long,burst,guard_fast,11,cmpl-diag00_a1_s23_llama1b_kv3072_cap12-07_long_burst_guard_fast-r11-0-9273ab8a,7104.541551418,7104.813386653,7105.054174398,0.2718352349993438,0.24078774500048894,0.5126229799998328,816,688,True,True,0,2,0,0,True,0.12807842799975333,0.14363822799987247,0.0,0.0,0.00011857899971801089,False,
diag00_a1_s23_llama1b_kv3072_cap12-07_long_burst_guard_fast,llama1b,3072,12,23,long,burst,guard_fast,11,cmpl-diag00_a1_s23_llama1b_kv3072_cap12-07_long_burst_guard_fast-r11-0-9273ab8a,7105.20428588,7105.49011648,7105.725557063,0.285830600000736,0.23544058300012694,0.521271183000863,820,692,True,True,0,2,0,0,True,0.14185274700048467,0.14383327099949383,0.0,0.0,0.00014458200075750938,False,
diag00_a1_s23_llama1b_kv3072_cap12-07_long_burst_guard_fast,llama1b,3072,12,23,long,burst,guard_fast,11,cmpl-diag00_a1_s23_llama1b_kv3072_cap12-07_long_burst_guard_fast-r11-0-9273ab8a,7105.886511707,7106.281376359,7106.387582961,0.3948646520002512,0.10620660199947451,0.5010712539997257,824,696,True,True,0,3,0,0,True,0.14598856599968713,0.24873558500075887,0.0,0.0,0.00014050099980522646,False,
diag00_a1_s23_llama1b_kv3072_cap12-07_long_burst_guard_fast,llama1b,3072,12,23,long,burst,guard_fast,11,cmpl-diag00_a1_s23_llama1b_kv3072_cap12-07_long_burst_guard_fast-r11-0-9273ab8a,7106.530422707,7106.791343956,7107.013867311,0.2609212489996935,0.2225233549997938,0.4834446039994873,828,700,True,True,0,2,0,0,True,0.13259119299982558,0.12821156100017106,0.0,0.0,0.00011849499969684985,False,
diag00_a1_s23_llama1b_kv3072_cap12-07_long_burst_guard_fast,llama1b,3072,12,23,long,burst,guard_fast,11,cmpl-diag00_a1_s23_llama1b_kv3072_cap12-07_long_burst_guard_fast-r11-0-9273ab8a,7107.154843383,7107.437263996,7107.681659863,0.28242061299988563,0.24439586700009386,0.5268164799999795,832,704,True,True,0,2,0,0,True,0.13744885699998122,0.14483902399933868,0.0,0.0,0.00013273200056573842,False,
diag00_a1_s23_llama1b_kv3072_cap12-07_long_burst_guard_fast,llama1b,3072,12,23,long,burst,guard_fast,11,cmpl-diag00_a1_s23_llama1b_kv3072_cap12-07_long_burst_guard_fast-r11-0-9273ab8a,7107.823858522,7108.1122455,7108.34794558,0.2883869780007444,0.23570007999933296,0.5240870580000774,836,708,True,True,0,2,0,0,True,0.14631562800059328,0.14186906299983093,0.0,0.0,0.00020228700032021152,False,
diag00_a1_s23_llama1b_kv3072_cap12-07_long_burst_guard_fast,llama1b,3072,12,23,long,burst,guard_fast,11,cmpl-diag00_a1_s23_llama1b_kv3072_cap12-07_long_burst_guard_fast-r11-0-9273ab8a,7108.497478912,7108.779852849,7109.02855235,0.2823739370005569,0.24869950099946436,0.5310734380000213,840,712,True,True,0,2,0,0,True,0.14130465000016557,0.1409404040005029,0.0,0.0,0.00012888299988844665,False,
diag00_a1_s23_llama1b_kv3072_cap12-07_long_burst_guard_fast,llama1b,3072,12,23,long,burst,guard_fast,11,cmpl-diag00_a1_s23_llama1b_kv3072_cap12-07_long_burst_guard_fast-r11-0-9273ab8a,7109.180621776,7109.466259001,7109.713161783,0.2856372249998458,0.2469027819997791,0.5325400069996249,844,716,True,True,0,2,0,0,True,0.14165347399921302,0.14387453400013328,0.0,0.0,0.00010921700049948413,False,
diag00_a1_s23_llama1b_kv3072_cap12-07_long_burst_guard_fast,llama1b,3072,12,23,long,burst,guard_fast,11,cmpl-diag00_a1_s23_llama1b_kv3072_cap12-07_long_burst_guard_fast-r11-0-9273ab8a,7109.868946309,7110.150951518,7110.394959273,0.28200520899918047,0.24400775499998417,0.5260129639991646,848,720,True,True,0,2,0,0,True,0.14280739299920242,0.13908216100026038,0.0,0.0,0.00011565499971766258,False,
diag00_a1_s23_llama1b_kv3072_cap12-07_long_burst_guard_fast,llama1b,3072,12,23,long,burst,guard_fast,11,cmpl-diag00_a1_s23_llama1b_kv3072_cap12-07_long_burst_guard_fast-r11-0-9273ab8a,7110.560087262,7110.84797802,7111.094970896,0.2878907579997758,0.2469928760001494,0.5348836339999252,852,724,True,True,0,2,0,0,True,0.14549180599988176,0.14229033600076946,0.0,0.0,0.00010861599912459496,False,
diag00_a1_s23_llama1b_kv3072_cap12-07_long_burst_guard_fast,llama1b,3072,12,23,long,burst,guard_fast,11,cmpl-diag00_a1_s23_llama1b_kv3072_cap12-07_long_burst_guard_fast-r11-0-9273ab8a,7111.243659099,7111.517711518,7111.745262562,0.27405241900032706,0.22755104399948323,0.5016034629998103,856,728,True,True,0,2,0,0,True,0.13094320799973502,0.14295054800004436,0.0,0.0,0.00015866300054767635,False,
diag00_a1_s23_llama1b_kv3072_cap12-07_long_burst_guard_fast,llama1b,3072,12,23,long,burst,guard_fast,11,cmpl-diag00_a1_s23_llama1b_kv3072_cap12-07_long_burst_guard_fast-r11-0-9273ab8a,7111.891793669,7112.160763687,7112.38352658,0.26897001799989084,0.22276289299952623,0.49173291099941707,860,732,True,True,0,2,0,0,True,0.1405854199992973,0.12827088900030503,0.0,0.0,0.00011370900028850883,False,
diag00_a1_s23_llama1b_kv3072_cap12-07_long_burst_guard_fast,llama1b,3072,12,23,long,burst,guard_fast,11,cmpl-diag00_a1_s23_llama1b_kv3072_cap12-07_long_burst_guard_fast-r11-0-9273ab8a,7112.537971686,7112.80322426,7113.035087043,0.2652525740004421,0.23186278299999685,0.49711535700043896,864,736,True,True,0,2,0,0,True,0.1320607640000162,0.13307471300049656,0.0,0.0,0.00011709699992934475,False,
diag00_a1_s23_llama1b_kv3072_cap12-07_long_burst_guard_fast,llama1b,3072,12,23,long,burst,guard_fast,11,cmpl-diag00_a1_s23_llama1b_kv3072_cap12-07_long_burst_guard_fast-r11-0-9273ab8a,7113.176540903,7113.446704057,7113.6724898,0.2701631539994196,0.2257857430004151,0.4959488969998347,868,740,True,True,0,2,0,0,True,0.1278780819993699,0.14217036799982452,0.0,0.0,0.00011470400022517424,False,
diag00_a1_s23_llama1b_kv3072_cap12-07_long_burst_guard_fast,llama1b,3072,12,23,long,burst,guard_fast,11,cmpl-diag00_a1_s23_llama1b_kv3072_cap12-07_long_burst_guard_fast-r11-0-9273ab8a,7113.818516052,7114.088968082,7114.309397361,0.27045203000034235,0.22042927900020004,0.4908813090005424,872,744,True,True,0,2,0,0,True,0.14037469300001248,0.12997138799983077,0.0,0.0,0.00010594900049909484,False,
diag00_a1_s23_llama1b_kv3072_cap12-07_long_burst_guard_fast,llama1b,3072,12,23,long,burst,guard_fast,11,cmpl-diag00_a1_s23_llama1b_kv3072_cap12-07_long_burst_guard_fast-r11-0-9273ab8a,7114.462980904,7114.726263664,7114.962869706,0.26328276000003825,0.2366060419999485,0.49988880199998675,876,748,True,True,0,2,0,0,True,0.13370742300048732,0.1294438019995141,0.0,0.0,0.00013153500003681984,False,
diag00_a1_s23_llama1b_kv3072_cap12-07_long_burst_guard_fast,llama1b,3072,12,23,long,burst,guard_fast,11,cmpl-diag00_a1_s23_llama1b_kv3072_cap12-07_long_burst_guard_fast-r11-0-9273ab8a,7115.106022627,7115.376883577,7115.603120945,0.2708609499995873,0.2262373680005112,0.4970983180000985,880,752,True,True,0,2,0,0,True,0.12968763600019884,0.14105605099939567,0.0,0.0,0.00011726299999281764,False,
diag00_a1_s23_llama1b_kv3072_cap12-07_long_burst_guard_fast,llama1b,3072,12,23,long,burst,guard_fast,11,cmpl-diag00_a1_s23_llama1b_kv3072_cap12-07_long_burst_guard_fast-r11-0-9273ab8a,7115.747128481,7116.035209495,7116.282050999,0.28808101400045416,0.2468415039993488,0.534922517999803,884,756,True,True,0,2,0,0,True,0.14956547200017667,0.13842199999999139,0.0,0.0,9.354200028610649e-05,False,
diag00_a1_s23_llama1b_kv3072_cap12-07_long_burst_guard_fast,llama1b,3072,12,23,long,burst,guard_fast,11,cmpl-diag00_a1_s23_llama1b_kv3072_cap12-07_long_burst_guard_fast-r11-0-9273ab8a,7116.456196088,7116.748754853,7117.005970001,0.29255876499973965,0.25721514799988654,0.5497739129996262,888,760,True,True,0,2,0,0,True,0.14364148899949214,0.14880877200084797,0.0,0.0,0.00010850399939954514,False,
diag00_a1_s23_llama1b_kv3072_cap12-07_long_burst_guard_fast,llama1b,3072,12,23,long,burst,guard_fast,11,cmpl-diag00_a1_s23_llama1b_kv3072_cap12-07_long_burst_guard_fast-r11-0-9273ab8a,7117.161819733,7117.460264435,7117.711155344,0.2984447019998697,0.25089090900019073,0.5493356110000605,892,764,True,True,0,2,0,0,True,0.14403495799979282,0.1542956299999787,0.0,0.0,0.00011411400009819772,False,
diag00_a1_s23_llama1b_kv3072_cap12-07_long_burst_guard_fast,llama1b,3072,12,23,long,burst,guard_fast,11,cmpl-diag00_a1_s23_llama1b_kv3072_cap12-07_long_burst_guard_fast-r11-0-9273ab8a,7117.872529266,7118.173986059,7118.407308349,0.30145679299948824,0.23332229000061488,0.5347790830001031,896,768,True,True,0,2,0,0,True,0.15756535099990288,0.14374790100009704,0.0,0.0,0.000143540999488323,False,
diag00_a1_s23_llama1b_kv3072_cap12-07_long_burst_guard_fast,llama1b,3072,12,23,long,burst,guard_fast,11,cmpl-diag00_a1_s23_llama1b_kv3072_cap12-07_long_burst_guard_fast-r11-0-9273ab8a,7118.565155408,7118.829176472,7119.073835321,0.26402106400018965,0.24465884900018864,0.5086799130003783,900,772,True,True,0,2,0,0,True,0.13308267900083592,0.13077687499935564,0.0,0.0,0.00016150999999808846,False,
diag00_a1_s23_llama1b_kv3072_cap12-07_long_burst_guard_fast,llama1b,3072,12,23,long,burst,guard_fast,11,cmpl-diag00_a1_s23_llama1b_kv3072_cap12-07_long_burst_guard_fast-r11-0-9273ab8a,7119.218272497,7119.49071969,7119.728940962,0.27244719300051656,0.23822127199946408,0.5106684649999806,904,776,True,True,0,2,0,0,True,0.12949806500000705,0.1428379919998406,0.0,0.0,0.00011113600066892104,False,
diag00_a1_s23_llama1b_kv3072_cap12-07_long_burst_guard_fast,llama1b,3072,12,23,long,burst,guard_fast,11,cmpl-diag00_a1_s23_llama1b_kv3072_cap12-07_long_burst_guard_fast-r11-0-9273ab8a,7119.868693053,7120.140321708,7120.371992464,0.2716286549994038,0.2316707560003124,0.5032994109997162,908,780,True,True,0,2,0,0,True,0.1419941979993382,0.12951938300011534,0.0,0.0,0.0001150739999502548,False,
diag00_a1_s23_llama1b_kv3072_cap12-07_long_burst_guard_fast,llama1b,3072,12,23,long,burst,guard_fast,11,cmpl-diag00_a1_s23_llama1b_kv3072_cap12-07_long_burst_guard_fast-r11-0-9273ab8a,7120.527737901,7120.790149528,7121.035208243,0.2624116269998922,0.24505871499968634,0.5074703419995785,912,784,True,True,0,2,0,0,True,0.13117914499980543,0.13111628600017866,0.0,0.0,0.00011619599990808638,False,
diag00_a1_s23_llama1b_kv3072_cap12-07_long_burst_guard_fast,llama1b,3072,12,23,long,burst,guard_fast,11,cmpl-diag00_a1_s23_llama1b_kv3072_cap12-07_long_burst_guard_fast-r11-0-9273ab8a,7121.184459087,7121.45539833,7121.694818127,0.2709392430006119,0.2394197969997549,0.5103590400003668,916,788,True,True,0,2,0,0,True,0.1289778660002412,0.1418573170003583,0.0,0.0,0.0001040600000123959,False,
diag00_a1_s23_llama1b_kv3072_cap12-07_long_burst_guard_fast,llama1b,3072,12,23,long,burst,guard_fast,11,cmpl-diag00_a1_s23_llama1b_kv3072_cap12-07_long_burst_guard_fast-r11-0-9273ab8a,7121.83830519,7122.111735858,7122.364509553,0.27343066800040106,0.2527736949996324,0.5262043630000335,920,792,True,True,0,2,0,0,True,0.14141751700026362,0.13189582899940433,0.0,0.0,0.00011732200073311105,False,
diag00_a1_s23_llama1b_kv3072_cap12-07_long_burst_guard_fast,llama1b,3072,12,23,long,burst,guard_fast,11,cmpl-diag00_a1_s23_llama1b_kv3072_cap12-07_long_burst_guard_fast-r11-0-9273ab8a,7122.532731106,7122.797514469,7123.064997914,0.2647833629998786,0.26748344499992527,0.5322668079998039,924,796,True,True,0,2,0,0,True,0.13191324699982943,0.13267914700008987,0.0,0.0,0.00019096899995929562,False,
diag00_a1_s23_llama1b_kv3072_cap12-07_long_burst_guard_fast,llama1b,3072,12,23,long,burst,guard_fast,11,cmpl-diag00_a1_s23_llama1b_kv3072_cap12-07_long_burst_guard_fast-r11-0-9273ab8a,7123.210283421,7123.501594952,7123.75794635,0.29131153100024676,0.2563513979994241,0.5476629289996708,928,800,True,True,0,2,0,0,True,0.13063914499980456,0.160409793999861,0.0,0.0,0.0002625920005812077,False,
diag00_a1_s23_llama1b_kv3072_cap12-07_long_burst_guard_fast,llama1b,3072,12,23,long,burst,guard_fast,11,cmpl-diag00_a1_s23_llama1b_kv3072_cap12-07_long_burst_guard_fast-r11-0-9273ab8a,7123.915029801,7124.199160557,7124.44481817,0.2841307560001951,0.24565761299982114,0.5297883690000162,932,804,True,True,0,2,0,0,True,0.15590311699997983,0.12811539199992694,0.0,0.0,0.00011224700028833468,False,
diag00_a1_s23_llama1b_kv3072_cap12-07_long_burst_guard_fast,llama1b,3072,12,23,long,burst,guard_fast,11,cmpl-diag00_a1_s23_llama1b_kv3072_cap12-07_long_burst_guard_fast-r11-0-9273ab8a,7124.610247834,7124.877544039,7125.125567935,0.2672962050000933,0.2480238959997223,0.5153201009998156,936,808,True,True,0,2,0,0,True,0.1372137730004397,0.12999681199926272,0.0,0.0,8.5620000390918e-05,False,
diag00_a1_s23_llama1b_kv3072_cap12-07_long_burst_guard_fast,llama1b,3072,12,23,long,burst,guard_fast,11,cmpl-diag00_a1_s23_llama1b_kv3072_cap12-07_long_burst_guard_fast-r11-0-9273ab8a,7125.28647623,7125.585846978,7125.847684887,0.2993707480000012,0.26183790899995074,0.5612086569999519,940,812,True,True,0,2,0,0,True,0.14195100300003105,0.1572988890002307,0.0,0.0,0.00012085599973943317,False,
diag00_a1_s23_llama1b_kv3072_cap12-07_long_burst_guard_fast,llama1b,3072,12,23,long,burst,guard_fast,11,cmpl-diag00_a1_s23_llama1b_kv3072_cap12-07_long_burst_guard_fast-r11-0-9273ab8a,7126.005221531,7126.303304204,7126.568321997,0.2980826729999535,0.26501779299996997,0.5631004659999235,944,816,True,True,0,2,0,0,True,0.15583944500031066,0.1420577589997265,0.0,0.0,0.00018546899991633836,False,
diag00_a1_s23_llama1b_kv3072_cap12-07_long_burst_guard_fast,llama1b,3072,12,23,long,burst,guard_fast,11,cmpl-diag00_a1_s23_llama1b_kv3072_cap12-07_long_burst_guard_fast-r11-0-9273ab8a,7126.737383497,7127.016572096,7127.270136981,0.27918859900000825,0.25356488499983243,0.5327534839998407,948,820,True,True,0,2,0,0,True,0.14759567599958245,0.1314654320003683,0.0,0.0,0.00012749100005748915,False,
diag00_a1_s23_llama1b_kv3072_cap12-07_long_burst_guard_fast,llama1b,3072,12,23,long,burst,guard_fast,11,cmpl-diag00_a1_s23_llama1b_kv3072_cap12-07_long_burst_guard_fast-r11-0-9273ab8a,7127.417212072,7127.692705636,7127.926449584,0.27549356399958924,0.23374394799975562,0.5092375119993449,952,824,True,True,0,2,0,0,True,0.13122991799991723,0.14411292799923103,0.0,0.0,0.00015071800044097472,False,
diag00_a1_s23_llama1b_kv3072_cap12-07_long_burst_guard_fast,llama1b,3072,12,23,long,burst,guard_fast,11,cmpl-diag00_a1_s23_llama1b_kv3072_cap12-07_long_burst_guard_fast-r11-0-9273ab8a,7128.071596911,7128.365388358,7128.629155984,0.29379144700033066,0.26376762600011716,0.5575590730004478,956,828,True,True,0,2,0,0,True,0.14427132299988443,0.1493348980002338,0.0,0.0,0.00018522600021242397,False,
diag00_a1_s23_llama1b_kv3072_cap12-07_long_burst_guard_fast,llama1b,3072,12,23,long,burst,guard_fast,11,cmpl-diag00_a1_s23_llama1b_kv3072_cap12-07_long_burst_guard_fast-r11-0-9273ab8a,7128.787064713,7129.081996666,7129.33561972,0.294931952999832,0.2536230539999451,0.5485550069997771,960,832,True,True,0,2,0,0,True,0.14869957500013697,0.1460980189995098,0.0,0.0,0.00013435900018521352,False,
diag00_a1_s23_llama1b_kv3072_cap12-07_long_burst_guard_fast,llama1b,3072,12,23,long,burst,guard_fast,11,cmpl-diag00_a1_s23_llama1b_kv3072_cap12-07_long_burst_guard_fast-r11-0-9273ab8a,7129.500249312,7129.780871982,7130.037541049,0.28062266999950225,0.2566690670000753,0.5372917369995776,964,836,True,True,0,2,0,0,True,0.13638634200015076,0.1441433429999961,0.0,0.0,9.298499935539439e-05,False,
diag00_a1_s23_llama1b_kv3072_cap12-07_long_burst_guard_fast,llama1b,3072,12,23,long,burst,guard_fast,11,cmpl-diag00_a1_s23_llama1b_kv3072_cap12-07_long_burst_guard_fast-r11-0-9273ab8a,7130.185131022,7130.474488042,7130.731437966,0.28935702000035235,0.25694992399985495,0.5463069440002073,968,840,True,True,0,2,0,0,True,0.14503435999995418,0.14421000899983483,0.0,0.0,0.00011265100056334632,False,
diag00_a1_s23_llama1b_kv3072_cap12-07_long_burst_guard_fast,llama1b,3072,12,23,long,burst,guard_fast,11,cmpl-diag00_a1_s23_llama1b_kv3072_cap12-07_long_burst_guard_fast-r11-0-9273ab8a,7130.903325615,7131.198404214,7131.459763649,0.29507859900058975,0.2613594349995765,0.5564380340001662,972,844,True,True,0,2,0,0,True,0.15637386100024742,0.1385984879998432,0.0,0.0,0.00010625000049913069,False,
diag00_a1_s23_llama1b_kv3072_cap12-07_long_burst_guard_fast,llama1b,3072,12,23,long,burst,guard_fast,11,cmpl-diag00_a1_s23_llama1b_kv3072_cap12-07_long_burst_guard_fast-r11-0-9273ab8a,7131.63058394,7131.920635798,7132.180928673,0.2900518579999698,0.260292875000232,0.5503447330002018,976,848,True,True,0,2,0,0,True,0.13708016500004305,0.15284765799970046,0.0,0.0,0.00012403500022628577,False,
diag00_a1_s23_llama1b_kv3072_cap12-07_long_burst_guard_fast,llama1b,3072,12,23,long,burst,guard_fast,11,cmpl-diag00_a1_s23_llama1b_kv3072_cap12-07_long_burst_guard_fast-r11-0-9273ab8a,7132.3334209,7132.647694474,7132.900035794,0.3142735739993441,0.25234132000059617,0.5666148939999403,980,852,True,True,0,2,0,0,True,0.15967641599945637,0.15447218600002088,0.0,0.0,0.00012497199986682972,False,
diag00_a1_s23_llama1b_kv3072_cap12-07_long_burst_guard_fast,llama1b,3072,12,23,long,burst,guard_fast,11,cmpl-diag00_a1_s23_llama1b_kv3072_cap12-07_long_burst_guard_fast-r11-0-9273ab8a,7133.071265534,7133.357174374,7133.638262755,0.28590884000004735,0.2810883809997904,0.5669972209998377,984,856,True,True,0,2,0,0,True,0.14838963999955013,0.1373929589999534,0.0,0.0,0.00012624100054381415,False,
diag00_a1_s23_llama1b_kv3072_cap12-07_long_burst_guard_fast,llama1b,3072,12,23,long,burst,guard_fast,11,cmpl-diag00_a1_s23_llama1b_kv3072_cap12-07_long_burst_guard_fast-r11-0-9273ab8a,7133.813634614,7134.086599732,7134.340267752,0.2729651179997745,0.2536680200000774,0.5266331379998519,988,860,True,True,0,2,0,0,True,0.12786026600042533,0.14498081799956708,0.0,0.0,0.00012403399978211382,False,
diag00_a1_s23_llama1b_kv3072_cap12-07_long_burst_guard_fast,llama1b,3072,12,23,long,burst,guard_fast,11,cmpl-diag00_a1_s23_llama1b_kv3072_cap12-07_long_burst_guard_fast-r11-0-9273ab8a,7134.486887926,7134.771009304,7135.011381298,0.2841213779993268,0.2403719940002702,0.524493371999597,992,864,True,True,0,2,0,0,True,0.1427767879995372,0.14125327600049786,0.0,0.0,9.131399929174222e-05,False,
diag00_a1_s23_llama1b_kv3072_cap12-07_long_burst_guard_fast,llama1b,3072,12,23,long,burst,guard_fast,11,cmpl-diag00_a1_s23_llama1b_kv3072_cap12-07_long_burst_guard_fast-r11-0-9273ab8a,7135.167974724,7135.44681315,7135.698270628,0.27883842600022035,0.2514574779997929,0.5302959040000133,996,868,True,True,0,2,0,0,True,0.1423125630008144,0.1363984370000253,0.0,0.0,0.00012742599938064814,False,
diag00_a1_s23_llama1b_kv3072_cap12-07_long_burst_guard_fast,llama1b,3072,12,23,long,burst,guard_fast,11,cmpl-diag00_a1_s23_llama1b_kv3072_cap12-07_long_burst_guard_fast-r11-0-9273ab8a,7135.85065142,7136.129340473,7136.38060363,0.2786890530005621,0.25126315699981205,0.5299522100003742,1000,872,True,True,0,2,0,0,True,0.13418363199980377,0.14429518800079677,0.0,0.0,0.0002102329999615904,False,
diag00_a1_s23_llama1b_kv3072_cap12-07_long_burst_guard_fast,llama1b,3072,12,23,long,burst,guard_fast,11,cmpl-diag00_a1_s23_llama1b_kv3072_cap12-07_long_burst_guard_fast-r11-0-9273ab8a,7136.531069626,7136.814048724,7137.055364901,0.28297909799948684,0.24131617700004426,0.5242952749995311,1004,876,True,True,0,2,0,0,True,0.14164532399991003,0.14120322500002658,0.0,0.0,0.00013054899955022847,False,
diag00_a1_s23_llama1b_kv3072_cap12-07_long_burst_guard_fast,llama1b,3072,12,23,long,burst,guard_fast,11,cmpl-diag00_a1_s23_llama1b_kv3072_cap12-07_long_burst_guard_fast-r11-0-9273ab8a,7137.211594397,7137.489952719,7137.738161615,0.2783583219998036,0.24820889599959628,0.5265672179993999,1008,880,True,True,0,2,0,0,True,0.14328124900021066,0.13495830499959993,0.0,0.0,0.00011876799999299692,False,
diag00_a1_s23_llama1b_kv3072_cap12-07_long_burst_guard_fast,llama1b,3072,12,23,long,burst,guard_fast,11,cmpl-diag00_a1_s23_llama1b_kv3072_cap12-07_long_burst_guard_fast-r11-0-9273ab8a,7137.915564496,7138.192417736,7138.452724584,0.276853239999582,0.26030684800025483,0.5371600879998368,1012,884,True,True,0,2,0,0,True,0.13281303999974625,0.14387260700004845,0.0,0.0,0.0001675929997873027,False,
diag00_a1_s23_llama1b_kv3072_cap12-07_long_burst_guard_fast,llama1b,3072,12,23,long,burst,guard_fast,11,cmpl-diag00_a1_s23_llama1b_kv3072_cap12-07_long_burst_guard_fast-r11-0-9273ab8a,7138.613901368,7138.901677598,7139.140590597,0.28777622999950836,0.23891299899969454,0.5266892289992029,1016,888,True,True,0,2,0,0,True,0.14593378099925758,0.14172235400019417,0.0,0.0,0.00012009500005660811,False,
diag00_a1_s23_llama1b_kv3072_cap12-07_long_burst_guard_fast,llama1b,3072,12,23,long,burst,guard_fast,11,cmpl-diag00_a1_s23_llama1b_kv3072_cap12-07_long_burst_guard_fast-r11-0-9273ab8a,7139.315746797,7139.610355709,7139.866620257,0.29460891199960315,0.2562645480002175,0.5508734599998206,1020,892,True,True,0,2,0,0,True,0.1469481319991246,0.14752692800084333,0.0,0.0,0.0001338519996352261,False,
diag00_a1_s23_llama1b_kv3072_cap12-07_long_burst_guard_fast,llama1b,3072,12,23,long,burst,guard_fast,11,cmpl-diag00_a1_s23_llama1b_kv3072_cap12-07_long_burst_guard_fast-r11-0-9273ab8a,7140.025894665,7140.336512555,7140.603436533,0.3106178899997758,0.26692397799979517,0.577541867999571,1024,896,True,True,0,2,0,0,True,0.1437192289995437,0.16677261499989982,0.0,0.0,0.00012604600033228053,False,
diag00_a1_s23_llama1b_kv3072_cap12-07_long_burst_guard_fast,llama1b,3072,12,23,long,burst,guard_fast,11,cmpl-diag00_a1_s23_llama1b_kv3072_cap12-07_long_burst_guard_fast-r11-0-9273ab8a,7140.761761905,7141.053704363,7141.319783372,0.2919424580004488,0.2660790089994407,0.5580214669998895,1028,900,True,True,0,2,0,0,True,0.1466109270004381,0.1452032170000166,0.0,0.0,0.00012831399999413406,False,
diag00_a1_s23_llama1b_kv3072_cap12-07_long_burst_guard_fast,llama1b,3072,12,23,long,burst,guard_fast,11,cmpl-diag00_a1_s23_llama1b_kv3072_cap12-07_long_burst_guard_fast-r11-0-9273ab8a,7141.481791302,7141.771406569,7142.04058613,0.2896152670000447,0.2691795609998735,0.5587948279999182,1032,904,True,True,0,2,0,0,True,0.1460441039998841,0.14341706900086137,0.0,0.0,0.00015409399929922074,False,
diag00_a1_s23_llama1b_kv3072_cap12-07_long_burst_guard_fast,llama1b,3072,12,23,long,burst,guard_fast,11,cmpl-diag00_a1_s23_llama1b_kv3072_cap12-07_long_burst_guard_fast-r11-0-9273ab8a,7142.201925448,7142.492803561,7142.757090772,0.29087811299996247,0.26428721100000985,0.5551653239999723,1036,908,True,True,0,2,0,0,True,0.14149636699949042,0.14926305400058482,0.0,0.0,0.00011869199988723267,False,
diag00_a1_s23_llama1b_kv3072_cap12-07_long_burst_guard_fast,llama1b,3072,12,23,long,burst,guard_fast,11,cmpl-diag00_a1_s23_llama1b_kv3072_cap12-07_long_burst_guard_fast-r11-0-9273ab8a,7142.915338782,7143.230993836,7143.490438346,0.31565505400067195,0.2594445099994118,0.5750995640000838,1040,912,True,True,0,2,0,0,True,0.16467798500070785,0.15085989399995015,0.0,0.0,0.0001171750000139582,False,
diag00_a1_s23_llama1b_kv3072_cap12-07_long_burst_guard_fast,llama1b,3072,12,23,long,burst,guard_fast,11,cmpl-diag00_a1_s23_llama1b_kv3072_cap12-07_long_burst_guard_fast-r11-0-9273ab8a,7143.650410442,7143.953512833,7144.217594226,0.3031023909998112,0.26408139300019684,0.567183784000008,1044,916,True,True,0,2,0,0,True,0.15459946499959187,0.14840195800024958,0.0,0.0,0.0001009679999697255,False,
diag00_a1_s23_llama1b_kv3072_cap12-07_long_burst_guard_fast,llama1b,3072,12,23,long,burst,guard_fast,11,cmpl-diag00_a1_s23_llama1b_kv3072_cap12-07_long_burst_guard_fast-r11-0-9273ab8a,7144.374156,7144.673203387,7144.955845042,0.299047387000428,0.2826416549996793,0.5816890420001073,1048,920,True,True,0,2,0,0,True,0.14080357700004242,0.1581180109997149,0.0,0.0,0.00012579900067066774,False,
diag00_a1_s23_llama1b_kv3072_cap12-07_long_burst_guard_fast,llama1b,3072,12,23,long,burst,guard_fast,11,cmpl-diag00_a1_s23_llama1b_kv3072_cap12-07_long_burst_guard_fast-r11-0-9273ab8a,7145.12861762,7145.434620147,7145.718089621,0.3060025269996913,0.28346947400041245,0.5894720010001038,1052,924,True,True,1,2,0,0,True,0.16469598699950438,0.14118979000068066,0.0,0.0,0.00011674999950628262,False,
diag00_a1_s23_llama1b_kv3072_cap12-07_long_burst_guard_fast,llama1b,3072,12,23,long,burst,guard_fast,11,cmpl-diag00_a1_s23_llama1b_kv3072_cap12-07_long_burst_guard_fast-r11-0-9273ab8a,7145.717483187,7146.017980726,7146.277731652,0.3004975390003892,0.2597509259994695,0.5602484649998587,1054,926,True,True,0,2,0,0,True,0.15560269200068433,0.14477890899979684,0.0,0.0,0.00011593799990805564,False,
diag00_a1_s23_llama1b_kv3072_cap12-07_long_burst_guard_fast,llama1b,3072,12,23,long,burst,guard_fast,11,cmpl-diag00_a1_s23_llama1b_kv3072_cap12-07_long_burst_guard_fast-r11-0-9273ab8a,7146.446624961,7146.733260284,7147.006671039,0.28663532299924555,0.273410755000441,0.5600460779996865,1058,930,True,True,0,2,0,0,True,0.14447414099959133,0.1420688030002566,0.0,0.0,9.237899939762428e-05,False,
diag00_a1_s23_llama1b_kv3072_cap12-07_long_burst_guard_fast,llama1b,3072,12,23,long,burst,guard_fast,11,cmpl-diag00_a1_s23_llama1b_kv3072_cap12-07_long_burst_guard_fast-r11-0-9273ab8a,7147.162051829,7147.459360444,7147.723192561,0.2973086149995652,0.26383211700067477,0.56114073200024,1062,934,True,True,0,2,0,0,True,0.14270496700009971,0.15445239600012428,0.0,0.0,0.00015125199934118427,False,
diag00_a1_s23_llama1b_kv3072_cap12-07_long_burst_guard_fast,llama1b,3072,12,23,long,burst,guard_fast,11,cmpl-diag00_a1_s23_llama1b_kv3072_cap12-07_long_burst_guard_fast-r11-0-9273ab8a,7147.877531782,7148.199325685,7148.469458827,0.3217939030000707,0.27013314200030436,0.5919270450003751,1066,938,True,True,0,2,0,0,True,0.16436666299978242,0.157293442000082,0.0,0.0,0.00013379800020629773,False,
diag00_a1_s23_llama1b_kv3072_cap12-07_long_burst_guard_fast,llama1b,3072,12,23,long,burst,guard_fast,11,cmpl-diag00_a1_s23_llama1b_kv3072_cap12-07_long_burst_guard_fast-r11-0-9273ab8a,7148.644892412,7148.936183491,7149.238483075,0.2912910789991656,0.30229958400013857,0.5935906629993042,1070,942,True,True,1,2,0,0,True,0.14492504599911626,0.1461449000007633,0.0,0.0,0.00022113299928605556,False,
diag00_a1_s23_llama1b_kv3072_cap12-07_long_burst_guard_fast,llama1b,3072,12,23,long,burst,guard_fast,11,cmpl-diag00_a1_s23_llama1b_kv3072_cap12-07_long_burst_guard_fast-r11-0-9273ab8a,7149.237615259,7149.534393791,7149.819092152,0.2967785319997347,0.2846983609997551,0.5814768929994898,1072,944,True,True,1,2,0,0,True,0.15187300199977471,0.1447846410001148,0.0,0.0,0.0001208889998451923,False,
diag00_a1_s23_llama1b_kv3072_cap12-07_long_burst_guard_fast,llama1b,3072,12,23,long,burst,guard_fast,11,cmpl-diag00_a1_s23_llama1b_kv3072_cap12-07_long_burst_guard_fast-r11-0-9273ab8a,7149.818403989,7150.122189031,7150.411998394,0.30378504199961753,0.28980936300013127,0.5935944049997488,1074,946,True,True,0,2,0,0,True,0.15493944999980158,0.14870427700043365,0.0,0.0,0.00014131499938230263,False,
diag00_a1_s23_llama1b_kv3072_cap12-07_long_burst_guard_fast,llama1b,3072,12,23,long,burst,guard_fast,11,cmpl-diag00_a1_s23_llama1b_kv3072_cap12-07_long_burst_guard_fast-r11-0-9273ab8a,7150.585531003,7150.922533251,7151.215597838,0.3370022479994077,0.29306458700011717,0.6300668349995249,1078,950,True,True,1,2,0,0,True,0.16186829199978092,0.1748874260001685,0.0,0.0,0.00024652999945828924,False,
diag00_a1_s23_llama1b_kv3072_cap12-07_long_burst_guard_fast,llama1b,3072,12,23,long,burst,guard_fast,11,cmpl-diag00_a1_s23_llama1b_kv3072_cap12-07_long_burst_guard_fast-r11-0-9273ab8a,7151.214626767,7151.522847417,7151.789275242,0.30822065000029397,0.26642782500039175,0.5746484750006857,1080,952,True,True,0,2,0,0,True,0.15025791400057642,0.15779617099997267,0.0,0.0,0.00016656499974487815,False,
diag00_a1_s23_llama1b_kv3072_cap12-07_long_burst_guard_fast,llama1b,3072,12,23,long,burst,guard_fast,11,cmpl-diag00_a1_s23_llama1b_kv3072_cap12-07_long_burst_guard_fast-r11-0-9273ab8a,7151.943821952,7152.245495888,7152.506351088,0.3016739360000429,0.26085520000015094,0.5625291360001938,1084,956,True,True,0,2,0,0,True,0.15428403799978696,0.14726524600064295,0.0,0.0,0.00012465199961297913,False,
diag00_a1_s23_llama1b_kv3072_cap12-07_long_burst_guard_fast,llama1b,3072,12,23,long,burst,guard_fast,11,cmpl-diag00_a1_s23_llama1b_kv3072_cap12-07_long_burst_guard_fast-r11-0-9273ab8a,7152.675232083,7152.958659613,7153.236993763,0.28342753000015364,0.27833414999986417,0.5617616800000178,1088,960,True,True,0,2,0,0,True,0.14375389099950553,0.1395508420000624,0.0,0.0,0.00012279700058570597,False,
diag00_a1_s23_llama1b_kv3072_cap12-07_long_burst_guard_fast,llama1b,3072,12,23,long,burst,guard_fast,11,cmpl-diag00_a1_s23_llama1b_kv3072_cap12-07_long_burst_guard_fast-r11-0-9273ab8a,7153.394866456,7153.692361723,7153.953845178,0.2974952670001585,0.26148345499950665,0.5589787219996651,1092,964,True,True,0,2,0,0,True,0.14029938800013042,0.15705867799988482,0.0,0.0,0.00013720100014324998,False,
diag00_a1_s23_llama1b_kv3072_cap12-07_long_burst_guard_fast,llama1b,3072,12,23,long,burst,guard_fast,11,cmpl-diag00_a1_s23_llama1b_kv3072_cap12-07_long_burst_guard_fast-r11-0-9273ab8a,7154.110455619,7154.41226755,7154.673024728,0.3018119309999747,0.2607571779999489,0.5625691089999236,1096,968,True,True,0,2,0,0,True,0.15814815299927432,0.14350319700042746,0.0,0.0,0.0001605810002729413,False,
diag00_a1_s23_llama1b_kv3072_cap12-07_long_burst_guard_fast,llama1b,3072,12,23,long,burst,guard_fast,11,cmpl-diag00_a1_s23_llama1b_kv3072_cap12-07_long_burst_guard_fast-r11-0-9273ab8a,7154.842835727,7155.130156427,7155.404748124,0.2873206999993272,0.2745916970006874,0.5619123970000146,1100,972,True,True,0,2,0,0,True,0.14238201599982858,0.14483547199961322,0.0,0.0,0.00010321199988538865,False,
diag00_a1_s23_llama1b_kv3072_cap12-07_long_burst_guard_fast,llama1b,3072,12,23,long,burst,guard_fast,11,cmpl-diag00_a1_s23_llama1b_kv3072_cap12-07_long_burst_guard_fast-r11-0-9273ab8a,7155.563447078,7155.859750012,7156.126323143,0.2963029340007779,0.26657313099985913,0.562876065000637,1104,976,True,True,0,2,0,0,True,0.14162438900075358,0.15459283599921037,0.0,0.0,8.570900081394939e-05,False,
diag00_a1_s23_llama1b_kv3072_cap12-07_long_burst_guard_fast,llama1b,3072,12,23,long,burst,guard_fast,11,cmpl-diag00_a1_s23_llama1b_kv3072_cap12-07_long_burst_guard_fast-r11-0-9273ab8a,7156.279707186,7156.579917288,7156.841840213,0.30021010199925513,0.26192292500036274,0.5621330269996179,1108,980,True,True,0,2,0,0,True,0.15566977899925405,0.1443662410001707,0.0,0.0,0.00017408199983037775,False,
diag00_a1_s23_llama1b_kv3072_cap12-07_long_burst_guard_fast,llama1b,3072,12,23,long,burst,guard_fast,11,cmpl-diag00_a1_s23_llama1b_kv3072_cap12-07_long_burst_guard_fast-r11-0-9273ab8a,7157.015967554,7157.301830116,7157.58015016,0.2858625620001476,0.27832004399988364,0.5641826060000312,1112,984,True,True,0,2,0,0,True,0.1414952679997441,0.1442216860004919,0.0,0.0,0.00014560799991159001,False,
diag00_a1_s23_llama1b_kv3072_cap12-07_long_burst_guard_fast,llama1b,3072,12,23,long,burst,guard_fast,11,cmpl-diag00_a1_s23_llama1b_kv3072_cap12-07_long_burst_guard_fast-r11-0-9273ab8a,7157.737617273,7158.033409443,7158.323548063,0.2957921699999133,0.29013862000010704,0.5859307900000204,1116,988,True,True,1,2,0,0,True,0.14118915800008836,0.15448314199966262,0.0,0.0,0.00011987000016233651,False,
diag00_a1_s23_llama1b_kv3072_cap12-07_long_burst_guard_fast,llama1b,3072,12,23,long,burst,guard_fast,11,cmpl-diag00_a1_s23_llama1b_kv3072_cap12-07_long_burst_guard_fast-r11-0-9273ab8a,7158.322760712,7158.634929025,7158.900783933,0.3121683130002566,0.2658549079997101,0.5780232209999667,1118,990,True,True,0,2,0,0,True,0.1545624990003489,0.15748481700029515,0.0,0.0,0.00012099699961254373,False,
diag00_a1_s23_llama1b_kv3072_cap12-07_long_burst_guard_fast,llama1b,3072,12,23,long,burst,guard_fast,11,cmpl-diag00_a1_s23_llama1b_kv3072_cap12-07_long_burst_guard_fast-r11-0-9273ab8a,7159.056805148,7159.358486627,7159.623544014,0.3016814789998534,0.2650573869996151,0.5667388659994685,1122,994,True,True,0,2,0,0,True,0.1591934059997584,0.14237633099946834,0.0,0.0,0.00011174200062669115,False,
diag00_a1_s23_llama1b_kv3072_cap12-07_long_burst_guard_fast,llama1b,3072,12,23,long,burst,guard_fast,11,cmpl-diag00_a1_s23_llama1b_kv3072_cap12-07_long_burst_guard_fast-r11-0-9273ab8a,7159.792802913,7160.089443603,7160.385502878,0.29664069000045856,0.2960592749996067,0.5926999650000653,1126,998,True,True,0,2,0,0,True,0.14442974800022057,0.15193311199982418,0.0,0.0,0.00027783000041381456,False,
diag00_a1_s23_llama1b_kv3072_cap12-07_long_burst_guard_fast,llama1b,3072,12,23,long,burst,guard_fast,11,cmpl-diag00_a1_s23_llama1b_kv3072_cap12-07_long_burst_guard_fast-r11-0-9273ab8a,7160.547968458,7160.870252416,7161.139598974,0.3222839580002983,0.2693465580005068,0.5916305160008051,1130,1002,True,True,0,2,0,0,True,0.1511986560008154,0.17095774199970037,0.0,0.0,0.00012755999978253385,False,
diag00_a1_s23_llama1b_kv3072_cap12-07_long_burst_guard_fast,llama1b,3072,12,23,long,burst,guard_fast,11,cmpl-diag00_a1_s23_llama1b_kv3072_cap12-07_long_burst_guard_fast-r11-0-9273ab8a,7161.296274508,7161.599282598,7161.860639493,0.3030080899998211,0.26135689500006265,0.5643649849998837,1134,1006,True,True,0,2,0,0,True,0.15635362099965278,0.1465617989997554,0.0,0.0,9.267000041290885e-05,False,
diag00_a1_s23_llama1b_kv3072_cap12-07_long_burst_guard_fast,llama1b,3072,12,23,long,burst,guard_fast,11,cmpl-diag00_a1_s23_llama1b_kv3072_cap12-07_long_burst_guard_fast-r11-0-9273ab8a,7162.030003962,7162.3178441,7162.595994069,0.2878401380003197,0.27814996899996913,0.5659901070002888,1138,1010,True,True,0,2,0,0,True,0.14421037000010983,0.1435220780003874,0.0,0.0,0.00010768999982246896,False,
diag00_a1_s23_llama1b_kv3072_cap12-07_long_burst_guard_fast,llama1b,3072,12,23,long,burst,guard_fast,11,cmpl-diag00_a1_s23_llama1b_kv3072_cap12-07_long_burst_guard_fast-r11-0-9273ab8a,7162.754554631,7163.056770113,7163.320980643,0.3022154820000651,0.2642105300001276,0.5664260120001927,1142,1014,True,True,0,2,0,0,True,0.1413000809998266,0.1607496650003668,0.0,0.0,0.00016573599987168564,False,
diag00_a1_s23_llama1b_kv3072_cap12-07_long_burst_guard_fast,llama1b,3072,12,23,long,burst,guard_fast,11,cmpl-diag00_a1_s23_llama1b_kv3072_cap12-07_long_burst_guard_fast-r11-0-9273ab8a,7163.479150125,7163.783543466,7164.048459482,0.30439334099992266,0.26491601599991554,0.5693093569998382,1146,1018,True,True,0,2,0,0,True,0.15812342000026547,0.14614391399936721,0.0,0.0,0.0001260070002899738,False,
diag00_a1_s23_llama1b_kv3072_cap12-07_long_burst_guard_fast,llama1b,3072,12,23,long,burst,guard_fast,11,cmpl-diag00_a1_s23_llama1b_kv3072_cap12-07_long_burst_guard_fast-r11-0-9273ab8a,7164.220016837,7164.506805105,7164.786811009,0.2867882680002367,0.2800059040000633,0.5667941720003,1150,1022,True,True,0,2,0,0,True,0.14240804099972593,0.14426491300037014,0.0,0.0,0.00011531400014064275,False,
diag00_a1_s23_llama1b_kv3072_cap12-07_long_burst_guard_fast,llama1b,3072,12,23,long,burst,guard_fast,11,cmpl-diag00_a1_s23_llama1b_kv3072_cap12-07_long_burst_guard_fast-r11-0-9273ab8a,7164.945134328,7165.246345195,7165.530651364,0.3012108670000089,0.2843061690000468,0.5855170360000557,1154,1026,True,True,1,2,0,0,True,0.1427689370002554,0.15831871800037334,0.0,0.0,0.00012321199938014615,False,
diag00_a1_s23_llama1b_kv3072_cap12-07_long_burst_guard_fast,llama1b,3072,12,23,long,burst,guard_fast,11,cmpl-diag00_a1_s23_llama1b_kv3072_cap12-07_long_burst_guard_fast-r11-0-9273ab8a,7165.530002898,7165.83055625,7166.112417005,0.3005533519999517,0.2818607549997978,0.5824141069997495,1156,1028,True,True,1,2,0,0,True,0.14337947700005316,0.15701966699998593,0.0,0.0,0.00015420799991261447,False,
diag00_a1_s23_llama1b_kv3072_cap12-07_long_burst_guard_fast,llama1b,3072,12,23,long,burst,guard_fast,11,cmpl-diag00_a1_s23_llama1b_kv3072_cap12-07_long_burst_guard_fast-r11-0-9273ab8a,7166.111769387,7166.415946968,7166.699456219,0.3041775809997489,0.28350925100039603,0.5876868320001449,1158,1030,True,True,1,2,0,0,True,0.1448039440001594,0.15924941999946896,0.0,0.0,0.00012421700012055226,False,
diag00_a1_s23_llama1b_kv3072_cap12-07_long_burst_guard_fast,llama1b,3072,12,23,long,burst,guard_fast,11,cmpl-diag00_a1_s23_llama1b_kv3072_cap12-07_long_burst_guard_fast-r11-0-9273ab8a,7166.698793879,7167.000894008,7167.285940718,0.30210012899988214,0.28504671000064263,0.5871468390005248,1160,1032,True,True,1,2,0,0,True,0.1451654869997583,0.15681083300023602,0.0,0.0,0.00012380899988784222,False,
diag00_a1_s23_llama1b_kv3072_cap12-07_long_burst_guard_fast,llama1b,3072,12,23,long,burst,guard_fast,11,cmpl-diag00_a1_s23_llama1b_kv3072_cap12-07_long_burst_guard_fast-r11-0-9273ab8a,7167.28533905,7167.589686073,7167.873188095,0.3043470229995364,0.2835020219999933,0.5878490449995297,1162,1034,True,True,1,2,0,0,True,0.14273125599993364,0.1614768079998612,0.0,0.0,0.00013895899974158965,False,
diag00_a1_s23_llama1b_kv3072_cap12-07_long_burst_guard_fast,llama1b,3072,12,23,long,burst,guard_fast,11,cmpl-diag00_a1_s23_llama1b_kv3072_cap12-07_long_burst_guard_fast-r11-0-9273ab8a,7167.872463132,7168.173706767,7168.459728741,0.3012436349999916,0.2860219739995955,0.5872656089995871,1164,1036,True,True,1,2,0,0,True,0.14442525100002968,0.15670116399996914,0.0,0.0,0.00011721999999281252,False,
diag00_a1_s23_llama1b_kv3072_cap12-07_long_burst_guard_fast,llama1b,3072,12,23,long,burst,guard_fast,11,cmpl-diag00_a1_s23_llama1b_kv3072_cap12-07_long_burst_guard_fast-r11-0-9273ab8a,7168.459025023,7168.761415549,7169.047387257,0.3023905259997264,0.2859717080000337,0.5883622339997601,1166,1038,True,True,1,2,0,0,True,0.14508165099960024,0.15720907600007195,0.0,0.0,9.97990000541904e-05,False,
diag00_a1_s23_llama1b_kv3072_cap12-07_long_burst_guard_fast,llama1b,3072,12,23,long,burst,guard_fast,11,cmpl-diag00_a1_s23_llama1b_kv3072_cap12-07_long_burst_guard_fast-r11-0-9273ab8a,7169.04659624,7169.349115151,7169.634288538,0.3025189109994244,0.28517338700021355,0.587692297999638,1168,1040,True,True,1,2,0,0,True,0.14196468999944045,0.16043698800058337,0.0,0.0,0.00011723299940058496,False,
diag00_a1_s23_llama1b_kv3072_cap12-07_long_burst_guard_fast,llama1b,3072,12,23,long,burst,guard_fast,11,cmpl-diag00_a1_s23_llama1b_kv3072_cap12-07_long_burst_guard_fast-r11-0-9273ab8a,7169.633589786,7169.936365523,7170.221675385,0.30277573700004723,0.2853098619998491,0.5880855989998963,1170,1042,True,True,1,2,0,0,True,0.14484058000016375,0.15746915099953185,0.0,0.0,0.0004660060003516264,False,
diag00_a1_s23_llama1b_kv3072_cap12-07_long_burst_guard_fast,llama1b,3072,12,23,long,burst,guard_fast,11,cmpl-diag00_a1_s23_llama1b_kv3072_cap12-07_long_burst_guard_fast-r11-0-9273ab8a,7170.220889474,7170.525620112,7170.81004239,0.3047306380003647,0.2844222779995107,0.5891529159998754,1172,1044,True,True,1,2,0,0,True,0.14603824599998916,0.1585664780004663,0.0,0.0,0.000125913999909244,False,
diag00_a1_s23_llama1b_kv3072_cap12-07_long_burst_guard_fast,llama1b,3072,12,23,long,burst,guard_fast,11,cmpl-diag00_a1_s23_llama1b_kv3072_cap12-07_long_burst_guard_fast-r11-0-9273ab8a,7170.8093691,7171.110249864,7171.397525454,0.30088076399988495,0.2872755899998083,0.5881563539996932,1174,1046,True,True,1,2,0,0,True,0.1447773439995217,0.1559752960001788,0.0,0.0,0.0001281240001844708,False,
diag00_a1_s23_llama1b_kv3072_cap12-07_long_burst_guard_fast,llama1b,3072,12,23,long,burst,guard_fast,11,cmpl-diag00_a1_s23_llama1b_kv3072_cap12-07_long_burst_guard_fast-r11-0-9273ab8a,7171.396523305,7171.701959478,7171.985957916,0.3054361730000892,0.2839984379997986,0.5894346109998878,1176,1048,True,True,1,2,0,0,True,0.14690376599992305,0.1584192209993489,0.0,0.0,0.00011318600081722252,False,
diag00_a1_s23_llama1b_kv3072_cap12-07_long_burst_guard_fast,llama1b,3072,12,23,long,burst,guard_fast,11,cmpl-diag00_a1_s23_llama1b_kv3072_cap12-07_long_burst_guard_fast-r11-0-9273ab8a,7171.98521976,7172.288551665,7172.575476357,0.30333190500005003,0.28692469199995685,0.5902565970000069,1178,1050,True,True,1,2,0,0,True,0.1445415949992821,0.15867565000007744,0.0,0.0,0.00011466000069049187,False,
diag00_a1_s23_llama1b_kv3072_cap12-07_long_burst_guard_fast,llama1b,3072,12,23,long,burst,guard_fast,11,cmpl-diag00_a1_s23_llama1b_kv3072_cap12-07_long_burst_guard_fast-r11-0-9273ab8a,7172.574752143,7172.880110047,7173.163433917,0.3053579039997203,0.28332386999954906,0.5886817739992694,1180,1052,True,True,1,2,0,0,True,0.1451350689994797,0.1600460870004099,0.0,0.0,0.00017674799983069533,False,
diag00_a1_s23_llama1b_kv3072_cap12-07_long_burst_guard_fast,llama1b,3072,12,23,long,burst,guard_fast,11,cmpl-diag00_a1_s23_llama1b_kv3072_cap12-07_long_burst_guard_fast-r11-0-9273ab8a,7173.162823254,7173.469095566,7173.754263684,0.3062723120001465,0.2851681180000014,0.5914404300001479,1182,1054,True,True,1,2,0,0,True,0.1460537970006044,0.16009666099944297,0.0,0.0,0.00012185400009911973,False,
diag00_a1_s23_llama1b_kv3072_cap12-07_long_burst_guard_fast,llama1b,3072,12,23,long,burst,guard_fast,11,cmpl-diag00_a1_s23_llama1b_kv3072_cap12-07_long_burst_guard_fast-r11-0-9273ab8a,7173.753582869,7174.054109824,7174.346091891,0.3005269550003504,0.2919820669994806,0.592509021999831,1184,1056,True,True,1,2,0,0,True,0.1457863660007206,0.15463976399951207,0.0,0.0,0.00010082500011776574,False,
diag00_a1_s23_llama1b_kv3072_cap12-07_long_burst_guard_fast,llama1b,3072,12,23,long,burst,guard_fast,11,cmpl-diag00_a1_s23_llama1b_kv3072_cap12-07_long_burst_guard_fast-r11-0-9273ab8a,7174.345416538,7174.657256392,7174.945131701,0.3118398540000271,0.2878753089999009,0.599715162999928,1186,1058,True,True,1,2,0,0,True,0.1508222319998822,0.16089537400057452,0.0,0.0,0.00012224799957039068,False,
diag00_a1_s23_llama1b_kv3072_cap12-07_long_burst_guard_fast,llama1b,3072,12,23,long,burst,guard_fast,11,cmpl-diag00_a1_s23_llama1b_kv3072_cap12-07_long_burst_guard_fast-r11-0-9273ab8a,7174.943848546,7175.25379224,7175.541472496,0.30994369400013966,0.28768025600038527,0.5976239500005249,1188,1060,True,True,1,2,0,0,True,0.1501412480001818,0.1596944530001565,0.0,0.0,0.00010799299980135402,False,
diag00_a1_s23_llama1b_kv3072_cap12-07_long_burst_guard_fast,llama1b,3072,12,23,long,burst,guard_fast,11,cmpl-diag00_a1_s23_llama1b_kv3072_cap12-07_long_burst_guard_fast-r11-0-9273ab8a,7175.540824182,7175.855252398,7176.140876938,0.31442821600012394,0.2856245399998443,0.6000527559999682,1190,1062,True,True,1,2,0,0,True,0.15441433200066967,0.15986330499981705,0.0,0.0,0.00015057899963721866,False,
diag00_a1_s23_llama1b_kv3072_cap12-07_long_burst_guard_fast,llama1b,3072,12,23,long,burst,guard_fast,11,cmpl-diag00_a1_s23_llama1b_kv3072_cap12-07_long_burst_guard_fast-r11-0-9273ab8a,7176.139687745,7176.456059287,7176.745809692,0.31637154200052464,0.2897504049997224,0.606121947000247,1192,1064,True,True,1,2,0,0,True,0.15602000600028987,0.16022572400015633,0.0,0.0,0.00012581200007844018,False,
diag00_a1_s23_llama1b_kv3072_cap12-07_long_burst_guard_fast,llama1b,3072,12,23,long,burst,guard_fast,11,cmpl-diag00_a1_s23_llama1b_kv3072_cap12-07_long_burst_guard_fast-r11-0-9273ab8a,7176.745108313,7177.064737754,7177.35449243,0.31962944099996093,0.2897546760004843,0.6093841170004453,1194,1066,True,True,1,2,0,0,True,0.16049358600048436,0.15904038600001513,0.0,0.0,9.546899946144549e-05,False,
diag00_a1_s23_llama1b_kv3072_cap12-07_long_burst_guard_fast,llama1b,3072,12,23,long,burst,guard_fast,11,cmpl-diag00_a1_s23_llama1b_kv3072_cap12-07_long_burst_guard_fast-r11-0-9273ab8a,7177.353874324,7177.669672757,7177.957103428,0.3157984330000545,0.2874306710000383,0.6032291040000928,1196,1068,True,True,1,2,0,0,True,0.1575958740004353,0.15808475099947827,0.0,0.0,0.00011780800014093984,False,
diag00_a1_s23_llama1b_kv3072_cap12-07_long_burst_guard_fast,llama1b,3072,12,23,long,burst,guard_fast,11,cmpl-diag00_a1_s23_llama1b_kv3072_cap12-07_long_burst_guard_fast-r11-0-9273ab8a,7177.956440029,7178.2743972,7178.565233183,0.31795717099976173,0.2908359829998517,0.6087931539996134,1198,1070,True,True,1,2,0,0,True,0.15697901699968497,0.1608536029998504,0.0,0.0,0.00012455100022634724,False,
diag00_a1_s23_llama1b_kv3072_cap12-07_long_burst_guard_fast,llama1b,3072,12,23,long,burst,guard_fast,11,cmpl-diag00_a1_s23_llama1b_kv3072_cap12-07_long_burst_guard_fast-r11-0-9273ab8a,7178.564596828,7178.877849372,7179.164531846,0.3132525440005338,0.2866824739994627,0.5999350179999965,1200,1072,True,True,1,2,0,0,True,0.1561218060005558,0.15697028599970508,0.0,0.0,0.00016045200027292594,False,
diag00_a1_s23_llama1b_kv3072_cap12-07_long_burst_guard_fast,llama1b,3072,12,23,long,burst,guard_fast,11,cmpl-diag00_a1_s23_llama1b_kv3072_cap12-07_long_burst_guard_fast-r11-0-9273ab8a,7179.163842369,7179.479599852,7179.765928368,0.3157574830001977,0.28632851599923015,0.6020859989994278,1202,1074,True,True,1,2,0,0,True,0.15568966699993325,0.15997268599949166,0.0,0.0,9.513000077276956e-05,False,
diag00_a1_s23_llama1b_kv3072_cap12-07_long_burst_guard_fast,llama1b,3072,12,23,long,burst,guard_fast,11,cmpl-diag00_a1_s23_llama1b_kv3072_cap12-07_long_burst_guard_fast-r11-0-9273ab8a,7179.765215314,7180.078641099,7180.367014397,0.3134257850006179,0.28837329799989675,0.6017990830005147,1204,1076,True,True,1,2,0,0,True,0.15522667599998385,0.1580741890002173,0.0,0.0,0.00012492000041675055,False,
diag00_a1_s23_llama1b_kv3072_cap12-07_long_burst_guard_fast,llama1b,3072,12,23,long,burst,guard_fast,11,cmpl-diag00_a1_s23_llama1b_kv3072_cap12-07_long_burst_guard_fast-r11-0-9273ab8a,7180.365797013,7180.680847137,7180.968802906,0.31505012399975385,0.2879557690002912,0.603005893000045,1206,1078,True,True,1,2,0,0,True,0.1569653719998314,0.15798895800071477,0.0,0.0,9.579399920767173e-05,False,
diag00_a1_s23_llama1b_kv3072_cap12-07_long_burst_guard_fast,llama1b,3072,12,23,long,burst,guard_fast,11,cmpl-diag00_a1_s23_llama1b_kv3072_cap12-07_long_burst_guard_fast-r11-0-9273ab8a,7180.96819388,7181.295307495,7181.582266457,0.32711361499968916,0.28695896199951676,0.6140725769992059,1208,1080,True,True,1,2,0,0,True,0.1584685219995663,0.16852997099977074,0.0,0.0,0.00011512200035213027,False,
diag00_a1_s23_llama1b_kv3072_cap12-07_long_burst_guard_fast,llama1b,3072,12,23,long,burst,guard_fast,11,cmpl-diag00_a1_s23_llama1b_kv3072_cap12-07_long_burst_guard_fast-r11-0-9273ab8a,7181.581557552,7181.902990183,7182.192735912,0.3214326309998796,0.28974572900006024,0.6111783599999399,1210,1082,True,True,1,2,0,0,True,0.15498503900016658,0.16631943399988813,0.0,0.0,0.00012815799982490717,False,
diag00_a1_s23_llama1b_kv3072_cap12-07_long_burst_guard_fast,llama1b,3072,12,23,long,burst,guard_fast,11,cmpl-diag00_a1_s23_llama1b_kv3072_cap12-07_long_burst_guard_fast-r11-0-9273ab8a,7182.192066124,7182.516034236,7182.803691379,0.3239681120003297,0.2876571429997057,0.6116252550000354,1212,1084,True,True,1,2,0,0,True,0.15495803199974034,0.16887260200019227,0.0,0.0,0.00013747800039709546,False,
diag00_a1_s23_llama1b_kv3072_cap12-07_long_burst_guard_fast,llama1b,3072,12,23,long,burst,guard_fast,11,cmpl-diag00_a1_s23_llama1b_kv3072_cap12-07_long_burst_guard_fast-r11-0-9273ab8a,7182.802966305,7183.125940539,7183.415462651,0.3229742339999575,0.28952211199975864,0.6124963459997161,1214,1086,True,True,1,2,0,0,True,0.15384508599981928,0.16903236500002095,0.0,0.0,9.678300011728425e-05,False,
diag00_a1_s23_llama1b_kv3072_cap12-07_long_burst_guard_fast,llama1b,3072,12,23,long,burst,guard_fast,11,cmpl-diag00_a1_s23_llama1b_kv3072_cap12-07_long_burst_guard_fast-r11-0-9273ab8a,7183.414700682,7183.746036809,7184.038386385,0.3313361269993038,0.2923495760005608,0.6236857029998646,1216,1088,True,True,1,2,0,0,True,0.15905917300005967,0.17216752499916765,0.0,0.0,0.00010942900007648859,False,
diag00_a1_s23_llama1b_kv3072_cap12-07_long_burst_guard_fast,llama1b,3072,12,23,long,burst,guard_fast,11,cmpl-diag00_a1_s23_llama1b_kv3072_cap12-07_long_burst_guard_fast-r11-0-9273ab8a,7184.037443172,7184.361405825,7184.647461692,0.3239626529993984,0.2860558670008686,0.610018520000267,1218,1090,True,True,1,2,0,0,True,0.15501887899972644,0.16882338800041907,0.0,0.0,0.00012038599925290328,False,
diag00_a1_s23_llama1b_kv3072_cap12-07_long_burst_guard_fast,llama1b,3072,12,23,long,burst,guard_fast,11,cmpl-diag00_a1_s23_llama1b_kv3072_cap12-07_long_burst_guard_fast-r11-0-9273ab8a,7184.646843749,7184.972868149,7185.265580667,0.32602439999936905,0.29271251800037135,0.6187369179997404,1220,1092,True,True,1,2,0,0,True,0.15638548100014305,0.16951192599935894,0.0,0.0,0.00012699299986707047,False,
diag00_a1_s23_llama1b_kv3072_cap12-07_long_burst_guard_fast,llama1b,3072,12,23,long,burst,guard_fast,11,cmpl-diag00_a1_s23_llama1b_kv3072_cap12-07_long_burst_guard_fast-r11-0-9273ab8a,7185.265051089,7185.589176648,7185.875545243,0.32412555900009465,0.28636859499965794,0.6104941539997526,1222,1094,True,True,1,2,0,0,True,0.15464611500010506,0.169384865000211,0.0,0.0,9.457899977860507e-05,False,
diag00_a1_s23_llama1b_kv3072_cap12-07_long_burst_guard_fast,llama1b,3072,12,23,long,burst,guard_fast,11,cmpl-diag00_a1_s23_llama1b_kv3072_cap12-07_long_burst_guard_fast-r11-0-9273ab8a,7185.87486549,7186.203599352,7186.490220594,0.3287338620002629,0.2866212419994554,0.6153551039997183,1224,1096,True,True,1,2,0,0,True,0.15875650199996016,0.16984290999971563,0.0,0.0,0.0001344500005870941,False,
diag00_a1_s23_llama1b_kv3072_cap12-07_long_burst_guard_fast,llama1b,3072,12,23,long,burst,guard_fast,11,cmpl-diag00_a1_s23_llama1b_kv3072_cap12-07_long_burst_guard_fast-r11-0-9273ab8a,7186.489504924,7186.818406714,7187.115565335,0.32890178999969066,0.29715862099965307,0.6260604109993437,1226,1098,True,True,1,2,0,0,True,0.15931016400008957,0.16947135199916374,0.0,0.0,0.00012027400043734815,False,
diag00_a1_s23_llama1b_kv3072_cap12-07_long_burst_guard_fast,llama1b,3072,12,23,long,burst,guard_fast,11,cmpl-diag00_a1_s23_llama1b_kv3072_cap12-07_long_burst_guard_fast-r11-0-9273ab8a,7187.114858078,7187.441209952,7187.73006281,0.3263518739995561,0.28885285800060956,0.6152047320001657,1228,1100,True,True,1,2,0,0,True,0.1557583160001741,0.1704959159997088,0.0,0.0,9.764199967321474e-05,False,
diag00_a1_s23_llama1b_kv3072_cap12-07_long_burst_guard_fast,llama1b,3072,12,23,long,burst,guard_fast,11,cmpl-diag00_a1_s23_llama1b_kv3072_cap12-07_long_burst_guard_fast-r11-0-9273ab8a,7187.729430599,7188.06272145,7188.352865685,0.3332908510001289,0.29014423500029807,0.623435086000427,1230,1102,True,True,1,2,0,0,True,0.16139099300016824,0.17162790699967445,0.0,0.0,0.000271951000286208,False,
diag00_a1_s23_llama1b_kv3072_cap12-07_long_burst_guard_fast,llama1b,3072,12,23,long,burst,guard_fast,11,cmpl-diag00_a1_s23_llama1b_kv3072_cap12-07_long_burst_guard_fast-r11-0-9273ab8a,7188.352294662,7188.676376599,7188.976610101,0.32408193700030097,0.3002335020000828,0.6243154390003838,1232,1104,True,True,1,2,0,0,True,0.1555753700004061,0.1684071950003272,0.0,0.0,9.937199956766563e-05,False,
diag00_a1_s23_llama1b_kv3072_cap12-07_long_burst_guard_fast,llama1b,3072,12,23,long,burst,guard_fast,11,cmpl-diag00_a1_s23_llama1b_kv3072_cap12-07_long_burst_guard_fast-r11-0-9273ab8a,7188.975806961,7189.300374361,7189.606833465,0.3245673999999781,0.30645910400016874,0.6310265040001468,1234,1106,True,True,1,1,0,0,True,0.3243436060001841,0.0,0.0,0.0,0.0002237939997939975,False,
diag00_a1_s23_llama1b_kv3072_cap12-07_long_burst_guard_fast,llama1b,3072,12,23,long,burst,guard_fast,11,cmpl-diag00_a1_s23_llama1b_kv3072_cap12-07_long_burst_guard_fast-r11-0-9273ab8a,7189.606165282,7189.935963375,7190.242465389,0.32979809300013585,0.30650201400021615,0.636300107000352,1236,1108,True,True,1,1,0,0,True,0.32970688800014614,0.0,0.0,0.0,9.120499998971354e-05,False,
diag00_a1_s23_llama1b_kv3072_cap12-07_long_burst_guard_fast,llama1b,3072,12,23,long,burst,guard_fast,11,cmpl-diag00_a1_s23_llama1b_kv3072_cap12-07_long_burst_guard_fast-r11-0-9273ab8a,7190.241722649,7190.563129873,7190.874605495,0.32140722400072264,0.3114756219993069,0.6328828460000295,1238,1110,True,True,1,1,0,0,True,0.3213360290001219,0.0,0.0,0.0,7.119500060071005e-05,False,
diag00_a1_s23_llama1b_kv3072_cap12-07_long_burst_guard_fast,llama1b,3072,12,23,long,burst,guard_fast,11,cmpl-diag00_a1_s23_llama1b_kv3072_cap12-07_long_burst_guard_fast-r11-0-9273ab8a,7190.873970012,7191.20124781,7191.50439339,0.3272777979991588,0.3031455800000913,0.6304233779992501,1240,1112,True,True,1,1,0,0,True,0.3271725899994635,0.0,0.0,0.0,0.00010520799969526706,False,
diag00_a1_s23_llama1b_kv3072_cap12-07_long_burst_guard_fast,llama1b,3072,12,23,long,burst,guard_fast,11,cmpl-diag00_a1_s23_llama1b_kv3072_cap12-07_long_burst_guard_fast-r11-0-9273ab8a,7191.503659434,7191.829728097,7192.143531625,0.3260686630001146,0.3138035279998803,0.6398721909999949,1242,1114,True,True,1,1,0,0,True,0.32599451999976736,0.0,0.0,0.0,7.414300034724874e-05,False,
diag00_a1_s23_llama1b_kv3072_cap12-07_long_burst_guard_fast,llama1b,3072,12,23,long,burst,guard_fast,11,cmpl-diag00_a1_s23_llama1b_kv3072_cap12-07_long_burst_guard_fast-r11-0-9273ab8a,7192.142528955,7192.464694214,7192.772565785,0.32216525900003035,0.3078715709998505,0.6300368299998809,1244,1116,True,True,1,1,0,0,True,0.3220831150001686,0.0,0.0,0.0,8.214399986172793e-05,False,
diag00_a1_s23_llama1b_kv3072_cap12-07_long_burst_guard_fast,llama1b,3072,12,23,long,burst,guard_fast,11,cmpl-diag00_a1_s23_llama1b_kv3072_cap12-07_long_burst_guard_fast-r11-0-9273ab8a,7192.771787212,7193.098409609,7193.40555283,0.3266223969994826,0.30714322099993296,0.6337656179994156,1246,1118,True,True,1,1,0,0,True,0.3265622219996658,0.0,0.0,0.0,6.017499981680885e-05,False,
diag00_a1_s23_llama1b_kv3072_cap12-07_long_burst_guard_fast,llama1b,3072,12,23,long,burst,guard_fast,11,cmpl-diag00_a1_s23_llama1b_kv3072_cap12-07_long_burst_guard_fast-r11-0-9273ab8a,7193.404978725,7193.727507743,7194.037757349,0.3225290180007505,0.31024960599916085,0.6327786239999114,1248,1120,True,True,1,1,0,0,True,0.32245555900044565,0.0,0.0,0.0,7.345900030486519e-05,False,
diag00_a1_s23_llama1b_kv3072_cap12-07_long_burst_guard_fast,llama1b,3072,12,23,long,burst,guard_fast,11,cmpl-diag00_a1_s23_llama1b_kv3072_cap12-07_long_burst_guard_fast-r11-0-9273ab8a,7194.037135648,7194.363160401,7194.669395607,0.32602475299972866,0.3062352060005651,0.6322599590002937,1250,1122,True,True,1,1,0,0,True,0.32592822700007673,0.0,0.0,0.0,9.652599965193076e-05,False,
diag00_a1_s23_llama1b_kv3072_cap12-07_long_burst_guard_fast,llama1b,3072,12,23,long,burst,guard_fast,11,cmpl-diag00_a1_s23_llama1b_kv3072_cap12-07_long_burst_guard_fast-r11-0-9273ab8a,7194.668749081,7194.996531773,7195.299999298,0.32778269200025534,0.30346752500008733,0.6312502170003427,1252,1124,True,True,1,1,0,0,True,0.3277039659997172,0.0,0.0,0.0,7.872600053815404e-05,False,
diag00_a1_s23_llama1b_kv3072_cap12-07_long_burst_guard_fast,llama1b,3072,12,23,long,burst,guard_fast,11,cmpl-diag00_a1_s23_llama1b_kv3072_cap12-07_long_burst_guard_fast-r11-0-9273ab8a,7195.299443107,7195.637777082,7195.951715805,0.3383339749998413,0.31393872300031944,0.6522726980001607,1254,1126,True,True,1,1,0,0,True,0.33821843700025056,0.0,0.0,0.0,0.0001155379995907424,False,
diag00_a1_s23_llama1b_kv3072_cap12-07_long_burst_guard_fast,llama1b,3072,12,23,long,burst,guard_fast,11,cmpl-diag00_a1_s23_llama1b_kv3072_cap12-07_long_burst_guard_fast-r11-0-9273ab8a,7195.950887958,7196.286567599,7196.594651187,0.3356796409998424,0.308083588000045,0.6437632289998874,1256,1128,True,True,1,1,0,0,True,0.3356043049998334,0.0,0.0,0.0,7.533600000897422e-05,False,
diag00_a1_s23_llama1b_kv3072_cap12-07_long_burst_guard_fast,llama1b,3072,12,23,long,burst,guard_fast,11,cmpl-diag00_a1_s23_llama1b_kv3072_cap12-07_long_burst_guard_fast-r11-0-9273ab8a,7196.593999833,7196.935432809,7197.241397027,0.3414329759998509,0.30596421799964446,0.6473971939994954,1258,1130,True,True,1,1,0,0,True,0.34135794499979966,0.0,0.0,0.0,7.503100005123997e-05,False,
diag00_a1_s23_llama1b_kv3072_cap12-07_long_burst_guard_fast,llama1b,3072,12,23,long,burst,guard_fast,11,cmpl-diag00_a1_s23_llama1b_kv3072_cap12-07_long_burst_guard_fast-r11-0-9273ab8a,7197.240759994,7197.577905282,7197.892485619,0.3371452880001016,0.3145803369998248,0.6517256249999264,1260,1132,True,True,1,1,0,0,True,0.33706505999998626,0.0,0.0,0.0,8.022800011531217e-05,False,
diag00_a1_s23_llama1b_kv3072_cap12-07_long_burst_guard_fast,llama1b,3072,12,23,long,burst,guard_fast,11,cmpl-diag00_a1_s23_llama1b_kv3072_cap12-07_long_burst_guard_fast-r11-0-9273ab8a,7197.891862501,7198.233780846,7198.539179019,0.3419183449996126,0.30539817299995775,0.6473165179995704,1262,1134,True,True,1,1,0,0,True,0.34184443300000567,0.0,0.0,0.0,7.391199960693484e-05,False,
diag00_a1_s23_llama1b_kv3072_cap12-07_long_burst_guard_fast,llama1b,3072,12,23,long,burst,guard_fast,11,cmpl-diag00_a1_s23_llama1b_kv3072_cap12-07_long_burst_guard_fast-r11-0-9273ab8a,7198.538505671,7198.892373772,7199.206674707,0.35386810099953436,0.3143009350005741,0.6681690360001085,1264,1136,True,True,1,1,0,0,True,0.3538072849996752,0.0,0.0,0.0,6.0815999859187286e-05,False,
diag00_a1_s23_llama1b_kv3072_cap12-07_long_burst_guard_fast,llama1b,3072,12,23,long,burst,guard_fast,11,cmpl-diag00_a1_s23_llama1b_kv3072_cap12-07_long_burst_guard_fast-r11-0-9273ab8a,7199.205711547,7199.549885727,7199.86130403,0.3441741800006639,0.31141830299930007,0.655592482999964,1266,1138,True,True,1,1,0,0,True,0.3440980530003799,0.0,0.0,0.0,7.612700028403196e-05,False,
diag00_a1_s23_llama1b_kv3072_cap12-07_long_burst_guard_fast,llama1b,3072,12,23,long,burst,guard_fast,11,cmpl-diag00_a1_s23_llama1b_kv3072_cap12-07_long_burst_guard_fast-r11-0-9273ab8a,7199.860607643,7200.200030057,7200.510002054,0.33942241400018247,0.3099719970005026,0.6493944110006851,1268,1140,True,True,1,1,0,0,True,0.33935230400038563,0.0,0.0,0.0,7.01099997968413e-05,False,
diag00_a1_s23_llama1b_kv3072_cap12-07_long_burst_guard_fast,llama1b,3072,12,23,long,burst,guard_fast,11,cmpl-diag00_a1_s23_llama1b_kv3072_cap12-07_long_burst_guard_fast-r11-0-9273ab8a,7200.509392652,7200.849153401,7201.160551943,0.3397607489996517,0.311398542000461,0.6511592910001127,1270,1142,True,True,1,1,0,0,True,0.3396915559997069,0.0,0.0,0.0,6.919299994478934e-05,False,
diag00_a1_s23_llama1b_kv3072_cap12-07_long_burst_guard_fast,llama1b,3072,12,23,long,burst,guard_fast,11,cmpl-diag00_a1_s23_llama1b_kv3072_cap12-07_long_burst_guard_fast-r11-0-9273ab8a,7201.159423222,7201.507594955,7201.820324074,0.34817173299961723,0.3127291190003234,0.6609008519999406,1272,1144,True,True,1,1,0,0,True,0.3480524119995607,0.0,0.0,0.0,0.00011932100005651591,False,
diag00_a1_s23_llama1b_kv3072_cap12-07_long_burst_guard_fast,llama1b,3072,12,23,long,burst,guard_fast,11,cmpl-diag00_a1_s23_llama1b_kv3072_cap12-07_long_burst_guard_fast-r11-0-9273ab8a,7201.81958486,7202.159897912,7202.472040704,0.3403130520000559,0.3121427920004862,0.6524558440005421,1274,1146,True,True,1,1,0,0,True,0.3402453799999421,0.0,0.0,0.0,6.767200011381647e-05,False,
diag00_a1_s23_llama1b_kv3072_cap12-07_long_burst_guard_fast,llama1b,3072,12,23,long,burst,guard_fast,11,cmpl-diag00_a1_s23_llama1b_kv3072_cap12-07_long_burst_guard_fast-r11-0-9273ab8a,7202.471430832,7202.811119423,7203.122816139,0.3396885909996854,0.31169671600036963,0.651385307000055,1276,1148,True,True,1,1,0,0,True,0.33961052100039524,0.0,0.0,0.0,7.806999929016456e-05,False,
diag00_a1_s23_llama1b_kv3072_cap12-07_long_burst_guard_fast,llama1b,3072,12,23,long,burst,guard_fast,11,cmpl-diag00_a1_s23_llama1b_kv3072_cap12-07_long_burst_guard_fast-r11-0-9273ab8a,7203.122208672,7203.462855998,7203.771745093,0.34064732600018033,0.30888909500026784,0.6495364210004482,1278,1150,True,True,1,1,0,0,True,0.3405765670004257,0.0,0.0,0.0,7.075899975461653e-05,False,
diag00_a1_s23_llama1b_kv3072_cap12-07_long_burst_guard_fast,llama1b,3072,12,23,long,burst,guard_fast,11,cmpl-diag00_a1_s23_llama1b_kv3072_cap12-07_long_burst_guard_fast-r11-0-9273ab8a,7203.771070897,7204.114661559,7204.437918843,0.3435906619997695,0.3232572840006469,0.6668479460004164,1280,1152,True,True,1,1,0,0,True,0.3435253940006078,0.0,0.0,0.0,6.526799916173331e-05,False,
diag00_a1_s23_llama1b_kv3072_cap12-07_long_burst_guard_fast,llama1b,3072,12,23,long,burst,guard_fast,11,cmpl-diag00_a1_s23_llama1b_kv3072_cap12-07_long_burst_guard_fast-r11-0-9273ab8a,7204.437147012,7204.779578016,7205.097368571,0.34243100399999093,0.31779055499919195,0.6602215589991829,1282,1154,True,True,1,1,0,0,True,0.3423470349998752,0.0,0.0,0.0,8.396900011575781e-05,False,
diag00_a1_s23_llama1b_kv3072_cap12-07_long_burst_guard_fast,llama1b,3072,12,23,long,burst,guard_fast,11,cmpl-diag00_a1_s23_llama1b_kv3072_cap12-07_long_burst_guard_fast-r11-0-9273ab8a,7205.096687755,7205.444693522,7205.767789969,0.3480057670003589,0.3230964469994433,0.6711022139998022,1284,1156,True,True,1,1,0,0,True,0.34793572400030826,0.0,0.0,0.0,7.004300005064579e-05,False,
diag00_a1_s23_llama1b_kv3072_cap12-07_long_burst_guard_fast,llama1b,3072,12,23,long,burst,guard_fast,11,cmpl-diag00_a1_s23_llama1b_kv3072_cap12-07_long_burst_guard_fast-r11-0-9273ab8a,7205.766531247,7206.107912407,7206.432616668,0.34138116000031005,0.324704261000079,0.666085421000389,1286,1158,True,True,1,1,0,0,True,0.34132483800021873,0.0,0.0,0.0,5.6322000091313384e-05,False,
diag00_a1_s23_llama1b_kv3072_cap12-07_long_burst_guard_fast,llama1b,3072,12,23,long,burst,guard_fast,11,cmpl-diag00_a1_s23_llama1b_kv3072_cap12-07_long_burst_guard_fast-r11-0-9273ab8a,7206.43190402,7206.775487185,7207.099064974,0.343583165000382,0.3235777889995006,0.6671609539998826,1288,1160,True,True,1,1,0,0,True,0.34350710200033063,0.0,0.0,0.0,7.60630000513629e-05,False,
diag00_a1_s23_llama1b_kv3072_cap12-07_long_burst_guard_fast,llama1b,3072,12,23,long,burst,guard_fast,11,cmpl-diag00_a1_s23_llama1b_kv3072_cap12-07_long_burst_guard_fast-r11-0-9273ab8a,7207.098417692,7207.44148912,7207.762703132,0.3430714280002576,0.32121401199947286,0.6642854399997304,1290,1162,True,True,1,1,0,0,True,0.34284089999982825,0.0,0.0,0.0,0.00023052800042933086,False,
diag00_a1_s23_llama1b_kv3072_cap12-07_long_burst_guard_fast,llama1b,3072,12,23,long,burst,guard_fast,11,cmpl-diag00_a1_s23_llama1b_kv3072_cap12-07_long_burst_guard_fast-r11-0-9273ab8a,7207.762150998,7208.106140773,7208.431778389,0.3439897750004093,0.32563761599976715,0.6696273910001764,1292,1164,True,True,1,1,0,0,True,0.34388136899997335,0.0,0.0,0.0,0.0001084060004359344,False,
diag00_a1_s23_llama1b_kv3072_cap12-07_long_burst_guard_fast,llama1b,3072,12,23,long,burst,guard_fast,11,cmpl-diag00_a1_s23_llama1b_kv3072_cap12-07_long_burst_guard_fast-r11-0-9273ab8a,7208.431342471,7208.771573121,7209.097509681,0.34023065000019415,0.32593655999971816,0.6661672099999123,1294,1166,True,True,1,1,0,0,True,0.34016582399999606,0.0,0.0,0.0,6.48260001980816e-05,False,
diag00_a1_s23_llama1b_kv3072_cap12-07_long_burst_guard_fast,llama1b,3072,12,23,long,burst,guard_fast,11,cmpl-diag00_a1_s23_llama1b_kv3072_cap12-07_long_burst_guard_fast-r11-0-9273ab8a,7209.096919466,7209.439501642,7209.76133493,0.34258217600017815,0.3218332879996524,0.6644154639998305,1296,1168,True,True,1,1,0,0,True,0.3425175689999378,0.0,0.0,0.0,6.460700024035759e-05,False,
diag00_a1_s23_llama1b_kv3072_cap12-07_long_burst_guard_fast,llama1b,3072,12,23,long,burst,guard_fast,11,cmpl-diag00_a1_s23_llama1b_kv3072_cap12-07_long_burst_guard_fast-r11-0-9273ab8a,7209.760561081,7210.10496759,7210.430311022,0.3444065090006916,0.32534343199949944,0.669749941000191,1298,1170,True,True,1,1,0,0,True,0.34433338600047136,0.0,0.0,0.0,7.3123000220221e-05,False,
diag00_a1_s23_llama1b_kv3072_cap12-07_long_burst_guard_fast,llama1b,3072,12,23,long,burst,guard_fast,11,cmpl-diag00_a1_s23_llama1b_kv3072_cap12-07_long_burst_guard_fast-r11-0-9273ab8a,7210.429694937,7210.773301065,7211.095924697,0.3436061279999194,0.32262363199970423,0.6662297599996236,1300,1172,True,True,1,1,0,0,True,0.34353124700010085,0.0,0.0,0.0,7.488099981856067e-05,False,
diag00_a1_s23_llama1b_kv3072_cap12-07_long_burst_guard_fast,llama1b,3072,12,23,long,burst,guard_fast,11,cmpl-diag00_a1_s23_llama1b_kv3072_cap12-07_long_burst_guard_fast-r11-0-9273ab8a,7211.095285263,7211.439513626,7211.761950384,0.3442283630001839,0.32243675799963967,0.6666651209998236,1302,1174,True,True,1,1,0,0,True,0.34415149400047085,0.0,0.0,0.0,7.686899971304229e-05,False,
diag00_a1_s23_llama1b_kv3072_cap12-07_long_burst_guard_fast,llama1b,3072,12,23,long,burst,guard_fast,11,cmpl-diag00_a1_s23_llama1b_kv3072_cap12-07_long_burst_guard_fast-r11-0-9273ab8a,7211.761320697,7212.108528149,7212.432183959,0.3472074520004753,0.32365580999976373,0.670863262000239,1304,1176,True,True,1,1,0,0,True,0.34714899200025684,0.0,0.0,0.0,5.8460000218474306e-05,False,
diag00_a1_s23_llama1b_kv3072_cap12-07_long_burst_guard_fast,llama1b,3072,12,23,long,burst,guard_fast,11,cmpl-diag00_a1_s23_llama1b_kv3072_cap12-07_long_burst_guard_fast-r11-0-9273ab8a,7212.431056726,7212.773159665,7213.094034053,0.3421029390001422,0.32087438799953816,0.6629773269996804,1306,1178,True,True,1,1,0,0,True,0.34204470199983916,0.0,0.0,0.0,5.82370003030519e-05,False,
diag00_a1_s23_llama1b_kv3072_cap12-07_long_burst_guard_fast,llama1b,3072,12,23,long,burst,guard_fast,11,cmpl-diag00_a1_s23_llama1b_kv3072_cap12-07_long_burst_guard_fast-r11-0-9273ab8a,7213.09351125,7213.441734198,7213.762245049,0.3482229479996022,0.32051085100010823,0.6687337989997104,1308,1180,True,True,1,1,0,0,True,0.34815528899980563,0.0,0.0,0.0,6.765899979654932e-05,False,
diag00_a1_s23_llama1b_kv3072_cap12-07_long_burst_guard_fast,llama1b,3072,12,23,long,burst,guard_fast,11,cmpl-diag00_a1_s23_llama1b_kv3072_cap12-07_long_burst_guard_fast-r11-0-9273ab8a,7213.761602103,7214.106505049,7214.430279797,0.3449029459998201,0.3237747480006874,0.6686776940005075,1310,1182,True,True,1,1,0,0,True,0.34483007000017096,0.0,0.0,0.0,7.287599964911351e-05,False,
diag00_a1_s23_llama1b_kv3072_cap12-07_long_burst_guard_fast,llama1b,3072,12,23,long,burst,guard_fast,11,cmpl-diag00_a1_s23_llama1b_kv3072_cap12-07_long_burst_guard_fast-r11-0-9273ab8a,7214.429552869,7214.771673111,7215.092314504,0.34212024200041924,0.32064139299927774,0.662761634999697,1312,1184,True,True,1,1,0,0,True,0.34204533100000845,0.0,0.0,0.0,7.491100041079335e-05,False,
diag00_a1_s23_llama1b_kv3072_cap12-07_long_burst_guard_fast,llama1b,3072,12,23,long,burst,guard_fast,11,cmpl-diag00_a1_s23_llama1b_kv3072_cap12-07_long_burst_guard_fast-r11-0-9273ab8a,7215.091587005,7215.440676309,7215.758548374,0.34908930399979,0.3178720650003015,0.6669613690000915,1314,1186,True,True,1,1,0,0,True,0.3490191599994432,0.0,0.0,0.0,7.014400034677237e-05,False,
diag00_a1_s23_llama1b_kv3072_cap12-07_long_burst_guard_fast,llama1b,3072,12,23,long,burst,guard_fast,11,cmpl-diag00_a1_s23_llama1b_kv3072_cap12-07_long_burst_guard_fast-r11-0-9273ab8a,7215.757905991,7216.104328328,7216.429764069,0.34642233699923963,0.32543574100054684,0.6718580779997865,1316,1188,True,True,1,1,0,0,True,0.346300333999352,0.0,0.0,0.0,0.00012200299988762708,False,
diag00_a1_s23_llama1b_kv3072_cap12-07_long_burst_guard_fast,llama1b,3072,12,23,long,burst,guard_fast,11,cmpl-diag00_a1_s23_llama1b_kv3072_cap12-07_long_burst_guard_fast-r11-0-9273ab8a,7216.429146316,7216.780704827,7217.103573291,0.35155851099989377,0.32286846400074865,0.6744269750006424,1318,1190,True,True,1,1,0,0,True,0.35149830899990775,0.0,0.0,0.0,6.020199998602038e-05,False,
diag00_a1_s23_llama1b_kv3072_cap12-07_long_burst_guard_fast,llama1b,3072,12,23,long,burst,guard_fast,11,cmpl-diag00_a1_s23_llama1b_kv3072_cap12-07_long_burst_guard_fast-r11-0-9273ab8a,7217.102950586,7217.462283045,7217.783271676,0.359332459000143,0.32098863100054587,0.6803210900006889,1320,1192,True,True,1,1,0,0,True,0.3592755590007073,0.0,0.0,0.0,5.689999943570001e-05,False,
diag00_a1_s23_llama1b_kv3072_cap12-07_long_burst_guard_fast,llama1b,3072,12,23,long,burst,guard_fast,11,cmpl-diag00_a1_s23_llama1b_kv3072_cap12-07_long_burst_guard_fast-r11-0-9273ab8a,7217.782591919,7218.137045507,7218.469149868,0.35445358800006943,0.3321043610003471,0.6865579490004166,1322,1194,True,True,1,1,0,0,True,0.35439810499974556,0.0,0.0,0.0,5.5483000323874876e-05,False,
diag00_a1_s23_llama1b_kv3072_cap12-07_long_burst_guard_fast,llama1b,3072,12,23,long,burst,guard_fast,11,cmpl-diag00_a1_s23_llama1b_kv3072_cap12-07_long_burst_guard_fast-r11-0-9273ab8a,7218.468393858,7218.822750253,7219.138794412,0.3543563949997406,0.31604415899982996,0.6704005539995705,1324,1196,True,True,1,1,0,0,True,0.3542965099995854,0.0,0.0,0.0,5.988500015519094e-05,False,
diag00_a1_s23_llama1b_kv3072_cap12-07_long_burst_guard_fast,llama1b,3072,12,23,long,burst,guard_fast,11,cmpl-diag00_a1_s23_llama1b_kv3072_cap12-07_long_burst_guard_fast-r11-0-9273ab8a,7219.138243688,7219.497911828,7219.820879,0.359668139999485,0.3229671720000624,0.6826353119995474,1326,1198,True,True,1,1,0,0,True,0.3596103760000915,0.0,0.0,0.0,5.776399939350085e-05,False,
diag00_a1_s23_llama1b_kv3072_cap12-07_long_burst_guard_fast,llama1b,3072,12,23,long,burst,guard_fast,11,cmpl-diag00_a1_s23_llama1b_kv3072_cap12-07_long_burst_guard_fast-r11-0-9273ab8a,7219.820158723,7220.17372918,7220.49920752,0.35357045700038725,0.3254783399997905,0.6790487970001777,1328,1200,True,True,1,1,0,0,True,0.3534862840006099,0.0,0.0,0.0,8.417299977736548e-05,False,
diag00_a1_s23_llama1b_kv3072_cap12-07_long_burst_guard_fast,llama1b,3072,12,23,long,burst,guard_fast,11,cmpl-diag00_a1_s23_llama1b_kv3072_cap12-07_long_burst_guard_fast-r11-0-9273ab8a,7220.498608794,7220.857637371,7221.178003008,0.3590285770005721,0.3203656369996679,0.67939421400024,1330,1202,True,True,1,1,0,0,True,0.3589560039999924,0.0,0.0,0.0,7.257300057972316e-05,False,
diag00_a1_s23_llama1b_kv3072_cap12-07_long_burst_guard_fast,llama1b,3072,12,23,long,burst,guard_fast,11,cmpl-diag00_a1_s23_llama1b_kv3072_cap12-07_long_burst_guard_fast-r11-0-9273ab8a,7221.177409212,7221.538756494,7221.860336618,0.3613472819997696,0.3215801239994107,0.6829274059991803,1332,1204,True,True,1,1,0,0,True,0.36126634099946386,0.0,0.0,0.0,8.094100030575646e-05,False,
diag00_a1_s23_llama1b_kv3072_cap12-07_long_burst_guard_fast,llama1b,3072,12,23,long,burst,guard_fast,11,cmpl-diag00_a1_s23_llama1b_kv3072_cap12-07_long_burst_guard_fast-r11-0-9273ab8a,7221.859701338,7222.213166939,7222.538613612,0.3534656009996979,0.3254466729995329,0.6789122739992308,1334,1206,True,True,1,1,0,0,True,0.3534096519997547,0.0,0.0,0.0,5.5948999943211675e-05,False,
diag00_a1_s23_llama1b_kv3072_cap12-07_long_burst_guard_fast,llama1b,3072,12,23,long,burst,guard_fast,11,cmpl-diag00_a1_s23_llama1b_kv3072_cap12-07_long_burst_guard_fast-r11-0-9273ab8a,7222.537996846,7222.894508086,7223.214060983,0.35651124000014534,0.3195528969999941,0.6760641370001395,1336,1208,True,True,1,1,0,0,True,0.35643195699958596,0.0,0.0,0.0,7.928300055937143e-05,False,
diag00_a1_s23_llama1b_kv3072_cap12-07_long_burst_guard_fast,llama1b,3072,12,23,long,burst,guard_fast,11,cmpl-diag00_a1_s23_llama1b_kv3072_cap12-07_long_burst_guard_fast-r11-0-9273ab8a,7223.213431534,7223.576707374,7223.898110108,0.36327583999991475,0.32140273400000297,0.6846785739999177,1338,1210,True,True,1,1,0,0,True,0.36321290799969574,0.0,0.0,0.0,6.293200021900702e-05,False,
diag00_a1_s23_llama1b_kv3072_cap12-07_long_burst_guard_fast,llama1b,3072,12,23,long,burst,guard_fast,11,cmpl-diag00_a1_s23_llama1b_kv3072_cap12-07_long_burst_guard_fast-r11-0-9273ab8a,7223.897088612,7224.265576,7224.581480858,0.368487388000176,0.3159048580000672,0.6843922460002432,1340,1212,True,True,1,1,0,0,True,0.3684260340005494,0.0,0.0,0.0,6.135399962658994e-05,False,
diag00_a1_s23_llama1b_kv3072_cap12-07_long_burst_guard_fast,llama1b,3072,12,23,long,burst,guard_fast,11,cmpl-diag00_a1_s23_llama1b_kv3072_cap12-07_long_burst_guard_fast-r11-0-9273ab8a,7224.580706741,7224.942763948,7225.272662802,0.3620572070003618,0.32989885400002095,0.6919560610003828,1342,1214,True,True,1,1,0,0,True,0.3618963340004484,0.0,0.0,0.0,0.00016087299991340842,False,
diag00_a1_s23_llama1b_kv3072_cap12-07_long_burst_guard_fast,llama1b,3072,12,23,long,burst,guard_fast,11,cmpl-diag00_a1_s23_llama1b_kv3072_cap12-07_long_burst_guard_fast-r11-0-9273ab8a,7225.272094895,7225.632474613,7225.965348737,0.3603797180003312,0.3328741239993178,0.693253841999649,1344,1216,True,True,1,1,0,0,True,0.3603124139999636,0.0,0.0,0.0,6.73040003675851e-05,False,
diag00_a1_s23_llama1b_kv3072_cap12-07_long_burst_guard_fast,llama1b,3072,12,23,long,burst,guard_fast,11,cmpl-diag00_a1_s23_llama1b_kv3072_cap12-07_long_burst_guard_fast-r11-0-9273ab8a,7225.964330074,7226.329763693,7226.660848783,0.3654336190002141,0.3310850899997604,0.6965187089999745,1346,1218,True,True,1,1,0,0,True,0.3653607189999093,0.0,0.0,0.0,7.29000003047986e-05,False,
diag00_a1_s23_llama1b_kv3072_cap12-07_long_burst_guard_fast,llama1b,3072,12,23,long,burst,guard_fast,11,cmpl-diag00_a1_s23_llama1b_kv3072_cap12-07_long_burst_guard_fast-r11-0-9273ab8a,7226.660209969,7227.02566931,7227.354790996,0.36545934100013255,0.3291216859997803,0.6945810269999129,1348,1220,True,True,1,1,0,0,True,0.3653945300002306,0.0,0.0,0.0,6.481099990196526e-05,False,
diag00_a1_s23_llama1b_kv3072_cap12-07_long_burst_guard_fast,llama1b,3072,12,23,long,burst,guard_fast,11,cmpl-diag00_a1_s23_llama1b_kv3072_cap12-07_long_burst_guard_fast-r11-0-9273ab8a,7227.354133045,7227.714473399,7228.045749641,0.3603403540000727,0.3312762420000581,0.6916165960001308,1350,1222,True,True,1,1,0,0,True,0.3602568410005915,0.0,0.0,0.0,8.35129994811723e-05,False,
diag00_a1_s23_llama1b_kv3072_cap12-07_long_burst_guard_fast,llama1b,3072,12,23,long,burst,guard_fast,11,cmpl-diag00_a1_s23_llama1b_kv3072_cap12-07_long_burst_guard_fast-r11-0-9273ab8a,7228.044726632,7228.412213441,7228.742173664,0.3674868090001837,0.32996022299994365,0.6974470320001274,1352,1224,True,True,1,1,0,0,True,0.36741557300047134,0.0,0.0,0.0,7.123599971237127e-05,False,
diag00_a1_s23_llama1b_kv3072_cap12-07_long_burst_guard_fast,llama1b,3072,12,23,long,burst,guard_fast,11,cmpl-diag00_a1_s23_llama1b_kv3072_cap12-07_long_burst_guard_fast-r11-0-9273ab8a,7228.741616954,7229.104736676,7229.444206669,0.36311972200019227,0.3394699929995113,0.7025897149997036,1354,1226,True,True,1,1,0,0,True,0.3630424450002465,0.0,0.0,0.0,7.727699994575232e-05,False,
diag00_a1_s23_llama1b_kv3072_cap12-07_long_burst_guard_fast,llama1b,3072,12,23,long,burst,guard_fast,11,cmpl-diag00_a1_s23_llama1b_kv3072_cap12-07_long_burst_guard_fast-r11-0-9273ab8a,7229.443300623,7229.802305741,7230.140567155,0.35900511799991364,0.33826141400004417,0.6972665319999578,1356,1228,True,True,1,1,0,0,True,0.35893328099973587,0.0,0.0,0.0,7.183700017776573e-05,False,
diag00_a1_s23_llama1b_kv3072_cap12-07_long_burst_guard_fast,llama1b,3072,12,23,long,burst,guard_fast,11,cmpl-diag00_a1_s23_llama1b_kv3072_cap12-07_long_burst_guard_fast-r11-0-9273ab8a,7230.139892361,7230.512717184,7230.849999023,0.37282482299997355,0.3372818389998429,0.7101066619998164,1358,1230,True,True,1,1,0,0,True,0.37276201599979686,0.0,0.0,0.0,6.280700017669005e-05,False,
diag00_a1_s23_llama1b_kv3072_cap12-07_long_burst_guard_fast,llama1b,3072,12,23,long,burst,guard_fast,11,cmpl-diag00_a1_s23_llama1b_kv3072_cap12-07_long_burst_guard_fast-r11-0-9273ab8a,7230.849386198,7231.218294147,7231.554458432,0.36890794900045876,0.33616428499954054,0.7050722339999993,1360,1232,True,True,1,1,0,0,True,0.36877724600071815,0.0,0.0,0.0,0.00013070299974060617,False,
diag00_a1_s23_llama1b_kv3072_cap12-07_long_burst_guard_fast,llama1b,3072,12,23,long,burst,guard_fast,11,cmpl-diag00_a1_s23_llama1b_kv3072_cap12-07_long_burst_guard_fast-r11-0-9273ab8a,7231.553815105,7231.916633594,7232.251555767,0.36281848900034674,0.33492217300045013,0.6977406620007969,1362,1234,True,True,1,1,0,0,True,0.3627435520002109,0.0,0.0,0.0,7.493700013583293e-05,False,
diag00_a1_s23_llama1b_kv3072_cap12-07_long_burst_guard_fast,llama1b,3072,12,23,long,burst,guard_fast,11,cmpl-diag00_a1_s23_llama1b_kv3072_cap12-07_long_burst_guard_fast-r11-0-9273ab8a,7232.250927668,7232.614892044,7232.95245614,0.36396437599978526,0.33756409600027837,0.7015284720000636,1364,1236,True,True,1,1,0,0,True,0.3638651759993081,0.0,0.0,0.0,9.920000047713984e-05,False,
diag00_a1_s23_llama1b_kv3072_cap12-07_long_burst_guard_fast,llama1b,3072,12,23,long,burst,guard_fast,11,cmpl-diag00_a1_s23_llama1b_kv3072_cap12-07_long_burst_guard_fast-r11-0-9273ab8a,7232.951791598,7233.323468284,7233.654388272,0.3716766859997733,0.33091998799955036,0.7025966739993237,1366,1238,True,True,1,1,0,0,True,0.37155989199982287,0.0,0.0,0.0,0.00011679399995045969,False,
diag00_a1_s23_llama1b_kv3072_cap12-07_long_burst_guard_fast,llama1b,3072,12,23,long,burst,guard_fast,11,cmpl-diag00_a1_s23_llama1b_kv3072_cap12-07_long_burst_guard_fast-r11-0-9273ab8a,7233.65372044,7234.021452932,7234.351299151,0.36773249199995917,0.32984621899959166,0.6975787109995508,1368,1240,True,True,1,1,0,0,True,0.3676696339998671,0.0,0.0,0.0,6.285800009209197e-05,False,
diag00_a1_s23_llama1b_kv3072_cap12-07_long_burst_guard_fast,llama1b,3072,12,23,long,burst,guard_fast,11,cmpl-diag00_a1_s23_llama1b_kv3072_cap12-07_long_burst_guard_fast-r11-0-9273ab8a,7234.35024861,7234.717840359,7235.052020665,0.3675917489999847,0.33418030600023485,0.7017720550002196,1370,1242,True,True,1,1,0,0,True,0.3675185550000606,0.0,0.0,0.0,7.31939999241149e-05,False,
diag00_a1_s23_llama1b_kv3072_cap12-07_long_burst_guard_fast,llama1b,3072,12,23,long,burst,guard_fast,11,cmpl-diag00_a1_s23_llama1b_kv3072_cap12-07_long_burst_guard_fast-r11-0-9273ab8a,7235.051202911,7235.417150632,7235.751458718,0.3659477210003388,0.3343080860004193,0.7002558070007581,1372,1244,True,True,1,1,0,0,True,0.3658873100002893,0.0,0.0,0.0,6.04110000494984e-05,False,
diag00_a1_s23_llama1b_kv3072_cap12-07_long_burst_guard_fast,llama1b,3072,12,23,long,burst,guard_fast,11,cmpl-diag00_a1_s23_llama1b_kv3072_cap12-07_long_burst_guard_fast-r11-0-9273ab8a,7235.750556688,7236.119836446,7236.455287113,0.36927975799972046,0.3354506670002593,0.7047304249999797,1374,1246,True,True,1,1,0,0,True,0.3692020640000919,0.0,0.0,0.0,7.76939996285364e-05,False,
diag00_a1_s23_llama1b_kv3072_cap12-07_long_burst_guard_fast,llama1b,3072,12,23,long,burst,guard_fast,11,cmpl-diag00_a1_s23_llama1b_kv3072_cap12-07_long_burst_guard_fast-r11-0-9273ab8a,7236.454519691,7236.822814871,7237.155557802,0.36829518000013195,0.3327429309993022,0.7010381109994341,1376,1248,True,True,1,1,0,0,True,0.36822848999963753,0.0,0.0,0.0,6.66900004944182e-05,False,
diag00_a1_s23_llama1b_kv3072_cap12-07_long_burst_guard_fast,llama1b,3072,12,23,long,burst,guard_fast,11,cmpl-diag00_a1_s23_llama1b_kv3072_cap12-07_long_burst_guard_fast-r11-0-9273ab8a,7237.15488054,7237.523053822,7237.861108808,0.36817328200049815,0.3380549859994062,0.7062282679999043,1378,1250,True,True,1,1,0,0,True,0.3680930199998329,0.0,0.0,0.0,8.026200066524325e-05,False,
diag00_a1_s23_llama1b_kv3072_cap12-07_long_burst_guard_fast,llama1b,3072,12,23,long,burst,guard_fast,11,cmpl-diag00_a1_s23_llama1b_kv3072_cap12-07_long_burst_guard_fast-r11-0-9273ab8a,7237.860444998,7238.231932705,7238.562814384,0.37148770699968736,0.330881679000413,0.7023693860001003,1380,1252,True,True,1,1,0,0,True,0.3714263510000819,0.0,0.0,0.0,6.135599960543914e-05,False,
diag00_a1_s23_llama1b_kv3072_cap12-07_long_burst_guard_fast,llama1b,3072,12,23,long,burst,guard_fast,11,cmpl-diag00_a1_s23_llama1b_kv3072_cap12-07_long_burst_guard_fast-r11-0-9273ab8a,7238.562149617,7238.929169218,7239.260544143,0.3670196010007203,0.33137492499918153,0.6983945259999018,1382,1254,True,True,1,1,0,0,True,0.36694994200024666,0.0,0.0,0.0,6.965900047362084e-05,False,
diag00_a1_s23_llama1b_kv3072_cap12-07_long_burst_guard_fast,llama1b,3072,12,23,long,burst,guard_fast,11,cmpl-diag00_a1_s23_llama1b_kv3072_cap12-07_long_burst_guard_fast-r11-0-9273ab8a,7239.259880312,7239.627888027,7239.962049374,0.36800771500020346,0.3341613470001903,0.7021690620003938,1384,1256,True,True,1,1,0,0,True,0.3678753029998916,0.0,0.0,0.0,0.00013241200031188782,False,
diag00_a1_s23_llama1b_kv3072_cap12-07_long_burst_guard_fast,llama1b,3072,12,23,long,burst,guard_fast,11,cmpl-diag00_a1_s23_llama1b_kv3072_cap12-07_long_burst_guard_fast-r11-0-9273ab8a,7239.961461106,7240.332402186,7240.669044702,0.3709410800001933,0.3366425160002109,0.7075835960004042,1386,1258,True,True,1,1,0,0,True,0.3708790560003763,0.0,0.0,0.0,6.202399981702911e-05,False,
diag00_a1_s23_llama1b_kv3072_cap12-07_long_burst_guard_fast,llama1b,3072,12,23,long,burst,guard_fast,11,cmpl-diag00_a1_s23_llama1b_kv3072_cap12-07_long_burst_guard_fast-r11-0-9273ab8a,7240.668455572,7241.034805347,7241.373258487,0.3663497749994349,0.3384531400006381,0.704802915000073,1388,1260,True,True,1,1,0,0,True,0.36627087999931973,0.0,0.0,0.0,7.889500011515338e-05,False,
diag00_a1_s23_llama1b_kv3072_cap12-07_long_burst_guard_fast,llama1b,3072,12,23,long,burst,guard_fast,11,cmpl-diag00_a1_s23_llama1b_kv3072_cap12-07_long_burst_guard_fast-r11-0-9273ab8a,7241.372621919,7241.739801693,7242.074342071,0.367179773999851,0.334540377999474,0.701720151999325,1390,1262,True,True,1,1,0,0,True,0.36710786599996936,0.0,0.0,0.0,7.190799988165963e-05,False,
diag00_a1_s23_llama1b_kv3072_cap12-07_long_burst_guard_fast,llama1b,3072,12,23,long,burst,guard_fast,11,cmpl-diag00_a1_s23_llama1b_kv3072_cap12-07_long_burst_guard_fast-r11-0-9273ab8a,7242.073657237,7242.439083278,7242.77490824,0.36542604100031895,0.3358249619996059,0.7012510029999248,1392,1264,True,True,1,1,0,0,True,0.3653192720003062,0.0,0.0,0.0,0.0001067690000127186,False,
diag00_a1_s23_llama1b_kv3072_cap12-07_long_burst_guard_fast,llama1b,3072,12,23,long,burst,guard_fast,11,cmpl-diag00_a1_s23_llama1b_kv3072_cap12-07_long_burst_guard_fast-r11-0-9273ab8a,7242.77400362,7243.338724292,7243.569995791,0.5647206719995665,0.23127149900028598,0.7959921709998525,1394,1266,True,True,1,3,0,0,True,0.37187115799952153,0.1925629460001801,0.0,0.0,0.0002865679998649284,False,
diag00_a1_s23_llama1b_kv3072_cap12-07_long_burst_guard_fast,llama1b,3072,12,23,long,burst,guard_fast,11,cmpl-diag00_a1_s23_llama1b_kv3072_cap12-07_long_burst_guard_fast-r11-0-9273ab8a,7243.569401868,7244.075613403,7244.308479407,0.5062115350001477,0.23286600400024327,0.739077539000391,1396,1268,True,True,1,3,0,0,True,0.3115631500004383,0.1944770800000697,0.0,0.0,0.0001713049996396876,False,
diag00_a1_s23_llama1b_kv3072_cap12-07_long_burst_guard_fast,llama1b,3072,12,23,long,burst,guard_fast,11,cmpl-diag00_a1_s23_llama1b_kv3072_cap12-07_long_burst_guard_fast-r11-0-9273ab8a,7244.307835172,7244.811656957,7245.042187024,0.5038217850005822,0.23053006699956313,0.7343518520001453,1398,1270,True,True,1,3,0,0,True,0.3112669120000646,0.192400717000055,0.0,0.0,0.0001541560004625353,False,
diag00_a1_s23_llama1b_kv3072_cap12-07_long_burst_guard_fast,llama1b,3072,12,23,long,burst,guard_fast,11,cmpl-diag00_a1_s23_llama1b_kv3072_cap12-07_long_burst_guard_fast-r11-0-9273ab8a,7245.041553837,7245.546117893,7245.776823601,0.504564056000163,0.2307057079997321,0.7352697639998951,1400,1272,True,True,1,3,0,0,True,0.31234624500029895,0.19206434199986688,0.0,0.0,0.0001534689999971306,False,
diag00_a1_s23_llama1b_kv3072_cap12-07_long_burst_guard_fast,llama1b,3072,12,23,long,burst,guard_fast,11,cmpl-diag00_a1_s23_llama1b_kv3072_cap12-07_long_burst_guard_fast-r11-0-9273ab8a,7245.776247986,7246.269080392,7246.494537591,0.4928324060001614,0.22545719899972028,0.7182896049998817,1402,1274,True,True,1,3,0,0,True,0.30278562199964654,0.18988263699975505,0.0,0.0,0.00016414700075984,False,
diag00_a1_s23_llama1b_kv3072_cap12-07_long_burst_guard_fast,llama1b,3072,12,23,long,burst,guard_fast,11,cmpl-diag00_a1_s23_llama1b_kv3072_cap12-07_long_burst_guard_fast-r11-0-9273ab8a,7246.493995109,7246.988482074,7247.218484989,0.4944869649998509,0.23000291500011372,0.7244898799999646,1404,1276,True,True,1,3,0,0,True,0.3099829459997636,0.18435200700059795,0.0,0.0,0.00015201199948933208,False,
diag00_a1_s23_llama1b_kv3072_cap12-07_long_burst_guard_fast,llama1b,3072,12,23,long,burst,guard_fast,11,cmpl-diag00_a1_s23_llama1b_kv3072_cap12-07_long_burst_guard_fast-r11-0-9273ab8a,7247.217868088,7247.7174585,7247.939592849,0.49959041200054344,0.22213434900004358,0.721724761000587,1406,1278,True,True,1,3,0,0,True,0.306921868000245,0.1925213309996252,0.0,0.0,0.00014721300067321863,False,
diag00_a1_s23_llama1b_kv3072_cap12-07_long_burst_guard_fast,llama1b,3072,12,23,long,burst,guard_fast,11,cmpl-diag00_a1_s23_llama1b_kv3072_cap12-07_long_burst_guard_fast-r11-0-9273ab8a,7247.938958948,7248.432252443,7248.657048737,0.49329349500021635,0.22479629400004342,0.7180897890002598,1408,1280,True,True,1,3,0,0,True,0.3015051490001497,0.1915874320002331,0.0,0.0,0.00020091399983357405,False,
diag00_a1_s23_llama1b_kv3072_cap12-07_long_burst_guard_fast,llama1b,3072,12,23,long,burst,guard_fast,11,cmpl-diag00_a1_s23_llama1b_kv3072_cap12-07_long_burst_guard_fast-r11-0-9273ab8a,7248.656534949,7249.156913724,7249.382894974,0.500378775000172,0.22598124999967695,0.726360024999849,1410,1282,True,True,1,3,0,0,True,0.30611503299951437,0.19407358199987357,0.0,0.0,0.0001901600007840898,False,
diag00_a1_s23_llama1b_kv3072_cap12-07_long_burst_guard_fast,llama1b,3072,12,23,long,burst,guard_fast,11,cmpl-diag00_a1_s23_llama1b_kv3072_cap12-07_long_burst_guard_fast-r11-0-9273ab8a,7249.382327218,7249.882782229,7250.108085124,0.5004550110006676,0.2253028949999134,0.725757906000581,1412,1284,True,True,1,3,0,0,True,0.30761317599990434,0.19260970600043947,0.0,0.0,0.00023212900032376638,False,
diag00_a1_s23_llama1b_kv3072_cap12-07_long_burst_guard_fast,llama1b,3072,12,23,long,burst,guard_fast,11,cmpl-diag00_a1_s23_llama1b_kv3072_cap12-07_long_burst_guard_fast-r11-0-9273ab8a,7250.107517897,7250.610941916,7250.779448292,0.5034240189997945,0.16850637599964102,0.6719303949994355,1414,1286,True,True,1,3,0,0,True,0.30538567999974475,0.19782798399955936,0.0,0.0,0.00021035500049038092,False,
diag00_a1_s23_llama1b_kv3072_cap12-07_long_burst_guard_fast,llama1b,3072,12,23,long,burst,guard_fast,11,cmpl-diag00_a1_s23_llama1b_kv3072_cap12-07_long_burst_guard_fast-r11-0-9273ab8a,7250.77871066,7251.355546189,7251.525906239,0.5768355290001637,0.17036004999954457,0.7471955789997082,1416,1288,True,True,1,3,0,0,True,0.38128348999998707,0.1954194150002877,0.0,0.0,0.00013262399988889229,False,
diag00_a1_s23_llama1b_kv3072_cap12-07_long_burst_guard_fast,llama1b,3072,12,23,long,burst,guard_fast,11,cmpl-diag00_a1_s23_llama1b_kv3072_cap12-07_long_burst_guard_fast-r11-0-9273ab8a,7251.52528797,7252.104911451,7252.277273716,0.579623480999544,0.17236226500062912,0.7519857460001731,1418,1290,True,True,1,3,0,0,True,0.38247762999981205,0.1969634329998371,0.0,0.0,0.00018241799989482388,False,
diag00_a1_s23_llama1b_kv3072_cap12-07_long_burst_guard_fast,llama1b,3072,12,23,long,burst,guard_fast,11,cmpl-diag00_a1_s23_llama1b_kv3072_cap12-07_long_burst_guard_fast-r11-0-9273ab8a,7252.276138071,7252.854177268,7253.020716017,0.5780391970001801,0.16653874900021037,0.7445779460003905,1420,1292,True,True,1,3,0,0,True,0.3835712509999212,0.19432630299979792,0.0,0.0,0.00014164300046104472,False,
diag00_a1_s23_llama1b_kv3072_cap12-07_long_burst_guard_fast,llama1b,3072,12,23,long,burst,guard_fast,11,cmpl-diag00_a1_s23_llama1b_kv3072_cap12-07_long_burst_guard_fast-r11-0-9273ab8a,7253.020187566,7253.602156224,7253.77337092,0.5819686580007328,0.17121469599987904,0.7531833540006119,1422,1294,True,True,1,3,0,0,True,0.38539973800016014,0.19647118000011687,0.0,0.0,9.774000045581488e-05,False,
diag00_a1_s23_llama1b_kv3072_cap12-07_long_burst_guard_fast,llama1b,3072,12,23,long,burst,guard_fast,11,cmpl-diag00_a1_s23_llama1b_kv3072_cap12-07_long_burst_guard_fast-r11-0-9273ab8a,7253.772654814,7254.354288533,7254.525028663,0.5816337189999103,0.17074013000001287,0.7523738489999232,1424,1296,True,True,1,3,0,0,True,0.38559411100050056,0.19589080999958242,0.0,0.0,0.00014879799982736586,False,
diag00_a1_s23_llama1b_kv3072_cap12-07_long_burst_guard_fast,llama1b,3072,12,23,long,burst,guard_fast,11,cmpl-diag00_a1_s23_llama1b_kv3072_cap12-07_long_burst_guard_fast-r11-0-9273ab8a,7254.524307082,7255.104613638,7255.276439329,0.5803065560003233,0.17182569099986722,0.7521322470001905,1426,1298,True,True,1,3,0,0,True,0.386343768000188,0.1937858490000508,0.0,0.0,0.00017693900008453056,False,
diag00_a1_s23_llama1b_kv3072_cap12-07_long_burst_guard_fast,llama1b,3072,12,23,long,burst,guard_fast,11,cmpl-diag00_a1_s23_llama1b_kv3072_cap12-07_long_burst_guard_fast-r11-0-9273ab8a,7255.275715072,7255.854219811,7256.021970614,0.5785047389999818,0.16775080299976253,0.7462555419997443,1428,1300,True,True,1,3,0,0,True,0.38360009000007267,0.1947683030002736,0.0,0.0,0.00013634599963552319,False,
diag00_a1_s23_llama1b_kv3072_cap12-07_long_burst_guard_fast,llama1b,3072,12,23,long,burst,guard_fast,11,cmpl-diag00_a1_s23_llama1b_kv3072_cap12-07_long_burst_guard_fast-r11-0-9273ab8a,7256.021184641,7256.603245379,7256.774180119,0.5820607380001093,0.17093474000012066,0.7529954780002299,1430,1302,True,True,1,3,0,0,True,0.38631135299965536,0.19564036700012366,0.0,0.0,0.00010901800033025211,False,
diag00_a1_s23_llama1b_kv3072_cap12-07_long_burst_guard_fast,llama1b,3072,12,23,long,burst,guard_fast,11,cmpl-diag00_a1_s23_llama1b_kv3072_cap12-07_long_burst_guard_fast-r11-0-9273ab8a,7256.773607686,7257.35763202,7257.527483367,0.5840243339998779,0.1698513470000762,0.7538756809999541,1432,1304,True,True,1,3,0,0,True,0.38975968199974886,0.1941236860002391,0.0,0.0,0.000140965999889886,False,
diag00_a1_s23_llama1b_kv3072_cap12-07_long_burst_guard_fast,llama1b,3072,12,23,long,burst,guard_fast,11,cmpl-diag00_a1_s23_llama1b_kv3072_cap12-07_long_burst_guard_fast-r11-0-9273ab8a,7257.526915886,7258.113225191,7258.282933379,0.5863093050002135,0.16970818799927656,0.7560174929994901,1434,1306,True,True,1,3,0,0,True,0.39032974200017634,0.19567469399953552,0.0,0.0,0.0003048690005016397,False,
diag00_a1_s23_llama1b_kv3072_cap12-07_long_burst_guard_fast,llama1b,3072,12,23,long,burst,guard_fast,11,cmpl-diag00_a1_s23_llama1b_kv3072_cap12-07_long_burst_guard_fast-r11-0-9273ab8a,7258.282352114,7258.869524491,7259.039971244,0.5871723770005701,0.17044675299985101,0.7576191300004211,1436,1308,True,True,1,3,0,0,True,0.3927836009997918,0.1941591310005606,0.0,0.0,0.00022964500021771528,False,
diag00_a1_s23_llama1b_kv3072_cap12-07_long_burst_guard_fast,llama1b,3072,12,23,long,burst,guard_fast,11,cmpl-diag00_a1_s23_llama1b_kv3072_cap12-07_long_burst_guard_fast-r11-0-9273ab8a,7259.039455948,7259.626861417,7259.800165521,0.5874054690002595,0.17330410399972607,0.7607095729999855,1438,1310,True,True,1,3,0,0,True,0.3859344089996739,0.20133168700067472,0.0,0.0,0.00013937299991084728,False,
diag00_a1_s23_llama1b_kv3072_cap12-07_long_burst_guard_fast,llama1b,3072,12,23,long,burst,guard_fast,11,cmpl-diag00_a1_s23_llama1b_kv3072_cap12-07_long_burst_guard_fast-r11-0-9273ab8a,7259.799550781,7260.393831841,7260.565961422,0.5942810599999575,0.172129581000263,0.7664106410002205,1440,1312,True,True,1,3,0,0,True,0.3979589609998584,0.19615585599967744,0.0,0.0,0.00016624300042167306,False,
diag00_a1_s23_llama1b_kv3072_cap12-07_long_burst_guard_fast,llama1b,3072,12,23,long,burst,guard_fast,11,cmpl-diag00_a1_s23_llama1b_kv3072_cap12-07_long_burst_guard_fast-r11-0-9273ab8a,7260.565414798,7261.148885479,7261.321475514,0.5834706809991985,0.17259003500021208,0.7560607159994106,1442,1314,True,True,1,3,0,0,True,0.3870445579996158,0.1963176070003101,0.0,0.0,0.00010851599927264033,False,
diag00_a1_s23_llama1b_kv3072_cap12-07_long_burst_guard_fast,llama1b,3072,12,23,long,burst,guard_fast,11,cmpl-diag00_a1_s23_llama1b_kv3072_cap12-07_long_burst_guard_fast-r11-0-9273ab8a,7261.321019969,7261.907605176,7262.082006288,0.5865852070000983,0.17440111199994135,0.7609863190000397,1444,1316,True,True,1,3,0,0,True,0.38791574999959266,0.19855672999983653,0.0,0.0,0.00011272700066911057,False,
diag00_a1_s23_llama1b_kv3072_cap12-07_long_burst_guard_fast,llama1b,3072,12,23,long,burst,guard_fast,11,cmpl-diag00_a1_s23_llama1b_kv3072_cap12-07_long_burst_guard_fast-r11-0-9273ab8a,7262.081328459,7262.476202399,7262.647272286,0.39487393999934284,0.1710698870001579,0.5659438269995007,1446,1318,True,True,1,3,0,0,True,0.19952501399984612,0.19514287099991634,0.0,0.0,0.000206054999580374,False,
diag00_a1_s23_llama1b_kv3072_cap12-07_long_burst_guard_fast,llama1b,3072,12,23,long,burst,guard_fast,11,cmpl-diag00_a1_s23_llama1b_kv3072_cap12-07_long_burst_guard_fast-r11-0-9273ab8a,7262.646535443,7263.04495292,7263.21584066,0.39841747699938423,0.17088774000058038,0.5693052169999646,1448,1320,True,True,1,3,0,0,True,0.19996693600023718,0.1982581489992299,0.0,0.0,0.00019239199991716305,False,
diag00_a1_s23_llama1b_kv3072_cap12-07_long_burst_guard_fast,llama1b,3072,12,23,long,burst,guard_fast,11,cmpl-diag00_a1_s23_llama1b_kv3072_cap12-07_long_burst_guard_fast-r11-0-9273ab8a,7263.21484234,7263.613921463,7263.78215169,0.3990791229998649,0.1682302270000946,0.5673093499999595,1450,1322,True,True,1,3,0,0,True,0.20326204100001632,0.19567270299921802,0.0,0.0,0.00014437900063057896,False,
diag00_a1_s23_llama1b_kv3072_cap12-07_long_burst_guard_fast,llama1b,3072,12,23,long,burst,guard_fast,11,cmpl-diag00_a1_s23_llama1b_kv3072_cap12-07_long_burst_guard_fast-r11-0-9273ab8a,7263.781596157,7264.176835567,7264.348155658,0.39523940999970364,0.17132009099987044,0.5665595009995741,1452,1324,True,True,1,3,0,0,True,0.19850742499966145,0.19656429800033948,0.0,0.0,0.00016768699970270973,False,
diag00_a1_s23_llama1b_kv3072_cap12-07_long_burst_guard_fast,llama1b,3072,12,23,long,burst,guard_fast,11,cmpl-diag00_a1_s23_llama1b_kv3072_cap12-07_long_burst_guard_fast-r11-0-9273ab8a,7264.347192138,7264.740726558,7264.912984058,0.39353441999992356,0.17225750000034168,0.5657919200002652,1454,1326,True,True,1,3,0,0,True,0.1975215170004958,0.19588262900015252,0.0,0.0,0.0001302739992752322,False,
diag00_a1_s23_llama1b_kv3072_cap12-07_long_burst_guard_fast,llama1b,3072,12,23,long,burst,guard_fast,11,cmpl-diag00_a1_s23_llama1b_kv3072_cap12-07_long_burst_guard_fast-r11-0-9273ab8a,7264.912419375,7265.307467631,7265.47814843,0.39504825599942706,0.17068079900036537,0.5657290549997924,1456,1328,True,True,1,3,0,0,True,0.20039958500001376,0.1944783439994353,0.0,0.0,0.00017032699997798773,False,
diag00_a1_s23_llama1b_kv3072_cap12-07_long_burst_guard_fast,llama1b,3072,12,23,long,burst,guard_fast,11,cmpl-diag00_a1_s23_llama1b_kv3072_cap12-07_long_burst_guard_fast-r11-0-9273ab8a,7265.477036019,7265.873775137,7266.045300665,0.39673911800036876,0.17152552799961995,0.5682646459999887,1458,1330,True,True,1,3,0,0,True,0.20152760800010583,0.19510227000046143,0.0,0.0,0.00010923999980150256,False,
diag00_a1_s23_llama1b_kv3072_cap12-07_long_burst_guard_fast,llama1b,3072,12,23,long,burst,guard_fast,11,cmpl-diag00_a1_s23_llama1b_kv3072_cap12-07_long_burst_guard_fast-r11-0-9273ab8a,7266.044769331,7266.438583754,7266.609143201,0.39381442300054914,0.17055944699950487,0.564373870000054,1460,1332,True,True,1,3,0,0,True,0.20028191300025355,0.19336562999978923,0.0,0.0,0.0001668800005063531,False,
diag00_a1_s23_llama1b_kv3072_cap12-07_long_burst_guard_fast,llama1b,3072,12,23,long,burst,guard_fast,11,cmpl-diag00_a1_s23_llama1b_kv3072_cap12-07_long_burst_guard_fast-r11-0-9273ab8a,7266.608117861,7267.005868675,7267.176797308,0.3977508139996644,0.17092863299967576,0.5686794469993401,1462,1334,True,True,1,3,0,0,True,0.20064754800023366,0.19701293999969494,0.0,0.0,9.032599973579636e-05,False,
diag00_a1_s23_llama1b_kv3072_cap12-07_long_burst_guard_fast,llama1b,3072,12,23,long,burst,guard_fast,11,cmpl-diag00_a1_s23_llama1b_kv3072_cap12-07_long_burst_guard_fast-r11-0-9273ab8a,7267.176141761,7267.371649664,7267.552300017,0.1955079030003617,0.18065035299969168,0.37615825600005337,1464,1336,True,True,1,2,0,0,True,0.014723584999956074,0.18069657000069128,0.0,0.0,8.774799971433822e-05,False,
diag00_a1_s23_llama1b_kv3072_cap12-07_long_burst_guard_fast,llama1b,3072,12,23,long,burst,guard_fast,11,cmpl-diag00_a1_s23_llama1b_kv3072_cap12-07_long_burst_guard_fast-r11-0-9273ab8a,7267.550863018,7267.747231419,7267.918550741,0.19636840099974506,0.17131932200027222,0.3676877230000173,1466,1338,True,True,1,2,0,0,True,0.019471857999633357,0.1767495889998827,0.0,0.0,0.00014695400022901595,False,
diag00_a1_s23_llama1b_kv3072_cap12-07_long_burst_guard_fast,llama1b,3072,12,23,long,burst,guard_fast,11,cmpl-diag00_a1_s23_llama1b_kv3072_cap12-07_long_burst_guard_fast-r11-0-9273ab8a,7267.917719541,7268.114651676,7268.285026111,0.19693213499976991,0.1703744349997578,0.3673065699995277,1468,1340,True,True,1,2,0,0,True,0.014641120999840496,0.18216792600014742,0.0,0.0,0.00012308799978200113,False,
diag00_a1_s23_llama1b_kv3072_cap12-07_long_burst_guard_fast,llama1b,3072,12,23,long,burst,guard_fast,11,cmpl-diag00_a1_s23_llama1b_kv3072_cap12-07_long_burst_guard_fast-r11-0-9273ab8a,7268.284449645,7268.480155837,7268.651544062,0.1957061920002161,0.1713882249996459,0.367094416999862,1470,1342,True,True,1,2,0,0,True,0.014835424000011699,0.1807050560000789,0.0,0.0,0.00016571200012549525,False,
diag00_a1_s23_llama1b_kv3072_cap12-07_long_burst_guard_fast,llama1b,3072,12,23,long,burst,guard_fast,11,cmpl-diag00_a1_s23_llama1b_kv3072_cap12-07_long_burst_guard_fast-r11-0-9273ab8a,7268.650891699,7268.850891465,7269.023901142,0.19999976600047376,0.17300967699975445,0.3730094430002282,1472,1344,True,True,1,2,0,0,True,0.017224836000423238,0.1826637819995085,0.0,0.0,0.00011114800054201623,False,
diag00_a1_s23_llama1b_kv3072_cap12-07_long_burst_guard_fast,llama1b,3072,12,23,long,burst,guard_fast,11,cmpl-diag00_a1_s23_llama1b_kv3072_cap12-07_long_burst_guard_fast-r11-0-9273ab8a,7269.023301468,7269.220475349,7269.390849778,0.1971738809997987,0.17037442900073074,0.36754831000052945,1474,1346,True,True,1,2,0,0,True,0.016787790000307723,0.1802888639995217,0.0,0.0,9.722699996927986e-05,False,
diag00_a1_s23_llama1b_kv3072_cap12-07_long_burst_guard_fast,llama1b,3072,12,23,long,burst,guard_fast,11,cmpl-diag00_a1_s23_llama1b_kv3072_cap12-07_long_burst_guard_fast-r11-0-9273ab8a,7269.390255202,7269.584999732,7269.762234571,0.1947445300002073,0.17723483899953862,0.37197936899974593,1476,1348,True,True,1,2,0,0,True,0.014178673000060371,0.1804792989996713,0.0,0.0,8.655800047563389e-05,False,
diag00_a1_s23_llama1b_kv3072_cap12-07_long_burst_guard_fast,llama1b,3072,12,23,long,burst,guard_fast,11,cmpl-diag00_a1_s23_llama1b_kv3072_cap12-07_long_burst_guard_fast-r11-0-9273ab8a,7269.761663842,7269.966300501,7270.137239268,0.20463665899933403,0.17093876699982502,0.37557542599915905,1478,1350,True,True,1,2,0,0,True,0.016297655999551353,0.1882382370004052,0.0,0.0,0.00010076599937747233,False,
diag00_a1_s23_llama1b_kv3072_cap12-07_long_burst_guard_fast,llama1b,3072,12,23,long,burst,guard_fast,11,cmpl-diag00_a1_s23_llama1b_kv3072_cap12-07_long_burst_guard_fast-r11-0-9273ab8a,7270.136598134,7270.332849689,7270.504404763,0.19625155499943503,0.17155507400002534,0.36780662899946037,1480,1352,True,True,1,2,0,0,True,0.014389741999366379,0.18176255599973956,0.0,0.0,9.925700032908935e-05,False,
diag00_a1_s23_llama1b_kv3072_cap12-07_long_burst_guard_fast,llama1b,3072,12,23,long,burst,guard_fast,11,cmpl-diag00_a1_s23_llama1b_kv3072_cap12-07_long_burst_guard_fast-r11-0-9273ab8a,7270.503684909,7270.702263485,7270.874702686,0.19857857599981799,0.17243920100008836,0.37101777699990635,1482,1354,True,True,1,2,0,0,True,0.015702519999649667,0.18279180799981987,0.0,0.0,8.424800034845248e-05,False,
diag00_a1_s23_llama1b_kv3072_cap12-07_long_burst_guard_fast,llama1b,3072,12,23,long,burst,guard_fast,11,cmpl-diag00_a1_s23_llama1b_kv3072_cap12-07_long_burst_guard_fast-r11-0-9273ab8a,7270.874154555,7271.071139617,7271.243770274,0.19698506199983967,0.17263065699989966,0.36961571899973933,1484,1356,True,True,1,2,0,0,True,0.014923099000043294,0.18197067599976435,0.0,0.0,9.128700003202539e-05,False,
diag00_a1_s23_llama1b_kv3072_cap12-07_long_burst_guard_fast,llama1b,3072,12,23,long,burst,guard_fast,11,cmpl-diag00_a1_s23_llama1b_kv3072_cap12-07_long_burst_guard_fast-r11-0-9273ab8a,7271.243216096,7271.439029663,7271.613326402,0.1958135670001866,0.17429673900005582,0.3701103060002424,1486,1358,True,True,1,2,0,0,True,0.013689533000615484,0.18199130399989372,0.0,0.0,0.00013272999967739452,False,
diag00_a1_s23_llama1b_kv3072_cap12-07_long_burst_guard_fast,llama1b,3072,12,23,long,burst,guard_fast,11,cmpl-diag00_a1_s23_llama1b_kv3072_cap12-07_long_burst_guard_fast-r11-0-9273ab8a,7271.612759826,7271.811457366,7271.983874689,0.1986975399995572,0.17241732300044532,0.3711148630000025,1488,1360,True,True,1,2,0,0,True,0.017792354999983218,0.18079882500023814,0.0,0.0,0.00010635999933583662,False,
diag00_a1_s23_llama1b_kv3072_cap12-07_long_burst_guard_fast,llama1b,3072,12,23,long,burst,guard_fast,11,cmpl-diag00_a1_s23_llama1b_kv3072_cap12-07_long_burst_guard_fast-r11-0-9273ab8a,7271.983259922,7272.17935883,7272.352253462,0.19609890799983987,0.17289463199995225,0.3689935399997921,1490,1362,True,True,1,2,0,0,True,0.015900504999990517,0.18009701400023914,0.0,0.0,0.00010138899961020797,False,
diag00_a1_s23_llama1b_kv3072_cap12-07_long_burst_guard_fast,llama1b,3072,12,23,long,burst,guard_fast,11,cmpl-diag00_a1_s23_llama1b_kv3072_cap12-07_long_burst_guard_fast-r11-0-9273ab8a,7272.35164382,7272.551944475,7272.72514981,0.20030065499940974,0.17320533500060264,0.3735059900000124,1492,1364,True,True,1,2,0,0,True,0.01428214499992464,0.18591473099968425,0.0,0.0,0.00010377899980085203,False,
diag00_a1_s23_llama1b_kv3072_cap12-07_long_burst_guard_fast,llama1b,3072,12,23,long,burst,guard_fast,11,cmpl-diag00_a1_s23_llama1b_kv3072_cap12-07_long_burst_guard_fast-r11-0-9273ab8a,7272.72461024,7272.91937043,7273.091168434,0.19476018999921507,0.1717980040002658,0.36655819399948086,1494,1366,True,True,1,2,0,0,True,0.012209693999466253,0.18244749200039223,0.0,0.0,0.00010300399935658788,False,
diag00_a1_s23_llama1b_kv3072_cap12-07_long_burst_guard_fast,llama1b,3072,12,23,long,burst,guard_fast,11,cmpl-diag00_a1_s23_llama1b_kv3072_cap12-07_long_burst_guard_fast-r11-0-9273ab8a,7273.090595227,7273.287523156,7273.458784796,0.1969279289996848,0.17126164000001154,0.36818956899969635,1496,1368,True,True,1,2,0,0,True,0.01642829099910159,0.18039778900038073,0.0,0.0,0.00010184900020249188,False,
diag00_a1_s23_llama1b_kv3072_cap12-07_long_burst_guard_fast,llama1b,3072,12,23,long,burst,guard_fast,11,cmpl-diag00_a1_s23_llama1b_kv3072_cap12-07_long_burst_guard_fast-r11-0-9273ab8a,7273.458208266,7273.658623619,7273.831040248,0.20041535299969837,0.1724166290005087,0.37283198200020706,1498,1370,True,True,1,2,0,0,True,0.01526751100027468,0.18506046799939213,0.0,0.0,8.737400003155926e-05,False,
diag00_a1_s23_llama1b_kv3072_cap12-07_long_burst_guard_fast,llama1b,3072,12,23,long,burst,guard_fast,11,cmpl-diag00_a1_s23_llama1b_kv3072_cap12-07_long_burst_guard_fast-r11-0-9273ab8a,7273.830409009,7274.028298395,7274.197487811,0.19788938600049732,0.16918941600033577,0.3670788020008331,1500,1372,True,True,1,2,0,0,True,0.013780821000182186,0.18402135799988173,0.0,0.0,8.720700043340912e-05,False,
diag00_a1_s23_llama1b_kv3072_cap12-07_long_burst_guard_fast,llama1b,3072,12,23,long,burst,guard_fast,11,cmpl-diag00_a1_s23_llama1b_kv3072_cap12-07_long_burst_guard_fast-r11-0-9273ab8a,7274.196911064,7274.396617029,7274.569897539,0.1997059649993389,0.17328051000004052,0.3729864749993794,1502,1374,True,True,1,2,0,0,True,0.0147124420000182,0.18489122599930852,0.0,0.0,0.00010229700001218589,False,
diag00_a1_s23_llama1b_kv3072_cap12-07_long_burst_guard_fast,llama1b,3072,12,23,long,burst,guard_fast,11,cmpl-diag00_a1_s23_llama1b_kv3072_cap12-07_long_burst_guard_fast-r11-0-9273ab8a,7274.569248522,7274.76793325,7274.940089484,0.198684728000444,0.17215623399988544,0.37084096200032945,1504,1376,True,True,1,2,0,0,True,0.01621692000026087,0.18238099300015165,0.0,0.0,8.681500003149267e-05,False,
diag00_a1_s23_llama1b_kv3072_cap12-07_long_burst_guard_fast,llama1b,3072,12,23,long,burst,guard_fast,11,cmpl-diag00_a1_s23_llama1b_kv3072_cap12-07_long_burst_guard_fast-r11-0-9273ab8a,7274.939517651,7275.137123042,7275.309701506,0.19760539100025198,0.172578464000253,0.370183855000505,1506,1378,True,True,1,2,0,0,True,0.014274193000346713,0.18323744799999986,0.0,0.0,9.374999990541255e-05,False,
diag00_a1_s23_llama1b_kv3072_cap12-07_long_burst_guard_fast,llama1b,3072,12,23,long,burst,guard_fast,11,cmpl-diag00_a1_s23_llama1b_kv3072_cap12-07_long_burst_guard_fast-r11-0-9273ab8a,7275.309205758,7275.511609958,7275.683725738,0.2024042000002737,0.1721157800002402,0.3745199800005139,1508,1380,True,True,1,2,0,0,True,0.015030760000627197,0.18722173799960729,0.0,0.0,0.00015170200003922218,False,
diag00_a1_s23_llama1b_kv3072_cap12-07_long_burst_guard_fast,llama1b,3072,12,23,long,burst,guard_fast,11,cmpl-diag00_a1_s23_llama1b_kv3072_cap12-07_long_burst_guard_fast-r11-0-9273ab8a,7275.683038712,7275.880671076,7276.053207368,0.1976323640001283,0.1725362919996769,0.3701686559998052,1510,1382,True,True,1,2,0,0,True,0.015294822999749158,0.1822398840004098,0.0,0.0,9.765699996933108e-05,False,
diag00_a1_s23_llama1b_kv3072_cap12-07_long_burst_guard_fast,llama1b,3072,12,23,long,burst,guard_fast,11,cmpl-diag00_a1_s23_llama1b_kv3072_cap12-07_long_burst_guard_fast-r11-0-9273ab8a,7276.052483568,7276.25180686,7276.425922388,0.19932329200037202,0.17411552799967467,0.3734388200000467,1512,1384,True,True,1,2,0,0,True,0.0159326120001424,0.18329432799964707,0.0,0.0,9.635200058255577e-05,False,
diag00_a1_s23_llama1b_kv3072_cap12-07_long_burst_guard_fast,llama1b,3072,12,23,long,burst,guard_fast,11,cmpl-diag00_a1_s23_llama1b_kv3072_cap12-07_long_burst_guard_fast-r11-0-9273ab8a,7276.42480326,7276.625438541,7276.799954934,0.2006352810003591,0.17451639299997623,0.37515167400033533,1514,1386,True,True,1,2,0,0,True,0.015100297000572027,0.18544917299914232,0.0,0.0,8.581100064475322e-05,False,
diag00_a1_s23_llama1b_kv3072_cap12-07_long_burst_guard_fast,llama1b,3072,12,23,long,burst,guard_fast,11,cmpl-diag00_a1_s23_llama1b_kv3072_cap12-07_long_burst_guard_fast-r11-0-9273ab8a,7276.799185948,7276.997642987,7277.169831891,0.1984570390004592,0.1721889039999951,0.3706459430004543,1516,1388,True,True,1,2,0,0,True,0.014306611999927554,0.1840534460006893,0.0,0.0,9.698099984234432e-05,False,
diag00_a1_s23_llama1b_kv3072_cap12-07_long_burst_guard_fast,llama1b,3072,12,23,long,burst,guard_fast,11,cmpl-diag00_a1_s23_llama1b_kv3072_cap12-07_long_burst_guard_fast-r11-0-9273ab8a,7277.169272511,7277.368723551,7277.543210226,0.19945103999998537,0.17448667500048032,0.3739377150004657,1518,1390,True,True,1,2,0,0,True,0.014725806000569719,0.18462481999995362,0.0,0.0,0.00010041399946203455,False,
diag00_a1_s23_llama1b_kv3072_cap12-07_long_burst_guard_fast,llama1b,3072,12,23,long,burst,guard_fast,11,cmpl-diag00_a1_s23_llama1b_kv3072_cap12-07_long_burst_guard_fast-r11-0-9273ab8a,7277.54203496,7277.742782412,7277.92005332,0.20074745200054167,0.17727090799962752,0.3780183600001692,1520,1392,True,True,1,2,0,0,True,0.015545725999800197,0.18509993299994676,0.0,0.0,0.00010179300079471432,False,
diag00_a1_s23_llama1b_kv3072_cap12-07_long_burst_guard_fast,llama1b,3072,12,23,long,burst,guard_fast,11,cmpl-diag00_a1_s23_llama1b_kv3072_cap12-07_long_burst_guard_fast-r11-0-9273ab8a,7277.918935619,7278.116617209,7278.286818149,0.1976815899997746,0.17020094000054087,0.36788253000031546,1522,1394,True,True,1,2,0,0,True,0.013587506000476424,0.18396688699976949,0.0,0.0,0.00012719699952867813,False,
diag00_a1_s23_llama1b_kv3072_cap12-07_long_burst_guard_fast,llama1b,3072,12,23,long,burst,guard_fast,11,cmpl-diag00_a1_s23_llama1b_kv3072_cap12-07_long_burst_guard_fast-r11-0-9273ab8a,7278.286123849,7278.485595708,7278.662684094,0.19947185899945907,0.17708838599992305,0.3765602449993821,1524,1396,True,True,1,2,0,0,True,0.013919622999310377,0.18541203299992048,0.0,0.0,0.00014020300022821175,False,
diag00_a1_s23_llama1b_kv3072_cap12-07_long_burst_guard_fast,llama1b,3072,12,23,long,burst,guard_fast,11,cmpl-diag00_a1_s23_llama1b_kv3072_cap12-07_long_burst_guard_fast-r11-0-9273ab8a,7278.662064251,7278.864477138,7279.040519179,0.2024128870007189,0.17604204099916387,0.3784549279998828,1526,1398,True,True,1,2,0,0,True,0.016365391999897838,0.1858650000003763,0.0,0.0,0.00018249500044476008,False,
diag00_a1_s23_llama1b_kv3072_cap12-07_long_burst_guard_fast,llama1b,3072,12,23,long,burst,guard_fast,11,cmpl-diag00_a1_s23_llama1b_kv3072_cap12-07_long_burst_guard_fast-r11-0-9273ab8a,7279.039918285,7279.236795306,7279.407972639,0.19687702100054594,0.1711773329998323,0.3680543540003782,1528,1400,True,True,1,2,0,0,True,0.015969129000040994,0.1808046980004292,0.0,0.0,0.00010319400007574586,False,
diag00_a1_s23_llama1b_kv3072_cap12-07_long_burst_guard_fast,llama1b,3072,12,23,long,burst,guard_fast,11,cmpl-diag00_a1_s23_llama1b_kv3072_cap12-07_long_burst_guard_fast-r11-0-9273ab8a,7279.407308922,7279.608546082,7279.785659365,0.2012371600003462,0.177113282999926,0.3783504430002722,1530,1402,True,True,1,2,0,0,True,0.01746666799954255,0.18367105000015727,0.0,0.0,9.944200064637698e-05,False,
diag00_a1_s23_llama1b_kv3072_cap12-07_long_burst_guard_fast,llama1b,3072,12,23,long,burst,guard_fast,11,cmpl-diag00_a1_s23_llama1b_kv3072_cap12-07_long_burst_guard_fast-r11-0-9273ab8a,7279.785058944,7279.987154908,7280.156954511,0.2020959639994544,0.16979960299977392,0.3718955669992283,1532,1404,True,True,1,2,0,0,True,0.015404440999191138,0.18658813100046245,0.0,0.0,0.00010339199980080593,False,
diag00_a1_s23_llama1b_kv3072_cap12-07_long_burst_guard_fast,llama1b,3072,12,23,long,burst,guard_fast,11,cmpl-diag00_a1_s23_llama1b_kv3072_cap12-07_long_burst_guard_fast-r11-0-9273ab8a,7280.156402846,7280.35436222,7280.527059546,0.19795937400067487,0.17269732599925192,0.3706566999999268,1534,1406,True,True,1,2,0,0,True,0.015529938000327093,0.1823249629997008,0.0,0.0,0.00010447300064697629,False,
diag00_a1_s23_llama1b_kv3072_cap12-07_long_burst_guard_fast,llama1b,3072,12,23,long,burst,guard_fast,11,cmpl-diag00_a1_s23_llama1b_kv3072_cap12-07_long_burst_guard_fast-r11-0-9273ab8a,7280.525642874,7280.729343518,7280.911722563,0.2037006439995821,0.18237904499983415,0.38607968899941625,1536,1408,True,True,1,2,0,0,True,0.01744207899992034,0.18615821399998822,0.0,0.0,0.00010035099967353744,False,
diag00_a1_s23_llama1b_kv3072_cap12-07_long_burst_guard_fast,llama1b,3072,12,23,long,burst,guard_fast,11,cmpl-diag00_a1_s23_llama1b_kv3072_cap12-07_long_burst_guard_fast-r11-0-9273ab8a,7280.910968939,7281.121936031,7281.301229382,0.21096709199991892,0.17929335100052413,0.39026044300044305,1538,1410,True,True,1,2,0,0,True,0.015674784000111686,0.19520968000051653,0.0,0.0,8.262799929070752e-05,False,
diag00_a1_s23_llama1b_kv3072_cap12-07_long_burst_guard_fast,llama1b,3072,12,23,long,burst,guard_fast,11,cmpl-diag00_a1_s23_llama1b_kv3072_cap12-07_long_burst_guard_fast-r11-0-9273ab8a,7281.300560742,7281.508737649,7281.694251259,0.20817690700005187,0.185513610000271,0.39369051700032287,1540,1412,True,True,1,2,0,0,True,0.014563523000106215,0.19351284399999713,0.0,0.0,0.00010053999994852347,False,
diag00_a1_s23_llama1b_kv3072_cap12-07_long_burst_guard_fast,llama1b,3072,12,23,long,burst,guard_fast,11,cmpl-diag00_a1_s23_llama1b_kv3072_cap12-07_long_burst_guard_fast-r11-0-9273ab8a,7281.693242063,7281.904551933,7282.088581052,0.2113098700001501,0.18402911900011532,0.39533898900026543,1542,1414,True,True,1,2,0,0,True,0.014490734999526467,0.19671383000058995,0.0,0.0,0.00010530500003369525,False,
diag00_a1_s23_llama1b_kv3072_cap12-07_long_burst_guard_fast,llama1b,3072,12,23,long,burst,guard_fast,11,cmpl-diag00_a1_s23_llama1b_kv3072_cap12-07_long_burst_guard_fast-r11-0-9273ab8a,7282.087516204,7282.294405965,7282.476440132,0.20688976099972933,0.18203416699998343,0.38892392799971276,1544,1416,True,True,1,2,0,0,True,0.015097407000212115,0.19168395199994848,0.0,0.0,0.0001084019995687413,False,
diag00_a1_s23_llama1b_kv3072_cap12-07_long_burst_guard_fast,llama1b,3072,12,23,long,burst,guard_fast,11,cmpl-diag00_a1_s23_llama1b_kv3072_cap12-07_long_burst_guard_fast-r11-0-9273ab8a,7282.475834331,7282.688486565,7282.873409154,0.21265223399950628,0.18492258900005254,0.3975748229995588,1546,1418,True,True,1,2,0,0,True,0.015296650999516714,0.1972562390001258,0.0,0.0,9.934399986377684e-05,False,
diag00_a1_s23_llama1b_kv3072_cap12-07_long_burst_guard_fast,llama1b,3072,12,23,long,burst,guard_fast,11,cmpl-diag00_a1_s23_llama1b_kv3072_cap12-07_long_burst_guard_fast-r11-0-9273ab8a,7282.872853409,7283.08325585,7283.264928132,0.21040244100004202,0.18167228200036334,0.39207472300040536,1548,1420,True,True,1,2,0,0,True,0.01602712300064013,0.19419247599944356,0.0,0.0,0.0001828419999583275,False,
diag00_a1_s23_llama1b_kv3072_cap12-07_long_burst_guard_fast,llama1b,3072,12,23,long,burst,guard_fast,11,cmpl-diag00_a1_s23_llama1b_kv3072_cap12-07_long_burst_guard_fast-r11-0-9273ab8a,7283.264288966,7283.474625288,7283.658038817,0.21033632200033026,0.18341352899915364,0.3937498509994839,1550,1422,True,True,1,2,0,0,True,0.014646198999798798,0.19559759000003396,0.0,0.0,9.253300049749669e-05,False,
diag00_a1_s23_llama1b_kv3072_cap12-07_long_burst_guard_fast,llama1b,3072,12,23,long,burst,guard_fast,11,cmpl-diag00_a1_s23_llama1b_kv3072_cap12-07_long_burst_guard_fast-r11-0-9273ab8a,7283.657443466,7283.869313631,7284.05218102,0.21187016500061873,0.1828673889995116,0.39473755400013033,1552,1424,True,True,1,2,0,0,True,0.014477810000244062,0.19728538199979084,0.0,0.0,0.00010697300058382098,False,
diag00_a1_s23_llama1b_kv3072_cap12-07_long_burst_guard_fast,llama1b,3072,12,23,long,burst,guard_fast,11,cmpl-diag00_a1_s23_llama1b_kv3072_cap12-07_long_burst_guard_fast-r11-0-9273ab8a,7284.051557512,7284.262686369,7284.452647345,0.2111288570004035,0.18996097599938366,0.4010898329997872,1554,1426,True,True,1,2,0,0,True,0.015350825000496116,0.19566184899940708,0.0,0.0,0.00011618300050031394,False,
diag00_a1_s23_llama1b_kv3072_cap12-07_long_burst_guard_fast,llama1b,3072,12,23,long,burst,guard_fast,11,cmpl-diag00_a1_s23_llama1b_kv3072_cap12-07_long_burst_guard_fast-r11-0-9273ab8a,7284.45150839,7284.656436889,7284.840970531,0.2049284990007436,0.18453364199922362,0.38946214099996723,1556,1428,True,True,1,2,0,0,True,0.015144165000492649,0.18969949799975439,0.0,0.0,8.48360004965798e-05,False,
diag00_a1_s23_llama1b_kv3072_cap12-07_long_burst_guard_fast,llama1b,3072,12,23,long,burst,guard_fast,11,cmpl-diag00_a1_s23_llama1b_kv3072_cap12-07_long_burst_guard_fast-r11-0-9273ab8a,7284.840025248,7285.050665138,7285.233975504,0.21063989000049332,0.1833103660001143,0.3939502560006076,1558,1430,True,True,1,2,0,0,True,0.015272753000317607,0.19528019199970004,0.0,0.0,8.694500047567999e-05,False,
diag00_a1_s23_llama1b_kv3072_cap12-07_long_burst_guard_fast,llama1b,3072,12,23,long,burst,guard_fast,11,cmpl-diag00_a1_s23_llama1b_kv3072_cap12-07_long_burst_guard_fast-r11-0-9273ab8a,7285.233459983,7285.443469121,7285.627671548,0.2100091379998048,0.1842024269999456,0.3942115649997504,1560,1432,True,True,1,2,0,0,True,0.014987560999543348,0.19492619600077887,0.0,0.0,9.538099948258605e-05,False,
diag00_a1_s23_llama1b_kv3072_cap12-07_long_burst_guard_fast,llama1b,3072,12,23,long,burst,guard_fast,11,cmpl-diag00_a1_s23_llama1b_kv3072_cap12-07_long_burst_guard_fast-r11-0-9273ab8a,7285.626256315,7285.837335888,7286.019094683,0.2110795729995516,0.18175879499995062,0.3928383679995022,1562,1434,True,True,1,2,0,0,True,0.016097736000119767,0.19489775999954873,0.0,0.0,8.407699988310924e-05,False,
diag00_a1_s23_llama1b_kv3072_cap12-07_long_burst_guard_fast,llama1b,3072,12,23,long,burst,guard_fast,11,cmpl-diag00_a1_s23_llama1b_kv3072_cap12-07_long_burst_guard_fast-r11-0-9273ab8a,7286.018439085,7286.232145327,7286.413345787,0.21370624199971644,0.1812004600005821,0.39490670200029854,1564,1436,True,True,1,2,0,0,True,0.016612997999800427,0.19688420900001802,0.0,0.0,0.00020903499989799457,False,
diag00_a1_s23_llama1b_kv3072_cap12-07_long_burst_guard_fast,llama1b,3072,12,23,long,burst,guard_fast,11,cmpl-diag00_a1_s23_llama1b_kv3072_cap12-07_long_burst_guard_fast-r11-0-9273ab8a,7286.412578663,7286.625259501,7286.809565221,0.21268083799986925,0.18430572000033862,0.3969865580002079,1566,1438,True,True,1,2,0,0,True,0.014671160000034433,0.19791453200014075,0.0,0.0,9.514599969406845e-05,False,
diag00_a1_s23_llama1b_kv3072_cap12-07_long_burst_guard_fast,llama1b,3072,12,23,long,burst,guard_fast,11,cmpl-diag00_a1_s23_llama1b_kv3072_cap12-07_long_burst_guard_fast-r11-0-9273ab8a,7286.808889124,7287.017527545,7287.201457296,0.20863842099970498,0.18392975099959585,0.39256817199930083,1568,1440,True,True,1,2,0,0,True,0.014124583000011626,0.19441372899927956,0.0,0.0,0.000100109000413795,False,
diag00_a1_s23_llama1b_kv3072_cap12-07_long_burst_guard_fast,llama1b,3072,12,23,long,burst,guard_fast,11,cmpl-diag00_a1_s23_llama1b_kv3072_cap12-07_long_burst_guard_fast-r11-0-9273ab8a,7287.200873397,7287.410184218,7287.592289568,0.20931082100014464,0.18210534999980155,0.3914161709999462,1570,1442,True,True,1,2,0,0,True,0.014565378000042983,0.19464809800047078,0.0,0.0,9.734499963087728e-05,False,
diag00_a1_s23_llama1b_kv3072_cap12-07_long_burst_guard_fast,llama1b,3072,12,23,long,burst,guard_fast,11,cmpl-diag00_a1_s23_llama1b_kv3072_cap12-07_long_burst_guard_fast-r11-0-9273ab8a,7287.591702143,7287.802272301,7287.990976506,0.21057015800033696,0.1887042050002492,0.39927436300058616,1572,1444,True,True,1,2,0,0,True,0.015002259000539198,0.1954858070002956,0.0,0.0,8.209199950215407e-05,False,
diag00_a1_s23_llama1b_kv3072_cap12-07_long_burst_guard_fast,llama1b,3072,12,23,long,burst,guard_fast,11,cmpl-diag00_a1_s23_llama1b_kv3072_cap12-07_long_burst_guard_fast-r11-0-9273ab8a,7287.990411837,7288.200222158,7288.383180663,0.20981032100007724,0.18295850499998778,0.392768826000065,1574,1446,True,True,1,2,0,0,True,0.013186743000005663,0.19654033000006166,0.0,0.0,8.324800000991672e-05,False,
diag00_a1_s23_llama1b_kv3072_cap12-07_long_burst_guard_fast,llama1b,3072,12,23,long,burst,guard_fast,11,cmpl-diag00_a1_s23_llama1b_kv3072_cap12-07_long_burst_guard_fast-r11-0-9273ab8a,7288.382410907,7288.594167971,7288.777912075,0.21175706400026684,0.18374410399974295,0.3955011680000098,1576,1448,True,True,1,2,0,0,True,0.013633959999424405,0.19802484500087303,0.0,0.0,9.82589999694028e-05,False,
diag00_a1_s23_llama1b_kv3072_cap12-07_long_burst_guard_fast,llama1b,3072,12,23,long,burst,guard_fast,11,cmpl-diag00_a1_s23_llama1b_kv3072_cap12-07_long_burst_guard_fast-r11-0-9273ab8a,7288.777315835,7288.991015189,7289.176179232,0.21369935399980022,0.18516404300044087,0.3988633970002411,1578,1450,True,True,1,2,0,0,True,0.01565554399985558,0.197947681000187,0.0,0.0,9.612899975763867e-05,False,
diag00_a1_s23_llama1b_kv3072_cap12-07_long_burst_guard_fast,llama1b,3072,12,23,long,burst,guard_fast,11,cmpl-diag00_a1_s23_llama1b_kv3072_cap12-07_long_burst_guard_fast-r11-0-9273ab8a,7289.175476867,7289.386442981,7289.573468354,0.21096611400025722,0.18702537300032418,0.3979914870005814,1580,1452,True,True,1,2,0,0,True,0.015062584000588686,0.195818424999743,0.0,0.0,8.510499992553378e-05,False,
diag00_a1_s23_llama1b_kv3072_cap12-07_long_burst_guard_fast,llama1b,3072,12,23,long,burst,guard_fast,11,cmpl-diag00_a1_s23_llama1b_kv3072_cap12-07_long_burst_guard_fast-r11-0-9273ab8a,7289.572834098,7289.783358066,7289.968870003,0.21052396799950657,0.1855119370002285,0.39603590499973507,1582,1454,True,True,1,2,0,0,True,0.01400571299927833,0.19638524200036045,0.0,0.0,0.00013301299986778758,False,
diag00_a1_s23_llama1b_kv3072_cap12-07_long_burst_guard_fast,llama1b,3072,12,23,long,burst,guard_fast,11,cmpl-diag00_a1_s23_llama1b_kv3072_cap12-07_long_burst_guard_fast-r11-0-9273ab8a,7289.968085377,7290.178338094,7290.363854995,0.21025271700000303,0.1855169010004829,0.39576961800048593,1584,1456,True,True,1,2,0,0,True,0.014351920000081009,0.19580283100003726,0.0,0.0,9.796599988476373e-05,False,
diag00_a1_s23_llama1b_kv3072_cap12-07_long_burst_guard_fast,llama1b,3072,12,23,long,burst,guard_fast,11,cmpl-diag00_a1_s23_llama1b_kv3072_cap12-07_long_burst_guard_fast-r11-0-9273ab8a,7290.362585999,7290.572765121,7290.757134268,0.21017912200022693,0.18436914700032503,0.39454826900055195,1586,1458,True,True,1,2,0,0,True,0.013482524000210105,0.19659875399975135,0.0,0.0,9.784400026546791e-05,False,
diag00_a1_s23_llama1b_kv3072_cap12-07_long_burst_guard_fast,llama1b,3072,12,23,long,burst,guard_fast,11,cmpl-diag00_a1_s23_llama1b_kv3072_cap12-07_long_burst_guard_fast-r11-0-9273ab8a,7290.756454963,7290.966528957,7291.152648971,0.21007399400059512,0.18612001400015288,0.396194008000748,1588,1460,True,True,1,2,0,0,True,0.014232274000278267,0.1957107990001532,0.0,0.0,0.00013092100016365293,False,
diag00_a1_s23_llama1b_kv3072_cap12-07_long_burst_guard_fast,llama1b,3072,12,23,long,burst,guard_fast,11,cmpl-diag00_a1_s23_llama1b_kv3072_cap12-07_long_burst_guard_fast-r11-0-9273ab8a,7291.152193437,7291.361527123,7291.546270116,0.20933368599980895,0.18474299300032726,0.3940766790001362,1590,1462,True,True,1,2,0,0,True,0.015560811999421276,0.19367754300037632,0.0,0.0,9.533100001135608e-05,False,
diag00_a1_s23_llama1b_kv3072_cap12-07_long_burst_guard_fast,llama1b,3072,12,23,long,burst,guard_fast,11,cmpl-diag00_a1_s23_llama1b_kv3072_cap12-07_long_burst_guard_fast-r11-0-9273ab8a,7291.545635448,7291.759280953,7291.943181304,0.21364550499947654,0.18390035100037494,0.3975458559998515,1592,1464,True,True,1,2,0,0,True,0.01477466899996216,0.19877644299958774,0.0,0.0,9.439299992664019e-05,False,
diag00_a1_s23_llama1b_kv3072_cap12-07_long_burst_guard_fast,llama1b,3072,12,23,long,burst,guard_fast,11,cmpl-diag00_a1_s23_llama1b_kv3072_cap12-07_long_burst_guard_fast-r11-0-9273ab8a,7291.942065141,7292.154859578,7292.336731135,0.21279443699950207,0.18187155700070434,0.3946659940002064,1594,1466,True,True,1,2,0,0,True,0.015475778999643808,0.1972019820004789,0.0,0.0,0.00011667599937936757,False,
diag00_a1_s23_llama1b_kv3072_cap12-07_long_burst_guard_fast,llama1b,3072,12,23,long,burst,guard_fast,11,cmpl-diag00_a1_s23_llama1b_kv3072_cap12-07_long_burst_guard_fast-r11-0-9273ab8a,7292.336145602,7292.550313419,7292.7335373,0.2141678170000887,0.1832238809993214,0.3973916979994101,1596,1468,True,True,1,2,0,0,True,0.015442461999555235,0.19863340700067056,0.0,0.0,9.194799986289581e-05,False,
diag00_a1_s23_llama1b_kv3072_cap12-07_long_burst_guard_fast,llama1b,3072,12,23,long,burst,guard_fast,11,cmpl-diag00_a1_s23_llama1b_kv3072_cap12-07_long_burst_guard_fast-r11-0-9273ab8a,7292.733064812,7292.946386877,7293.129189384,0.21332206500028406,0.18280250699990575,0.3961245720001898,1598,1470,True,True,1,2,0,0,True,0.014521916000376223,0.19869640700017044,0.0,0.0,0.00010374199973739451,False,
diag00_a1_s23_llama1b_kv3072_cap12-07_long_burst_guard_fast,llama1b,3072,12,23,long,burst,guard_fast,11,cmpl-diag00_a1_s23_llama1b_kv3072_cap12-07_long_burst_guard_fast-r11-0-9273ab8a,7293.128444678,7293.338602583,7293.528926419,0.21015790499950526,0.19032383600006142,0.4004817409995667,1600,1472,True,True,1,2,0,0,True,0.01443009800004802,0.19562369599952945,0.0,0.0,0.00010411099992779782,False,
diag00_a1_s23_llama1b_kv3072_cap12-07_long_burst_guard_fast,llama1b,3072,12,23,long,burst,guard_fast,11,cmpl-diag00_a1_s23_llama1b_kv3072_cap12-07_long_burst_guard_fast-r11-0-9273ab8a,7293.528206338,7293.737704154,7293.923308349,0.20949781600029382,0.1856041949995415,0.39510201099983533,1602,1474,True,True,1,2,0,0,True,0.01438150499961921,0.19503056000030483,0.0,0.0,8.575100036978256e-05,False,
diag00_a1_s23_llama1b_kv3072_cap12-07_long_burst_guard_fast,llama1b,3072,12,23,long,burst,guard_fast,11,cmpl-diag00_a1_s23_llama1b_kv3072_cap12-07_long_burst_guard_fast-r11-0-9273ab8a,7293.922358145,7294.135192185,7294.32057064,0.21283404000041628,0.18537845500031835,0.39821249500073463,1604,1476,True,True,1,2,0,0,True,0.01587113500045234,0.1968668190002063,0.0,0.0,9.608599975763354e-05,False,
diag00_a1_s23_llama1b_kv3072_cap12-07_long_burst_guard_fast,llama1b,3072,12,23,long,burst,guard_fast,11,cmpl-diag00_a1_s23_llama1b_kv3072_cap12-07_long_burst_guard_fast-r11-0-9273ab8a,7294.319946923,7294.532841892,7294.71788453,0.2128949689995352,0.18504263800059562,0.3979376070001308,1606,1478,True,True,1,2,0,0,True,0.014159421999465849,0.1985996339999474,0.0,0.0,0.00013591300012194552,False,
diag00_a1_s23_llama1b_kv3072_cap12-07_long_burst_guard_fast,llama1b,3072,12,23,long,burst,guard_fast,11,cmpl-diag00_a1_s23_llama1b_kv3072_cap12-07_long_burst_guard_fast-r11-0-9273ab8a,7294.717355067,7294.934612607,7295.115460705,0.21725753999999142,0.18084809799984214,0.39810563799983356,1608,1480,True,True,1,2,0,0,True,0.015187134999905538,0.2019741989997783,0.0,0.0,9.620600030757487e-05,False,
diag00_a1_s23_llama1b_kv3072_cap12-07_long_burst_guard_fast,llama1b,3072,12,23,long,burst,guard_fast,11,cmpl-diag00_a1_s23_llama1b_kv3072_cap12-07_long_burst_guard_fast-r11-0-9273ab8a,7295.11482261,7295.328948807,7295.513505256,0.21412619700004143,0.1845564489995013,0.39868264599954273,1610,1482,True,True,1,2,0,0,True,0.016444186999251542,0.19757033700079774,0.0,0.0,0.00011167299999215174,False,
diag00_a1_s23_llama1b_kv3072_cap12-07_long_burst_guard_fast,llama1b,3072,12,23,long,burst,guard_fast,11,cmpl-diag00_a1_s23_llama1b_kv3072_cap12-07_long_burst_guard_fast-r11-0-9273ab8a,7295.512753054,7295.724699113,7295.913631477,0.2119460589992741,0.18893236400072055,0.40087842299999465,1612,1484,True,True,1,2,0,0,True,0.01437313099995663,0.1974757239995597,0.0,0.0,9.720399975776672e-05,False,
diag00_a1_s23_llama1b_kv3072_cap12-07_long_burst_guard_fast,llama1b,3072,12,23,long,burst,guard_fast,11,cmpl-diag00_a1_s23_llama1b_kv3072_cap12-07_long_burst_guard_fast-r11-0-9273ab8a,7295.913032799,7296.12587448,7296.310369191,0.21284168100009992,0.18449471100029768,0.3973363920003976,1614,1486,True,True,1,2,0,0,True,0.011123361000500154,0.2016130769998199,0.0,0.0,0.00010524299977987539,False,
diag00_a1_s23_llama1b_kv3072_cap12-07_long_burst_guard_fast,llama1b,3072,12,23,long,burst,guard_fast,11,cmpl-diag00_a1_s23_llama1b_kv3072_cap12-07_long_burst_guard_fast-r11-0-9273ab8a,7296.309839313,7296.522675395,7296.71031823,0.2128360819997397,0.1876428349996786,0.4004789169994183,1616,1488,True,True,1,2,0,0,True,0.016133358999468328,0.19660492000002705,0.0,0.0,9.780300024431199e-05,False,
diag00_a1_s23_llama1b_kv3072_cap12-07_long_burst_guard_fast,llama1b,3072,12,23,long,burst,guard_fast,11,cmpl-diag00_a1_s23_llama1b_kv3072_cap12-07_long_burst_guard_fast-r11-0-9273ab8a,7296.709630073,7296.922101689,7297.110264411,0.21247161599967512,0.1881627220000155,0.4006343379996906,1618,1490,True,True,1,2,0,0,True,0.015944796000439965,0.19633855999927619,0.0,0.0,0.0001882599999589729,False,
diag00_a1_s23_llama1b_kv3072_cap12-07_long_burst_guard_fast,llama1b,3072,12,23,long,burst,guard_fast,11,cmpl-diag00_a1_s23_llama1b_kv3072_cap12-07_long_burst_guard_fast-r11-0-9273ab8a,7297.109479896,7297.32052085,7297.507318087,0.21104095400005463,0.18679723700006434,0.39783819100011897,1620,1492,True,True,1,2,0,0,True,0.017300875999353593,0.19365465700047935,0.0,0.0,8.542100022168597e-05,False,
diag00_a1_s23_llama1b_kv3072_cap12-07_long_burst_guard_fast,llama1b,3072,12,23,long,burst,guard_fast,11,cmpl-diag00_a1_s23_llama1b_kv3072_cap12-07_long_burst_guard_fast-r11-0-9273ab8a,7297.506796638,7297.719653268,7297.902208465,0.2128566299998056,0.18255519699960132,0.3954118269994069,1622,1494,True,True,1,2,0,0,True,0.011715593000189983,0.20101611199970648,0.0,0.0,0.0001249249999091262,False,
diag00_a1_s23_llama1b_kv3072_cap12-07_long_burst_guard_fast,llama1b,3072,12,23,long,burst,guard_fast,11,cmpl-diag00_a1_s23_llama1b_kv3072_cap12-07_long_burst_guard_fast-r11-0-9273ab8a,7297.901607107,7298.117321859,7298.300066453,0.2157147520001672,0.18274459399981424,0.39845934599998145,1624,1496,True,True,1,2,0,0,True,0.015565269000035187,0.20006624899997405,0.0,0.0,8.323400015797233e-05,False,
diag00_a1_s23_llama1b_kv3072_cap12-07_long_burst_guard_fast,llama1b,3072,12,23,long,burst,guard_fast,11,cmpl-diag00_a1_s23_llama1b_kv3072_cap12-07_long_burst_guard_fast-r11-0-9273ab8a,7298.298733055,7298.511264632,7298.697129574,0.21253157699993608,0.1858649420000802,0.39839651900001627,1626,1498,True,True,1,2,0,0,True,0.014772620999792707,0.1976651850000053,0.0,0.0,9.377100013807649e-05,False,
diag00_a1_s23_llama1b_kv3072_cap12-07_long_burst_guard_fast,llama1b,3072,12,23,long,burst,guard_fast,11,cmpl-diag00_a1_s23_llama1b_kv3072_cap12-07_long_burst_guard_fast-r11-0-9273ab8a,7298.696625877,7298.910221555,7299.095183813,0.21359567800027435,0.18496225800026878,0.3985579360005431,1628,1500,True,True,1,2,0,0,True,0.015493837000576605,0.19787463399916305,0.0,0.0,0.00022720700053469045,False,
diag00_a1_s23_llama1b_kv3072_cap12-07_long_burst_guard_fast,llama1b,3072,12,23,long,burst,guard_fast,11,cmpl-diag00_a1_s23_llama1b_kv3072_cap12-07_long_burst_guard_fast-r11-0-9273ab8a,7299.094505776,7299.3079926,7299.497721605,0.21348682400002872,0.18972900500011747,0.4032158290001462,1630,1502,True,True,1,2,0,0,True,0.015829488999770547,0.19756585400045878,0.0,0.0,9.148099979938706e-05,False,
diag00_a1_s23_llama1b_kv3072_cap12-07_long_burst_guard_fast,llama1b,3072,12,23,long,burst,guard_fast,11,cmpl-diag00_a1_s23_llama1b_kv3072_cap12-07_long_burst_guard_fast-r11-0-9273ab8a,7299.497166143,7299.710186946,7299.895816297,0.21302080300029047,0.18562935099998867,0.39865015400027914,1632,1504,True,True,1,2,0,0,True,0.014139597000394133,0.19878835500003333,0.0,0.0,9.285099986300338e-05,False,
diag00_a1_s23_llama1b_kv3072_cap12-07_long_burst_guard_fast,llama1b,3072,12,23,long,burst,guard_fast,11,cmpl-diag00_a1_s23_llama1b_kv3072_cap12-07_long_burst_guard_fast-r11-0-9273ab8a,7299.89523167,7300.109979318,7300.296514102,0.21474764800041157,0.1865347840002869,0.40128243200069846,1634,1506,True,True,1,2,0,0,True,0.01453114700052538,0.2001157089998742,0.0,0.0,0.00010079200001200661,False,
diag00_a1_s23_llama1b_kv3072_cap12-07_long_burst_guard_fast,llama1b,3072,12,23,long,burst,guard_fast,11,cmpl-diag00_a1_s23_llama1b_kv3072_cap12-07_long_burst_guard_fast-r11-0-9273ab8a,7300.295637838,7300.507504069,7300.6916509,0.2118662309994761,0.184146831000362,0.3960130619998381,1636,1508,True,True,1,2,0,0,True,0.015590989999509475,0.19617739400018763,0.0,0.0,9.784699977899436e-05,False,
diag00_a1_s23_llama1b_kv3072_cap12-07_long_burst_guard_fast,llama1b,3072,12,23,long,burst,guard_fast,11,cmpl-diag00_a1_s23_llama1b_kv3072_cap12-07_long_burst_guard_fast-r11-0-9273ab8a,7300.691023485,7300.905780556,7301.090004997,0.21475707099943975,0.18422444099996937,0.3989815119994091,1638,1510,True,True,1,2,0,0,True,0.016676153999469534,0.19798451699989528,0.0,0.0,9.640000007493654e-05,False,
diag00_a1_s23_llama1b_kv3072_cap12-07_long_burst_guard_fast,llama1b,3072,12,23,long,burst,guard_fast,11,cmpl-diag00_a1_s23_llama1b_kv3072_cap12-07_long_burst_guard_fast-r11-0-9273ab8a,7301.089183854,7301.304561201,7301.491483923,0.2153773469999578,0.1869227219995082,0.402300068999466,1640,1512,True,True,1,2,0,0,True,0.015280607999557105,0.20000688200070726,0.0,0.0,8.985699969343841e-05,False,
diag00_a1_s23_llama1b_kv3072_cap12-07_long_burst_guard_fast,llama1b,3072,12,23,long,burst,guard_fast,11,cmpl-diag00_a1_s23_llama1b_kv3072_cap12-07_long_burst_guard_fast-r11-0-9273ab8a,7301.49089941,7301.704675305,7301.896275657,0.2137758950002535,0.19160035200002312,0.40537624700027663,1642,1514,True,True,1,2,0,0,True,0.01484863400037284,0.1988427070000398,0.0,0.0,8.455399984086398e-05,False,
diag00_a1_s23_llama1b_kv3072_cap12-07_long_burst_guard_fast,llama1b,3072,12,23,long,burst,guard_fast,11,cmpl-diag00_a1_s23_llama1b_kv3072_cap12-07_long_burst_guard_fast-r11-0-9273ab8a,7301.895258735,7302.110054116,7302.301493408,0.21479538099993079,0.19143929199981358,0.40623467299974436,1644,1516,True,True,1,2,0,0,True,0.013182253999730165,0.20150923599976522,0.0,0.0,0.00010389100043539656,False,
diag00_a1_s23_llama1b_kv3072_cap12-07_long_burst_guard_fast,llama1b,3072,12,23,long,burst,guard_fast,11,cmpl-diag00_a1_s23_llama1b_kv3072_cap12-07_long_burst_guard_fast-r11-0-9273ab8a,7302.300806521,7302.51629676,7302.703594436,0.21549023900024622,0.18729767599961633,0.40278791499986255,1646,1518,True,True,1,2,0,0,True,0.01515699300034612,0.20004951000009896,0.0,0.0,0.00028373599980113795,False,
diag00_a1_s23_llama1b_kv3072_cap12-07_long_burst_guard_fast,llama1b,3072,12,23,long,burst,guard_fast,11,cmpl-diag00_a1_s23_llama1b_kv3072_cap12-07_long_burst_guard_fast-r11-0-9273ab8a,7302.70303261,7302.916199394,7303.108892456,0.21316678399944067,0.19269306200021674,0.4058598459996574,1648,1520,True,True,1,2,0,0,True,0.01365496299968072,0.19941575200027728,0.0,0.0,9.6068999482668e-05,False,
diag00_a1_s23_llama1b_kv3072_cap12-07_long_burst_guard_fast,llama1b,3072,12,23,long,burst,guard_fast,11,cmpl-diag00_a1_s23_llama1b_kv3072_cap12-07_long_burst_guard_fast-r11-0-9273ab8a,7303.108324711,7303.323536059,7303.512205388,0.21521134799968422,0.18866932900073152,0.40388067700041574,1650,1522,True,True,1,2,0,0,True,0.013769508999757818,0.20128665100037324,0.0,0.0,0.00015518799955316354,False,
diag00_a1_s23_llama1b_kv3072_cap12-07_long_burst_guard_fast,llama1b,3072,12,23,long,burst,guard_fast,11,cmpl-diag00_a1_s23_llama1b_kv3072_cap12-07_long_burst_guard_fast-r11-0-9273ab8a,7303.5111232,7303.727091908,7303.913510431,0.2159687080002186,0.18641852299970196,0.4023872309999206,1652,1524,True,True,1,2,0,0,True,0.014914250000401807,0.20095896099974198,0.0,0.0,9.549700007482897e-05,False,
diag00_a1_s23_llama1b_kv3072_cap12-07_long_burst_guard_fast,llama1b,3072,12,23,long,burst,guard_fast,11,cmpl-diag00_a1_s23_llama1b_kv3072_cap12-07_long_burst_guard_fast-r11-0-9273ab8a,7303.912946184,7304.131727966,7304.321365088,0.21878178199949616,0.18963712200002192,0.4084189039995181,1654,1526,True,True,1,2,0,0,True,0.016430783000032534,0.20225788900006592,0.0,0.0,9.310999939771136e-05,False,
diag00_a1_s23_llama1b_kv3072_cap12-07_long_burst_guard_fast,llama1b,3072,12,23,long,burst,guard_fast,11,cmpl-diag00_a1_s23_llama1b_kv3072_cap12-07_long_burst_guard_fast-r11-0-9273ab8a,7304.320861406,7304.53556369,7304.719214843,0.21470228399994085,0.183651153000028,0.39835343699996884,1656,1528,True,True,1,2,0,0,True,0.01225762699959887,0.20235002400022495,0.0,0.0,9.463300011702813e-05,False,
diag00_a1_s23_llama1b_kv3072_cap12-07_long_burst_guard_fast,llama1b,3072,12,23,long,burst,guard_fast,11,cmpl-diag00_a1_s23_llama1b_kv3072_cap12-07_long_burst_guard_fast-r11-0-9273ab8a,7304.718350635,7304.933766699,7305.124982323,0.21541606400023738,0.19121562399959657,0.40663168799983396,1658,1530,True,True,1,2,0,0,True,0.015308130999983405,0.20000874499964993,0.0,0.0,9.918800060404465e-05,False,
diag00_a1_s23_llama1b_kv3072_cap12-07_long_burst_guard_fast,llama1b,3072,12,23,long,burst,guard_fast,11,cmpl-diag00_a1_s23_llama1b_kv3072_cap12-07_long_burst_guard_fast-r11-0-9273ab8a,7305.12426783,7305.337903136,7305.526186107,0.21363530600046943,0.18828297100026248,0.4019182770007319,1660,1532,True,True,1,2,0,0,True,0.013259705000564281,0.20024788999944576,0.0,0.0,0.0001277110004593851,False,
diag00_a1_s23_llama1b_kv3072_cap12-07_long_burst_guard_fast,llama1b,3072,12,23,long,burst,guard_fast,11,cmpl-diag00_a1_s23_llama1b_kv3072_cap12-07_long_burst_guard_fast-r11-0-9273ab8a,7305.525721076,7305.73706571,7305.918044041,0.21134463399994274,0.1809783310000057,0.39232296499994845,1662,1534,True,True,0,2,0,0,True,0.01534747799996694,0.1958985430001121,0.0,0.0,9.861299986368977e-05,False,
diag00_a1_s23_llama1b_kv3072_cap12-07_long_burst_guard_fast,llama1b,3072,12,23,long,burst,guard_fast,9,cmpl-diag00_a1_s23_llama1b_kv3072_cap12-07_long_burst_guard_fast-r9-0-88d59262,7076.811747933,7076.958195614,7077.06578908,0.14644768099969951,0.1075934660002531,0.2540411469999526,858,346,True,True,0,8,0,0,True,0.015412633999403624,0.1309570140001597,0.0,0.0,7.803300013620174e-05,False,
diag00_a1_s23_llama1b_kv3072_cap12-07_long_burst_guard_fast,llama1b,3072,12,23,long,burst,guard_fast,9,cmpl-diag00_a1_s23_llama1b_kv3072_cap12-07_long_burst_guard_fast-r9-0-88d59262,7077.259863898,7077.402449558,7077.507578602,0.14258565999989514,0.10512904400002299,0.24771470399991813,868,356,True,True,0,5,0,0,True,0.014975031000176386,0.12752838100004737,0.0,0.0,8.224799967138097e-05,False,
diag00_a1_s23_llama1b_kv3072_cap12-07_long_burst_guard_fast,llama1b,3072,12,23,long,burst,guard_fast,9,cmpl-diag00_a1_s23_llama1b_kv3072_cap12-07_long_burst_guard_fast-r9-0-88d59262,7077.833070398,7077.979522062,7078.08620953,0.1464516639998692,0.10668746800001827,0.25313913199988747,882,370,True,True,0,8,0,0,True,0.015707382999607944,0.13066070300010324,0.0,0.0,8.357800015801331e-05,False,
diag00_a1_s23_llama1b_kv3072_cap12-07_long_burst_guard_fast,llama1b,3072,12,23,long,burst,guard_fast,9,cmpl-diag00_a1_s23_llama1b_kv3072_cap12-07_long_burst_guard_fast-r9-0-88d59262,7078.857572965,7078.999624686,7079.114829124,0.14205172099991614,0.11520443799963687,0.257256158999553,919,407,True,True,0,4,0,0,True,0.014696178000122018,0.12726965699948778,0.0,0.0,8.588600030634552e-05,False,
diag00_a1_s23_llama1b_kv3072_cap12-07_long_burst_guard_fast,llama1b,3072,12,23,long,burst,guard_fast,9,cmpl-diag00_a1_s23_llama1b_kv3072_cap12-07_long_burst_guard_fast-r9-0-88d59262,7079.868155576,7080.016915934,7080.130616135,0.1487603579998904,0.11370020100002876,0.26246055899991916,947,435,True,True,0,5,0,0,True,0.016126581999742484,0.13249738600006822,0.0,0.0,0.00013639000007970026,False,
diag00_a1_s23_llama1b_kv3072_cap12-07_long_burst_guard_fast,llama1b,3072,12,23,long,burst,guard_fast,9,cmpl-diag00_a1_s23_llama1b_kv3072_cap12-07_long_burst_guard_fast-r9-0-88d59262,7080.157295592,7080.312778526,7080.423474622,0.15548293400024704,0.1106960959996286,0.26617902999987564,951,439,True,True,0,7,0,0,True,0.01793929500036029,0.1374520739991567,0.0,0.0,9.156500073004281e-05,False,
diag00_a1_s23_llama1b_kv3072_cap12-07_long_burst_guard_fast,llama1b,3072,12,23,long,burst,guard_fast,9,cmpl-diag00_a1_s23_llama1b_kv3072_cap12-07_long_burst_guard_fast-r9-0-88d59262,7080.756087542,7080.900098336,7081.017961517,0.1440107939997688,0.11786318099984783,0.2618739749996166,967,455,True,True,0,3,0,0,True,0.014457008999670506,0.12942999999995664,0.0,0.0,0.00012378500014165184,False,
diag00_a1_s23_llama1b_kv3072_cap12-07_long_burst_guard_fast,llama1b,3072,12,23,long,burst,guard_fast,9,cmpl-diag00_a1_s23_llama1b_kv3072_cap12-07_long_burst_guard_fast-r9-0-88d59262,7081.044276096,7081.193428843,7081.314096756,0.1491527469997891,0.12066791300003388,0.26982065999982296,971,459,True,True,0,7,0,0,True,0.015923328999633668,0.13313164600003802,0.0,0.0,9.777200011740206e-05,False,
diag00_a1_s23_llama1b_kv3072_cap12-07_long_burst_guard_fast,llama1b,3072,12,23,long,burst,guard_fast,9,cmpl-diag00_a1_s23_llama1b_kv3072_cap12-07_long_burst_guard_fast-r9-0-88d59262,7082.060902771,7082.205193983,7082.321649028,0.1442912120000983,0.11645504500029347,0.2607462570003918,996,484,True,True,0,4,0,0,True,0.014799381000557332,0.12940620700010186,0.0,0.0,8.562399943912169e-05,False,
diag00_a1_s23_llama1b_kv3072_cap12-07_long_burst_guard_fast,llama1b,3072,12,23,long,burst,guard_fast,9,cmpl-diag00_a1_s23_llama1b_kv3072_cap12-07_long_burst_guard_fast-r9-0-88d59262,7082.346869396,7082.491333707,7082.607863884,0.14446431099986512,0.11653017699973134,0.26099448799959646,1000,488,True,True,0,4,0,0,True,0.016412345999924582,0.1279681400001209,0.0,0.0,8.38249998196261e-05,False,
diag00_a1_s23_llama1b_kv3072_cap12-07_long_burst_guard_fast,llama1b,3072,12,23,long,burst,guard_fast,9,cmpl-diag00_a1_s23_llama1b_kv3072_cap12-07_long_burst_guard_fast-r9-0-88d59262,7082.633963857,7082.781540674,7082.898543858,0.14757681700029934,0.1170031840001684,0.26458000100046775,1004,492,True,True,0,7,0,0,True,0.016526563000297756,0.1309668710000551,0.0,0.0,8.338299994647969e-05,False,
diag00_a1_s23_llama1b_kv3072_cap12-07_long_burst_guard_fast,llama1b,3072,12,23,long,burst,guard_fast,9,cmpl-diag00_a1_s23_llama1b_kv3072_cap12-07_long_burst_guard_fast-r9-0-88d59262,7082.92418492,7083.082550484,7083.26440346,0.15836556400063273,0.18185297599939076,0.3402185400000235,1008,496,True,True,0,4,0,0,True,0.01514392700028111,0.143015720999756,0.0,0.0,0.00020591600059560733,False,
diag00_a1_s23_llama1b_kv3072_cap12-07_long_burst_guard_fast,llama1b,3072,12,23,long,burst,guard_fast,9,cmpl-diag00_a1_s23_llama1b_kv3072_cap12-07_long_burst_guard_fast-r9-0-88d59262,7083.614629669,7083.81681657,7084.002115095,0.20218690099954983,0.18529852499978006,0.3874854259993299,1017,505,True,True,0,3,0,0,True,0.013716518999899563,0.18834631699974125,0.0,0.0,0.00012406499990902375,False,
diag00_a1_s23_llama1b_kv3072_cap12-07_long_burst_guard_fast,llama1b,3072,12,23,long,burst,guard_fast,9,cmpl-diag00_a1_s23_llama1b_kv3072_cap12-07_long_burst_guard_fast-r9-0-88d59262,7084.208573933,7084.415780925,7084.605014456,0.2072069920004651,0.18923353100035456,0.39644052300081967,1023,511,True,True,0,3,0,0,True,0.015857530000175757,0.1911740989999089,0.0,0.0,0.00017536300038045738,False,
diag00_a1_s23_llama1b_kv3072_cap12-07_long_burst_guard_fast,llama1b,3072,12,23,long,burst,guard_fast,9,cmpl-diag00_a1_s23_llama1b_kv3072_cap12-07_long_burst_guard_fast-r9-0-88d59262,7084.806853825,7085.013893451,7085.206191421,0.20703962599964143,0.19229797000025428,0.3993375959998957,1029,517,True,True,0,3,0,0,True,0.01576435999959358,0.19109462600044935,0.0,0.0,0.00018063999959849752,False,
diag00_a1_s23_llama1b_kv3072_cap12-07_long_burst_guard_fast,llama1b,3072,12,23,long,burst,guard_fast,9,cmpl-diag00_a1_s23_llama1b_kv3072_cap12-07_long_burst_guard_fast-r9-0-88d59262,7085.417605018,7085.621389492,7085.810101411,0.2037844739998036,0.1887119189996156,0.3924963929994192,1035,523,True,True,0,3,0,0,True,0.014245770999878005,0.18937064100009593,0.0,0.0,0.00016806199982966064,False,
diag00_a1_s23_llama1b_kv3072_cap12-07_long_burst_guard_fast,llama1b,3072,12,23,long,burst,guard_fast,9,cmpl-diag00_a1_s23_llama1b_kv3072_cap12-07_long_burst_guard_fast-r9-0-88d59262,7086.019798803,7086.228382718,7086.420223309,0.20858391499950812,0.1918405910000729,0.400424505999581,1041,529,True,True,0,3,0,0,True,0.016037318999224226,0.19243558800008032,0.0,0.0,0.00011100800020358292,False,
diag00_a1_s23_llama1b_kv3072_cap12-07_long_burst_guard_fast,llama1b,3072,12,23,long,burst,guard_fast,9,cmpl-diag00_a1_s23_llama1b_kv3072_cap12-07_long_burst_guard_fast-r9-0-88d59262,7086.635488366,7086.851887779,7087.043860554,0.21639941300054488,0.19197277500006749,0.40837218800061237,1047,535,True,True,0,3,0,0,True,0.01563743200040335,0.20057692499995028,0.0,0.0,0.00018505600019125268,False,
diag00_a1_s23_llama1b_kv3072_cap12-07_long_burst_guard_fast,llama1b,3072,12,23,long,burst,guard_fast,9,cmpl-diag00_a1_s23_llama1b_kv3072_cap12-07_long_burst_guard_fast-r9-0-88d59262,7087.259204982,7087.47608714,7087.66847969,0.2168821580007716,0.19239254999956756,0.40927470800033916,1053,541,True,True,0,3,0,0,True,0.015307233000385168,0.2013778930004264,0.0,0.0,0.00019703199996001786,False,
diag00_a1_s23_llama1b_kv3072_cap12-07_long_burst_guard_fast,llama1b,3072,12,23,long,burst,guard_fast,9,cmpl-diag00_a1_s23_llama1b_kv3072_cap12-07_long_burst_guard_fast-r9-0-88d59262,7087.885552685,7088.104056188,7088.295859039,0.21850350299973798,0.19180285099992034,0.4103063539996583,1059,547,True,True,0,3,0,0,True,0.014792404999752762,0.20354291900002863,0.0,0.0,0.0001681789999565808,False,
diag00_a1_s23_llama1b_kv3072_cap12-07_long_burst_guard_fast,llama1b,3072,12,23,long,burst,guard_fast,9,cmpl-diag00_a1_s23_llama1b_kv3072_cap12-07_long_burst_guard_fast-r9-0-88d59262,7088.515139339,7088.729540464,7088.922297178,0.21440112500022224,0.19275671400009742,0.40715783900031965,1065,553,True,True,0,3,0,0,True,0.015019337000012456,0.19926875100009056,0.0,0.0,0.00011303700011922047,False,
diag00_a1_s23_llama1b_kv3072_cap12-07_long_burst_guard_fast,llama1b,3072,12,23,long,burst,guard_fast,9,cmpl-diag00_a1_s23_llama1b_kv3072_cap12-07_long_burst_guard_fast-r9-0-88d59262,7089.139478977,7089.355085647,7089.549510009,0.21560666999994282,0.1944243620000634,0.41003103200000623,1071,559,True,True,0,3,0,0,True,0.01724695199936832,0.19826138600001286,0.0,0.0,9.83320005616406e-05,False,
diag00_a1_s23_llama1b_kv3072_cap12-07_long_burst_guard_fast,llama1b,3072,12,23,long,burst,guard_fast,9,cmpl-diag00_a1_s23_llama1b_kv3072_cap12-07_long_burst_guard_fast-r9-0-88d59262,7089.766281858,7089.98686261,7090.18037317,0.2205807519994778,0.19351056000050448,0.4140913119999823,1077,565,True,True,0,3,0,0,True,0.014004358999955002,0.20644376299969736,0.0,0.0,0.00013262999982543988,False,
diag00_a1_s23_llama1b_kv3072_cap12-07_long_burst_guard_fast,llama1b,3072,12,23,long,burst,guard_fast,9,cmpl-diag00_a1_s23_llama1b_kv3072_cap12-07_long_burst_guard_fast-r9-0-88d59262,7090.397252833,7090.61664675,7090.807491382,0.2193939170001613,0.19084463200033497,0.4102385490004963,1083,571,True,True,0,3,0,0,True,0.015429951000442088,0.20379445999969903,0.0,0.0,0.000169506000020192,False,
diag00_a1_s23_llama1b_kv3072_cap12-07_long_burst_guard_fast,llama1b,3072,12,23,long,burst,guard_fast,9,cmpl-diag00_a1_s23_llama1b_kv3072_cap12-07_long_burst_guard_fast-r9-0-88d59262,7091.028034541,7091.245452839,7091.449895189,0.21741829799975676,0.20444235000013578,0.42186064799989254,1089,577,True,True,0,3,0,0,True,0.014941327000087767,0.20228347800002666,0.0,0.0,0.0001934929996423307,False,
diag00_a1_s23_llama1b_kv3072_cap12-07_long_burst_guard_fast,llama1b,3072,12,23,long,burst,guard_fast,9,cmpl-diag00_a1_s23_llama1b_kv3072_cap12-07_long_burst_guard_fast-r9-0-88d59262,7091.669586456,7091.915815409,7092.129236186,0.24622895300035452,0.21342077699955553,0.45964972999991005,1095,583,True,True,0,3,0,0,True,0.024110014000143565,0.2220051419999436,0.0,0.0,0.00011379700026736828,False,
diag00_a1_s23_llama1b_kv3072_cap12-07_long_burst_guard_fast,llama1b,3072,12,23,long,burst,guard_fast,9,cmpl-diag00_a1_s23_llama1b_kv3072_cap12-07_long_burst_guard_fast-r9-0-88d59262,7092.367187665,7092.611423888,7092.838508947,0.24423622300037096,0.22708505900027376,0.4713212820006447,1101,589,True,True,0,3,0,0,True,0.018848052000066673,0.2252368800000113,0.0,0.0,0.0001512910002929857,False,
diag00_a1_s23_llama1b_kv3072_cap12-07_long_burst_guard_fast,llama1b,3072,12,23,long,burst,guard_fast,9,cmpl-diag00_a1_s23_llama1b_kv3072_cap12-07_long_burst_guard_fast-r9-0-88d59262,7093.084757821,7093.327684303,7093.542554164,0.24292648200025724,0.21486986099989736,0.4577963430001546,1107,595,True,True,0,3,0,0,True,0.018428375999974378,0.2243819250006709,0.0,0.0,0.00011618099961197004,False,
diag00_a1_s23_llama1b_kv3072_cap12-07_long_burst_guard_fast,llama1b,3072,12,23,long,burst,guard_fast,9,cmpl-diag00_a1_s23_llama1b_kv3072_cap12-07_long_burst_guard_fast-r9-0-88d59262,7093.776814951,7094.015835527,7094.224894248,0.23902057599934778,0.20905872100047418,0.44807929699982196,1113,601,True,True,0,3,0,0,True,0.018089010999574384,0.22078048799994576,0.0,0.0,0.00015107699982763734,False,
diag00_a1_s23_llama1b_kv3072_cap12-07_long_burst_guard_fast,llama1b,3072,12,23,long,burst,guard_fast,9,cmpl-diag00_a1_s23_llama1b_kv3072_cap12-07_long_burst_guard_fast-r9-0-88d59262,7094.738396281,7094.971119935,7095.10709093,0.23272365400043782,0.13597099499929755,0.36869464899973536,1123,611,True,True,1,3,0,0,True,0.015852301999984775,0.2167181510003502,0.0,0.0,0.00015320100010285387,False,
diag00_a1_s23_llama1b_kv3072_cap12-07_long_burst_guard_fast,llama1b,3072,12,23,long,burst,guard_fast,9,cmpl-diag00_a1_s23_llama1b_kv3072_cap12-07_long_burst_guard_fast-r9-0-88d59262,7095.105977245,7095.32947887,7095.555224541,0.22350162499969883,0.22574567100036802,0.44924729600006685,1125,613,True,True,1,3,0,0,True,0.016668518999722437,0.20670270500068,0.0,0.0,0.00013040099929639837,False,
diag00_a1_s23_llama1b_kv3072_cap12-07_long_burst_guard_fast,llama1b,3072,12,23,long,burst,guard_fast,9,cmpl-diag00_a1_s23_llama1b_kv3072_cap12-07_long_burst_guard_fast-r9-0-88d59262,7095.554536519,7095.716648218,7095.848585209,0.16211169899997913,0.13193699099974765,0.2940486899997268,1127,615,True,True,0,2,0,0,True,0.0278910460001498,0.1341318830000091,0.0,0.0,8.876999982021516e-05,False,
diag00_a1_s23_llama1b_kv3072_cap12-07_long_burst_guard_fast,llama1b,3072,12,23,long,burst,guard_fast,9,cmpl-diag00_a1_s23_llama1b_kv3072_cap12-07_long_burst_guard_fast-r9-0-88d59262,7095.876567696,7096.024299991,7096.230660713,0.14773229499951412,0.20636072200068156,0.3540930170001957,1131,619,True,True,1,1,0,0,True,0.14761410699975386,0.0,0.0,0.0,0.0001181879997602664,False,
diag00_a1_s23_llama1b_kv3072_cap12-07_long_burst_guard_fast,llama1b,3072,12,23,long,burst,guard_fast,9,cmpl-diag00_a1_s23_llama1b_kv3072_cap12-07_long_burst_guard_fast-r9-0-88d59262,7096.229468688,7096.401448115,7096.62666215,0.17197942699931446,0.22521403500013548,0.39719346199944994,1133,621,True,True,1,3,0,0,True,0.014941011999326292,0.15689532200030953,0.0,0.0,0.00014309299967862898,False,
diag00_a1_s23_llama1b_kv3072_cap12-07_long_burst_guard_fast,llama1b,3072,12,23,long,burst,guard_fast,9,cmpl-diag00_a1_s23_llama1b_kv3072_cap12-07_long_burst_guard_fast-r9-0-88d59262,7096.625829395,7096.805872046,7097.0108403,0.18004265099989425,0.20496825400005036,0.3850109049999446,1135,623,True,True,0,3,0,0,True,0.02704214499954105,0.15285962500001915,0.0,0.0,0.0001408810003340477,False,
diag00_a1_s23_llama1b_kv3072_cap12-07_long_burst_guard_fast,llama1b,3072,12,23,long,burst,guard_fast,9,cmpl-diag00_a1_s23_llama1b_kv3072_cap12-07_long_burst_guard_fast-r9-0-88d59262,7097.388222923,7097.53361653,7097.797935782,0.14539360699927784,0.2643192520008597,0.40971285900013754,1143,631,True,True,0,1,0,0,True,0.1452777029999197,0.0,0.0,0.0,0.00011590399935812457,False,
diag00_a1_s23_llama1b_kv3072_cap12-07_long_burst_guard_fast,llama1b,3072,12,23,long,burst,guard_fast,9,cmpl-diag00_a1_s23_llama1b_kv3072_cap12-07_long_burst_guard_fast-r9-0-88d59262,7098.163290234,7098.313489158,7098.533710022,0.15019892400050594,0.22022086400011176,0.3704197880006177,1150,638,True,True,1,1,0,0,True,0.15011109599981864,0.0,0.0,0.0,8.782800068729557e-05,False,
diag00_a1_s23_llama1b_kv3072_cap12-07_long_burst_guard_fast,llama1b,3072,12,23,long,burst,guard_fast,9,cmpl-diag00_a1_s23_llama1b_kv3072_cap12-07_long_burst_guard_fast-r9-0-88d59262,7098.532848315,7098.694561802,7098.843324521,0.1617134870002701,0.14876271899993299,0.3104762060002031,1152,640,True,True,1,3,0,0,True,0.01539364000018395,0.1462123210003483,0.0,0.0,0.00010752599973784527,False,
diag00_a1_s23_llama1b_kv3072_cap12-07_long_burst_guard_fast,llama1b,3072,12,23,long,burst,guard_fast,9,cmpl-diag00_a1_s23_llama1b_kv3072_cap12-07_long_burst_guard_fast-r9-0-88d59262,7098.842399908,7099.109142313,7099.329865906,0.2667424050005138,0.22072359300000244,0.48746599800051627,1154,642,True,True,1,2,0,0,True,0.2532354500008296,0.013345657999707328,0.0,0.0,0.00016129699997691205,False,
diag00_a1_s23_llama1b_kv3072_cap12-07_long_burst_guard_fast,llama1b,3072,12,23,long,burst,guard_fast,9,cmpl-diag00_a1_s23_llama1b_kv3072_cap12-07_long_burst_guard_fast-r9-0-88d59262,7099.329081667,7099.47573813,7099.724781073,0.14665646299999935,0.24904294299994945,0.3956994059999488,1156,644,True,True,1,2,0,0,True,0.016447935000542202,0.13009071800024685,0.0,0.0,0.00011780999921029434,False,
diag00_a1_s23_llama1b_kv3072_cap12-07_long_burst_guard_fast,llama1b,3072,12,23,long,burst,guard_fast,9,cmpl-diag00_a1_s23_llama1b_kv3072_cap12-07_long_burst_guard_fast-r9-0-88d59262,7099.723815373,7099.95430192,7100.100523559,0.23048654699960025,0.14622163900003216,0.3767081859996324,1158,646,True,True,1,3,0,0,True,0.015553932999864628,0.21477272999982233,0.0,0.0,0.0001598839999132906,False,
diag00_a1_s23_llama1b_kv3072_cap12-07_long_burst_guard_fast,llama1b,3072,12,23,long,burst,guard_fast,9,cmpl-diag00_a1_s23_llama1b_kv3072_cap12-07_long_burst_guard_fast-r9-0-88d59262,7100.099812146,7100.364694783,7100.583881503,0.26488263700048265,0.21918671999992512,0.48406935700040776,1160,648,True,True,1,2,0,0,True,0.24914524300038465,0.015627648999725352,0.0,0.0,0.00010974500037264079,False,
diag00_a1_s23_llama1b_kv3072_cap12-07_long_burst_guard_fast,llama1b,3072,12,23,long,burst,guard_fast,9,cmpl-diag00_a1_s23_llama1b_kv3072_cap12-07_long_burst_guard_fast-r9-0-88d59262,7100.582991643,7100.734114885,7100.983139109,0.1511232419998123,0.24902422400009527,0.4001474659999076,1162,650,True,True,1,2,0,0,True,0.016539192999516672,0.13445126500027982,0.0,0.0,0.00013278400001581758,False,
diag00_a1_s23_llama1b_kv3072_cap12-07_long_burst_guard_fast,llama1b,3072,12,23,long,burst,guard_fast,9,cmpl-diag00_a1_s23_llama1b_kv3072_cap12-07_long_burst_guard_fast-r9-0-88d59262,7100.982496092,7101.218920074,7101.361980836,0.23642398200081516,0.14306076199954987,0.379484744000365,1164,652,True,True,1,3,0,0,True,0.015304602000469458,0.22098594999988563,0.0,0.0,0.00013343000046006637,False,
diag00_a1_s23_llama1b_kv3072_cap12-07_long_burst_guard_fast,llama1b,3072,12,23,long,burst,guard_fast,9,cmpl-diag00_a1_s23_llama1b_kv3072_cap12-07_long_burst_guard_fast-r9-0-88d59262,7101.361269643,7101.630290504,7101.852100878,0.26902086100017186,0.22181037399968773,0.4908312349998596,1166,654,True,True,1,2,0,0,True,0.25521630399998685,0.013654768000378681,0.0,0.0,0.00014978899980633287,False,
diag00_a1_s23_llama1b_kv3072_cap12-07_long_burst_guard_fast,llama1b,3072,12,23,long,burst,guard_fast,9,cmpl-diag00_a1_s23_llama1b_kv3072_cap12-07_long_burst_guard_fast-r9-0-88d59262,7101.851274532,7102.00574336,7102.270945639,0.15446882800006279,0.26520227899982274,0.4196711069998855,1168,656,True,True,1,2,0,0,True,0.015429573999426793,0.1389056090001759,0.0,0.0,0.00013364500046009198,False,
diag00_a1_s23_llama1b_kv3072_cap12-07_long_burst_guard_fast,llama1b,3072,12,23,long,burst,guard_fast,9,cmpl-diag00_a1_s23_llama1b_kv3072_cap12-07_long_burst_guard_fast-r9-0-88d59262,7102.270303687,7102.520145522,7102.789163584,0.24984183500055224,0.26901806199930434,0.5188598969998566,1170,658,True,True,1,2,0,0,True,0.23168673800046236,0.018009495999649516,0.0,0.0,0.00014560100044036517,False,
diag00_a1_s23_llama1b_kv3072_cap12-07_long_burst_guard_fast,llama1b,3072,12,23,long,burst,guard_fast,9,cmpl-diag00_a1_s23_llama1b_kv3072_cap12-07_long_burst_guard_fast-r9-0-88d59262,7102.788194972,7103.137841265,7103.291049964,0.3496462929997506,0.15320869900006073,0.5028549919998113,1172,660,True,True,1,3,0,0,True,0.13458712499959802,0.21493477300009545,0.0,0.0,0.00012439500005712034,False,
diag00_a1_s23_llama1b_kv3072_cap12-07_long_burst_guard_fast,llama1b,3072,12,23,long,burst,guard_fast,9,cmpl-diag00_a1_s23_llama1b_kv3072_cap12-07_long_burst_guard_fast-r9-0-88d59262,7103.289732577,7103.574173655,7103.834404593,0.2844410779998725,0.2602309379999497,0.5446720159998222,1174,662,True,True,1,2,0,0,True,0.15420180399996752,0.13011063300018577,0.0,0.0,0.0001286409997192095,False,
diag00_a1_s23_llama1b_kv3072_cap12-07_long_burst_guard_fast,llama1b,3072,12,23,long,burst,guard_fast,9,cmpl-diag00_a1_s23_llama1b_kv3072_cap12-07_long_burst_guard_fast-r9-0-88d59262,7103.832692289,7103.999152847,7104.282733796,0.1664605579999261,0.28358094899977004,0.45004150699969614,1176,664,True,True,1,2,0,0,True,0.02073147600003722,0.1455973880001693,0.0,0.0,0.00013169399971957318,False,
diag00_a1_s23_llama1b_kv3072_cap12-07_long_burst_guard_fast,llama1b,3072,12,23,long,burst,guard_fast,9,cmpl-diag00_a1_s23_llama1b_kv3072_cap12-07_long_burst_guard_fast-r9-0-88d59262,7104.281435377,7104.54179589,7104.813855931,0.2603605129997959,0.27206004100025893,0.5324205540000548,1178,666,True,True,1,2,0,0,True,0.2414127620004365,0.01880237999921519,0.0,0.0,0.00014537100014422322,False,
diag00_a1_s23_llama1b_kv3072_cap12-07_long_burst_guard_fast,llama1b,3072,12,23,long,burst,guard_fast,9,cmpl-diag00_a1_s23_llama1b_kv3072_cap12-07_long_burst_guard_fast-r9-0-88d59262,7104.813177921,7105.185170208,7105.346768237,0.3719922870004666,0.16159802899983333,0.5335903160002999,1180,668,True,True,1,3,0,0,True,0.1437974979999126,0.2280753700006244,0.0,0.0,0.00011941899992962135,False,
diag00_a1_s23_llama1b_kv3072_cap12-07_long_burst_guard_fast,llama1b,3072,12,23,long,burst,guard_fast,9,cmpl-diag00_a1_s23_llama1b_kv3072_cap12-07_long_burst_guard_fast-r9-0-88d59262,7105.345963263,7105.619736568,7105.866586698,0.27377330499984964,0.24685012999998435,0.520623434999834,1182,670,True,True,1,2,0,0,True,0.14408331599952362,0.1295975900002304,0.0,0.0,9.239900009561097e-05,False,
diag00_a1_s23_llama1b_kv3072_cap12-07_long_burst_guard_fast,llama1b,3072,12,23,long,burst,guard_fast,9,cmpl-diag00_a1_s23_llama1b_kv3072_cap12-07_long_burst_guard_fast-r9-0-88d59262,7105.865688331,7106.032554499,7106.281791167,0.16686616800052434,0.24923666799986677,0.4161028360003911,1184,672,True,True,1,2,0,0,True,0.020979029000045557,0.14573054800075624,0.0,0.0,0.00015659099972253898,False,
diag00_a1_s23_llama1b_kv3072_cap12-07_long_burst_guard_fast,llama1b,3072,12,23,long,burst,guard_fast,9,cmpl-diag00_a1_s23_llama1b_kv3072_cap12-07_long_burst_guard_fast-r9-0-88d59262,7106.281147505,7106.514594581,7106.663698131,0.23344707599972025,0.14910355000029085,0.3825506260000111,1186,674,True,True,1,3,0,0,True,0.016913264999857347,0.21644848799951433,0.0,0.0,8.532300034858054e-05,False,
diag00_a1_s23_llama1b_kv3072_cap12-07_long_burst_guard_fast,llama1b,3072,12,23,long,burst,guard_fast,9,cmpl-diag00_a1_s23_llama1b_kv3072_cap12-07_long_burst_guard_fast-r9-0-88d59262,7106.662760093,7106.92309676,7107.139041318,0.2603366670000469,0.21594455800004653,0.4762812250000934,1188,676,True,True,1,2,0,0,True,0.1285260990007373,0.1316879500000141,0.0,0.0,0.00012261799929547124,False,
diag00_a1_s23_llama1b_kv3072_cap12-07_long_burst_guard_fast,llama1b,3072,12,23,long,burst,guard_fast,9,cmpl-diag00_a1_s23_llama1b_kv3072_cap12-07_long_burst_guard_fast-r9-0-88d59262,7107.138203336,7107.292361714,7107.584623023,0.15415837800082954,0.29226130899951386,0.4464196870003434,1190,678,True,True,1,2,0,0,True,0.016772616000707785,0.13722123999923497,0.0,0.0,0.00016452200088679092,False,
diag00_a1_s23_llama1b_kv3072_cap12-07_long_burst_guard_fast,llama1b,3072,12,23,long,burst,guard_fast,9,cmpl-diag00_a1_s23_llama1b_kv3072_cap12-07_long_burst_guard_fast-r9-0-88d59262,7107.583342259,7107.824125523,7108.113051218,0.24078326399921934,0.28892569500021636,0.5297089589994357,1192,680,True,True,1,2,0,0,True,0.22338264099926164,0.017265503000089666,0.0,0.0,0.00013511999986803858,False,
diag00_a1_s23_llama1b_kv3072_cap12-07_long_burst_guard_fast,llama1b,3072,12,23,long,burst,guard_fast,9,cmpl-diag00_a1_s23_llama1b_kv3072_cap12-07_long_burst_guard_fast-r9-0-88d59262,7108.111939723,7108.475834508,7108.639899759,0.363894784999502,0.16406525100046565,0.5279600359999677,1194,682,True,True,1,3,0,0,True,0.14376883299973997,0.21995932899972104,0.0,0.0,0.00016662300004099961,False,
diag00_a1_s23_llama1b_kv3072_cap12-07_long_burst_guard_fast,llama1b,3072,12,23,long,burst,guard_fast,9,cmpl-diag00_a1_s23_llama1b_kv3072_cap12-07_long_burst_guard_fast-r9-0-88d59262,7108.638618207,7108.923523291,7109.163563589,0.28490508399954706,0.24004029800016724,0.5249453819997143,1196,684,True,True,1,2,0,0,True,0.14116797800033964,0.1436062969996783,0.0,0.0,0.0001308089995291084,False,
diag00_a1_s23_llama1b_kv3072_cap12-07_long_burst_guard_fast,llama1b,3072,12,23,long,burst,guard_fast,9,cmpl-diag00_a1_s23_llama1b_kv3072_cap12-07_long_burst_guard_fast-r9-0-88d59262,7109.162906103,7109.322336891,7109.611569341,0.1594307880004635,0.2892324499998722,0.4486632380003357,1198,686,True,True,1,2,0,0,True,0.017906557000060275,0.14139613099996495,0.0,0.0,0.0001281000004382804,False,
diag00_a1_s23_llama1b_kv3072_cap12-07_long_burst_guard_fast,llama1b,3072,12,23,long,burst,guard_fast,9,cmpl-diag00_a1_s23_llama1b_kv3072_cap12-07_long_burst_guard_fast-r9-0-88d59262,7109.610370267,7109.869189431,7110.151520339,0.25881916400066984,0.28233090799949423,0.5411500720001641,1200,688,True,True,1,2,0,0,True,0.23964040300052147,0.019017289999283093,0.0,0.0,0.00016147100086527644,False,
diag00_a1_s23_llama1b_kv3072_cap12-07_long_burst_guard_fast,llama1b,3072,12,23,long,burst,guard_fast,9,cmpl-diag00_a1_s23_llama1b_kv3072_cap12-07_long_burst_guard_fast-r9-0-88d59262,7110.150755611,7110.540596101,7110.706861053,0.3898404900000969,0.16626495199943747,0.5561054419995344,1202,690,True,True,1,3,0,0,True,0.14027035100025387,0.24944623000010324,0.0,0.0,0.00012390899973979685,False,
diag00_a1_s23_llama1b_kv3072_cap12-07_long_burst_guard_fast,llama1b,3072,12,23,long,burst,guard_fast,9,cmpl-diag00_a1_s23_llama1b_kv3072_cap12-07_long_burst_guard_fast-r9-0-88d59262,7110.705426735,7110.993038519,7111.228623586,0.2876117839996368,0.23558506700010184,0.5231968509997387,1204,692,True,True,1,2,0,0,True,0.14250437499958934,0.14494288500009134,0.0,0.0,0.00016452399995614542,False,
diag00_a1_s23_llama1b_kv3072_cap12-07_long_burst_guard_fast,llama1b,3072,12,23,long,burst,guard_fast,9,cmpl-diag00_a1_s23_llama1b_kv3072_cap12-07_long_burst_guard_fast-r9-0-88d59262,7111.227511809,7111.374668839,7111.649811009,0.14715703000001668,0.27514216999952623,0.4222991999995429,1206,694,True,True,1,2,0,0,True,0.016290509000100428,0.13074204999975336,0.0,0.0,0.0001244710001628846,False,
diag00_a1_s23_llama1b_kv3072_cap12-07_long_burst_guard_fast,llama1b,3072,12,23,long,burst,guard_fast,9,cmpl-diag00_a1_s23_llama1b_kv3072_cap12-07_long_burst_guard_fast-r9-0-88d59262,7111.649094793,7111.892020076,7112.161246984,0.24292528300065896,0.26922690799983684,0.5121521910004958,1208,696,True,True,1,2,0,0,True,0.22568805300034,0.017097592000027362,0.0,0.0,0.00013963800029159756,False,
diag00_a1_s23_llama1b_kv3072_cap12-07_long_burst_guard_fast,llama1b,3072,12,23,long,burst,guard_fast,9,cmpl-diag00_a1_s23_llama1b_kv3072_cap12-07_long_burst_guard_fast-r9-0-88d59262,7112.160563099,7112.520455205,7112.670682111,0.3598921060001885,0.15022690600017086,0.5101190120003594,1210,698,True,True,1,3,0,0,True,0.12835766399985005,0.2314455680007086,0.0,0.0,8.88739996298682e-05,False,
diag00_a1_s23_llama1b_kv3072_cap12-07_long_burst_guard_fast,llama1b,3072,12,23,long,burst,guard_fast,9,cmpl-diag00_a1_s23_llama1b_kv3072_cap12-07_long_burst_guard_fast-r9-0-88d59262,7112.669898927,7112.944294623,7113.161319828,0.27439569600028335,0.2170252050000272,0.49142090100031055,1212,700,True,True,1,2,0,0,True,0.13326630000028672,0.14103281400002743,0.0,0.0,9.658199996920303e-05,False,
diag00_a1_s23_llama1b_kv3072_cap12-07_long_burst_guard_fast,llama1b,3072,12,23,long,burst,guard_fast,9,cmpl-diag00_a1_s23_llama1b_kv3072_cap12-07_long_burst_guard_fast-r9-0-88d59262,7113.160435694,7113.30447013,7113.579131563,0.14403443599985621,0.2746614330008015,0.4186958690006577,1214,702,True,True,1,2,0,0,True,0.016222346000176913,0.1276712779999798,0.0,0.0,0.0001408119996995083,False,
diag00_a1_s23_llama1b_kv3072_cap12-07_long_burst_guard_fast,llama1b,3072,12,23,long,burst,guard_fast,9,cmpl-diag00_a1_s23_llama1b_kv3072_cap12-07_long_burst_guard_fast-r9-0-88d59262,7113.578436943,7113.818708587,7114.089474303,0.24027164400013135,0.2707657159999144,0.5110373600000457,1216,704,True,True,1,2,0,0,True,0.2242637740000646,0.015904209999462182,0.0,0.0,0.00010366000060457736,False,
diag00_a1_s23_llama1b_kv3072_cap12-07_long_burst_guard_fast,llama1b,3072,12,23,long,burst,guard_fast,9,cmpl-diag00_a1_s23_llama1b_kv3072_cap12-07_long_burst_guard_fast-r9-0-88d59262,7114.088786176,7114.447622608,7114.597207129,0.35883643199940707,0.14958452100017894,0.508420952999586,1218,706,True,True,1,3,0,0,True,0.1267254590002267,0.2318947889998526,0.0,0.0,0.0002161839993277681,False,
diag00_a1_s23_llama1b_kv3072_cap12-07_long_burst_guard_fast,llama1b,3072,12,23,long,burst,guard_fast,9,cmpl-diag00_a1_s23_llama1b_kv3072_cap12-07_long_burst_guard_fast-r9-0-88d59262,7114.596549903,7114.868442372,7115.090738513,0.2718924689997948,0.2222961410006974,0.4941886100004922,1220,708,True,True,1,2,0,0,True,0.12965319599970826,0.1421228940007495,0.0,0.0,0.00011637899933703011,False,
diag00_a1_s23_llama1b_kv3072_cap12-07_long_burst_guard_fast,llama1b,3072,12,23,long,burst,guard_fast,9,cmpl-diag00_a1_s23_llama1b_kv3072_cap12-07_long_burst_guard_fast-r9-0-88d59262,7115.089547713,7115.235830967,7115.509776693,0.1462832540000818,0.2739457260004201,0.4202289800005019,1222,710,True,True,1,2,0,0,True,0.016625141000076837,0.1294758770000044,0.0,0.0,0.0001822360000005574,False,
diag00_a1_s23_llama1b_kv3072_cap12-07_long_burst_guard_fast,llama1b,3072,12,23,long,burst,guard_fast,9,cmpl-diag00_a1_s23_llama1b_kv3072_cap12-07_long_burst_guard_fast-r9-0-88d59262,7115.50913674,7115.747419294,7116.035900643,0.2382825539998521,0.2884813489999942,0.5267639029998463,1224,712,True,True,1,2,0,0,True,0.22029425100026856,0.01778760199977114,0.0,0.0,0.00020070099981239764,False,
diag00_a1_s23_llama1b_kv3072_cap12-07_long_burst_guard_fast,llama1b,3072,12,23,long,burst,guard_fast,9,cmpl-diag00_a1_s23_llama1b_kv3072_cap12-07_long_burst_guard_fast-r9-0-88d59262,7116.0350223,7116.439523164,7116.600895604,0.4045008640005108,0.16137243999946804,0.5658733039999788,1226,714,True,True,1,3,0,0,True,0.1413827680007671,0.26301232500009064,0.0,0.0,0.00010577099965303205,False,
diag00_a1_s23_llama1b_kv3072_cap12-07_long_burst_guard_fast,llama1b,3072,12,23,long,burst,guard_fast,9,cmpl-diag00_a1_s23_llama1b_kv3072_cap12-07_long_burst_guard_fast-r9-0-88d59262,7116.599685541,7116.902806645,7117.145583355,0.3031211039997288,0.24277670999981638,0.5458978139995452,1228,716,True,True,1,2,0,0,True,0.14901329499934945,0.15398139400076616,0.0,0.0,0.00012641499961318914,False,
diag00_a1_s23_llama1b_kv3072_cap12-07_long_burst_guard_fast,llama1b,3072,12,23,long,burst,guard_fast,9,cmpl-diag00_a1_s23_llama1b_kv3072_cap12-07_long_burst_guard_fast-r9-0-88d59262,7117.14480266,7117.305921039,7117.60649749,0.1611183790000723,0.30057645099986985,0.46169482999994216,1230,718,True,True,1,2,0,0,True,0.01714572099990619,0.1438383189997694,0.0,0.0,0.00013433900039672153,False,
diag00_a1_s23_llama1b_kv3072_cap12-07_long_burst_guard_fast,llama1b,3072,12,23,long,burst,guard_fast,9,cmpl-diag00_a1_s23_llama1b_kv3072_cap12-07_long_burst_guard_fast-r9-0-88d59262,7117.605742212,7117.872733205,7118.174553085,0.2669909930000358,0.3018198800000391,0.5688108730000749,1232,720,True,True,1,2,0,0,True,0.2497286809993966,0.017135336000137613,0.0,0.0,0.00012697600050159963,False,
diag00_a1_s23_llama1b_kv3072_cap12-07_long_burst_guard_fast,llama1b,3072,12,23,long,burst,guard_fast,9,cmpl-diag00_a1_s23_llama1b_kv3072_cap12-07_long_burst_guard_fast-r9-0-88d59262,7118.173763177,7118.549142478,7118.698718928,0.37537930100006633,0.14957644999958575,0.5249557509996521,1234,722,True,True,1,3,0,0,True,0.12740568299977895,0.24786002000018925,0.0,0.0,0.00011359800009813625,False,
diag00_a1_s23_llama1b_kv3072_cap12-07_long_burst_guard_fast,llama1b,3072,12,23,long,burst,guard_fast,9,cmpl-diag00_a1_s23_llama1b_kv3072_cap12-07_long_burst_guard_fast-r9-0-88d59262,7118.698046933,7118.968254001,7119.203861773,0.27020706799976324,0.23560777200054872,0.505814840000312,1236,724,True,True,1,2,0,0,True,0.13102467699991394,0.13904843000000255,0.0,0.0,0.00013396099984674947,False,
diag00_a1_s23_llama1b_kv3072_cap12-07_long_burst_guard_fast,llama1b,3072,12,23,long,burst,guard_fast,9,cmpl-diag00_a1_s23_llama1b_kv3072_cap12-07_long_burst_guard_fast-r9-0-88d59262,7119.203127968,7119.347830937,7119.623098463,0.14470296899980895,0.2752675259998796,0.4199704949996885,1238,726,True,True,1,2,0,0,True,0.01533319499958452,0.1292496879996179,0.0,0.0,0.00012008600060653407,False,
diag00_a1_s23_llama1b_kv3072_cap12-07_long_burst_guard_fast,llama1b,3072,12,23,long,burst,guard_fast,9,cmpl-diag00_a1_s23_llama1b_kv3072_cap12-07_long_burst_guard_fast-r9-0-88d59262,7119.622092442,7119.868891794,7120.141607941,0.24679935199947067,0.2727161470002102,0.5195154989996809,1240,728,True,True,1,2,0,0,True,0.23222237799927825,0.014460721999967063,0.0,0.0,0.00011625200022535864,False,
diag00_a1_s23_llama1b_kv3072_cap12-07_long_burst_guard_fast,llama1b,3072,12,23,long,burst,guard_fast,9,cmpl-diag00_a1_s23_llama1b_kv3072_cap12-07_long_burst_guard_fast-r9-0-88d59262,7120.140127329,7120.511890496,7120.659460464,0.371763166999699,0.14756996800042543,0.5193331350001245,1242,730,True,True,1,3,0,0,True,0.12927160499930324,0.2423685760004446,0.0,0.0,0.0001229859999511973,False,
diag00_a1_s23_llama1b_kv3072_cap12-07_long_burst_guard_fast,llama1b,3072,12,23,long,burst,guard_fast,9,cmpl-diag00_a1_s23_llama1b_kv3072_cap12-07_long_burst_guard_fast-r9-0-88d59262,7120.658689059,7120.933906464,7121.163950512,0.2752174050001486,0.23004404800030898,0.5052614530004575,1244,732,True,True,1,2,0,0,True,0.1314030070006993,0.1437028909995206,0.0,0.0,0.00011150699992867885,False,
diag00_a1_s23_llama1b_kv3072_cap12-07_long_burst_guard_fast,llama1b,3072,12,23,long,burst,guard_fast,9,cmpl-diag00_a1_s23_llama1b_kv3072_cap12-07_long_burst_guard_fast-r9-0-88d59262,7121.163292411,7121.313495227,7121.591848876,0.15020281600027374,0.278353648999655,0.4285564649999287,1246,734,True,True,1,2,0,0,True,0.0214283980003529,0.12865386299927195,0.0,0.0,0.00012055500064889202,False,
diag00_a1_s23_llama1b_kv3072_cap12-07_long_burst_guard_fast,llama1b,3072,12,23,long,burst,guard_fast,9,cmpl-diag00_a1_s23_llama1b_kv3072_cap12-07_long_burst_guard_fast-r9-0-88d59262,7121.591111887,7121.838501055,7122.112290379,0.2473891680001543,0.27378932400006306,0.5211784920002174,1248,736,True,True,1,2,0,0,True,0.23324329699971713,0.014022508000380185,0.0,0.0,0.0001233630000569974,False,
diag00_a1_s23_llama1b_kv3072_cap12-07_long_burst_guard_fast,llama1b,3072,12,23,long,burst,guard_fast,9,cmpl-diag00_a1_s23_llama1b_kv3072_cap12-07_long_burst_guard_fast-r9-0-88d59262,7122.111525895,7122.517978318,7122.665138265,0.40645242299979145,0.1471599469996363,0.5536123699994278,1250,738,True,True,1,3,0,0,True,0.13452864400005637,0.27182985999934317,0.0,0.0,9.391900039190659e-05,False,
diag00_a1_s23_llama1b_kv3072_cap12-07_long_burst_guard_fast,llama1b,3072,12,23,long,burst,guard_fast,9,cmpl-diag00_a1_s23_llama1b_kv3072_cap12-07_long_burst_guard_fast-r9-0-88d59262,7122.664495179,7122.954570688,7123.195651016,0.2900755089995073,0.24108032799995271,0.53115583699946,1252,740,True,True,1,2,0,0,True,0.13295730899972114,0.15689728500001365,0.0,0.0,0.0002209149997725035,False,
diag00_a1_s23_llama1b_kv3072_cap12-07_long_burst_guard_fast,llama1b,3072,12,23,long,burst,guard_fast,9,cmpl-diag00_a1_s23_llama1b_kv3072_cap12-07_long_burst_guard_fast-r9-0-88d59262,7123.194872538,7123.340983601,7123.645738551,0.14611106299980747,0.30475495000064257,0.45086601300045004,1254,742,True,True,1,2,0,0,True,0.015558122000584262,0.1304319029995895,0.0,0.0,0.00012103799963369966,False,
diag00_a1_s23_llama1b_kv3072_cap12-07_long_burst_guard_fast,llama1b,3072,12,23,long,burst,guard_fast,9,cmpl-diag00_a1_s23_llama1b_kv3072_cap12-07_long_burst_guard_fast-r9-0-88d59262,7123.644833762,7123.915243022,7124.200586737,0.27040925999972387,0.2853437149997262,0.5557529749994501,1256,744,True,True,1,2,0,0,True,0.2520971509993615,0.018183297000177845,0.0,0.0,0.00012881200018455274,False,
diag00_a1_s23_llama1b_kv3072_cap12-07_long_burst_guard_fast,llama1b,3072,12,23,long,burst,guard_fast,9,cmpl-diag00_a1_s23_llama1b_kv3072_cap12-07_long_burst_guard_fast-r9-0-88d59262,7124.198965203,7124.594487349,7124.74812585,0.39552214600007574,0.1536385010003869,0.5491606470004626,1258,746,True,True,1,3,0,0,True,0.13522363100037182,0.2601319759996841,0.0,0.0,0.00016653900001983857,False,
diag00_a1_s23_llama1b_kv3072_cap12-07_long_burst_guard_fast,llama1b,3072,12,23,long,burst,guard_fast,9,cmpl-diag00_a1_s23_llama1b_kv3072_cap12-07_long_burst_guard_fast-r9-0-88d59262,7124.747304983,7125.020280953,7125.269633739,0.2729759700005161,0.24935278599969024,0.5223287560002063,1260,748,True,True,1,2,0,0,True,0.13019673100006912,0.1426768870005617,0.0,0.0,0.0001023519998852862,False,
diag00_a1_s23_llama1b_kv3072_cap12-07_long_burst_guard_fast,llama1b,3072,12,23,long,burst,guard_fast,9,cmpl-diag00_a1_s23_llama1b_kv3072_cap12-07_long_burst_guard_fast-r9-0-88d59262,7125.268842947,7125.428490231,7125.732105706,0.15964728400012973,0.3036154749997877,0.4632627589999174,1262,750,True,True,1,2,0,0,True,0.01779287099998328,0.14172701000006782,0.0,0.0,0.0001274030000786297,False,
diag00_a1_s23_llama1b_kv3072_cap12-07_long_burst_guard_fast,llama1b,3072,12,23,long,burst,guard_fast,9,cmpl-diag00_a1_s23_llama1b_kv3072_cap12-07_long_burst_guard_fast-r9-0-88d59262,7125.731277416,7126.005537104,7126.304316488,0.2742596879998018,0.29877938400022686,0.5730390720000287,1264,752,True,True,1,2,0,0,True,0.2600009649995627,0.014115107000179705,0.0,0.0,0.00014361600005941,False,
diag00_a1_s23_llama1b_kv3072_cap12-07_long_burst_guard_fast,llama1b,3072,12,23,long,burst,guard_fast,9,cmpl-diag00_a1_s23_llama1b_kv3072_cap12-07_long_burst_guard_fast-r9-0-88d59262,7126.303027175,7126.719227111,7126.885839039,0.4161999359994297,0.16661192799983837,0.5828118639992681,1266,754,True,True,1,3,0,0,True,0.144377861999601,0.27168940100000327,0.0,0.0,0.000132672999825445,False,
diag00_a1_s23_llama1b_kv3072_cap12-07_long_burst_guard_fast,llama1b,3072,12,23,long,burst,guard_fast,9,cmpl-diag00_a1_s23_llama1b_kv3072_cap12-07_long_burst_guard_fast-r9-0-88d59262,7126.884817317,7127.164814112,7127.402090142,0.27999679500044294,0.2372760299995207,0.5172728249999636,1268,756,True,True,1,2,0,0,True,0.13169560200003616,0.14816071499990358,0.0,0.0,0.00014047800050320802,False,
diag00_a1_s23_llama1b_kv3072_cap12-07_long_burst_guard_fast,llama1b,3072,12,23,long,burst,guard_fast,9,cmpl-diag00_a1_s23_llama1b_kv3072_cap12-07_long_burst_guard_fast-r9-0-88d59262,7127.401400848,7127.548493179,7127.824066907,0.14709233099983976,0.2755737280003814,0.42266605900022114,1270,758,True,True,1,2,0,0,True,0.015987126000254648,0.1309933769998679,0.0,0.0,0.0001118279997172067,False,
diag00_a1_s23_llama1b_kv3072_cap12-07_long_burst_guard_fast,llama1b,3072,12,23,long,burst,guard_fast,9,cmpl-diag00_a1_s23_llama1b_kv3072_cap12-07_long_burst_guard_fast-r9-0-88d59262,7127.823403679,7128.071868355,7128.365921764,0.24846467600036704,0.2940534089993889,0.542518084999756,1272,760,True,True,1,2,0,0,True,0.23127251500045531,0.01700749299925519,0.0,0.0,0.00018466800065652933,False,
diag00_a1_s23_llama1b_kv3072_cap12-07_long_burst_guard_fast,llama1b,3072,12,23,long,burst,guard_fast,9,cmpl-diag00_a1_s23_llama1b_kv3072_cap12-07_long_burst_guard_fast-r9-0-88d59262,7128.365087613,7128.768207979,7128.936814944,0.4031203660006213,0.1686069649995261,0.5717273310001474,1274,762,True,True,1,3,0,0,True,0.14652426400061813,0.2564591640002618,0.0,0.0,0.0001369379997413489,False,
diag00_a1_s23_llama1b_kv3072_cap12-07_long_burst_guard_fast,llama1b,3072,12,23,long,burst,guard_fast,9,cmpl-diag00_a1_s23_llama1b_kv3072_cap12-07_long_burst_guard_fast-r9-0-88d59262,7128.935597378,7129.231038719,7129.481860837,0.2954413409997869,0.2508221179996326,0.5462634589994195,1276,764,True,True,1,2,0,0,True,0.1463260860000446,0.14896064599997771,0.0,0.0,0.00015460899976460496,False,
diag00_a1_s23_llama1b_kv3072_cap12-07_long_burst_guard_fast,llama1b,3072,12,23,long,burst,guard_fast,9,cmpl-diag00_a1_s23_llama1b_kv3072_cap12-07_long_burst_guard_fast-r9-0-88d59262,7129.480967498,7129.636731372,7129.922089305,0.15576387400051317,0.2853579329994318,0.44112180699994497,1278,766,True,True,1,2,0,0,True,0.01942916799998784,0.13617641500059108,0.0,0.0,0.00015829099993425189,False,
diag00_a1_s23_llama1b_kv3072_cap12-07_long_burst_guard_fast,llama1b,3072,12,23,long,burst,guard_fast,9,cmpl-diag00_a1_s23_llama1b_kv3072_cap12-07_long_burst_guard_fast-r9-0-88d59262,7129.921129987,7130.185311906,7130.475004405,0.2641819189993839,0.2896924990000116,0.5538744179993955,1280,768,True,True,1,2,0,0,True,0.24829262999992352,0.015794670999639493,0.0,0.0,9.461799982091179e-05,False,
diag00_a1_s23_llama1b_kv3072_cap12-07_long_burst_guard_fast,llama1b,3072,12,23,long,burst,guard_fast,9,cmpl-diag00_a1_s23_llama1b_kv3072_cap12-07_long_burst_guard_fast-r9-0-88d59262,7130.474208282,7130.888840954,7131.060307177,0.4146326720001525,0.1714662229996975,0.58609889499985,1282,770,True,True,1,3,0,0,True,0.14365273699968384,0.27084347199979675,0.0,0.0,0.00013646300067193806,False,
diag00_a1_s23_llama1b_kv3072_cap12-07_long_burst_guard_fast,llama1b,3072,12,23,long,burst,guard_fast,9,cmpl-diag00_a1_s23_llama1b_kv3072_cap12-07_long_burst_guard_fast-r9-0-88d59262,7131.059514731,7131.343869005,7131.609248248,0.28435427400017943,0.26537924300009763,0.5497335170002771,1284,772,True,True,1,2,0,0,True,0.13884338600018964,0.145388059000652,0.0,0.0,0.00012282899933779845,False,
diag00_a1_s23_llama1b_kv3072_cap12-07_long_burst_guard_fast,llama1b,3072,12,23,long,burst,guard_fast,9,cmpl-diag00_a1_s23_llama1b_kv3072_cap12-07_long_burst_guard_fast-r9-0-88d59262,7131.608101318,7131.767727511,7132.066114844,0.15962619299989456,0.29838733300039166,0.4580135260002862,1286,774,True,True,1,2,0,0,True,0.02266251099990768,0.13684082399959152,0.0,0.0,0.00012285800039535388,False,
diag00_a1_s23_llama1b_kv3072_cap12-07_long_burst_guard_fast,llama1b,3072,12,23,long,burst,guard_fast,9,cmpl-diag00_a1_s23_llama1b_kv3072_cap12-07_long_burst_guard_fast-r9-0-88d59262,7132.065383656,7132.33368131,7132.648335147,0.26829765399997996,0.3146538369992413,0.5829514909992213,1288,776,True,True,1,2,0,0,True,0.2520279659993321,0.01611919900005887,0.0,0.0,0.00015048900058900472,False,
diag00_a1_s23_llama1b_kv3072_cap12-07_long_burst_guard_fast,llama1b,3072,12,23,long,burst,guard_fast,9,cmpl-diag00_a1_s23_llama1b_kv3072_cap12-07_long_burst_guard_fast-r9-0-88d59262,7132.647469102,7133.052256094,7133.220778128,0.4047869919995719,0.16852203400048893,0.5733090260000608,1290,778,True,True,1,3,0,0,True,0.13806040399958874,0.26658390300053725,0.0,0.0,0.00014268499944591895,False,
diag00_a1_s23_llama1b_kv3072_cap12-07_long_burst_guard_fast,llama1b,3072,12,23,long,burst,guard_fast,9,cmpl-diag00_a1_s23_llama1b_kv3072_cap12-07_long_burst_guard_fast-r9-0-88d59262,7133.219469415,7133.518442098,7133.790300229,0.2989726830001018,0.2718581310000445,0.5708308140001463,1292,780,True,True,1,2,0,0,True,0.13764782599992031,0.1611829419998685,0.0,0.0,0.00014191500031301985,False,
diag00_a1_s23_llama1b_kv3072_cap12-07_long_burst_guard_fast,llama1b,3072,12,23,long,burst,guard_fast,9,cmpl-diag00_a1_s23_llama1b_kv3072_cap12-07_long_burst_guard_fast-r9-0-88d59262,7133.789376928,7133.941548482,7134.226197318,0.1521715540002333,0.2846488360000876,0.4368203900003209,1294,782,True,True,1,2,0,0,True,0.02456647700000758,0.12748358299995743,0.0,0.0,0.00012149400026828516,False,
diag00_a1_s23_llama1b_kv3072_cap12-07_long_burst_guard_fast,llama1b,3072,12,23,long,burst,guard_fast,9,cmpl-diag00_a1_s23_llama1b_kv3072_cap12-07_long_burst_guard_fast-r9-0-88d59262,7134.2255229,7134.487117435,7134.771472166,0.2615945349998583,0.2843547310003487,0.545949266000207,1296,784,True,True,1,2,0,0,True,0.24499458799982676,0.016441736000160745,0.0,0.0,0.00015821099987078924,False,
diag00_a1_s23_llama1b_kv3072_cap12-07_long_burst_guard_fast,llama1b,3072,12,23,long,burst,guard_fast,9,cmpl-diag00_a1_s23_llama1b_kv3072_cap12-07_long_burst_guard_fast-r9-0-88d59262,7134.770807112,7135.153139033,7135.310822518,0.38233192100051383,0.1576834850002342,0.540015406000748,1298,786,True,True,1,3,0,0,True,0.13239101300041511,0.24977671800024837,0.0,0.0,0.00016418999985035043,False,
diag00_a1_s23_llama1b_kv3072_cap12-07_long_burst_guard_fast,llama1b,3072,12,23,long,burst,guard_fast,9,cmpl-diag00_a1_s23_llama1b_kv3072_cap12-07_long_burst_guard_fast-r9-0-88d59262,7135.310162211,7135.59106099,7135.837357516,0.2808987790003812,0.24629652600015106,0.5271953050005322,1300,788,True,True,1,2,0,0,True,0.13658805700015364,0.14420159699966462,0.0,0.0,0.00010912500056292629,False,
diag00_a1_s23_llama1b_kv3072_cap12-07_long_burst_guard_fast,llama1b,3072,12,23,long,burst,guard_fast,9,cmpl-diag00_a1_s23_llama1b_kv3072_cap12-07_long_burst_guard_fast-r9-0-88d59262,7135.836332356,7135.98488416,7136.272559121,0.14855180399990786,0.2876749610004481,0.43622676500035595,1302,790,True,True,1,2,0,0,True,0.014452979999987292,0.13399854300041625,0.0,0.0,0.00010028099950432079,False,
diag00_a1_s23_llama1b_kv3072_cap12-07_long_burst_guard_fast,llama1b,3072,12,23,long,burst,guard_fast,9,cmpl-diag00_a1_s23_llama1b_kv3072_cap12-07_long_burst_guard_fast-r9-0-88d59262,7136.271650409,7136.531289765,7136.815104232,0.2596393559997523,0.28381446699950175,0.543453822999254,1304,792,True,True,1,2,0,0,True,0.24164399199980835,0.01787014899946371,0.0,0.0,0.00012521500048023881,False,
diag00_a1_s23_llama1b_kv3072_cap12-07_long_burst_guard_fast,llama1b,3072,12,23,long,burst,guard_fast,9,cmpl-diag00_a1_s23_llama1b_kv3072_cap12-07_long_burst_guard_fast-r9-0-88d59262,7136.813838275,7137.197314862,7137.355465961,0.38347658699967724,0.1581510989999515,0.5416276859996287,1306,794,True,True,1,3,0,0,True,0.13290166799924918,0.2502678660002857,0.0,0.0,0.00030705300014233217,False,
diag00_a1_s23_llama1b_kv3072_cap12-07_long_burst_guard_fast,llama1b,3072,12,23,long,burst,guard_fast,9,cmpl-diag00_a1_s23_llama1b_kv3072_cap12-07_long_burst_guard_fast-r9-0-88d59262,7137.354727052,7137.634058029,7137.896497825,0.2793309769995176,0.26243979599985323,0.5417707729993708,1308,796,True,True,1,2,0,0,True,0.13516682899989974,0.14399937899997894,0.0,0.0,0.000164768999638909,False,
diag00_a1_s23_llama1b_kv3072_cap12-07_long_burst_guard_fast,llama1b,3072,12,23,long,burst,guard_fast,9,cmpl-diag00_a1_s23_llama1b_kv3072_cap12-07_long_burst_guard_fast-r9-0-88d59262,7137.894651239,7138.048432054,7138.335923953,0.15378081499966356,0.28749189900008787,0.44127271399975143,1310,798,True,True,1,2,0,0,True,0.021334330000172486,0.13233459799994307,0.0,0.0,0.0001118869995480054,False,
diag00_a1_s23_llama1b_kv3072_cap12-07_long_burst_guard_fast,llama1b,3072,12,23,long,burst,guard_fast,9,cmpl-diag00_a1_s23_llama1b_kv3072_cap12-07_long_burst_guard_fast-r9-0-88d59262,7138.334724634,7138.614131397,7138.902132905,0.2794067630002246,0.28800150799997937,0.567408271000204,1312,800,True,True,1,2,0,0,True,0.25937507999969966,0.01990041499993822,0.0,0.0,0.00013126800058671506,False,
diag00_a1_s23_llama1b_kv3072_cap12-07_long_burst_guard_fast,llama1b,3072,12,23,long,burst,guard_fast,9,cmpl-diag00_a1_s23_llama1b_kv3072_cap12-07_long_burst_guard_fast-r9-0-88d59262,7138.901466157,7139.297404935,7139.463314093,0.39593877799961774,0.1659091580004315,0.5618479360000492,1314,802,True,True,1,3,0,0,True,0.13102801100012584,0.2648027909999655,0.0,0.0,0.00010797599952638848,False,
diag00_a1_s23_llama1b_kv3072_cap12-07_long_burst_guard_fast,llama1b,3072,12,23,long,burst,guard_fast,9,cmpl-diag00_a1_s23_llama1b_kv3072_cap12-07_long_burst_guard_fast-r9-0-88d59262,7139.462517496,7139.759486133,7140.009421678,0.2969686369997362,0.24993554499997117,0.5469041819997074,1316,804,True,True,1,2,0,0,True,0.14777116799996293,0.14906350299952464,0.0,0.0,0.00013396600024861982,False,
diag00_a1_s23_llama1b_kv3072_cap12-07_long_burst_guard_fast,llama1b,3072,12,23,long,burst,guard_fast,9,cmpl-diag00_a1_s23_llama1b_kv3072_cap12-07_long_burst_guard_fast-r9-0-88d59262,7140.008577032,7140.1696909,7140.485633742,0.16111386800002947,0.3159428419994583,0.4770567099994878,1318,806,True,True,1,2,0,0,True,0.01746441799969034,0.14348217800034035,0.0,0.0,0.00016727199999877485,False,
diag00_a1_s23_llama1b_kv3072_cap12-07_long_burst_guard_fast,llama1b,3072,12,23,long,burst,guard_fast,9,cmpl-diag00_a1_s23_llama1b_kv3072_cap12-07_long_burst_guard_fast-r9-0-88d59262,7140.484117231,7140.761951127,7141.05426012,0.27783389600062947,0.292308993000006,0.5701428890006355,1320,808,True,True,1,2,0,0,True,0.26101020999976754,0.01672446900010982,0.0,0.0,9.921700075210538e-05,False,
diag00_a1_s23_llama1b_kv3072_cap12-07_long_burst_guard_fast,llama1b,3072,12,23,long,burst,guard_fast,9,cmpl-diag00_a1_s23_llama1b_kv3072_cap12-07_long_burst_guard_fast-r9-0-88d59262,7141.053491873,7141.467147867,7141.628455175,0.41365599399978237,0.16130730800068704,0.5749633020004694,1322,810,True,True,1,3,0,0,True,0.14608564199988905,0.2674595879998378,0.0,0.0,0.00011076400005549658,False,
diag00_a1_s23_llama1b_kv3072_cap12-07_long_burst_guard_fast,llama1b,3072,12,23,long,burst,guard_fast,9,cmpl-diag00_a1_s23_llama1b_kv3072_cap12-07_long_burst_guard_fast-r9-0-88d59262,7141.627647094,7141.920100094,7142.185415319,0.29245300000002317,0.2653152249995401,0.5577682249995632,1324,812,True,True,1,2,0,0,True,0.14370757399956346,0.14859959000023082,0.0,0.0,0.00014583600022888277,False,
diag00_a1_s23_llama1b_kv3072_cap12-07_long_burst_guard_fast,llama1b,3072,12,23,long,burst,guard_fast,9,cmpl-diag00_a1_s23_llama1b_kv3072_cap12-07_long_burst_guard_fast-r9-0-88d59262,7142.18444458,7142.343486705,7142.637204318,0.15904212500026915,0.29371761299989885,0.452759738000168,1326,814,True,True,1,2,0,0,True,0.01765529200019955,0.14124618000005285,0.0,0.0,0.00014065300001675496,False,
diag00_a1_s23_llama1b_kv3072_cap12-07_long_burst_guard_fast,llama1b,3072,12,23,long,burst,guard_fast,9,cmpl-diag00_a1_s23_llama1b_kv3072_cap12-07_long_burst_guard_fast-r9-0-88d59262,7142.636589092,7142.915559111,7143.231942605,0.2789700190005533,0.3163834939996377,0.595353513000191,1328,816,True,True,1,2,0,0,True,0.26288766600009694,0.0159423439999955,0.0,0.0,0.00014000900046085007,False,
diag00_a1_s23_llama1b_kv3072_cap12-07_long_burst_guard_fast,llama1b,3072,12,23,long,burst,guard_fast,9,cmpl-diag00_a1_s23_llama1b_kv3072_cap12-07_long_burst_guard_fast-r9-0-88d59262,7143.230790004,7143.63402514,7143.805675575,0.4032351360001485,0.17165043500062893,0.5748855710007774,1330,818,True,True,1,3,0,0,True,0.1432598979999966,0.25986391700007516,0.0,0.0,0.00011132100007671397,False,
diag00_a1_s23_llama1b_kv3072_cap12-07_long_burst_guard_fast,llama1b,3072,12,23,long,burst,guard_fast,9,cmpl-diag00_a1_s23_llama1b_kv3072_cap12-07_long_burst_guard_fast-r9-0-88d59262,7143.804876454,7144.099238663,7144.358930843,0.29436220899970067,0.2596921800004566,0.5540543890001572,1332,820,True,True,1,2,0,0,True,0.14858200199978455,0.14566079500036722,0.0,0.0,0.0001194119995489018,False,
diag00_a1_s23_llama1b_kv3072_cap12-07_long_burst_guard_fast,llama1b,3072,12,23,long,burst,guard_fast,9,cmpl-diag00_a1_s23_llama1b_kv3072_cap12-07_long_burst_guard_fast-r9-0-88d59262,7144.358123307,7144.515021997,7144.831291794,0.15689869000016188,0.3162697970001318,0.4731684870002937,1334,822,True,True,1,2,0,0,True,0.016344231000402942,0.14042362599957414,0.0,0.0,0.0001308330001847935,False,
diag00_a1_s23_llama1b_kv3072_cap12-07_long_burst_guard_fast,llama1b,3072,12,23,long,burst,guard_fast,9,cmpl-diag00_a1_s23_llama1b_kv3072_cap12-07_long_burst_guard_fast-r9-0-88d59262,7144.830342385,7145.128846416,7145.435111753,0.2985040309995384,0.3062653369997861,0.6047693679993245,1336,824,True,True,1,2,0,0,True,0.28006194199952006,0.018305006999980833,0.0,0.0,0.0001370820000374806,False,
diag00_a1_s23_llama1b_kv3072_cap12-07_long_burst_guard_fast,llama1b,3072,12,23,long,burst,guard_fast,9,cmpl-diag00_a1_s23_llama1b_kv3072_cap12-07_long_burst_guard_fast-r9-0-88d59262,7145.43432069,7145.71768369,7146.01902612,0.2833629999995537,0.3013424299997496,0.5847054299993033,1338,826,True,True,1,2,0,0,True,0.15738954799962812,0.12586907100012468,0.0,0.0,0.00010438099980092375,False,
diag00_a1_s23_llama1b_kv3072_cap12-07_long_burst_guard_fast,llama1b,3072,12,23,long,burst,guard_fast,9,cmpl-diag00_a1_s23_llama1b_kv3072_cap12-07_long_burst_guard_fast-r9-0-88d59262,7146.017771113,7146.430992969,7146.591647687,0.4132218559998364,0.16065471799993247,0.5738765739997689,1340,828,True,True,1,3,0,0,True,0.14210814200032473,0.2710177189992464,0.0,0.0,9.599500026524765e-05,False,
diag00_a1_s23_llama1b_kv3072_cap12-07_long_burst_guard_fast,llama1b,3072,12,23,long,burst,guard_fast,9,cmpl-diag00_a1_s23_llama1b_kv3072_cap12-07_long_burst_guard_fast-r9-0-88d59262,7146.590952125,7146.887838769,7147.147133502,0.2968866440005513,0.2592947329994786,0.5561813770000299,1342,830,True,True,1,2,0,0,True,0.1422652860001108,0.1543820360002428,0.0,0.0,0.000239322000197717,False,
diag00_a1_s23_llama1b_kv3072_cap12-07_long_burst_guard_fast,llama1b,3072,12,23,long,burst,guard_fast,9,cmpl-diag00_a1_s23_llama1b_kv3072_cap12-07_long_burst_guard_fast-r9-0-88d59262,7147.146170141,7147.304815156,7147.603970038,0.15864501499981998,0.2991548820000389,0.4577998969998589,1344,832,True,True,1,2,0,0,True,0.016028920000280777,0.14249911899969447,0.0,0.0,0.00011697599984472618,False,
diag00_a1_s23_llama1b_kv3072_cap12-07_long_burst_guard_fast,llama1b,3072,12,23,long,burst,guard_fast,9,cmpl-diag00_a1_s23_llama1b_kv3072_cap12-07_long_burst_guard_fast-r9-0-88d59262,7147.603302379,7147.877732408,7148.200526316,0.27443002900054125,0.3227939079997668,0.5972239370003081,1346,834,True,True,1,2,0,0,True,0.26010502300050575,0.01420586399945023,0.0,0.0,0.00011914200058527058,False,
diag00_a1_s23_llama1b_kv3072_cap12-07_long_burst_guard_fast,llama1b,3072,12,23,long,burst,guard_fast,9,cmpl-diag00_a1_s23_llama1b_kv3072_cap12-07_long_burst_guard_fast-r9-0-88d59262,7148.199087286,7148.62895745,7148.790612047,0.42987016400002176,0.16165459700005158,0.5915247610000733,1348,836,True,True,1,3,0,0,True,0.14804688100048224,0.2817212259997177,0.0,0.0,0.00010205699982179794,False,
diag00_a1_s23_llama1b_kv3072_cap12-07_long_burst_guard_fast,llama1b,3072,12,23,long,burst,guard_fast,9,cmpl-diag00_a1_s23_llama1b_kv3072_cap12-07_long_burst_guard_fast-r9-0-88d59262,7148.789659094,7149.109117175,7149.390532314,0.31945808100044815,0.281415138999364,0.6008732199998121,1350,838,True,True,1,2,0,0,True,0.1464505679996364,0.17288563000056456,0.0,0.0,0.00012188300024718046,False,
diag00_a1_s23_llama1b_kv3072_cap12-07_long_burst_guard_fast,llama1b,3072,12,23,long,burst,guard_fast,9,cmpl-diag00_a1_s23_llama1b_kv3072_cap12-07_long_burst_guard_fast-r9-0-88d59262,7149.389339583,7149.691704133,7149.974009476,0.3023645499997656,0.28230534300018917,0.5846698929999548,1352,840,True,True,1,2,0,0,True,0.14499520099980145,0.15725902400026825,0.0,0.0,0.00011032499969587661,False,
diag00_a1_s23_llama1b_kv3072_cap12-07_long_burst_guard_fast,llama1b,3072,12,23,long,burst,guard_fast,9,cmpl-diag00_a1_s23_llama1b_kv3072_cap12-07_long_burst_guard_fast-r9-0-88d59262,7149.973163954,7150.286551862,7150.566125447,0.31338790800054994,0.27957358499952534,0.5929614930000753,1354,842,True,True,1,2,0,0,True,0.14895508300014626,0.16414672000064456,0.0,0.0,0.00028610499975911807,False,
diag00_a1_s23_llama1b_kv3072_cap12-07_long_burst_guard_fast,llama1b,3072,12,23,long,burst,guard_fast,9,cmpl-diag00_a1_s23_llama1b_kv3072_cap12-07_long_burst_guard_fast-r9-0-88d59262,7150.56496874,7150.747478134,7151.082001891,0.18250939399968047,0.33452375700017,0.5170331509998505,1356,844,True,True,1,2,0,0,True,0.020746889999827545,0.16159941800015076,0.0,0.0,0.00016308599970216164,False,
diag00_a1_s23_llama1b_kv3072_cap12-07_long_burst_guard_fast,llama1b,3072,12,23,long,burst,guard_fast,9,cmpl-diag00_a1_s23_llama1b_kv3072_cap12-07_long_burst_guard_fast-r9-0-88d59262,7151.08114022,7151.364940583,7151.669362506,0.28380036300040956,0.3044219229996088,0.5882222860000184,1358,846,True,True,1,2,0,0,True,0.13377065199983917,0.149924041000304,0.0,0.0,0.00010567000026640017,False,
diag00_a1_s23_llama1b_kv3072_cap12-07_long_burst_guard_fast,llama1b,3072,12,23,long,burst,guard_fast,9,cmpl-diag00_a1_s23_llama1b_kv3072_cap12-07_long_burst_guard_fast-r9-0-88d59262,7151.668683628,7151.944036028,7152.245989438,0.2753523999999743,0.30195341000035114,0.5773058100003254,1360,848,True,True,1,2,0,0,True,0.26000260500040895,0.015237231999890355,0.0,0.0,0.00011256299967499217,False,
diag00_a1_s23_llama1b_kv3072_cap12-07_long_burst_guard_fast,llama1b,3072,12,23,long,burst,guard_fast,9,cmpl-diag00_a1_s23_llama1b_kv3072_cap12-07_long_burst_guard_fast-r9-0-88d59262,7152.245270142,7152.660291938,7152.819606828,0.41502179600047384,0.15931489000013244,0.5743366860006063,1362,850,True,True,1,3,0,0,True,0.14360057800058712,0.2712441099993157,0.0,0.0,0.0001771080005710246,False,
diag00_a1_s23_llama1b_kv3072_cap12-07_long_burst_guard_fast,llama1b,3072,12,23,long,burst,guard_fast,9,cmpl-diag00_a1_s23_llama1b_kv3072_cap12-07_long_burst_guard_fast-r9-0-88d59262,7152.818826421,7153.114853154,7153.379539481,0.2960267329999624,0.26468632700016315,0.5607130600001256,1364,852,True,True,1,2,0,0,True,0.13977207700008876,0.15613095799926668,0.0,0.0,0.00012369800060696434,False,
diag00_a1_s23_llama1b_kv3072_cap12-07_long_burst_guard_fast,llama1b,3072,12,23,long,burst,guard_fast,9,cmpl-diag00_a1_s23_llama1b_kv3072_cap12-07_long_burst_guard_fast-r9-0-88d59262,7153.378858544,7153.535226084,7153.837188897,0.15636754000024666,0.3019628129995908,0.4583303529998375,1366,854,True,True,1,2,0,0,True,0.016196790000321926,0.1400519720000375,0.0,0.0,0.00011877799988724291,False,
diag00_a1_s23_llama1b_kv3072_cap12-07_long_burst_guard_fast,llama1b,3072,12,23,long,burst,guard_fast,9,cmpl-diag00_a1_s23_llama1b_kv3072_cap12-07_long_burst_guard_fast-r9-0-88d59262,7153.836445387,7154.110692145,7154.412809765,0.27424675800011755,0.30211761999999,0.5763643780001075,1368,856,True,True,1,2,0,0,True,0.25996678400042583,0.014127634999567817,0.0,0.0,0.00015233900012390222,False,
diag00_a1_s23_llama1b_kv3072_cap12-07_long_burst_guard_fast,llama1b,3072,12,23,long,burst,guard_fast,9,cmpl-diag00_a1_s23_llama1b_kv3072_cap12-07_long_burst_guard_fast-r9-0-88d59262,7154.411917824,7154.827633352,7154.985975276,0.41571552799996425,0.15834192400052416,0.5740574520004884,1370,858,True,True,1,3,0,0,True,0.14094095300060872,0.2746165769995059,0.0,0.0,0.00015799799984961282,False,
diag00_a1_s23_llama1b_kv3072_cap12-07_long_burst_guard_fast,llama1b,3072,12,23,long,burst,guard_fast,9,cmpl-diag00_a1_s23_llama1b_kv3072_cap12-07_long_burst_guard_fast-r9-0-88d59262,7154.984988523,7155.286991234,7155.54852207,0.3020027110005685,0.2615308360000199,0.5635335470005884,1372,860,True,True,1,2,0,0,True,0.1451220260005357,0.15675828700022976,0.0,0.0,0.00012239799980306998,False,
diag00_a1_s23_llama1b_kv3072_cap12-07_long_burst_guard_fast,llama1b,3072,12,23,long,burst,guard_fast,9,cmpl-diag00_a1_s23_llama1b_kv3072_cap12-07_long_burst_guard_fast-r9-0-88d59262,7155.547087632,7155.705136633,7156.004068792,0.15804900100010855,0.29893215900028736,0.4569811600003959,1374,862,True,True,1,2,0,0,True,0.016553813000427908,0.14136641400000372,0.0,0.0,0.00012877399967692327,False,
diag00_a1_s23_llama1b_kv3072_cap12-07_long_burst_guard_fast,llama1b,3072,12,23,long,burst,guard_fast,9,cmpl-diag00_a1_s23_llama1b_kv3072_cap12-07_long_burst_guard_fast-r9-0-88d59262,7156.00333176,7156.279947552,7156.580395116,0.27661579199957487,0.3004475640000237,0.5770633559995986,1376,864,True,True,1,2,0,0,True,0.2611719679998714,0.01527803099997982,0.0,0.0,0.00016579299972363515,False,
diag00_a1_s23_llama1b_kv3072_cap12-07_long_burst_guard_fast,llama1b,3072,12,23,long,burst,guard_fast,9,cmpl-diag00_a1_s23_llama1b_kv3072_cap12-07_long_burst_guard_fast-r9-0-88d59262,7156.579653107,7156.996968203,7157.158011067,0.4173150959995837,0.1610428640005921,0.5783579600001758,1378,866,True,True,1,3,0,0,True,0.142865970999992,0.274358530000427,0.0,0.0,9.059499916475033e-05,False,
diag00_a1_s23_llama1b_kv3072_cap12-07_long_burst_guard_fast,llama1b,3072,12,23,long,burst,guard_fast,9,cmpl-diag00_a1_s23_llama1b_kv3072_cap12-07_long_burst_guard_fast-r9-0-88d59262,7157.157316049,7157.45883767,7157.7213115,0.30152162100057467,0.26247383000008995,0.5639954510006646,1380,868,True,True,1,2,0,0,True,0.14442802099983965,0.15699812800085056,0.0,0.0,9.547199988446664e-05,False,
diag00_a1_s23_llama1b_kv3072_cap12-07_long_burst_guard_fast,llama1b,3072,12,23,long,burst,guard_fast,9,cmpl-diag00_a1_s23_llama1b_kv3072_cap12-07_long_burst_guard_fast-r9-0-88d59262,7157.720645761,7157.878858159,7158.191526622,0.158212397999705,0.31266846300059115,0.47088086100029614,1382,870,True,True,1,2,0,0,True,0.017121963999670697,0.1409856119998949,0.0,0.0,0.00010482200013939291,False,
diag00_a1_s23_llama1b_kv3072_cap12-07_long_burst_guard_fast,llama1b,3072,12,23,long,burst,guard_fast,9,cmpl-diag00_a1_s23_llama1b_kv3072_cap12-07_long_burst_guard_fast-r9-0-88d59262,7158.19056908,7158.477402331,7158.780545839,0.28683325099973445,0.30314350800017564,0.5899767589999101,1384,872,True,True,1,2,0,0,True,0.1323730809999688,0.15430562399978953,0.0,0.0,0.00015454599997610785,False,
diag00_a1_s23_llama1b_kv3072_cap12-07_long_burst_guard_fast,llama1b,3072,12,23,long,burst,guard_fast,9,cmpl-diag00_a1_s23_llama1b_kv3072_cap12-07_long_burst_guard_fast-r9-0-88d59262,7158.779816961,7159.057277336,7159.359100894,0.27746037500037346,0.30182355800025107,0.5792839330006245,1386,874,True,True,1,2,0,0,True,0.2619983370004775,0.015071763999912946,0.0,0.0,0.00039027399998303736,False,
diag00_a1_s23_llama1b_kv3072_cap12-07_long_burst_guard_fast,llama1b,3072,12,23,long,burst,guard_fast,9,cmpl-diag00_a1_s23_llama1b_kv3072_cap12-07_long_burst_guard_fast-r9-0-88d59262,7159.358295849,7159.776763284,7159.937770166,0.41846743499991135,0.16100688200003788,0.5794743169999492,1388,876,True,True,1,3,0,0,True,0.14476891300000716,0.27359696600069583,0.0,0.0,0.00010155599920835812,False,
diag00_a1_s23_llama1b_kv3072_cap12-07_long_burst_guard_fast,llama1b,3072,12,23,long,burst,guard_fast,9,cmpl-diag00_a1_s23_llama1b_kv3072_cap12-07_long_burst_guard_fast-r9-0-88d59262,7159.937082017,7160.264285847,7160.532049995,0.3272038300001441,0.26776414800042403,0.5949679780005681,1390,878,True,True,1,2,0,0,True,0.15222106800047186,0.1748559749994456,0.0,0.0,0.0001267870002266136,False,
diag00_a1_s23_llama1b_kv3072_cap12-07_long_burst_guard_fast,llama1b,3072,12,23,long,burst,guard_fast,9,cmpl-diag00_a1_s23_llama1b_kv3072_cap12-07_long_burst_guard_fast-r9-0-88d59262,7160.531209038,7160.699311477,7161.021191054,0.16810243899999477,0.32187957699989056,0.48998201599988533,1392,880,True,True,1,2,0,0,True,0.01696365599946148,0.15092777400059276,0.0,0.0,0.0002110089999405318,False,
diag00_a1_s23_llama1b_kv3072_cap12-07_long_burst_guard_fast,llama1b,3072,12,23,long,burst,guard_fast,9,cmpl-diag00_a1_s23_llama1b_kv3072_cap12-07_long_burst_guard_fast-r9-0-88d59262,7161.020393992,7161.296450688,7161.59980592,0.276056695999614,0.30335523200028547,0.5794119279998995,1394,882,True,True,1,2,0,0,True,0.26131926600010047,0.014638657999967108,0.0,0.0,9.877199954644311e-05,False,
diag00_a1_s23_llama1b_kv3072_cap12-07_long_burst_guard_fast,llama1b,3072,12,23,long,burst,guard_fast,9,cmpl-diag00_a1_s23_llama1b_kv3072_cap12-07_long_burst_guard_fast-r9-0-88d59262,7161.599103226,7162.014733208,7162.174817692,0.41562998199970025,0.16008448400043562,0.5757144660001359,1396,884,True,True,1,3,0,0,True,0.14354178000030515,0.27198254599989014,0.0,0.0,0.00010565599950496107,False,
diag00_a1_s23_llama1b_kv3072_cap12-07_long_burst_guard_fast,llama1b,3072,12,23,long,burst,guard_fast,9,cmpl-diag00_a1_s23_llama1b_kv3072_cap12-07_long_burst_guard_fast-r9-0-88d59262,7162.174054773,7162.476040086,7162.74085571,0.3019853129999319,0.26481562400022085,0.5668009370001528,1398,886,True,True,1,2,0,0,True,0.14373940299992682,0.15798565200020676,0.0,0.0,0.0002602579997983412,False,
diag00_a1_s23_llama1b_kv3072_cap12-07_long_burst_guard_fast,llama1b,3072,12,23,long,burst,guard_fast,9,cmpl-diag00_a1_s23_llama1b_kv3072_cap12-07_long_burst_guard_fast-r9-0-88d59262,7162.740210478,7162.895913059,7163.199793534,0.15570258099978673,0.3038804749994597,0.4595830559992464,1400,888,True,True,1,2,0,0,True,0.014483559999462159,0.14109947300039494,0.0,0.0,0.00011954799992963672,False,
diag00_a1_s23_llama1b_kv3072_cap12-07_long_burst_guard_fast,llama1b,3072,12,23,long,burst,guard_fast,9,cmpl-diag00_a1_s23_llama1b_kv3072_cap12-07_long_burst_guard_fast-r9-0-88d59262,7163.199124176,7163.479372974,7163.784070841,0.2802487980006845,0.30469786699995893,0.5849466650006434,1402,890,True,True,1,2,0,0,True,0.2642096440004025,0.015891177999947104,0.0,0.0,0.0001479760003348929,False,
diag00_a1_s23_llama1b_kv3072_cap12-07_long_burst_guard_fast,llama1b,3072,12,23,long,burst,guard_fast,9,cmpl-diag00_a1_s23_llama1b_kv3072_cap12-07_long_burst_guard_fast-r9-0-88d59262,7163.783329364,7164.205402266,7164.362885166,0.42207290200076386,0.15748289999919507,0.5795558019999589,1404,892,True,True,1,3,0,0,True,0.14158928100005141,0.2803598790005708,0.0,0.0,0.0001237420001416467,False,
diag00_a1_s23_llama1b_kv3072_cap12-07_long_burst_guard_fast,llama1b,3072,12,23,long,burst,guard_fast,9,cmpl-diag00_a1_s23_llama1b_kv3072_cap12-07_long_burst_guard_fast-r9-0-88d59262,7164.362226054,7164.664997781,7164.930422399,0.30277172700061783,0.2654246179999973,0.5681963450006151,1406,894,True,True,1,2,0,0,True,0.14452219200029504,0.15813056499973754,0.0,0.0,0.00011897000058525009,False,
diag00_a1_s23_llama1b_kv3072_cap12-07_long_burst_guard_fast,llama1b,3072,12,23,long,burst,guard_fast,9,cmpl-diag00_a1_s23_llama1b_kv3072_cap12-07_long_burst_guard_fast-r9-0-88d59262,7164.929689666,7165.087963306,7165.402409705,0.15827364000051602,0.31444639899928006,0.4727200389997961,1408,896,True,True,1,2,0,0,True,0.015622185999745852,0.1425275830006285,0.0,0.0,0.00012387100014166208,False,
diag00_a1_s23_llama1b_kv3072_cap12-07_long_burst_guard_fast,llama1b,3072,12,23,long,burst,guard_fast,9,cmpl-diag00_a1_s23_llama1b_kv3072_cap12-07_long_burst_guard_fast-r9-0-88d59262,7165.401590782,7165.673435485,7165.985982892,0.27184470299926033,0.3125474070002383,0.5843921099994986,1410,898,True,True,1,2,0,0,True,0.1285369269999137,0.14316695999968942,0.0,0.0,0.0001408159996572067,False,
diag00_a1_s23_llama1b_kv3072_cap12-07_long_burst_guard_fast,llama1b,3072,12,23,long,burst,guard_fast,9,cmpl-diag00_a1_s23_llama1b_kv3072_cap12-07_long_burst_guard_fast-r9-0-88d59262,7165.984734266,7166.256637179,7166.571395473,0.27190291300030367,0.3147582940000575,0.5866612070003612,1412,900,True,True,1,2,0,0,True,0.12720983200051705,0.14456127799985552,0.0,0.0,0.00013180299993109656,False,
diag00_a1_s23_llama1b_kv3072_cap12-07_long_burst_guard_fast,llama1b,3072,12,23,long,burst,guard_fast,9,cmpl-diag00_a1_s23_llama1b_kv3072_cap12-07_long_burst_guard_fast-r9-0-88d59262,7166.570729069,7166.844064233,7167.156679632,0.2733351639999455,0.312615399000606,0.5859505630005515,1414,902,True,True,1,2,0,0,True,0.12820749700040324,0.14496031899943773,0.0,0.0,0.0001673480001045391,False,
diag00_a1_s23_llama1b_kv3072_cap12-07_long_burst_guard_fast,llama1b,3072,12,23,long,burst,guard_fast,9,cmpl-diag00_a1_s23_llama1b_kv3072_cap12-07_long_burst_guard_fast-r9-0-88d59262,7167.156039425,7167.428136581,7167.745335488,0.2720971560001999,0.31719890699969255,0.5892960629998925,1416,904,True,True,1,2,0,0,True,0.12944505599989498,0.1424992550000752,0.0,0.0,0.0001528450002297177,False,
diag00_a1_s23_llama1b_kv3072_cap12-07_long_burst_guard_fast,llama1b,3072,12,23,long,burst,guard_fast,9,cmpl-diag00_a1_s23_llama1b_kv3072_cap12-07_long_burst_guard_fast-r9-0-88d59262,7167.744639773,7168.01694872,7168.330516397,0.2723089470000559,0.3135676769998099,0.5858766239998658,1418,906,True,True,1,2,0,0,True,0.1280063809999774,0.1441814620002333,0.0,0.0,0.00012110399984521791,False,
diag00_a1_s23_llama1b_kv3072_cap12-07_long_burst_guard_fast,llama1b,3072,12,23,long,burst,guard_fast,9,cmpl-diag00_a1_s23_llama1b_kv3072_cap12-07_long_burst_guard_fast-r9-0-88d59262,7168.329825729,7168.604171335,7168.918167059,0.27434560599976976,0.31399572400005127,0.588341329999821,1420,908,True,True,1,2,0,0,True,0.12936186299975816,0.1448435980000795,0.0,0.0,0.00014014499993209029,False,
diag00_a1_s23_llama1b_kv3072_cap12-07_long_burst_guard_fast,llama1b,3072,12,23,long,burst,guard_fast,9,cmpl-diag00_a1_s23_llama1b_kv3072_cap12-07_long_burst_guard_fast-r9-0-88d59262,7168.917504431,7169.188618854,7169.50551613,0.2711144229997444,0.31689727599950857,0.588011698999253,1422,910,True,True,1,2,0,0,True,0.12923990999934176,0.1417562779997752,0.0,0.0,0.00011823500062746461,False,
diag00_a1_s23_llama1b_kv3072_cap12-07_long_burst_guard_fast,llama1b,3072,12,23,long,burst,guard_fast,9,cmpl-diag00_a1_s23_llama1b_kv3072_cap12-07_long_burst_guard_fast-r9-0-88d59262,7169.50475594,7169.778480168,7170.092751812,0.27372422799999185,0.3142716439997457,0.5879958719997376,1424,912,True,True,1,2,0,0,True,0.1289594070003659,0.14465298999948573,0.0,0.0,0.00011183100014022784,False,
diag00_a1_s23_llama1b_kv3072_cap12-07_long_burst_guard_fast,llama1b,3072,12,23,long,burst,guard_fast,9,cmpl-diag00_a1_s23_llama1b_kv3072_cap12-07_long_burst_guard_fast-r9-0-88d59262,7170.091987202,7170.366984744,7170.683357553,0.2749975419992552,0.3163728090003133,0.5913703509995685,1426,914,True,True,1,2,0,0,True,0.12914647499928833,0.14568379499996809,0.0,0.0,0.00016727199999877485,False,
diag00_a1_s23_llama1b_kv3072_cap12-07_long_burst_guard_fast,llama1b,3072,12,23,long,burst,guard_fast,9,cmpl-diag00_a1_s23_llama1b_kv3072_cap12-07_long_burst_guard_fast-r9-0-88d59262,7170.682126277,7170.95419562,7171.267685179,0.272069343000112,0.3134895590001179,0.5855589020002299,1428,916,True,True,1,2,0,0,True,0.12740377899990563,0.14454947500053095,0.0,0.0,0.0001160889996754122,False,
diag00_a1_s23_llama1b_kv3072_cap12-07_long_burst_guard_fast,llama1b,3072,12,23,long,burst,guard_fast,9,cmpl-diag00_a1_s23_llama1b_kv3072_cap12-07_long_burst_guard_fast-r9-0-88d59262,7171.26665758,7171.543481451,7171.85881553,0.2768238709995785,0.3153340790004222,0.5921579500000007,1430,918,True,True,1,2,0,0,True,0.13001481099945522,0.14670463600032235,0.0,0.0,0.00010442399980092887,False,
diag00_a1_s23_llama1b_kv3072_cap12-07_long_burst_guard_fast,llama1b,3072,12,23,long,burst,guard_fast,9,cmpl-diag00_a1_s23_llama1b_kv3072_cap12-07_long_burst_guard_fast-r9-0-88d59262,7171.85713799,7172.129820604,7172.446687047,0.2726826139996774,0.31686644299952604,0.5895490569992035,1432,920,True,True,1,2,0,0,True,0.12822687899915763,0.1443208450000384,0.0,0.0,0.00013489000048139133,False,
diag00_a1_s23_llama1b_kv3072_cap12-07_long_burst_guard_fast,llama1b,3072,12,23,long,burst,guard_fast,9,cmpl-diag00_a1_s23_llama1b_kv3072_cap12-07_long_burst_guard_fast-r9-0-88d59262,7172.445825355,7172.719936005,7173.034227722,0.2741106499997841,0.3142917169998327,0.5884023669996168,1434,922,True,True,1,2,0,0,True,0.12906370000018796,0.14493675899939262,0.0,0.0,0.0001101910002034856,False,
diag00_a1_s23_llama1b_kv3072_cap12-07_long_burst_guard_fast,llama1b,3072,12,23,long,burst,guard_fast,9,cmpl-diag00_a1_s23_llama1b_kv3072_cap12-07_long_burst_guard_fast-r9-0-88d59262,7173.033412031,7173.309092671,7173.626750983,0.27568064000024606,0.31765831200027606,0.5933389520005221,1436,924,True,True,1,2,0,0,True,0.12954882099984388,0.14585473500028456,0.0,0.0,0.00027708400011761114,False,
diag00_a1_s23_llama1b_kv3072_cap12-07_long_burst_guard_fast,llama1b,3072,12,23,long,burst,guard_fast,9,cmpl-diag00_a1_s23_llama1b_kv3072_cap12-07_long_burst_guard_fast-r9-0-88d59262,7173.626112275,7173.899429545,7174.213969264,0.27331727000000683,0.3145397190000949,0.5878569890001017,1438,926,True,True,1,2,0,0,True,0.12764686599984998,0.14553492499999265,0.0,0.0,0.0001354790001641959,False,
diag00_a1_s23_llama1b_kv3072_cap12-07_long_burst_guard_fast,llama1b,3072,12,23,long,burst,guard_fast,9,cmpl-diag00_a1_s23_llama1b_kv3072_cap12-07_long_burst_guard_fast-r9-0-88d59262,7174.213196432,7174.496286664,7174.817174253,0.2830902320001769,0.3208875890004492,0.6039778210006261,1440,928,True,True,1,2,0,0,True,0.13241702600043936,0.15057249500023318,0.0,0.0,0.00010071099950437201,False,
diag00_a1_s23_llama1b_kv3072_cap12-07_long_burst_guard_fast,llama1b,3072,12,23,long,burst,guard_fast,9,cmpl-diag00_a1_s23_llama1b_kv3072_cap12-07_long_burst_guard_fast-r9-0-88d59262,7174.816314197,7175.094054487,7175.413133207,0.2777402900001107,0.31907872000010684,0.5968190100002175,1442,930,True,True,1,2,0,0,True,0.1277078100001745,0.149897448000047,0.0,0.0,0.00013503199988917913,False,
diag00_a1_s23_llama1b_kv3072_cap12-07_long_burst_guard_fast,llama1b,3072,12,23,long,burst,guard_fast,9,cmpl-diag00_a1_s23_llama1b_kv3072_cap12-07_long_burst_guard_fast-r9-0-88d59262,7175.411967032,7175.695287127,7176.012591179,0.2833200949999082,0.3173040520005088,0.600624147000417,1444,932,True,True,1,2,0,0,True,0.12899656500030687,0.15421210000022256,0.0,0.0,0.00011142999937874265,False,
diag00_a1_s23_llama1b_kv3072_cap12-07_long_burst_guard_fast,llama1b,3072,12,23,long,burst,guard_fast,9,cmpl-diag00_a1_s23_llama1b_kv3072_cap12-07_long_burst_guard_fast-r9-0-88d59262,7176.01186146,7176.295771612,7176.61383043,0.2839101520003169,0.31805881800028146,0.6019689700005983,1446,934,True,True,1,2,0,0,True,0.12797482000041782,0.1558112800003073,0.0,0.0,0.0001240519995917566,False,
diag00_a1_s23_llama1b_kv3072_cap12-07_long_burst_guard_fast,llama1b,3072,12,23,long,burst,guard_fast,9,cmpl-diag00_a1_s23_llama1b_kv3072_cap12-07_long_burst_guard_fast-r9-0-88d59262,7176.613056742,7176.905648664,7177.224238419,0.2925919220006108,0.3185897550001755,0.6111816770007863,1448,936,True,True,1,2,0,0,True,0.13223036100043828,0.16026739700009784,0.0,0.0,9.416400007467018e-05,False,
diag00_a1_s23_llama1b_kv3072_cap12-07_long_burst_guard_fast,llama1b,3072,12,23,long,burst,guard_fast,9,cmpl-diag00_a1_s23_llama1b_kv3072_cap12-07_long_burst_guard_fast-r9-0-88d59262,7177.223445295,7177.511515446,7177.827961658,0.28807015100028366,0.3164462120003009,0.6045163630005845,1450,938,True,True,1,2,0,0,True,0.13055305700072495,0.15741965699999128,0.0,0.0,9.743699956743512e-05,False,
diag00_a1_s23_llama1b_kv3072_cap12-07_long_burst_guard_fast,llama1b,3072,12,23,long,burst,guard_fast,9,cmpl-diag00_a1_s23_llama1b_kv3072_cap12-07_long_burst_guard_fast-r9-0-88d59262,7177.827241054,7178.113495548,7178.433545944,0.286254493999877,0.32005039599971497,0.606304889999592,1452,940,True,True,1,2,0,0,True,0.12939395699959277,0.15671861800001352,0.0,0.0,0.00014191900027071824,False,
diag00_a1_s23_llama1b_kv3072_cap12-07_long_burst_guard_fast,llama1b,3072,12,23,long,burst,guard_fast,9,cmpl-diag00_a1_s23_llama1b_kv3072_cap12-07_long_burst_guard_fast-r9-0-88d59262,7178.432868809,7178.720766266,7179.034697806,0.28789745700032654,0.31393153999943024,0.6018289969997568,1454,942,True,True,1,2,0,0,True,0.13188090499988903,0.15591984000002412,0.0,0.0,9.671200041339034e-05,False,
diag00_a1_s23_llama1b_kv3072_cap12-07_long_burst_guard_fast,llama1b,3072,12,23,long,burst,guard_fast,9,cmpl-diag00_a1_s23_llama1b_kv3072_cap12-07_long_burst_guard_fast-r9-0-88d59262,7179.034088909,7179.319655855,7179.636309429,0.28556694599956245,0.31665357400015637,0.6022205199997188,1456,944,True,True,1,2,0,0,True,0.12995244600006117,0.1554306150001139,0.0,0.0,0.00018388499938737368,False,
diag00_a1_s23_llama1b_kv3072_cap12-07_long_burst_guard_fast,llama1b,3072,12,23,long,burst,guard_fast,9,cmpl-diag00_a1_s23_llama1b_kv3072_cap12-07_long_burst_guard_fast-r9-0-88d59262,7179.635521276,7179.920502467,7180.238087033,0.2849811910000426,0.3175845659998231,0.6025657569998657,1458,946,True,True,1,2,0,0,True,0.12985299800038774,0.15500307000002067,0.0,0.0,0.00012512299963418627,False,
diag00_a1_s23_llama1b_kv3072_cap12-07_long_burst_guard_fast,llama1b,3072,12,23,long,burst,guard_fast,9,cmpl-diag00_a1_s23_llama1b_kv3072_cap12-07_long_burst_guard_fast-r9-0-88d59262,7180.237400504,7180.522838162,7180.839988067,0.2854376579998643,0.31714990500040585,0.6025875630002702,1460,948,True,True,1,2,0,0,True,0.12854402999982995,0.15675428600025043,0.0,0.0,0.00013934199978393735,False,
diag00_a1_s23_llama1b_kv3072_cap12-07_long_burst_guard_fast,llama1b,3072,12,23,long,burst,guard_fast,9,cmpl-diag00_a1_s23_llama1b_kv3072_cap12-07_long_burst_guard_fast-r9-0-88d59262,7180.838789763,7181.126727661,7181.452951155,0.2879378979996545,0.32622349400025996,0.6141613919999145,1462,950,True,True,1,2,0,0,True,0.12955630099986593,0.15817177100052504,0.0,0.0,0.0002098259992635576,False,
diag00_a1_s23_llama1b_kv3072_cap12-07_long_burst_guard_fast,llama1b,3072,12,23,long,burst,guard_fast,9,cmpl-diag00_a1_s23_llama1b_kv3072_cap12-07_long_burst_guard_fast-r9-0-88d59262,7181.452035451,7181.736602091,7182.060879104,0.2845666400007758,0.3242770130000281,0.6088436530008039,1464,952,True,True,1,2,0,0,True,0.12966452400087292,0.15477907199965557,0.0,0.0,0.00012304400024731876,False,
diag00_a1_s23_llama1b_kv3072_cap12-07_long_burst_guard_fast,llama1b,3072,12,23,long,burst,guard_fast,9,cmpl-diag00_a1_s23_llama1b_kv3072_cap12-07_long_burst_guard_fast-r9-0-88d59262,7182.05977092,7182.347175893,7182.674052624,0.287404972999866,0.32687673100008396,0.61428170399995,1466,954,True,True,1,2,0,0,True,0.1324422580000828,0.15474762600024405,0.0,0.0,0.00021508899953914806,False,
diag00_a1_s23_llama1b_kv3072_cap12-07_long_burst_guard_fast,llama1b,3072,12,23,long,burst,guard_fast,9,cmpl-diag00_a1_s23_llama1b_kv3072_cap12-07_long_burst_guard_fast-r9-0-88d59262,7182.67333815,7182.956886707,7183.28613054,0.2835485570003584,0.32924383299996407,0.6127923900003225,1468,956,True,True,1,2,0,0,True,0.12977660599972296,0.1535911720002332,0.0,0.0,0.0001807790004022536,False,
diag00_a1_s23_llama1b_kv3072_cap12-07_long_burst_guard_fast,llama1b,3072,12,23,long,burst,guard_fast,9,cmpl-diag00_a1_s23_llama1b_kv3072_cap12-07_long_burst_guard_fast-r9-0-88d59262,7183.285264862,7183.573814664,7183.905565036,0.28854980199957936,0.3317503719999877,0.620300173999567,1470,958,True,True,1,2,0,0,True,0.129599146000146,0.1588101369998185,0.0,0.0,0.00014051899961486924,False,
diag00_a1_s23_llama1b_kv3072_cap12-07_long_burst_guard_fast,llama1b,3072,12,23,long,burst,guard_fast,9,cmpl-diag00_a1_s23_llama1b_kv3072_cap12-07_long_burst_guard_fast-r9-0-88d59262,7183.905039734,7184.192522478,7184.517786393,0.2874827440000445,0.3252639150005052,0.6127466590005497,1472,960,True,True,1,2,0,0,True,0.13267338200057566,0.15468684600000415,0.0,0.0,0.0001225159994646674,False,
diag00_a1_s23_llama1b_kv3072_cap12-07_long_burst_guard_fast,llama1b,3072,12,23,long,burst,guard_fast,9,cmpl-diag00_a1_s23_llama1b_kv3072_cap12-07_long_burst_guard_fast-r9-0-88d59262,7184.516987655,7184.803273345,7185.134877732,0.2862856900001134,0.3316043869999703,0.6178900770000837,1474,962,True,True,1,2,0,0,True,0.13000510999972903,0.15618839400030993,0.0,0.0,9.218600007443456e-05,False,
diag00_a1_s23_llama1b_kv3072_cap12-07_long_burst_guard_fast,llama1b,3072,12,23,long,burst,guard_fast,9,cmpl-diag00_a1_s23_llama1b_kv3072_cap12-07_long_burst_guard_fast-r9-0-88d59262,7185.134195527,7185.419744658,7185.745908394,0.28554913100015256,0.32616373600012594,0.6117128670002785,1476,964,True,True,1,2,0,0,True,0.13099385799978336,0.15444749100061017,0.0,0.0,0.0001077819997590268,False,
diag00_a1_s23_llama1b_kv3072_cap12-07_long_burst_guard_fast,llama1b,3072,12,23,long,burst,guard_fast,9,cmpl-diag00_a1_s23_llama1b_kv3072_cap12-07_long_burst_guard_fast-r9-0-88d59262,7185.745244025,7186.033714769,7186.361558184,0.28847074399982375,0.3278434150006433,0.616314159000467,1478,966,True,True,1,2,0,0,True,0.1297462020002058,0.158564639999895,0.0,0.0,0.0001599019997229334,False,
diag00_a1_s23_llama1b_kv3072_cap12-07_long_burst_guard_fast,llama1b,3072,12,23,long,burst,guard_fast,9,cmpl-diag00_a1_s23_llama1b_kv3072_cap12-07_long_burst_guard_fast-r9-0-88d59262,7186.360788104,7186.648863678,7186.979289572,0.2880755740006862,0.3304258939997453,0.6185014680004315,1480,968,True,True,1,2,0,0,True,0.1288774350005042,0.15908106400001998,0.0,0.0,0.00011707500016200356,False,
diag00_a1_s23_llama1b_kv3072_cap12-07_long_burst_guard_fast,llama1b,3072,12,23,long,burst,guard_fast,9,cmpl-diag00_a1_s23_llama1b_kv3072_cap12-07_long_burst_guard_fast-r9-0-88d59262,7186.978398527,7187.270685255,7187.597688538,0.2922867280003629,0.32700328299961257,0.6192900109999755,1482,970,True,True,1,2,0,0,True,0.1366077930006213,0.15554619199974695,0.0,0.0,0.00013274299999466166,False,
diag00_a1_s23_llama1b_kv3072_cap12-07_long_burst_guard_fast,llama1b,3072,12,23,long,burst,guard_fast,9,cmpl-diag00_a1_s23_llama1b_kv3072_cap12-07_long_burst_guard_fast-r9-0-88d59262,7187.596930373,7187.890878058,7188.222293023,0.2939476850006031,0.331414964999567,0.6253626500001701,1484,972,True,True,1,2,0,0,True,0.1326417569998739,0.1611950420001449,0.0,0.0,0.0001108860005842871,False,
diag00_a1_s23_llama1b_kv3072_cap12-07_long_burst_guard_fast,llama1b,3072,12,23,long,burst,guard_fast,9,cmpl-diag00_a1_s23_llama1b_kv3072_cap12-07_long_burst_guard_fast-r9-0-88d59262,7188.221019577,7188.507932208,7188.837467556,0.28691263099972275,0.32953534799980844,0.6164479789995312,1486,974,True,True,1,2,0,0,True,0.1314170549994742,0.1553696030005085,0.0,0.0,0.00012597299974004272,False,
diag00_a1_s23_llama1b_kv3072_cap12-07_long_burst_guard_fast,llama1b,3072,12,23,long,burst,guard_fast,9,cmpl-diag00_a1_s23_llama1b_kv3072_cap12-07_long_burst_guard_fast-r9-0-88d59262,7188.836505921,7189.300374361,7189.526625947,0.4638684399997146,0.22625158600021678,0.6901200259999314,1488,976,True,True,1,3,0,0,True,0.13946163699984027,0.32410614200034615,0.0,0.0,0.0003006609995281906,False,
diag00_a1_s23_llama1b_kv3072_cap12-07_long_burst_guard_fast,llama1b,3072,12,23,long,burst,guard_fast,9,cmpl-diag00_a1_s23_llama1b_kv3072_cap12-07_long_burst_guard_fast-r9-0-88d59262,7189.526038537,7189.935963375,7190.161763973,0.4099248379998244,0.22580059800020535,0.6357254360000297,1490,978,True,True,1,3,0,0,True,0.08028811599979235,0.3294707400000334,0.0,0.0,0.00016598199999862118,False,
diag00_a1_s23_llama1b_kv3072_cap12-07_long_burst_guard_fast,llama1b,3072,12,23,long,burst,guard_fast,9,cmpl-diag00_a1_s23_llama1b_kv3072_cap12-07_long_burst_guard_fast-r9-0-88d59262,7190.161209839,7190.563129873,7190.790921683,0.40192003400079557,0.22779180999987148,0.629711844000667,1492,980,True,True,1,3,0,0,True,0.08068072100013524,0.32109621400013566,0.0,0.0,0.00014309900052467128,False,
diag00_a1_s23_llama1b_kv3072_cap12-07_long_burst_guard_fast,llama1b,3072,12,23,long,burst,guard_fast,9,cmpl-diag00_a1_s23_llama1b_kv3072_cap12-07_long_burst_guard_fast-r9-0-88d59262,7190.790354178,7191.20124781,7191.423697402,0.4108936319998975,0.22244959199997538,0.6333432239998729,1494,982,True,True,1,3,0,0,True,0.08376672700069321,0.32696328299971356,0.0,0.0,0.0001636219994907151,False,
diag00_a1_s23_llama1b_kv3072_cap12-07_long_burst_guard_fast,llama1b,3072,12,23,long,burst,guard_fast,9,cmpl-diag00_a1_s23_llama1b_kv3072_cap12-07_long_burst_guard_fast-r9-0-88d59262,7191.423074597,7191.829728097,7192.059685666,0.40665350000017497,0.22995756900036213,0.6366110690005371,1496,984,True,True,1,3,0,0,True,0.08072691300003498,0.3257786229996782,0.0,0.0,0.0001479640004617977,False,
diag00_a1_s23_llama1b_kv3072_cap12-07_long_burst_guard_fast,llama1b,3072,12,23,long,burst,guard_fast,9,cmpl-diag00_a1_s23_llama1b_kv3072_cap12-07_long_burst_guard_fast-r9-0-88d59262,7192.059165086,7192.464694214,7192.689808211,0.40552912800012564,0.22511399700033508,0.6306431250004607,1498,986,True,True,1,3,0,0,True,0.08363529400048719,0.3216486720002649,0.0,0.0,0.0002451619993735221,False,
diag00_a1_s23_llama1b_kv3072_cap12-07_long_burst_guard_fast,llama1b,3072,12,23,long,burst,guard_fast,9,cmpl-diag00_a1_s23_llama1b_kv3072_cap12-07_long_burst_guard_fast-r9-0-88d59262,7192.689238963,7193.098409609,7193.323820108,0.4091706459994384,0.22541049900064536,0.6345811450000838,1500,988,True,True,1,3,0,0,True,0.08271809599955304,0.3263250190002509,0.0,0.0,0.00012753099963447312,False,
diag00_a1_s23_llama1b_kv3072_cap12-07_long_burst_guard_fast,llama1b,3072,12,23,long,burst,guard_fast,9,cmpl-diag00_a1_s23_llama1b_kv3072_cap12-07_long_burst_guard_fast-r9-0-88d59262,7193.323374078,7193.727507743,7193.95475773,0.4041336650006997,0.22724998699959542,0.6313836520002951,1502,990,True,True,1,3,0,0,True,0.08175601299990376,0.32223152599999594,0.0,0.0,0.00014612600079999538,False,
diag00_a1_s23_llama1b_kv3072_cap12-07_long_burst_guard_fast,llama1b,3072,12,23,long,burst,guard_fast,9,cmpl-diag00_a1_s23_llama1b_kv3072_cap12-07_long_burst_guard_fast-r9-0-88d59262,7193.954218083,7194.363160401,7194.586009931,0.40894231799939007,0.22284953000053065,0.6317918479999207,1504,992,True,True,1,3,0,0,True,0.08305889899929753,0.32563944300000003,0.0,0.0,0.0002439760000925162,False,
diag00_a1_s23_llama1b_kv3072_cap12-07_long_burst_guard_fast,llama1b,3072,12,23,long,burst,guard_fast,9,cmpl-diag00_a1_s23_llama1b_kv3072_cap12-07_long_burst_guard_fast-r9-0-88d59262,7194.585420188,7194.996531773,7195.219142489,0.4111115850000715,0.2226107159995081,0.6337223009995796,1506,994,True,True,1,3,0,0,True,0.08347039199998108,0.3274805569999444,0.0,0.0,0.00016063600014604162,False,
diag00_a1_s23_llama1b_kv3072_cap12-07_long_burst_guard_fast,llama1b,3072,12,23,long,burst,guard_fast,9,cmpl-diag00_a1_s23_llama1b_kv3072_cap12-07_long_burst_guard_fast-r9-0-88d59262,7195.218576741,7195.637777082,7195.869946948,0.4192003409998506,0.23216986599982192,0.6513702069996725,1508,996,True,True,1,3,0,0,True,0.23761449799985712,0.18139745999997103,0.0,0.0,0.00018838300002244068,False,
diag00_a1_s23_llama1b_kv3072_cap12-07_long_burst_guard_fast,llama1b,3072,12,23,long,burst,guard_fast,9,cmpl-diag00_a1_s23_llama1b_kv3072_cap12-07_long_burst_guard_fast-r9-0-88d59262,7195.869222707,7196.286567599,7196.51272479,0.41734489200007374,0.2261571910003113,0.643502083000385,1510,998,True,True,1,3,0,0,True,0.23591746000056446,0.1812799700001051,0.0,0.0,0.00014746199940418592,False,
diag00_a1_s23_llama1b_kv3072_cap12-07_long_burst_guard_fast,llama1b,3072,12,23,long,burst,guard_fast,9,cmpl-diag00_a1_s23_llama1b_kv3072_cap12-07_long_burst_guard_fast-r9-0-88d59262,7196.512208162,7196.935432809,7197.160156435,0.4232246470000973,0.2247236260000136,0.6479482730001109,1512,1000,True,True,1,3,0,0,True,0.2393946069996673,0.18368265099979908,0.0,0.0,0.00014738900063093752,False,
diag00_a1_s23_llama1b_kv3072_cap12-07_long_burst_guard_fast,llama1b,3072,12,23,long,burst,guard_fast,9,cmpl-diag00_a1_s23_llama1b_kv3072_cap12-07_long_burst_guard_fast-r9-0-88d59262,7197.15952021,7197.577905282,7197.8069386,0.4183850720000919,0.22903331799989246,0.6474183899999844,1514,1002,True,True,1,3,0,0,True,0.23807795799984888,0.18006752200017218,0.0,0.0,0.00023959200007084291,False,
diag00_a1_s23_llama1b_kv3072_cap12-07_long_burst_guard_fast,llama1b,3072,12,23,long,burst,guard_fast,9,cmpl-diag00_a1_s23_llama1b_kv3072_cap12-07_long_burst_guard_fast-r9-0-88d59262,7197.806356609,7198.233780846,7198.45639436,0.4274242369992862,0.22261351399993146,0.6500377509992177,1516,1004,True,True,1,3,0,0,True,0.24212348899982317,0.18515502199988987,0.0,0.0,0.00014572599957318744,False,
diag00_a1_s23_llama1b_kv3072_cap12-07_long_burst_guard_fast,llama1b,3072,12,23,long,burst,guard_fast,9,cmpl-diag00_a1_s23_llama1b_kv3072_cap12-07_long_burst_guard_fast-r9-0-88d59262,7198.455731966,7198.892373772,7199.122598011,0.43664180599989777,0.2302242390005631,0.6668660450004609,1518,1006,True,True,1,3,0,0,True,0.2505570980001721,0.18596039499971084,0.0,0.0,0.0001243130000148085,False,
diag00_a1_s23_llama1b_kv3072_cap12-07_long_burst_guard_fast,llama1b,3072,12,23,long,burst,guard_fast,9,cmpl-diag00_a1_s23_llama1b_kv3072_cap12-07_long_burst_guard_fast-r9-0-88d59262,7199.121985448,7199.549885727,7199.778310505,0.4279002790008235,0.22842477799986227,0.6563250570006858,1520,1008,True,True,1,3,0,0,True,0.24394303700046294,0.18380911399981414,0.0,0.0,0.0001481280005464214,False,
diag00_a1_s23_llama1b_kv3072_cap12-07_long_burst_guard_fast,llama1b,3072,12,23,long,burst,guard_fast,9,cmpl-diag00_a1_s23_llama1b_kv3072_cap12-07_long_burst_guard_fast-r9-0-88d59262,7199.777674874,7200.200030057,7200.429309593,0.42235518300003605,0.2292795359999218,0.6516347189999578,1522,1010,True,True,1,3,0,0,True,0.24043244299991784,0.18178700499993283,0.0,0.0,0.00013573500018537743,False,
diag00_a1_s23_llama1b_kv3072_cap12-07_long_burst_guard_fast,llama1b,3072,12,23,long,burst,guard_fast,9,cmpl-diag00_a1_s23_llama1b_kv3072_cap12-07_long_burst_guard_fast-r9-0-88d59262,7200.428723442,7200.849153401,7201.076831476,0.4204299590001028,0.22767807499985793,0.6481080339999608,1524,1012,True,True,1,3,0,0,True,0.2384728830002132,0.18175958000028913,0.0,0.0,0.00019749599960050546,False,
diag00_a1_s23_llama1b_kv3072_cap12-07_long_burst_guard_fast,llama1b,3072,12,23,long,burst,guard_fast,9,cmpl-diag00_a1_s23_llama1b_kv3072_cap12-07_long_burst_guard_fast-r9-0-88d59262,7201.076277126,7201.507594955,7201.735392933,0.4313178290003634,0.22779797800012602,0.6591158070004894,1526,1014,True,True,1,3,0,0,True,0.2423535490006543,0.18865442500009522,0.0,0.0,0.00030985499961388996,False,
diag00_a1_s23_llama1b_kv3072_cap12-07_long_burst_guard_fast,llama1b,3072,12,23,long,burst,guard_fast,9,cmpl-diag00_a1_s23_llama1b_kv3072_cap12-07_long_burst_guard_fast-r9-0-88d59262,7201.7341244,7202.159897912,7202.385718161,0.4257735119999779,0.2258202490002077,0.6515937610001856,1528,1016,True,True,1,3,0,0,True,0.24276880100023845,0.18288007299997844,0.0,0.0,0.00012463799976103473,False,
diag00_a1_s23_llama1b_kv3072_cap12-07_long_burst_guard_fast,llama1b,3072,12,23,long,burst,guard_fast,9,cmpl-diag00_a1_s23_llama1b_kv3072_cap12-07_long_burst_guard_fast-r9-0-88d59262,7202.385157201,7202.811119423,7203.038334562,0.42596222199972544,0.22721513900069112,0.6531773610004166,1530,1018,True,True,1,3,0,0,True,0.24097808799979248,0.18482936100008374,0.0,0.0,0.00015477299984922865,False,
diag00_a1_s23_llama1b_kv3072_cap12-07_long_burst_guard_fast,llama1b,3072,12,23,long,burst,guard_fast,9,cmpl-diag00_a1_s23_llama1b_kv3072_cap12-07_long_burst_guard_fast-r9-0-88d59262,7203.037844594,7203.462855998,7203.690088539,0.4250114040005428,0.22723254099946644,0.6522439450000093,1532,1020,True,True,1,3,0,0,True,0.24002316500082088,0.18484564399932424,0.0,0.0,0.000142595000397705,False,
diag00_a1_s23_llama1b_kv3072_cap12-07_long_burst_guard_fast,llama1b,3072,12,23,long,burst,guard_fast,9,cmpl-diag00_a1_s23_llama1b_kv3072_cap12-07_long_burst_guard_fast-r9-0-88d59262,7203.689519163,7204.114661559,7204.342700851,0.4251423959995009,0.22803929200017592,0.6531816879996768,1534,1022,True,True,1,3,0,0,True,0.24024109600031807,0.184771649999675,0.0,0.0,0.0001296499995078193,False,
diag00_a1_s23_llama1b_kv3072_cap12-07_long_burst_guard_fast,llama1b,3072,12,23,long,burst,guard_fast,9,cmpl-diag00_a1_s23_llama1b_kv3072_cap12-07_long_burst_guard_fast-r9-0-88d59262,7204.34161961,7204.779578016,7205.004440489,0.43795840600068914,0.22486247300003015,0.6628208790007193,1536,1024,True,True,1,3,0,0,True,0.25099368300016067,0.18678026300040074,0.0,0.0,0.00018446000012772856,False,
diag00_a1_s23_llama1b_kv3072_cap12-07_long_burst_guard_fast,llama1b,3072,12,23,long,burst,guard_fast,9,cmpl-diag00_a1_s23_llama1b_kv3072_cap12-07_long_burst_guard_fast-r9-0-88d59262,7205.003665345,7205.444693522,7205.670796265,0.4410281770005895,0.22610274299950106,0.6671309200000906,1538,1026,True,True,1,3,0,0,True,0.2521462960003191,0.1887141649995101,0.0,0.0,0.00016771600076026516,False,
diag00_a1_s23_llama1b_kv3072_cap12-07_long_burst_guard_fast,llama1b,3072,12,23,long,burst,guard_fast,9,cmpl-diag00_a1_s23_llama1b_kv3072_cap12-07_long_burst_guard_fast-r9-0-88d59262,7205.670167962,7206.107912407,7206.337110579,0.4377444450001349,0.2291981719999967,0.6669426170001316,1540,1028,True,True,1,3,0,0,True,0.25361457799954223,0.18401659600021958,0.0,0.0,0.00011327100037306082,False,
diag00_a1_s23_llama1b_kv3072_cap12-07_long_burst_guard_fast,llama1b,3072,12,23,long,burst,guard_fast,9,cmpl-diag00_a1_s23_llama1b_kv3072_cap12-07_long_burst_guard_fast-r9-0-88d59262,7206.336588988,7206.775487185,7207.002616791,0.4388981970005261,0.2271296059998349,0.666027803000361,1542,1030,True,True,1,3,0,0,True,0.25362339399998746,0.18512083400037227,0.0,0.0,0.00015396900016639847,False,
diag00_a1_s23_llama1b_kv3072_cap12-07_long_burst_guard_fast,llama1b,3072,12,23,long,burst,guard_fast,9,cmpl-diag00_a1_s23_llama1b_kv3072_cap12-07_long_burst_guard_fast-r9-0-88d59262,7207.001788598,7207.44148912,7207.668059229,0.4397005220007486,0.22657010900002206,0.6662706310007707,1544,1032,True,True,1,3,0,0,True,0.2558205479999742,0.18335279500024626,0.0,0.0,0.0005271790005281218,False,
diag00_a1_s23_llama1b_kv3072_cap12-07_long_burst_guard_fast,llama1b,3072,12,23,long,burst,guard_fast,9,cmpl-diag00_a1_s23_llama1b_kv3072_cap12-07_long_burst_guard_fast-r9-0-88d59262,7207.667453724,7208.106140773,7208.334669225,0.43868704900069133,0.2285284519994093,0.6672155010001006,1546,1034,True,True,1,3,0,0,True,0.25382086200079357,0.18468384799962223,0.0,0.0,0.00018233900027553318,False,
diag00_a1_s23_llama1b_kv3072_cap12-07_long_burst_guard_fast,llama1b,3072,12,23,long,burst,guard_fast,9,cmpl-diag00_a1_s23_llama1b_kv3072_cap12-07_long_burst_guard_fast-r9-0-88d59262,7208.334072071,7208.771573121,7209.002271078,0.43750104999980977,0.23069795700030227,0.668199007000112,1548,1036,True,True,1,3,0,0,True,0.2526727810000011,0.18469204699977126,0.0,0.0,0.00013622200003737817,False,
diag00_a1_s23_llama1b_kv3072_cap12-07_long_burst_guard_fast,llama1b,3072,12,23,long,burst,guard_fast,9,cmpl-diag00_a1_s23_llama1b_kv3072_cap12-07_long_burst_guard_fast-r9-0-88d59262,7209.001714594,7209.439501642,7209.666522506,0.4377870480002457,0.22702086399931432,0.66480791199956,1550,1038,True,True,1,3,0,0,True,0.25241060799999104,0.18521786000019347,0.0,0.0,0.00015858000006119255,False,
diag00_a1_s23_llama1b_kv3072_cap12-07_long_burst_guard_fast,llama1b,3072,12,23,long,burst,guard_fast,9,cmpl-diag00_a1_s23_llama1b_kv3072_cap12-07_long_burst_guard_fast-r9-0-88d59262,7209.665974856,7210.10496759,7210.335352374,0.4389927340007489,0.23038478399939777,0.6693775180001467,1552,1040,True,True,1,3,0,0,True,0.2531844950008235,0.18566411699976015,0.0,0.0,0.00014412200016522547,False,
diag00_a1_s23_llama1b_kv3072_cap12-07_long_burst_guard_fast,llama1b,3072,12,23,long,burst,guard_fast,9,cmpl-diag00_a1_s23_llama1b_kv3072_cap12-07_long_burst_guard_fast-r9-0-88d59262,7210.334755846,7210.773301065,7210.999932193,0.43854521899993415,0.22663112800000818,0.6651763469999423,1554,1042,True,True,1,3,0,0,True,0.25206486899969605,0.18633398700058024,0.0,0.0,0.00014636299965786748,False,
diag00_a1_s23_llama1b_kv3072_cap12-07_long_burst_guard_fast,llama1b,3072,12,23,long,burst,guard_fast,9,cmpl-diag00_a1_s23_llama1b_kv3072_cap12-07_long_burst_guard_fast-r9-0-88d59262,7210.999400528,7211.439513626,7211.667066175,0.4401130980004382,0.2275525490003929,0.6676656470008311,1556,1044,True,True,1,3,0,0,True,0.25383525699999154,0.18612240400034352,0.0,0.0,0.00015543700010312023,False,
diag00_a1_s23_llama1b_kv3072_cap12-07_long_burst_guard_fast,llama1b,3072,12,23,long,burst,guard_fast,9,cmpl-diag00_a1_s23_llama1b_kv3072_cap12-07_long_burst_guard_fast-r9-0-88d59262,7211.666549473,7212.108528149,7212.336617065,0.44197867600087193,0.22808891599925118,0.6700675920001231,1558,1046,True,True,1,3,0,0,True,0.25339632800023537,0.1884636960003263,0.0,0.0,0.0001186520003102487,False,
diag00_a1_s23_llama1b_kv3072_cap12-07_long_burst_guard_fast,llama1b,3072,12,23,long,burst,guard_fast,9,cmpl-diag00_a1_s23_llama1b_kv3072_cap12-07_long_burst_guard_fast-r9-0-88d59262,7212.33604809,7212.773159665,7213.001473492,0.4371115750000172,0.22831382699951064,0.6654254019995278,1560,1048,True,True,1,3,0,0,True,0.2530074289998083,0.18398818300011044,0.0,0.0,0.00011596300009841798,False,
diag00_a1_s23_llama1b_kv3072_cap12-07_long_burst_guard_fast,llama1b,3072,12,23,long,burst,guard_fast,9,cmpl-diag00_a1_s23_llama1b_kv3072_cap12-07_long_burst_guard_fast-r9-0-88d59262,7213.00087213,7213.441734198,7213.665763489,0.4408620679996602,0.22402929100007896,0.6648913589997392,1562,1050,True,True,1,3,0,0,True,0.25213864000033936,0.1885528559996601,0.0,0.0,0.00017057199966075132,False,
diag00_a1_s23_llama1b_kv3072_cap12-07_long_burst_guard_fast,llama1b,3072,12,23,long,burst,guard_fast,9,cmpl-diag00_a1_s23_llama1b_kv3072_cap12-07_long_burst_guard_fast-r9-0-88d59262,7213.665248049,7214.106505049,7214.334877544,0.44125699999949575,0.2283724950002579,0.6696294949997537,1564,1052,True,True,1,3,0,0,True,0.2582511619993966,0.18286272200020903,0.0,0.0,0.00014311599989014212,False,
diag00_a1_s23_llama1b_kv3072_cap12-07_long_burst_guard_fast,llama1b,3072,12,23,long,burst,guard_fast,9,cmpl-diag00_a1_s23_llama1b_kv3072_cap12-07_long_burst_guard_fast-r9-0-88d59262,7214.334336556,7214.771673111,7214.997164632,0.4373365550000017,0.22549152099963976,0.6628280759996414,1566,1054,True,True,1,3,0,0,True,0.2520338559997981,0.18515552200005914,0.0,0.0,0.00014717700014443835,False,
diag00_a1_s23_llama1b_kv3072_cap12-07_long_burst_guard_fast,llama1b,3072,12,23,long,burst,guard_fast,9,cmpl-diag00_a1_s23_llama1b_kv3072_cap12-07_long_burst_guard_fast-r9-0-88d59262,7214.996576651,7215.440676309,7215.664140489,0.4440996579996863,0.22346417999960977,0.6675638379992961,1568,1056,True,True,1,3,0,0,True,0.2525144779992843,0.1914443570003641,0.0,0.0,0.00014082300003792625,False,
diag00_a1_s23_llama1b_kv3072_cap12-07_long_burst_guard_fast,llama1b,3072,12,23,long,burst,guard_fast,9,cmpl-diag00_a1_s23_llama1b_kv3072_cap12-07_long_burst_guard_fast-r9-0-88d59262,7215.663528293,7216.104328328,7216.332577548,0.4408000349994836,0.22824922000017978,0.6690492549996634,1570,1058,True,True,1,3,0,0,True,0.25272230799964746,0.18788613500055362,0.0,0.0,0.00019159199928253656,False,
diag00_a1_s23_llama1b_kv3072_cap12-07_long_burst_guard_fast,llama1b,3072,12,23,long,burst,guard_fast,9,cmpl-diag00_a1_s23_llama1b_kv3072_cap12-07_long_burst_guard_fast-r9-0-88d59262,7216.331794725,7216.780704827,7217.009332541,0.4489101019998998,0.22862771400014026,0.67753781600004,1572,1060,True,True,1,3,0,0,True,0.26147916599984455,0.18731076400035818,0.0,0.0,0.00012017199969704961,False,
diag00_a1_s23_llama1b_kv3072_cap12-07_long_burst_guard_fast,llama1b,3072,12,23,long,burst,guard_fast,9,cmpl-diag00_a1_s23_llama1b_kv3072_cap12-07_long_burst_guard_fast-r9-0-88d59262,7217.008758705,7217.462283045,7217.686104441,0.4535243399996034,0.22382139599994844,0.6773457359995518,1574,1062,True,True,1,3,0,0,True,0.2613664869995773,0.19204285700016044,0.0,0.0,0.00011499599986564135,False,
diag00_a1_s23_llama1b_kv3072_cap12-07_long_burst_guard_fast,llama1b,3072,12,23,long,burst,guard_fast,9,cmpl-diag00_a1_s23_llama1b_kv3072_cap12-07_long_burst_guard_fast-r9-0-88d59262,7217.68501745,7218.137045507,7218.369143973,0.45202805700046156,0.23209846600002493,0.6841265230004865,1576,1064,True,True,1,3,0,0,True,0.26243048800006363,0.18948417200044787,0.0,0.0,0.00011339699995005503,False,
diag00_a1_s23_llama1b_kv3072_cap12-07_long_burst_guard_fast,llama1b,3072,12,23,long,burst,guard_fast,9,cmpl-diag00_a1_s23_llama1b_kv3072_cap12-07_long_burst_guard_fast-r9-0-88d59262,7218.368542432,7218.822750253,7219.045757839,0.4542078209997271,0.2230075859997669,0.677215406999494,1578,1066,True,True,1,3,0,0,True,0.26450932799980365,0.18957991800016316,0.0,0.0,0.0001185749997603125,False,
diag00_a1_s23_llama1b_kv3072_cap12-07_long_burst_guard_fast,llama1b,3072,12,23,long,burst,guard_fast,9,cmpl-diag00_a1_s23_llama1b_kv3072_cap12-07_long_burst_guard_fast-r9-0-88d59262,7219.044886375,7219.497911828,7219.722159267,0.4530254530000093,0.2242474390004645,0.6772728920004738,1580,1068,True,True,1,3,0,0,True,0.26297078500010684,0.18992891600009898,0.0,0.0,0.00012575199980346952,False,
diag00_a1_s23_llama1b_kv3072_cap12-07_long_burst_guard_fast,llama1b,3072,12,23,long,burst,guard_fast,9,cmpl-diag00_a1_s23_llama1b_kv3072_cap12-07_long_burst_guard_fast-r9-0-88d59262,7219.721508958,7220.17372918,7220.403161598,0.4522202219995961,0.22943241800021497,0.6816526399998111,1582,1070,True,True,1,3,0,0,True,0.26377766499990685,0.1882882209993113,0.0,0.0,0.0001543360003779526,False,
diag00_a1_s23_llama1b_kv3072_cap12-07_long_burst_guard_fast,llama1b,3072,12,23,long,burst,guard_fast,9,cmpl-diag00_a1_s23_llama1b_kv3072_cap12-07_long_burst_guard_fast-r9-0-88d59262,7220.402568565,7220.857637371,7221.080781724,0.455068805999872,0.2231443529999524,0.6782131589998244,1584,1072,True,True,1,3,0,0,True,0.2650771929993425,0.18984636400000454,0.0,0.0,0.0001452490005249274,False,
diag00_a1_s23_llama1b_kv3072_cap12-07_long_burst_guard_fast,llama1b,3072,12,23,long,burst,guard_fast,9,cmpl-diag00_a1_s23_llama1b_kv3072_cap12-07_long_burst_guard_fast-r9-0-88d59262,7221.08030298,7221.538756494,7221.762788482,0.4584535140002117,0.22403198800020618,0.6824855020004179,1586,1074,True,True,1,3,0,0,True,0.2636265849996562,0.19467206400076975,0.0,0.0,0.0001548649997857865,False,
diag00_a1_s23_llama1b_kv3072_cap12-07_long_burst_guard_fast,llama1b,3072,12,23,long,burst,guard_fast,9,cmpl-diag00_a1_s23_llama1b_kv3072_cap12-07_long_burst_guard_fast-r9-0-88d59262,7221.762266697,7222.213166939,7222.440067127,0.4509002419999888,0.2269001879994903,0.6778004299994791,1588,1076,True,True,1,3,0,0,True,0.26208270600000105,0.18870149400027003,0.0,0.0,0.00011604199971770868,False,
diag00_a1_s23_llama1b_kv3072_cap12-07_long_burst_guard_fast,llama1b,3072,12,23,long,burst,guard_fast,9,cmpl-diag00_a1_s23_llama1b_kv3072_cap12-07_long_burst_guard_fast-r9-0-88d59262,7222.439378386,7222.894508086,7223.118485131,0.4551297000007253,0.22397704499962856,0.6791067450003538,1590,1078,True,True,1,3,0,0,True,0.2677878270005749,0.18718274000002566,0.0,0.0,0.00015913300012471154,False,
diag00_a1_s23_llama1b_kv3072_cap12-07_long_burst_guard_fast,llama1b,3072,12,23,long,burst,guard_fast,9,cmpl-diag00_a1_s23_llama1b_kv3072_cap12-07_long_burst_guard_fast-r9-0-88d59262,7223.117836113,7223.576707374,7223.803316638,0.45887126100024034,0.22660926400021708,0.6854805250004574,1592,1080,True,True,1,3,0,0,True,0.2670863420007663,0.19165532699935284,0.0,0.0,0.00012959200012119254,False,
diag00_a1_s23_llama1b_kv3072_cap12-07_long_burst_guard_fast,llama1b,3072,12,23,long,burst,guard_fast,9,cmpl-diag00_a1_s23_llama1b_kv3072_cap12-07_long_burst_guard_fast-r9-0-88d59262,7223.802658682,7224.265576,7224.485221095,0.46291731800010893,0.21964509500048734,0.6825624130005963,1594,1082,True,True,1,3,0,0,True,0.2646114019999004,0.19817031900038273,0.0,0.0,0.00013559699982579332,False,
diag00_a1_s23_llama1b_kv3072_cap12-07_long_burst_guard_fast,llama1b,3072,12,23,long,burst,guard_fast,9,cmpl-diag00_a1_s23_llama1b_kv3072_cap12-07_long_burst_guard_fast-r9-0-88d59262,7224.484659852,7224.942763948,7225.175030642,0.4581040960001701,0.23226669399991806,0.6903707900000882,1596,1084,True,True,1,3,0,0,True,0.26377635700009705,0.19408907999968505,0.0,0.0,0.00023865900038799737,False,
diag00_a1_s23_llama1b_kv3072_cap12-07_long_burst_guard_fast,llama1b,3072,12,23,long,burst,guard_fast,9,cmpl-diag00_a1_s23_llama1b_kv3072_cap12-07_long_burst_guard_fast-r9-0-88d59262,7225.174492148,7225.632474613,7225.85952681,0.4579824649999864,0.2270521969994661,0.6850346619994525,1598,1086,True,True,1,3,0,0,True,0.2602634079994459,0.1975359230000322,0.0,0.0,0.00018313400050828932,False,
diag00_a1_s23_llama1b_kv3072_cap12-07_long_burst_guard_fast,llama1b,3072,12,23,long,burst,guard_fast,9,cmpl-diag00_a1_s23_llama1b_kv3072_cap12-07_long_burst_guard_fast-r9-0-88d59262,7225.858871928,7226.329763693,7226.554195701,0.4708917650004878,0.22443200799989427,0.6953237730003821,1600,1088,True,True,1,3,0,0,True,0.2717314740002621,0.19901706099972216,0.0,0.0,0.00014323000050353585,False,
diag00_a1_s23_llama1b_kv3072_cap12-07_long_burst_guard_fast,llama1b,3072,12,23,long,burst,guard_fast,9,cmpl-diag00_a1_s23_llama1b_kv3072_cap12-07_long_burst_guard_fast-r9-0-88d59262,7226.553622745,7227.02566931,7227.250642168,0.47204656499980047,0.224972858000001,0.6970194229998015,1602,1090,True,True,1,3,0,0,True,0.2748082019998037,0.19710217600004398,0.0,0.0,0.00013618699995276984,False,
diag00_a1_s23_llama1b_kv3072_cap12-07_long_burst_guard_fast,llama1b,3072,12,23,long,burst,guard_fast,9,cmpl-diag00_a1_s23_llama1b_kv3072_cap12-07_long_burst_guard_fast-r9-0-88d59262,7227.250084286,7227.714473399,7227.940195208,0.4643891129999247,0.2257218089998787,0.6901109219998034,1604,1092,True,True,1,3,0,0,True,0.27465926300010324,0.18956972799969662,0.0,0.0,0.00016012200012482936,False,
diag00_a1_s23_llama1b_kv3072_cap12-07_long_burst_guard_fast,llama1b,3072,12,23,long,burst,guard_fast,9,cmpl-diag00_a1_s23_llama1b_kv3072_cap12-07_long_burst_guard_fast-r9-0-88d59262,7227.939456375,7228.412213441,7228.634640814,0.4727570659997582,0.22242737299984583,0.695184438999604,1606,1094,True,True,1,3,0,0,True,0.2785733860000619,0.1940404930001023,0.0,0.0,0.00014318699959403602,False,
diag00_a1_s23_llama1b_kv3072_cap12-07_long_burst_guard_fast,llama1b,3072,12,23,long,burst,guard_fast,9,cmpl-diag00_a1_s23_llama1b_kv3072_cap12-07_long_burst_guard_fast-r9-0-88d59262,7228.634069243,7229.104736676,7229.332238186,0.4706674330000169,0.22750150999945618,0.6981689429994731,1608,1096,True,True,1,3,0,0,True,0.2715227759999834,0.1989682220000759,0.0,0.0,0.0001764349999575643,False,
diag00_a1_s23_llama1b_kv3072_cap12-07_long_burst_guard_fast,llama1b,3072,12,23,long,burst,guard_fast,9,cmpl-diag00_a1_s23_llama1b_kv3072_cap12-07_long_burst_guard_fast-r9-0-88d59262,7229.331567589,7229.802305741,7230.029535211,0.47073815200019453,0.22722946999965643,0.697967621999851,1610,1098,True,True,1,3,0,0,True,0.2757996569998795,0.19479793200025597,0.0,0.0,0.00014056300005904632,False,
diag00_a1_s23_llama1b_kv3072_cap12-07_long_burst_guard_fast,llama1b,3072,12,23,long,burst,guard_fast,9,cmpl-diag00_a1_s23_llama1b_kv3072_cap12-07_long_burst_guard_fast-r9-0-88d59262,7230.028787299,7230.512717184,7230.742031084,0.48392988500017964,0.2293138999993971,0.7132437849995767,1612,1100,True,True,1,3,0,0,True,0.2803761850000228,0.20342624899967632,0.0,0.0,0.00012745100048050517,False,
diag00_a1_s23_llama1b_kv3072_cap12-07_long_burst_guard_fast,llama1b,3072,12,23,long,burst,guard_fast,9,cmpl-diag00_a1_s23_llama1b_kv3072_cap12-07_long_burst_guard_fast-r9-0-88d59262,7230.741447999,7231.218294147,7231.448425009,0.4768461479998223,0.2301308619998963,0.7069770099997186,1614,1102,True,True,1,3,0,0,True,0.28368591500020557,0.19289319399922533,0.0,0.0,0.00026703900039137807,False,
diag00_a1_s23_llama1b_kv3072_cap12-07_long_burst_guard_fast,llama1b,3072,12,23,long,burst,guard_fast,9,cmpl-diag00_a1_s23_llama1b_kv3072_cap12-07_long_burst_guard_fast-r9-0-88d59262,7231.447803745,7231.916633594,7232.144204999,0.46882984900003066,0.22757140500016249,0.6964012540001931,1616,1104,True,True,1,3,0,0,True,0.27431431600052747,0.19435980299931543,0.0,0.0,0.0001557300001877593,False,
diag00_a1_s23_llama1b_kv3072_cap12-07_long_burst_guard_fast,llama1b,3072,12,23,long,burst,guard_fast,9,cmpl-diag00_a1_s23_llama1b_kv3072_cap12-07_long_burst_guard_fast-r9-0-88d59262,7232.143528918,7232.614892044,7232.843275287,0.4713631260001421,0.22838324300028034,0.6997463690004224,1618,1106,True,True,1,3,0,0,True,0.275313377999737,0.1956515580004634,0.0,0.0,0.00039818999994167825,False,
diag00_a1_s23_llama1b_kv3072_cap12-07_long_burst_guard_fast,llama1b,3072,12,23,long,burst,guard_fast,9,cmpl-diag00_a1_s23_llama1b_kv3072_cap12-07_long_burst_guard_fast-r9-0-88d59262,7232.842700806,7233.323468284,7233.547221101,0.4807674780004163,0.2237528169998768,0.7045202950002931,1620,1108,True,True,1,3,0,0,True,0.28202344500004983,0.19855035199998383,0.0,0.0,0.00019368100038263947,False,
diag00_a1_s23_llama1b_kv3072_cap12-07_long_burst_guard_fast,llama1b,3072,12,23,long,burst,guard_fast,9,cmpl-diag00_a1_s23_llama1b_kv3072_cap12-07_long_burst_guard_fast-r9-0-88d59262,7233.5460144,7234.021452932,7234.24328129,0.4754385320002257,0.2218283579995841,0.6972668899998098,1622,1110,True,True,1,3,0,0,True,0.27516290899984597,0.20013870999991923,0.0,0.0,0.00013691300046048127,False,
diag00_a1_s23_llama1b_kv3072_cap12-07_long_burst_guard_fast,llama1b,3072,12,23,long,burst,guard_fast,9,cmpl-diag00_a1_s23_llama1b_kv3072_cap12-07_long_burst_guard_fast-r9-0-88d59262,7234.242671437,7234.717840359,7234.943408487,0.47516892199928407,0.22556812800030457,0.7007370499995886,1624,1112,True,True,1,3,0,0,True,0.279250583999783,0.19577107399982197,0.0,0.0,0.00014726399967912585,False,
diag00_a1_s23_llama1b_kv3072_cap12-07_long_burst_guard_fast,llama1b,3072,12,23,long,burst,guard_fast,9,cmpl-diag00_a1_s23_llama1b_kv3072_cap12-07_long_burst_guard_fast-r9-0-88d59262,7234.942276005,7235.417150632,7235.64578348,0.4748746269997355,0.22863284800041583,0.7035074750001513,1626,1114,True,True,1,3,0,0,True,0.2762759030001689,0.19847567499982688,0.0,0.0,0.0001230489997396944,False,
diag00_a1_s23_llama1b_kv3072_cap12-07_long_burst_guard_fast,llama1b,3072,12,23,long,burst,guard_fast,9,cmpl-diag00_a1_s23_llama1b_kv3072_cap12-07_long_burst_guard_fast-r9-0-88d59262,7235.644707429,7236.119836446,7236.350081425,0.47512901699974464,0.23024497900041752,0.7053739960001622,1628,1116,True,True,1,3,0,0,True,0.27304749300037656,0.2019201699995392,0.0,0.0,0.00016135399982886156,False,
diag00_a1_s23_llama1b_kv3072_cap12-07_long_burst_guard_fast,llama1b,3072,12,23,long,burst,guard_fast,9,cmpl-diag00_a1_s23_llama1b_kv3072_cap12-07_long_burst_guard_fast-r9-0-88d59262,7236.348884689,7236.822814871,7237.049651076,0.4739301820000037,0.22683620499992685,0.7007663869999305,1630,1118,True,True,1,3,0,0,True,0.27363825399970665,0.20015115099977265,0.0,0.0,0.00014077700052439468,False,
diag00_a1_s23_llama1b_kv3072_cap12-07_long_burst_guard_fast,llama1b,3072,12,23,long,burst,guard_fast,9,cmpl-diag00_a1_s23_llama1b_kv3072_cap12-07_long_burst_guard_fast-r9-0-88d59262,7237.049076567,7237.523053822,7237.751809685,0.4739772550001362,0.2287558629996056,0.7027331179997418,1632,1120,True,True,1,3,0,0,True,0.27694875599991065,0.19686679799997364,0.0,0.0,0.0001617010002519237,False,
diag00_a1_s23_llama1b_kv3072_cap12-07_long_burst_guard_fast,llama1b,3072,12,23,long,burst,guard_fast,9,cmpl-diag00_a1_s23_llama1b_kv3072_cap12-07_long_burst_guard_fast-r9-0-88d59262,7237.75117194,7238.231932705,7238.455425609,0.48076076500001363,0.2234929039996132,0.7042536689996268,1634,1122,True,True,1,3,0,0,True,0.27844216500034236,0.20218465800007834,0.0,0.0,0.00013394199959293474,False,
diag00_a1_s23_llama1b_kv3072_cap12-07_long_burst_guard_fast,llama1b,3072,12,23,long,burst,guard_fast,9,cmpl-diag00_a1_s23_llama1b_kv3072_cap12-07_long_burst_guard_fast-r9-0-88d59262,7238.45491365,7238.929169218,7239.154228638,0.4742555680004443,0.22505941999952483,0.6993149879999692,1636,1124,True,True,1,3,0,0,True,0.2767519760000141,0.19732264199956262,0.0,0.0,0.00018095000086759683,False,
diag00_a1_s23_llama1b_kv3072_cap12-07_long_burst_guard_fast,llama1b,3072,12,23,long,burst,guard_fast,9,cmpl-diag00_a1_s23_llama1b_kv3072_cap12-07_long_burst_guard_fast-r9-0-88d59262,7239.153612857,7239.627888027,7239.853415083,0.4742751700005101,0.22552705599991896,0.6998022260004291,1638,1126,True,True,1,3,0,0,True,0.27825794000000315,0.19581278300029226,0.0,0.0,0.00020444700021471363,False,
diag00_a1_s23_llama1b_kv3072_cap12-07_long_burst_guard_fast,llama1b,3072,12,23,long,burst,guard_fast,9,cmpl-diag00_a1_s23_llama1b_kv3072_cap12-07_long_burst_guard_fast-r9-0-88d59262,7239.852771086,7240.332402186,7240.559068475,0.47963110000000597,0.2266662889996951,0.7062973889997011,1640,1128,True,True,1,3,0,0,True,0.27949292700031947,0.19999579599971185,0.0,0.0,0.00014237699997465825,False,
diag00_a1_s23_llama1b_kv3072_cap12-07_long_burst_guard_fast,llama1b,3072,12,23,long,burst,guard_fast,9,cmpl-diag00_a1_s23_llama1b_kv3072_cap12-07_long_burst_guard_fast-r9-0-88d59262,7240.558465345,7241.034805347,7241.264814399,0.4763400020001427,0.23000905200024135,0.7063490540003841,1642,1130,True,True,1,3,0,0,True,0.28240458400068746,0.19377943800009234,0.0,0.0,0.00015597999936289852,False,
diag00_a1_s23_llama1b_kv3072_cap12-07_long_burst_guard_fast,llama1b,3072,12,23,long,burst,guard_fast,9,cmpl-diag00_a1_s23_llama1b_kv3072_cap12-07_long_burst_guard_fast-r9-0-88d59262,7241.264190665,7241.739801693,7241.96407317,0.47561102800045774,0.22427147700000205,0.6998825050004598,1644,1132,True,True,1,3,0,0,True,0.2776707170005466,0.19779733499944996,0.0,0.0,0.0001429760004612035,False,
diag00_a1_s23_llama1b_kv3072_cap12-07_long_burst_guard_fast,llama1b,3072,12,23,long,burst,guard_fast,9,cmpl-diag00_a1_s23_llama1b_kv3072_cap12-07_long_burst_guard_fast-r9-0-88d59262,7241.963477065,7242.439083278,7242.665751523,0.47560621299999184,0.226668244999928,0.7022744579999198,1646,1134,True,True,1,3,0,0,True,0.2820275929998388,0.19335636899995734,0.0,0.0,0.00022225100019568345,False,
diag00_a1_s23_llama1b_kv3072_cap12-07_long_burst_guard_fast,llama1b,3072,12,23,long,burst,guard_fast,9,cmpl-diag00_a1_s23_llama1b_kv3072_cap12-07_long_burst_guard_fast-r9-0-88d59262,7242.66521746,7243.145933287,7243.338985445,0.48071582699958526,0.19305215799977304,0.6737679849993583,1648,1136,True,True,1,3,0,0,True,0.2790923949996795,0.20147988999997324,0.0,0.0,0.00014354199993249495,False,
diag00_a1_s23_llama1b_kv3072_cap12-07_long_burst_guard_fast,llama1b,3072,12,23,long,burst,guard_fast,9,cmpl-diag00_a1_s23_llama1b_kv3072_cap12-07_long_burst_guard_fast-r9-0-88d59262,7243.33828433,7243.881024866,7244.076063596,0.542740536000565,0.1950387299993963,0.7377792659999614,1650,1138,True,True,1,3,0,0,True,0.34251241700076207,0.20009097299953282,0.0,0.0,0.00013714600027014967,False,
diag00_a1_s23_llama1b_kv3072_cap12-07_long_burst_guard_fast,llama1b,3072,12,23,long,burst,guard_fast,9,cmpl-diag00_a1_s23_llama1b_kv3072_cap12-07_long_burst_guard_fast-r9-0-88d59262,7244.075376035,7244.6191712,7244.812053369,0.5437951650001196,0.19288216899985855,0.7366773339999781,1652,1140,True,True,1,3,0,0,True,0.34226146200035146,0.20129868699950748,0.0,0.0,0.00023501600026065717,False,
diag00_a1_s23_llama1b_kv3072_cap12-07_long_burst_guard_fast,llama1b,3072,12,23,long,burst,guard_fast,9,cmpl-diag00_a1_s23_llama1b_kv3072_cap12-07_long_burst_guard_fast-r9-0-88d59262,7244.811447255,7245.353960337,7245.546498969,0.5425130820003687,0.19253863199992338,0.7350517140002921,1654,1142,True,True,1,3,0,0,True,0.3402945540001383,0.20207965999998123,0.0,0.0,0.00013886800024920376,False,
diag00_a1_s23_llama1b_kv3072_cap12-07_long_burst_guard_fast,llama1b,3072,12,23,long,burst,guard_fast,9,cmpl-diag00_a1_s23_llama1b_kv3072_cap12-07_long_burst_guard_fast-r9-0-88d59262,7245.545903973,7246.079093495,7246.270036356,0.5331895219997023,0.19094286099971214,0.7241323829994144,1656,1144,True,True,1,3,0,0,True,0.3355384500000582,0.1975156069993318,0.0,0.0,0.0001354650003122515,False,
diag00_a1_s23_llama1b_kv3072_cap12-07_long_burst_guard_fast,llama1b,3072,12,23,long,burst,guard_fast,9,cmpl-diag00_a1_s23_llama1b_kv3072_cap12-07_long_burst_guard_fast-r9-0-88d59262,7246.268860984,7246.804030257,7246.989045359,0.535169273000065,0.18501510199985205,0.720184374999917,1658,1146,True,True,1,3,0,0,True,0.3334326410003996,0.20162720600001194,0.0,0.0,0.00010942599965346744,False,
diag00_a1_s23_llama1b_kv3072_cap12-07_long_burst_guard_fast,llama1b,3072,12,23,long,burst,guard_fast,9,cmpl-diag00_a1_s23_llama1b_kv3072_cap12-07_long_burst_guard_fast-r9-0-88d59262,7246.988263061,7247.524869824,7247.717976438,0.5366067630002362,0.19310661399958917,0.7297133769998254,1660,1148,True,True,1,3,0,0,True,0.3377424970003631,0.19870900999922014,0.0,0.0,0.0001552560006530257,False,
diag00_a1_s23_llama1b_kv3072_cap12-07_long_burst_guard_fast,llama1b,3072,12,23,long,burst,guard_fast,9,cmpl-diag00_a1_s23_llama1b_kv3072_cap12-07_long_burst_guard_fast-r9-0-88d59262,7247.717245818,7248.240515589,7248.432902016,0.523269770999832,0.19238642700020137,0.7156561980000333,1662,1150,True,True,1,3,0,0,True,0.3285454970000501,0.19459093899968138,0.0,0.0,0.00013333500010048738,False,
diag00_a1_s23_llama1b_kv3072_cap12-07_long_burst_guard_fast,llama1b,3072,12,23,long,burst,guard_fast,9,cmpl-diag00_a1_s23_llama1b_kv3072_cap12-07_long_burst_guard_fast-r9-0-88d59262,7248.431947745,7248.962706602,7249.157247743,0.5307588570003645,0.19454114099971775,0.7252999980000823,1664,1152,True,True,1,3,0,0,True,0.33379390699974465,0.19680212599996594,0.0,0.0,0.00016282400065392721,False,
diag00_a1_s23_llama1b_kv3072_cap12-07_long_burst_guard_fast,llama1b,3072,12,23,long,burst,guard_fast,9,cmpl-diag00_a1_s23_llama1b_kv3072_cap12-07_long_burst_guard_fast-r9-0-88d59262,7249.156664137,7249.689986992,7249.883019667,0.5333228549998239,0.19303267499981303,0.7263555299996369,1666,1154,True,True,1,3,0,0,True,0.33387762700021995,0.19933734699952765,0.0,0.0,0.00010788100007630419,False,
diag00_a1_s23_llama1b_kv3072_cap12-07_long_burst_guard_fast,llama1b,3072,12,23,long,burst,guard_fast,9,cmpl-diag00_a1_s23_llama1b_kv3072_cap12-07_long_burst_guard_fast-r9-0-88d59262,7249.882486084,7250.41299005,7250.611289074,0.5305039659997419,0.19829902399942512,0.728802989999167,1668,1156,True,True,1,3,0,0,True,0.33229021099941747,0.19806897200032836,0.0,0.0,0.0001447829999960959,False,
diag00_a1_s23_llama1b_kv3072_cap12-07_long_burst_guard_fast,llama1b,3072,12,23,long,burst,guard_fast,9,cmpl-diag00_a1_s23_llama1b_kv3072_cap12-07_long_burst_guard_fast-r9-0-88d59262,7250.610644053,7251.160150398,7251.355996936,0.549506344999827,0.19584653800029628,0.7453528830001233,1670,1158,True,True,1,3,0,0,True,0.350135906000105,0.1991218619996289,0.0,0.0,0.00024857700009306427,False,
diag00_a1_s23_llama1b_kv3072_cap12-07_long_burst_guard_fast,llama1b,3072,12,23,long,burst,guard_fast,9,cmpl-diag00_a1_s23_llama1b_kv3072_cap12-07_long_burst_guard_fast-r9-0-88d59262,7251.355356575,7251.907818016,7252.10521616,0.5524614410005597,0.19739814399963507,0.7498595850001948,1672,1160,True,True,1,3,0,0,True,0.358723903000282,0.19357096400017326,0.0,0.0,0.0001665740001044469,False,
diag00_a1_s23_llama1b_kv3072_cap12-07_long_burst_guard_fast,llama1b,3072,12,23,long,burst,guard_fast,9,cmpl-diag00_a1_s23_llama1b_kv3072_cap12-07_long_burst_guard_fast-r9-0-88d59262,7252.104659123,7252.659772419,7252.854679113,0.555113295999945,0.19490669400056504,0.75001999000051,1674,1162,True,True,1,3,0,0,True,0.356516683999871,0.198456339000586,0.0,0.0,0.0001402729994879337,False,
diag00_a1_s23_llama1b_kv3072_cap12-07_long_burst_guard_fast,llama1b,3072,12,23,long,burst,guard_fast,9,cmpl-diag00_a1_s23_llama1b_kv3072_cap12-07_long_burst_guard_fast-r9-0-88d59262,7252.853965535,7253.405644591,7253.60250221,0.5516790560004665,0.19685761900018406,0.7485366750006506,1676,1164,True,True,1,3,0,0,True,0.3524529940004868,0.199096381000345,0.0,0.0,0.00012968099963472923,False,
diag00_a1_s23_llama1b_kv3072_cap12-07_long_burst_guard_fast,llama1b,3072,12,23,long,burst,guard_fast,9,cmpl-diag00_a1_s23_llama1b_kv3072_cap12-07_long_burst_guard_fast-r9-0-88d59262,7253.602001981,7254.158308504,7254.354931402,0.5563065229998756,0.1966228979999869,0.7529294209998625,1678,1166,True,True,1,3,0,0,True,0.3563762269996005,0.19979414800036466,0.0,0.0,0.0001361479999104631,False,
diag00_a1_s23_llama1b_kv3072_cap12-07_long_burst_guard_fast,llama1b,3072,12,23,long,burst,guard_fast,9,cmpl-diag00_a1_s23_llama1b_kv3072_cap12-07_long_burst_guard_fast-r9-0-88d59262,7254.354010402,7254.910709749,7255.104975345,0.5566993469992667,0.19426559600015025,0.750964942999417,1680,1168,True,True,1,3,0,0,True,0.36038780299986684,0.19617967100020905,0.0,0.0,0.00013187299919081852,False,
diag00_a1_s23_llama1b_kv3072_cap12-07_long_burst_guard_fast,llama1b,3072,12,23,long,burst,guard_fast,9,cmpl-diag00_a1_s23_llama1b_kv3072_cap12-07_long_burst_guard_fast-r9-0-88d59262,7255.104366201,7255.659416323,7255.854812709,0.5550501220004662,0.19539638599962927,0.7504465080000955,1682,1170,True,True,1,3,0,0,True,0.3595646570001918,0.19527532400024938,0.0,0.0,0.00021014100002503255,False,
diag00_a1_s23_llama1b_kv3072_cap12-07_long_burst_guard_fast,llama1b,3072,12,23,long,burst,guard_fast,9,cmpl-diag00_a1_s23_llama1b_kv3072_cap12-07_long_burst_guard_fast-r9-0-88d59262,7255.854012322,7256.407564497,7256.603603372,0.5535521749998225,0.19603887500034034,0.7495910500001628,1684,1172,True,True,1,3,0,0,True,0.35975376599981246,0.19365611100056412,0.0,0.0,0.00014229799944587285,False,
diag00_a1_s23_llama1b_kv3072_cap12-07_long_burst_guard_fast,llama1b,3072,12,23,long,burst,guard_fast,9,cmpl-diag00_a1_s23_llama1b_kv3072_cap12-07_long_burst_guard_fast-r9-0-88d59262,7256.603071614,7257.163434033,7257.358536951,0.56036241899983,0.19510291799997503,0.755465336999805,1686,1174,True,True,1,3,0,0,True,0.3605884429998696,0.19962987399958365,0.0,0.0,0.00014410200037673349,False,
diag00_a1_s23_llama1b_kv3072_cap12-07_long_burst_guard_fast,llama1b,3072,12,23,long,burst,guard_fast,9,cmpl-diag00_a1_s23_llama1b_kv3072_cap12-07_long_burst_guard_fast-r9-0-88d59262,7257.357430816,7257.917302557,7258.11340555,0.5598717410002791,0.19610299299984035,0.7559747340001195,1688,1176,True,True,1,3,0,0,True,0.3606070499999987,0.1990876540003228,0.0,0.0,0.000177036999957636,False,
diag00_a1_s23_llama1b_kv3072_cap12-07_long_burst_guard_fast,llama1b,3072,12,23,long,burst,guard_fast,9,cmpl-diag00_a1_s23_llama1b_kv3072_cap12-07_long_burst_guard_fast-r9-0-88d59262,7258.11284686,7258.675202053,7258.869740374,0.5623551930002577,0.19453832099952706,0.7568935139997848,1690,1178,True,True,1,3,0,0,True,0.36139206400002877,0.20076374699965527,0.0,0.0,0.00019938200057367794,False,
diag00_a1_s23_llama1b_kv3072_cap12-07_long_burst_guard_fast,llama1b,3072,12,23,long,burst,guard_fast,9,cmpl-diag00_a1_s23_llama1b_kv3072_cap12-07_long_burst_guard_fast-r9-0-88d59262,7258.869188204,7259.425453092,7259.62781508,0.5562648879995322,0.20236198800012062,0.7586268759996528,1692,1180,True,True,1,3,0,0,True,0.35708966399943165,0.1990367280004648,0.0,0.0,0.0001384959996357793,False,
diag00_a1_s23_llama1b_kv3072_cap12-07_long_burst_guard_fast,llama1b,3072,12,23,long,burst,guard_fast,9,cmpl-diag00_a1_s23_llama1b_kv3072_cap12-07_long_burst_guard_fast-r9-0-88d59262,7259.62665314,7260.197558466,7260.394245756,0.570905326000684,0.19668728999931773,0.7675926160000017,1694,1182,True,True,1,3,0,0,True,0.3677947820006011,0.20298620799985656,0.0,0.0,0.00012433600022632163,False,
diag00_a1_s23_llama1b_kv3072_cap12-07_long_burst_guard_fast,llama1b,3072,12,23,long,burst,guard_fast,9,cmpl-diag00_a1_s23_llama1b_kv3072_cap12-07_long_burst_guard_fast-r9-0-88d59262,7260.39360957,7260.952520027,7261.1494579,0.5589104569999108,0.1969378730000244,0.7558483299999352,1696,1184,True,True,1,3,0,0,True,0.3603078710002592,0.19846434200007934,0.0,0.0,0.00013824399957229616,False,
diag00_a1_s23_llama1b_kv3072_cap12-07_long_burst_guard_fast,llama1b,3072,12,23,long,burst,guard_fast,9,cmpl-diag00_a1_s23_llama1b_kv3072_cap12-07_long_burst_guard_fast-r9-0-88d59262,7261.148715385,7261.7089839,7261.907911406,0.5602685149997342,0.19892750599956344,0.7591960209992976,1698,1186,True,True,1,3,0,0,True,0.3622686059998159,0.19786994999958551,0.0,0.0,0.00012995900033274665,False,
diag00_a1_s23_llama1b_kv3072_cap12-07_long_burst_guard_fast,llama1b,3072,12,23,long,burst,guard_fast,9,cmpl-diag00_a1_s23_llama1b_kv3072_cap12-07_long_burst_guard_fast-r9-0-88d59262,7261.907422672,7262.280915343,7262.476462171,0.3734926709994397,0.19554682800026058,0.5690394989997003,1700,1188,True,True,1,3,0,0,True,0.17409054599920637,0.19926711300013267,0.0,0.0,0.00013501200010068715,False,
diag00_a1_s23_llama1b_kv3072_cap12-07_long_burst_guard_fast,llama1b,3072,12,23,long,burst,guard_fast,9,cmpl-diag00_a1_s23_llama1b_kv3072_cap12-07_long_burst_guard_fast-r9-0-88d59262,7262.475933086,7262.846563906,7263.045298452,0.37063081999986025,0.19873454600019613,0.5693653660000564,1702,1190,True,True,1,3,0,0,True,0.170725472000413,0.1997570719995565,0.0,0.0,0.0001482759998907568,False,
diag00_a1_s23_llama1b_kv3072_cap12-07_long_burst_guard_fast,llama1b,3072,12,23,long,burst,guard_fast,9,cmpl-diag00_a1_s23_llama1b_kv3072_cap12-07_long_burst_guard_fast-r9-0-88d59262,7263.044699669,7263.418163686,7263.614772925,0.373464017000515,0.19660923899937188,0.5700732559998869,1704,1192,True,True,1,3,0,0,True,0.17029501400065783,0.20303711599990493,0.0,0.0,0.0001318869999522576,False,
diag00_a1_s23_llama1b_kv3072_cap12-07_long_burst_guard_fast,llama1b,3072,12,23,long,burst,guard_fast,9,cmpl-diag00_a1_s23_llama1b_kv3072_cap12-07_long_burst_guard_fast-r9-0-88d59262,7263.61370313,7263.980152728,7264.177154566,0.36644959799923527,0.1970018380006877,0.563451435999923,1706,1194,True,True,1,3,0,0,True,0.1681082699997205,0.1981837989997075,0.0,0.0,0.00015752899980725488,False,
diag00_a1_s23_llama1b_kv3072_cap12-07_long_burst_guard_fast,llama1b,3072,12,23,long,burst,guard_fast,9,cmpl-diag00_a1_s23_llama1b_kv3072_cap12-07_long_burst_guard_fast-r9-0-88d59262,7264.176595374,7264.545000322,7264.741131723,0.3684049480007161,0.19613140099954762,0.5645363490002637,1708,1196,True,True,1,3,0,0,True,0.1707288690004134,0.1972918279998339,0.0,0.0,0.0003842510004687938,False,
diag00_a1_s23_llama1b_kv3072_cap12-07_long_burst_guard_fast,llama1b,3072,12,23,long,burst,guard_fast,9,cmpl-diag00_a1_s23_llama1b_kv3072_cap12-07_long_burst_guard_fast-r9-0-88d59262,7264.740529579,7265.112901048,7265.307991675,0.3723714689995177,0.1950906270003543,0.567462095999872,1710,1198,True,True,1,3,0,0,True,0.1720341919999555,0.20018521299971326,0.0,0.0,0.00015206399984890595,False,
diag00_a1_s23_llama1b_kv3072_cap12-07_long_burst_guard_fast,llama1b,3072,12,23,long,burst,guard_fast,9,cmpl-diag00_a1_s23_llama1b_kv3072_cap12-07_long_burst_guard_fast-r9-0-88d59262,7265.307224553,7265.67862885,7265.874193101,0.37140429699957167,0.19556425100017805,0.5669685479997497,1712,1200,True,True,1,3,0,0,True,0.16995512699941173,0.20130175800022698,0.0,0.0,0.00014741199993295595,False,
diag00_a1_s23_llama1b_kv3072_cap12-07_long_burst_guard_fast,llama1b,3072,12,23,long,burst,guard_fast,9,cmpl-diag00_a1_s23_llama1b_kv3072_cap12-07_long_burst_guard_fast-r9-0-88d59262,7265.873604676,7266.245167469,7266.438814523,0.3715627930005212,0.19364705399948434,0.5652098470000055,1714,1202,True,True,1,3,0,0,True,0.17129109900088224,0.20004037999933644,0.0,0.0,0.00023131400030251825,False,
diag00_a1_s23_llama1b_kv3072_cap12-07_long_burst_guard_fast,llama1b,3072,12,23,long,burst,guard_fast,9,cmpl-diag00_a1_s23_llama1b_kv3072_cap12-07_long_burst_guard_fast-r9-0-88d59262,7266.438341601,7266.808825536,7267.006207947,0.3704839350002658,0.19738241100003506,0.5678663460003008,1716,1204,True,True,1,3,0,0,True,0.17003943200052163,0.20030799399955868,0.0,0.0,0.00013650900018546963,False,
diag00_a1_s23_llama1b_kv3072_cap12-07_long_burst_guard_fast,llama1b,3072,12,23,long,burst,guard_fast,9,cmpl-diag00_a1_s23_llama1b_kv3072_cap12-07_long_burst_guard_fast-r9-0-88d59262,7267.005704721,7267.176304202,7267.372357256,0.1705994809999538,0.1960530540000036,0.3666525349999574,1718,1206,True,True,1,2,0,0,True,0.014388019999387325,0.1561103860003641,0.0,0.0,0.00010107500020239968,False,
diag00_a1_s23_llama1b_kv3072_cap12-07_long_burst_guard_fast,llama1b,3072,12,23,long,burst,guard_fast,9,cmpl-diag00_a1_s23_llama1b_kv3072_cap12-07_long_burst_guard_fast-r9-0-88d59262,7267.371491938,7267.551048194,7267.747586668,0.17955625600006897,0.19653847399968072,0.3760947299997497,1720,1208,True,True,1,2,0,0,True,0.017131921999862243,0.1623151190005956,0.0,0.0,0.00010921499961114023,False,
diag00_a1_s23_llama1b_kv3072_cap12-07_long_burst_guard_fast,llama1b,3072,12,23,long,burst,guard_fast,9,cmpl-diag00_a1_s23_llama1b_kv3072_cap12-07_long_burst_guard_fast-r9-0-88d59262,7267.746971786,7267.917880258,7268.115644415,0.1709084719996099,0.19776415700016514,0.36867262899977504,1722,1210,True,True,1,2,0,0,True,0.01649986399934278,0.15430768900023395,0.0,0.0,0.00010091900003317278,False,
diag00_a1_s23_llama1b_kv3072_cap12-07_long_burst_guard_fast,llama1b,3072,12,23,long,burst,guard_fast,9,cmpl-diag00_a1_s23_llama1b_kv3072_cap12-07_long_burst_guard_fast-r9-0-88d59262,7268.114467883,7268.284615089,7268.480538511,0.17014720600036526,0.19592342200030544,0.3660706280006707,1724,1212,True,True,1,2,0,0,True,0.014357611999912478,0.15569126800073718,0.0,0.0,9.83259997155983e-05,False,
diag00_a1_s23_llama1b_kv3072_cap12-07_long_burst_guard_fast,llama1b,3072,12,23,long,burst,guard_fast,9,cmpl-diag00_a1_s23_llama1b_kv3072_cap12-07_long_burst_guard_fast-r9-0-88d59262,7268.479915768,7268.651060772,7268.851470802,0.17114500400020916,0.2004100300000573,0.37155503400026646,1726,1214,True,True,1,2,0,0,True,0.014470166000137397,0.15657398399980593,0.0,0.0,0.00010085400026582647,False,
diag00_a1_s23_llama1b_kv3072_cap12-07_long_burst_guard_fast,llama1b,3072,12,23,long,burst,guard_fast,9,cmpl-diag00_a1_s23_llama1b_kv3072_cap12-07_long_burst_guard_fast-r9-0-88d59262,7268.850706913,7269.023468898,7269.220946488,0.17276198499985185,0.1974775899998349,0.37023957499968674,1728,1216,True,True,1,2,0,0,True,0.01569831599954341,0.156962399000804,0.0,0.0,0.0001012699995044386,False,
diag00_a1_s23_llama1b_kv3072_cap12-07_long_burst_guard_fast,llama1b,3072,12,23,long,burst,guard_fast,9,cmpl-diag00_a1_s23_llama1b_kv3072_cap12-07_long_burst_guard_fast-r9-0-88d59262,7269.220307917,7269.390424314,7269.585475416,0.17011639699921943,0.19505110200043418,0.3651674989996536,1730,1218,True,True,1,2,0,0,True,0.015862086999732128,0.1541629670000475,0.0,0.0,9.134299943980295e-05,False,
diag00_a1_s23_llama1b_kv3072_cap12-07_long_burst_guard_fast,llama1b,3072,12,23,long,burst,guard_fast,9,cmpl-diag00_a1_s23_llama1b_kv3072_cap12-07_long_burst_guard_fast-r9-0-88d59262,7269.584849738,7269.761815804,7269.966970188,0.1769660660002046,0.20515438399979757,0.38212045000000217,1732,1220,True,True,1,2,0,0,True,0.015179727000031562,0.16169532499952766,0.0,0.0,9.101400064537302e-05,False,
diag00_a1_s23_llama1b_kv3072_cap12-07_long_burst_guard_fast,llama1b,3072,12,23,long,burst,guard_fast,9,cmpl-diag00_a1_s23_llama1b_kv3072_cap12-07_long_burst_guard_fast-r9-0-88d59262,7269.966123014,7270.136997097,7270.333747772,0.17087408299994422,0.1967506749997483,0.3676247579996925,1734,1222,True,True,1,2,0,0,True,0.014430074999836506,0.1561147020001954,0.0,0.0,0.00032930599991232157,False,
diag00_a1_s23_llama1b_kv3072_cap12-07_long_burst_guard_fast,llama1b,3072,12,23,long,burst,guard_fast,9,cmpl-diag00_a1_s23_llama1b_kv3072_cap12-07_long_burst_guard_fast-r9-0-88d59262,7270.332680682,7270.503852815,7270.702673236,0.1711721330002547,0.19882042100016406,0.36999255400041875,1736,1224,True,True,1,2,0,0,True,0.016059995000432536,0.15501110999957746,0.0,0.0,0.00010102800024469616,False,
diag00_a1_s23_llama1b_kv3072_cap12-07_long_burst_guard_fast,llama1b,3072,12,23,long,burst,guard_fast,9,cmpl-diag00_a1_s23_llama1b_kv3072_cap12-07_long_burst_guard_fast-r9-0-88d59262,7270.702118702,7270.874361435,7271.071523889,0.17224273299962078,0.19716245400013577,0.36940518699975655,1738,1226,True,True,1,2,0,0,True,0.017703139000332158,0.1544030949999069,0.0,0.0,0.00013649899938172894,False,
diag00_a1_s23_llama1b_kv3072_cap12-07_long_burst_guard_fast,llama1b,3072,12,23,long,burst,guard_fast,9,cmpl-diag00_a1_s23_llama1b_kv3072_cap12-07_long_burst_guard_fast-r9-0-88d59262,7271.070981662,7271.243387941,7271.439696496,0.17240627899991523,0.19630855499963218,0.3687148339995474,1740,1228,True,True,1,2,0,0,True,0.015210139999908279,0.15709398099988903,0.0,0.0,0.00010215800011792453,False,
diag00_a1_s23_llama1b_kv3072_cap12-07_long_burst_guard_fast,llama1b,3072,12,23,long,burst,guard_fast,9,cmpl-diag00_a1_s23_llama1b_kv3072_cap12-07_long_burst_guard_fast-r9-0-88d59262,7271.438765842,7271.612995046,7271.811935091,0.17422920399985742,0.19894004500019946,0.3731692490000569,1742,1230,True,True,1,2,0,0,True,0.01534227699994517,0.15876718399977108,0.0,0.0,0.00011974300014117034,False,
diag00_a1_s23_llama1b_kv3072_cap12-07_long_burst_guard_fast,llama1b,3072,12,23,long,burst,guard_fast,9,cmpl-diag00_a1_s23_llama1b_kv3072_cap12-07_long_burst_guard_fast-r9-0-88d59262,7271.811286941,7271.983549636,7272.180151195,0.1722626950004269,0.19660155899964593,0.36886425400007283,1744,1232,True,True,1,2,0,0,True,0.015006485999947472,0.1571360400002959,0.0,0.0,0.00012016900018352317,False,
diag00_a1_s23_llama1b_kv3072_cap12-07_long_burst_guard_fast,llama1b,3072,12,23,long,burst,guard_fast,9,cmpl-diag00_a1_s23_llama1b_kv3072_cap12-07_long_burst_guard_fast-r9-0-88d59262,7272.179190051,7272.351815544,7272.553125608,0.17262549299994134,0.2013100640006087,0.37393555700055003,1746,1234,True,True,1,2,0,0,True,0.014459414000157267,0.15806882900051278,0.0,0.0,9.724999927129829e-05,False,
diag00_a1_s23_llama1b_kv3072_cap12-07_long_burst_guard_fast,llama1b,3072,12,23,long,burst,guard_fast,9,cmpl-diag00_a1_s23_llama1b_kv3072_cap12-07_long_burst_guard_fast-r9-0-88d59262,7272.55177665,7272.724780352,7272.919844249,0.17300370200064208,0.1950638969992724,0.3680675989999145,1748,1236,True,True,1,2,0,0,True,0.013050079000095138,0.1598618140005783,0.0,0.0,9.180899996863445e-05,False,
diag00_a1_s23_llama1b_kv3072_cap12-07_long_burst_guard_fast,llama1b,3072,12,23,long,burst,guard_fast,9,cmpl-diag00_a1_s23_llama1b_kv3072_cap12-07_long_burst_guard_fast-r9-0-88d59262,7272.919207713,7273.09074303,7273.287952956,0.1715353170002345,0.19720992599923193,0.3687452429994664,1750,1238,True,True,1,2,0,0,True,0.015000444999714091,0.1564450770001713,0.0,0.0,8.979500034911325e-05,False,
diag00_a1_s23_llama1b_kv3072_cap12-07_long_burst_guard_fast,llama1b,3072,12,23,long,burst,guard_fast,9,cmpl-diag00_a1_s23_llama1b_kv3072_cap12-07_long_burst_guard_fast-r9-0-88d59262,7273.28735907,7273.458460271,7273.659014087,0.17110120100005588,0.20055381600013789,0.37165501700019377,1752,1240,True,True,1,2,0,0,True,0.015209879999929399,0.155713287999788,0.0,0.0,0.00017803300033847336,False,
diag00_a1_s23_llama1b_kv3072_cap12-07_long_burst_guard_fast,llama1b,3072,12,23,long,burst,guard_fast,9,cmpl-diag00_a1_s23_llama1b_kv3072_cap12-07_long_burst_guard_fast-r9-0-88d59262,7273.658475669,7273.830583884,7274.028732653,0.17210821499975282,0.19814876899999945,0.37025698399975226,1754,1242,True,True,1,2,0,0,True,0.013601868000478134,0.15840460699928371,0.0,0.0,0.0001017399999909685,False,
diag00_a1_s23_llama1b_kv3072_cap12-07_long_burst_guard_fast,llama1b,3072,12,23,long,burst,guard_fast,9,cmpl-diag00_a1_s23_llama1b_kv3072_cap12-07_long_burst_guard_fast-r9-0-88d59262,7274.028149047,7274.197074897,7274.397038014,0.16892585000005056,0.19996311700015212,0.3688889670002027,1756,1244,True,True,1,2,0,0,True,0.012846999999965192,0.1559758610001154,0.0,0.0,0.00010298899996996624,False,
diag00_a1_s23_llama1b_kv3072_cap12-07_long_burst_guard_fast,llama1b,3072,12,23,long,burst,guard_fast,9,cmpl-diag00_a1_s23_llama1b_kv3072_cap12-07_long_burst_guard_fast-r9-0-88d59262,7274.396444676,7274.569429329,7274.768352095,0.17298465299973032,0.19892276600057812,0.37190741900030844,1758,1246,True,True,1,2,0,0,True,0.016063975999713875,0.1568139090004479,0.0,0.0,0.00010676799956854666,False,
diag00_a1_s23_llama1b_kv3072_cap12-07_long_burst_guard_fast,llama1b,3072,12,23,long,burst,guard_fast,9,cmpl-diag00_a1_s23_llama1b_kv3072_cap12-07_long_burst_guard_fast-r9-0-88d59262,7274.767742659,7274.939685175,7275.137953582,0.1719425159999446,0.1982684069998868,0.3702109229998314,1760,1248,True,True,1,2,0,0,True,0.013575347999903897,0.1582671410005787,0.0,0.0,0.00010002699946198845,False,
diag00_a1_s23_llama1b_kv3072_cap12-07_long_burst_guard_fast,llama1b,3072,12,23,long,burst,guard_fast,9,cmpl-diag00_a1_s23_llama1b_kv3072_cap12-07_long_burst_guard_fast-r9-0-88d59262,7275.136971208,7275.309347278,7275.512026514,0.17237606999970012,0.20267923600022186,0.375055305999922,1762,1250,True,True,1,2,0,0,True,0.015068483999129967,0.15722269200068695,0.0,0.0,8.489399988320656e-05,False,
diag00_a1_s23_llama1b_kv3072_cap12-07_long_burst_guard_fast,llama1b,3072,12,23,long,burst,guard_fast,9,cmpl-diag00_a1_s23_llama1b_kv3072_cap12-07_long_burst_guard_fast-r9-0-88d59262,7275.51139868,7275.68340064,7275.881226825,0.1720019600006708,0.19782618499993987,0.3698281450006107,1764,1252,True,True,1,2,0,0,True,0.013914088000092306,0.15785375199993723,0.0,0.0,0.00023412000064126914,False,
diag00_a1_s23_llama1b_kv3072_cap12-07_long_burst_guard_fast,llama1b,3072,12,23,long,burst,guard_fast,9,cmpl-diag00_a1_s23_llama1b_kv3072_cap12-07_long_burst_guard_fast-r9-0-88d59262,7275.880504007,7276.052626234,7276.252299321,0.17212222699981794,0.19967308699960995,0.3717953139994279,1766,1254,True,True,1,2,0,0,True,0.015129979999983334,0.15690810599971883,0.0,0.0,8.41410001157783e-05,False,
diag00_a1_s23_llama1b_kv3072_cap12-07_long_burst_guard_fast,llama1b,3072,12,23,long,burst,guard_fast,9,cmpl-diag00_a1_s23_llama1b_kv3072_cap12-07_long_burst_guard_fast-r9-0-88d59262,7276.251642298,7276.42497572,7276.625860408,0.17333342199981416,0.20088468800076953,0.3742181100005837,1768,1256,True,True,1,2,0,0,True,0.01482155700068688,0.1584108639999613,0.0,0.0,0.00010100099916598992,False,
diag00_a1_s23_llama1b_kv3072_cap12-07_long_burst_guard_fast,llama1b,3072,12,23,long,burst,guard_fast,9,cmpl-diag00_a1_s23_llama1b_kv3072_cap12-07_long_burst_guard_fast-r9-0-88d59262,7276.625217825,7276.799424576,7276.998069593,0.17420675100038352,0.19864501699976245,0.37285176800014597,1770,1258,True,True,1,2,0,0,True,0.014706465000017488,0.15939549599988823,0.0,0.0,0.00010479000047780573,False,
diag00_a1_s23_llama1b_kv3072_cap12-07_long_burst_guard_fast,llama1b,3072,12,23,long,burst,guard_fast,9,cmpl-diag00_a1_s23_llama1b_kv3072_cap12-07_long_burst_guard_fast-r9-0-88d59262,7276.997475718,7277.169616496,7277.369199285,0.17214077800053929,0.19958278899957804,0.3717235670001173,1772,1260,True,True,1,2,0,0,True,0.014534816999912437,0.15746184100044047,0.0,0.0,0.00014412000018637627,False,
diag00_a1_s23_llama1b_kv3072_cap12-07_long_burst_guard_fast,llama1b,3072,12,23,long,burst,guard_fast,9,cmpl-diag00_a1_s23_llama1b_kv3072_cap12-07_long_burst_guard_fast-r9-0-88d59262,7277.368554076,7277.54228171,7277.743859644,0.17372763399998803,0.20157793399994262,0.37530556799993064,1774,1262,True,True,1,2,0,0,True,0.014863090000289958,0.15868500099986704,0.0,0.0,0.00017954299983102828,False,
diag00_a1_s23_llama1b_kv3072_cap12-07_long_burst_guard_fast,llama1b,3072,12,23,long,burst,guard_fast,9,cmpl-diag00_a1_s23_llama1b_kv3072_cap12-07_long_burst_guard_fast-r9-0-88d59262,7277.742621004,7277.919133868,7278.116994972,0.17651286399996025,0.19786110399945755,0.3743739679994178,1776,1264,True,True,1,2,0,0,True,0.015866719999394263,0.16054695999991964,0.0,0.0,9.918400064634625e-05,False,
diag00_a1_s23_llama1b_kv3072_cap12-07_long_burst_guard_fast,llama1b,3072,12,23,long,burst,guard_fast,9,cmpl-diag00_a1_s23_llama1b_kv3072_cap12-07_long_burst_guard_fast-r9-0-88d59262,7278.11643068,7278.286290439,7278.485980762,0.1698597590002464,0.19969032299923128,0.3695500819994777,1778,1266,True,True,1,2,0,0,True,0.014019381999787583,0.15574095099964325,0.0,0.0,9.942600081558339e-05,False,
diag00_a1_s23_llama1b_kv3072_cap12-07_long_burst_guard_fast,llama1b,3072,12,23,long,burst,guard_fast,9,cmpl-diag00_a1_s23_llama1b_kv3072_cap12-07_long_burst_guard_fast-r9-0-88d59262,7278.485381655,7278.662237703,7278.865466545,0.1768560479995358,0.20322884200049884,0.38008489000003465,1780,1268,True,True,1,2,0,0,True,0.017456859999583685,0.15929330499966454,0.0,0.0,0.00010588300028757658,False,
diag00_a1_s23_llama1b_kv3072_cap12-07_long_burst_guard_fast,llama1b,3072,12,23,long,burst,guard_fast,9,cmpl-diag00_a1_s23_llama1b_kv3072_cap12-07_long_burst_guard_fast-r9-0-88d59262,7278.864225105,7279.040098191,7279.237263732,0.17587308600013785,0.19716554100068606,0.3730386270008239,1782,1270,True,True,1,2,0,0,True,0.013997605999975349,0.16175475400086725,0.0,0.0,0.00012072599929524586,False,
diag00_a1_s23_llama1b_kv3072_cap12-07_long_burst_guard_fast,llama1b,3072,12,23,long,burst,guard_fast,9,cmpl-diag00_a1_s23_llama1b_kv3072_cap12-07_long_burst_guard_fast-r9-0-88d59262,7279.236633542,7279.407521991,7279.608941285,0.17088844899990363,0.20141929399960645,0.3723077429995101,1784,1272,True,True,1,2,0,0,True,0.015953383000123722,0.1548207830001047,0.0,0.0,0.00011428299967519706,False,
diag00_a1_s23_llama1b_kv3072_cap12-07_long_burst_guard_fast,llama1b,3072,12,23,long,burst,guard_fast,9,cmpl-diag00_a1_s23_llama1b_kv3072_cap12-07_long_burst_guard_fast-r9-0-88d59262,7279.608377382,7279.785217207,7279.987713859,0.17683982499966078,0.20249665200026357,0.37933647699992434,1786,1274,True,True,1,2,0,0,True,0.014793237000048975,0.16194556099981128,0.0,0.0,0.00010102699980052421,False,
diag00_a1_s23_llama1b_kv3072_cap12-07_long_burst_guard_fast,llama1b,3072,12,23,long,burst,guard_fast,9,cmpl-diag00_a1_s23_llama1b_kv3072_cap12-07_long_burst_guard_fast-r9-0-88d59262,7279.986989195,7280.156611565,7280.354707496,0.16962237000007008,0.19809593099944323,0.3677183009995133,1788,1276,True,True,1,2,0,0,True,0.013089154999761377,0.1564315940004235,0.0,0.0,0.00010162099988519913,False,
diag00_a1_s23_llama1b_kv3072_cap12-07_long_burst_guard_fast,llama1b,3072,12,23,long,burst,guard_fast,9,cmpl-diag00_a1_s23_llama1b_kv3072_cap12-07_long_burst_guard_fast-r9-0-88d59262,7280.354148969,7280.525825521,7280.730048928,0.17167655200046283,0.20422340699951747,0.3758999589999803,1790,1278,True,True,1,2,0,0,True,0.015157390000240412,0.1564124870001251,0.0,0.0,0.00010667500009731157,False,
diag00_a1_s23_llama1b_kv3072_cap12-07_long_burst_guard_fast,llama1b,3072,12,23,long,burst,guard_fast,9,cmpl-diag00_a1_s23_llama1b_kv3072_cap12-07_long_burst_guard_fast-r9-0-88d59262,7280.72916937,7280.911190044,7281.122443702,0.1820206740003414,0.211253657999805,0.3932743320001464,1792,1280,True,True,1,2,0,0,True,0.018017739999777405,0.16385696300039854,0.0,0.0,0.00014597100016544573,False,
diag00_a1_s23_llama1b_kv3072_cap12-07_long_burst_guard_fast,llama1b,3072,12,23,long,burst,guard_fast,9,cmpl-diag00_a1_s23_llama1b_kv3072_cap12-07_long_burst_guard_fast-r9-0-88d59262,7281.121791691,7281.300717371,7281.509677793,0.17892568000024767,0.2089604220000183,0.38788610200026596,1794,1282,True,True,1,2,0,0,True,0.014608858999963559,0.1642164450004202,0.0,0.0,0.00010037599986389978,False,
diag00_a1_s23_llama1b_kv3072_cap12-07_long_burst_guard_fast,llama1b,3072,12,23,long,burst,guard_fast,9,cmpl-diag00_a1_s23_llama1b_kv3072_cap12-07_long_burst_guard_fast-r9-0-88d59262,7281.508580466,7281.693461441,7281.905007367,0.18488097499994183,0.2115459259994168,0.3964269009993586,1796,1284,True,True,1,2,0,0,True,0.01560389199948986,0.16914322200045717,0.0,0.0,0.00013386099999479484,False,
diag00_a1_s23_llama1b_kv3072_cap12-07_long_burst_guard_fast,llama1b,3072,12,23,long,burst,guard_fast,9,cmpl-diag00_a1_s23_llama1b_kv3072_cap12-07_long_burst_guard_fast-r9-0-88d59262,7281.904375875,7282.087714319,7282.294872879,0.18333844399967347,0.2071585599996979,0.3904970039993714,1798,1286,True,True,1,2,0,0,True,0.014853531999506231,0.1683523410001726,0.0,0.0,0.00013257099999464117,False,
diag00_a1_s23_llama1b_kv3072_cap12-07_long_burst_guard_fast,llama1b,3072,12,23,long,burst,guard_fast,9,cmpl-diag00_a1_s23_llama1b_kv3072_cap12-07_long_burst_guard_fast-r9-0-88d59262,7282.294216921,7282.476015543,7282.688965285,0.18179862200031494,0.21294974200009165,0.3947483640004066,1800,1288,True,True,1,2,0,0,True,0.014332955999634578,0.16735046800022246,0.0,0.0,0.00011519800045789452,False,
diag00_a1_s23_llama1b_kv3072_cap12-07_long_burst_guard_fast,llama1b,3072,12,23,long,burst,guard_fast,9,cmpl-diag00_a1_s23_llama1b_kv3072_cap12-07_long_burst_guard_fast-r9-0-88d59262,7282.688326215,7282.873001089,7283.083639597,0.18467487399993843,0.21063850799964712,0.39531338199958554,1802,1290,True,True,1,2,0,0,True,0.014490126999589847,0.17009617700023227,0.0,0.0,8.857000011630589e-05,False,
diag00_a1_s23_llama1b_kv3072_cap12-07_long_burst_guard_fast,llama1b,3072,12,23,long,burst,guard_fast,9,cmpl-diag00_a1_s23_llama1b_kv3072_cap12-07_long_burst_guard_fast-r9-0-88d59262,7283.083008796,7283.264473194,7283.475006101,0.18146439799966174,0.21053290700001526,0.391997304999677,1804,1292,True,True,1,2,0,0,True,0.015113362999727542,0.16624625900021783,0.0,0.0,0.00010477599971636664,False,
diag00_a1_s23_llama1b_kv3072_cap12-07_long_burst_guard_fast,llama1b,3072,12,23,long,burst,guard_fast,9,cmpl-diag00_a1_s23_llama1b_kv3072_cap12-07_long_burst_guard_fast-r9-0-88d59262,7283.474429548,7283.657615153,7283.870062712,0.1831856049993803,0.21244755899988377,0.39563316399926407,1806,1294,True,True,1,2,0,0,True,0.01621731399973214,0.1668773310002507,0.0,0.0,9.095999939745525e-05,False,
diag00_a1_s23_llama1b_kv3072_cap12-07_long_burst_guard_fast,llama1b,3072,12,23,long,burst,guard_fast,9,cmpl-diag00_a1_s23_llama1b_kv3072_cap12-07_long_burst_guard_fast-r9-0-88d59262,7283.869151744,7284.05172794,7284.263190989,0.18257619599989994,0.21146304899957613,0.39403924499947607,1808,1296,True,True,1,2,0,0,True,0.016013227999792434,0.1664604679999684,0.0,0.0,0.00010250000013911631,False,
diag00_a1_s23_llama1b_kv3072_cap12-07_long_burst_guard_fast,llama1b,3072,12,23,long,burst,guard_fast,9,cmpl-diag00_a1_s23_llama1b_kv3072_cap12-07_long_burst_guard_fast-r9-0-88d59262,7284.262507855,7284.451683215,7284.656818491,0.18917536000026303,0.2051352759999645,0.39431063600022753,1810,1298,True,True,1,2,0,0,True,0.01488790599978529,0.17417367600046418,0.0,0.0,0.00011377800001355354,False,
diag00_a1_s23_llama1b_kv3072_cap12-07_long_burst_guard_fast,llama1b,3072,12,23,long,burst,guard_fast,9,cmpl-diag00_a1_s23_llama1b_kv3072_cap12-07_long_burst_guard_fast-r9-0-88d59262,7284.656273021,7284.840184935,7285.051029914,0.18391191400041862,0.2108449789993756,0.3947568929997942,1812,1300,True,True,1,2,0,0,True,0.015318243000365328,0.16849197600004118,0.0,0.0,0.00010169500001211418,False,
diag00_a1_s23_llama1b_kv3072_cap12-07_long_burst_guard_fast,llama1b,3072,12,23,long,burst,guard_fast,9,cmpl-diag00_a1_s23_llama1b_kv3072_cap12-07_long_burst_guard_fast-r9-0-88d59262,7285.050514207,7285.23361542,7285.44446996,0.1831012130005547,0.21085453999967285,0.39395575300022756,1814,1302,True,True,1,2,0,0,True,0.015766412000630226,0.16723822099993413,0.0,0.0,9.657999999035383e-05,False,
diag00_a1_s23_llama1b_kv3072_cap12-07_long_burst_guard_fast,llama1b,3072,12,23,long,burst,guard_fast,9,cmpl-diag00_a1_s23_llama1b_kv3072_cap12-07_long_burst_guard_fast-r9-0-88d59262,7285.44331658,7285.626457586,7285.837713946,0.1831410059994596,0.2112563600003341,0.3943973659997937,1816,1304,True,True,1,2,0,0,True,0.015370297000117716,0.16764576799960196,0.0,0.0,0.0001249409997399198,False,
diag00_a1_s23_llama1b_kv3072_cap12-07_long_burst_guard_fast,llama1b,3072,12,23,long,burst,guard_fast,9,cmpl-diag00_a1_s23_llama1b_kv3072_cap12-07_long_burst_guard_fast-r9-0-88d59262,7285.837191258,7286.018613621,7286.232510342,0.18142236300082004,0.2138967209994007,0.39531908400022076,1818,1306,True,True,1,2,0,0,True,0.015111880000404199,0.16621034200034046,0.0,0.0,0.00010014100007538218,False,
diag00_a1_s23_llama1b_kv3072_cap12-07_long_burst_guard_fast,llama1b,3072,12,23,long,burst,guard_fast,9,cmpl-diag00_a1_s23_llama1b_kv3072_cap12-07_long_burst_guard_fast-r9-0-88d59262,7286.231852201,7286.412760675,7286.625924912,0.18090847399980703,0.21316423700045561,0.39407271100026264,1820,1308,True,True,1,2,0,0,True,0.01506313499976386,0.16571844200007035,0.0,0.0,0.00012689699997281423,False,
diag00_a1_s23_llama1b_kv3072_cap12-07_long_burst_guard_fast,llama1b,3072,12,23,long,burst,guard_fast,9,cmpl-diag00_a1_s23_llama1b_kv3072_cap12-07_long_burst_guard_fast-r9-0-88d59262,7286.625104618,7286.809173852,7287.018404068,0.1840692340001624,0.20923021599992353,0.3932994500000859,1822,1310,True,True,1,2,0,0,True,0.013930910000453878,0.16995391000000382,0.0,0.0,0.0001844139997047023,False,
diag00_a1_s23_llama1b_kv3072_cap12-07_long_burst_guard_fast,llama1b,3072,12,23,long,burst,guard_fast,9,cmpl-diag00_a1_s23_llama1b_kv3072_cap12-07_long_burst_guard_fast-r9-0-88d59262,7287.017278533,7287.20102178,7287.410589925,0.18374324700016587,0.2095681450000484,0.39331139200021425,1824,1312,True,True,1,2,0,0,True,0.016612174000329105,0.16704077800022787,0.0,0.0,9.029499960888643e-05,False,
diag00_a1_s23_llama1b_kv3072_cap12-07_long_burst_guard_fast,llama1b,3072,12,23,long,burst,guard_fast,9,cmpl-diag00_a1_s23_llama1b_kv3072_cap12-07_long_burst_guard_fast-r9-0-88d59262,7287.410028397,7287.591860842,7287.802825681,0.18183244499959983,0.21096483900055318,0.392797284000153,1826,1314,True,True,1,2,0,0,True,0.014198908000253141,0.16753876199982187,0.0,0.0,9.477499952481594e-05,False,
diag00_a1_s23_llama1b_kv3072_cap12-07_long_burst_guard_fast,llama1b,3072,12,23,long,burst,guard_fast,9,cmpl-diag00_a1_s23_llama1b_kv3072_cap12-07_long_burst_guard_fast-r9-0-88d59262,7287.802132712,7287.990590842,7288.200584812,0.18845813000007183,0.20999397000014142,0.39845210000021325,1828,1316,True,True,1,2,0,0,True,0.015263429000697215,0.17310919699957594,0.0,0.0,8.550399979867507e-05,False,
diag00_a1_s23_llama1b_kv3072_cap12-07_long_burst_guard_fast,llama1b,3072,12,23,long,burst,guard_fast,9,cmpl-diag00_a1_s23_llama1b_kv3072_cap12-07_long_burst_guard_fast-r9-0-88d59262,7288.200077781,7288.382570658,7288.594608065,0.18249287700018613,0.21203740700002527,0.3945302840002114,1830,1318,True,True,1,2,0,0,True,0.01491937799983134,0.167478071000005,0.0,0.0,9.542800034978427e-05,False,
diag00_a1_s23_llama1b_kv3072_cap12-07_long_burst_guard_fast,llama1b,3072,12,23,long,burst,guard_fast,9,cmpl-diag00_a1_s23_llama1b_kv3072_cap12-07_long_burst_guard_fast-r9-0-88d59262,7288.594009944,7288.777520705,7288.991503144,0.1835107609995248,0.21398243899966474,0.39749319999918953,1832,1320,True,True,1,2,0,0,True,0.01611375999982556,0.16727640499993868,0.0,0.0,0.00012059599976055324,False,
diag00_a1_s23_llama1b_kv3072_cap12-07_long_burst_guard_fast,llama1b,3072,12,23,long,burst,guard_fast,9,cmpl-diag00_a1_s23_llama1b_kv3072_cap12-07_long_burst_guard_fast-r9-0-88d59262,7288.990855129,7289.175756899,7289.38697957,0.18490176999966934,0.2112226710005416,0.39612444100021094,1834,1322,True,True,1,2,0,0,True,0.0177514010001687,0.1669306769999821,0.0,0.0,0.00021969199951854534,False,
diag00_a1_s23_llama1b_kv3072_cap12-07_long_burst_guard_fast,llama1b,3072,12,23,long,burst,guard_fast,9,cmpl-diag00_a1_s23_llama1b_kv3072_cap12-07_long_burst_guard_fast-r9-0-88d59262,7289.386293749,7289.573002382,7289.783688162,0.1867086329993981,0.21068577999994886,0.39739441299934697,1836,1324,True,True,1,2,0,0,True,0.016333747999851767,0.17026662599982956,0.0,0.0,0.00010825899971678155,False,
diag00_a1_s23_llama1b_kv3072_cap12-07_long_burst_guard_fast,llama1b,3072,12,23,long,burst,guard_fast,9,cmpl-diag00_a1_s23_llama1b_kv3072_cap12-07_long_burst_guard_fast-r9-0-88d59262,7289.783151049,7289.9682913,7290.178675559,0.18514025100012077,0.21038425900042057,0.39552451000054134,1838,1326,True,True,1,2,0,0,True,0.01471473700075876,0.17030157099998178,0.0,0.0,0.00012394299938023323,False,
diag00_a1_s23_llama1b_kv3072_cap12-07_long_burst_guard_fast,llama1b,3072,12,23,long,burst,guard_fast,9,cmpl-diag00_a1_s23_llama1b_kv3072_cap12-07_long_burst_guard_fast-r9-0-88d59262,7290.178115783,7290.362740608,7290.573167311,0.18462482500035549,0.21042670299993915,0.39505152800029464,1840,1328,True,True,1,2,0,0,True,0.0173295690001396,0.16719687699969654,0.0,0.0,9.837900051934412e-05,False,
diag00_a1_s23_llama1b_kv3072_cap12-07_long_burst_guard_fast,llama1b,3072,12,23,long,burst,guard_fast,9,cmpl-diag00_a1_s23_llama1b_kv3072_cap12-07_long_burst_guard_fast-r9-0-88d59262,7290.572608736,7290.756597218,7290.967304864,0.18398848200013163,0.2107076459997188,0.39469612799985043,1842,1330,True,True,1,2,0,0,True,0.01550072000009095,0.16840312099975563,0.0,0.0,8.464100028504618e-05,False,
diag00_a1_s23_llama1b_kv3072_cap12-07_long_burst_guard_fast,llama1b,3072,12,23,long,burst,guard_fast,9,cmpl-diag00_a1_s23_llama1b_kv3072_cap12-07_long_burst_guard_fast-r9-0-88d59262,7290.966310721,7291.152336078,7291.36244522,0.18602535700028966,0.21010914199996478,0.39613449900025444,1844,1332,True,True,1,2,0,0,True,0.015944124999805354,0.16999895100070717,0.0,0.0,8.22809997771401e-05,False,
diag00_a1_s23_llama1b_kv3072_cap12-07_long_burst_guard_fast,llama1b,3072,12,23,long,burst,guard_fast,9,cmpl-diag00_a1_s23_llama1b_kv3072_cap12-07_long_burst_guard_fast-r9-0-88d59262,7291.361375507,7291.545807695,7291.759713287,0.18443218799984606,0.21390559199971904,0.3983377799995651,1846,1334,True,True,1,2,0,0,True,0.01559962400006043,0.1687420629996268,0.0,0.0,9.0501000158838e-05,False,
diag00_a1_s23_llama1b_kv3072_cap12-07_long_burst_guard_fast,llama1b,3072,12,23,long,burst,guard_fast,9,cmpl-diag00_a1_s23_llama1b_kv3072_cap12-07_long_burst_guard_fast-r9-0-88d59262,7291.759118131,7291.942221858,7292.155651993,0.1831037270003435,0.21343013499972585,0.39653386200006935,1848,1336,True,True,1,2,0,0,True,0.01637406200006808,0.16662517300028412,0.0,0.0,0.00010449199999129632,False,
diag00_a1_s23_llama1b_kv3072_cap12-07_long_burst_guard_fast,llama1b,3072,12,23,long,burst,guard_fast,9,cmpl-diag00_a1_s23_llama1b_kv3072_cap12-07_long_burst_guard_fast-r9-0-88d59262,7292.15466912,7292.33631548,7292.551111292,0.18164635999983147,0.214795812000375,0.3964421720002065,1850,1338,True,True,1,2,0,0,True,0.015351056999861612,0.1661843809997663,0.0,0.0,0.00011092200020357268,False,
diag00_a1_s23_llama1b_kv3072_cap12-07_long_burst_guard_fast,llama1b,3072,12,23,long,burst,guard_fast,9,cmpl-diag00_a1_s23_llama1b_kv3072_cap12-07_long_burst_guard_fast-r9-0-88d59262,7292.550153009,7292.733243878,7292.946795495,0.1830908690008073,0.21355161699921155,0.39664248600001883,1852,1340,True,True,1,2,0,0,True,0.013705715000469354,0.16927877200032526,0.0,0.0,0.0001063820000126725,False,
diag00_a1_s23_llama1b_kv3072_cap12-07_long_burst_guard_fast,llama1b,3072,12,23,long,burst,guard_fast,9,cmpl-diag00_a1_s23_llama1b_kv3072_cap12-07_long_burst_guard_fast-r9-0-88d59262,7292.946200454,7293.128669106,7293.339076116,0.18246865200035245,0.21040700999947148,0.39287566199982393,1854,1342,True,True,1,2,0,0,True,0.013346364999961224,0.169024664999597,0.0,0.0,9.762200079421746e-05,False,
diag00_a1_s23_llama1b_kv3072_cap12-07_long_burst_guard_fast,llama1b,3072,12,23,long,burst,guard_fast,9,cmpl-diag00_a1_s23_llama1b_kv3072_cap12-07_long_burst_guard_fast-r9-0-88d59262,7293.338439014,7293.528480593,7293.738030283,0.19004157899962593,0.2095496900001308,0.3995912689997567,1856,1344,True,True,1,2,0,0,True,0.014873590000206605,0.17502952399991045,0.0,0.0,0.00013846499950886937,False,
diag00_a1_s23_llama1b_kv3072_cap12-07_long_burst_guard_fast,llama1b,3072,12,23,long,burst,guard_fast,9,cmpl-diag00_a1_s23_llama1b_kv3072_cap12-07_long_burst_guard_fast-r9-0-88d59262,7293.737541454,7293.92252877,7294.136811965,0.18498731599993334,0.2142831949995525,0.39927051099948585,1858,1346,True,True,1,2,0,0,True,0.014961394000238215,0.16992645299978903,0.0,0.0,9.946899990609381e-05,False,
diag00_a1_s23_llama1b_kv3072_cap12-07_long_burst_guard_fast,llama1b,3072,12,23,long,burst,guard_fast,9,cmpl-diag00_a1_s23_llama1b_kv3072_cap12-07_long_burst_guard_fast-r9-0-88d59262,7294.135025975,7294.320258542,7294.533274747,0.1852325670006394,0.21301620499980345,0.39824877200044284,1860,1348,True,True,1,2,0,0,True,0.0167970830007107,0.1681962789998579,0.0,0.0,0.00023920500007079681,False,
diag00_a1_s23_llama1b_kv3072_cap12-07_long_burst_guard_fast,llama1b,3072,12,23,long,burst,guard_fast,9,cmpl-diag00_a1_s23_llama1b_kv3072_cap12-07_long_burst_guard_fast-r9-0-88d59262,7294.532643401,7294.717497028,7294.93501566,0.18485362699993857,0.21751863200006483,0.4023722590000034,1862,1350,True,True,1,2,0,0,True,0.014864417999888246,0.16990416599946911,0.0,0.0,8.504300058120862e-05,False,
diag00_a1_s23_llama1b_kv3072_cap12-07_long_burst_guard_fast,llama1b,3072,12,23,long,burst,guard_fast,9,cmpl-diag00_a1_s23_llama1b_kv3072_cap12-07_long_burst_guard_fast-r9-0-88d59262,7294.934458035,7295.114977264,7295.329339342,0.1805192290003106,0.21436207799979456,0.39488130700010515,1864,1352,True,True,1,2,0,0,True,0.011338592000356584,0.16908706999947754,0.0,0.0,9.356700047646882e-05,False,
diag00_a1_s23_llama1b_kv3072_cap12-07_long_burst_guard_fast,llama1b,3072,12,23,long,burst,guard_fast,9,cmpl-diag00_a1_s23_llama1b_kv3072_cap12-07_long_burst_guard_fast-r9-0-88d59262,7295.328736776,7295.512904581,7295.725260613,0.18416780499956076,0.21235603199966135,0.3965238369992221,1866,1354,True,True,1,2,0,0,True,0.013621776999571011,0.170449357000507,0.0,0.0,9.667099948273972e-05,False,
diag00_a1_s23_llama1b_kv3072_cap12-07_long_burst_guard_fast,llama1b,3072,12,23,long,burst,guard_fast,9,cmpl-diag00_a1_s23_llama1b_kv3072_cap12-07_long_burst_guard_fast-r9-0-88d59262,7295.724527691,7295.913188634,7296.126254444,0.18866094300028635,0.2130658099995344,0.40172675299982075,1868,1356,True,True,1,2,0,0,True,0.017409713999768428,0.17116260200054967,0.0,0.0,8.86269999682554e-05,False,
diag00_a1_s23_llama1b_kv3072_cap12-07_long_burst_guard_fast,llama1b,3072,12,23,long,burst,guard_fast,9,cmpl-diag00_a1_s23_llama1b_kv3072_cap12-07_long_burst_guard_fast-r9-0-88d59262,7296.125699061,7296.310121276,7296.523318718,0.1844222150002679,0.21319744199990964,0.39761965700017754,1870,1358,True,True,1,2,0,0,True,0.013424286999907054,0.1708156519998738,0.0,0.0,0.00018227600048703607,False,
diag00_a1_s23_llama1b_kv3072_cap12-07_long_burst_guard_fast,llama1b,3072,12,23,long,burst,guard_fast,9,cmpl-diag00_a1_s23_llama1b_kv3072_cap12-07_long_burst_guard_fast-r9-0-88d59262,7296.522518999,7296.709779464,7296.92243008,0.1872604650006906,0.21265061599933688,0.3999110810000275,1872,1360,True,True,1,2,0,0,True,0.014895738000632264,0.17227059000015288,0.0,0.0,9.413699990545865e-05,False,
diag00_a1_s23_llama1b_kv3072_cap12-07_long_burst_guard_fast,llama1b,3072,12,23,long,burst,guard_fast,9,cmpl-diag00_a1_s23_llama1b_kv3072_cap12-07_long_burst_guard_fast-r9-0-88d59262,7296.921808576,7297.109666183,7297.320869331,0.18785760699938692,0.2112031480000951,0.399060754999482,1874,1362,True,True,1,2,0,0,True,0.015389214999231626,0.17235981200064998,0.0,0.0,0.00010857999950530939,False,
diag00_a1_s23_llama1b_kv3072_cap12-07_long_burst_guard_fast,llama1b,3072,12,23,long,burst,guard_fast,9,cmpl-diag00_a1_s23_llama1b_kv3072_cap12-07_long_burst_guard_fast-r9-0-88d59262,7297.320354518,7297.506945663,7297.720076775,0.18659114499951102,0.21313111200015555,0.39972225699966657,1876,1364,True,True,1,2,0,0,True,0.014449145999606117,0.1720534919995771,0.0,0.0,8.850700032780878e-05,False,
diag00_a1_s23_llama1b_kv3072_cap12-07_long_burst_guard_fast,llama1b,3072,12,23,long,burst,guard_fast,9,cmpl-diag00_a1_s23_llama1b_kv3072_cap12-07_long_burst_guard_fast-r9-0-88d59262,7297.719459886,7297.901960849,7298.117858097,0.18250096300016594,0.21589724800014665,0.3983982110003126,1878,1366,True,True,1,2,0,0,True,0.01530123900010949,0.1669100660001277,0.0,0.0,0.00028965799992874963,False,
diag00_a1_s23_llama1b_kv3072_cap12-07_long_burst_guard_fast,llama1b,3072,12,23,long,burst,guard_fast,9,cmpl-diag00_a1_s23_llama1b_kv3072_cap12-07_long_burst_guard_fast-r9-0-88d59262,7298.117132593,7298.299078988,7298.511910315,0.1819463949996134,0.21283132700045826,0.39477772200007166,1880,1368,True,True,1,2,0,0,True,0.014369700999850465,0.16732845200021984,0.0,0.0,0.00024824199954309734,False,
diag00_a1_s23_llama1b_kv3072_cap12-07_long_burst_guard_fast,llama1b,3072,12,23,long,burst,guard_fast,9,cmpl-diag00_a1_s23_llama1b_kv3072_cap12-07_long_burst_guard_fast-r9-0-88d59262,7298.511110771,7298.696792642,7298.911022502,0.1856818710002699,0.21422986000015953,0.3999117310004294,1882,1370,True,True,1,2,0,0,True,0.015393990999655216,0.17017811000005167,0.0,0.0,0.00010977000056300312,False,
diag00_a1_s23_llama1b_kv3072_cap12-07_long_burst_guard_fast,llama1b,3072,12,23,long,burst,guard_fast,9,cmpl-diag00_a1_s23_llama1b_kv3072_cap12-07_long_burst_guard_fast-r9-0-88d59262,7298.909921856,7299.094679374,7299.308487557,0.18475751799996942,0.2138081829998555,0.3985657009998249,1884,1372,True,True,1,2,0,0,True,0.016224063999288774,0.16843198500009748,0.0,0.0,0.00010146900058316533,False,
diag00_a1_s23_llama1b_kv3072_cap12-07_long_burst_guard_fast,llama1b,3072,12,23,long,burst,guard_fast,9,cmpl-diag00_a1_s23_llama1b_kv3072_cap12-07_long_burst_guard_fast-r9-0-88d59262,7299.307704687,7299.497335104,7299.71101107,0.18963041699953465,0.21367596599975514,0.4033063829992898,1886,1374,True,True,1,2,0,0,True,0.021079842999824905,0.16844934599976114,0.0,0.0,0.00010122799994860543,False,
diag00_a1_s23_llama1b_kv3072_cap12-07_long_burst_guard_fast,llama1b,3072,12,23,long,burst,guard_fast,9,cmpl-diag00_a1_s23_llama1b_kv3072_cap12-07_long_burst_guard_fast-r9-0-88d59262,7299.710026471,7299.895385371,7300.110902721,0.18535890000021027,0.21551734999957262,0.4008762499997829,1888,1376,True,True,1,2,0,0,True,0.014652626000497548,0.17060877499989147,0.0,0.0,9.749899982125498e-05,False,
diag00_a1_s23_llama1b_kv3072_cap12-07_long_burst_guard_fast,llama1b,3072,12,23,long,burst,guard_fast,9,cmpl-diag00_a1_s23_llama1b_kv3072_cap12-07_long_burst_guard_fast-r9-0-88d59262,7300.109815706,7300.295842688,7300.508402264,0.18602698200083978,0.21255957599987596,0.39858655800071574,1890,1378,True,True,1,2,0,0,True,0.015072928000336105,0.17081428399978904,0.0,0.0,0.00013977000071463408,False,
diag00_a1_s23_llama1b_kv3072_cap12-07_long_burst_guard_fast,llama1b,3072,12,23,long,burst,guard_fast,9,cmpl-diag00_a1_s23_llama1b_kv3072_cap12-07_long_burst_guard_fast-r9-0-88d59262,7300.507328592,7300.691230993,7300.90625318,0.18390240100052324,0.215022186999704,0.39892458800022723,1892,1380,True,True,1,2,0,0,True,0.013683191999916744,0.17008342999997694,0.0,0.0,0.0001357790006295545,False,
diag00_a1_s23_llama1b_kv3072_cap12-07_long_burst_guard_fast,llama1b,3072,12,23,long,burst,guard_fast,9,cmpl-diag00_a1_s23_llama1b_kv3072_cap12-07_long_burst_guard_fast-r9-0-88d59262,7300.905515019,7301.089412991,7301.304971706,0.1838979720005227,0.21555871500004287,0.3994566870005656,1894,1382,True,True,1,2,0,0,True,0.014605108000068867,0.16912766200039187,0.0,0.0,0.00016520200006198138,False,
diag00_a1_s23_llama1b_kv3072_cap12-07_long_burst_guard_fast,llama1b,3072,12,23,long,burst,guard_fast,9,cmpl-diag00_a1_s23_llama1b_kv3072_cap12-07_long_burst_guard_fast-r9-0-88d59262,7301.304405629,7301.491076237,7301.705107168,0.1866706079999858,0.21403093099979742,0.4007015389997832,1896,1384,True,True,1,2,0,0,True,0.014340992999677837,0.17222700500042265,0.0,0.0,0.00010260999988531694,False,
diag00_a1_s23_llama1b_kv3072_cap12-07_long_burst_guard_fast,llama1b,3072,12,23,long,burst,guard_fast,9,cmpl-diag00_a1_s23_llama1b_kv3072_cap12-07_long_burst_guard_fast-r9-0-88d59262,7301.704527788,7301.895434471,7302.110473927,0.1909066830003212,0.21503945600034058,0.4059461390006618,1898,1386,True,True,1,2,0,0,True,0.014852314000563638,0.17595061999963946,0.0,0.0,0.00010374900011811405,False,
diag00_a1_s23_llama1b_kv3072_cap12-07_long_burst_guard_fast,llama1b,3072,12,23,long,burst,guard_fast,9,cmpl-diag00_a1_s23_llama1b_kv3072_cap12-07_long_burst_guard_fast-r9-0-88d59262,7302.109797928,7302.300976218,7302.516559114,0.19117828999969788,0.21558289600034186,0.40676118600003974,1900,1388,True,True,1,2,0,0,True,0.01942818099996657,0.17164909999974043,0.0,0.0,0.00010100899999088142,False,
diag00_a1_s23_llama1b_kv3072_cap12-07_long_burst_guard_fast,llama1b,3072,12,23,long,burst,guard_fast,9,cmpl-diag00_a1_s23_llama1b_kv3072_cap12-07_long_burst_guard_fast-r9-0-88d59262,7302.515884692,7302.703733407,7302.916588888,0.18784871499974543,0.21285548099967855,0.400704195999424,1902,1390,True,True,1,2,0,0,True,0.014706422000017483,0.17272366099950887,0.0,0.0,0.00041863200021907687,False,
diag00_a1_s23_llama1b_kv3072_cap12-07_long_burst_guard_fast,llama1b,3072,12,23,long,burst,guard_fast,9,cmpl-diag00_a1_s23_llama1b_kv3072_cap12-07_long_burst_guard_fast-r9-0-88d59262,7302.916032434,7303.108497089,7303.324436065,0.1924646549996396,0.21593897599996126,0.40840363099960086,1904,1392,True,True,1,2,0,0,True,0.01419134000025224,0.1781683819999671,0.0,0.0,0.00010493299942027079,False,
diag00_a1_s23_llama1b_kv3072_cap12-07_long_burst_guard_fast,llama1b,3072,12,23,long,burst,guard_fast,9,cmpl-diag00_a1_s23_llama1b_kv3072_cap12-07_long_burst_guard_fast-r9-0-88d59262,7303.323289611,7303.511305185,7303.727542019,0.18801557400001911,0.21623683399957372,0.40425240799959283,1906,1394,True,True,1,2,0,0,True,0.0149649529994349,0.1729481880001913,0.0,0.0,0.0001024330003929208,False,
diag00_a1_s23_llama1b_kv3072_cap12-07_long_burst_guard_fast,llama1b,3072,12,23,long,burst,guard_fast,9,cmpl-diag00_a1_s23_llama1b_kv3072_cap12-07_long_burst_guard_fast-r9-0-88d59262,7303.726936357,7303.913148561,7304.132352936,0.18621220399927552,0.21920437500011758,0.4054165789993931,1908,1396,True,True,1,2,0,0,True,0.011848211999677005,0.1742749309996725,0.0,0.0,8.906099992600502e-05,False,
diag00_a1_s23_llama1b_kv3072_cap12-07_long_burst_guard_fast,llama1b,3072,12,23,long,burst,guard_fast,9,cmpl-diag00_a1_s23_llama1b_kv3072_cap12-07_long_burst_guard_fast-r9-0-88d59262,7304.131567448,7304.321027059,7304.536039946,0.18945961099962005,0.2150128869998298,0.40447249799944984,1910,1398,True,True,1,2,0,0,True,0.012076631000127236,0.17728123500000947,0.0,0.0,0.00010174499948334415,False,
diag00_a1_s23_llama1b_kv3072_cap12-07_long_burst_guard_fast,llama1b,3072,12,23,long,burst,guard_fast,9,cmpl-diag00_a1_s23_llama1b_kv3072_cap12-07_long_burst_guard_fast-r9-0-88d59262,7304.535411824,7304.718510896,7304.93417882,0.18309907200000453,0.21566792399971746,0.398766995999722,1912,1400,True,True,1,2,0,0,True,0.012911808999888308,0.17009123299976636,0.0,0.0,9.603000034985598e-05,False,
diag00_a1_s23_llama1b_kv3072_cap12-07_long_burst_guard_fast,llama1b,3072,12,23,long,burst,guard_fast,9,cmpl-diag00_a1_s23_llama1b_kv3072_cap12-07_long_burst_guard_fast-r9-0-88d59262,7304.933606542,7305.124434842,7305.338417201,0.19082829999933892,0.21398235900051077,0.4048106589998497,1914,1402,True,True,1,2,0,0,True,0.014060763000088627,0.17667794799945113,0.0,0.0,8.958899979916168e-05,False,
diag00_a1_s23_llama1b_kv3072_cap12-07_long_burst_guard_fast,llama1b,3072,12,23,long,burst,guard_fast,9,cmpl-diag00_a1_s23_llama1b_kv3072_cap12-07_long_burst_guard_fast-r9-0-88d59262,7305.337713764,7305.525862968,7305.737495933,0.1881492040001831,0.21163296499980788,0.39978216899999097,1916,1404,True,True,1,2,0,0,True,0.014663316999758536,0.17340218600020307,0.0,0.0,8.370100022148108e-05,False,
diag00_a1_s23_llama1b_kv3072_cap12-07_long_burst_guard_fast,llama1b,3072,12,23,long,burst,guard_fast,9,cmpl-diag00_a1_s23_llama1b_kv3072_cap12-07_long_burst_guard_fast-r9-0-88d59262,7305.736895914,7305.918405524,7306.12964793,0.18150960999992094,0.2112424059996556,0.39275201599957654,1918,1406,True,True,0,2,0,0,True,0.014989407999564719,0.16640322100010962,0.0,0.0,0.00011698100024659652,False,
