model,slots,cap,seed,mix,arrival,kind,t,trial,policy,request,free,debt,need,growth,paused_streams,denied,running,idle_escape
llama1b,3072,12,23,generation,stagger,growth_gate,6853.43752277,diag00_a1_s23_llama1b_kv3072_cap12-00_generation_stagger_growth_only,growth_only,cmpl-diag00_a1_s23_llama1b_kv3072_cap12-00_generation_stagger_growth_only-r0-0-81635e8b,191,0,40,128,0,False,0,True
llama1b,3072,12,23,generation,stagger,growth_gate,6853.602757054,diag00_a1_s23_llama1b_kv3072_cap12-00_generation_stagger_growth_only,growth_only,cmpl-diag00_a1_s23_llama1b_kv3072_cap12-00_generation_stagger_growth_only-r1-0-9edac8be,158,8,24,128,0,False,1,False
llama1b,3072,12,23,generation,stagger,growth_gate,6853.937939746,diag00_a1_s23_llama1b_kv3072_cap12-00_generation_stagger_growth_only,growth_only,cmpl-diag00_a1_s23_llama1b_kv3072_cap12-00_generation_stagger_growth_only-r2-0-a26ab004,138,16,24,128,0,False,2,False
llama1b,3072,12,23,generation,stagger,growth_gate,6855.952705053,diag00_a1_s23_llama1b_kv3072_cap12-00_generation_stagger_growth_only,growth_only,cmpl-diag00_a1_s23_llama1b_kv3072_cap12-00_generation_stagger_growth_only-r3-0-98b641bf,94,24,16,128,0,False,3,False
llama1b,3072,12,23,generation,stagger,growth_gate,6857.448798935,diag00_a1_s23_llama1b_kv3072_cap12-00_generation_stagger_growth_only,growth_only,cmpl-diag00_a1_s23_llama1b_kv3072_cap12-00_generation_stagger_growth_only-r4-0-959aadba,110,24,16,128,0,False,3,False
llama1b,3072,12,23,generation,stagger,growth_gate,6858.803842823,diag00_a1_s23_llama1b_kv3072_cap12-00_generation_stagger_growth_only,growth_only,cmpl-diag00_a1_s23_llama1b_kv3072_cap12-00_generation_stagger_growth_only-r5-0-be94ab35,78,32,16,128,0,False,4,False
llama1b,3072,12,23,generation,stagger,growth_gate,6859.451139922,diag00_a1_s23_llama1b_kv3072_cap12-00_generation_stagger_growth_only,growth_only,cmpl-diag00_a1_s23_llama1b_kv3072_cap12-00_generation_stagger_growth_only-r6-0-bb0b90e3,55,40,40,128,0,True,5,False
llama1b,3072,12,23,generation,stagger,growth_gate,6859.462459054,diag00_a1_s23_llama1b_kv3072_cap12-00_generation_stagger_growth_only,growth_only,cmpl-diag00_a1_s23_llama1b_kv3072_cap12-00_generation_stagger_growth_only-r6-0-bb0b90e3,55,40,40,128,0,True,5,False
llama1b,3072,12,23,generation,stagger,growth_gate,6859.481040412,diag00_a1_s23_llama1b_kv3072_cap12-00_generation_stagger_growth_only,growth_only,cmpl-diag00_a1_s23_llama1b_kv3072_cap12-00_generation_stagger_growth_only-r6-0-bb0b90e3,55,40,40,128,0,True,5,False
llama1b,3072,12,23,generation,stagger,growth_gate,6859.495360876,diag00_a1_s23_llama1b_kv3072_cap12-00_generation_stagger_growth_only,growth_only,cmpl-diag00_a1_s23_llama1b_kv3072_cap12-00_generation_stagger_growth_only-r6-0-bb0b90e3,55,40,40,128,0,True,5,False
llama1b,3072,12,23,generation,stagger,growth_gate,6859.510373255,diag00_a1_s23_llama1b_kv3072_cap12-00_generation_stagger_growth_only,growth_only,cmpl-diag00_a1_s23_llama1b_kv3072_cap12-00_generation_stagger_growth_only-r6-0-bb0b90e3,55,40,40,128,0,True,5,False
llama1b,3072,12,23,generation,stagger,growth_gate,6859.5246688,diag00_a1_s23_llama1b_kv3072_cap12-00_generation_stagger_growth_only,growth_only,cmpl-diag00_a1_s23_llama1b_kv3072_cap12-00_generation_stagger_growth_only-r6-0-bb0b90e3,53,40,40,128,0,True,5,False
llama1b,3072,12,23,generation,stagger,growth_gate,6859.536915254,diag00_a1_s23_llama1b_kv3072_cap12-00_generation_stagger_growth_only,growth_only,cmpl-diag00_a1_s23_llama1b_kv3072_cap12-00_generation_stagger_growth_only-r6-0-bb0b90e3,53,40,40,128,0,True,5,False
llama1b,3072,12,23,generation,stagger,growth_gate,6859.552722847,diag00_a1_s23_llama1b_kv3072_cap12-00_generation_stagger_growth_only,growth_only,cmpl-diag00_a1_s23_llama1b_kv3072_cap12-00_generation_stagger_growth_only-r6-0-bb0b90e3,52,40,40,128,0,True,5,False
llama1b,3072,12,23,generation,stagger,growth_gate,6859.564461077,diag00_a1_s23_llama1b_kv3072_cap12-00_generation_stagger_growth_only,growth_only,cmpl-diag00_a1_s23_llama1b_kv3072_cap12-00_generation_stagger_growth_only-r6-0-bb0b90e3,52,40,40,128,0,True,5,False
llama1b,3072,12,23,generation,stagger,growth_gate,6859.583312392,diag00_a1_s23_llama1b_kv3072_cap12-00_generation_stagger_growth_only,growth_only,cmpl-diag00_a1_s23_llama1b_kv3072_cap12-00_generation_stagger_growth_only-r6-0-bb0b90e3,51,40,40,128,0,True,5,False
llama1b,3072,12,23,generation,stagger,growth_gate,6859.598782049,diag00_a1_s23_llama1b_kv3072_cap12-00_generation_stagger_growth_only,growth_only,cmpl-diag00_a1_s23_llama1b_kv3072_cap12-00_generation_stagger_growth_only-r6-0-bb0b90e3,51,40,40,128,0,True,5,False
llama1b,3072,12,23,generation,stagger,growth_gate,6859.613593226,diag00_a1_s23_llama1b_kv3072_cap12-00_generation_stagger_growth_only,growth_only,cmpl-diag00_a1_s23_llama1b_kv3072_cap12-00_generation_stagger_growth_only-r6-0-bb0b90e3,51,40,40,128,0,True,5,False
llama1b,3072,12,23,generation,stagger,growth_gate,6859.628313847,diag00_a1_s23_llama1b_kv3072_cap12-00_generation_stagger_growth_only,growth_only,cmpl-diag00_a1_s23_llama1b_kv3072_cap12-00_generation_stagger_growth_only-r6-0-bb0b90e3,51,40,40,128,0,True,5,False
llama1b,3072,12,23,generation,stagger,growth_gate,6859.642484016,diag00_a1_s23_llama1b_kv3072_cap12-00_generation_stagger_growth_only,growth_only,cmpl-diag00_a1_s23_llama1b_kv3072_cap12-00_generation_stagger_growth_only-r6-0-bb0b90e3,51,40,40,128,0,True,5,False
llama1b,3072,12,23,generation,stagger,growth_gate,6859.657244878,diag00_a1_s23_llama1b_kv3072_cap12-00_generation_stagger_growth_only,growth_only,cmpl-diag00_a1_s23_llama1b_kv3072_cap12-00_generation_stagger_growth_only-r6-0-bb0b90e3,51,40,40,128,0,True,5,False
llama1b,3072,12,23,generation,stagger,growth_gate,6859.672515019,diag00_a1_s23_llama1b_kv3072_cap12-00_generation_stagger_growth_only,growth_only,cmpl-diag00_a1_s23_llama1b_kv3072_cap12-00_generation_stagger_growth_only-r6-0-bb0b90e3,51,40,40,128,0,True,5,False
llama1b,3072,12,23,generation,stagger,growth_gate,6859.687492492,diag00_a1_s23_llama1b_kv3072_cap12-00_generation_stagger_growth_only,growth_only,cmpl-diag00_a1_s23_llama1b_kv3072_cap12-00_generation_stagger_growth_only-r6-0-bb0b90e3,50,40,40,128,0,True,5,False
llama1b,3072,12,23,generation,stagger,growth_gate,6859.700820743,diag00_a1_s23_llama1b_kv3072_cap12-00_generation_stagger_growth_only,growth_only,cmpl-diag00_a1_s23_llama1b_kv3072_cap12-00_generation_stagger_growth_only-r6-0-bb0b90e3,50,40,40,128,0,True,5,False
llama1b,3072,12,23,generation,stagger,growth_gate,6859.71267202,diag00_a1_s23_llama1b_kv3072_cap12-00_generation_stagger_growth_only,growth_only,cmpl-diag00_a1_s23_llama1b_kv3072_cap12-00_generation_stagger_growth_only-r6-0-bb0b90e3,50,40,40,128,0,True,5,False
llama1b,3072,12,23,generation,stagger,growth_gate,6859.726426106,diag00_a1_s23_llama1b_kv3072_cap12-00_generation_stagger_growth_only,growth_only,cmpl-diag00_a1_s23_llama1b_kv3072_cap12-00_generation_stagger_growth_only-r6-0-bb0b90e3,50,40,40,128,0,True,5,False
llama1b,3072,12,23,generation,stagger,growth_gate,6859.744265927,diag00_a1_s23_llama1b_kv3072_cap12-00_generation_stagger_growth_only,growth_only,cmpl-diag00_a1_s23_llama1b_kv3072_cap12-00_generation_stagger_growth_only-r6-0-bb0b90e3,50,40,40,128,0,True,5,False
llama1b,3072,12,23,generation,stagger,growth_gate,6859.753806883,diag00_a1_s23_llama1b_kv3072_cap12-00_generation_stagger_growth_only,growth_only,cmpl-diag00_a1_s23_llama1b_kv3072_cap12-00_generation_stagger_growth_only-r6-0-bb0b90e3,61,32,40,128,0,True,4,False
llama1b,3072,12,23,generation,stagger,growth_gate,6859.772243963,diag00_a1_s23_llama1b_kv3072_cap12-00_generation_stagger_growth_only,growth_only,cmpl-diag00_a1_s23_llama1b_kv3072_cap12-00_generation_stagger_growth_only-r6-0-bb0b90e3,61,32,40,128,0,True,4,False
llama1b,3072,12,23,generation,stagger,growth_gate,6859.783510256,diag00_a1_s23_llama1b_kv3072_cap12-00_generation_stagger_growth_only,growth_only,cmpl-diag00_a1_s23_llama1b_kv3072_cap12-00_generation_stagger_growth_only-r6-0-bb0b90e3,60,32,40,128,0,True,4,False
llama1b,3072,12,23,generation,stagger,growth_gate,6859.798638754,diag00_a1_s23_llama1b_kv3072_cap12-00_generation_stagger_growth_only,growth_only,cmpl-diag00_a1_s23_llama1b_kv3072_cap12-00_generation_stagger_growth_only-r6-0-bb0b90e3,60,32,40,128,0,True,4,False
llama1b,3072,12,23,generation,stagger,growth_gate,6859.817228167,diag00_a1_s23_llama1b_kv3072_cap12-00_generation_stagger_growth_only,growth_only,cmpl-diag00_a1_s23_llama1b_kv3072_cap12-00_generation_stagger_growth_only-r6-0-bb0b90e3,59,32,40,128,0,True,4,False
llama1b,3072,12,23,generation,stagger,growth_gate,6859.829647329,diag00_a1_s23_llama1b_kv3072_cap12-00_generation_stagger_growth_only,growth_only,cmpl-diag00_a1_s23_llama1b_kv3072_cap12-00_generation_stagger_growth_only-r6-0-bb0b90e3,59,32,40,128,0,True,4,False
llama1b,3072,12,23,generation,stagger,growth_gate,6859.844200067,diag00_a1_s23_llama1b_kv3072_cap12-00_generation_stagger_growth_only,growth_only,cmpl-diag00_a1_s23_llama1b_kv3072_cap12-00_generation_stagger_growth_only-r6-0-bb0b90e3,59,32,40,128,0,True,4,False
llama1b,3072,12,23,generation,stagger,growth_gate,6859.855786192,diag00_a1_s23_llama1b_kv3072_cap12-00_generation_stagger_growth_only,growth_only,cmpl-diag00_a1_s23_llama1b_kv3072_cap12-00_generation_stagger_growth_only-r6-0-bb0b90e3,59,32,40,128,0,True,4,False
llama1b,3072,12,23,generation,stagger,growth_gate,6859.871478367,diag00_a1_s23_llama1b_kv3072_cap12-00_generation_stagger_growth_only,growth_only,cmpl-diag00_a1_s23_llama1b_kv3072_cap12-00_generation_stagger_growth_only-r6-0-bb0b90e3,59,32,40,128,0,True,4,False
llama1b,3072,12,23,generation,stagger,growth_gate,6859.886962959,diag00_a1_s23_llama1b_kv3072_cap12-00_generation_stagger_growth_only,growth_only,cmpl-diag00_a1_s23_llama1b_kv3072_cap12-00_generation_stagger_growth_only-r6-0-bb0b90e3,59,32,40,128,0,True,4,False
llama1b,3072,12,23,generation,stagger,growth_gate,6859.898940738,diag00_a1_s23_llama1b_kv3072_cap12-00_generation_stagger_growth_only,growth_only,cmpl-diag00_a1_s23_llama1b_kv3072_cap12-00_generation_stagger_growth_only-r6-0-bb0b90e3,59,32,40,128,0,True,4,False
llama1b,3072,12,23,generation,stagger,growth_gate,6859.917060217,diag00_a1_s23_llama1b_kv3072_cap12-00_generation_stagger_growth_only,growth_only,cmpl-diag00_a1_s23_llama1b_kv3072_cap12-00_generation_stagger_growth_only-r6-0-bb0b90e3,58,32,40,128,0,True,4,False
llama1b,3072,12,23,generation,stagger,growth_gate,6859.931669273,diag00_a1_s23_llama1b_kv3072_cap12-00_generation_stagger_growth_only,growth_only,cmpl-diag00_a1_s23_llama1b_kv3072_cap12-00_generation_stagger_growth_only-r6-0-bb0b90e3,58,32,40,128,0,True,4,False
llama1b,3072,12,23,generation,stagger,growth_gate,6859.946159454,diag00_a1_s23_llama1b_kv3072_cap12-00_generation_stagger_growth_only,growth_only,cmpl-diag00_a1_s23_llama1b_kv3072_cap12-00_generation_stagger_growth_only-r6-0-bb0b90e3,58,32,40,128,0,True,4,False
llama1b,3072,12,23,generation,stagger,growth_gate,6859.96083365,diag00_a1_s23_llama1b_kv3072_cap12-00_generation_stagger_growth_only,growth_only,cmpl-diag00_a1_s23_llama1b_kv3072_cap12-00_generation_stagger_growth_only-r6-0-bb0b90e3,58,32,40,128,0,True,4,False
llama1b,3072,12,23,generation,stagger,growth_gate,6859.970687492,diag00_a1_s23_llama1b_kv3072_cap12-00_generation_stagger_growth_only,growth_only,cmpl-diag00_a1_s23_llama1b_kv3072_cap12-00_generation_stagger_growth_only-r6-0-bb0b90e3,58,32,40,128,0,True,4,False
llama1b,3072,12,23,generation,stagger,growth_gate,6859.990010428,diag00_a1_s23_llama1b_kv3072_cap12-00_generation_stagger_growth_only,growth_only,cmpl-diag00_a1_s23_llama1b_kv3072_cap12-00_generation_stagger_growth_only-r6-0-bb0b90e3,57,32,40,128,0,True,4,False
llama1b,3072,12,23,generation,stagger,growth_gate,6860.005419055,diag00_a1_s23_llama1b_kv3072_cap12-00_generation_stagger_growth_only,growth_only,cmpl-diag00_a1_s23_llama1b_kv3072_cap12-00_generation_stagger_growth_only-r6-0-bb0b90e3,57,32,40,128,0,True,4,False
llama1b,3072,12,23,generation,stagger,growth_gate,6860.020720379,diag00_a1_s23_llama1b_kv3072_cap12-00_generation_stagger_growth_only,growth_only,cmpl-diag00_a1_s23_llama1b_kv3072_cap12-00_generation_stagger_growth_only-r6-0-bb0b90e3,56,32,40,128,0,True,4,False
llama1b,3072,12,23,generation,stagger,growth_gate,6860.031716846,diag00_a1_s23_llama1b_kv3072_cap12-00_generation_stagger_growth_only,growth_only,cmpl-diag00_a1_s23_llama1b_kv3072_cap12-00_generation_stagger_growth_only-r6-0-bb0b90e3,56,32,40,128,0,True,4,False
llama1b,3072,12,23,generation,stagger,growth_gate,6860.051066516,diag00_a1_s23_llama1b_kv3072_cap12-00_generation_stagger_growth_only,growth_only,cmpl-diag00_a1_s23_llama1b_kv3072_cap12-00_generation_stagger_growth_only-r6-0-bb0b90e3,55,32,40,128,0,True,4,False
llama1b,3072,12,23,generation,stagger,growth_gate,6860.06602133,diag00_a1_s23_llama1b_kv3072_cap12-00_generation_stagger_growth_only,growth_only,cmpl-diag00_a1_s23_llama1b_kv3072_cap12-00_generation_stagger_growth_only-r6-0-bb0b90e3,55,32,40,128,0,True,4,False
llama1b,3072,12,23,generation,stagger,growth_gate,6860.080809994,diag00_a1_s23_llama1b_kv3072_cap12-00_generation_stagger_growth_only,growth_only,cmpl-diag00_a1_s23_llama1b_kv3072_cap12-00_generation_stagger_growth_only-r6-0-bb0b90e3,55,32,40,128,0,True,4,False
llama1b,3072,12,23,generation,stagger,growth_gate,6860.094243237,diag00_a1_s23_llama1b_kv3072_cap12-00_generation_stagger_growth_only,growth_only,cmpl-diag00_a1_s23_llama1b_kv3072_cap12-00_generation_stagger_growth_only-r6-0-bb0b90e3,55,32,40,128,0,True,4,False
llama1b,3072,12,23,generation,stagger,growth_gate,6860.108830284,diag00_a1_s23_llama1b_kv3072_cap12-00_generation_stagger_growth_only,growth_only,cmpl-diag00_a1_s23_llama1b_kv3072_cap12-00_generation_stagger_growth_only-r6-0-bb0b90e3,55,32,40,128,0,True,4,False
llama1b,3072,12,23,generation,stagger,growth_gate,6860.123073466,diag00_a1_s23_llama1b_kv3072_cap12-00_generation_stagger_growth_only,growth_only,cmpl-diag00_a1_s23_llama1b_kv3072_cap12-00_generation_stagger_growth_only-r6-0-bb0b90e3,55,32,40,128,0,True,4,False
llama1b,3072,12,23,generation,stagger,growth_gate,6860.134208353,diag00_a1_s23_llama1b_kv3072_cap12-00_generation_stagger_growth_only,growth_only,cmpl-diag00_a1_s23_llama1b_kv3072_cap12-00_generation_stagger_growth_only-r6-0-bb0b90e3,55,32,40,128,0,True,4,False
llama1b,3072,12,23,generation,stagger,growth_gate,6860.153273676,diag00_a1_s23_llama1b_kv3072_cap12-00_generation_stagger_growth_only,growth_only,cmpl-diag00_a1_s23_llama1b_kv3072_cap12-00_generation_stagger_growth_only-r6-0-bb0b90e3,54,32,40,128,0,True,4,False
llama1b,3072,12,23,generation,stagger,growth_gate,6860.165855138,diag00_a1_s23_llama1b_kv3072_cap12-00_generation_stagger_growth_only,growth_only,cmpl-diag00_a1_s23_llama1b_kv3072_cap12-00_generation_stagger_growth_only-r6-0-bb0b90e3,54,32,40,128,0,True,4,False
llama1b,3072,12,23,generation,stagger,growth_gate,6860.179306,diag00_a1_s23_llama1b_kv3072_cap12-00_generation_stagger_growth_only,growth_only,cmpl-diag00_a1_s23_llama1b_kv3072_cap12-00_generation_stagger_growth_only-r6-0-bb0b90e3,54,32,40,128,0,True,4,False
llama1b,3072,12,23,generation,stagger,growth_gate,6860.197948021,diag00_a1_s23_llama1b_kv3072_cap12-00_generation_stagger_growth_only,growth_only,cmpl-diag00_a1_s23_llama1b_kv3072_cap12-00_generation_stagger_growth_only-r6-0-bb0b90e3,54,32,40,128,0,True,4,False
llama1b,3072,12,23,generation,stagger,growth_gate,6860.211354068,diag00_a1_s23_llama1b_kv3072_cap12-00_generation_stagger_growth_only,growth_only,cmpl-diag00_a1_s23_llama1b_kv3072_cap12-00_generation_stagger_growth_only-r6-0-bb0b90e3,54,32,40,128,0,True,4,False
llama1b,3072,12,23,generation,stagger,growth_gate,6860.221524668,diag00_a1_s23_llama1b_kv3072_cap12-00_generation_stagger_growth_only,growth_only,cmpl-diag00_a1_s23_llama1b_kv3072_cap12-00_generation_stagger_growth_only-r6-0-bb0b90e3,53,32,40,128,0,True,4,False
llama1b,3072,12,23,generation,stagger,growth_gate,6860.234948107,diag00_a1_s23_llama1b_kv3072_cap12-00_generation_stagger_growth_only,growth_only,cmpl-diag00_a1_s23_llama1b_kv3072_cap12-00_generation_stagger_growth_only-r6-0-bb0b90e3,53,32,40,128,0,True,4,False
llama1b,3072,12,23,generation,stagger,growth_gate,6860.25414834,diag00_a1_s23_llama1b_kv3072_cap12-00_generation_stagger_growth_only,growth_only,cmpl-diag00_a1_s23_llama1b_kv3072_cap12-00_generation_stagger_growth_only-r6-0-bb0b90e3,52,32,40,128,0,True,4,False
llama1b,3072,12,23,generation,stagger,growth_gate,6860.268790961,diag00_a1_s23_llama1b_kv3072_cap12-00_generation_stagger_growth_only,growth_only,cmpl-diag00_a1_s23_llama1b_kv3072_cap12-00_generation_stagger_growth_only-r6-0-bb0b90e3,52,32,40,128,0,True,4,False
llama1b,3072,12,23,generation,stagger,growth_gate,6860.279325951,diag00_a1_s23_llama1b_kv3072_cap12-00_generation_stagger_growth_only,growth_only,cmpl-diag00_a1_s23_llama1b_kv3072_cap12-00_generation_stagger_growth_only-r6-0-bb0b90e3,51,32,40,128,0,True,4,False
llama1b,3072,12,23,generation,stagger,growth_gate,6860.298568848,diag00_a1_s23_llama1b_kv3072_cap12-00_generation_stagger_growth_only,growth_only,cmpl-diag00_a1_s23_llama1b_kv3072_cap12-00_generation_stagger_growth_only-r6-0-bb0b90e3,51,32,40,128,0,True,4,False
llama1b,3072,12,23,generation,stagger,growth_gate,6860.312820644,diag00_a1_s23_llama1b_kv3072_cap12-00_generation_stagger_growth_only,growth_only,cmpl-diag00_a1_s23_llama1b_kv3072_cap12-00_generation_stagger_growth_only-r6-0-bb0b90e3,51,32,40,128,0,True,4,False
llama1b,3072,12,23,generation,stagger,growth_gate,6860.328074596,diag00_a1_s23_llama1b_kv3072_cap12-00_generation_stagger_growth_only,growth_only,cmpl-diag00_a1_s23_llama1b_kv3072_cap12-00_generation_stagger_growth_only-r6-0-bb0b90e3,51,32,40,128,0,True,4,False
llama1b,3072,12,23,generation,stagger,growth_gate,6860.341372656,diag00_a1_s23_llama1b_kv3072_cap12-00_generation_stagger_growth_only,growth_only,cmpl-diag00_a1_s23_llama1b_kv3072_cap12-00_generation_stagger_growth_only-r6-0-bb0b90e3,51,32,40,128,0,True,4,False
llama1b,3072,12,23,generation,stagger,growth_gate,6860.357587592,diag00_a1_s23_llama1b_kv3072_cap12-00_generation_stagger_growth_only,growth_only,cmpl-diag00_a1_s23_llama1b_kv3072_cap12-00_generation_stagger_growth_only-r6-0-bb0b90e3,51,32,40,128,0,True,4,False
llama1b,3072,12,23,generation,stagger,growth_gate,6860.373370791,diag00_a1_s23_llama1b_kv3072_cap12-00_generation_stagger_growth_only,growth_only,cmpl-diag00_a1_s23_llama1b_kv3072_cap12-00_generation_stagger_growth_only-r6-0-bb0b90e3,51,32,40,128,0,True,4,False
llama1b,3072,12,23,generation,stagger,growth_gate,6860.384138021,diag00_a1_s23_llama1b_kv3072_cap12-00_generation_stagger_growth_only,growth_only,cmpl-diag00_a1_s23_llama1b_kv3072_cap12-00_generation_stagger_growth_only-r6-0-bb0b90e3,50,32,40,128,0,True,4,False
llama1b,3072,12,23,generation,stagger,growth_gate,6860.39924913,diag00_a1_s23_llama1b_kv3072_cap12-00_generation_stagger_growth_only,growth_only,cmpl-diag00_a1_s23_llama1b_kv3072_cap12-00_generation_stagger_growth_only-r6-0-bb0b90e3,50,32,40,128,0,True,4,False
llama1b,3072,12,23,generation,stagger,growth_gate,6860.41294928,diag00_a1_s23_llama1b_kv3072_cap12-00_generation_stagger_growth_only,growth_only,cmpl-diag00_a1_s23_llama1b_kv3072_cap12-00_generation_stagger_growth_only-r6-0-bb0b90e3,50,32,40,128,0,True,4,False
llama1b,3072,12,23,generation,stagger,growth_gate,6860.426221498,diag00_a1_s23_llama1b_kv3072_cap12-00_generation_stagger_growth_only,growth_only,cmpl-diag00_a1_s23_llama1b_kv3072_cap12-00_generation_stagger_growth_only-r6-0-bb0b90e3,50,32,40,128,0,True,4,False
llama1b,3072,12,23,generation,stagger,growth_gate,6860.443472588,diag00_a1_s23_llama1b_kv3072_cap12-00_generation_stagger_growth_only,growth_only,cmpl-diag00_a1_s23_llama1b_kv3072_cap12-00_generation_stagger_growth_only-r6-0-bb0b90e3,50,32,40,128,0,True,4,False
llama1b,3072,12,23,generation,stagger,growth_gate,6860.459587083,diag00_a1_s23_llama1b_kv3072_cap12-00_generation_stagger_growth_only,growth_only,cmpl-diag00_a1_s23_llama1b_kv3072_cap12-00_generation_stagger_growth_only-r6-0-bb0b90e3,49,32,40,128,0,True,4,False
llama1b,3072,12,23,generation,stagger,growth_gate,6860.473589334,diag00_a1_s23_llama1b_kv3072_cap12-00_generation_stagger_growth_only,growth_only,cmpl-diag00_a1_s23_llama1b_kv3072_cap12-00_generation_stagger_growth_only-r6-0-bb0b90e3,49,32,40,128,0,True,4,False
llama1b,3072,12,23,generation,stagger,growth_gate,6860.489159379,diag00_a1_s23_llama1b_kv3072_cap12-00_generation_stagger_growth_only,growth_only,cmpl-diag00_a1_s23_llama1b_kv3072_cap12-00_generation_stagger_growth_only-r6-0-bb0b90e3,48,32,40,128,0,True,4,False
llama1b,3072,12,23,generation,stagger,growth_gate,6860.505324771,diag00_a1_s23_llama1b_kv3072_cap12-00_generation_stagger_growth_only,growth_only,cmpl-diag00_a1_s23_llama1b_kv3072_cap12-00_generation_stagger_growth_only-r6-0-bb0b90e3,48,32,40,128,0,True,4,False
llama1b,3072,12,23,generation,stagger,growth_gate,6860.5201453,diag00_a1_s23_llama1b_kv3072_cap12-00_generation_stagger_growth_only,growth_only,cmpl-diag00_a1_s23_llama1b_kv3072_cap12-00_generation_stagger_growth_only-r6-0-bb0b90e3,47,32,40,128,0,True,4,False
llama1b,3072,12,23,generation,stagger,growth_gate,6860.530317863,diag00_a1_s23_llama1b_kv3072_cap12-00_generation_stagger_growth_only,growth_only,cmpl-diag00_a1_s23_llama1b_kv3072_cap12-00_generation_stagger_growth_only-r6-0-bb0b90e3,47,32,40,128,0,True,4,False
llama1b,3072,12,23,generation,stagger,growth_gate,6860.549152477,diag00_a1_s23_llama1b_kv3072_cap12-00_generation_stagger_growth_only,growth_only,cmpl-diag00_a1_s23_llama1b_kv3072_cap12-00_generation_stagger_growth_only-r6-0-bb0b90e3,47,32,40,128,0,True,4,False
llama1b,3072,12,23,generation,stagger,growth_gate,6860.563912548,diag00_a1_s23_llama1b_kv3072_cap12-00_generation_stagger_growth_only,growth_only,cmpl-diag00_a1_s23_llama1b_kv3072_cap12-00_generation_stagger_growth_only-r6-0-bb0b90e3,47,32,40,128,0,True,4,False
llama1b,3072,12,23,generation,stagger,growth_gate,6860.577335707,diag00_a1_s23_llama1b_kv3072_cap12-00_generation_stagger_growth_only,growth_only,cmpl-diag00_a1_s23_llama1b_kv3072_cap12-00_generation_stagger_growth_only-r6-0-bb0b90e3,47,32,40,128,0,True,4,False
llama1b,3072,12,23,generation,stagger,growth_gate,6860.594578578,diag00_a1_s23_llama1b_kv3072_cap12-00_generation_stagger_growth_only,growth_only,cmpl-diag00_a1_s23_llama1b_kv3072_cap12-00_generation_stagger_growth_only-r6-0-bb0b90e3,47,32,40,128,0,True,4,False
llama1b,3072,12,23,generation,stagger,growth_gate,6860.609582036,diag00_a1_s23_llama1b_kv3072_cap12-00_generation_stagger_growth_only,growth_only,cmpl-diag00_a1_s23_llama1b_kv3072_cap12-00_generation_stagger_growth_only-r6-0-bb0b90e3,47,32,40,128,0,True,4,False
llama1b,3072,12,23,generation,stagger,growth_gate,6860.619476441,diag00_a1_s23_llama1b_kv3072_cap12-00_generation_stagger_growth_only,growth_only,cmpl-diag00_a1_s23_llama1b_kv3072_cap12-00_generation_stagger_growth_only-r6-0-bb0b90e3,46,32,40,128,0,True,4,False
llama1b,3072,12,23,generation,stagger,growth_gate,6860.636035015,diag00_a1_s23_llama1b_kv3072_cap12-00_generation_stagger_growth_only,growth_only,cmpl-diag00_a1_s23_llama1b_kv3072_cap12-00_generation_stagger_growth_only-r6-0-bb0b90e3,46,32,40,128,0,True,4,False
llama1b,3072,12,23,generation,stagger,growth_gate,6860.651490434,diag00_a1_s23_llama1b_kv3072_cap12-00_generation_stagger_growth_only,growth_only,cmpl-diag00_a1_s23_llama1b_kv3072_cap12-00_generation_stagger_growth_only-r6-0-bb0b90e3,46,32,40,128,0,True,4,False
llama1b,3072,12,23,generation,stagger,growth_gate,6860.661790414,diag00_a1_s23_llama1b_kv3072_cap12-00_generation_stagger_growth_only,growth_only,cmpl-diag00_a1_s23_llama1b_kv3072_cap12-00_generation_stagger_growth_only-r6-0-bb0b90e3,46,32,40,128,0,True,4,False
llama1b,3072,12,23,generation,stagger,growth_gate,6860.675566132,diag00_a1_s23_llama1b_kv3072_cap12-00_generation_stagger_growth_only,growth_only,cmpl-diag00_a1_s23_llama1b_kv3072_cap12-00_generation_stagger_growth_only-r6-0-bb0b90e3,46,32,40,128,0,True,4,False
llama1b,3072,12,23,generation,stagger,growth_gate,6860.693945205,diag00_a1_s23_llama1b_kv3072_cap12-00_generation_stagger_growth_only,growth_only,cmpl-diag00_a1_s23_llama1b_kv3072_cap12-00_generation_stagger_growth_only-r6-0-bb0b90e3,45,32,40,128,0,True,4,False
llama1b,3072,12,23,generation,stagger,growth_gate,6860.708295635,diag00_a1_s23_llama1b_kv3072_cap12-00_generation_stagger_growth_only,growth_only,cmpl-diag00_a1_s23_llama1b_kv3072_cap12-00_generation_stagger_growth_only-r6-0-bb0b90e3,45,32,40,128,0,True,4,False
llama1b,3072,12,23,generation,stagger,growth_gate,6860.723227088,diag00_a1_s23_llama1b_kv3072_cap12-00_generation_stagger_growth_only,growth_only,cmpl-diag00_a1_s23_llama1b_kv3072_cap12-00_generation_stagger_growth_only-r6-0-bb0b90e3,44,32,40,128,0,True,4,False
llama1b,3072,12,23,generation,stagger,growth_gate,6860.736948619,diag00_a1_s23_llama1b_kv3072_cap12-00_generation_stagger_growth_only,growth_only,cmpl-diag00_a1_s23_llama1b_kv3072_cap12-00_generation_stagger_growth_only-r6-0-bb0b90e3,44,32,40,128,0,True,4,False
llama1b,3072,12,23,generation,stagger,growth_gate,6860.748080748,diag00_a1_s23_llama1b_kv3072_cap12-00_generation_stagger_growth_only,growth_only,cmpl-diag00_a1_s23_llama1b_kv3072_cap12-00_generation_stagger_growth_only-r6-0-bb0b90e3,43,32,40,128,0,True,4,False
llama1b,3072,12,23,generation,stagger,growth_gate,6860.763766936,diag00_a1_s23_llama1b_kv3072_cap12-00_generation_stagger_growth_only,growth_only,cmpl-diag00_a1_s23_llama1b_kv3072_cap12-00_generation_stagger_growth_only-r6-0-bb0b90e3,43,32,40,128,0,True,4,False
llama1b,3072,12,23,generation,stagger,growth_gate,6860.782317365,diag00_a1_s23_llama1b_kv3072_cap12-00_generation_stagger_growth_only,growth_only,cmpl-diag00_a1_s23_llama1b_kv3072_cap12-00_generation_stagger_growth_only-r6-0-bb0b90e3,43,32,40,128,0,True,4,False
llama1b,3072,12,23,generation,stagger,growth_gate,6860.79189019,diag00_a1_s23_llama1b_kv3072_cap12-00_generation_stagger_growth_only,growth_only,cmpl-diag00_a1_s23_llama1b_kv3072_cap12-00_generation_stagger_growth_only-r6-0-bb0b90e3,43,32,40,128,0,True,4,False
llama1b,3072,12,23,generation,stagger,growth_gate,6860.807729992,diag00_a1_s23_llama1b_kv3072_cap12-00_generation_stagger_growth_only,growth_only,cmpl-diag00_a1_s23_llama1b_kv3072_cap12-00_generation_stagger_growth_only-r6-0-bb0b90e3,43,32,40,128,0,True,4,False
llama1b,3072,12,23,generation,stagger,growth_gate,6860.822049987,diag00_a1_s23_llama1b_kv3072_cap12-00_generation_stagger_growth_only,growth_only,cmpl-diag00_a1_s23_llama1b_kv3072_cap12-00_generation_stagger_growth_only-r6-0-bb0b90e3,43,32,40,128,0,True,4,False
llama1b,3072,12,23,generation,stagger,growth_gate,6860.833548346,diag00_a1_s23_llama1b_kv3072_cap12-00_generation_stagger_growth_only,growth_only,cmpl-diag00_a1_s23_llama1b_kv3072_cap12-00_generation_stagger_growth_only-r6-0-bb0b90e3,43,32,40,128,0,True,4,False
llama1b,3072,12,23,generation,stagger,growth_gate,6860.85055034,diag00_a1_s23_llama1b_kv3072_cap12-00_generation_stagger_growth_only,growth_only,cmpl-diag00_a1_s23_llama1b_kv3072_cap12-00_generation_stagger_growth_only-r6-0-bb0b90e3,42,32,40,128,0,True,4,False
llama1b,3072,12,23,generation,stagger,growth_gate,6860.864688233,diag00_a1_s23_llama1b_kv3072_cap12-00_generation_stagger_growth_only,growth_only,cmpl-diag00_a1_s23_llama1b_kv3072_cap12-00_generation_stagger_growth_only-r6-0-bb0b90e3,42,32,40,128,0,True,4,False
llama1b,3072,12,23,generation,stagger,growth_gate,6860.87853268,diag00_a1_s23_llama1b_kv3072_cap12-00_generation_stagger_growth_only,growth_only,cmpl-diag00_a1_s23_llama1b_kv3072_cap12-00_generation_stagger_growth_only-r6-0-bb0b90e3,42,32,40,128,0,True,4,False
llama1b,3072,12,23,generation,stagger,growth_gate,6860.894298524,diag00_a1_s23_llama1b_kv3072_cap12-00_generation_stagger_growth_only,growth_only,cmpl-diag00_a1_s23_llama1b_kv3072_cap12-00_generation_stagger_growth_only-r6-0-bb0b90e3,42,32,40,128,0,True,4,False
llama1b,3072,12,23,generation,stagger,growth_gate,6860.909285705,diag00_a1_s23_llama1b_kv3072_cap12-00_generation_stagger_growth_only,growth_only,cmpl-diag00_a1_s23_llama1b_kv3072_cap12-00_generation_stagger_growth_only-r6-0-bb0b90e3,42,32,40,128,0,True,4,False
llama1b,3072,12,23,generation,stagger,growth_gate,6860.919759171,diag00_a1_s23_llama1b_kv3072_cap12-00_generation_stagger_growth_only,growth_only,cmpl-diag00_a1_s23_llama1b_kv3072_cap12-00_generation_stagger_growth_only-r6-0-bb0b90e3,41,32,40,128,0,True,4,False
llama1b,3072,12,23,generation,stagger,growth_gate,6860.9342327,diag00_a1_s23_llama1b_kv3072_cap12-00_generation_stagger_growth_only,growth_only,cmpl-diag00_a1_s23_llama1b_kv3072_cap12-00_generation_stagger_growth_only-r6-0-bb0b90e3,41,32,40,128,0,True,4,False
llama1b,3072,12,23,generation,stagger,growth_gate,6860.951779451,diag00_a1_s23_llama1b_kv3072_cap12-00_generation_stagger_growth_only,growth_only,cmpl-diag00_a1_s23_llama1b_kv3072_cap12-00_generation_stagger_growth_only-r6-0-bb0b90e3,40,32,40,128,0,True,4,False
llama1b,3072,12,23,generation,stagger,growth_gate,6860.967396216,diag00_a1_s23_llama1b_kv3072_cap12-00_generation_stagger_growth_only,growth_only,cmpl-diag00_a1_s23_llama1b_kv3072_cap12-00_generation_stagger_growth_only-r6-0-bb0b90e3,40,32,40,128,0,True,4,False
llama1b,3072,12,23,generation,stagger,growth_gate,6860.984217009,diag00_a1_s23_llama1b_kv3072_cap12-00_generation_stagger_growth_only,growth_only,cmpl-diag00_a1_s23_llama1b_kv3072_cap12-00_generation_stagger_growth_only-r6-0-bb0b90e3,39,32,40,128,0,True,4,False
llama1b,3072,12,23,generation,stagger,growth_gate,6860.995995292,diag00_a1_s23_llama1b_kv3072_cap12-00_generation_stagger_growth_only,growth_only,cmpl-diag00_a1_s23_llama1b_kv3072_cap12-00_generation_stagger_growth_only-r6-0-bb0b90e3,39,32,40,128,0,True,4,False
llama1b,3072,12,23,generation,stagger,growth_gate,6861.013572891,diag00_a1_s23_llama1b_kv3072_cap12-00_generation_stagger_growth_only,growth_only,cmpl-diag00_a1_s23_llama1b_kv3072_cap12-00_generation_stagger_growth_only-r6-0-bb0b90e3,39,32,40,128,0,True,4,False
llama1b,3072,12,23,generation,stagger,growth_gate,6861.02773498,diag00_a1_s23_llama1b_kv3072_cap12-00_generation_stagger_growth_only,growth_only,cmpl-diag00_a1_s23_llama1b_kv3072_cap12-00_generation_stagger_growth_only-r6-0-bb0b90e3,39,32,40,128,0,True,4,False
llama1b,3072,12,23,generation,stagger,growth_gate,6861.043289111,diag00_a1_s23_llama1b_kv3072_cap12-00_generation_stagger_growth_only,growth_only,cmpl-diag00_a1_s23_llama1b_kv3072_cap12-00_generation_stagger_growth_only-r6-0-bb0b90e3,39,32,40,128,0,True,4,False
llama1b,3072,12,23,generation,stagger,growth_gate,6861.056328973,diag00_a1_s23_llama1b_kv3072_cap12-00_generation_stagger_growth_only,growth_only,cmpl-diag00_a1_s23_llama1b_kv3072_cap12-00_generation_stagger_growth_only-r6-0-bb0b90e3,39,32,40,128,0,True,4,False
llama1b,3072,12,23,generation,stagger,growth_gate,6861.070613056,diag00_a1_s23_llama1b_kv3072_cap12-00_generation_stagger_growth_only,growth_only,cmpl-diag00_a1_s23_llama1b_kv3072_cap12-00_generation_stagger_growth_only-r6-0-bb0b90e3,39,32,40,128,0,True,4,False
llama1b,3072,12,23,generation,stagger,growth_gate,6861.087527108,diag00_a1_s23_llama1b_kv3072_cap12-00_generation_stagger_growth_only,growth_only,cmpl-diag00_a1_s23_llama1b_kv3072_cap12-00_generation_stagger_growth_only-r6-0-bb0b90e3,38,32,40,128,0,True,4,False
llama1b,3072,12,23,generation,stagger,growth_gate,6861.097337859,diag00_a1_s23_llama1b_kv3072_cap12-00_generation_stagger_growth_only,growth_only,cmpl-diag00_a1_s23_llama1b_kv3072_cap12-00_generation_stagger_growth_only-r6-0-bb0b90e3,38,32,40,128,0,True,4,False
llama1b,3072,12,23,generation,stagger,growth_gate,6861.112841401,diag00_a1_s23_llama1b_kv3072_cap12-00_generation_stagger_growth_only,growth_only,cmpl-diag00_a1_s23_llama1b_kv3072_cap12-00_generation_stagger_growth_only-r6-0-bb0b90e3,38,32,40,128,0,True,4,False
llama1b,3072,12,23,generation,stagger,growth_gate,6861.126088159,diag00_a1_s23_llama1b_kv3072_cap12-00_generation_stagger_growth_only,growth_only,cmpl-diag00_a1_s23_llama1b_kv3072_cap12-00_generation_stagger_growth_only-r6-0-bb0b90e3,38,32,40,128,0,True,4,False
llama1b,3072,12,23,generation,stagger,growth_gate,6861.144715465,diag00_a1_s23_llama1b_kv3072_cap12-00_generation_stagger_growth_only,growth_only,cmpl-diag00_a1_s23_llama1b_kv3072_cap12-00_generation_stagger_growth_only-r6-0-bb0b90e3,38,32,40,128,0,True,4,False
llama1b,3072,12,23,generation,stagger,growth_gate,6861.15842253,diag00_a1_s23_llama1b_kv3072_cap12-00_generation_stagger_growth_only,growth_only,cmpl-diag00_a1_s23_llama1b_kv3072_cap12-00_generation_stagger_growth_only-r6-0-bb0b90e3,62,24,40,128,0,True,3,False
llama1b,3072,12,23,generation,stagger,growth_gate,6861.169894707,diag00_a1_s23_llama1b_kv3072_cap12-00_generation_stagger_growth_only,growth_only,cmpl-diag00_a1_s23_llama1b_kv3072_cap12-00_generation_stagger_growth_only-r6-0-bb0b90e3,62,24,40,128,0,True,3,False
llama1b,3072,12,23,generation,stagger,growth_gate,6861.188022152,diag00_a1_s23_llama1b_kv3072_cap12-00_generation_stagger_growth_only,growth_only,cmpl-diag00_a1_s23_llama1b_kv3072_cap12-00_generation_stagger_growth_only-r6-0-bb0b90e3,61,24,40,128,0,True,3,False
llama1b,3072,12,23,generation,stagger,growth_gate,6861.199531265,diag00_a1_s23_llama1b_kv3072_cap12-00_generation_stagger_growth_only,growth_only,cmpl-diag00_a1_s23_llama1b_kv3072_cap12-00_generation_stagger_growth_only-r6-0-bb0b90e3,61,24,40,128,0,True,3,False
llama1b,3072,12,23,generation,stagger,growth_gate,6861.218859794,diag00_a1_s23_llama1b_kv3072_cap12-00_generation_stagger_growth_only,growth_only,cmpl-diag00_a1_s23_llama1b_kv3072_cap12-00_generation_stagger_growth_only-r6-0-bb0b90e3,60,24,40,128,0,True,3,False
llama1b,3072,12,23,generation,stagger,growth_gate,6861.232356884,diag00_a1_s23_llama1b_kv3072_cap12-00_generation_stagger_growth_only,growth_only,cmpl-diag00_a1_s23_llama1b_kv3072_cap12-00_generation_stagger_growth_only-r6-0-bb0b90e3,60,24,40,128,0,True,3,False
llama1b,3072,12,23,generation,stagger,growth_gate,6861.248597595,diag00_a1_s23_llama1b_kv3072_cap12-00_generation_stagger_growth_only,growth_only,cmpl-diag00_a1_s23_llama1b_kv3072_cap12-00_generation_stagger_growth_only-r6-0-bb0b90e3,60,24,40,128,0,True,3,False
llama1b,3072,12,23,generation,stagger,growth_gate,6861.258185606,diag00_a1_s23_llama1b_kv3072_cap12-00_generation_stagger_growth_only,growth_only,cmpl-diag00_a1_s23_llama1b_kv3072_cap12-00_generation_stagger_growth_only-r6-0-bb0b90e3,60,24,40,128,0,True,3,False
llama1b,3072,12,23,generation,stagger,growth_gate,6861.273001033,diag00_a1_s23_llama1b_kv3072_cap12-00_generation_stagger_growth_only,growth_only,cmpl-diag00_a1_s23_llama1b_kv3072_cap12-00_generation_stagger_growth_only-r6-0-bb0b90e3,60,24,40,128,0,True,3,False
llama1b,3072,12,23,generation,stagger,growth_gate,6861.289320479,diag00_a1_s23_llama1b_kv3072_cap12-00_generation_stagger_growth_only,growth_only,cmpl-diag00_a1_s23_llama1b_kv3072_cap12-00_generation_stagger_growth_only-r6-0-bb0b90e3,60,24,40,128,0,True,3,False
llama1b,3072,12,23,generation,stagger,growth_gate,6861.304824065,diag00_a1_s23_llama1b_kv3072_cap12-00_generation_stagger_growth_only,growth_only,cmpl-diag00_a1_s23_llama1b_kv3072_cap12-00_generation_stagger_growth_only-r6-0-bb0b90e3,60,24,40,128,0,True,3,False
llama1b,3072,12,23,generation,stagger,growth_gate,6861.315813975,diag00_a1_s23_llama1b_kv3072_cap12-00_generation_stagger_growth_only,growth_only,cmpl-diag00_a1_s23_llama1b_kv3072_cap12-00_generation_stagger_growth_only-r6-0-bb0b90e3,59,24,40,128,0,True,3,False
llama1b,3072,12,23,generation,stagger,growth_gate,6861.333964195,diag00_a1_s23_llama1b_kv3072_cap12-00_generation_stagger_growth_only,growth_only,cmpl-diag00_a1_s23_llama1b_kv3072_cap12-00_generation_stagger_growth_only-r6-0-bb0b90e3,59,24,40,128,0,True,3,False
llama1b,3072,12,23,generation,stagger,growth_gate,6861.345500433,diag00_a1_s23_llama1b_kv3072_cap12-00_generation_stagger_growth_only,growth_only,cmpl-diag00_a1_s23_llama1b_kv3072_cap12-00_generation_stagger_growth_only-r6-0-bb0b90e3,59,24,40,128,0,True,3,False
llama1b,3072,12,23,generation,stagger,growth_gate,6861.362206311,diag00_a1_s23_llama1b_kv3072_cap12-00_generation_stagger_growth_only,growth_only,cmpl-diag00_a1_s23_llama1b_kv3072_cap12-00_generation_stagger_growth_only-r6-0-bb0b90e3,59,24,40,128,0,True,3,False
llama1b,3072,12,23,generation,stagger,growth_gate,6861.376631215,diag00_a1_s23_llama1b_kv3072_cap12-00_generation_stagger_growth_only,growth_only,cmpl-diag00_a1_s23_llama1b_kv3072_cap12-00_generation_stagger_growth_only-r6-0-bb0b90e3,59,24,40,128,0,True,3,False
llama1b,3072,12,23,generation,stagger,growth_gate,6861.391614493,diag00_a1_s23_llama1b_kv3072_cap12-00_generation_stagger_growth_only,growth_only,cmpl-diag00_a1_s23_llama1b_kv3072_cap12-00_generation_stagger_growth_only-r6-0-bb0b90e3,59,24,40,128,0,True,3,False
llama1b,3072,12,23,generation,stagger,growth_gate,6861.406240467,diag00_a1_s23_llama1b_kv3072_cap12-00_generation_stagger_growth_only,growth_only,cmpl-diag00_a1_s23_llama1b_kv3072_cap12-00_generation_stagger_growth_only-r6-0-bb0b90e3,59,24,40,128,0,True,3,False
llama1b,3072,12,23,generation,stagger,growth_gate,6861.421706506,diag00_a1_s23_llama1b_kv3072_cap12-00_generation_stagger_growth_only,growth_only,cmpl-diag00_a1_s23_llama1b_kv3072_cap12-00_generation_stagger_growth_only-r6-0-bb0b90e3,58,24,40,128,0,True,3,False
llama1b,3072,12,23,generation,stagger,growth_gate,6861.433916519,diag00_a1_s23_llama1b_kv3072_cap12-00_generation_stagger_growth_only,growth_only,cmpl-diag00_a1_s23_llama1b_kv3072_cap12-00_generation_stagger_growth_only-r6-0-bb0b90e3,58,24,40,128,0,True,3,False
llama1b,3072,12,23,generation,stagger,growth_gate,6861.448799488,diag00_a1_s23_llama1b_kv3072_cap12-00_generation_stagger_growth_only,growth_only,cmpl-diag00_a1_s23_llama1b_kv3072_cap12-00_generation_stagger_growth_only-r6-0-bb0b90e3,57,24,40,128,0,True,3,False
llama1b,3072,12,23,generation,stagger,growth_gate,6861.46242268,diag00_a1_s23_llama1b_kv3072_cap12-00_generation_stagger_growth_only,growth_only,cmpl-diag00_a1_s23_llama1b_kv3072_cap12-00_generation_stagger_growth_only-r6-0-bb0b90e3,57,24,40,128,0,True,3,False
llama1b,3072,12,23,generation,stagger,growth_gate,6861.480306669,diag00_a1_s23_llama1b_kv3072_cap12-00_generation_stagger_growth_only,growth_only,cmpl-diag00_a1_s23_llama1b_kv3072_cap12-00_generation_stagger_growth_only-r6-0-bb0b90e3,57,24,40,128,0,True,3,False
llama1b,3072,12,23,generation,stagger,growth_gate,6861.494573477,diag00_a1_s23_llama1b_kv3072_cap12-00_generation_stagger_growth_only,growth_only,cmpl-diag00_a1_s23_llama1b_kv3072_cap12-00_generation_stagger_growth_only-r6-0-bb0b90e3,57,24,40,128,0,True,3,False
llama1b,3072,12,23,generation,stagger,growth_gate,6861.509276927,diag00_a1_s23_llama1b_kv3072_cap12-00_generation_stagger_growth_only,growth_only,cmpl-diag00_a1_s23_llama1b_kv3072_cap12-00_generation_stagger_growth_only-r6-0-bb0b90e3,57,24,40,128,0,True,3,False
llama1b,3072,12,23,generation,stagger,growth_gate,6861.524419202,diag00_a1_s23_llama1b_kv3072_cap12-00_generation_stagger_growth_only,growth_only,cmpl-diag00_a1_s23_llama1b_kv3072_cap12-00_generation_stagger_growth_only-r6-0-bb0b90e3,57,24,40,128,0,True,3,False
llama1b,3072,12,23,generation,stagger,growth_gate,6861.539955553,diag00_a1_s23_llama1b_kv3072_cap12-00_generation_stagger_growth_only,growth_only,cmpl-diag00_a1_s23_llama1b_kv3072_cap12-00_generation_stagger_growth_only-r6-0-bb0b90e3,57,24,40,128,0,True,3,False
llama1b,3072,12,23,generation,stagger,growth_gate,6861.553992503,diag00_a1_s23_llama1b_kv3072_cap12-00_generation_stagger_growth_only,growth_only,cmpl-diag00_a1_s23_llama1b_kv3072_cap12-00_generation_stagger_growth_only-r6-0-bb0b90e3,56,24,40,128,0,True,3,False
llama1b,3072,12,23,generation,stagger,growth_gate,6861.569809377,diag00_a1_s23_llama1b_kv3072_cap12-00_generation_stagger_growth_only,growth_only,cmpl-diag00_a1_s23_llama1b_kv3072_cap12-00_generation_stagger_growth_only-r6-0-bb0b90e3,56,24,40,128,0,True,3,False
llama1b,3072,12,23,generation,stagger,growth_gate,6861.584741028,diag00_a1_s23_llama1b_kv3072_cap12-00_generation_stagger_growth_only,growth_only,cmpl-diag00_a1_s23_llama1b_kv3072_cap12-00_generation_stagger_growth_only-r6-0-bb0b90e3,56,24,40,128,0,True,3,False
llama1b,3072,12,23,generation,stagger,growth_gate,6861.599151968,diag00_a1_s23_llama1b_kv3072_cap12-00_generation_stagger_growth_only,growth_only,cmpl-diag00_a1_s23_llama1b_kv3072_cap12-00_generation_stagger_growth_only-r6-0-bb0b90e3,56,24,40,128,0,True,3,False
llama1b,3072,12,23,generation,stagger,growth_gate,6861.613893225,diag00_a1_s23_llama1b_kv3072_cap12-00_generation_stagger_growth_only,growth_only,cmpl-diag00_a1_s23_llama1b_kv3072_cap12-00_generation_stagger_growth_only-r6-0-bb0b90e3,56,24,40,128,0,True,3,False
llama1b,3072,12,23,generation,stagger,growth_gate,6861.624361694,diag00_a1_s23_llama1b_kv3072_cap12-00_generation_stagger_growth_only,growth_only,cmpl-diag00_a1_s23_llama1b_kv3072_cap12-00_generation_stagger_growth_only-r6-0-bb0b90e3,56,24,40,128,0,True,3,False
llama1b,3072,12,23,generation,stagger,growth_gate,6861.639223862,diag00_a1_s23_llama1b_kv3072_cap12-00_generation_stagger_growth_only,growth_only,cmpl-diag00_a1_s23_llama1b_kv3072_cap12-00_generation_stagger_growth_only-r6-0-bb0b90e3,56,24,40,128,0,True,3,False
llama1b,3072,12,23,generation,stagger,growth_gate,6861.654634179,diag00_a1_s23_llama1b_kv3072_cap12-00_generation_stagger_growth_only,growth_only,cmpl-diag00_a1_s23_llama1b_kv3072_cap12-00_generation_stagger_growth_only-r6-0-bb0b90e3,55,24,40,128,0,True,3,False
llama1b,3072,12,23,generation,stagger,growth_gate,6861.671506144,diag00_a1_s23_llama1b_kv3072_cap12-00_generation_stagger_growth_only,growth_only,cmpl-diag00_a1_s23_llama1b_kv3072_cap12-00_generation_stagger_growth_only-r6-0-bb0b90e3,55,24,40,128,0,True,3,False
llama1b,3072,12,23,generation,stagger,growth_gate,6861.686589834,diag00_a1_s23_llama1b_kv3072_cap12-00_generation_stagger_growth_only,growth_only,cmpl-diag00_a1_s23_llama1b_kv3072_cap12-00_generation_stagger_growth_only-r6-0-bb0b90e3,54,24,40,128,0,True,3,False
llama1b,3072,12,23,generation,stagger,growth_gate,6861.700629829,diag00_a1_s23_llama1b_kv3072_cap12-00_generation_stagger_growth_only,growth_only,cmpl-diag00_a1_s23_llama1b_kv3072_cap12-00_generation_stagger_growth_only-r6-0-bb0b90e3,54,24,40,128,0,True,3,False
llama1b,3072,12,23,generation,stagger,growth_gate,6861.711986461,diag00_a1_s23_llama1b_kv3072_cap12-00_generation_stagger_growth_only,growth_only,cmpl-diag00_a1_s23_llama1b_kv3072_cap12-00_generation_stagger_growth_only-r6-0-bb0b90e3,54,24,40,128,0,True,3,False
llama1b,3072,12,23,generation,stagger,growth_gate,6861.729915732,diag00_a1_s23_llama1b_kv3072_cap12-00_generation_stagger_growth_only,growth_only,cmpl-diag00_a1_s23_llama1b_kv3072_cap12-00_generation_stagger_growth_only-r6-0-bb0b90e3,54,24,40,128,0,True,3,False
llama1b,3072,12,23,generation,stagger,growth_gate,6861.743552455,diag00_a1_s23_llama1b_kv3072_cap12-00_generation_stagger_growth_only,growth_only,cmpl-diag00_a1_s23_llama1b_kv3072_cap12-00_generation_stagger_growth_only-r6-0-bb0b90e3,54,24,40,128,0,True,3,False
llama1b,3072,12,23,generation,stagger,growth_gate,6861.760425093,diag00_a1_s23_llama1b_kv3072_cap12-00_generation_stagger_growth_only,growth_only,cmpl-diag00_a1_s23_llama1b_kv3072_cap12-00_generation_stagger_growth_only-r6-0-bb0b90e3,54,24,40,128,0,True,3,False
llama1b,3072,12,23,generation,stagger,growth_gate,6861.775101396,diag00_a1_s23_llama1b_kv3072_cap12-00_generation_stagger_growth_only,growth_only,cmpl-diag00_a1_s23_llama1b_kv3072_cap12-00_generation_stagger_growth_only-r6-0-bb0b90e3,54,24,40,128,0,True,3,False
llama1b,3072,12,23,generation,stagger,growth_gate,6861.789794156,diag00_a1_s23_llama1b_kv3072_cap12-00_generation_stagger_growth_only,growth_only,cmpl-diag00_a1_s23_llama1b_kv3072_cap12-00_generation_stagger_growth_only-r6-0-bb0b90e3,53,24,40,128,0,True,3,False
llama1b,3072,12,23,generation,stagger,growth_gate,6861.800581911,diag00_a1_s23_llama1b_kv3072_cap12-00_generation_stagger_growth_only,growth_only,cmpl-diag00_a1_s23_llama1b_kv3072_cap12-00_generation_stagger_growth_only-r6-0-bb0b90e3,53,24,40,128,0,True,3,False
llama1b,3072,12,23,generation,stagger,growth_gate,6861.818503089,diag00_a1_s23_llama1b_kv3072_cap12-00_generation_stagger_growth_only,growth_only,cmpl-diag00_a1_s23_llama1b_kv3072_cap12-00_generation_stagger_growth_only-r6-0-bb0b90e3,53,24,40,128,0,True,3,False
llama1b,3072,12,23,generation,stagger,growth_gate,6861.832332928,diag00_a1_s23_llama1b_kv3072_cap12-00_generation_stagger_growth_only,growth_only,cmpl-diag00_a1_s23_llama1b_kv3072_cap12-00_generation_stagger_growth_only-r6-0-bb0b90e3,53,24,40,128,0,True,3,False
llama1b,3072,12,23,generation,stagger,growth_gate,6861.848219271,diag00_a1_s23_llama1b_kv3072_cap12-00_generation_stagger_growth_only,growth_only,cmpl-diag00_a1_s23_llama1b_kv3072_cap12-00_generation_stagger_growth_only-r6-0-bb0b90e3,53,24,40,128,0,True,3,False
llama1b,3072,12,23,generation,stagger,growth_gate,6861.862690554,diag00_a1_s23_llama1b_kv3072_cap12-00_generation_stagger_growth_only,growth_only,cmpl-diag00_a1_s23_llama1b_kv3072_cap12-00_generation_stagger_growth_only-r6-0-bb0b90e3,53,24,40,128,0,True,3,False
llama1b,3072,12,23,generation,stagger,growth_gate,6861.877544865,diag00_a1_s23_llama1b_kv3072_cap12-00_generation_stagger_growth_only,growth_only,cmpl-diag00_a1_s23_llama1b_kv3072_cap12-00_generation_stagger_growth_only-r6-0-bb0b90e3,53,24,40,128,0,True,3,False
llama1b,3072,12,23,generation,stagger,growth_gate,6861.892626711,diag00_a1_s23_llama1b_kv3072_cap12-00_generation_stagger_growth_only,growth_only,cmpl-diag00_a1_s23_llama1b_kv3072_cap12-00_generation_stagger_growth_only-r6-0-bb0b90e3,52,24,40,128,0,True,3,False
llama1b,3072,12,23,generation,stagger,growth_gate,6861.908156851,diag00_a1_s23_llama1b_kv3072_cap12-00_generation_stagger_growth_only,growth_only,cmpl-diag00_a1_s23_llama1b_kv3072_cap12-00_generation_stagger_growth_only-r6-0-bb0b90e3,52,24,40,128,0,True,3,False
llama1b,3072,12,23,generation,stagger,growth_gate,6861.922380158,diag00_a1_s23_llama1b_kv3072_cap12-00_generation_stagger_growth_only,growth_only,cmpl-diag00_a1_s23_llama1b_kv3072_cap12-00_generation_stagger_growth_only-r6-0-bb0b90e3,51,24,40,128,0,True,3,False
llama1b,3072,12,23,generation,stagger,growth_gate,6861.938170652,diag00_a1_s23_llama1b_kv3072_cap12-00_generation_stagger_growth_only,growth_only,cmpl-diag00_a1_s23_llama1b_kv3072_cap12-00_generation_stagger_growth_only-r6-0-bb0b90e3,51,24,40,128,0,True,3,False
llama1b,3072,12,23,generation,stagger,growth_gate,6861.952083367,diag00_a1_s23_llama1b_kv3072_cap12-00_generation_stagger_growth_only,growth_only,cmpl-diag00_a1_s23_llama1b_kv3072_cap12-00_generation_stagger_growth_only-r6-0-bb0b90e3,51,24,40,128,0,True,3,False
llama1b,3072,12,23,generation,stagger,growth_gate,6861.968123116,diag00_a1_s23_llama1b_kv3072_cap12-00_generation_stagger_growth_only,growth_only,cmpl-diag00_a1_s23_llama1b_kv3072_cap12-00_generation_stagger_growth_only-r6-0-bb0b90e3,51,24,40,128,0,True,3,False
llama1b,3072,12,23,generation,stagger,growth_gate,6861.983312424,diag00_a1_s23_llama1b_kv3072_cap12-00_generation_stagger_growth_only,growth_only,cmpl-diag00_a1_s23_llama1b_kv3072_cap12-00_generation_stagger_growth_only-r6-0-bb0b90e3,51,24,40,128,0,True,3,False
llama1b,3072,12,23,generation,stagger,growth_gate,6861.998060135,diag00_a1_s23_llama1b_kv3072_cap12-00_generation_stagger_growth_only,growth_only,cmpl-diag00_a1_s23_llama1b_kv3072_cap12-00_generation_stagger_growth_only-r6-0-bb0b90e3,51,24,40,128,0,True,3,False
llama1b,3072,12,23,generation,stagger,growth_gate,6862.008844783,diag00_a1_s23_llama1b_kv3072_cap12-00_generation_stagger_growth_only,growth_only,cmpl-diag00_a1_s23_llama1b_kv3072_cap12-00_generation_stagger_growth_only-r6-0-bb0b90e3,51,24,40,128,0,True,3,False
llama1b,3072,12,23,generation,stagger,growth_gate,6862.021493708,diag00_a1_s23_llama1b_kv3072_cap12-00_generation_stagger_growth_only,growth_only,cmpl-diag00_a1_s23_llama1b_kv3072_cap12-00_generation_stagger_growth_only-r6-0-bb0b90e3,50,24,40,128,0,True,3,False
llama1b,3072,12,23,generation,stagger,growth_gate,6862.035518979,diag00_a1_s23_llama1b_kv3072_cap12-00_generation_stagger_growth_only,growth_only,cmpl-diag00_a1_s23_llama1b_kv3072_cap12-00_generation_stagger_growth_only-r6-0-bb0b90e3,50,24,40,128,0,True,3,False
llama1b,3072,12,23,generation,stagger,growth_gate,6862.05408053,diag00_a1_s23_llama1b_kv3072_cap12-00_generation_stagger_growth_only,growth_only,cmpl-diag00_a1_s23_llama1b_kv3072_cap12-00_generation_stagger_growth_only-r6-0-bb0b90e3,50,24,40,128,0,True,3,False
llama1b,3072,12,23,generation,stagger,growth_gate,6862.066710037,diag00_a1_s23_llama1b_kv3072_cap12-00_generation_stagger_growth_only,growth_only,cmpl-diag00_a1_s23_llama1b_kv3072_cap12-00_generation_stagger_growth_only-r6-0-bb0b90e3,50,24,40,128,0,True,3,False
llama1b,3072,12,23,generation,stagger,growth_gate,6862.079426618,diag00_a1_s23_llama1b_kv3072_cap12-00_generation_stagger_growth_only,growth_only,cmpl-diag00_a1_s23_llama1b_kv3072_cap12-00_generation_stagger_growth_only-r6-0-bb0b90e3,50,24,40,128,0,True,3,False
llama1b,3072,12,23,generation,stagger,growth_gate,6862.095248716,diag00_a1_s23_llama1b_kv3072_cap12-00_generation_stagger_growth_only,growth_only,cmpl-diag00_a1_s23_llama1b_kv3072_cap12-00_generation_stagger_growth_only-r6-0-bb0b90e3,50,24,40,128,0,True,3,False
llama1b,3072,12,23,generation,stagger,growth_gate,6862.109132574,diag00_a1_s23_llama1b_kv3072_cap12-00_generation_stagger_growth_only,growth_only,cmpl-diag00_a1_s23_llama1b_kv3072_cap12-00_generation_stagger_growth_only-r6-0-bb0b90e3,50,24,40,128,0,True,3,False
llama1b,3072,12,23,generation,stagger,growth_gate,6862.122532558,diag00_a1_s23_llama1b_kv3072_cap12-00_generation_stagger_growth_only,growth_only,cmpl-diag00_a1_s23_llama1b_kv3072_cap12-00_generation_stagger_growth_only-r6-0-bb0b90e3,49,24,40,128,0,True,3,False
llama1b,3072,12,23,generation,stagger,growth_gate,6862.135785839,diag00_a1_s23_llama1b_kv3072_cap12-00_generation_stagger_growth_only,growth_only,cmpl-diag00_a1_s23_llama1b_kv3072_cap12-00_generation_stagger_growth_only-r6-0-bb0b90e3,49,24,40,128,0,True,3,False
llama1b,3072,12,23,generation,stagger,growth_gate,6862.150267261,diag00_a1_s23_llama1b_kv3072_cap12-00_generation_stagger_growth_only,growth_only,cmpl-diag00_a1_s23_llama1b_kv3072_cap12-00_generation_stagger_growth_only-r6-0-bb0b90e3,48,24,40,128,0,True,3,False
llama1b,3072,12,23,generation,stagger,growth_gate,6862.164235582,diag00_a1_s23_llama1b_kv3072_cap12-00_generation_stagger_growth_only,growth_only,cmpl-diag00_a1_s23_llama1b_kv3072_cap12-00_generation_stagger_growth_only-r6-0-bb0b90e3,48,24,40,128,0,True,3,False
llama1b,3072,12,23,generation,stagger,growth_gate,6862.17700709,diag00_a1_s23_llama1b_kv3072_cap12-00_generation_stagger_growth_only,growth_only,cmpl-diag00_a1_s23_llama1b_kv3072_cap12-00_generation_stagger_growth_only-r6-0-bb0b90e3,48,24,40,128,0,True,3,False
llama1b,3072,12,23,generation,stagger,growth_gate,6862.191416077,diag00_a1_s23_llama1b_kv3072_cap12-00_generation_stagger_growth_only,growth_only,cmpl-diag00_a1_s23_llama1b_kv3072_cap12-00_generation_stagger_growth_only-r6-0-bb0b90e3,48,24,40,128,0,True,3,False
llama1b,3072,12,23,generation,stagger,growth_gate,6862.206061074,diag00_a1_s23_llama1b_kv3072_cap12-00_generation_stagger_growth_only,growth_only,cmpl-diag00_a1_s23_llama1b_kv3072_cap12-00_generation_stagger_growth_only-r6-0-bb0b90e3,48,24,40,128,0,True,3,False
llama1b,3072,12,23,generation,stagger,growth_gate,6862.218780262,diag00_a1_s23_llama1b_kv3072_cap12-00_generation_stagger_growth_only,growth_only,cmpl-diag00_a1_s23_llama1b_kv3072_cap12-00_generation_stagger_growth_only-r6-0-bb0b90e3,48,24,40,128,0,True,3,False
llama1b,3072,12,23,generation,stagger,growth_gate,6862.233094116,diag00_a1_s23_llama1b_kv3072_cap12-00_generation_stagger_growth_only,growth_only,cmpl-diag00_a1_s23_llama1b_kv3072_cap12-00_generation_stagger_growth_only-r6-0-bb0b90e3,48,24,40,128,0,True,3,False
llama1b,3072,12,23,generation,stagger,growth_gate,6862.246994837,diag00_a1_s23_llama1b_kv3072_cap12-00_generation_stagger_growth_only,growth_only,cmpl-diag00_a1_s23_llama1b_kv3072_cap12-00_generation_stagger_growth_only-r6-0-bb0b90e3,47,24,40,128,0,True,3,False
llama1b,3072,12,23,generation,stagger,growth_gate,6862.259938871,diag00_a1_s23_llama1b_kv3072_cap12-00_generation_stagger_growth_only,growth_only,cmpl-diag00_a1_s23_llama1b_kv3072_cap12-00_generation_stagger_growth_only-r6-0-bb0b90e3,47,24,40,128,0,True,3,False
llama1b,3072,12,23,generation,stagger,growth_gate,6862.273507671,diag00_a1_s23_llama1b_kv3072_cap12-00_generation_stagger_growth_only,growth_only,cmpl-diag00_a1_s23_llama1b_kv3072_cap12-00_generation_stagger_growth_only-r6-0-bb0b90e3,47,24,40,128,0,True,3,False
llama1b,3072,12,23,generation,stagger,growth_gate,6862.287223094,diag00_a1_s23_llama1b_kv3072_cap12-00_generation_stagger_growth_only,growth_only,cmpl-diag00_a1_s23_llama1b_kv3072_cap12-00_generation_stagger_growth_only-r6-0-bb0b90e3,47,24,40,128,0,True,3,False
llama1b,3072,12,23,generation,stagger,growth_gate,6862.300393008,diag00_a1_s23_llama1b_kv3072_cap12-00_generation_stagger_growth_only,growth_only,cmpl-diag00_a1_s23_llama1b_kv3072_cap12-00_generation_stagger_growth_only-r6-0-bb0b90e3,47,24,40,128,0,True,3,False
llama1b,3072,12,23,generation,stagger,growth_gate,6862.318013955,diag00_a1_s23_llama1b_kv3072_cap12-00_generation_stagger_growth_only,growth_only,cmpl-diag00_a1_s23_llama1b_kv3072_cap12-00_generation_stagger_growth_only-r6-0-bb0b90e3,47,24,40,128,0,True,3,False
llama1b,3072,12,23,generation,stagger,growth_gate,6862.333188519,diag00_a1_s23_llama1b_kv3072_cap12-00_generation_stagger_growth_only,growth_only,cmpl-diag00_a1_s23_llama1b_kv3072_cap12-00_generation_stagger_growth_only-r6-0-bb0b90e3,47,24,40,128,0,True,3,False
llama1b,3072,12,23,generation,stagger,growth_gate,6862.348420929,diag00_a1_s23_llama1b_kv3072_cap12-00_generation_stagger_growth_only,growth_only,cmpl-diag00_a1_s23_llama1b_kv3072_cap12-00_generation_stagger_growth_only-r6-0-bb0b90e3,46,24,40,128,0,True,3,False
llama1b,3072,12,23,generation,stagger,growth_gate,6862.35799539,diag00_a1_s23_llama1b_kv3072_cap12-00_generation_stagger_growth_only,growth_only,cmpl-diag00_a1_s23_llama1b_kv3072_cap12-00_generation_stagger_growth_only-r6-0-bb0b90e3,46,24,40,128,0,True,3,False
llama1b,3072,12,23,generation,stagger,growth_gate,6862.371554903,diag00_a1_s23_llama1b_kv3072_cap12-00_generation_stagger_growth_only,growth_only,cmpl-diag00_a1_s23_llama1b_kv3072_cap12-00_generation_stagger_growth_only-r6-0-bb0b90e3,45,24,40,128,0,True,3,False
llama1b,3072,12,23,generation,stagger,growth_gate,6862.385185886,diag00_a1_s23_llama1b_kv3072_cap12-00_generation_stagger_growth_only,growth_only,cmpl-diag00_a1_s23_llama1b_kv3072_cap12-00_generation_stagger_growth_only-r6-0-bb0b90e3,45,24,40,128,0,True,3,False
llama1b,3072,12,23,generation,stagger,growth_gate,6862.40480592,diag00_a1_s23_llama1b_kv3072_cap12-00_generation_stagger_growth_only,growth_only,cmpl-diag00_a1_s23_llama1b_kv3072_cap12-00_generation_stagger_growth_only-r6-0-bb0b90e3,45,24,40,128,0,True,3,False
llama1b,3072,12,23,generation,stagger,growth_gate,6862.420058265,diag00_a1_s23_llama1b_kv3072_cap12-00_generation_stagger_growth_only,growth_only,cmpl-diag00_a1_s23_llama1b_kv3072_cap12-00_generation_stagger_growth_only-r6-0-bb0b90e3,45,24,40,128,0,True,3,False
llama1b,3072,12,23,generation,stagger,growth_gate,6862.434041963,diag00_a1_s23_llama1b_kv3072_cap12-00_generation_stagger_growth_only,growth_only,cmpl-diag00_a1_s23_llama1b_kv3072_cap12-00_generation_stagger_growth_only-r6-0-bb0b90e3,45,24,40,128,0,True,3,False
llama1b,3072,12,23,generation,stagger,growth_gate,6862.448808418,diag00_a1_s23_llama1b_kv3072_cap12-00_generation_stagger_growth_only,growth_only,cmpl-diag00_a1_s23_llama1b_kv3072_cap12-00_generation_stagger_growth_only-r6-0-bb0b90e3,45,24,40,128,0,True,3,False
llama1b,3072,12,23,generation,stagger,growth_gate,6862.463704345,diag00_a1_s23_llama1b_kv3072_cap12-00_generation_stagger_growth_only,growth_only,cmpl-diag00_a1_s23_llama1b_kv3072_cap12-00_generation_stagger_growth_only-r6-0-bb0b90e3,45,24,40,128,0,True,3,False
llama1b,3072,12,23,generation,stagger,growth_gate,6862.47856332,diag00_a1_s23_llama1b_kv3072_cap12-00_generation_stagger_growth_only,growth_only,cmpl-diag00_a1_s23_llama1b_kv3072_cap12-00_generation_stagger_growth_only-r6-0-bb0b90e3,44,24,40,128,0,True,3,False
llama1b,3072,12,23,generation,stagger,growth_gate,6862.489399192,diag00_a1_s23_llama1b_kv3072_cap12-00_generation_stagger_growth_only,growth_only,cmpl-diag00_a1_s23_llama1b_kv3072_cap12-00_generation_stagger_growth_only-r6-0-bb0b90e3,44,24,40,128,0,True,3,False
llama1b,3072,12,23,generation,stagger,growth_gate,6862.502994926,diag00_a1_s23_llama1b_kv3072_cap12-00_generation_stagger_growth_only,growth_only,cmpl-diag00_a1_s23_llama1b_kv3072_cap12-00_generation_stagger_growth_only-r6-0-bb0b90e3,44,24,40,128,0,True,3,False
llama1b,3072,12,23,generation,stagger,growth_gate,6862.517530381,diag00_a1_s23_llama1b_kv3072_cap12-00_generation_stagger_growth_only,growth_only,cmpl-diag00_a1_s23_llama1b_kv3072_cap12-00_generation_stagger_growth_only-r6-0-bb0b90e3,44,24,40,128,0,True,3,False
llama1b,3072,12,23,generation,stagger,growth_gate,6862.53101616,diag00_a1_s23_llama1b_kv3072_cap12-00_generation_stagger_growth_only,growth_only,cmpl-diag00_a1_s23_llama1b_kv3072_cap12-00_generation_stagger_growth_only-r6-0-bb0b90e3,44,24,40,128,0,True,3,False
llama1b,3072,12,23,generation,stagger,growth_gate,6862.544808756,diag00_a1_s23_llama1b_kv3072_cap12-00_generation_stagger_growth_only,growth_only,cmpl-diag00_a1_s23_llama1b_kv3072_cap12-00_generation_stagger_growth_only-r6-0-bb0b90e3,44,24,40,128,0,True,3,False
llama1b,3072,12,23,generation,stagger,growth_gate,6862.557956964,diag00_a1_s23_llama1b_kv3072_cap12-00_generation_stagger_growth_only,growth_only,cmpl-diag00_a1_s23_llama1b_kv3072_cap12-00_generation_stagger_growth_only-r6-0-bb0b90e3,44,24,40,128,0,True,3,False
llama1b,3072,12,23,generation,stagger,growth_gate,6862.570859386,diag00_a1_s23_llama1b_kv3072_cap12-00_generation_stagger_growth_only,growth_only,cmpl-diag00_a1_s23_llama1b_kv3072_cap12-00_generation_stagger_growth_only-r6-0-bb0b90e3,43,24,40,128,0,True,3,False
llama1b,3072,12,23,generation,stagger,growth_gate,6862.584869127,diag00_a1_s23_llama1b_kv3072_cap12-00_generation_stagger_growth_only,growth_only,cmpl-diag00_a1_s23_llama1b_kv3072_cap12-00_generation_stagger_growth_only-r6-0-bb0b90e3,43,24,40,128,0,True,3,False
llama1b,3072,12,23,generation,stagger,growth_gate,6862.598362634,diag00_a1_s23_llama1b_kv3072_cap12-00_generation_stagger_growth_only,growth_only,cmpl-diag00_a1_s23_llama1b_kv3072_cap12-00_generation_stagger_growth_only-r6-0-bb0b90e3,42,24,40,128,0,True,3,False
llama1b,3072,12,23,generation,stagger,growth_gate,6862.612709174,diag00_a1_s23_llama1b_kv3072_cap12-00_generation_stagger_growth_only,growth_only,cmpl-diag00_a1_s23_llama1b_kv3072_cap12-00_generation_stagger_growth_only-r6-0-bb0b90e3,42,24,40,128,0,True,3,False
llama1b,3072,12,23,generation,stagger,growth_gate,6862.625547306,diag00_a1_s23_llama1b_kv3072_cap12-00_generation_stagger_growth_only,growth_only,cmpl-diag00_a1_s23_llama1b_kv3072_cap12-00_generation_stagger_growth_only-r6-0-bb0b90e3,42,24,40,128,0,True,3,False
llama1b,3072,12,23,generation,stagger,growth_gate,6862.63947479,diag00_a1_s23_llama1b_kv3072_cap12-00_generation_stagger_growth_only,growth_only,cmpl-diag00_a1_s23_llama1b_kv3072_cap12-00_generation_stagger_growth_only-r6-0-bb0b90e3,42,24,40,128,0,True,3,False
llama1b,3072,12,23,generation,stagger,growth_gate,6862.658551536,diag00_a1_s23_llama1b_kv3072_cap12-00_generation_stagger_growth_only,growth_only,cmpl-diag00_a1_s23_llama1b_kv3072_cap12-00_generation_stagger_growth_only-r6-0-bb0b90e3,42,24,40,128,0,True,3,False
llama1b,3072,12,23,generation,stagger,growth_gate,6862.669338924,diag00_a1_s23_llama1b_kv3072_cap12-00_generation_stagger_growth_only,growth_only,cmpl-diag00_a1_s23_llama1b_kv3072_cap12-00_generation_stagger_growth_only-r6-0-bb0b90e3,42,24,40,128,0,True,3,False
llama1b,3072,12,23,generation,stagger,growth_gate,6862.688304175,diag00_a1_s23_llama1b_kv3072_cap12-00_generation_stagger_growth_only,growth_only,cmpl-diag00_a1_s23_llama1b_kv3072_cap12-00_generation_stagger_growth_only-r6-0-bb0b90e3,42,24,40,128,0,True,3,False
llama1b,3072,12,23,generation,stagger,growth_gate,6862.699494502,diag00_a1_s23_llama1b_kv3072_cap12-00_generation_stagger_growth_only,growth_only,cmpl-diag00_a1_s23_llama1b_kv3072_cap12-00_generation_stagger_growth_only-r6-0-bb0b90e3,41,24,40,128,0,True,3,False
llama1b,3072,12,23,generation,stagger,growth_gate,6862.715229922,diag00_a1_s23_llama1b_kv3072_cap12-00_generation_stagger_growth_only,growth_only,cmpl-diag00_a1_s23_llama1b_kv3072_cap12-00_generation_stagger_growth_only-r6-0-bb0b90e3,41,24,40,128,0,True,3,False
llama1b,3072,12,23,generation,stagger,growth_gate,6862.725913762,diag00_a1_s23_llama1b_kv3072_cap12-00_generation_stagger_growth_only,growth_only,cmpl-diag00_a1_s23_llama1b_kv3072_cap12-00_generation_stagger_growth_only-r6-0-bb0b90e3,41,24,40,128,0,True,3,False
llama1b,3072,12,23,generation,stagger,growth_gate,6862.744233746,diag00_a1_s23_llama1b_kv3072_cap12-00_generation_stagger_growth_only,growth_only,cmpl-diag00_a1_s23_llama1b_kv3072_cap12-00_generation_stagger_growth_only-r6-0-bb0b90e3,41,24,40,128,0,True,3,False
llama1b,3072,12,23,generation,stagger,growth_gate,6862.756400094,diag00_a1_s23_llama1b_kv3072_cap12-00_generation_stagger_growth_only,growth_only,cmpl-diag00_a1_s23_llama1b_kv3072_cap12-00_generation_stagger_growth_only-r6-0-bb0b90e3,41,24,40,128,0,True,3,False
llama1b,3072,12,23,generation,stagger,growth_gate,6862.775497516,diag00_a1_s23_llama1b_kv3072_cap12-00_generation_stagger_growth_only,growth_only,cmpl-diag00_a1_s23_llama1b_kv3072_cap12-00_generation_stagger_growth_only-r6-0-bb0b90e3,41,24,40,128,0,True,3,False
llama1b,3072,12,23,generation,stagger,growth_gate,6862.791090703,diag00_a1_s23_llama1b_kv3072_cap12-00_generation_stagger_growth_only,growth_only,cmpl-diag00_a1_s23_llama1b_kv3072_cap12-00_generation_stagger_growth_only-r6-0-bb0b90e3,41,24,40,128,0,True,3,False
llama1b,3072,12,23,generation,stagger,growth_gate,6862.800882089,diag00_a1_s23_llama1b_kv3072_cap12-00_generation_stagger_growth_only,growth_only,cmpl-diag00_a1_s23_llama1b_kv3072_cap12-00_generation_stagger_growth_only-r6-0-bb0b90e3,40,24,40,128,0,True,3,False
llama1b,3072,12,23,generation,stagger,growth_gate,6862.817348099,diag00_a1_s23_llama1b_kv3072_cap12-00_generation_stagger_growth_only,growth_only,cmpl-diag00_a1_s23_llama1b_kv3072_cap12-00_generation_stagger_growth_only-r6-0-bb0b90e3,40,24,40,128,0,True,3,False
llama1b,3072,12,23,generation,stagger,growth_gate,6862.835436865,diag00_a1_s23_llama1b_kv3072_cap12-00_generation_stagger_growth_only,growth_only,cmpl-diag00_a1_s23_llama1b_kv3072_cap12-00_generation_stagger_growth_only-r6-0-bb0b90e3,39,24,40,128,0,True,3,False
llama1b,3072,12,23,generation,stagger,growth_gate,6862.85100149,diag00_a1_s23_llama1b_kv3072_cap12-00_generation_stagger_growth_only,growth_only,cmpl-diag00_a1_s23_llama1b_kv3072_cap12-00_generation_stagger_growth_only-r6-0-bb0b90e3,39,24,40,128,0,True,3,False
llama1b,3072,12,23,generation,stagger,growth_gate,6862.865756632,diag00_a1_s23_llama1b_kv3072_cap12-00_generation_stagger_growth_only,growth_only,cmpl-diag00_a1_s23_llama1b_kv3072_cap12-00_generation_stagger_growth_only-r6-0-bb0b90e3,39,24,40,128,0,True,3,False
llama1b,3072,12,23,generation,stagger,growth_gate,6862.881212369,diag00_a1_s23_llama1b_kv3072_cap12-00_generation_stagger_growth_only,growth_only,cmpl-diag00_a1_s23_llama1b_kv3072_cap12-00_generation_stagger_growth_only-r6-0-bb0b90e3,39,24,40,128,0,True,3,False
llama1b,3072,12,23,generation,stagger,growth_gate,6862.896075675,diag00_a1_s23_llama1b_kv3072_cap12-00_generation_stagger_growth_only,growth_only,cmpl-diag00_a1_s23_llama1b_kv3072_cap12-00_generation_stagger_growth_only-r6-0-bb0b90e3,39,24,40,128,0,True,3,False
llama1b,3072,12,23,generation,stagger,growth_gate,6862.911893917,diag00_a1_s23_llama1b_kv3072_cap12-00_generation_stagger_growth_only,growth_only,cmpl-diag00_a1_s23_llama1b_kv3072_cap12-00_generation_stagger_growth_only-r6-0-bb0b90e3,39,24,40,128,0,True,3,False
llama1b,3072,12,23,generation,stagger,growth_gate,6862.927157068,diag00_a1_s23_llama1b_kv3072_cap12-00_generation_stagger_growth_only,growth_only,cmpl-diag00_a1_s23_llama1b_kv3072_cap12-00_generation_stagger_growth_only-r6-0-bb0b90e3,39,24,40,128,0,True,3,False
llama1b,3072,12,23,generation,stagger,growth_gate,6862.938535011,diag00_a1_s23_llama1b_kv3072_cap12-00_generation_stagger_growth_only,growth_only,cmpl-diag00_a1_s23_llama1b_kv3072_cap12-00_generation_stagger_growth_only-r6-0-bb0b90e3,38,24,40,128,0,True,3,False
llama1b,3072,12,23,generation,stagger,growth_gate,6862.953839981,diag00_a1_s23_llama1b_kv3072_cap12-00_generation_stagger_growth_only,growth_only,cmpl-diag00_a1_s23_llama1b_kv3072_cap12-00_generation_stagger_growth_only-r6-0-bb0b90e3,38,24,40,128,0,True,3,False
llama1b,3072,12,23,generation,stagger,growth_gate,6862.966109241,diag00_a1_s23_llama1b_kv3072_cap12-00_generation_stagger_growth_only,growth_only,cmpl-diag00_a1_s23_llama1b_kv3072_cap12-00_generation_stagger_growth_only-r6-0-bb0b90e3,38,24,40,128,0,True,3,False
llama1b,3072,12,23,generation,stagger,growth_gate,6862.980569702,diag00_a1_s23_llama1b_kv3072_cap12-00_generation_stagger_growth_only,growth_only,cmpl-diag00_a1_s23_llama1b_kv3072_cap12-00_generation_stagger_growth_only-r6-0-bb0b90e3,38,24,40,128,0,True,3,False
llama1b,3072,12,23,generation,stagger,growth_gate,6862.9961974,diag00_a1_s23_llama1b_kv3072_cap12-00_generation_stagger_growth_only,growth_only,cmpl-diag00_a1_s23_llama1b_kv3072_cap12-00_generation_stagger_growth_only-r6-0-bb0b90e3,38,24,40,128,0,True,3,False
llama1b,3072,12,23,generation,stagger,growth_gate,6863.012269055,diag00_a1_s23_llama1b_kv3072_cap12-00_generation_stagger_growth_only,growth_only,cmpl-diag00_a1_s23_llama1b_kv3072_cap12-00_generation_stagger_growth_only-r6-0-bb0b90e3,38,24,40,128,0,True,3,False
llama1b,3072,12,23,generation,stagger,growth_gate,6863.02699161,diag00_a1_s23_llama1b_kv3072_cap12-00_generation_stagger_growth_only,growth_only,cmpl-diag00_a1_s23_llama1b_kv3072_cap12-00_generation_stagger_growth_only-r6-0-bb0b90e3,38,24,40,128,0,True,3,False
llama1b,3072,12,23,generation,stagger,growth_gate,6863.036273947,diag00_a1_s23_llama1b_kv3072_cap12-00_generation_stagger_growth_only,growth_only,cmpl-diag00_a1_s23_llama1b_kv3072_cap12-00_generation_stagger_growth_only-r6-0-bb0b90e3,37,24,40,128,0,True,3,False
llama1b,3072,12,23,generation,stagger,growth_gate,6863.055401446,diag00_a1_s23_llama1b_kv3072_cap12-00_generation_stagger_growth_only,growth_only,cmpl-diag00_a1_s23_llama1b_kv3072_cap12-00_generation_stagger_growth_only-r6-0-bb0b90e3,37,24,40,128,0,True,3,False
llama1b,3072,12,23,generation,stagger,growth_gate,6863.071627686,diag00_a1_s23_llama1b_kv3072_cap12-00_generation_stagger_growth_only,growth_only,cmpl-diag00_a1_s23_llama1b_kv3072_cap12-00_generation_stagger_growth_only-r6-0-bb0b90e3,36,24,40,128,0,True,3,False
llama1b,3072,12,23,generation,stagger,growth_gate,6863.085481652,diag00_a1_s23_llama1b_kv3072_cap12-00_generation_stagger_growth_only,growth_only,cmpl-diag00_a1_s23_llama1b_kv3072_cap12-00_generation_stagger_growth_only-r6-0-bb0b90e3,36,24,40,128,0,True,3,False
llama1b,3072,12,23,generation,stagger,growth_gate,6863.095408759,diag00_a1_s23_llama1b_kv3072_cap12-00_generation_stagger_growth_only,growth_only,cmpl-diag00_a1_s23_llama1b_kv3072_cap12-00_generation_stagger_growth_only-r6-0-bb0b90e3,36,24,40,128,0,True,3,False
llama1b,3072,12,23,generation,stagger,growth_gate,6863.112819209,diag00_a1_s23_llama1b_kv3072_cap12-00_generation_stagger_growth_only,growth_only,cmpl-diag00_a1_s23_llama1b_kv3072_cap12-00_generation_stagger_growth_only-r6-0-bb0b90e3,36,24,40,128,0,True,3,False
llama1b,3072,12,23,generation,stagger,growth_gate,6863.125850088,diag00_a1_s23_llama1b_kv3072_cap12-00_generation_stagger_growth_only,growth_only,cmpl-diag00_a1_s23_llama1b_kv3072_cap12-00_generation_stagger_growth_only-r6-0-bb0b90e3,36,24,40,128,0,True,3,False
llama1b,3072,12,23,generation,stagger,growth_gate,6863.144206276,diag00_a1_s23_llama1b_kv3072_cap12-00_generation_stagger_growth_only,growth_only,cmpl-diag00_a1_s23_llama1b_kv3072_cap12-00_generation_stagger_growth_only-r6-0-bb0b90e3,36,24,40,128,0,True,3,False
llama1b,3072,12,23,generation,stagger,growth_gate,6863.158190347,diag00_a1_s23_llama1b_kv3072_cap12-00_generation_stagger_growth_only,growth_only,cmpl-diag00_a1_s23_llama1b_kv3072_cap12-00_generation_stagger_growth_only-r6-0-bb0b90e3,36,24,40,128,0,True,3,False
llama1b,3072,12,23,generation,stagger,growth_gate,6863.171400072,diag00_a1_s23_llama1b_kv3072_cap12-00_generation_stagger_growth_only,growth_only,cmpl-diag00_a1_s23_llama1b_kv3072_cap12-00_generation_stagger_growth_only-r6-0-bb0b90e3,35,24,40,128,0,True,3,False
llama1b,3072,12,23,generation,stagger,growth_gate,6863.187524556,diag00_a1_s23_llama1b_kv3072_cap12-00_generation_stagger_growth_only,growth_only,cmpl-diag00_a1_s23_llama1b_kv3072_cap12-00_generation_stagger_growth_only-r6-0-bb0b90e3,35,24,40,128,0,True,3,False
llama1b,3072,12,23,generation,stagger,growth_gate,6863.202591567,diag00_a1_s23_llama1b_kv3072_cap12-00_generation_stagger_growth_only,growth_only,cmpl-diag00_a1_s23_llama1b_kv3072_cap12-00_generation_stagger_growth_only-r6-0-bb0b90e3,35,24,40,128,0,True,3,False
llama1b,3072,12,23,generation,stagger,growth_gate,6863.217061303,diag00_a1_s23_llama1b_kv3072_cap12-00_generation_stagger_growth_only,growth_only,cmpl-diag00_a1_s23_llama1b_kv3072_cap12-00_generation_stagger_growth_only-r6-0-bb0b90e3,35,24,40,128,0,True,3,False
llama1b,3072,12,23,generation,stagger,growth_gate,6863.232197784,diag00_a1_s23_llama1b_kv3072_cap12-00_generation_stagger_growth_only,growth_only,cmpl-diag00_a1_s23_llama1b_kv3072_cap12-00_generation_stagger_growth_only-r6-0-bb0b90e3,35,24,40,128,0,True,3,False
llama1b,3072,12,23,generation,stagger,growth_gate,6863.241986691,diag00_a1_s23_llama1b_kv3072_cap12-00_generation_stagger_growth_only,growth_only,cmpl-diag00_a1_s23_llama1b_kv3072_cap12-00_generation_stagger_growth_only-r6-0-bb0b90e3,35,24,40,128,0,True,3,False
llama1b,3072,12,23,generation,stagger,growth_gate,6863.257326057,diag00_a1_s23_llama1b_kv3072_cap12-00_generation_stagger_growth_only,growth_only,cmpl-diag00_a1_s23_llama1b_kv3072_cap12-00_generation_stagger_growth_only-r6-0-bb0b90e3,35,24,40,128,0,True,3,False
llama1b,3072,12,23,generation,stagger,growth_gate,6863.270375332,diag00_a1_s23_llama1b_kv3072_cap12-00_generation_stagger_growth_only,growth_only,cmpl-diag00_a1_s23_llama1b_kv3072_cap12-00_generation_stagger_growth_only-r6-0-bb0b90e3,34,24,40,128,0,True,3,False
llama1b,3072,12,23,generation,stagger,growth_gate,6863.283893432,diag00_a1_s23_llama1b_kv3072_cap12-00_generation_stagger_growth_only,growth_only,cmpl-diag00_a1_s23_llama1b_kv3072_cap12-00_generation_stagger_growth_only-r6-0-bb0b90e3,34,24,40,128,0,True,3,False
llama1b,3072,12,23,generation,stagger,growth_gate,6863.297751347,diag00_a1_s23_llama1b_kv3072_cap12-00_generation_stagger_growth_only,growth_only,cmpl-diag00_a1_s23_llama1b_kv3072_cap12-00_generation_stagger_growth_only-r6-0-bb0b90e3,33,24,40,128,0,True,3,False
llama1b,3072,12,23,generation,stagger,growth_gate,6863.310915746,diag00_a1_s23_llama1b_kv3072_cap12-00_generation_stagger_growth_only,growth_only,cmpl-diag00_a1_s23_llama1b_kv3072_cap12-00_generation_stagger_growth_only-r6-0-bb0b90e3,33,24,40,128,0,True,3,False
llama1b,3072,12,23,generation,stagger,growth_gate,6863.323985478,diag00_a1_s23_llama1b_kv3072_cap12-00_generation_stagger_growth_only,growth_only,cmpl-diag00_a1_s23_llama1b_kv3072_cap12-00_generation_stagger_growth_only-r6-0-bb0b90e3,33,24,40,128,0,True,3,False
llama1b,3072,12,23,generation,stagger,growth_gate,6863.337645736,diag00_a1_s23_llama1b_kv3072_cap12-00_generation_stagger_growth_only,growth_only,cmpl-diag00_a1_s23_llama1b_kv3072_cap12-00_generation_stagger_growth_only-r6-0-bb0b90e3,33,24,40,128,0,True,3,False
llama1b,3072,12,23,generation,stagger,growth_gate,6863.352094316,diag00_a1_s23_llama1b_kv3072_cap12-00_generation_stagger_growth_only,growth_only,cmpl-diag00_a1_s23_llama1b_kv3072_cap12-00_generation_stagger_growth_only-r6-0-bb0b90e3,33,24,40,128,0,True,3,False
llama1b,3072,12,23,generation,stagger,growth_gate,6863.366589924,diag00_a1_s23_llama1b_kv3072_cap12-00_generation_stagger_growth_only,growth_only,cmpl-diag00_a1_s23_llama1b_kv3072_cap12-00_generation_stagger_growth_only-r6-0-bb0b90e3,33,24,40,128,0,True,3,False
llama1b,3072,12,23,generation,stagger,growth_gate,6863.379343478,diag00_a1_s23_llama1b_kv3072_cap12-00_generation_stagger_growth_only,growth_only,cmpl-diag00_a1_s23_llama1b_kv3072_cap12-00_generation_stagger_growth_only-r6-0-bb0b90e3,33,24,40,128,0,True,3,False
llama1b,3072,12,23,generation,stagger,growth_gate,6863.393313623,diag00_a1_s23_llama1b_kv3072_cap12-00_generation_stagger_growth_only,growth_only,cmpl-diag00_a1_s23_llama1b_kv3072_cap12-00_generation_stagger_growth_only-r6-0-bb0b90e3,32,24,40,128,0,True,3,False
llama1b,3072,12,23,generation,stagger,growth_gate,6863.409504139,diag00_a1_s23_llama1b_kv3072_cap12-00_generation_stagger_growth_only,growth_only,cmpl-diag00_a1_s23_llama1b_kv3072_cap12-00_generation_stagger_growth_only-r6-0-bb0b90e3,32,24,40,128,0,True,3,False
llama1b,3072,12,23,generation,stagger,growth_gate,6863.422570556,diag00_a1_s23_llama1b_kv3072_cap12-00_generation_stagger_growth_only,growth_only,cmpl-diag00_a1_s23_llama1b_kv3072_cap12-00_generation_stagger_growth_only-r6-0-bb0b90e3,32,24,40,128,0,True,3,False
llama1b,3072,12,23,generation,stagger,growth_gate,6863.43721555,diag00_a1_s23_llama1b_kv3072_cap12-00_generation_stagger_growth_only,growth_only,cmpl-diag00_a1_s23_llama1b_kv3072_cap12-00_generation_stagger_growth_only-r6-0-bb0b90e3,32,24,40,128,0,True,3,False
llama1b,3072,12,23,generation,stagger,growth_gate,6863.45134826,diag00_a1_s23_llama1b_kv3072_cap12-00_generation_stagger_growth_only,growth_only,cmpl-diag00_a1_s23_llama1b_kv3072_cap12-00_generation_stagger_growth_only-r6-0-bb0b90e3,32,24,40,128,0,True,3,False
llama1b,3072,12,23,generation,stagger,growth_gate,6863.464910714,diag00_a1_s23_llama1b_kv3072_cap12-00_generation_stagger_growth_only,growth_only,cmpl-diag00_a1_s23_llama1b_kv3072_cap12-00_generation_stagger_growth_only-r6-0-bb0b90e3,32,24,40,128,0,True,3,False
llama1b,3072,12,23,generation,stagger,growth_gate,6863.479188223,diag00_a1_s23_llama1b_kv3072_cap12-00_generation_stagger_growth_only,growth_only,cmpl-diag00_a1_s23_llama1b_kv3072_cap12-00_generation_stagger_growth_only-r6-0-bb0b90e3,32,24,40,128,0,True,3,False
llama1b,3072,12,23,generation,stagger,growth_gate,6863.492354049,diag00_a1_s23_llama1b_kv3072_cap12-00_generation_stagger_growth_only,growth_only,cmpl-diag00_a1_s23_llama1b_kv3072_cap12-00_generation_stagger_growth_only-r6-0-bb0b90e3,31,24,40,128,0,True,3,False
llama1b,3072,12,23,generation,stagger,growth_gate,6863.506235314,diag00_a1_s23_llama1b_kv3072_cap12-00_generation_stagger_growth_only,growth_only,cmpl-diag00_a1_s23_llama1b_kv3072_cap12-00_generation_stagger_growth_only-r6-0-bb0b90e3,31,24,40,128,0,True,3,False
llama1b,3072,12,23,generation,stagger,growth_gate,6863.524691123,diag00_a1_s23_llama1b_kv3072_cap12-00_generation_stagger_growth_only,growth_only,cmpl-diag00_a1_s23_llama1b_kv3072_cap12-00_generation_stagger_growth_only-r6-0-bb0b90e3,30,24,40,128,0,True,3,False
llama1b,3072,12,23,generation,stagger,growth_gate,6863.538556921,diag00_a1_s23_llama1b_kv3072_cap12-00_generation_stagger_growth_only,growth_only,cmpl-diag00_a1_s23_llama1b_kv3072_cap12-00_generation_stagger_growth_only-r6-0-bb0b90e3,30,24,40,128,0,True,3,False
llama1b,3072,12,23,generation,stagger,growth_gate,6863.549575209,diag00_a1_s23_llama1b_kv3072_cap12-00_generation_stagger_growth_only,growth_only,cmpl-diag00_a1_s23_llama1b_kv3072_cap12-00_generation_stagger_growth_only-r6-0-bb0b90e3,30,24,40,128,0,True,3,False
llama1b,3072,12,23,generation,stagger,growth_gate,6863.568702582,diag00_a1_s23_llama1b_kv3072_cap12-00_generation_stagger_growth_only,growth_only,cmpl-diag00_a1_s23_llama1b_kv3072_cap12-00_generation_stagger_growth_only-r6-0-bb0b90e3,30,24,40,128,0,True,3,False
llama1b,3072,12,23,generation,stagger,growth_gate,6863.58066145,diag00_a1_s23_llama1b_kv3072_cap12-00_generation_stagger_growth_only,growth_only,cmpl-diag00_a1_s23_llama1b_kv3072_cap12-00_generation_stagger_growth_only-r6-0-bb0b90e3,30,24,40,128,0,True,3,False
llama1b,3072,12,23,generation,stagger,growth_gate,6863.594342783,diag00_a1_s23_llama1b_kv3072_cap12-00_generation_stagger_growth_only,growth_only,cmpl-diag00_a1_s23_llama1b_kv3072_cap12-00_generation_stagger_growth_only-r6-0-bb0b90e3,30,24,40,128,0,True,3,False
llama1b,3072,12,23,generation,stagger,growth_gate,6863.612232022,diag00_a1_s23_llama1b_kv3072_cap12-00_generation_stagger_growth_only,growth_only,cmpl-diag00_a1_s23_llama1b_kv3072_cap12-00_generation_stagger_growth_only-r6-0-bb0b90e3,30,24,40,128,0,True,3,False
llama1b,3072,12,23,generation,stagger,growth_gate,6863.622703216,diag00_a1_s23_llama1b_kv3072_cap12-00_generation_stagger_growth_only,growth_only,cmpl-diag00_a1_s23_llama1b_kv3072_cap12-00_generation_stagger_growth_only-r6-0-bb0b90e3,29,24,40,128,0,True,3,False
llama1b,3072,12,23,generation,stagger,growth_gate,6863.639693854,diag00_a1_s23_llama1b_kv3072_cap12-00_generation_stagger_growth_only,growth_only,cmpl-diag00_a1_s23_llama1b_kv3072_cap12-00_generation_stagger_growth_only-r6-0-bb0b90e3,29,24,40,128,0,True,3,False
llama1b,3072,12,23,generation,stagger,growth_gate,6863.65076763,diag00_a1_s23_llama1b_kv3072_cap12-00_generation_stagger_growth_only,growth_only,cmpl-diag00_a1_s23_llama1b_kv3072_cap12-00_generation_stagger_growth_only-r6-0-bb0b90e3,29,24,40,128,0,True,3,False
llama1b,3072,12,23,generation,stagger,growth_gate,6863.663821247,diag00_a1_s23_llama1b_kv3072_cap12-00_generation_stagger_growth_only,growth_only,cmpl-diag00_a1_s23_llama1b_kv3072_cap12-00_generation_stagger_growth_only-r6-0-bb0b90e3,29,24,40,128,0,True,3,False
llama1b,3072,12,23,generation,stagger,growth_gate,6863.681467272,diag00_a1_s23_llama1b_kv3072_cap12-00_generation_stagger_growth_only,growth_only,cmpl-diag00_a1_s23_llama1b_kv3072_cap12-00_generation_stagger_growth_only-r6-0-bb0b90e3,29,24,40,128,0,True,3,False
llama1b,3072,12,23,generation,stagger,growth_gate,6863.695269966,diag00_a1_s23_llama1b_kv3072_cap12-00_generation_stagger_growth_only,growth_only,cmpl-diag00_a1_s23_llama1b_kv3072_cap12-00_generation_stagger_growth_only-r6-0-bb0b90e3,29,24,40,128,0,True,3,False
llama1b,3072,12,23,generation,stagger,growth_gate,6863.710391622,diag00_a1_s23_llama1b_kv3072_cap12-00_generation_stagger_growth_only,growth_only,cmpl-diag00_a1_s23_llama1b_kv3072_cap12-00_generation_stagger_growth_only-r6-0-bb0b90e3,29,24,40,128,0,True,3,False
llama1b,3072,12,23,generation,stagger,growth_gate,6863.727045563,diag00_a1_s23_llama1b_kv3072_cap12-00_generation_stagger_growth_only,growth_only,cmpl-diag00_a1_s23_llama1b_kv3072_cap12-00_generation_stagger_growth_only-r6-0-bb0b90e3,28,24,40,128,0,True,3,False
llama1b,3072,12,23,generation,stagger,growth_gate,6863.738802557,diag00_a1_s23_llama1b_kv3072_cap12-00_generation_stagger_growth_only,growth_only,cmpl-diag00_a1_s23_llama1b_kv3072_cap12-00_generation_stagger_growth_only-r6-0-bb0b90e3,28,24,40,128,0,True,3,False
llama1b,3072,12,23,generation,stagger,growth_gate,6863.75559335,diag00_a1_s23_llama1b_kv3072_cap12-00_generation_stagger_growth_only,growth_only,cmpl-diag00_a1_s23_llama1b_kv3072_cap12-00_generation_stagger_growth_only-r6-0-bb0b90e3,27,24,40,128,0,True,3,False
llama1b,3072,12,23,generation,stagger,growth_gate,6863.770959993,diag00_a1_s23_llama1b_kv3072_cap12-00_generation_stagger_growth_only,growth_only,cmpl-diag00_a1_s23_llama1b_kv3072_cap12-00_generation_stagger_growth_only-r6-0-bb0b90e3,27,24,40,128,0,True,3,False
llama1b,3072,12,23,generation,stagger,growth_gate,6863.780803498,diag00_a1_s23_llama1b_kv3072_cap12-00_generation_stagger_growth_only,growth_only,cmpl-diag00_a1_s23_llama1b_kv3072_cap12-00_generation_stagger_growth_only-r6-0-bb0b90e3,27,24,40,128,0,True,3,False
llama1b,3072,12,23,generation,stagger,growth_gate,6863.79441649,diag00_a1_s23_llama1b_kv3072_cap12-00_generation_stagger_growth_only,growth_only,cmpl-diag00_a1_s23_llama1b_kv3072_cap12-00_generation_stagger_growth_only-r6-0-bb0b90e3,27,24,40,128,0,True,3,False
llama1b,3072,12,23,generation,stagger,growth_gate,6863.811308232,diag00_a1_s23_llama1b_kv3072_cap12-00_generation_stagger_growth_only,growth_only,cmpl-diag00_a1_s23_llama1b_kv3072_cap12-00_generation_stagger_growth_only-r6-0-bb0b90e3,27,24,40,128,0,True,3,False
llama1b,3072,12,23,generation,stagger,growth_gate,6863.827837913,diag00_a1_s23_llama1b_kv3072_cap12-00_generation_stagger_growth_only,growth_only,cmpl-diag00_a1_s23_llama1b_kv3072_cap12-00_generation_stagger_growth_only-r6-0-bb0b90e3,27,24,40,128,0,True,3,False
llama1b,3072,12,23,generation,stagger,growth_gate,6863.841535914,diag00_a1_s23_llama1b_kv3072_cap12-00_generation_stagger_growth_only,growth_only,cmpl-diag00_a1_s23_llama1b_kv3072_cap12-00_generation_stagger_growth_only-r6-0-bb0b90e3,27,24,40,128,0,True,3,False
llama1b,3072,12,23,generation,stagger,growth_gate,6863.853357484,diag00_a1_s23_llama1b_kv3072_cap12-00_generation_stagger_growth_only,growth_only,cmpl-diag00_a1_s23_llama1b_kv3072_cap12-00_generation_stagger_growth_only-r6-0-bb0b90e3,26,24,40,128,0,True,3,False
llama1b,3072,12,23,generation,stagger,growth_gate,6863.866748424,diag00_a1_s23_llama1b_kv3072_cap12-00_generation_stagger_growth_only,growth_only,cmpl-diag00_a1_s23_llama1b_kv3072_cap12-00_generation_stagger_growth_only-r6-0-bb0b90e3,26,24,40,128,0,True,3,False
llama1b,3072,12,23,generation,stagger,growth_gate,6863.880944167,diag00_a1_s23_llama1b_kv3072_cap12-00_generation_stagger_growth_only,growth_only,cmpl-diag00_a1_s23_llama1b_kv3072_cap12-00_generation_stagger_growth_only-r6-0-bb0b90e3,26,24,40,128,0,True,3,False
llama1b,3072,12,23,generation,stagger,growth_gate,6863.895483553,diag00_a1_s23_llama1b_kv3072_cap12-00_generation_stagger_growth_only,growth_only,cmpl-diag00_a1_s23_llama1b_kv3072_cap12-00_generation_stagger_growth_only-r6-0-bb0b90e3,26,24,40,128,0,True,3,False
llama1b,3072,12,23,generation,stagger,growth_gate,6863.911723853,diag00_a1_s23_llama1b_kv3072_cap12-00_generation_stagger_growth_only,growth_only,cmpl-diag00_a1_s23_llama1b_kv3072_cap12-00_generation_stagger_growth_only-r6-0-bb0b90e3,26,24,40,128,0,True,3,False
llama1b,3072,12,23,generation,stagger,growth_gate,6863.927956021,diag00_a1_s23_llama1b_kv3072_cap12-00_generation_stagger_growth_only,growth_only,cmpl-diag00_a1_s23_llama1b_kv3072_cap12-00_generation_stagger_growth_only-r6-0-bb0b90e3,26,24,40,128,0,True,3,False
llama1b,3072,12,23,generation,stagger,growth_gate,6863.939625965,diag00_a1_s23_llama1b_kv3072_cap12-00_generation_stagger_growth_only,growth_only,cmpl-diag00_a1_s23_llama1b_kv3072_cap12-00_generation_stagger_growth_only-r6-0-bb0b90e3,26,24,40,128,0,True,3,False
llama1b,3072,12,23,generation,stagger,growth_gate,6863.953442913,diag00_a1_s23_llama1b_kv3072_cap12-00_generation_stagger_growth_only,growth_only,cmpl-diag00_a1_s23_llama1b_kv3072_cap12-00_generation_stagger_growth_only-r6-0-bb0b90e3,25,24,40,128,0,True,3,False
llama1b,3072,12,23,generation,stagger,growth_gate,6863.967753767,diag00_a1_s23_llama1b_kv3072_cap12-00_generation_stagger_growth_only,growth_only,cmpl-diag00_a1_s23_llama1b_kv3072_cap12-00_generation_stagger_growth_only-r6-0-bb0b90e3,25,24,40,128,0,True,3,False
llama1b,3072,12,23,generation,stagger,growth_gate,6863.985473512,diag00_a1_s23_llama1b_kv3072_cap12-00_generation_stagger_growth_only,growth_only,cmpl-diag00_a1_s23_llama1b_kv3072_cap12-00_generation_stagger_growth_only-r6-0-bb0b90e3,24,24,40,128,0,True,3,False
llama1b,3072,12,23,generation,stagger,growth_gate,6864.000794207,diag00_a1_s23_llama1b_kv3072_cap12-00_generation_stagger_growth_only,growth_only,cmpl-diag00_a1_s23_llama1b_kv3072_cap12-00_generation_stagger_growth_only-r6-0-bb0b90e3,24,24,40,128,0,True,3,False
llama1b,3072,12,23,generation,stagger,growth_gate,6864.014436701,diag00_a1_s23_llama1b_kv3072_cap12-00_generation_stagger_growth_only,growth_only,cmpl-diag00_a1_s23_llama1b_kv3072_cap12-00_generation_stagger_growth_only-r6-0-bb0b90e3,24,24,40,128,0,True,3,False
llama1b,3072,12,23,generation,stagger,growth_gate,6864.027628172,diag00_a1_s23_llama1b_kv3072_cap12-00_generation_stagger_growth_only,growth_only,cmpl-diag00_a1_s23_llama1b_kv3072_cap12-00_generation_stagger_growth_only-r6-0-bb0b90e3,24,24,40,128,0,True,3,False
llama1b,3072,12,23,generation,stagger,growth_gate,6864.04512053,diag00_a1_s23_llama1b_kv3072_cap12-00_generation_stagger_growth_only,growth_only,cmpl-diag00_a1_s23_llama1b_kv3072_cap12-00_generation_stagger_growth_only-r6-0-bb0b90e3,24,24,40,128,0,True,3,False
llama1b,3072,12,23,generation,stagger,growth_gate,6864.058784137,diag00_a1_s23_llama1b_kv3072_cap12-00_generation_stagger_growth_only,growth_only,cmpl-diag00_a1_s23_llama1b_kv3072_cap12-00_generation_stagger_growth_only-r6-0-bb0b90e3,24,24,40,128,0,True,3,False
llama1b,3072,12,23,generation,stagger,growth_gate,6864.073576881,diag00_a1_s23_llama1b_kv3072_cap12-00_generation_stagger_growth_only,growth_only,cmpl-diag00_a1_s23_llama1b_kv3072_cap12-00_generation_stagger_growth_only-r6-0-bb0b90e3,24,24,40,128,0,True,3,False
llama1b,3072,12,23,generation,stagger,growth_gate,6864.084506448,diag00_a1_s23_llama1b_kv3072_cap12-00_generation_stagger_growth_only,growth_only,cmpl-diag00_a1_s23_llama1b_kv3072_cap12-00_generation_stagger_growth_only-r6-0-bb0b90e3,23,24,40,128,0,True,3,False
llama1b,3072,12,23,generation,stagger,growth_gate,6864.103850747,diag00_a1_s23_llama1b_kv3072_cap12-00_generation_stagger_growth_only,growth_only,cmpl-diag00_a1_s23_llama1b_kv3072_cap12-00_generation_stagger_growth_only-r6-0-bb0b90e3,23,24,40,128,0,True,3,False
llama1b,3072,12,23,generation,stagger,growth_gate,6864.11843244,diag00_a1_s23_llama1b_kv3072_cap12-00_generation_stagger_growth_only,growth_only,cmpl-diag00_a1_s23_llama1b_kv3072_cap12-00_generation_stagger_growth_only-r6-0-bb0b90e3,23,24,40,128,0,True,3,False
llama1b,3072,12,23,generation,stagger,growth_gate,6864.133079913,diag00_a1_s23_llama1b_kv3072_cap12-00_generation_stagger_growth_only,growth_only,cmpl-diag00_a1_s23_llama1b_kv3072_cap12-00_generation_stagger_growth_only-r6-0-bb0b90e3,23,24,40,128,0,True,3,False
llama1b,3072,12,23,generation,stagger,growth_gate,6864.14637014,diag00_a1_s23_llama1b_kv3072_cap12-00_generation_stagger_growth_only,growth_only,cmpl-diag00_a1_s23_llama1b_kv3072_cap12-00_generation_stagger_growth_only-r6-0-bb0b90e3,23,24,40,128,0,True,3,False
llama1b,3072,12,23,generation,stagger,growth_gate,6864.161944738,diag00_a1_s23_llama1b_kv3072_cap12-00_generation_stagger_growth_only,growth_only,cmpl-diag00_a1_s23_llama1b_kv3072_cap12-00_generation_stagger_growth_only-r6-0-bb0b90e3,23,24,40,128,0,True,3,False
llama1b,3072,12,23,generation,stagger,growth_gate,6864.176167123,diag00_a1_s23_llama1b_kv3072_cap12-00_generation_stagger_growth_only,growth_only,cmpl-diag00_a1_s23_llama1b_kv3072_cap12-00_generation_stagger_growth_only-r6-0-bb0b90e3,23,24,40,128,0,True,3,False
llama1b,3072,12,23,generation,stagger,growth_gate,6864.191687486,diag00_a1_s23_llama1b_kv3072_cap12-00_generation_stagger_growth_only,growth_only,cmpl-diag00_a1_s23_llama1b_kv3072_cap12-00_generation_stagger_growth_only-r6-0-bb0b90e3,22,24,40,128,0,True,3,False
llama1b,3072,12,23,generation,stagger,growth_gate,6864.20567443,diag00_a1_s23_llama1b_kv3072_cap12-00_generation_stagger_growth_only,growth_only,cmpl-diag00_a1_s23_llama1b_kv3072_cap12-00_generation_stagger_growth_only-r6-0-bb0b90e3,22,24,40,128,0,True,3,False
llama1b,3072,12,23,generation,stagger,growth_gate,6864.223724212,diag00_a1_s23_llama1b_kv3072_cap12-00_generation_stagger_growth_only,growth_only,cmpl-diag00_a1_s23_llama1b_kv3072_cap12-00_generation_stagger_growth_only-r6-0-bb0b90e3,21,24,40,128,0,True,3,False
llama1b,3072,12,23,generation,stagger,growth_gate,6864.23687121,diag00_a1_s23_llama1b_kv3072_cap12-00_generation_stagger_growth_only,growth_only,cmpl-diag00_a1_s23_llama1b_kv3072_cap12-00_generation_stagger_growth_only-r6-0-bb0b90e3,21,24,40,128,0,True,3,False
llama1b,3072,12,23,generation,stagger,growth_gate,6864.248769265,diag00_a1_s23_llama1b_kv3072_cap12-00_generation_stagger_growth_only,growth_only,cmpl-diag00_a1_s23_llama1b_kv3072_cap12-00_generation_stagger_growth_only-r6-0-bb0b90e3,21,24,40,128,0,True,3,False
llama1b,3072,12,23,generation,stagger,growth_gate,6864.267483161,diag00_a1_s23_llama1b_kv3072_cap12-00_generation_stagger_growth_only,growth_only,cmpl-diag00_a1_s23_llama1b_kv3072_cap12-00_generation_stagger_growth_only-r6-0-bb0b90e3,21,24,40,128,0,True,3,False
llama1b,3072,12,23,generation,stagger,growth_gate,6864.278659498,diag00_a1_s23_llama1b_kv3072_cap12-00_generation_stagger_growth_only,growth_only,cmpl-diag00_a1_s23_llama1b_kv3072_cap12-00_generation_stagger_growth_only-r6-0-bb0b90e3,21,24,40,128,0,True,3,False
llama1b,3072,12,23,generation,stagger,growth_gate,6864.292810329,diag00_a1_s23_llama1b_kv3072_cap12-00_generation_stagger_growth_only,growth_only,cmpl-diag00_a1_s23_llama1b_kv3072_cap12-00_generation_stagger_growth_only-r6-0-bb0b90e3,21,24,40,128,0,True,3,False
llama1b,3072,12,23,generation,stagger,growth_gate,6864.312244539,diag00_a1_s23_llama1b_kv3072_cap12-00_generation_stagger_growth_only,growth_only,cmpl-diag00_a1_s23_llama1b_kv3072_cap12-00_generation_stagger_growth_only-r6-0-bb0b90e3,21,24,40,128,0,True,3,False
llama1b,3072,12,23,generation,stagger,growth_gate,6864.327909325,diag00_a1_s23_llama1b_kv3072_cap12-00_generation_stagger_growth_only,growth_only,cmpl-diag00_a1_s23_llama1b_kv3072_cap12-00_generation_stagger_growth_only-r6-0-bb0b90e3,20,24,40,128,0,True,3,False
llama1b,3072,12,23,generation,stagger,growth_gate,6864.34261905,diag00_a1_s23_llama1b_kv3072_cap12-00_generation_stagger_growth_only,growth_only,cmpl-diag00_a1_s23_llama1b_kv3072_cap12-00_generation_stagger_growth_only-r6-0-bb0b90e3,20,24,40,128,0,True,3,False
llama1b,3072,12,23,generation,stagger,growth_gate,6864.354506499,diag00_a1_s23_llama1b_kv3072_cap12-00_generation_stagger_growth_only,growth_only,cmpl-diag00_a1_s23_llama1b_kv3072_cap12-00_generation_stagger_growth_only-r6-0-bb0b90e3,20,24,40,128,0,True,3,False
llama1b,3072,12,23,generation,stagger,growth_gate,6864.367763184,diag00_a1_s23_llama1b_kv3072_cap12-00_generation_stagger_growth_only,growth_only,cmpl-diag00_a1_s23_llama1b_kv3072_cap12-00_generation_stagger_growth_only-r6-0-bb0b90e3,20,24,40,128,0,True,3,False
llama1b,3072,12,23,generation,stagger,growth_gate,6864.381099583,diag00_a1_s23_llama1b_kv3072_cap12-00_generation_stagger_growth_only,growth_only,cmpl-diag00_a1_s23_llama1b_kv3072_cap12-00_generation_stagger_growth_only-r6-0-bb0b90e3,20,24,40,128,0,True,3,False
llama1b,3072,12,23,generation,stagger,growth_gate,6864.394421365,diag00_a1_s23_llama1b_kv3072_cap12-00_generation_stagger_growth_only,growth_only,cmpl-diag00_a1_s23_llama1b_kv3072_cap12-00_generation_stagger_growth_only-r6-0-bb0b90e3,20,24,40,128,0,True,3,False
llama1b,3072,12,23,generation,stagger,growth_gate,6864.408028767,diag00_a1_s23_llama1b_kv3072_cap12-00_generation_stagger_growth_only,growth_only,cmpl-diag00_a1_s23_llama1b_kv3072_cap12-00_generation_stagger_growth_only-r6-0-bb0b90e3,20,24,40,128,0,True,3,False
llama1b,3072,12,23,generation,stagger,growth_gate,6864.421780168,diag00_a1_s23_llama1b_kv3072_cap12-00_generation_stagger_growth_only,growth_only,cmpl-diag00_a1_s23_llama1b_kv3072_cap12-00_generation_stagger_growth_only-r6-0-bb0b90e3,19,24,40,128,0,True,3,False
llama1b,3072,12,23,generation,stagger,growth_gate,6864.435680275,diag00_a1_s23_llama1b_kv3072_cap12-00_generation_stagger_growth_only,growth_only,cmpl-diag00_a1_s23_llama1b_kv3072_cap12-00_generation_stagger_growth_only-r6-0-bb0b90e3,19,24,40,128,0,True,3,False
llama1b,3072,12,23,generation,stagger,growth_gate,6864.454700014,diag00_a1_s23_llama1b_kv3072_cap12-00_generation_stagger_growth_only,growth_only,cmpl-diag00_a1_s23_llama1b_kv3072_cap12-00_generation_stagger_growth_only-r6-0-bb0b90e3,18,24,40,128,0,True,3,False
llama1b,3072,12,23,generation,stagger,growth_gate,6864.469259533,diag00_a1_s23_llama1b_kv3072_cap12-00_generation_stagger_growth_only,growth_only,cmpl-diag00_a1_s23_llama1b_kv3072_cap12-00_generation_stagger_growth_only-r6-0-bb0b90e3,18,24,40,128,0,True,3,False
llama1b,3072,12,23,generation,stagger,growth_gate,6864.484140027,diag00_a1_s23_llama1b_kv3072_cap12-00_generation_stagger_growth_only,growth_only,cmpl-diag00_a1_s23_llama1b_kv3072_cap12-00_generation_stagger_growth_only-r6-0-bb0b90e3,18,24,40,128,0,True,3,False
llama1b,3072,12,23,generation,stagger,growth_gate,6864.497476094,diag00_a1_s23_llama1b_kv3072_cap12-00_generation_stagger_growth_only,growth_only,cmpl-diag00_a1_s23_llama1b_kv3072_cap12-00_generation_stagger_growth_only-r6-0-bb0b90e3,18,24,40,128,0,True,3,False
llama1b,3072,12,23,generation,stagger,growth_gate,6864.509588204,diag00_a1_s23_llama1b_kv3072_cap12-00_generation_stagger_growth_only,growth_only,cmpl-diag00_a1_s23_llama1b_kv3072_cap12-00_generation_stagger_growth_only-r6-0-bb0b90e3,18,24,40,128,0,True,3,False
llama1b,3072,12,23,generation,stagger,growth_gate,6864.528428142,diag00_a1_s23_llama1b_kv3072_cap12-00_generation_stagger_growth_only,growth_only,cmpl-diag00_a1_s23_llama1b_kv3072_cap12-00_generation_stagger_growth_only-r6-0-bb0b90e3,18,24,40,128,0,True,3,False
llama1b,3072,12,23,generation,stagger,growth_gate,6864.540290478,diag00_a1_s23_llama1b_kv3072_cap12-00_generation_stagger_growth_only,growth_only,cmpl-diag00_a1_s23_llama1b_kv3072_cap12-00_generation_stagger_growth_only-r6-0-bb0b90e3,18,24,40,128,0,True,3,False
llama1b,3072,12,23,generation,stagger,growth_gate,6864.557001469,diag00_a1_s23_llama1b_kv3072_cap12-00_generation_stagger_growth_only,growth_only,cmpl-diag00_a1_s23_llama1b_kv3072_cap12-00_generation_stagger_growth_only-r6-0-bb0b90e3,82,16,40,128,0,False,2,False
llama1b,3072,12,23,generation,stagger,growth_gate,6864.557099261,diag00_a1_s23_llama1b_kv3072_cap12-00_generation_stagger_growth_only,growth_only,cmpl-diag00_a1_s23_llama1b_kv3072_cap12-00_generation_stagger_growth_only-r7-0-a62f037f,50,24,16,128,0,False,3,False
llama1b,3072,12,23,generation,stagger,growth_gate,6864.557169979,diag00_a1_s23_llama1b_kv3072_cap12-00_generation_stagger_growth_only,growth_only,cmpl-diag00_a1_s23_llama1b_kv3072_cap12-00_generation_stagger_growth_only-r8-0-b0011bef,42,32,40,128,0,True,4,False
llama1b,3072,12,23,generation,stagger,growth_gate,6864.572699092,diag00_a1_s23_llama1b_kv3072_cap12-00_generation_stagger_growth_only,growth_only,cmpl-diag00_a1_s23_llama1b_kv3072_cap12-00_generation_stagger_growth_only-r8-0-b0011bef,40,32,40,128,0,True,4,False
llama1b,3072,12,23,generation,stagger,growth_gate,6864.640756335,diag00_a1_s23_llama1b_kv3072_cap12-00_generation_stagger_growth_only,growth_only,cmpl-diag00_a1_s23_llama1b_kv3072_cap12-00_generation_stagger_growth_only-r8-0-b0011bef,40,32,40,128,0,True,4,False
llama1b,3072,12,23,generation,stagger,growth_gate,6864.65910697,diag00_a1_s23_llama1b_kv3072_cap12-00_generation_stagger_growth_only,growth_only,cmpl-diag00_a1_s23_llama1b_kv3072_cap12-00_generation_stagger_growth_only-r8-0-b0011bef,40,32,40,128,0,True,4,False
llama1b,3072,12,23,generation,stagger,growth_gate,6864.674866337,diag00_a1_s23_llama1b_kv3072_cap12-00_generation_stagger_growth_only,growth_only,cmpl-diag00_a1_s23_llama1b_kv3072_cap12-00_generation_stagger_growth_only-r8-0-b0011bef,40,32,40,128,0,True,4,False
llama1b,3072,12,23,generation,stagger,growth_gate,6864.689987835,diag00_a1_s23_llama1b_kv3072_cap12-00_generation_stagger_growth_only,growth_only,cmpl-diag00_a1_s23_llama1b_kv3072_cap12-00_generation_stagger_growth_only-r8-0-b0011bef,40,32,40,128,0,True,4,False
llama1b,3072,12,23,generation,stagger,growth_gate,6864.705036589,diag00_a1_s23_llama1b_kv3072_cap12-00_generation_stagger_growth_only,growth_only,cmpl-diag00_a1_s23_llama1b_kv3072_cap12-00_generation_stagger_growth_only-r8-0-b0011bef,40,32,40,128,0,True,4,False
llama1b,3072,12,23,generation,stagger,growth_gate,6864.719646345,diag00_a1_s23_llama1b_kv3072_cap12-00_generation_stagger_growth_only,growth_only,cmpl-diag00_a1_s23_llama1b_kv3072_cap12-00_generation_stagger_growth_only-r8-0-b0011bef,39,32,40,128,0,True,4,False
llama1b,3072,12,23,generation,stagger,growth_gate,6864.736266147,diag00_a1_s23_llama1b_kv3072_cap12-00_generation_stagger_growth_only,growth_only,cmpl-diag00_a1_s23_llama1b_kv3072_cap12-00_generation_stagger_growth_only-r8-0-b0011bef,39,32,40,128,0,True,4,False
llama1b,3072,12,23,generation,stagger,growth_gate,6864.750475747,diag00_a1_s23_llama1b_kv3072_cap12-00_generation_stagger_growth_only,growth_only,cmpl-diag00_a1_s23_llama1b_kv3072_cap12-00_generation_stagger_growth_only-r8-0-b0011bef,38,32,40,128,0,True,4,False
llama1b,3072,12,23,generation,stagger,growth_gate,6864.760434122,diag00_a1_s23_llama1b_kv3072_cap12-00_generation_stagger_growth_only,growth_only,cmpl-diag00_a1_s23_llama1b_kv3072_cap12-00_generation_stagger_growth_only-r8-0-b0011bef,38,32,40,128,0,True,4,False
llama1b,3072,12,23,generation,stagger,growth_gate,6864.779535737,diag00_a1_s23_llama1b_kv3072_cap12-00_generation_stagger_growth_only,growth_only,cmpl-diag00_a1_s23_llama1b_kv3072_cap12-00_generation_stagger_growth_only-r8-0-b0011bef,38,32,40,128,0,True,4,False
llama1b,3072,12,23,generation,stagger,growth_gate,6864.793202853,diag00_a1_s23_llama1b_kv3072_cap12-00_generation_stagger_growth_only,growth_only,cmpl-diag00_a1_s23_llama1b_kv3072_cap12-00_generation_stagger_growth_only-r8-0-b0011bef,38,32,40,128,0,True,4,False
llama1b,3072,12,23,generation,stagger,growth_gate,6864.808470487,diag00_a1_s23_llama1b_kv3072_cap12-00_generation_stagger_growth_only,growth_only,cmpl-diag00_a1_s23_llama1b_kv3072_cap12-00_generation_stagger_growth_only-r8-0-b0011bef,38,32,40,128,0,True,4,False
llama1b,3072,12,23,generation,stagger,growth_gate,6864.823755501,diag00_a1_s23_llama1b_kv3072_cap12-00_generation_stagger_growth_only,growth_only,cmpl-diag00_a1_s23_llama1b_kv3072_cap12-00_generation_stagger_growth_only-r8-0-b0011bef,38,32,40,128,0,True,4,False
llama1b,3072,12,23,generation,stagger,growth_gate,6864.836282221,diag00_a1_s23_llama1b_kv3072_cap12-00_generation_stagger_growth_only,growth_only,cmpl-diag00_a1_s23_llama1b_kv3072_cap12-00_generation_stagger_growth_only-r8-0-b0011bef,38,32,40,128,0,True,4,False
llama1b,3072,12,23,generation,stagger,growth_gate,6864.853200643,diag00_a1_s23_llama1b_kv3072_cap12-00_generation_stagger_growth_only,growth_only,cmpl-diag00_a1_s23_llama1b_kv3072_cap12-00_generation_stagger_growth_only-r8-0-b0011bef,38,32,40,128,0,True,4,False
llama1b,3072,12,23,generation,stagger,growth_gate,6864.868112283,diag00_a1_s23_llama1b_kv3072_cap12-00_generation_stagger_growth_only,growth_only,cmpl-diag00_a1_s23_llama1b_kv3072_cap12-00_generation_stagger_growth_only-r8-0-b0011bef,36,32,40,128,0,True,4,False
llama1b,3072,12,23,generation,stagger,growth_gate,6864.882481182,diag00_a1_s23_llama1b_kv3072_cap12-00_generation_stagger_growth_only,growth_only,cmpl-diag00_a1_s23_llama1b_kv3072_cap12-00_generation_stagger_growth_only-r8-0-b0011bef,36,32,40,128,0,True,4,False
llama1b,3072,12,23,generation,stagger,growth_gate,6864.895018683,diag00_a1_s23_llama1b_kv3072_cap12-00_generation_stagger_growth_only,growth_only,cmpl-diag00_a1_s23_llama1b_kv3072_cap12-00_generation_stagger_growth_only-r8-0-b0011bef,36,32,40,128,0,True,4,False
llama1b,3072,12,23,generation,stagger,growth_gate,6864.914020787,diag00_a1_s23_llama1b_kv3072_cap12-00_generation_stagger_growth_only,growth_only,cmpl-diag00_a1_s23_llama1b_kv3072_cap12-00_generation_stagger_growth_only-r8-0-b0011bef,36,32,40,128,0,True,4,False
llama1b,3072,12,23,generation,stagger,growth_gate,6864.929025178,diag00_a1_s23_llama1b_kv3072_cap12-00_generation_stagger_growth_only,growth_only,cmpl-diag00_a1_s23_llama1b_kv3072_cap12-00_generation_stagger_growth_only-r8-0-b0011bef,36,32,40,128,0,True,4,False
llama1b,3072,12,23,generation,stagger,growth_gate,6864.943507608,diag00_a1_s23_llama1b_kv3072_cap12-00_generation_stagger_growth_only,growth_only,cmpl-diag00_a1_s23_llama1b_kv3072_cap12-00_generation_stagger_growth_only-r8-0-b0011bef,36,32,40,128,0,True,4,False
llama1b,3072,12,23,generation,stagger,growth_gate,6864.957840269,diag00_a1_s23_llama1b_kv3072_cap12-00_generation_stagger_growth_only,growth_only,cmpl-diag00_a1_s23_llama1b_kv3072_cap12-00_generation_stagger_growth_only-r8-0-b0011bef,100,24,40,128,0,False,3,False
llama1b,3072,12,23,generation,stagger,growth_gate,6864.958004565,diag00_a1_s23_llama1b_kv3072_cap12-00_generation_stagger_growth_only,growth_only,cmpl-diag00_a1_s23_llama1b_kv3072_cap12-00_generation_stagger_growth_only-r9-0-b9c50713,68,32,24,128,0,False,4,False
llama1b,3072,12,23,generation,stagger,growth_gate,6864.958089061,diag00_a1_s23_llama1b_kv3072_cap12-00_generation_stagger_growth_only,growth_only,cmpl-diag00_a1_s23_llama1b_kv3072_cap12-00_generation_stagger_growth_only-r10-0-aa033a74,52,40,40,128,0,True,5,False
llama1b,3072,12,23,generation,stagger,growth_gate,6864.972815764,diag00_a1_s23_llama1b_kv3072_cap12-00_generation_stagger_growth_only,growth_only,cmpl-diag00_a1_s23_llama1b_kv3072_cap12-00_generation_stagger_growth_only-r10-0-aa033a74,50,40,40,128,0,True,5,False
llama1b,3072,12,23,generation,stagger,growth_gate,6865.052967813,diag00_a1_s23_llama1b_kv3072_cap12-00_generation_stagger_growth_only,growth_only,cmpl-diag00_a1_s23_llama1b_kv3072_cap12-00_generation_stagger_growth_only-r10-0-aa033a74,49,40,40,128,0,True,5,False
llama1b,3072,12,23,generation,stagger,growth_gate,6865.067458347,diag00_a1_s23_llama1b_kv3072_cap12-00_generation_stagger_growth_only,growth_only,cmpl-diag00_a1_s23_llama1b_kv3072_cap12-00_generation_stagger_growth_only-r10-0-aa033a74,49,40,40,128,0,True,5,False
llama1b,3072,12,23,generation,stagger,growth_gate,6865.083035167,diag00_a1_s23_llama1b_kv3072_cap12-00_generation_stagger_growth_only,growth_only,cmpl-diag00_a1_s23_llama1b_kv3072_cap12-00_generation_stagger_growth_only-r10-0-aa033a74,49,40,40,128,0,True,5,False
llama1b,3072,12,23,generation,stagger,growth_gate,6865.096403711,diag00_a1_s23_llama1b_kv3072_cap12-00_generation_stagger_growth_only,growth_only,cmpl-diag00_a1_s23_llama1b_kv3072_cap12-00_generation_stagger_growth_only-r10-0-aa033a74,49,40,40,128,0,True,5,False
llama1b,3072,12,23,generation,stagger,growth_gate,6865.114503167,diag00_a1_s23_llama1b_kv3072_cap12-00_generation_stagger_growth_only,growth_only,cmpl-diag00_a1_s23_llama1b_kv3072_cap12-00_generation_stagger_growth_only-r10-0-aa033a74,49,40,40,128,0,True,5,False
llama1b,3072,12,23,generation,stagger,growth_gate,6865.130105875,diag00_a1_s23_llama1b_kv3072_cap12-00_generation_stagger_growth_only,growth_only,cmpl-diag00_a1_s23_llama1b_kv3072_cap12-00_generation_stagger_growth_only-r10-0-aa033a74,49,40,40,128,0,True,5,False
llama1b,3072,12,23,generation,stagger,growth_gate,6865.140699334,diag00_a1_s23_llama1b_kv3072_cap12-00_generation_stagger_growth_only,growth_only,cmpl-diag00_a1_s23_llama1b_kv3072_cap12-00_generation_stagger_growth_only-r10-0-aa033a74,49,40,40,128,0,True,5,False
llama1b,3072,12,23,generation,stagger,growth_gate,6865.157221508,diag00_a1_s23_llama1b_kv3072_cap12-00_generation_stagger_growth_only,growth_only,cmpl-diag00_a1_s23_llama1b_kv3072_cap12-00_generation_stagger_growth_only-r10-0-aa033a74,49,40,40,128,0,True,5,False
llama1b,3072,12,23,generation,stagger,growth_gate,6865.169067876,diag00_a1_s23_llama1b_kv3072_cap12-00_generation_stagger_growth_only,growth_only,cmpl-diag00_a1_s23_llama1b_kv3072_cap12-00_generation_stagger_growth_only-r10-0-aa033a74,47,40,40,128,0,True,5,False
llama1b,3072,12,23,generation,stagger,growth_gate,6865.183687693,diag00_a1_s23_llama1b_kv3072_cap12-00_generation_stagger_growth_only,growth_only,cmpl-diag00_a1_s23_llama1b_kv3072_cap12-00_generation_stagger_growth_only-r10-0-aa033a74,47,40,40,128,0,True,5,False
llama1b,3072,12,23,generation,stagger,growth_gate,6865.201273329,diag00_a1_s23_llama1b_kv3072_cap12-00_generation_stagger_growth_only,growth_only,cmpl-diag00_a1_s23_llama1b_kv3072_cap12-00_generation_stagger_growth_only-r10-0-aa033a74,47,40,40,128,0,True,5,False
llama1b,3072,12,23,generation,stagger,growth_gate,6865.217075016,diag00_a1_s23_llama1b_kv3072_cap12-00_generation_stagger_growth_only,growth_only,cmpl-diag00_a1_s23_llama1b_kv3072_cap12-00_generation_stagger_growth_only-r10-0-aa033a74,47,40,40,128,0,True,5,False
llama1b,3072,12,23,generation,stagger,growth_gate,6865.232556748,diag00_a1_s23_llama1b_kv3072_cap12-00_generation_stagger_growth_only,growth_only,cmpl-diag00_a1_s23_llama1b_kv3072_cap12-00_generation_stagger_growth_only-r10-0-aa033a74,47,40,40,128,0,True,5,False
llama1b,3072,12,23,generation,stagger,growth_gate,6865.247854829,diag00_a1_s23_llama1b_kv3072_cap12-00_generation_stagger_growth_only,growth_only,cmpl-diag00_a1_s23_llama1b_kv3072_cap12-00_generation_stagger_growth_only-r10-0-aa033a74,47,40,40,128,0,True,5,False
llama1b,3072,12,23,generation,stagger,growth_gate,6865.262591293,diag00_a1_s23_llama1b_kv3072_cap12-00_generation_stagger_growth_only,growth_only,cmpl-diag00_a1_s23_llama1b_kv3072_cap12-00_generation_stagger_growth_only-r10-0-aa033a74,47,40,40,128,0,True,5,False
llama1b,3072,12,23,generation,stagger,growth_gate,6865.277614963,diag00_a1_s23_llama1b_kv3072_cap12-00_generation_stagger_growth_only,growth_only,cmpl-diag00_a1_s23_llama1b_kv3072_cap12-00_generation_stagger_growth_only-r10-0-aa033a74,45,40,40,128,0,True,5,False
llama1b,3072,12,23,generation,stagger,growth_gate,6865.291575397,diag00_a1_s23_llama1b_kv3072_cap12-00_generation_stagger_growth_only,growth_only,cmpl-diag00_a1_s23_llama1b_kv3072_cap12-00_generation_stagger_growth_only-r10-0-aa033a74,44,40,40,128,0,True,5,False
llama1b,3072,12,23,generation,stagger,growth_gate,6865.302201783,diag00_a1_s23_llama1b_kv3072_cap12-00_generation_stagger_growth_only,growth_only,cmpl-diag00_a1_s23_llama1b_kv3072_cap12-00_generation_stagger_growth_only-r10-0-aa033a74,44,40,40,128,0,True,5,False
llama1b,3072,12,23,generation,stagger,growth_gate,6865.316244787,diag00_a1_s23_llama1b_kv3072_cap12-00_generation_stagger_growth_only,growth_only,cmpl-diag00_a1_s23_llama1b_kv3072_cap12-00_generation_stagger_growth_only-r10-0-aa033a74,44,40,40,128,0,True,5,False
llama1b,3072,12,23,generation,stagger,growth_gate,6865.328815978,diag00_a1_s23_llama1b_kv3072_cap12-00_generation_stagger_growth_only,growth_only,cmpl-diag00_a1_s23_llama1b_kv3072_cap12-00_generation_stagger_growth_only-r10-0-aa033a74,44,40,40,128,0,True,5,False
llama1b,3072,12,23,generation,stagger,growth_gate,6865.343328892,diag00_a1_s23_llama1b_kv3072_cap12-00_generation_stagger_growth_only,growth_only,cmpl-diag00_a1_s23_llama1b_kv3072_cap12-00_generation_stagger_growth_only-r10-0-aa033a74,44,40,40,128,0,True,5,False
llama1b,3072,12,23,generation,stagger,growth_gate,6865.35711955,diag00_a1_s23_llama1b_kv3072_cap12-00_generation_stagger_growth_only,growth_only,cmpl-diag00_a1_s23_llama1b_kv3072_cap12-00_generation_stagger_growth_only-r10-0-aa033a74,44,40,40,128,0,True,5,False
llama1b,3072,12,23,generation,stagger,growth_gate,6865.369637792,diag00_a1_s23_llama1b_kv3072_cap12-00_generation_stagger_growth_only,growth_only,cmpl-diag00_a1_s23_llama1b_kv3072_cap12-00_generation_stagger_growth_only-r10-0-aa033a74,44,40,40,128,0,True,5,False
llama1b,3072,12,23,generation,stagger,growth_gate,6865.386227123,diag00_a1_s23_llama1b_kv3072_cap12-00_generation_stagger_growth_only,growth_only,cmpl-diag00_a1_s23_llama1b_kv3072_cap12-00_generation_stagger_growth_only-r10-0-aa033a74,44,40,40,128,0,True,5,False
llama1b,3072,12,23,generation,stagger,growth_gate,6865.401276235,diag00_a1_s23_llama1b_kv3072_cap12-00_generation_stagger_growth_only,growth_only,cmpl-diag00_a1_s23_llama1b_kv3072_cap12-00_generation_stagger_growth_only-r10-0-aa033a74,42,40,40,128,0,True,5,False
llama1b,3072,12,23,generation,stagger,growth_gate,6865.416522432,diag00_a1_s23_llama1b_kv3072_cap12-00_generation_stagger_growth_only,growth_only,cmpl-diag00_a1_s23_llama1b_kv3072_cap12-00_generation_stagger_growth_only-r10-0-aa033a74,42,40,40,128,0,True,5,False
llama1b,3072,12,23,generation,stagger,growth_gate,6865.427171827,diag00_a1_s23_llama1b_kv3072_cap12-00_generation_stagger_growth_only,growth_only,cmpl-diag00_a1_s23_llama1b_kv3072_cap12-00_generation_stagger_growth_only-r10-0-aa033a74,42,40,40,128,0,True,5,False
llama1b,3072,12,23,generation,stagger,growth_gate,6865.440844555,diag00_a1_s23_llama1b_kv3072_cap12-00_generation_stagger_growth_only,growth_only,cmpl-diag00_a1_s23_llama1b_kv3072_cap12-00_generation_stagger_growth_only-r10-0-aa033a74,42,40,40,128,0,True,5,False
llama1b,3072,12,23,generation,stagger,growth_gate,6865.455395381,diag00_a1_s23_llama1b_kv3072_cap12-00_generation_stagger_growth_only,growth_only,cmpl-diag00_a1_s23_llama1b_kv3072_cap12-00_generation_stagger_growth_only-r10-0-aa033a74,42,40,40,128,0,True,5,False
llama1b,3072,12,23,generation,stagger,growth_gate,6865.467637895,diag00_a1_s23_llama1b_kv3072_cap12-00_generation_stagger_growth_only,growth_only,cmpl-diag00_a1_s23_llama1b_kv3072_cap12-00_generation_stagger_growth_only-r10-0-aa033a74,42,40,40,128,0,True,5,False
llama1b,3072,12,23,generation,stagger,growth_gate,6865.482694695,diag00_a1_s23_llama1b_kv3072_cap12-00_generation_stagger_growth_only,growth_only,cmpl-diag00_a1_s23_llama1b_kv3072_cap12-00_generation_stagger_growth_only-r10-0-aa033a74,42,40,40,128,0,True,5,False
llama1b,3072,12,23,generation,stagger,growth_gate,6865.496543798,diag00_a1_s23_llama1b_kv3072_cap12-00_generation_stagger_growth_only,growth_only,cmpl-diag00_a1_s23_llama1b_kv3072_cap12-00_generation_stagger_growth_only-r10-0-aa033a74,40,40,40,128,0,True,5,False
llama1b,3072,12,23,generation,stagger,growth_gate,6865.509820544,diag00_a1_s23_llama1b_kv3072_cap12-00_generation_stagger_growth_only,growth_only,cmpl-diag00_a1_s23_llama1b_kv3072_cap12-00_generation_stagger_growth_only-r10-0-aa033a74,39,40,40,128,0,True,5,False
llama1b,3072,12,23,generation,stagger,growth_gate,6865.523332445,diag00_a1_s23_llama1b_kv3072_cap12-00_generation_stagger_growth_only,growth_only,cmpl-diag00_a1_s23_llama1b_kv3072_cap12-00_generation_stagger_growth_only-r10-0-aa033a74,39,40,40,128,0,True,5,False
llama1b,3072,12,23,generation,stagger,growth_gate,6865.537345537,diag00_a1_s23_llama1b_kv3072_cap12-00_generation_stagger_growth_only,growth_only,cmpl-diag00_a1_s23_llama1b_kv3072_cap12-00_generation_stagger_growth_only-r10-0-aa033a74,39,40,40,128,0,True,5,False
llama1b,3072,12,23,generation,stagger,growth_gate,6865.550484526,diag00_a1_s23_llama1b_kv3072_cap12-00_generation_stagger_growth_only,growth_only,cmpl-diag00_a1_s23_llama1b_kv3072_cap12-00_generation_stagger_growth_only-r10-0-aa033a74,39,40,40,128,0,True,5,False
llama1b,3072,12,23,generation,stagger,growth_gate,6865.564120516,diag00_a1_s23_llama1b_kv3072_cap12-00_generation_stagger_growth_only,growth_only,cmpl-diag00_a1_s23_llama1b_kv3072_cap12-00_generation_stagger_growth_only-r10-0-aa033a74,39,40,40,128,0,True,5,False
llama1b,3072,12,23,generation,stagger,growth_gate,6865.577611897,diag00_a1_s23_llama1b_kv3072_cap12-00_generation_stagger_growth_only,growth_only,cmpl-diag00_a1_s23_llama1b_kv3072_cap12-00_generation_stagger_growth_only-r10-0-aa033a74,39,40,40,128,0,True,5,False
llama1b,3072,12,23,generation,stagger,growth_gate,6865.591411888,diag00_a1_s23_llama1b_kv3072_cap12-00_generation_stagger_growth_only,growth_only,cmpl-diag00_a1_s23_llama1b_kv3072_cap12-00_generation_stagger_growth_only-r10-0-aa033a74,39,40,40,128,0,True,5,False
llama1b,3072,12,23,generation,stagger,growth_gate,6865.610380908,diag00_a1_s23_llama1b_kv3072_cap12-00_generation_stagger_growth_only,growth_only,cmpl-diag00_a1_s23_llama1b_kv3072_cap12-00_generation_stagger_growth_only-r10-0-aa033a74,39,40,40,128,0,True,5,False
llama1b,3072,12,23,generation,stagger,growth_gate,6865.620606456,diag00_a1_s23_llama1b_kv3072_cap12-00_generation_stagger_growth_only,growth_only,cmpl-diag00_a1_s23_llama1b_kv3072_cap12-00_generation_stagger_growth_only-r10-0-aa033a74,87,24,40,128,0,False,3,False
llama1b,3072,12,23,generation,stagger,growth_gate,6865.741261057,diag00_a1_s23_llama1b_kv3072_cap12-00_generation_stagger_growth_only,growth_only,cmpl-diag00_a1_s23_llama1b_kv3072_cap12-00_generation_stagger_growth_only-r11-0-80c1d640,54,32,24,128,0,True,4,False
llama1b,3072,12,23,generation,stagger,growth_gate,6865.754864107,diag00_a1_s23_llama1b_kv3072_cap12-00_generation_stagger_growth_only,growth_only,cmpl-diag00_a1_s23_llama1b_kv3072_cap12-00_generation_stagger_growth_only-r11-0-80c1d640,54,32,24,128,0,True,4,False
llama1b,3072,12,23,generation,stagger,growth_gate,6865.769213568,diag00_a1_s23_llama1b_kv3072_cap12-00_generation_stagger_growth_only,growth_only,cmpl-diag00_a1_s23_llama1b_kv3072_cap12-00_generation_stagger_growth_only-r11-0-80c1d640,52,32,24,128,0,True,4,False
llama1b,3072,12,23,generation,stagger,growth_gate,6865.784499443,diag00_a1_s23_llama1b_kv3072_cap12-00_generation_stagger_growth_only,growth_only,cmpl-diag00_a1_s23_llama1b_kv3072_cap12-00_generation_stagger_growth_only-r11-0-80c1d640,51,32,24,128,0,True,4,False
llama1b,3072,12,23,generation,stagger,growth_gate,6865.798045888,diag00_a1_s23_llama1b_kv3072_cap12-00_generation_stagger_growth_only,growth_only,cmpl-diag00_a1_s23_llama1b_kv3072_cap12-00_generation_stagger_growth_only-r11-0-80c1d640,51,32,24,128,0,True,4,False
llama1b,3072,12,23,generation,stagger,growth_gate,6865.816686212,diag00_a1_s23_llama1b_kv3072_cap12-00_generation_stagger_growth_only,growth_only,cmpl-diag00_a1_s23_llama1b_kv3072_cap12-00_generation_stagger_growth_only-r11-0-80c1d640,51,32,24,128,0,True,4,False
llama1b,3072,12,23,generation,stagger,growth_gate,6865.827106733,diag00_a1_s23_llama1b_kv3072_cap12-00_generation_stagger_growth_only,growth_only,cmpl-diag00_a1_s23_llama1b_kv3072_cap12-00_generation_stagger_growth_only-r11-0-80c1d640,51,32,24,128,0,True,4,False
llama1b,3072,12,23,generation,stagger,growth_gate,6865.846015255,diag00_a1_s23_llama1b_kv3072_cap12-00_generation_stagger_growth_only,growth_only,cmpl-diag00_a1_s23_llama1b_kv3072_cap12-00_generation_stagger_growth_only-r11-0-80c1d640,51,32,24,128,0,True,4,False
llama1b,3072,12,23,generation,stagger,growth_gate,6865.862500305,diag00_a1_s23_llama1b_kv3072_cap12-00_generation_stagger_growth_only,growth_only,cmpl-diag00_a1_s23_llama1b_kv3072_cap12-00_generation_stagger_growth_only-r11-0-80c1d640,51,32,24,128,0,True,4,False
llama1b,3072,12,23,generation,stagger,growth_gate,6865.877473241,diag00_a1_s23_llama1b_kv3072_cap12-00_generation_stagger_growth_only,growth_only,cmpl-diag00_a1_s23_llama1b_kv3072_cap12-00_generation_stagger_growth_only-r11-0-80c1d640,51,32,24,128,0,True,4,False
llama1b,3072,12,23,generation,stagger,growth_gate,6865.892378368,diag00_a1_s23_llama1b_kv3072_cap12-00_generation_stagger_growth_only,growth_only,cmpl-diag00_a1_s23_llama1b_kv3072_cap12-00_generation_stagger_growth_only-r11-0-80c1d640,51,32,24,128,0,True,4,False
llama1b,3072,12,23,generation,stagger,growth_gate,6865.902822656,diag00_a1_s23_llama1b_kv3072_cap12-00_generation_stagger_growth_only,growth_only,cmpl-diag00_a1_s23_llama1b_kv3072_cap12-00_generation_stagger_growth_only-r11-0-80c1d640,51,32,24,128,0,True,4,False
llama1b,3072,12,23,generation,stagger,growth_gate,6865.915888393,diag00_a1_s23_llama1b_kv3072_cap12-00_generation_stagger_growth_only,growth_only,cmpl-diag00_a1_s23_llama1b_kv3072_cap12-00_generation_stagger_growth_only-r11-0-80c1d640,50,32,24,128,0,True,4,False
llama1b,3072,12,23,generation,stagger,growth_gate,6865.92944048,diag00_a1_s23_llama1b_kv3072_cap12-00_generation_stagger_growth_only,growth_only,cmpl-diag00_a1_s23_llama1b_kv3072_cap12-00_generation_stagger_growth_only-r11-0-80c1d640,50,32,24,128,0,True,4,False
llama1b,3072,12,23,generation,stagger,growth_gate,6865.943506007,diag00_a1_s23_llama1b_kv3072_cap12-00_generation_stagger_growth_only,growth_only,cmpl-diag00_a1_s23_llama1b_kv3072_cap12-00_generation_stagger_growth_only-r11-0-80c1d640,50,32,24,128,0,True,4,False
llama1b,3072,12,23,generation,stagger,growth_gate,6865.956812444,diag00_a1_s23_llama1b_kv3072_cap12-00_generation_stagger_growth_only,growth_only,cmpl-diag00_a1_s23_llama1b_kv3072_cap12-00_generation_stagger_growth_only-r11-0-80c1d640,50,32,24,128,0,True,4,False
llama1b,3072,12,23,generation,stagger,growth_gate,6865.970141449,diag00_a1_s23_llama1b_kv3072_cap12-00_generation_stagger_growth_only,growth_only,cmpl-diag00_a1_s23_llama1b_kv3072_cap12-00_generation_stagger_growth_only-r11-0-80c1d640,50,32,24,128,0,True,4,False
llama1b,3072,12,23,generation,stagger,growth_gate,6865.984404474,diag00_a1_s23_llama1b_kv3072_cap12-00_generation_stagger_growth_only,growth_only,cmpl-diag00_a1_s23_llama1b_kv3072_cap12-00_generation_stagger_growth_only-r11-0-80c1d640,50,32,24,128,0,True,4,False
llama1b,3072,12,23,generation,stagger,growth_gate,6865.997447629,diag00_a1_s23_llama1b_kv3072_cap12-00_generation_stagger_growth_only,growth_only,cmpl-diag00_a1_s23_llama1b_kv3072_cap12-00_generation_stagger_growth_only-r11-0-80c1d640,48,32,24,128,0,True,4,False
llama1b,3072,12,23,generation,stagger,growth_gate,6866.010809087,diag00_a1_s23_llama1b_kv3072_cap12-00_generation_stagger_growth_only,growth_only,cmpl-diag00_a1_s23_llama1b_kv3072_cap12-00_generation_stagger_growth_only-r11-0-80c1d640,47,32,24,128,0,True,4,False
llama1b,3072,12,23,generation,stagger,growth_gate,6866.024371925,diag00_a1_s23_llama1b_kv3072_cap12-00_generation_stagger_growth_only,growth_only,cmpl-diag00_a1_s23_llama1b_kv3072_cap12-00_generation_stagger_growth_only-r11-0-80c1d640,47,32,24,128,0,True,4,False
llama1b,3072,12,23,generation,stagger,growth_gate,6866.038043882,diag00_a1_s23_llama1b_kv3072_cap12-00_generation_stagger_growth_only,growth_only,cmpl-diag00_a1_s23_llama1b_kv3072_cap12-00_generation_stagger_growth_only-r11-0-80c1d640,47,32,24,128,0,True,4,False
llama1b,3072,12,23,generation,stagger,growth_gate,6866.052090565,diag00_a1_s23_llama1b_kv3072_cap12-00_generation_stagger_growth_only,growth_only,cmpl-diag00_a1_s23_llama1b_kv3072_cap12-00_generation_stagger_growth_only-r11-0-80c1d640,47,32,24,128,0,True,4,False
llama1b,3072,12,23,generation,stagger,growth_gate,6866.071944357,diag00_a1_s23_llama1b_kv3072_cap12-00_generation_stagger_growth_only,growth_only,cmpl-diag00_a1_s23_llama1b_kv3072_cap12-00_generation_stagger_growth_only-r11-0-80c1d640,47,32,24,128,0,True,4,False
llama1b,3072,12,23,generation,stagger,growth_gate,6866.091764259,diag00_a1_s23_llama1b_kv3072_cap12-00_generation_stagger_growth_only,growth_only,cmpl-diag00_a1_s23_llama1b_kv3072_cap12-00_generation_stagger_growth_only-r11-0-80c1d640,47,32,24,128,0,True,4,False
llama1b,3072,12,23,generation,stagger,growth_gate,6866.106757058,diag00_a1_s23_llama1b_kv3072_cap12-00_generation_stagger_growth_only,growth_only,cmpl-diag00_a1_s23_llama1b_kv3072_cap12-00_generation_stagger_growth_only-r11-0-80c1d640,47,32,24,128,0,True,4,False
llama1b,3072,12,23,generation,stagger,growth_gate,6866.122302616,diag00_a1_s23_llama1b_kv3072_cap12-00_generation_stagger_growth_only,growth_only,cmpl-diag00_a1_s23_llama1b_kv3072_cap12-00_generation_stagger_growth_only-r11-0-80c1d640,47,32,24,128,0,True,4,False
llama1b,3072,12,23,generation,stagger,growth_gate,6866.13711635,diag00_a1_s23_llama1b_kv3072_cap12-00_generation_stagger_growth_only,growth_only,cmpl-diag00_a1_s23_llama1b_kv3072_cap12-00_generation_stagger_growth_only-r11-0-80c1d640,47,32,24,128,0,True,4,False
llama1b,3072,12,23,generation,stagger,growth_gate,6866.147187153,diag00_a1_s23_llama1b_kv3072_cap12-00_generation_stagger_growth_only,growth_only,cmpl-diag00_a1_s23_llama1b_kv3072_cap12-00_generation_stagger_growth_only-r11-0-80c1d640,46,32,24,128,0,True,4,False
llama1b,3072,12,23,generation,stagger,growth_gate,6866.160883958,diag00_a1_s23_llama1b_kv3072_cap12-00_generation_stagger_growth_only,growth_only,cmpl-diag00_a1_s23_llama1b_kv3072_cap12-00_generation_stagger_growth_only-r11-0-80c1d640,46,32,24,128,0,True,4,False
llama1b,3072,12,23,generation,stagger,growth_gate,6866.173404695,diag00_a1_s23_llama1b_kv3072_cap12-00_generation_stagger_growth_only,growth_only,cmpl-diag00_a1_s23_llama1b_kv3072_cap12-00_generation_stagger_growth_only-r11-0-80c1d640,46,32,24,128,0,True,4,False
llama1b,3072,12,23,generation,stagger,growth_gate,6866.187136189,diag00_a1_s23_llama1b_kv3072_cap12-00_generation_stagger_growth_only,growth_only,cmpl-diag00_a1_s23_llama1b_kv3072_cap12-00_generation_stagger_growth_only-r11-0-80c1d640,46,32,24,128,0,True,4,False
llama1b,3072,12,23,generation,stagger,growth_gate,6866.206869195,diag00_a1_s23_llama1b_kv3072_cap12-00_generation_stagger_growth_only,growth_only,cmpl-diag00_a1_s23_llama1b_kv3072_cap12-00_generation_stagger_growth_only-r11-0-80c1d640,46,32,24,128,0,True,4,False
llama1b,3072,12,23,generation,stagger,growth_gate,6866.220282843,diag00_a1_s23_llama1b_kv3072_cap12-00_generation_stagger_growth_only,growth_only,cmpl-diag00_a1_s23_llama1b_kv3072_cap12-00_generation_stagger_growth_only-r11-0-80c1d640,46,32,24,128,0,True,4,False
llama1b,3072,12,23,generation,stagger,growth_gate,6866.236936065,diag00_a1_s23_llama1b_kv3072_cap12-00_generation_stagger_growth_only,growth_only,cmpl-diag00_a1_s23_llama1b_kv3072_cap12-00_generation_stagger_growth_only-r11-0-80c1d640,44,32,24,128,0,True,4,False
llama1b,3072,12,23,generation,stagger,growth_gate,6866.248620726,diag00_a1_s23_llama1b_kv3072_cap12-00_generation_stagger_growth_only,growth_only,cmpl-diag00_a1_s23_llama1b_kv3072_cap12-00_generation_stagger_growth_only-r11-0-80c1d640,43,32,24,128,0,True,4,False
llama1b,3072,12,23,generation,stagger,growth_gate,6866.262832396,diag00_a1_s23_llama1b_kv3072_cap12-00_generation_stagger_growth_only,growth_only,cmpl-diag00_a1_s23_llama1b_kv3072_cap12-00_generation_stagger_growth_only-r11-0-80c1d640,43,32,24,128,0,True,4,False
llama1b,3072,12,23,generation,stagger,growth_gate,6866.279861881,diag00_a1_s23_llama1b_kv3072_cap12-00_generation_stagger_growth_only,growth_only,cmpl-diag00_a1_s23_llama1b_kv3072_cap12-00_generation_stagger_growth_only-r11-0-80c1d640,43,32,24,128,0,True,4,False
llama1b,3072,12,23,generation,stagger,growth_gate,6866.294597846,diag00_a1_s23_llama1b_kv3072_cap12-00_generation_stagger_growth_only,growth_only,cmpl-diag00_a1_s23_llama1b_kv3072_cap12-00_generation_stagger_growth_only-r11-0-80c1d640,43,32,24,128,0,True,4,False
llama1b,3072,12,23,generation,stagger,growth_gate,6866.304676087,diag00_a1_s23_llama1b_kv3072_cap12-00_generation_stagger_growth_only,growth_only,cmpl-diag00_a1_s23_llama1b_kv3072_cap12-00_generation_stagger_growth_only-r11-0-80c1d640,43,32,24,128,0,True,4,False
llama1b,3072,12,23,generation,stagger,growth_gate,6866.318067897,diag00_a1_s23_llama1b_kv3072_cap12-00_generation_stagger_growth_only,growth_only,cmpl-diag00_a1_s23_llama1b_kv3072_cap12-00_generation_stagger_growth_only-r11-0-80c1d640,43,32,24,128,0,True,4,False
llama1b,3072,12,23,generation,stagger,growth_gate,6866.331457718,diag00_a1_s23_llama1b_kv3072_cap12-00_generation_stagger_growth_only,growth_only,cmpl-diag00_a1_s23_llama1b_kv3072_cap12-00_generation_stagger_growth_only-r11-0-80c1d640,43,32,24,128,0,True,4,False
llama1b,3072,12,23,generation,stagger,growth_gate,6866.349830529,diag00_a1_s23_llama1b_kv3072_cap12-00_generation_stagger_growth_only,growth_only,cmpl-diag00_a1_s23_llama1b_kv3072_cap12-00_generation_stagger_growth_only-r11-0-80c1d640,43,32,24,128,0,True,4,False
llama1b,3072,12,23,generation,stagger,growth_gate,6866.364858143,diag00_a1_s23_llama1b_kv3072_cap12-00_generation_stagger_growth_only,growth_only,cmpl-diag00_a1_s23_llama1b_kv3072_cap12-00_generation_stagger_growth_only-r11-0-80c1d640,43,32,24,128,0,True,4,False
llama1b,3072,12,23,generation,stagger,growth_gate,6866.379685206,diag00_a1_s23_llama1b_kv3072_cap12-00_generation_stagger_growth_only,growth_only,cmpl-diag00_a1_s23_llama1b_kv3072_cap12-00_generation_stagger_growth_only-r11-0-80c1d640,42,32,24,128,0,True,4,False
llama1b,3072,12,23,generation,stagger,growth_gate,6866.392541872,diag00_a1_s23_llama1b_kv3072_cap12-00_generation_stagger_growth_only,growth_only,cmpl-diag00_a1_s23_llama1b_kv3072_cap12-00_generation_stagger_growth_only-r11-0-80c1d640,42,32,24,128,0,True,4,False
llama1b,3072,12,23,generation,stagger,growth_gate,6866.405817194,diag00_a1_s23_llama1b_kv3072_cap12-00_generation_stagger_growth_only,growth_only,cmpl-diag00_a1_s23_llama1b_kv3072_cap12-00_generation_stagger_growth_only-r11-0-80c1d640,42,32,24,128,0,True,4,False
llama1b,3072,12,23,generation,stagger,growth_gate,6866.423970899,diag00_a1_s23_llama1b_kv3072_cap12-00_generation_stagger_growth_only,growth_only,cmpl-diag00_a1_s23_llama1b_kv3072_cap12-00_generation_stagger_growth_only-r11-0-80c1d640,42,32,24,128,0,True,4,False
llama1b,3072,12,23,generation,stagger,growth_gate,6866.433505171,diag00_a1_s23_llama1b_kv3072_cap12-00_generation_stagger_growth_only,growth_only,cmpl-diag00_a1_s23_llama1b_kv3072_cap12-00_generation_stagger_growth_only-r11-0-80c1d640,42,32,24,128,0,True,4,False
llama1b,3072,12,23,generation,stagger,growth_gate,6866.451542523,diag00_a1_s23_llama1b_kv3072_cap12-00_generation_stagger_growth_only,growth_only,cmpl-diag00_a1_s23_llama1b_kv3072_cap12-00_generation_stagger_growth_only-r11-0-80c1d640,42,32,24,128,0,True,4,False
llama1b,3072,12,23,generation,stagger,growth_gate,6866.465134298,diag00_a1_s23_llama1b_kv3072_cap12-00_generation_stagger_growth_only,growth_only,cmpl-diag00_a1_s23_llama1b_kv3072_cap12-00_generation_stagger_growth_only-r11-0-80c1d640,40,32,24,128,0,True,4,False
llama1b,3072,12,23,generation,stagger,growth_gate,6866.477456782,diag00_a1_s23_llama1b_kv3072_cap12-00_generation_stagger_growth_only,growth_only,cmpl-diag00_a1_s23_llama1b_kv3072_cap12-00_generation_stagger_growth_only-r11-0-80c1d640,39,32,24,128,0,True,4,False
llama1b,3072,12,23,generation,stagger,growth_gate,6866.491101513,diag00_a1_s23_llama1b_kv3072_cap12-00_generation_stagger_growth_only,growth_only,cmpl-diag00_a1_s23_llama1b_kv3072_cap12-00_generation_stagger_growth_only-r11-0-80c1d640,39,32,24,128,0,True,4,False
llama1b,3072,12,23,generation,stagger,growth_gate,6866.50451445,diag00_a1_s23_llama1b_kv3072_cap12-00_generation_stagger_growth_only,growth_only,cmpl-diag00_a1_s23_llama1b_kv3072_cap12-00_generation_stagger_growth_only-r11-0-80c1d640,39,32,24,128,0,True,4,False
llama1b,3072,12,23,generation,stagger,growth_gate,6866.518218416,diag00_a1_s23_llama1b_kv3072_cap12-00_generation_stagger_growth_only,growth_only,cmpl-diag00_a1_s23_llama1b_kv3072_cap12-00_generation_stagger_growth_only-r11-0-80c1d640,39,32,24,128,0,True,4,False
llama1b,3072,12,23,generation,stagger,growth_gate,6866.532283532,diag00_a1_s23_llama1b_kv3072_cap12-00_generation_stagger_growth_only,growth_only,cmpl-diag00_a1_s23_llama1b_kv3072_cap12-00_generation_stagger_growth_only-r11-0-80c1d640,39,32,24,128,0,True,4,False
llama1b,3072,12,23,generation,stagger,growth_gate,6866.545697859,diag00_a1_s23_llama1b_kv3072_cap12-00_generation_stagger_growth_only,growth_only,cmpl-diag00_a1_s23_llama1b_kv3072_cap12-00_generation_stagger_growth_only-r11-0-80c1d640,39,32,24,128,0,True,4,False
llama1b,3072,12,23,generation,stagger,growth_gate,6866.558520087,diag00_a1_s23_llama1b_kv3072_cap12-00_generation_stagger_growth_only,growth_only,cmpl-diag00_a1_s23_llama1b_kv3072_cap12-00_generation_stagger_growth_only-r11-0-80c1d640,39,32,24,128,0,True,4,False
llama1b,3072,12,23,generation,stagger,growth_gate,6866.57178456,diag00_a1_s23_llama1b_kv3072_cap12-00_generation_stagger_growth_only,growth_only,cmpl-diag00_a1_s23_llama1b_kv3072_cap12-00_generation_stagger_growth_only-r11-0-80c1d640,39,32,24,128,0,True,4,False
llama1b,3072,12,23,generation,stagger,growth_gate,6866.590894934,diag00_a1_s23_llama1b_kv3072_cap12-00_generation_stagger_growth_only,growth_only,cmpl-diag00_a1_s23_llama1b_kv3072_cap12-00_generation_stagger_growth_only-r11-0-80c1d640,39,32,24,128,0,True,4,False
llama1b,3072,12,23,generation,stagger,growth_gate,6866.604374096,diag00_a1_s23_llama1b_kv3072_cap12-00_generation_stagger_growth_only,growth_only,cmpl-diag00_a1_s23_llama1b_kv3072_cap12-00_generation_stagger_growth_only-r11-0-80c1d640,38,32,24,128,0,True,4,False
llama1b,3072,12,23,generation,stagger,growth_gate,6866.616488393,diag00_a1_s23_llama1b_kv3072_cap12-00_generation_stagger_growth_only,growth_only,cmpl-diag00_a1_s23_llama1b_kv3072_cap12-00_generation_stagger_growth_only-r11-0-80c1d640,38,32,24,128,0,True,4,False
llama1b,3072,12,23,generation,stagger,growth_gate,6866.62961411,diag00_a1_s23_llama1b_kv3072_cap12-00_generation_stagger_growth_only,growth_only,cmpl-diag00_a1_s23_llama1b_kv3072_cap12-00_generation_stagger_growth_only-r11-0-80c1d640,38,32,24,128,0,True,4,False
llama1b,3072,12,23,generation,stagger,growth_gate,6866.64350319,diag00_a1_s23_llama1b_kv3072_cap12-00_generation_stagger_growth_only,growth_only,cmpl-diag00_a1_s23_llama1b_kv3072_cap12-00_generation_stagger_growth_only-r11-0-80c1d640,38,32,24,128,0,True,4,False
llama1b,3072,12,23,generation,stagger,growth_gate,6866.660552651,diag00_a1_s23_llama1b_kv3072_cap12-00_generation_stagger_growth_only,growth_only,cmpl-diag00_a1_s23_llama1b_kv3072_cap12-00_generation_stagger_growth_only-r11-0-80c1d640,38,32,24,128,0,True,4,False
llama1b,3072,12,23,generation,stagger,growth_gate,6866.677182159,diag00_a1_s23_llama1b_kv3072_cap12-00_generation_stagger_growth_only,growth_only,cmpl-diag00_a1_s23_llama1b_kv3072_cap12-00_generation_stagger_growth_only-r11-0-80c1d640,38,32,24,128,0,True,4,False
llama1b,3072,12,23,generation,stagger,growth_gate,6866.69222247,diag00_a1_s23_llama1b_kv3072_cap12-00_generation_stagger_growth_only,growth_only,cmpl-diag00_a1_s23_llama1b_kv3072_cap12-00_generation_stagger_growth_only-r11-0-80c1d640,36,32,24,128,0,True,4,False
llama1b,3072,12,23,generation,stagger,growth_gate,6866.707539789,diag00_a1_s23_llama1b_kv3072_cap12-00_generation_stagger_growth_only,growth_only,cmpl-diag00_a1_s23_llama1b_kv3072_cap12-00_generation_stagger_growth_only-r11-0-80c1d640,35,32,24,128,0,True,4,False
llama1b,3072,12,23,generation,stagger,growth_gate,6866.723140289,diag00_a1_s23_llama1b_kv3072_cap12-00_generation_stagger_growth_only,growth_only,cmpl-diag00_a1_s23_llama1b_kv3072_cap12-00_generation_stagger_growth_only-r11-0-80c1d640,35,32,24,128,0,True,4,False
llama1b,3072,12,23,generation,stagger,growth_gate,6866.737723172,diag00_a1_s23_llama1b_kv3072_cap12-00_generation_stagger_growth_only,growth_only,cmpl-diag00_a1_s23_llama1b_kv3072_cap12-00_generation_stagger_growth_only-r11-0-80c1d640,35,32,24,128,0,True,4,False
llama1b,3072,12,23,generation,stagger,growth_gate,6866.752445222,diag00_a1_s23_llama1b_kv3072_cap12-00_generation_stagger_growth_only,growth_only,cmpl-diag00_a1_s23_llama1b_kv3072_cap12-00_generation_stagger_growth_only-r11-0-80c1d640,35,32,24,128,0,True,4,False
llama1b,3072,12,23,generation,stagger,growth_gate,6866.765620945,diag00_a1_s23_llama1b_kv3072_cap12-00_generation_stagger_growth_only,growth_only,cmpl-diag00_a1_s23_llama1b_kv3072_cap12-00_generation_stagger_growth_only-r11-0-80c1d640,35,32,24,128,0,True,4,False
llama1b,3072,12,23,generation,stagger,growth_gate,6866.777307252,diag00_a1_s23_llama1b_kv3072_cap12-00_generation_stagger_growth_only,growth_only,cmpl-diag00_a1_s23_llama1b_kv3072_cap12-00_generation_stagger_growth_only-r11-0-80c1d640,35,32,24,128,0,True,4,False
llama1b,3072,12,23,generation,stagger,growth_gate,6866.791281606,diag00_a1_s23_llama1b_kv3072_cap12-00_generation_stagger_growth_only,growth_only,cmpl-diag00_a1_s23_llama1b_kv3072_cap12-00_generation_stagger_growth_only-r11-0-80c1d640,35,32,24,128,0,True,4,False
llama1b,3072,12,23,generation,stagger,growth_gate,6866.805572886,diag00_a1_s23_llama1b_kv3072_cap12-00_generation_stagger_growth_only,growth_only,cmpl-diag00_a1_s23_llama1b_kv3072_cap12-00_generation_stagger_growth_only-r11-0-80c1d640,35,32,24,128,0,True,4,False
llama1b,3072,12,23,generation,stagger,growth_gate,6866.817955179,diag00_a1_s23_llama1b_kv3072_cap12-00_generation_stagger_growth_only,growth_only,cmpl-diag00_a1_s23_llama1b_kv3072_cap12-00_generation_stagger_growth_only-r11-0-80c1d640,35,32,24,128,0,True,4,False
llama1b,3072,12,23,generation,stagger,growth_gate,6866.83225182,diag00_a1_s23_llama1b_kv3072_cap12-00_generation_stagger_growth_only,growth_only,cmpl-diag00_a1_s23_llama1b_kv3072_cap12-00_generation_stagger_growth_only-r11-0-80c1d640,34,32,24,128,0,True,4,False
llama1b,3072,12,23,generation,stagger,growth_gate,6866.848218697,diag00_a1_s23_llama1b_kv3072_cap12-00_generation_stagger_growth_only,growth_only,cmpl-diag00_a1_s23_llama1b_kv3072_cap12-00_generation_stagger_growth_only-r11-0-80c1d640,34,32,24,128,0,True,4,False
llama1b,3072,12,23,generation,stagger,growth_gate,6866.861546307,diag00_a1_s23_llama1b_kv3072_cap12-00_generation_stagger_growth_only,growth_only,cmpl-diag00_a1_s23_llama1b_kv3072_cap12-00_generation_stagger_growth_only-r11-0-80c1d640,34,32,24,128,0,True,4,False
llama1b,3072,12,23,generation,stagger,growth_gate,6866.878467123,diag00_a1_s23_llama1b_kv3072_cap12-00_generation_stagger_growth_only,growth_only,cmpl-diag00_a1_s23_llama1b_kv3072_cap12-00_generation_stagger_growth_only-r11-0-80c1d640,34,32,24,128,0,True,4,False
llama1b,3072,12,23,generation,stagger,growth_gate,6866.888109933,diag00_a1_s23_llama1b_kv3072_cap12-00_generation_stagger_growth_only,growth_only,cmpl-diag00_a1_s23_llama1b_kv3072_cap12-00_generation_stagger_growth_only-r11-0-80c1d640,34,32,24,128,0,True,4,False
llama1b,3072,12,23,generation,stagger,growth_gate,6866.904860737,diag00_a1_s23_llama1b_kv3072_cap12-00_generation_stagger_growth_only,growth_only,cmpl-diag00_a1_s23_llama1b_kv3072_cap12-00_generation_stagger_growth_only-r11-0-80c1d640,34,32,24,128,0,True,4,False
llama1b,3072,12,23,generation,stagger,growth_gate,6866.919660596,diag00_a1_s23_llama1b_kv3072_cap12-00_generation_stagger_growth_only,growth_only,cmpl-diag00_a1_s23_llama1b_kv3072_cap12-00_generation_stagger_growth_only-r11-0-80c1d640,32,32,24,128,0,True,4,False
llama1b,3072,12,23,generation,stagger,growth_gate,6866.929722173,diag00_a1_s23_llama1b_kv3072_cap12-00_generation_stagger_growth_only,growth_only,cmpl-diag00_a1_s23_llama1b_kv3072_cap12-00_generation_stagger_growth_only-r11-0-80c1d640,31,32,24,128,0,True,4,False
llama1b,3072,12,23,generation,stagger,growth_gate,6866.948124967,diag00_a1_s23_llama1b_kv3072_cap12-00_generation_stagger_growth_only,growth_only,cmpl-diag00_a1_s23_llama1b_kv3072_cap12-00_generation_stagger_growth_only-r11-0-80c1d640,31,32,24,128,0,True,4,False
llama1b,3072,12,23,generation,stagger,growth_gate,6866.961561339,diag00_a1_s23_llama1b_kv3072_cap12-00_generation_stagger_growth_only,growth_only,cmpl-diag00_a1_s23_llama1b_kv3072_cap12-00_generation_stagger_growth_only-r11-0-80c1d640,31,32,24,128,0,True,4,False
llama1b,3072,12,23,generation,stagger,growth_gate,6866.975451463,diag00_a1_s23_llama1b_kv3072_cap12-00_generation_stagger_growth_only,growth_only,cmpl-diag00_a1_s23_llama1b_kv3072_cap12-00_generation_stagger_growth_only-r11-0-80c1d640,31,32,24,128,0,True,4,False
llama1b,3072,12,23,generation,stagger,growth_gate,6866.993630086,diag00_a1_s23_llama1b_kv3072_cap12-00_generation_stagger_growth_only,growth_only,cmpl-diag00_a1_s23_llama1b_kv3072_cap12-00_generation_stagger_growth_only-r11-0-80c1d640,31,32,24,128,0,True,4,False
llama1b,3072,12,23,generation,stagger,growth_gate,6867.009045474,diag00_a1_s23_llama1b_kv3072_cap12-00_generation_stagger_growth_only,growth_only,cmpl-diag00_a1_s23_llama1b_kv3072_cap12-00_generation_stagger_growth_only-r11-0-80c1d640,31,32,24,128,0,True,4,False
llama1b,3072,12,23,generation,stagger,growth_gate,6867.020824113,diag00_a1_s23_llama1b_kv3072_cap12-00_generation_stagger_growth_only,growth_only,cmpl-diag00_a1_s23_llama1b_kv3072_cap12-00_generation_stagger_growth_only-r11-0-80c1d640,31,32,24,128,0,True,4,False
llama1b,3072,12,23,generation,stagger,growth_gate,6867.03335649,diag00_a1_s23_llama1b_kv3072_cap12-00_generation_stagger_growth_only,growth_only,cmpl-diag00_a1_s23_llama1b_kv3072_cap12-00_generation_stagger_growth_only-r11-0-80c1d640,31,32,24,128,0,True,4,False
llama1b,3072,12,23,generation,stagger,growth_gate,6867.046885766,diag00_a1_s23_llama1b_kv3072_cap12-00_generation_stagger_growth_only,growth_only,cmpl-diag00_a1_s23_llama1b_kv3072_cap12-00_generation_stagger_growth_only-r11-0-80c1d640,31,32,24,128,0,True,4,False
llama1b,3072,12,23,generation,stagger,growth_gate,6867.061038908,diag00_a1_s23_llama1b_kv3072_cap12-00_generation_stagger_growth_only,growth_only,cmpl-diag00_a1_s23_llama1b_kv3072_cap12-00_generation_stagger_growth_only-r11-0-80c1d640,30,32,24,128,0,True,4,False
llama1b,3072,12,23,generation,stagger,growth_gate,6867.078477952,diag00_a1_s23_llama1b_kv3072_cap12-00_generation_stagger_growth_only,growth_only,cmpl-diag00_a1_s23_llama1b_kv3072_cap12-00_generation_stagger_growth_only-r11-0-80c1d640,30,32,24,128,0,True,4,False
llama1b,3072,12,23,generation,stagger,growth_gate,6867.092987348,diag00_a1_s23_llama1b_kv3072_cap12-00_generation_stagger_growth_only,growth_only,cmpl-diag00_a1_s23_llama1b_kv3072_cap12-00_generation_stagger_growth_only-r11-0-80c1d640,30,32,24,128,0,True,4,False
llama1b,3072,12,23,generation,stagger,growth_gate,6867.10554926,diag00_a1_s23_llama1b_kv3072_cap12-00_generation_stagger_growth_only,growth_only,cmpl-diag00_a1_s23_llama1b_kv3072_cap12-00_generation_stagger_growth_only-r11-0-80c1d640,30,32,24,128,0,True,4,False
llama1b,3072,12,23,generation,stagger,growth_gate,6867.117864479,diag00_a1_s23_llama1b_kv3072_cap12-00_generation_stagger_growth_only,growth_only,cmpl-diag00_a1_s23_llama1b_kv3072_cap12-00_generation_stagger_growth_only-r11-0-80c1d640,30,32,24,128,0,True,4,False
llama1b,3072,12,23,generation,stagger,growth_gate,6867.131322463,diag00_a1_s23_llama1b_kv3072_cap12-00_generation_stagger_growth_only,growth_only,cmpl-diag00_a1_s23_llama1b_kv3072_cap12-00_generation_stagger_growth_only-r11-0-80c1d640,30,32,24,128,0,True,4,False
llama1b,3072,12,23,generation,stagger,growth_gate,6867.145098333,diag00_a1_s23_llama1b_kv3072_cap12-00_generation_stagger_growth_only,growth_only,cmpl-diag00_a1_s23_llama1b_kv3072_cap12-00_generation_stagger_growth_only-r11-0-80c1d640,28,32,24,128,0,True,4,False
llama1b,3072,12,23,generation,stagger,growth_gate,6867.159022522,diag00_a1_s23_llama1b_kv3072_cap12-00_generation_stagger_growth_only,growth_only,cmpl-diag00_a1_s23_llama1b_kv3072_cap12-00_generation_stagger_growth_only-r11-0-80c1d640,84,24,24,128,0,False,3,False
llama1b,3072,12,23,long,burst,growth_gate,6876.759930703,diag00_a1_s23_llama1b_kv3072_cap12-01_long_burst_guard_relaxed,guard_relaxed,cmpl-diag00_a1_s23_llama1b_kv3072_cap12-01_long_burst_guard_relaxed-r0-0-84b70fe8,191,0,24,128,0,False,0,True
llama1b,3072,12,23,long,burst,growth_gate,6876.819422468,diag00_a1_s23_llama1b_kv3072_cap12-01_long_burst_guard_relaxed,guard_relaxed,cmpl-diag00_a1_s23_llama1b_kv3072_cap12-01_long_burst_guard_relaxed-r1-0-8dc46a1d,174,8,24,128,0,False,1,False
llama1b,3072,12,23,long,burst,growth_gate,6876.870149542,diag00_a1_s23_llama1b_kv3072_cap12-01_long_burst_guard_relaxed,guard_relaxed,cmpl-diag00_a1_s23_llama1b_kv3072_cap12-01_long_burst_guard_relaxed-r2-0-a541bd37,157,16,16,128,0,False,2,False
llama1b,3072,12,23,long,burst,growth_gate,6876.909900866,diag00_a1_s23_llama1b_kv3072_cap12-01_long_burst_guard_relaxed,guard_relaxed,cmpl-diag00_a1_s23_llama1b_kv3072_cap12-01_long_burst_guard_relaxed-r3-0-8fd8d5ac,148,24,40,128,0,False,3,False
llama1b,3072,12,23,long,burst,growth_gate,6876.987108889,diag00_a1_s23_llama1b_kv3072_cap12-01_long_burst_guard_relaxed,guard_relaxed,cmpl-diag00_a1_s23_llama1b_kv3072_cap12-01_long_burst_guard_relaxed-r4-0-bb902d2f,115,32,16,128,0,False,4,False
llama1b,3072,12,23,long,burst,growth_gate,6877.019533633,diag00_a1_s23_llama1b_kv3072_cap12-01_long_burst_guard_relaxed,guard_relaxed,cmpl-diag00_a1_s23_llama1b_kv3072_cap12-01_long_burst_guard_relaxed-r5-0-a3de331a,106,40,16,128,0,False,5,False
llama1b,3072,12,23,long,burst,growth_gate,6877.062389765,diag00_a1_s23_llama1b_kv3072_cap12-01_long_burst_guard_relaxed,guard_relaxed,cmpl-diag00_a1_s23_llama1b_kv3072_cap12-01_long_burst_guard_relaxed-r6-0-8a52e307,97,48,24,128,0,False,6,False
llama1b,3072,12,23,long,burst,growth_gate,6877.115077049,diag00_a1_s23_llama1b_kv3072_cap12-01_long_burst_guard_relaxed,guard_relaxed,cmpl-diag00_a1_s23_llama1b_kv3072_cap12-01_long_burst_guard_relaxed-r7-0-bedb4c88,80,56,40,128,0,True,7,False
llama1b,3072,12,23,long,burst,growth_gate,6877.126525311,diag00_a1_s23_llama1b_kv3072_cap12-01_long_burst_guard_relaxed,guard_relaxed,cmpl-diag00_a1_s23_llama1b_kv3072_cap12-01_long_burst_guard_relaxed-r7-0-bedb4c88,80,56,40,128,0,True,7,False
llama1b,3072,12,23,long,burst,growth_gate,6877.144784812,diag00_a1_s23_llama1b_kv3072_cap12-01_long_burst_guard_relaxed,guard_relaxed,cmpl-diag00_a1_s23_llama1b_kv3072_cap12-01_long_burst_guard_relaxed-r7-0-bedb4c88,79,56,40,128,0,True,7,False
llama1b,3072,12,23,long,burst,growth_gate,6877.158166329,diag00_a1_s23_llama1b_kv3072_cap12-01_long_burst_guard_relaxed,guard_relaxed,cmpl-diag00_a1_s23_llama1b_kv3072_cap12-01_long_burst_guard_relaxed-r7-0-bedb4c88,79,56,40,128,0,True,7,False
llama1b,3072,12,23,long,burst,growth_gate,6877.172210134,diag00_a1_s23_llama1b_kv3072_cap12-01_long_burst_guard_relaxed,guard_relaxed,cmpl-diag00_a1_s23_llama1b_kv3072_cap12-01_long_burst_guard_relaxed-r7-0-bedb4c88,79,56,40,128,0,True,7,False
llama1b,3072,12,23,long,burst,growth_gate,6877.189388073,diag00_a1_s23_llama1b_kv3072_cap12-01_long_burst_guard_relaxed,guard_relaxed,cmpl-diag00_a1_s23_llama1b_kv3072_cap12-01_long_burst_guard_relaxed-r7-0-bedb4c88,78,56,40,128,0,True,7,False
llama1b,3072,12,23,long,burst,growth_gate,6877.199462422,diag00_a1_s23_llama1b_kv3072_cap12-01_long_burst_guard_relaxed,guard_relaxed,cmpl-diag00_a1_s23_llama1b_kv3072_cap12-01_long_burst_guard_relaxed-r7-0-bedb4c88,78,56,40,128,0,True,7,False
llama1b,3072,12,23,long,burst,growth_gate,6877.219111065,diag00_a1_s23_llama1b_kv3072_cap12-01_long_burst_guard_relaxed,guard_relaxed,cmpl-diag00_a1_s23_llama1b_kv3072_cap12-01_long_burst_guard_relaxed-r7-0-bedb4c88,77,56,40,128,0,True,7,False
llama1b,3072,12,23,long,burst,growth_gate,6877.230402073,diag00_a1_s23_llama1b_kv3072_cap12-01_long_burst_guard_relaxed,guard_relaxed,cmpl-diag00_a1_s23_llama1b_kv3072_cap12-01_long_burst_guard_relaxed-r7-0-bedb4c88,77,56,40,128,0,True,7,False
llama1b,3072,12,23,long,burst,growth_gate,6877.243485828,diag00_a1_s23_llama1b_kv3072_cap12-01_long_burst_guard_relaxed,guard_relaxed,cmpl-diag00_a1_s23_llama1b_kv3072_cap12-01_long_burst_guard_relaxed-r7-0-bedb4c88,76,56,40,128,0,True,7,False
llama1b,3072,12,23,long,burst,growth_gate,6877.257515667,diag00_a1_s23_llama1b_kv3072_cap12-01_long_burst_guard_relaxed,guard_relaxed,cmpl-diag00_a1_s23_llama1b_kv3072_cap12-01_long_burst_guard_relaxed-r7-0-bedb4c88,76,56,40,128,0,True,7,False
llama1b,3072,12,23,long,burst,growth_gate,6877.275732635,diag00_a1_s23_llama1b_kv3072_cap12-01_long_burst_guard_relaxed,guard_relaxed,cmpl-diag00_a1_s23_llama1b_kv3072_cap12-01_long_burst_guard_relaxed-r7-0-bedb4c88,75,56,40,128,0,True,7,False
llama1b,3072,12,23,long,burst,growth_gate,6877.290888525,diag00_a1_s23_llama1b_kv3072_cap12-01_long_burst_guard_relaxed,guard_relaxed,cmpl-diag00_a1_s23_llama1b_kv3072_cap12-01_long_burst_guard_relaxed-r7-0-bedb4c88,75,56,40,128,0,True,7,False
llama1b,3072,12,23,long,burst,growth_gate,6877.305666388,diag00_a1_s23_llama1b_kv3072_cap12-01_long_burst_guard_relaxed,guard_relaxed,cmpl-diag00_a1_s23_llama1b_kv3072_cap12-01_long_burst_guard_relaxed-r7-0-bedb4c88,74,56,40,128,0,True,7,False
llama1b,3072,12,23,long,burst,growth_gate,6877.320677115,diag00_a1_s23_llama1b_kv3072_cap12-01_long_burst_guard_relaxed,guard_relaxed,cmpl-diag00_a1_s23_llama1b_kv3072_cap12-01_long_burst_guard_relaxed-r7-0-bedb4c88,74,56,40,128,0,True,7,False
llama1b,3072,12,23,long,burst,growth_gate,6877.335351158,diag00_a1_s23_llama1b_kv3072_cap12-01_long_burst_guard_relaxed,guard_relaxed,cmpl-diag00_a1_s23_llama1b_kv3072_cap12-01_long_burst_guard_relaxed-r7-0-bedb4c88,73,56,40,128,0,True,7,False
llama1b,3072,12,23,long,burst,growth_gate,6877.349802179,diag00_a1_s23_llama1b_kv3072_cap12-01_long_burst_guard_relaxed,guard_relaxed,cmpl-diag00_a1_s23_llama1b_kv3072_cap12-01_long_burst_guard_relaxed-r7-0-bedb4c88,73,56,40,128,0,True,7,False
llama1b,3072,12,23,long,burst,growth_gate,6877.365455841,diag00_a1_s23_llama1b_kv3072_cap12-01_long_burst_guard_relaxed,guard_relaxed,cmpl-diag00_a1_s23_llama1b_kv3072_cap12-01_long_burst_guard_relaxed-r7-0-bedb4c88,73,56,40,128,0,True,7,False
llama1b,3072,12,23,long,burst,growth_gate,6877.379182819,diag00_a1_s23_llama1b_kv3072_cap12-01_long_burst_guard_relaxed,guard_relaxed,cmpl-diag00_a1_s23_llama1b_kv3072_cap12-01_long_burst_guard_relaxed-r7-0-bedb4c88,72,56,40,128,0,True,7,False
llama1b,3072,12,23,long,burst,growth_gate,6877.39419951,diag00_a1_s23_llama1b_kv3072_cap12-01_long_burst_guard_relaxed,guard_relaxed,cmpl-diag00_a1_s23_llama1b_kv3072_cap12-01_long_burst_guard_relaxed-r7-0-bedb4c88,72,56,40,128,0,True,7,False
llama1b,3072,12,23,long,burst,growth_gate,6877.404745557,diag00_a1_s23_llama1b_kv3072_cap12-01_long_burst_guard_relaxed,guard_relaxed,cmpl-diag00_a1_s23_llama1b_kv3072_cap12-01_long_burst_guard_relaxed-r7-0-bedb4c88,72,56,40,128,0,True,7,False
llama1b,3072,12,23,long,burst,growth_gate,6877.423654087,diag00_a1_s23_llama1b_kv3072_cap12-01_long_burst_guard_relaxed,guard_relaxed,cmpl-diag00_a1_s23_llama1b_kv3072_cap12-01_long_burst_guard_relaxed-r7-0-bedb4c88,71,56,40,128,0,True,7,False
llama1b,3072,12,23,long,burst,growth_gate,6877.436863557,diag00_a1_s23_llama1b_kv3072_cap12-01_long_burst_guard_relaxed,guard_relaxed,cmpl-diag00_a1_s23_llama1b_kv3072_cap12-01_long_burst_guard_relaxed-r7-0-bedb4c88,71,56,40,128,0,True,7,False
llama1b,3072,12,23,long,burst,growth_gate,6877.451119913,diag00_a1_s23_llama1b_kv3072_cap12-01_long_burst_guard_relaxed,guard_relaxed,cmpl-diag00_a1_s23_llama1b_kv3072_cap12-01_long_burst_guard_relaxed-r7-0-bedb4c88,70,56,40,128,0,True,7,False
llama1b,3072,12,23,long,burst,growth_gate,6877.46894689,diag00_a1_s23_llama1b_kv3072_cap12-01_long_burst_guard_relaxed,guard_relaxed,cmpl-diag00_a1_s23_llama1b_kv3072_cap12-01_long_burst_guard_relaxed-r7-0-bedb4c88,70,56,40,128,0,True,7,False
llama1b,3072,12,23,long,burst,growth_gate,6877.481993076,diag00_a1_s23_llama1b_kv3072_cap12-01_long_burst_guard_relaxed,guard_relaxed,cmpl-diag00_a1_s23_llama1b_kv3072_cap12-01_long_burst_guard_relaxed-r7-0-bedb4c88,69,56,40,128,0,True,7,False
llama1b,3072,12,23,long,burst,growth_gate,6877.497980029,diag00_a1_s23_llama1b_kv3072_cap12-01_long_burst_guard_relaxed,guard_relaxed,cmpl-diag00_a1_s23_llama1b_kv3072_cap12-01_long_burst_guard_relaxed-r7-0-bedb4c88,69,56,40,128,0,True,7,False
llama1b,3072,12,23,long,burst,growth_gate,6877.508474549,diag00_a1_s23_llama1b_kv3072_cap12-01_long_burst_guard_relaxed,guard_relaxed,cmpl-diag00_a1_s23_llama1b_kv3072_cap12-01_long_burst_guard_relaxed-r7-0-bedb4c88,68,56,40,128,0,True,7,False
llama1b,3072,12,23,long,burst,growth_gate,6877.52168616,diag00_a1_s23_llama1b_kv3072_cap12-01_long_burst_guard_relaxed,guard_relaxed,cmpl-diag00_a1_s23_llama1b_kv3072_cap12-01_long_burst_guard_relaxed-r7-0-bedb4c88,68,56,40,128,0,True,7,False
llama1b,3072,12,23,long,burst,growth_gate,6877.539968628,diag00_a1_s23_llama1b_kv3072_cap12-01_long_burst_guard_relaxed,guard_relaxed,cmpl-diag00_a1_s23_llama1b_kv3072_cap12-01_long_burst_guard_relaxed-r7-0-bedb4c88,67,56,40,128,0,True,7,False
llama1b,3072,12,23,long,burst,growth_gate,6877.55434156,diag00_a1_s23_llama1b_kv3072_cap12-01_long_burst_guard_relaxed,guard_relaxed,cmpl-diag00_a1_s23_llama1b_kv3072_cap12-01_long_burst_guard_relaxed-r7-0-bedb4c88,67,56,40,128,0,True,7,False
llama1b,3072,12,23,long,burst,growth_gate,6877.564222196,diag00_a1_s23_llama1b_kv3072_cap12-01_long_burst_guard_relaxed,guard_relaxed,cmpl-diag00_a1_s23_llama1b_kv3072_cap12-01_long_burst_guard_relaxed-r7-0-bedb4c88,66,56,40,128,0,True,7,False
llama1b,3072,12,23,long,burst,growth_gate,6877.583271167,diag00_a1_s23_llama1b_kv3072_cap12-01_long_burst_guard_relaxed,guard_relaxed,cmpl-diag00_a1_s23_llama1b_kv3072_cap12-01_long_burst_guard_relaxed-r7-0-bedb4c88,66,56,40,128,0,True,7,False
llama1b,3072,12,23,long,burst,growth_gate,6877.597272874,diag00_a1_s23_llama1b_kv3072_cap12-01_long_burst_guard_relaxed,guard_relaxed,cmpl-diag00_a1_s23_llama1b_kv3072_cap12-01_long_burst_guard_relaxed-r7-0-bedb4c88,66,56,40,128,0,True,7,False
llama1b,3072,12,23,long,burst,growth_gate,6877.610923397,diag00_a1_s23_llama1b_kv3072_cap12-01_long_burst_guard_relaxed,guard_relaxed,cmpl-diag00_a1_s23_llama1b_kv3072_cap12-01_long_burst_guard_relaxed-r7-0-bedb4c88,65,56,40,128,0,True,7,False
llama1b,3072,12,23,long,burst,growth_gate,6877.627096404,diag00_a1_s23_llama1b_kv3072_cap12-01_long_burst_guard_relaxed,guard_relaxed,cmpl-diag00_a1_s23_llama1b_kv3072_cap12-01_long_burst_guard_relaxed-r7-0-bedb4c88,65,56,40,128,0,True,7,False
llama1b,3072,12,23,long,burst,growth_gate,6877.642197895,diag00_a1_s23_llama1b_kv3072_cap12-01_long_burst_guard_relaxed,guard_relaxed,cmpl-diag00_a1_s23_llama1b_kv3072_cap12-01_long_burst_guard_relaxed-r7-0-bedb4c88,65,56,40,128,0,True,7,False
llama1b,3072,12,23,long,burst,growth_gate,6877.656663331,diag00_a1_s23_llama1b_kv3072_cap12-01_long_burst_guard_relaxed,guard_relaxed,cmpl-diag00_a1_s23_llama1b_kv3072_cap12-01_long_burst_guard_relaxed-r7-0-bedb4c88,64,56,40,128,0,True,7,False
llama1b,3072,12,23,long,burst,growth_gate,6877.672825469,diag00_a1_s23_llama1b_kv3072_cap12-01_long_burst_guard_relaxed,guard_relaxed,cmpl-diag00_a1_s23_llama1b_kv3072_cap12-01_long_burst_guard_relaxed-r7-0-bedb4c88,64,56,40,128,0,True,7,False
llama1b,3072,12,23,long,burst,growth_gate,6877.687295603,diag00_a1_s23_llama1b_kv3072_cap12-01_long_burst_guard_relaxed,guard_relaxed,cmpl-diag00_a1_s23_llama1b_kv3072_cap12-01_long_burst_guard_relaxed-r7-0-bedb4c88,63,56,40,128,0,True,7,False
llama1b,3072,12,23,long,burst,growth_gate,6877.699750344,diag00_a1_s23_llama1b_kv3072_cap12-01_long_burst_guard_relaxed,guard_relaxed,cmpl-diag00_a1_s23_llama1b_kv3072_cap12-01_long_burst_guard_relaxed-r7-0-bedb4c88,63,56,40,128,0,True,7,False
llama1b,3072,12,23,long,burst,growth_gate,6877.715815512,diag00_a1_s23_llama1b_kv3072_cap12-01_long_burst_guard_relaxed,guard_relaxed,cmpl-diag00_a1_s23_llama1b_kv3072_cap12-01_long_burst_guard_relaxed-r7-0-bedb4c88,62,56,40,128,0,True,7,False
llama1b,3072,12,23,long,burst,growth_gate,6877.730769527,diag00_a1_s23_llama1b_kv3072_cap12-01_long_burst_guard_relaxed,guard_relaxed,cmpl-diag00_a1_s23_llama1b_kv3072_cap12-01_long_burst_guard_relaxed-r7-0-bedb4c88,62,56,40,128,0,True,7,False
llama1b,3072,12,23,long,burst,growth_gate,6877.74290613,diag00_a1_s23_llama1b_kv3072_cap12-01_long_burst_guard_relaxed,guard_relaxed,cmpl-diag00_a1_s23_llama1b_kv3072_cap12-01_long_burst_guard_relaxed-r7-0-bedb4c88,61,56,40,128,0,True,7,False
llama1b,3072,12,23,long,burst,growth_gate,6877.759321216,diag00_a1_s23_llama1b_kv3072_cap12-01_long_burst_guard_relaxed,guard_relaxed,cmpl-diag00_a1_s23_llama1b_kv3072_cap12-01_long_burst_guard_relaxed-r7-0-bedb4c88,61,56,40,128,0,True,7,False
llama1b,3072,12,23,long,burst,growth_gate,6877.776183412,diag00_a1_s23_llama1b_kv3072_cap12-01_long_burst_guard_relaxed,guard_relaxed,cmpl-diag00_a1_s23_llama1b_kv3072_cap12-01_long_burst_guard_relaxed-r7-0-bedb4c88,60,56,40,128,0,True,7,False
llama1b,3072,12,23,long,burst,growth_gate,6877.790970948,diag00_a1_s23_llama1b_kv3072_cap12-01_long_burst_guard_relaxed,guard_relaxed,cmpl-diag00_a1_s23_llama1b_kv3072_cap12-01_long_burst_guard_relaxed-r7-0-bedb4c88,60,56,40,128,0,True,7,False
llama1b,3072,12,23,long,burst,growth_gate,6877.805461017,diag00_a1_s23_llama1b_kv3072_cap12-01_long_burst_guard_relaxed,guard_relaxed,cmpl-diag00_a1_s23_llama1b_kv3072_cap12-01_long_burst_guard_relaxed-r7-0-bedb4c88,59,56,40,128,0,True,7,False
llama1b,3072,12,23,long,burst,growth_gate,6877.817714797,diag00_a1_s23_llama1b_kv3072_cap12-01_long_burst_guard_relaxed,guard_relaxed,cmpl-diag00_a1_s23_llama1b_kv3072_cap12-01_long_burst_guard_relaxed-r7-0-bedb4c88,59,56,40,128,0,True,7,False
llama1b,3072,12,23,long,burst,growth_gate,6877.830249787,diag00_a1_s23_llama1b_kv3072_cap12-01_long_burst_guard_relaxed,guard_relaxed,cmpl-diag00_a1_s23_llama1b_kv3072_cap12-01_long_burst_guard_relaxed-r7-0-bedb4c88,59,56,40,128,0,True,7,False
llama1b,3072,12,23,long,burst,growth_gate,6877.849367038,diag00_a1_s23_llama1b_kv3072_cap12-01_long_burst_guard_relaxed,guard_relaxed,cmpl-diag00_a1_s23_llama1b_kv3072_cap12-01_long_burst_guard_relaxed-r7-0-bedb4c88,58,56,40,128,0,True,7,False
llama1b,3072,12,23,long,burst,growth_gate,6877.86247378,diag00_a1_s23_llama1b_kv3072_cap12-01_long_burst_guard_relaxed,guard_relaxed,cmpl-diag00_a1_s23_llama1b_kv3072_cap12-01_long_burst_guard_relaxed-r7-0-bedb4c88,58,56,40,128,0,True,7,False
llama1b,3072,12,23,long,burst,growth_gate,6877.877286148,diag00_a1_s23_llama1b_kv3072_cap12-01_long_burst_guard_relaxed,guard_relaxed,cmpl-diag00_a1_s23_llama1b_kv3072_cap12-01_long_burst_guard_relaxed-r7-0-bedb4c88,58,56,40,128,0,True,7,False
llama1b,3072,12,23,long,burst,growth_gate,6877.888643311,diag00_a1_s23_llama1b_kv3072_cap12-01_long_burst_guard_relaxed,guard_relaxed,cmpl-diag00_a1_s23_llama1b_kv3072_cap12-01_long_burst_guard_relaxed-r7-0-bedb4c88,57,56,40,128,0,True,7,False
llama1b,3072,12,23,long,burst,growth_gate,6877.904421514,diag00_a1_s23_llama1b_kv3072_cap12-01_long_burst_guard_relaxed,guard_relaxed,cmpl-diag00_a1_s23_llama1b_kv3072_cap12-01_long_burst_guard_relaxed-r7-0-bedb4c88,57,56,40,128,0,True,7,False
llama1b,3072,12,23,long,burst,growth_gate,6877.919671144,diag00_a1_s23_llama1b_kv3072_cap12-01_long_burst_guard_relaxed,guard_relaxed,cmpl-diag00_a1_s23_llama1b_kv3072_cap12-01_long_burst_guard_relaxed-r7-0-bedb4c88,69,48,40,128,0,True,6,False
llama1b,3072,12,23,long,burst,growth_gate,6877.930287379,diag00_a1_s23_llama1b_kv3072_cap12-01_long_burst_guard_relaxed,guard_relaxed,cmpl-diag00_a1_s23_llama1b_kv3072_cap12-01_long_burst_guard_relaxed-r7-0-bedb4c88,69,48,40,128,0,True,6,False
llama1b,3072,12,23,long,burst,growth_gate,6877.944385213,diag00_a1_s23_llama1b_kv3072_cap12-01_long_burst_guard_relaxed,guard_relaxed,cmpl-diag00_a1_s23_llama1b_kv3072_cap12-01_long_burst_guard_relaxed-r7-0-bedb4c88,68,48,40,128,0,True,6,False
llama1b,3072,12,23,long,burst,growth_gate,6877.960344571,diag00_a1_s23_llama1b_kv3072_cap12-01_long_burst_guard_relaxed,guard_relaxed,cmpl-diag00_a1_s23_llama1b_kv3072_cap12-01_long_burst_guard_relaxed-r7-0-bedb4c88,68,48,40,128,0,True,6,False
llama1b,3072,12,23,long,burst,growth_gate,6877.971246125,diag00_a1_s23_llama1b_kv3072_cap12-01_long_burst_guard_relaxed,guard_relaxed,cmpl-diag00_a1_s23_llama1b_kv3072_cap12-01_long_burst_guard_relaxed-r7-0-bedb4c88,67,48,40,128,0,True,6,False
llama1b,3072,12,23,long,burst,growth_gate,6877.990008038,diag00_a1_s23_llama1b_kv3072_cap12-01_long_burst_guard_relaxed,guard_relaxed,cmpl-diag00_a1_s23_llama1b_kv3072_cap12-01_long_burst_guard_relaxed-r7-0-bedb4c88,67,48,40,128,0,True,6,False
llama1b,3072,12,23,long,burst,growth_gate,6878.000206704,diag00_a1_s23_llama1b_kv3072_cap12-01_long_burst_guard_relaxed,guard_relaxed,cmpl-diag00_a1_s23_llama1b_kv3072_cap12-01_long_burst_guard_relaxed-r7-0-bedb4c88,66,48,40,128,0,True,6,False
llama1b,3072,12,23,long,burst,growth_gate,6878.014115624,diag00_a1_s23_llama1b_kv3072_cap12-01_long_burst_guard_relaxed,guard_relaxed,cmpl-diag00_a1_s23_llama1b_kv3072_cap12-01_long_burst_guard_relaxed-r7-0-bedb4c88,66,48,40,128,0,True,6,False
llama1b,3072,12,23,long,burst,growth_gate,6878.02718974,diag00_a1_s23_llama1b_kv3072_cap12-01_long_burst_guard_relaxed,guard_relaxed,cmpl-diag00_a1_s23_llama1b_kv3072_cap12-01_long_burst_guard_relaxed-r7-0-bedb4c88,86,40,40,128,0,False,5,False
llama1b,3072,12,23,long,burst,growth_gate,6878.027315212,diag00_a1_s23_llama1b_kv3072_cap12-01_long_burst_guard_relaxed,guard_relaxed,cmpl-diag00_a1_s23_llama1b_kv3072_cap12-01_long_burst_guard_relaxed-r8-0-9c978628,54,48,40,128,0,True,6,False
llama1b,3072,12,23,long,burst,growth_gate,6878.042522905,diag00_a1_s23_llama1b_kv3072_cap12-01_long_burst_guard_relaxed,guard_relaxed,cmpl-diag00_a1_s23_llama1b_kv3072_cap12-01_long_burst_guard_relaxed-r8-0-9c978628,53,48,40,128,0,True,6,False
llama1b,3072,12,23,long,burst,growth_gate,6878.107670214,diag00_a1_s23_llama1b_kv3072_cap12-01_long_burst_guard_relaxed,guard_relaxed,cmpl-diag00_a1_s23_llama1b_kv3072_cap12-01_long_burst_guard_relaxed-r8-0-9c978628,53,48,40,128,0,True,6,False
llama1b,3072,12,23,long,burst,growth_gate,6878.118561305,diag00_a1_s23_llama1b_kv3072_cap12-01_long_burst_guard_relaxed,guard_relaxed,cmpl-diag00_a1_s23_llama1b_kv3072_cap12-01_long_burst_guard_relaxed-r8-0-9c978628,52,48,40,128,0,True,6,False
llama1b,3072,12,23,long,burst,growth_gate,6878.132650344,diag00_a1_s23_llama1b_kv3072_cap12-01_long_burst_guard_relaxed,guard_relaxed,cmpl-diag00_a1_s23_llama1b_kv3072_cap12-01_long_burst_guard_relaxed-r8-0-9c978628,52,48,40,128,0,True,6,False
llama1b,3072,12,23,long,burst,growth_gate,6878.145703211,diag00_a1_s23_llama1b_kv3072_cap12-01_long_burst_guard_relaxed,guard_relaxed,cmpl-diag00_a1_s23_llama1b_kv3072_cap12-01_long_burst_guard_relaxed-r8-0-9c978628,52,48,40,128,0,True,6,False
llama1b,3072,12,23,long,burst,growth_gate,6878.158693561,diag00_a1_s23_llama1b_kv3072_cap12-01_long_burst_guard_relaxed,guard_relaxed,cmpl-diag00_a1_s23_llama1b_kv3072_cap12-01_long_burst_guard_relaxed-r8-0-9c978628,51,48,40,128,0,True,6,False
llama1b,3072,12,23,long,burst,growth_gate,6878.177905564,diag00_a1_s23_llama1b_kv3072_cap12-01_long_burst_guard_relaxed,guard_relaxed,cmpl-diag00_a1_s23_llama1b_kv3072_cap12-01_long_burst_guard_relaxed-r8-0-9c978628,51,48,40,128,0,True,6,False
llama1b,3072,12,23,long,burst,growth_gate,6878.188099392,diag00_a1_s23_llama1b_kv3072_cap12-01_long_burst_guard_relaxed,guard_relaxed,cmpl-diag00_a1_s23_llama1b_kv3072_cap12-01_long_burst_guard_relaxed-r8-0-9c978628,51,48,40,128,0,True,6,False
llama1b,3072,12,23,long,burst,growth_gate,6878.200799706,diag00_a1_s23_llama1b_kv3072_cap12-01_long_burst_guard_relaxed,guard_relaxed,cmpl-diag00_a1_s23_llama1b_kv3072_cap12-01_long_burst_guard_relaxed-r8-0-9c978628,51,48,40,128,0,True,6,False
llama1b,3072,12,23,long,burst,growth_gate,6878.21495249,diag00_a1_s23_llama1b_kv3072_cap12-01_long_burst_guard_relaxed,guard_relaxed,cmpl-diag00_a1_s23_llama1b_kv3072_cap12-01_long_burst_guard_relaxed-r8-0-9c978628,50,48,40,128,0,True,6,False
llama1b,3072,12,23,long,burst,growth_gate,6878.232867304,diag00_a1_s23_llama1b_kv3072_cap12-01_long_burst_guard_relaxed,guard_relaxed,cmpl-diag00_a1_s23_llama1b_kv3072_cap12-01_long_burst_guard_relaxed-r8-0-9c978628,50,48,40,128,0,True,6,False
llama1b,3072,12,23,long,burst,growth_gate,6878.24714176,diag00_a1_s23_llama1b_kv3072_cap12-01_long_burst_guard_relaxed,guard_relaxed,cmpl-diag00_a1_s23_llama1b_kv3072_cap12-01_long_burst_guard_relaxed-r8-0-9c978628,49,48,40,128,0,True,6,False
llama1b,3072,12,23,long,burst,growth_gate,6878.260237103,diag00_a1_s23_llama1b_kv3072_cap12-01_long_burst_guard_relaxed,guard_relaxed,cmpl-diag00_a1_s23_llama1b_kv3072_cap12-01_long_burst_guard_relaxed-r8-0-9c978628,49,48,40,128,0,True,6,False
llama1b,3072,12,23,long,burst,growth_gate,6878.271619399,diag00_a1_s23_llama1b_kv3072_cap12-01_long_burst_guard_relaxed,guard_relaxed,cmpl-diag00_a1_s23_llama1b_kv3072_cap12-01_long_burst_guard_relaxed-r8-0-9c978628,48,48,40,128,0,True,6,False
llama1b,3072,12,23,long,burst,growth_gate,6878.286866608,diag00_a1_s23_llama1b_kv3072_cap12-01_long_burst_guard_relaxed,guard_relaxed,cmpl-diag00_a1_s23_llama1b_kv3072_cap12-01_long_burst_guard_relaxed-r8-0-9c978628,48,48,40,128,0,True,6,False
llama1b,3072,12,23,long,burst,growth_gate,6878.300125439,diag00_a1_s23_llama1b_kv3072_cap12-01_long_burst_guard_relaxed,guard_relaxed,cmpl-diag00_a1_s23_llama1b_kv3072_cap12-01_long_burst_guard_relaxed-r8-0-9c978628,48,48,40,128,0,True,6,False
llama1b,3072,12,23,long,burst,growth_gate,6878.313930991,diag00_a1_s23_llama1b_kv3072_cap12-01_long_burst_guard_relaxed,guard_relaxed,cmpl-diag00_a1_s23_llama1b_kv3072_cap12-01_long_burst_guard_relaxed-r8-0-9c978628,47,48,40,128,0,True,6,False
llama1b,3072,12,23,long,burst,growth_gate,6878.327584775,diag00_a1_s23_llama1b_kv3072_cap12-01_long_burst_guard_relaxed,guard_relaxed,cmpl-diag00_a1_s23_llama1b_kv3072_cap12-01_long_burst_guard_relaxed-r8-0-9c978628,47,48,40,128,0,True,6,False
llama1b,3072,12,23,long,burst,growth_gate,6878.345546598,diag00_a1_s23_llama1b_kv3072_cap12-01_long_burst_guard_relaxed,guard_relaxed,cmpl-diag00_a1_s23_llama1b_kv3072_cap12-01_long_burst_guard_relaxed-r8-0-9c978628,46,48,40,128,0,True,6,False
llama1b,3072,12,23,long,burst,growth_gate,6878.356108747,diag00_a1_s23_llama1b_kv3072_cap12-01_long_burst_guard_relaxed,guard_relaxed,cmpl-diag00_a1_s23_llama1b_kv3072_cap12-01_long_burst_guard_relaxed-r8-0-9c978628,46,48,40,128,0,True,6,False
llama1b,3072,12,23,long,burst,growth_gate,6878.372235591,diag00_a1_s23_llama1b_kv3072_cap12-01_long_burst_guard_relaxed,guard_relaxed,cmpl-diag00_a1_s23_llama1b_kv3072_cap12-01_long_burst_guard_relaxed-r8-0-9c978628,46,48,40,128,0,True,6,False
llama1b,3072,12,23,long,burst,growth_gate,6878.383641418,diag00_a1_s23_llama1b_kv3072_cap12-01_long_burst_guard_relaxed,guard_relaxed,cmpl-diag00_a1_s23_llama1b_kv3072_cap12-01_long_burst_guard_relaxed-r8-0-9c978628,45,48,40,128,0,True,6,False
llama1b,3072,12,23,long,burst,growth_gate,6878.397157066,diag00_a1_s23_llama1b_kv3072_cap12-01_long_burst_guard_relaxed,guard_relaxed,cmpl-diag00_a1_s23_llama1b_kv3072_cap12-01_long_burst_guard_relaxed-r8-0-9c978628,45,48,40,128,0,True,6,False
llama1b,3072,12,23,long,burst,growth_gate,6878.411339899,diag00_a1_s23_llama1b_kv3072_cap12-01_long_burst_guard_relaxed,guard_relaxed,cmpl-diag00_a1_s23_llama1b_kv3072_cap12-01_long_burst_guard_relaxed-r8-0-9c978628,45,48,40,128,0,True,6,False
llama1b,3072,12,23,long,burst,growth_gate,6878.425548342,diag00_a1_s23_llama1b_kv3072_cap12-01_long_burst_guard_relaxed,guard_relaxed,cmpl-diag00_a1_s23_llama1b_kv3072_cap12-01_long_burst_guard_relaxed-r8-0-9c978628,45,48,40,128,0,True,6,False
llama1b,3072,12,23,long,burst,growth_gate,6878.437276463,diag00_a1_s23_llama1b_kv3072_cap12-01_long_burst_guard_relaxed,guard_relaxed,cmpl-diag00_a1_s23_llama1b_kv3072_cap12-01_long_burst_guard_relaxed-r8-0-9c978628,44,48,40,128,0,True,6,False
llama1b,3072,12,23,long,burst,growth_gate,6878.45236436,diag00_a1_s23_llama1b_kv3072_cap12-01_long_burst_guard_relaxed,guard_relaxed,cmpl-diag00_a1_s23_llama1b_kv3072_cap12-01_long_burst_guard_relaxed-r8-0-9c978628,44,48,40,128,0,True,6,False
llama1b,3072,12,23,long,burst,growth_gate,6878.466777572,diag00_a1_s23_llama1b_kv3072_cap12-01_long_burst_guard_relaxed,guard_relaxed,cmpl-diag00_a1_s23_llama1b_kv3072_cap12-01_long_burst_guard_relaxed-r8-0-9c978628,43,48,40,128,0,True,6,False
llama1b,3072,12,23,long,burst,growth_gate,6878.480707341,diag00_a1_s23_llama1b_kv3072_cap12-01_long_burst_guard_relaxed,guard_relaxed,cmpl-diag00_a1_s23_llama1b_kv3072_cap12-01_long_burst_guard_relaxed-r8-0-9c978628,43,48,40,128,0,True,6,False
llama1b,3072,12,23,long,burst,growth_gate,6878.494131413,diag00_a1_s23_llama1b_kv3072_cap12-01_long_burst_guard_relaxed,guard_relaxed,cmpl-diag00_a1_s23_llama1b_kv3072_cap12-01_long_burst_guard_relaxed-r8-0-9c978628,42,48,40,128,0,True,6,False
llama1b,3072,12,23,long,burst,growth_gate,6878.507959503,diag00_a1_s23_llama1b_kv3072_cap12-01_long_burst_guard_relaxed,guard_relaxed,cmpl-diag00_a1_s23_llama1b_kv3072_cap12-01_long_burst_guard_relaxed-r8-0-9c978628,42,48,40,128,0,True,6,False
llama1b,3072,12,23,long,burst,growth_gate,6878.522212595,diag00_a1_s23_llama1b_kv3072_cap12-01_long_burst_guard_relaxed,guard_relaxed,cmpl-diag00_a1_s23_llama1b_kv3072_cap12-01_long_burst_guard_relaxed-r8-0-9c978628,42,48,40,128,0,True,6,False
llama1b,3072,12,23,long,burst,growth_gate,6878.536359341,diag00_a1_s23_llama1b_kv3072_cap12-01_long_burst_guard_relaxed,guard_relaxed,cmpl-diag00_a1_s23_llama1b_kv3072_cap12-01_long_burst_guard_relaxed-r8-0-9c978628,41,48,40,128,0,True,6,False
llama1b,3072,12,23,long,burst,growth_gate,6878.549454801,diag00_a1_s23_llama1b_kv3072_cap12-01_long_burst_guard_relaxed,guard_relaxed,cmpl-diag00_a1_s23_llama1b_kv3072_cap12-01_long_burst_guard_relaxed-r8-0-9c978628,41,48,40,128,0,True,6,False
llama1b,3072,12,23,long,burst,growth_gate,6878.567930929,diag00_a1_s23_llama1b_kv3072_cap12-01_long_burst_guard_relaxed,guard_relaxed,cmpl-diag00_a1_s23_llama1b_kv3072_cap12-01_long_burst_guard_relaxed-r8-0-9c978628,40,48,40,128,0,True,6,False
llama1b,3072,12,23,long,burst,growth_gate,6878.577961253,diag00_a1_s23_llama1b_kv3072_cap12-01_long_burst_guard_relaxed,guard_relaxed,cmpl-diag00_a1_s23_llama1b_kv3072_cap12-01_long_burst_guard_relaxed-r8-0-9c978628,40,48,40,128,0,True,6,False
llama1b,3072,12,23,long,burst,growth_gate,6878.590967234,diag00_a1_s23_llama1b_kv3072_cap12-01_long_burst_guard_relaxed,guard_relaxed,cmpl-diag00_a1_s23_llama1b_kv3072_cap12-01_long_burst_guard_relaxed-r8-0-9c978628,40,48,40,128,0,True,6,False
llama1b,3072,12,23,long,burst,growth_gate,6878.603638037,diag00_a1_s23_llama1b_kv3072_cap12-01_long_burst_guard_relaxed,guard_relaxed,cmpl-diag00_a1_s23_llama1b_kv3072_cap12-01_long_burst_guard_relaxed-r8-0-9c978628,39,48,40,128,0,True,6,False
llama1b,3072,12,23,long,burst,growth_gate,6878.622653974,diag00_a1_s23_llama1b_kv3072_cap12-01_long_burst_guard_relaxed,guard_relaxed,cmpl-diag00_a1_s23_llama1b_kv3072_cap12-01_long_burst_guard_relaxed-r8-0-9c978628,39,48,40,128,0,True,6,False
llama1b,3072,12,23,long,burst,growth_gate,6878.632108155,diag00_a1_s23_llama1b_kv3072_cap12-01_long_burst_guard_relaxed,guard_relaxed,cmpl-diag00_a1_s23_llama1b_kv3072_cap12-01_long_burst_guard_relaxed-r8-0-9c978628,39,48,40,128,0,True,6,False
llama1b,3072,12,23,long,burst,growth_gate,6878.649738397,diag00_a1_s23_llama1b_kv3072_cap12-01_long_burst_guard_relaxed,guard_relaxed,cmpl-diag00_a1_s23_llama1b_kv3072_cap12-01_long_burst_guard_relaxed-r8-0-9c978628,39,48,40,128,0,True,6,False
llama1b,3072,12,23,long,burst,growth_gate,6878.661219199,diag00_a1_s23_llama1b_kv3072_cap12-01_long_burst_guard_relaxed,guard_relaxed,cmpl-diag00_a1_s23_llama1b_kv3072_cap12-01_long_burst_guard_relaxed-r8-0-9c978628,38,48,40,128,0,True,6,False
llama1b,3072,12,23,long,burst,growth_gate,6878.677437455,diag00_a1_s23_llama1b_kv3072_cap12-01_long_burst_guard_relaxed,guard_relaxed,cmpl-diag00_a1_s23_llama1b_kv3072_cap12-01_long_burst_guard_relaxed-r8-0-9c978628,38,48,40,128,0,True,6,False
llama1b,3072,12,23,long,burst,growth_gate,6878.6903987,diag00_a1_s23_llama1b_kv3072_cap12-01_long_burst_guard_relaxed,guard_relaxed,cmpl-diag00_a1_s23_llama1b_kv3072_cap12-01_long_burst_guard_relaxed-r8-0-9c978628,37,48,40,128,0,True,6,False
llama1b,3072,12,23,long,burst,growth_gate,6878.703887356,diag00_a1_s23_llama1b_kv3072_cap12-01_long_burst_guard_relaxed,guard_relaxed,cmpl-diag00_a1_s23_llama1b_kv3072_cap12-01_long_burst_guard_relaxed-r8-0-9c978628,37,48,40,128,0,True,6,False
llama1b,3072,12,23,long,burst,growth_gate,6878.717518467,diag00_a1_s23_llama1b_kv3072_cap12-01_long_burst_guard_relaxed,guard_relaxed,cmpl-diag00_a1_s23_llama1b_kv3072_cap12-01_long_burst_guard_relaxed-r8-0-9c978628,36,48,40,128,0,True,6,False
llama1b,3072,12,23,long,burst,growth_gate,6878.732019856,diag00_a1_s23_llama1b_kv3072_cap12-01_long_burst_guard_relaxed,guard_relaxed,cmpl-diag00_a1_s23_llama1b_kv3072_cap12-01_long_burst_guard_relaxed-r8-0-9c978628,36,48,40,128,0,True,6,False
llama1b,3072,12,23,long,burst,growth_gate,6878.746985378,diag00_a1_s23_llama1b_kv3072_cap12-01_long_burst_guard_relaxed,guard_relaxed,cmpl-diag00_a1_s23_llama1b_kv3072_cap12-01_long_burst_guard_relaxed-r8-0-9c978628,36,48,40,128,0,True,6,False
llama1b,3072,12,23,long,burst,growth_gate,6878.7580466,diag00_a1_s23_llama1b_kv3072_cap12-01_long_burst_guard_relaxed,guard_relaxed,cmpl-diag00_a1_s23_llama1b_kv3072_cap12-01_long_burst_guard_relaxed-r8-0-9c978628,35,48,40,128,0,True,6,False
llama1b,3072,12,23,long,burst,growth_gate,6878.774014665,diag00_a1_s23_llama1b_kv3072_cap12-01_long_burst_guard_relaxed,guard_relaxed,cmpl-diag00_a1_s23_llama1b_kv3072_cap12-01_long_burst_guard_relaxed-r8-0-9c978628,35,48,40,128,0,True,6,False
llama1b,3072,12,23,long,burst,growth_gate,6878.787582412,diag00_a1_s23_llama1b_kv3072_cap12-01_long_burst_guard_relaxed,guard_relaxed,cmpl-diag00_a1_s23_llama1b_kv3072_cap12-01_long_burst_guard_relaxed-r8-0-9c978628,34,48,40,128,0,True,6,False
llama1b,3072,12,23,long,burst,growth_gate,6878.802671816,diag00_a1_s23_llama1b_kv3072_cap12-01_long_burst_guard_relaxed,guard_relaxed,cmpl-diag00_a1_s23_llama1b_kv3072_cap12-01_long_burst_guard_relaxed-r8-0-9c978628,34,48,40,128,0,True,6,False
llama1b,3072,12,23,long,burst,growth_gate,6878.81636343,diag00_a1_s23_llama1b_kv3072_cap12-01_long_burst_guard_relaxed,guard_relaxed,cmpl-diag00_a1_s23_llama1b_kv3072_cap12-01_long_burst_guard_relaxed-r8-0-9c978628,34,48,40,128,0,True,6,False
llama1b,3072,12,23,long,burst,growth_gate,6878.828770227,diag00_a1_s23_llama1b_kv3072_cap12-01_long_burst_guard_relaxed,guard_relaxed,cmpl-diag00_a1_s23_llama1b_kv3072_cap12-01_long_burst_guard_relaxed-r8-0-9c978628,33,48,40,128,0,True,6,False
llama1b,3072,12,23,long,burst,growth_gate,6878.849161337,diag00_a1_s23_llama1b_kv3072_cap12-01_long_burst_guard_relaxed,guard_relaxed,cmpl-diag00_a1_s23_llama1b_kv3072_cap12-01_long_burst_guard_relaxed-r8-0-9c978628,33,48,40,128,0,True,6,False
llama1b,3072,12,23,long,burst,growth_gate,6878.860112801,diag00_a1_s23_llama1b_kv3072_cap12-01_long_burst_guard_relaxed,guard_relaxed,cmpl-diag00_a1_s23_llama1b_kv3072_cap12-01_long_burst_guard_relaxed-r8-0-9c978628,33,48,40,128,0,True,6,False
llama1b,3072,12,23,long,burst,growth_gate,6878.873044888,diag00_a1_s23_llama1b_kv3072_cap12-01_long_burst_guard_relaxed,guard_relaxed,cmpl-diag00_a1_s23_llama1b_kv3072_cap12-01_long_burst_guard_relaxed-r8-0-9c978628,33,48,40,128,0,True,6,False
llama1b,3072,12,23,long,burst,growth_gate,6878.8863364,diag00_a1_s23_llama1b_kv3072_cap12-01_long_burst_guard_relaxed,guard_relaxed,cmpl-diag00_a1_s23_llama1b_kv3072_cap12-01_long_burst_guard_relaxed-r8-0-9c978628,32,48,40,128,0,True,6,False
llama1b,3072,12,23,long,burst,growth_gate,6878.898999747,diag00_a1_s23_llama1b_kv3072_cap12-01_long_burst_guard_relaxed,guard_relaxed,cmpl-diag00_a1_s23_llama1b_kv3072_cap12-01_long_burst_guard_relaxed-r8-0-9c978628,32,48,40,128,0,True,6,False
llama1b,3072,12,23,long,burst,growth_gate,6878.913220744,diag00_a1_s23_llama1b_kv3072_cap12-01_long_burst_guard_relaxed,guard_relaxed,cmpl-diag00_a1_s23_llama1b_kv3072_cap12-01_long_burst_guard_relaxed-r8-0-9c978628,31,48,40,128,0,True,6,False
llama1b,3072,12,23,long,burst,growth_gate,6878.927053126,diag00_a1_s23_llama1b_kv3072_cap12-01_long_burst_guard_relaxed,guard_relaxed,cmpl-diag00_a1_s23_llama1b_kv3072_cap12-01_long_burst_guard_relaxed-r8-0-9c978628,31,48,40,128,0,True,6,False
llama1b,3072,12,23,long,burst,growth_gate,6878.939684477,diag00_a1_s23_llama1b_kv3072_cap12-01_long_burst_guard_relaxed,guard_relaxed,cmpl-diag00_a1_s23_llama1b_kv3072_cap12-01_long_burst_guard_relaxed-r8-0-9c978628,30,48,40,128,0,True,6,False
llama1b,3072,12,23,long,burst,growth_gate,6878.953486545,diag00_a1_s23_llama1b_kv3072_cap12-01_long_burst_guard_relaxed,guard_relaxed,cmpl-diag00_a1_s23_llama1b_kv3072_cap12-01_long_burst_guard_relaxed-r8-0-9c978628,30,48,40,128,0,True,6,False
llama1b,3072,12,23,long,burst,growth_gate,6878.966871008,diag00_a1_s23_llama1b_kv3072_cap12-01_long_burst_guard_relaxed,guard_relaxed,cmpl-diag00_a1_s23_llama1b_kv3072_cap12-01_long_burst_guard_relaxed-r8-0-9c978628,30,48,40,128,0,True,6,False
llama1b,3072,12,23,long,burst,growth_gate,6878.982215909,diag00_a1_s23_llama1b_kv3072_cap12-01_long_burst_guard_relaxed,guard_relaxed,cmpl-diag00_a1_s23_llama1b_kv3072_cap12-01_long_burst_guard_relaxed-r8-0-9c978628,29,48,40,128,0,True,6,False
llama1b,3072,12,23,long,burst,growth_gate,6878.994095054,diag00_a1_s23_llama1b_kv3072_cap12-01_long_burst_guard_relaxed,guard_relaxed,cmpl-diag00_a1_s23_llama1b_kv3072_cap12-01_long_burst_guard_relaxed-r8-0-9c978628,29,48,40,128,0,True,6,False
llama1b,3072,12,23,long,burst,growth_gate,6879.011736113,diag00_a1_s23_llama1b_kv3072_cap12-01_long_burst_guard_relaxed,guard_relaxed,cmpl-diag00_a1_s23_llama1b_kv3072_cap12-01_long_burst_guard_relaxed-r8-0-9c978628,28,48,40,128,0,True,6,False
llama1b,3072,12,23,long,burst,growth_gate,6879.022662449,diag00_a1_s23_llama1b_kv3072_cap12-01_long_burst_guard_relaxed,guard_relaxed,cmpl-diag00_a1_s23_llama1b_kv3072_cap12-01_long_burst_guard_relaxed-r8-0-9c978628,28,48,40,128,0,True,6,False
llama1b,3072,12,23,long,burst,growth_gate,6879.039344234,diag00_a1_s23_llama1b_kv3072_cap12-01_long_burst_guard_relaxed,guard_relaxed,cmpl-diag00_a1_s23_llama1b_kv3072_cap12-01_long_burst_guard_relaxed-r8-0-9c978628,28,48,40,128,0,True,6,False
llama1b,3072,12,23,long,burst,growth_gate,6879.050850322,diag00_a1_s23_llama1b_kv3072_cap12-01_long_burst_guard_relaxed,guard_relaxed,cmpl-diag00_a1_s23_llama1b_kv3072_cap12-01_long_burst_guard_relaxed-r8-0-9c978628,27,48,40,128,0,True,6,False
llama1b,3072,12,23,long,burst,growth_gate,6879.064759464,diag00_a1_s23_llama1b_kv3072_cap12-01_long_burst_guard_relaxed,guard_relaxed,cmpl-diag00_a1_s23_llama1b_kv3072_cap12-01_long_burst_guard_relaxed-r8-0-9c978628,27,48,40,128,0,True,6,False
llama1b,3072,12,23,long,burst,growth_gate,6879.078935423,diag00_a1_s23_llama1b_kv3072_cap12-01_long_burst_guard_relaxed,guard_relaxed,cmpl-diag00_a1_s23_llama1b_kv3072_cap12-01_long_burst_guard_relaxed-r8-0-9c978628,27,48,40,128,0,True,6,False
llama1b,3072,12,23,long,burst,growth_gate,6879.09258774,diag00_a1_s23_llama1b_kv3072_cap12-01_long_burst_guard_relaxed,guard_relaxed,cmpl-diag00_a1_s23_llama1b_kv3072_cap12-01_long_burst_guard_relaxed-r8-0-9c978628,27,48,40,128,0,True,6,False
llama1b,3072,12,23,long,burst,growth_gate,6879.109649081,diag00_a1_s23_llama1b_kv3072_cap12-01_long_burst_guard_relaxed,guard_relaxed,cmpl-diag00_a1_s23_llama1b_kv3072_cap12-01_long_burst_guard_relaxed-r8-0-9c978628,26,48,40,128,0,True,6,False
llama1b,3072,12,23,long,burst,growth_gate,6879.120971866,diag00_a1_s23_llama1b_kv3072_cap12-01_long_burst_guard_relaxed,guard_relaxed,cmpl-diag00_a1_s23_llama1b_kv3072_cap12-01_long_burst_guard_relaxed-r8-0-9c978628,26,48,40,128,0,True,6,False
llama1b,3072,12,23,long,burst,growth_gate,6879.137897243,diag00_a1_s23_llama1b_kv3072_cap12-01_long_burst_guard_relaxed,guard_relaxed,cmpl-diag00_a1_s23_llama1b_kv3072_cap12-01_long_burst_guard_relaxed-r8-0-9c978628,25,48,40,128,0,True,6,False
llama1b,3072,12,23,long,burst,growth_gate,6879.156870037,diag00_a1_s23_llama1b_kv3072_cap12-01_long_burst_guard_relaxed,guard_relaxed,cmpl-diag00_a1_s23_llama1b_kv3072_cap12-01_long_burst_guard_relaxed-r8-0-9c978628,25,48,40,128,0,True,6,False
llama1b,3072,12,23,long,burst,growth_gate,6879.16731426,diag00_a1_s23_llama1b_kv3072_cap12-01_long_burst_guard_relaxed,guard_relaxed,cmpl-diag00_a1_s23_llama1b_kv3072_cap12-01_long_burst_guard_relaxed-r8-0-9c978628,24,48,40,128,0,True,6,False
llama1b,3072,12,23,long,burst,growth_gate,6879.180508203,diag00_a1_s23_llama1b_kv3072_cap12-01_long_burst_guard_relaxed,guard_relaxed,cmpl-diag00_a1_s23_llama1b_kv3072_cap12-01_long_burst_guard_relaxed-r8-0-9c978628,24,48,40,128,0,True,6,False
llama1b,3072,12,23,long,burst,growth_gate,6879.194167882,diag00_a1_s23_llama1b_kv3072_cap12-01_long_burst_guard_relaxed,guard_relaxed,cmpl-diag00_a1_s23_llama1b_kv3072_cap12-01_long_burst_guard_relaxed-r8-0-9c978628,24,48,40,128,0,True,6,False
llama1b,3072,12,23,long,burst,growth_gate,6879.207889982,diag00_a1_s23_llama1b_kv3072_cap12-01_long_burst_guard_relaxed,guard_relaxed,cmpl-diag00_a1_s23_llama1b_kv3072_cap12-01_long_burst_guard_relaxed-r8-0-9c978628,23,48,40,128,0,True,6,False
llama1b,3072,12,23,long,burst,growth_gate,6879.225395975,diag00_a1_s23_llama1b_kv3072_cap12-01_long_burst_guard_relaxed,guard_relaxed,cmpl-diag00_a1_s23_llama1b_kv3072_cap12-01_long_burst_guard_relaxed-r8-0-9c978628,23,48,40,128,0,True,6,False
llama1b,3072,12,23,long,burst,growth_gate,6879.236449079,diag00_a1_s23_llama1b_kv3072_cap12-01_long_burst_guard_relaxed,guard_relaxed,cmpl-diag00_a1_s23_llama1b_kv3072_cap12-01_long_burst_guard_relaxed-r8-0-9c978628,22,48,40,128,0,True,6,False
llama1b,3072,12,23,long,burst,growth_gate,6879.253489275,diag00_a1_s23_llama1b_kv3072_cap12-01_long_burst_guard_relaxed,guard_relaxed,cmpl-diag00_a1_s23_llama1b_kv3072_cap12-01_long_burst_guard_relaxed-r8-0-9c978628,22,48,40,128,0,True,6,False
llama1b,3072,12,23,long,burst,growth_gate,6879.265966277,diag00_a1_s23_llama1b_kv3072_cap12-01_long_burst_guard_relaxed,guard_relaxed,cmpl-diag00_a1_s23_llama1b_kv3072_cap12-01_long_burst_guard_relaxed-r8-0-9c978628,22,48,40,128,0,True,6,False
llama1b,3072,12,23,long,burst,growth_gate,6879.280411065,diag00_a1_s23_llama1b_kv3072_cap12-01_long_burst_guard_relaxed,guard_relaxed,cmpl-diag00_a1_s23_llama1b_kv3072_cap12-01_long_burst_guard_relaxed-r8-0-9c978628,21,48,40,128,0,True,6,False
llama1b,3072,12,23,long,burst,growth_gate,6879.297700378,diag00_a1_s23_llama1b_kv3072_cap12-01_long_burst_guard_relaxed,guard_relaxed,cmpl-diag00_a1_s23_llama1b_kv3072_cap12-01_long_burst_guard_relaxed-r8-0-9c978628,21,48,40,128,0,True,6,False
llama1b,3072,12,23,long,burst,growth_gate,6879.309344526,diag00_a1_s23_llama1b_kv3072_cap12-01_long_burst_guard_relaxed,guard_relaxed,cmpl-diag00_a1_s23_llama1b_kv3072_cap12-01_long_burst_guard_relaxed-r8-0-9c978628,21,48,40,128,0,True,6,False
llama1b,3072,12,23,long,burst,growth_gate,6879.323083928,diag00_a1_s23_llama1b_kv3072_cap12-01_long_burst_guard_relaxed,guard_relaxed,cmpl-diag00_a1_s23_llama1b_kv3072_cap12-01_long_burst_guard_relaxed-r8-0-9c978628,21,48,40,128,0,True,6,False
llama1b,3072,12,23,long,burst,growth_gate,6879.34138513,diag00_a1_s23_llama1b_kv3072_cap12-01_long_burst_guard_relaxed,guard_relaxed,cmpl-diag00_a1_s23_llama1b_kv3072_cap12-01_long_burst_guard_relaxed-r8-0-9c978628,20,48,40,128,0,True,6,False
llama1b,3072,12,23,long,burst,growth_gate,6879.356577541,diag00_a1_s23_llama1b_kv3072_cap12-01_long_burst_guard_relaxed,guard_relaxed,cmpl-diag00_a1_s23_llama1b_kv3072_cap12-01_long_burst_guard_relaxed-r8-0-9c978628,20,48,40,128,0,True,6,False
llama1b,3072,12,23,long,burst,growth_gate,6879.372681477,diag00_a1_s23_llama1b_kv3072_cap12-01_long_burst_guard_relaxed,guard_relaxed,cmpl-diag00_a1_s23_llama1b_kv3072_cap12-01_long_burst_guard_relaxed-r8-0-9c978628,19,48,40,128,0,True,6,False
llama1b,3072,12,23,long,burst,growth_gate,6879.386889985,diag00_a1_s23_llama1b_kv3072_cap12-01_long_burst_guard_relaxed,guard_relaxed,cmpl-diag00_a1_s23_llama1b_kv3072_cap12-01_long_burst_guard_relaxed-r8-0-9c978628,19,48,40,128,0,True,6,False
llama1b,3072,12,23,long,burst,growth_gate,6879.40228578,diag00_a1_s23_llama1b_kv3072_cap12-01_long_burst_guard_relaxed,guard_relaxed,cmpl-diag00_a1_s23_llama1b_kv3072_cap12-01_long_burst_guard_relaxed-r8-0-9c978628,18,48,40,128,0,True,6,False
llama1b,3072,12,23,long,burst,growth_gate,6879.413073709,diag00_a1_s23_llama1b_kv3072_cap12-01_long_burst_guard_relaxed,guard_relaxed,cmpl-diag00_a1_s23_llama1b_kv3072_cap12-01_long_burst_guard_relaxed-r8-0-9c978628,18,48,40,128,0,True,6,False
llama1b,3072,12,23,long,burst,growth_gate,6879.428660699,diag00_a1_s23_llama1b_kv3072_cap12-01_long_burst_guard_relaxed,guard_relaxed,cmpl-diag00_a1_s23_llama1b_kv3072_cap12-01_long_burst_guard_relaxed-r8-0-9c978628,18,48,40,128,0,True,6,False
llama1b,3072,12,23,long,burst,growth_gate,6879.442465596,diag00_a1_s23_llama1b_kv3072_cap12-01_long_burst_guard_relaxed,guard_relaxed,cmpl-diag00_a1_s23_llama1b_kv3072_cap12-01_long_burst_guard_relaxed-r8-0-9c978628,17,48,40,128,0,True,6,False
llama1b,3072,12,23,long,burst,growth_gate,6879.454338524,diag00_a1_s23_llama1b_kv3072_cap12-01_long_burst_guard_relaxed,guard_relaxed,cmpl-diag00_a1_s23_llama1b_kv3072_cap12-01_long_burst_guard_relaxed-r8-0-9c978628,17,48,40,128,0,True,6,False
llama1b,3072,12,23,long,burst,growth_gate,6879.468639959,diag00_a1_s23_llama1b_kv3072_cap12-01_long_burst_guard_relaxed,guard_relaxed,cmpl-diag00_a1_s23_llama1b_kv3072_cap12-01_long_burst_guard_relaxed-r8-0-9c978628,16,48,40,128,0,True,6,False
llama1b,3072,12,23,long,burst,growth_gate,6879.481812444,diag00_a1_s23_llama1b_kv3072_cap12-01_long_burst_guard_relaxed,guard_relaxed,cmpl-diag00_a1_s23_llama1b_kv3072_cap12-01_long_burst_guard_relaxed-r8-0-9c978628,16,48,40,128,0,True,6,False
llama1b,3072,12,23,long,burst,growth_gate,6879.495247769,diag00_a1_s23_llama1b_kv3072_cap12-01_long_burst_guard_relaxed,guard_relaxed,cmpl-diag00_a1_s23_llama1b_kv3072_cap12-01_long_burst_guard_relaxed-r8-0-9c978628,16,48,40,128,0,True,6,False
llama1b,3072,12,23,long,burst,growth_gate,6879.513249559,diag00_a1_s23_llama1b_kv3072_cap12-01_long_burst_guard_relaxed,guard_relaxed,cmpl-diag00_a1_s23_llama1b_kv3072_cap12-01_long_burst_guard_relaxed-r8-0-9c978628,15,48,40,128,0,True,6,False
llama1b,3072,12,23,long,burst,growth_gate,6879.529068841,diag00_a1_s23_llama1b_kv3072_cap12-01_long_burst_guard_relaxed,guard_relaxed,cmpl-diag00_a1_s23_llama1b_kv3072_cap12-01_long_burst_guard_relaxed-r8-0-9c978628,15,48,40,128,0,True,6,False
llama1b,3072,12,23,long,burst,growth_gate,6879.54007326,diag00_a1_s23_llama1b_kv3072_cap12-01_long_burst_guard_relaxed,guard_relaxed,cmpl-diag00_a1_s23_llama1b_kv3072_cap12-01_long_burst_guard_relaxed-r8-0-9c978628,15,48,40,128,0,True,6,False
llama1b,3072,12,23,long,burst,growth_gate,6879.557022487,diag00_a1_s23_llama1b_kv3072_cap12-01_long_burst_guard_relaxed,guard_relaxed,cmpl-diag00_a1_s23_llama1b_kv3072_cap12-01_long_burst_guard_relaxed-r8-0-9c978628,15,48,40,128,0,True,6,False
llama1b,3072,12,23,long,burst,growth_gate,6879.566912641,diag00_a1_s23_llama1b_kv3072_cap12-01_long_burst_guard_relaxed,guard_relaxed,cmpl-diag00_a1_s23_llama1b_kv3072_cap12-01_long_burst_guard_relaxed-r8-0-9c978628,14,48,40,128,0,True,6,False
llama1b,3072,12,23,long,burst,growth_gate,6879.582636439,diag00_a1_s23_llama1b_kv3072_cap12-01_long_burst_guard_relaxed,guard_relaxed,cmpl-diag00_a1_s23_llama1b_kv3072_cap12-01_long_burst_guard_relaxed-r8-0-9c978628,14,48,40,128,0,True,6,False
llama1b,3072,12,23,long,burst,growth_gate,6879.599511598,diag00_a1_s23_llama1b_kv3072_cap12-01_long_burst_guard_relaxed,guard_relaxed,cmpl-diag00_a1_s23_llama1b_kv3072_cap12-01_long_burst_guard_relaxed-r8-0-9c978628,13,48,40,128,0,True,6,False
llama1b,3072,12,23,long,burst,growth_gate,6879.612591484,diag00_a1_s23_llama1b_kv3072_cap12-01_long_burst_guard_relaxed,guard_relaxed,cmpl-diag00_a1_s23_llama1b_kv3072_cap12-01_long_burst_guard_relaxed-r8-0-9c978628,13,48,40,128,0,True,6,False
llama1b,3072,12,23,long,burst,growth_gate,6879.625502847,diag00_a1_s23_llama1b_kv3072_cap12-01_long_burst_guard_relaxed,guard_relaxed,cmpl-diag00_a1_s23_llama1b_kv3072_cap12-01_long_burst_guard_relaxed-r8-0-9c978628,12,48,40,128,0,True,6,False
llama1b,3072,12,23,long,burst,growth_gate,6879.640404952,diag00_a1_s23_llama1b_kv3072_cap12-01_long_burst_guard_relaxed,guard_relaxed,cmpl-diag00_a1_s23_llama1b_kv3072_cap12-01_long_burst_guard_relaxed-r8-0-9c978628,12,48,40,128,0,True,6,False
llama1b,3072,12,23,long,burst,growth_gate,6879.655038628,diag00_a1_s23_llama1b_kv3072_cap12-01_long_burst_guard_relaxed,guard_relaxed,cmpl-diag00_a1_s23_llama1b_kv3072_cap12-01_long_burst_guard_relaxed-r8-0-9c978628,12,48,40,128,0,True,6,False
llama1b,3072,12,23,long,burst,growth_gate,6879.666430036,diag00_a1_s23_llama1b_kv3072_cap12-01_long_burst_guard_relaxed,guard_relaxed,cmpl-diag00_a1_s23_llama1b_kv3072_cap12-01_long_burst_guard_relaxed-r8-0-9c978628,11,48,40,128,0,True,6,False
llama1b,3072,12,23,long,burst,growth_gate,6879.683847336,diag00_a1_s23_llama1b_kv3072_cap12-01_long_burst_guard_relaxed,guard_relaxed,cmpl-diag00_a1_s23_llama1b_kv3072_cap12-01_long_burst_guard_relaxed-r8-0-9c978628,11,48,40,128,0,True,6,False
llama1b,3072,12,23,long,burst,growth_gate,6879.698225547,diag00_a1_s23_llama1b_kv3072_cap12-01_long_burst_guard_relaxed,guard_relaxed,cmpl-diag00_a1_s23_llama1b_kv3072_cap12-01_long_burst_guard_relaxed-r8-0-9c978628,10,48,40,128,0,True,6,False
llama1b,3072,12,23,long,burst,growth_gate,6879.71529773,diag00_a1_s23_llama1b_kv3072_cap12-01_long_burst_guard_relaxed,guard_relaxed,cmpl-diag00_a1_s23_llama1b_kv3072_cap12-01_long_burst_guard_relaxed-r8-0-9c978628,10,48,40,128,0,True,6,False
llama1b,3072,12,23,long,burst,growth_gate,6879.727408254,diag00_a1_s23_llama1b_kv3072_cap12-01_long_burst_guard_relaxed,guard_relaxed,cmpl-diag00_a1_s23_llama1b_kv3072_cap12-01_long_burst_guard_relaxed-r8-0-9c978628,10,48,40,128,0,True,6,False
llama1b,3072,12,23,long,burst,growth_gate,6879.740503507,diag00_a1_s23_llama1b_kv3072_cap12-01_long_burst_guard_relaxed,guard_relaxed,cmpl-diag00_a1_s23_llama1b_kv3072_cap12-01_long_burst_guard_relaxed-r8-0-9c978628,9,48,40,128,0,True,6,False
llama1b,3072,12,23,long,burst,growth_gate,6879.758449817,diag00_a1_s23_llama1b_kv3072_cap12-01_long_burst_guard_relaxed,guard_relaxed,cmpl-diag00_a1_s23_llama1b_kv3072_cap12-01_long_burst_guard_relaxed-r8-0-9c978628,9,48,40,128,0,True,6,False
llama1b,3072,12,23,long,burst,growth_gate,6879.773892318,diag00_a1_s23_llama1b_kv3072_cap12-01_long_burst_guard_relaxed,guard_relaxed,cmpl-diag00_a1_s23_llama1b_kv3072_cap12-01_long_burst_guard_relaxed-r8-0-9c978628,9,48,40,128,0,True,6,False
llama1b,3072,12,23,long,burst,growth_gate,6879.787582016,diag00_a1_s23_llama1b_kv3072_cap12-01_long_burst_guard_relaxed,guard_relaxed,cmpl-diag00_a1_s23_llama1b_kv3072_cap12-01_long_burst_guard_relaxed-r8-0-9c978628,9,48,40,128,0,True,6,False
llama1b,3072,12,23,long,burst,growth_gate,6879.800773593,diag00_a1_s23_llama1b_kv3072_cap12-01_long_burst_guard_relaxed,guard_relaxed,cmpl-diag00_a1_s23_llama1b_kv3072_cap12-01_long_burst_guard_relaxed-r8-0-9c978628,8,48,40,128,0,True,6,False
llama1b,3072,12,23,long,burst,growth_gate,6879.815469159,diag00_a1_s23_llama1b_kv3072_cap12-01_long_burst_guard_relaxed,guard_relaxed,cmpl-diag00_a1_s23_llama1b_kv3072_cap12-01_long_burst_guard_relaxed-r8-0-9c978628,8,48,40,128,0,True,6,False
llama1b,3072,12,23,long,burst,growth_gate,6879.831304075,diag00_a1_s23_llama1b_kv3072_cap12-01_long_burst_guard_relaxed,guard_relaxed,cmpl-diag00_a1_s23_llama1b_kv3072_cap12-01_long_burst_guard_relaxed-r8-0-9c978628,7,48,40,128,0,True,6,False
llama1b,3072,12,23,long,burst,growth_gate,6879.844475322,diag00_a1_s23_llama1b_kv3072_cap12-01_long_burst_guard_relaxed,guard_relaxed,cmpl-diag00_a1_s23_llama1b_kv3072_cap12-01_long_burst_guard_relaxed-r8-0-9c978628,7,48,40,128,0,True,6,False
llama1b,3072,12,23,long,burst,growth_gate,6879.855776139,diag00_a1_s23_llama1b_kv3072_cap12-01_long_burst_guard_relaxed,guard_relaxed,cmpl-diag00_a1_s23_llama1b_kv3072_cap12-01_long_burst_guard_relaxed-r8-0-9c978628,6,48,40,128,0,True,6,False
llama1b,3072,12,23,long,burst,growth_gate,6879.873893633,diag00_a1_s23_llama1b_kv3072_cap12-01_long_burst_guard_relaxed,guard_relaxed,cmpl-diag00_a1_s23_llama1b_kv3072_cap12-01_long_burst_guard_relaxed-r8-0-9c978628,6,48,40,128,0,True,6,False
llama1b,3072,12,23,long,burst,growth_gate,6879.888619449,diag00_a1_s23_llama1b_kv3072_cap12-01_long_burst_guard_relaxed,guard_relaxed,cmpl-diag00_a1_s23_llama1b_kv3072_cap12-01_long_burst_guard_relaxed-r8-0-9c978628,6,48,40,128,0,True,6,False
llama1b,3072,12,23,long,burst,growth_gate,6879.903620816,diag00_a1_s23_llama1b_kv3072_cap12-01_long_burst_guard_relaxed,guard_relaxed,cmpl-diag00_a1_s23_llama1b_kv3072_cap12-01_long_burst_guard_relaxed-r8-0-9c978628,5,48,40,128,0,True,6,False
llama1b,3072,12,23,long,burst,growth_gate,6879.918419585,diag00_a1_s23_llama1b_kv3072_cap12-01_long_burst_guard_relaxed,guard_relaxed,cmpl-diag00_a1_s23_llama1b_kv3072_cap12-01_long_burst_guard_relaxed-r8-0-9c978628,5,48,40,128,0,True,6,False
llama1b,3072,12,23,long,burst,growth_gate,6879.934385889,diag00_a1_s23_llama1b_kv3072_cap12-01_long_burst_guard_relaxed,guard_relaxed,cmpl-diag00_a1_s23_llama1b_kv3072_cap12-01_long_burst_guard_relaxed-r8-0-9c978628,4,48,40,128,0,True,6,False
llama1b,3072,12,23,long,burst,growth_gate,6879.950014057,diag00_a1_s23_llama1b_kv3072_cap12-01_long_burst_guard_relaxed,guard_relaxed,cmpl-diag00_a1_s23_llama1b_kv3072_cap12-01_long_burst_guard_relaxed-r8-0-9c978628,4,48,40,128,0,True,6,False
llama1b,3072,12,23,long,burst,growth_gate,6879.962038022,diag00_a1_s23_llama1b_kv3072_cap12-01_long_burst_guard_relaxed,guard_relaxed,cmpl-diag00_a1_s23_llama1b_kv3072_cap12-01_long_burst_guard_relaxed-r8-0-9c978628,4,48,40,128,0,True,6,False
llama1b,3072,12,23,long,burst,growth_gate,6879.974874538,diag00_a1_s23_llama1b_kv3072_cap12-01_long_burst_guard_relaxed,guard_relaxed,cmpl-diag00_a1_s23_llama1b_kv3072_cap12-01_long_burst_guard_relaxed-r8-0-9c978628,3,48,40,128,0,True,6,False
llama1b,3072,12,23,long,burst,growth_gate,6879.991995178,diag00_a1_s23_llama1b_kv3072_cap12-01_long_burst_guard_relaxed,guard_relaxed,cmpl-diag00_a1_s23_llama1b_kv3072_cap12-01_long_burst_guard_relaxed-r8-0-9c978628,3,48,40,128,0,True,6,False
llama1b,3072,12,23,long,burst,growth_gate,6880.007311245,diag00_a1_s23_llama1b_kv3072_cap12-01_long_burst_guard_relaxed,guard_relaxed,cmpl-diag00_a1_s23_llama1b_kv3072_cap12-01_long_burst_guard_relaxed-r8-0-9c978628,3,48,40,128,0,True,6,False
llama1b,3072,12,23,long,burst,growth_gate,6880.022770788,diag00_a1_s23_llama1b_kv3072_cap12-01_long_burst_guard_relaxed,guard_relaxed,cmpl-diag00_a1_s23_llama1b_kv3072_cap12-01_long_burst_guard_relaxed-r8-0-9c978628,3,48,40,128,0,True,6,False
llama1b,3072,12,23,long,burst,growth_gate,6880.032689788,diag00_a1_s23_llama1b_kv3072_cap12-01_long_burst_guard_relaxed,guard_relaxed,cmpl-diag00_a1_s23_llama1b_kv3072_cap12-01_long_burst_guard_relaxed-r8-0-9c978628,2,48,40,128,0,True,6,False
llama1b,3072,12,23,long,burst,growth_gate,6880.052687993,diag00_a1_s23_llama1b_kv3072_cap12-01_long_burst_guard_relaxed,guard_relaxed,cmpl-diag00_a1_s23_llama1b_kv3072_cap12-01_long_burst_guard_relaxed-r8-0-9c978628,2,48,40,128,0,True,6,False
llama1b,3072,12,23,long,burst,growth_gate,6880.065310317,diag00_a1_s23_llama1b_kv3072_cap12-01_long_burst_guard_relaxed,guard_relaxed,cmpl-diag00_a1_s23_llama1b_kv3072_cap12-01_long_burst_guard_relaxed-r8-0-9c978628,1,48,40,128,0,True,6,False
llama1b,3072,12,23,long,burst,growth_gate,6880.082373922,diag00_a1_s23_llama1b_kv3072_cap12-01_long_burst_guard_relaxed,guard_relaxed,cmpl-diag00_a1_s23_llama1b_kv3072_cap12-01_long_burst_guard_relaxed-r8-0-9c978628,1,48,40,128,0,True,6,False
llama1b,3072,12,23,long,burst,growth_gate,6880.091957332,diag00_a1_s23_llama1b_kv3072_cap12-01_long_burst_guard_relaxed,guard_relaxed,cmpl-diag00_a1_s23_llama1b_kv3072_cap12-01_long_burst_guard_relaxed-r8-0-9c978628,0,48,40,128,0,True,6,False
llama1b,3072,12,23,long,burst,growth_gate,6880.110933484,diag00_a1_s23_llama1b_kv3072_cap12-01_long_burst_guard_relaxed,guard_relaxed,cmpl-diag00_a1_s23_llama1b_kv3072_cap12-01_long_burst_guard_relaxed-r8-0-9c978628,0,48,40,128,0,True,6,False
llama1b,3072,12,23,long,burst,growth_gate,6880.123140664,diag00_a1_s23_llama1b_kv3072_cap12-01_long_burst_guard_relaxed,guard_relaxed,cmpl-diag00_a1_s23_llama1b_kv3072_cap12-01_long_burst_guard_relaxed-r8-0-9c978628,0,48,40,128,0,True,6,False
llama1b,3072,12,23,long,burst,growth_gate,6880.627597219,diag00_a1_s23_llama1b_kv3072_cap12-01_long_burst_guard_relaxed,guard_relaxed,cmpl-diag00_a1_s23_llama1b_kv3072_cap12-01_long_burst_guard_relaxed-r8-0-9c978628,21,40,40,128,0,True,5,False
llama1b,3072,12,23,long,burst,growth_gate,6880.643643618,diag00_a1_s23_llama1b_kv3072_cap12-01_long_burst_guard_relaxed,guard_relaxed,cmpl-diag00_a1_s23_llama1b_kv3072_cap12-01_long_burst_guard_relaxed-r8-0-9c978628,21,40,40,128,0,True,5,False
llama1b,3072,12,23,long,burst,growth_gate,6880.714521093,diag00_a1_s23_llama1b_kv3072_cap12-01_long_burst_guard_relaxed,guard_relaxed,cmpl-diag00_a1_s23_llama1b_kv3072_cap12-01_long_burst_guard_relaxed-r8-0-9c978628,21,40,40,128,0,True,5,False
llama1b,3072,12,23,long,burst,growth_gate,6880.730029441,diag00_a1_s23_llama1b_kv3072_cap12-01_long_burst_guard_relaxed,guard_relaxed,cmpl-diag00_a1_s23_llama1b_kv3072_cap12-01_long_burst_guard_relaxed-r8-0-9c978628,20,40,40,128,0,True,5,False
llama1b,3072,12,23,long,burst,growth_gate,6880.7434703,diag00_a1_s23_llama1b_kv3072_cap12-01_long_burst_guard_relaxed,guard_relaxed,cmpl-diag00_a1_s23_llama1b_kv3072_cap12-01_long_burst_guard_relaxed-r8-0-9c978628,20,40,40,128,0,True,5,False
llama1b,3072,12,23,long,burst,growth_gate,6880.761169724,diag00_a1_s23_llama1b_kv3072_cap12-01_long_burst_guard_relaxed,guard_relaxed,cmpl-diag00_a1_s23_llama1b_kv3072_cap12-01_long_burst_guard_relaxed-r8-0-9c978628,20,40,40,128,0,True,5,False
llama1b,3072,12,23,long,burst,growth_gate,6880.77445894,diag00_a1_s23_llama1b_kv3072_cap12-01_long_burst_guard_relaxed,guard_relaxed,cmpl-diag00_a1_s23_llama1b_kv3072_cap12-01_long_burst_guard_relaxed-r8-0-9c978628,20,40,40,128,0,True,5,False
llama1b,3072,12,23,long,burst,growth_gate,6880.788202958,diag00_a1_s23_llama1b_kv3072_cap12-01_long_burst_guard_relaxed,guard_relaxed,cmpl-diag00_a1_s23_llama1b_kv3072_cap12-01_long_burst_guard_relaxed-r8-0-9c978628,68,32,40,128,0,True,4,False
llama1b,3072,12,23,long,burst,growth_gate,6880.800031079,diag00_a1_s23_llama1b_kv3072_cap12-01_long_burst_guard_relaxed,guard_relaxed,cmpl-diag00_a1_s23_llama1b_kv3072_cap12-01_long_burst_guard_relaxed-r8-0-9c978628,68,32,40,128,0,True,4,False
llama1b,3072,12,23,long,burst,growth_gate,6880.814125735,diag00_a1_s23_llama1b_kv3072_cap12-01_long_burst_guard_relaxed,guard_relaxed,cmpl-diag00_a1_s23_llama1b_kv3072_cap12-01_long_burst_guard_relaxed-r8-0-9c978628,92,24,40,128,0,False,3,False
llama1b,3072,12,23,long,burst,growth_gate,6880.814323946,diag00_a1_s23_llama1b_kv3072_cap12-01_long_burst_guard_relaxed,guard_relaxed,cmpl-diag00_a1_s23_llama1b_kv3072_cap12-01_long_burst_guard_relaxed-r9-0-b3e32ba5,60,32,40,128,0,True,4,False
llama1b,3072,12,23,long,burst,growth_gate,6880.832990814,diag00_a1_s23_llama1b_kv3072_cap12-01_long_burst_guard_relaxed,guard_relaxed,cmpl-diag00_a1_s23_llama1b_kv3072_cap12-01_long_burst_guard_relaxed-r9-0-b3e32ba5,59,32,40,128,0,True,4,False
llama1b,3072,12,23,long,burst,growth_gate,6880.89072184,diag00_a1_s23_llama1b_kv3072_cap12-01_long_burst_guard_relaxed,guard_relaxed,cmpl-diag00_a1_s23_llama1b_kv3072_cap12-01_long_burst_guard_relaxed-r9-0-b3e32ba5,58,32,40,128,0,True,4,False
llama1b,3072,12,23,long,burst,growth_gate,6880.906158564,diag00_a1_s23_llama1b_kv3072_cap12-01_long_burst_guard_relaxed,guard_relaxed,cmpl-diag00_a1_s23_llama1b_kv3072_cap12-01_long_burst_guard_relaxed-r9-0-b3e32ba5,58,32,40,128,0,True,4,False
llama1b,3072,12,23,long,burst,growth_gate,6880.923680786,diag00_a1_s23_llama1b_kv3072_cap12-01_long_burst_guard_relaxed,guard_relaxed,cmpl-diag00_a1_s23_llama1b_kv3072_cap12-01_long_burst_guard_relaxed-r9-0-b3e32ba5,58,32,40,128,0,True,4,False
llama1b,3072,12,23,long,burst,growth_gate,6880.933367058,diag00_a1_s23_llama1b_kv3072_cap12-01_long_burst_guard_relaxed,guard_relaxed,cmpl-diag00_a1_s23_llama1b_kv3072_cap12-01_long_burst_guard_relaxed-r9-0-b3e32ba5,58,32,40,128,0,True,4,False
llama1b,3072,12,23,long,burst,growth_gate,6880.946947253,diag00_a1_s23_llama1b_kv3072_cap12-01_long_burst_guard_relaxed,guard_relaxed,cmpl-diag00_a1_s23_llama1b_kv3072_cap12-01_long_burst_guard_relaxed-r9-0-b3e32ba5,58,32,40,128,0,True,4,False
llama1b,3072,12,23,long,burst,growth_gate,6880.960402654,diag00_a1_s23_llama1b_kv3072_cap12-01_long_burst_guard_relaxed,guard_relaxed,cmpl-diag00_a1_s23_llama1b_kv3072_cap12-01_long_burst_guard_relaxed-r9-0-b3e32ba5,57,32,40,128,0,True,4,False
llama1b,3072,12,23,long,burst,growth_gate,6880.977188674,diag00_a1_s23_llama1b_kv3072_cap12-01_long_burst_guard_relaxed,guard_relaxed,cmpl-diag00_a1_s23_llama1b_kv3072_cap12-01_long_burst_guard_relaxed-r9-0-b3e32ba5,57,32,40,128,0,True,4,False
llama1b,3072,12,23,long,burst,growth_gate,6880.988810417,diag00_a1_s23_llama1b_kv3072_cap12-01_long_burst_guard_relaxed,guard_relaxed,cmpl-diag00_a1_s23_llama1b_kv3072_cap12-01_long_burst_guard_relaxed-r9-0-b3e32ba5,57,32,40,128,0,True,4,False
llama1b,3072,12,23,long,burst,growth_gate,6881.002122162,diag00_a1_s23_llama1b_kv3072_cap12-01_long_burst_guard_relaxed,guard_relaxed,cmpl-diag00_a1_s23_llama1b_kv3072_cap12-01_long_burst_guard_relaxed-r9-0-b3e32ba5,56,32,40,128,0,True,4,False
llama1b,3072,12,23,long,burst,growth_gate,6881.016403849,diag00_a1_s23_llama1b_kv3072_cap12-01_long_burst_guard_relaxed,guard_relaxed,cmpl-diag00_a1_s23_llama1b_kv3072_cap12-01_long_burst_guard_relaxed-r9-0-b3e32ba5,56,32,40,128,0,True,4,False
llama1b,3072,12,23,long,burst,growth_gate,6881.029719503,diag00_a1_s23_llama1b_kv3072_cap12-01_long_burst_guard_relaxed,guard_relaxed,cmpl-diag00_a1_s23_llama1b_kv3072_cap12-01_long_burst_guard_relaxed-r9-0-b3e32ba5,56,32,40,128,0,True,4,False
llama1b,3072,12,23,long,burst,growth_gate,6881.043216897,diag00_a1_s23_llama1b_kv3072_cap12-01_long_burst_guard_relaxed,guard_relaxed,cmpl-diag00_a1_s23_llama1b_kv3072_cap12-01_long_burst_guard_relaxed-r9-0-b3e32ba5,56,32,40,128,0,True,4,False
llama1b,3072,12,23,long,burst,growth_gate,6881.062634668,diag00_a1_s23_llama1b_kv3072_cap12-01_long_burst_guard_relaxed,guard_relaxed,cmpl-diag00_a1_s23_llama1b_kv3072_cap12-01_long_burst_guard_relaxed-r9-0-b3e32ba5,56,32,40,128,0,True,4,False
llama1b,3072,12,23,long,burst,growth_gate,6881.07229885,diag00_a1_s23_llama1b_kv3072_cap12-01_long_burst_guard_relaxed,guard_relaxed,cmpl-diag00_a1_s23_llama1b_kv3072_cap12-01_long_burst_guard_relaxed-r9-0-b3e32ba5,56,32,40,128,0,True,4,False
llama1b,3072,12,23,long,burst,growth_gate,6881.086681157,diag00_a1_s23_llama1b_kv3072_cap12-01_long_burst_guard_relaxed,guard_relaxed,cmpl-diag00_a1_s23_llama1b_kv3072_cap12-01_long_burst_guard_relaxed-r9-0-b3e32ba5,56,32,40,128,0,True,4,False
llama1b,3072,12,23,long,burst,growth_gate,6881.101704806,diag00_a1_s23_llama1b_kv3072_cap12-01_long_burst_guard_relaxed,guard_relaxed,cmpl-diag00_a1_s23_llama1b_kv3072_cap12-01_long_burst_guard_relaxed-r9-0-b3e32ba5,55,32,40,128,0,True,4,False
llama1b,3072,12,23,long,burst,growth_gate,6881.11592199,diag00_a1_s23_llama1b_kv3072_cap12-01_long_burst_guard_relaxed,guard_relaxed,cmpl-diag00_a1_s23_llama1b_kv3072_cap12-01_long_burst_guard_relaxed-r9-0-b3e32ba5,54,32,40,128,0,True,4,False
llama1b,3072,12,23,long,burst,growth_gate,6881.131587677,diag00_a1_s23_llama1b_kv3072_cap12-01_long_burst_guard_relaxed,guard_relaxed,cmpl-diag00_a1_s23_llama1b_kv3072_cap12-01_long_burst_guard_relaxed-r9-0-b3e32ba5,54,32,40,128,0,True,4,False
llama1b,3072,12,23,long,burst,growth_gate,6881.144983953,diag00_a1_s23_llama1b_kv3072_cap12-01_long_burst_guard_relaxed,guard_relaxed,cmpl-diag00_a1_s23_llama1b_kv3072_cap12-01_long_burst_guard_relaxed-r9-0-b3e32ba5,54,32,40,128,0,True,4,False
llama1b,3072,12,23,long,burst,growth_gate,6881.157049153,diag00_a1_s23_llama1b_kv3072_cap12-01_long_burst_guard_relaxed,guard_relaxed,cmpl-diag00_a1_s23_llama1b_kv3072_cap12-01_long_burst_guard_relaxed-r9-0-b3e32ba5,54,32,40,128,0,True,4,False
llama1b,3072,12,23,long,burst,growth_gate,6881.176156438,diag00_a1_s23_llama1b_kv3072_cap12-01_long_burst_guard_relaxed,guard_relaxed,cmpl-diag00_a1_s23_llama1b_kv3072_cap12-01_long_burst_guard_relaxed-r9-0-b3e32ba5,54,32,40,128,0,True,4,False
llama1b,3072,12,23,long,burst,growth_gate,6881.188207326,diag00_a1_s23_llama1b_kv3072_cap12-01_long_burst_guard_relaxed,guard_relaxed,cmpl-diag00_a1_s23_llama1b_kv3072_cap12-01_long_burst_guard_relaxed-r9-0-b3e32ba5,53,32,40,128,0,True,4,False
llama1b,3072,12,23,long,burst,growth_gate,6881.20443859,diag00_a1_s23_llama1b_kv3072_cap12-01_long_burst_guard_relaxed,guard_relaxed,cmpl-diag00_a1_s23_llama1b_kv3072_cap12-01_long_burst_guard_relaxed-r9-0-b3e32ba5,53,32,40,128,0,True,4,False
llama1b,3072,12,23,long,burst,growth_gate,6881.218601326,diag00_a1_s23_llama1b_kv3072_cap12-01_long_burst_guard_relaxed,guard_relaxed,cmpl-diag00_a1_s23_llama1b_kv3072_cap12-01_long_burst_guard_relaxed-r9-0-b3e32ba5,53,32,40,128,0,True,4,False
llama1b,3072,12,23,long,burst,growth_gate,6881.231761127,diag00_a1_s23_llama1b_kv3072_cap12-01_long_burst_guard_relaxed,guard_relaxed,cmpl-diag00_a1_s23_llama1b_kv3072_cap12-01_long_burst_guard_relaxed-r9-0-b3e32ba5,52,32,40,128,0,True,4,False
llama1b,3072,12,23,long,burst,growth_gate,6881.246805632,diag00_a1_s23_llama1b_kv3072_cap12-01_long_burst_guard_relaxed,guard_relaxed,cmpl-diag00_a1_s23_llama1b_kv3072_cap12-01_long_burst_guard_relaxed-r9-0-b3e32ba5,52,32,40,128,0,True,4,False
llama1b,3072,12,23,long,burst,growth_gate,6881.262443876,diag00_a1_s23_llama1b_kv3072_cap12-01_long_burst_guard_relaxed,guard_relaxed,cmpl-diag00_a1_s23_llama1b_kv3072_cap12-01_long_burst_guard_relaxed-r9-0-b3e32ba5,52,32,40,128,0,True,4,False
llama1b,3072,12,23,long,burst,growth_gate,6881.272336082,diag00_a1_s23_llama1b_kv3072_cap12-01_long_burst_guard_relaxed,guard_relaxed,cmpl-diag00_a1_s23_llama1b_kv3072_cap12-01_long_burst_guard_relaxed-r9-0-b3e32ba5,52,32,40,128,0,True,4,False
llama1b,3072,12,23,long,burst,growth_gate,6881.289450202,diag00_a1_s23_llama1b_kv3072_cap12-01_long_burst_guard_relaxed,guard_relaxed,cmpl-diag00_a1_s23_llama1b_kv3072_cap12-01_long_burst_guard_relaxed-r9-0-b3e32ba5,52,32,40,128,0,True,4,False
llama1b,3072,12,23,long,burst,growth_gate,6881.309095088,diag00_a1_s23_llama1b_kv3072_cap12-01_long_burst_guard_relaxed,guard_relaxed,cmpl-diag00_a1_s23_llama1b_kv3072_cap12-01_long_burst_guard_relaxed-r9-0-b3e32ba5,52,32,40,128,0,True,4,False
llama1b,3072,12,23,long,burst,growth_gate,6881.324407602,diag00_a1_s23_llama1b_kv3072_cap12-01_long_burst_guard_relaxed,guard_relaxed,cmpl-diag00_a1_s23_llama1b_kv3072_cap12-01_long_burst_guard_relaxed-r9-0-b3e32ba5,52,32,40,128,0,True,4,False
llama1b,3072,12,23,long,burst,growth_gate,6881.338709558,diag00_a1_s23_llama1b_kv3072_cap12-01_long_burst_guard_relaxed,guard_relaxed,cmpl-diag00_a1_s23_llama1b_kv3072_cap12-01_long_burst_guard_relaxed-r9-0-b3e32ba5,51,32,40,128,0,True,4,False
llama1b,3072,12,23,long,burst,growth_gate,6881.355945701,diag00_a1_s23_llama1b_kv3072_cap12-01_long_burst_guard_relaxed,guard_relaxed,cmpl-diag00_a1_s23_llama1b_kv3072_cap12-01_long_burst_guard_relaxed-r9-0-b3e32ba5,50,32,40,128,0,True,4,False
llama1b,3072,12,23,long,burst,growth_gate,6881.370353851,diag00_a1_s23_llama1b_kv3072_cap12-01_long_burst_guard_relaxed,guard_relaxed,cmpl-diag00_a1_s23_llama1b_kv3072_cap12-01_long_burst_guard_relaxed-r9-0-b3e32ba5,50,32,40,128,0,True,4,False
llama1b,3072,12,23,long,burst,growth_gate,6881.382171162,diag00_a1_s23_llama1b_kv3072_cap12-01_long_burst_guard_relaxed,guard_relaxed,cmpl-diag00_a1_s23_llama1b_kv3072_cap12-01_long_burst_guard_relaxed-r9-0-b3e32ba5,50,32,40,128,0,True,4,False
llama1b,3072,12,23,long,burst,growth_gate,6881.395325598,diag00_a1_s23_llama1b_kv3072_cap12-01_long_burst_guard_relaxed,guard_relaxed,cmpl-diag00_a1_s23_llama1b_kv3072_cap12-01_long_burst_guard_relaxed-r9-0-b3e32ba5,50,32,40,128,0,True,4,False
llama1b,3072,12,23,long,burst,growth_gate,6881.410043222,diag00_a1_s23_llama1b_kv3072_cap12-01_long_burst_guard_relaxed,guard_relaxed,cmpl-diag00_a1_s23_llama1b_kv3072_cap12-01_long_burst_guard_relaxed-r9-0-b3e32ba5,50,32,40,128,0,True,4,False
llama1b,3072,12,23,long,burst,growth_gate,6881.423213638,diag00_a1_s23_llama1b_kv3072_cap12-01_long_burst_guard_relaxed,guard_relaxed,cmpl-diag00_a1_s23_llama1b_kv3072_cap12-01_long_burst_guard_relaxed-r9-0-b3e32ba5,49,32,40,128,0,True,4,False
llama1b,3072,12,23,long,burst,growth_gate,6881.4362649,diag00_a1_s23_llama1b_kv3072_cap12-01_long_burst_guard_relaxed,guard_relaxed,cmpl-diag00_a1_s23_llama1b_kv3072_cap12-01_long_burst_guard_relaxed-r9-0-b3e32ba5,49,32,40,128,0,True,4,False
llama1b,3072,12,23,long,burst,growth_gate,6881.450235212,diag00_a1_s23_llama1b_kv3072_cap12-01_long_burst_guard_relaxed,guard_relaxed,cmpl-diag00_a1_s23_llama1b_kv3072_cap12-01_long_burst_guard_relaxed-r9-0-b3e32ba5,49,32,40,128,0,True,4,False
llama1b,3072,12,23,long,burst,growth_gate,6881.464063712,diag00_a1_s23_llama1b_kv3072_cap12-01_long_burst_guard_relaxed,guard_relaxed,cmpl-diag00_a1_s23_llama1b_kv3072_cap12-01_long_burst_guard_relaxed-r9-0-b3e32ba5,48,32,40,128,0,True,4,False
llama1b,3072,12,23,long,burst,growth_gate,6881.479653002,diag00_a1_s23_llama1b_kv3072_cap12-01_long_burst_guard_relaxed,guard_relaxed,cmpl-diag00_a1_s23_llama1b_kv3072_cap12-01_long_burst_guard_relaxed-r9-0-b3e32ba5,48,32,40,128,0,True,4,False
llama1b,3072,12,23,long,burst,growth_gate,6881.492845596,diag00_a1_s23_llama1b_kv3072_cap12-01_long_burst_guard_relaxed,guard_relaxed,cmpl-diag00_a1_s23_llama1b_kv3072_cap12-01_long_burst_guard_relaxed-r9-0-b3e32ba5,48,32,40,128,0,True,4,False
llama1b,3072,12,23,long,burst,growth_gate,6881.507094929,diag00_a1_s23_llama1b_kv3072_cap12-01_long_burst_guard_relaxed,guard_relaxed,cmpl-diag00_a1_s23_llama1b_kv3072_cap12-01_long_burst_guard_relaxed-r9-0-b3e32ba5,48,32,40,128,0,True,4,False
llama1b,3072,12,23,long,burst,growth_gate,6881.520762218,diag00_a1_s23_llama1b_kv3072_cap12-01_long_burst_guard_relaxed,guard_relaxed,cmpl-diag00_a1_s23_llama1b_kv3072_cap12-01_long_burst_guard_relaxed-r9-0-b3e32ba5,48,32,40,128,0,True,4,False
llama1b,3072,12,23,long,burst,growth_gate,6881.533636663,diag00_a1_s23_llama1b_kv3072_cap12-01_long_burst_guard_relaxed,guard_relaxed,cmpl-diag00_a1_s23_llama1b_kv3072_cap12-01_long_burst_guard_relaxed-r9-0-b3e32ba5,48,32,40,128,0,True,4,False
llama1b,3072,12,23,long,burst,growth_gate,6881.5517652,diag00_a1_s23_llama1b_kv3072_cap12-01_long_burst_guard_relaxed,guard_relaxed,cmpl-diag00_a1_s23_llama1b_kv3072_cap12-01_long_burst_guard_relaxed-r9-0-b3e32ba5,48,32,40,128,0,True,4,False
llama1b,3072,12,23,long,burst,growth_gate,6881.566222636,diag00_a1_s23_llama1b_kv3072_cap12-01_long_burst_guard_relaxed,guard_relaxed,cmpl-diag00_a1_s23_llama1b_kv3072_cap12-01_long_burst_guard_relaxed-r9-0-b3e32ba5,47,32,40,128,0,True,4,False
llama1b,3072,12,23,long,burst,growth_gate,6881.58161791,diag00_a1_s23_llama1b_kv3072_cap12-01_long_burst_guard_relaxed,guard_relaxed,cmpl-diag00_a1_s23_llama1b_kv3072_cap12-01_long_burst_guard_relaxed-r9-0-b3e32ba5,46,32,40,128,0,True,4,False
llama1b,3072,12,23,long,burst,growth_gate,6881.591481984,diag00_a1_s23_llama1b_kv3072_cap12-01_long_burst_guard_relaxed,guard_relaxed,cmpl-diag00_a1_s23_llama1b_kv3072_cap12-01_long_burst_guard_relaxed-r9-0-b3e32ba5,46,32,40,128,0,True,4,False
llama1b,3072,12,23,long,burst,growth_gate,6881.61027757,diag00_a1_s23_llama1b_kv3072_cap12-01_long_burst_guard_relaxed,guard_relaxed,cmpl-diag00_a1_s23_llama1b_kv3072_cap12-01_long_burst_guard_relaxed-r9-0-b3e32ba5,46,32,40,128,0,True,4,False
llama1b,3072,12,23,long,burst,growth_gate,6881.626320188,diag00_a1_s23_llama1b_kv3072_cap12-01_long_burst_guard_relaxed,guard_relaxed,cmpl-diag00_a1_s23_llama1b_kv3072_cap12-01_long_burst_guard_relaxed-r9-0-b3e32ba5,46,32,40,128,0,True,4,False
llama1b,3072,12,23,long,burst,growth_gate,6881.639838426,diag00_a1_s23_llama1b_kv3072_cap12-01_long_burst_guard_relaxed,guard_relaxed,cmpl-diag00_a1_s23_llama1b_kv3072_cap12-01_long_burst_guard_relaxed-r9-0-b3e32ba5,46,32,40,128,0,True,4,False
llama1b,3072,12,23,long,burst,growth_gate,6881.656192898,diag00_a1_s23_llama1b_kv3072_cap12-01_long_burst_guard_relaxed,guard_relaxed,cmpl-diag00_a1_s23_llama1b_kv3072_cap12-01_long_burst_guard_relaxed-r9-0-b3e32ba5,45,32,40,128,0,True,4,False
llama1b,3072,12,23,long,burst,growth_gate,6881.66637824,diag00_a1_s23_llama1b_kv3072_cap12-01_long_burst_guard_relaxed,guard_relaxed,cmpl-diag00_a1_s23_llama1b_kv3072_cap12-01_long_burst_guard_relaxed-r9-0-b3e32ba5,45,32,40,128,0,True,4,False
llama1b,3072,12,23,long,burst,growth_gate,6881.678686007,diag00_a1_s23_llama1b_kv3072_cap12-01_long_burst_guard_relaxed,guard_relaxed,cmpl-diag00_a1_s23_llama1b_kv3072_cap12-01_long_burst_guard_relaxed-r9-0-b3e32ba5,45,32,40,128,0,True,4,False
llama1b,3072,12,23,long,burst,growth_gate,6881.692825042,diag00_a1_s23_llama1b_kv3072_cap12-01_long_burst_guard_relaxed,guard_relaxed,cmpl-diag00_a1_s23_llama1b_kv3072_cap12-01_long_burst_guard_relaxed-r9-0-b3e32ba5,44,32,40,128,0,True,4,False
llama1b,3072,12,23,long,burst,growth_gate,6881.710093847,diag00_a1_s23_llama1b_kv3072_cap12-01_long_burst_guard_relaxed,guard_relaxed,cmpl-diag00_a1_s23_llama1b_kv3072_cap12-01_long_burst_guard_relaxed-r9-0-b3e32ba5,44,32,40,128,0,True,4,False
llama1b,3072,12,23,long,burst,growth_gate,6881.722042534,diag00_a1_s23_llama1b_kv3072_cap12-01_long_burst_guard_relaxed,guard_relaxed,cmpl-diag00_a1_s23_llama1b_kv3072_cap12-01_long_burst_guard_relaxed-r9-0-b3e32ba5,44,32,40,128,0,True,4,False
llama1b,3072,12,23,long,burst,growth_gate,6881.734610305,diag00_a1_s23_llama1b_kv3072_cap12-01_long_burst_guard_relaxed,guard_relaxed,cmpl-diag00_a1_s23_llama1b_kv3072_cap12-01_long_burst_guard_relaxed-r9-0-b3e32ba5,44,32,40,128,0,True,4,False
llama1b,3072,12,23,long,burst,growth_gate,6881.753065032,diag00_a1_s23_llama1b_kv3072_cap12-01_long_burst_guard_relaxed,guard_relaxed,cmpl-diag00_a1_s23_llama1b_kv3072_cap12-01_long_burst_guard_relaxed-r9-0-b3e32ba5,44,32,40,128,0,True,4,False
llama1b,3072,12,23,long,burst,growth_gate,6881.76368825,diag00_a1_s23_llama1b_kv3072_cap12-01_long_burst_guard_relaxed,guard_relaxed,cmpl-diag00_a1_s23_llama1b_kv3072_cap12-01_long_burst_guard_relaxed-r9-0-b3e32ba5,44,32,40,128,0,True,4,False
llama1b,3072,12,23,long,burst,growth_gate,6881.780695588,diag00_a1_s23_llama1b_kv3072_cap12-01_long_burst_guard_relaxed,guard_relaxed,cmpl-diag00_a1_s23_llama1b_kv3072_cap12-01_long_burst_guard_relaxed-r9-0-b3e32ba5,44,32,40,128,0,True,4,False
llama1b,3072,12,23,long,burst,growth_gate,6881.797005528,diag00_a1_s23_llama1b_kv3072_cap12-01_long_burst_guard_relaxed,guard_relaxed,cmpl-diag00_a1_s23_llama1b_kv3072_cap12-01_long_burst_guard_relaxed-r9-0-b3e32ba5,80,24,40,128,0,False,3,False
llama1b,3072,12,23,long,burst,growth_gate,6881.797105814,diag00_a1_s23_llama1b_kv3072_cap12-01_long_burst_guard_relaxed,guard_relaxed,cmpl-diag00_a1_s23_llama1b_kv3072_cap12-01_long_burst_guard_relaxed-r10-0-a804f6bb,48,32,24,128,0,True,4,False
llama1b,3072,12,23,long,burst,growth_gate,6881.810361093,diag00_a1_s23_llama1b_kv3072_cap12-01_long_burst_guard_relaxed,guard_relaxed,cmpl-diag00_a1_s23_llama1b_kv3072_cap12-01_long_burst_guard_relaxed-r10-0-a804f6bb,46,32,24,128,0,True,4,False
llama1b,3072,12,23,long,burst,growth_gate,6881.868977732,diag00_a1_s23_llama1b_kv3072_cap12-01_long_burst_guard_relaxed,guard_relaxed,cmpl-diag00_a1_s23_llama1b_kv3072_cap12-01_long_burst_guard_relaxed-r10-0-a804f6bb,46,32,24,128,0,True,4,False
llama1b,3072,12,23,long,burst,growth_gate,6881.881839406,diag00_a1_s23_llama1b_kv3072_cap12-01_long_burst_guard_relaxed,guard_relaxed,cmpl-diag00_a1_s23_llama1b_kv3072_cap12-01_long_burst_guard_relaxed-r10-0-a804f6bb,46,32,24,128,0,True,4,False
llama1b,3072,12,23,long,burst,growth_gate,6881.894905275,diag00_a1_s23_llama1b_kv3072_cap12-01_long_burst_guard_relaxed,guard_relaxed,cmpl-diag00_a1_s23_llama1b_kv3072_cap12-01_long_burst_guard_relaxed-r10-0-a804f6bb,46,32,24,128,0,True,4,False
llama1b,3072,12,23,long,burst,growth_gate,6881.914152535,diag00_a1_s23_llama1b_kv3072_cap12-01_long_burst_guard_relaxed,guard_relaxed,cmpl-diag00_a1_s23_llama1b_kv3072_cap12-01_long_burst_guard_relaxed-r10-0-a804f6bb,46,32,24,128,0,True,4,False
llama1b,3072,12,23,long,burst,growth_gate,6881.923923161,diag00_a1_s23_llama1b_kv3072_cap12-01_long_burst_guard_relaxed,guard_relaxed,cmpl-diag00_a1_s23_llama1b_kv3072_cap12-01_long_burst_guard_relaxed-r10-0-a804f6bb,45,32,24,128,0,True,4,False
llama1b,3072,12,23,long,burst,growth_gate,6881.938225834,diag00_a1_s23_llama1b_kv3072_cap12-01_long_burst_guard_relaxed,guard_relaxed,cmpl-diag00_a1_s23_llama1b_kv3072_cap12-01_long_burst_guard_relaxed-r10-0-a804f6bb,45,32,24,128,0,True,4,False
llama1b,3072,12,23,long,burst,growth_gate,6881.957193309,diag00_a1_s23_llama1b_kv3072_cap12-01_long_burst_guard_relaxed,guard_relaxed,cmpl-diag00_a1_s23_llama1b_kv3072_cap12-01_long_burst_guard_relaxed-r10-0-a804f6bb,45,32,24,128,0,True,4,False
llama1b,3072,12,23,long,burst,growth_gate,6881.966892229,diag00_a1_s23_llama1b_kv3072_cap12-01_long_burst_guard_relaxed,guard_relaxed,cmpl-diag00_a1_s23_llama1b_kv3072_cap12-01_long_burst_guard_relaxed-r10-0-a804f6bb,44,32,24,128,0,True,4,False
llama1b,3072,12,23,long,burst,growth_gate,6881.981377647,diag00_a1_s23_llama1b_kv3072_cap12-01_long_burst_guard_relaxed,guard_relaxed,cmpl-diag00_a1_s23_llama1b_kv3072_cap12-01_long_burst_guard_relaxed-r10-0-a804f6bb,44,32,24,128,0,True,4,False
llama1b,3072,12,23,long,burst,growth_gate,6881.99491917,diag00_a1_s23_llama1b_kv3072_cap12-01_long_burst_guard_relaxed,guard_relaxed,cmpl-diag00_a1_s23_llama1b_kv3072_cap12-01_long_burst_guard_relaxed-r10-0-a804f6bb,44,32,24,128,0,True,4,False
llama1b,3072,12,23,long,burst,growth_gate,6882.007549023,diag00_a1_s23_llama1b_kv3072_cap12-01_long_burst_guard_relaxed,guard_relaxed,cmpl-diag00_a1_s23_llama1b_kv3072_cap12-01_long_burst_guard_relaxed-r10-0-a804f6bb,44,32,24,128,0,True,4,False
llama1b,3072,12,23,long,burst,growth_gate,6882.025810481,diag00_a1_s23_llama1b_kv3072_cap12-01_long_burst_guard_relaxed,guard_relaxed,cmpl-diag00_a1_s23_llama1b_kv3072_cap12-01_long_burst_guard_relaxed-r10-0-a804f6bb,44,32,24,128,0,True,4,False
llama1b,3072,12,23,long,burst,growth_gate,6882.039806462,diag00_a1_s23_llama1b_kv3072_cap12-01_long_burst_guard_relaxed,guard_relaxed,cmpl-diag00_a1_s23_llama1b_kv3072_cap12-01_long_burst_guard_relaxed-r10-0-a804f6bb,44,32,24,128,0,True,4,False
llama1b,3072,12,23,long,burst,growth_gate,6882.055534932,diag00_a1_s23_llama1b_kv3072_cap12-01_long_burst_guard_relaxed,guard_relaxed,cmpl-diag00_a1_s23_llama1b_kv3072_cap12-01_long_burst_guard_relaxed-r10-0-a804f6bb,44,32,24,128,0,True,4,False
llama1b,3072,12,23,long,burst,growth_gate,6882.067138402,diag00_a1_s23_llama1b_kv3072_cap12-01_long_burst_guard_relaxed,guard_relaxed,cmpl-diag00_a1_s23_llama1b_kv3072_cap12-01_long_burst_guard_relaxed-r10-0-a804f6bb,44,32,24,128,0,True,4,False
llama1b,3072,12,23,long,burst,growth_gate,6882.086245993,diag00_a1_s23_llama1b_kv3072_cap12-01_long_burst_guard_relaxed,guard_relaxed,cmpl-diag00_a1_s23_llama1b_kv3072_cap12-01_long_burst_guard_relaxed-r10-0-a804f6bb,42,32,24,128,0,True,4,False
llama1b,3072,12,23,long,burst,growth_gate,6882.100444686,diag00_a1_s23_llama1b_kv3072_cap12-01_long_burst_guard_relaxed,guard_relaxed,cmpl-diag00_a1_s23_llama1b_kv3072_cap12-01_long_burst_guard_relaxed-r10-0-a804f6bb,42,32,24,128,0,True,4,False
llama1b,3072,12,23,long,burst,growth_gate,6882.113859497,diag00_a1_s23_llama1b_kv3072_cap12-01_long_burst_guard_relaxed,guard_relaxed,cmpl-diag00_a1_s23_llama1b_kv3072_cap12-01_long_burst_guard_relaxed-r10-0-a804f6bb,42,32,24,128,0,True,4,False
llama1b,3072,12,23,long,burst,growth_gate,6882.125952597,diag00_a1_s23_llama1b_kv3072_cap12-01_long_burst_guard_relaxed,guard_relaxed,cmpl-diag00_a1_s23_llama1b_kv3072_cap12-01_long_burst_guard_relaxed-r10-0-a804f6bb,42,32,24,128,0,True,4,False
llama1b,3072,12,23,long,burst,growth_gate,6882.139375764,diag00_a1_s23_llama1b_kv3072_cap12-01_long_burst_guard_relaxed,guard_relaxed,cmpl-diag00_a1_s23_llama1b_kv3072_cap12-01_long_burst_guard_relaxed-r10-0-a804f6bb,42,32,24,128,0,True,4,False
llama1b,3072,12,23,long,burst,growth_gate,6882.152623157,diag00_a1_s23_llama1b_kv3072_cap12-01_long_burst_guard_relaxed,guard_relaxed,cmpl-diag00_a1_s23_llama1b_kv3072_cap12-01_long_burst_guard_relaxed-r10-0-a804f6bb,41,32,24,128,0,True,4,False
llama1b,3072,12,23,long,burst,growth_gate,6882.166381303,diag00_a1_s23_llama1b_kv3072_cap12-01_long_burst_guard_relaxed,guard_relaxed,cmpl-diag00_a1_s23_llama1b_kv3072_cap12-01_long_burst_guard_relaxed-r10-0-a804f6bb,41,32,24,128,0,True,4,False
llama1b,3072,12,23,long,burst,growth_gate,6882.185570901,diag00_a1_s23_llama1b_kv3072_cap12-01_long_burst_guard_relaxed,guard_relaxed,cmpl-diag00_a1_s23_llama1b_kv3072_cap12-01_long_burst_guard_relaxed-r10-0-a804f6bb,41,32,24,128,0,True,4,False
llama1b,3072,12,23,long,burst,growth_gate,6882.196660209,diag00_a1_s23_llama1b_kv3072_cap12-01_long_burst_guard_relaxed,guard_relaxed,cmpl-diag00_a1_s23_llama1b_kv3072_cap12-01_long_burst_guard_relaxed-r10-0-a804f6bb,40,32,24,128,0,True,4,False
llama1b,3072,12,23,long,burst,growth_gate,6882.213282387,diag00_a1_s23_llama1b_kv3072_cap12-01_long_burst_guard_relaxed,guard_relaxed,cmpl-diag00_a1_s23_llama1b_kv3072_cap12-01_long_burst_guard_relaxed-r10-0-a804f6bb,40,32,24,128,0,True,4,False
llama1b,3072,12,23,long,burst,growth_gate,6882.226066367,diag00_a1_s23_llama1b_kv3072_cap12-01_long_burst_guard_relaxed,guard_relaxed,cmpl-diag00_a1_s23_llama1b_kv3072_cap12-01_long_burst_guard_relaxed-r10-0-a804f6bb,40,32,24,128,0,True,4,False
llama1b,3072,12,23,long,burst,growth_gate,6882.243745908,diag00_a1_s23_llama1b_kv3072_cap12-01_long_burst_guard_relaxed,guard_relaxed,cmpl-diag00_a1_s23_llama1b_kv3072_cap12-01_long_burst_guard_relaxed-r10-0-a804f6bb,40,32,24,128,0,True,4,False
llama1b,3072,12,23,long,burst,growth_gate,6882.259483425,diag00_a1_s23_llama1b_kv3072_cap12-01_long_burst_guard_relaxed,guard_relaxed,cmpl-diag00_a1_s23_llama1b_kv3072_cap12-01_long_burst_guard_relaxed-r10-0-a804f6bb,40,32,24,128,0,True,4,False
llama1b,3072,12,23,long,burst,growth_gate,6882.269051804,diag00_a1_s23_llama1b_kv3072_cap12-01_long_burst_guard_relaxed,guard_relaxed,cmpl-diag00_a1_s23_llama1b_kv3072_cap12-01_long_burst_guard_relaxed-r10-0-a804f6bb,40,32,24,128,0,True,4,False
llama1b,3072,12,23,long,burst,growth_gate,6882.283228604,diag00_a1_s23_llama1b_kv3072_cap12-01_long_burst_guard_relaxed,guard_relaxed,cmpl-diag00_a1_s23_llama1b_kv3072_cap12-01_long_burst_guard_relaxed-r10-0-a804f6bb,40,32,24,128,0,True,4,False
llama1b,3072,12,23,long,burst,growth_gate,6882.300024462,diag00_a1_s23_llama1b_kv3072_cap12-01_long_burst_guard_relaxed,guard_relaxed,cmpl-diag00_a1_s23_llama1b_kv3072_cap12-01_long_burst_guard_relaxed-r10-0-a804f6bb,40,32,24,128,0,True,4,False
llama1b,3072,12,23,long,burst,growth_gate,6882.316707787,diag00_a1_s23_llama1b_kv3072_cap12-01_long_burst_guard_relaxed,guard_relaxed,cmpl-diag00_a1_s23_llama1b_kv3072_cap12-01_long_burst_guard_relaxed-r10-0-a804f6bb,38,32,24,128,0,True,4,False
llama1b,3072,12,23,long,burst,growth_gate,6882.330601974,diag00_a1_s23_llama1b_kv3072_cap12-01_long_burst_guard_relaxed,guard_relaxed,cmpl-diag00_a1_s23_llama1b_kv3072_cap12-01_long_burst_guard_relaxed-r10-0-a804f6bb,38,32,24,128,0,True,4,False
llama1b,3072,12,23,long,burst,growth_gate,6882.34073874,diag00_a1_s23_llama1b_kv3072_cap12-01_long_burst_guard_relaxed,guard_relaxed,cmpl-diag00_a1_s23_llama1b_kv3072_cap12-01_long_burst_guard_relaxed-r10-0-a804f6bb,38,32,24,128,0,True,4,False
llama1b,3072,12,23,long,burst,growth_gate,6882.359743986,diag00_a1_s23_llama1b_kv3072_cap12-01_long_burst_guard_relaxed,guard_relaxed,cmpl-diag00_a1_s23_llama1b_kv3072_cap12-01_long_burst_guard_relaxed-r10-0-a804f6bb,38,32,24,128,0,True,4,False
llama1b,3072,12,23,long,burst,growth_gate,6882.37179846,diag00_a1_s23_llama1b_kv3072_cap12-01_long_burst_guard_relaxed,guard_relaxed,cmpl-diag00_a1_s23_llama1b_kv3072_cap12-01_long_burst_guard_relaxed-r10-0-a804f6bb,38,32,24,128,0,True,4,False
llama1b,3072,12,23,long,burst,growth_gate,6882.385311817,diag00_a1_s23_llama1b_kv3072_cap12-01_long_burst_guard_relaxed,guard_relaxed,cmpl-diag00_a1_s23_llama1b_kv3072_cap12-01_long_burst_guard_relaxed-r10-0-a804f6bb,86,24,24,128,0,False,3,False
llama1b,3072,12,23,long,burst,growth_gate,6882.385595294,diag00_a1_s23_llama1b_kv3072_cap12-01_long_burst_guard_relaxed,guard_relaxed,cmpl-diag00_a1_s23_llama1b_kv3072_cap12-01_long_burst_guard_relaxed-r11-0-98d0261a,70,32,16,128,0,False,4,False
llama1b,3072,12,23,generation,stagger,growth_gate,7020.219212545,diag00_a1_s23_llama1b_kv3072_cap12-05_generation_stagger_guard256,guard256,cmpl-diag00_a1_s23_llama1b_kv3072_cap12-05_generation_stagger_guard256-r0-0-9eddfbb5,191,0,48,256,0,False,0,True
llama1b,3072,12,23,generation,stagger,growth_gate,7020.377762285,diag00_a1_s23_llama1b_kv3072_cap12-05_generation_stagger_guard256,guard256,cmpl-diag00_a1_s23_llama1b_kv3072_cap12-05_generation_stagger_guard256-r1-0-ba39ee04,158,16,32,256,0,False,1,False
llama1b,3072,12,23,generation,stagger,growth_gate,7020.716657412,diag00_a1_s23_llama1b_kv3072_cap12-05_generation_stagger_guard256,guard256,cmpl-diag00_a1_s23_llama1b_kv3072_cap12-05_generation_stagger_guard256-r2-0-be5aba80,139,32,32,256,0,False,2,False
llama1b,3072,12,23,generation,stagger,growth_gate,7022.722644752,diag00_a1_s23_llama1b_kv3072_cap12-05_generation_stagger_guard256,guard256,cmpl-diag00_a1_s23_llama1b_kv3072_cap12-05_generation_stagger_guard256-r3-0-a23e8522,96,48,24,256,0,False,3,False
llama1b,3072,12,23,generation,stagger,growth_gate,7024.227915187,diag00_a1_s23_llama1b_kv3072_cap12-05_generation_stagger_guard256,guard256,cmpl-diag00_a1_s23_llama1b_kv3072_cap12-05_generation_stagger_guard256-r4-0-abd2217e,110,48,24,256,0,False,3,False
llama1b,3072,12,23,generation,stagger,growth_gate,7025.577097141,diag00_a1_s23_llama1b_kv3072_cap12-05_generation_stagger_guard256,guard256,cmpl-diag00_a1_s23_llama1b_kv3072_cap12-05_generation_stagger_guard256-r5-0-bd81bfb8,77,64,24,256,0,True,4,False
llama1b,3072,12,23,generation,stagger,growth_gate,7025.591928552,diag00_a1_s23_llama1b_kv3072_cap12-05_generation_stagger_guard256,guard256,cmpl-diag00_a1_s23_llama1b_kv3072_cap12-05_generation_stagger_guard256-r5-0-bd81bfb8,77,64,24,256,0,True,4,False
llama1b,3072,12,23,generation,stagger,growth_gate,7025.606233576,diag00_a1_s23_llama1b_kv3072_cap12-05_generation_stagger_guard256,guard256,cmpl-diag00_a1_s23_llama1b_kv3072_cap12-05_generation_stagger_guard256-r5-0-bd81bfb8,77,64,24,256,0,True,4,False
llama1b,3072,12,23,generation,stagger,growth_gate,7025.623256864,diag00_a1_s23_llama1b_kv3072_cap12-05_generation_stagger_guard256,guard256,cmpl-diag00_a1_s23_llama1b_kv3072_cap12-05_generation_stagger_guard256-r5-0-bd81bfb8,77,64,24,256,0,True,4,False
llama1b,3072,12,23,generation,stagger,growth_gate,7025.636663555,diag00_a1_s23_llama1b_kv3072_cap12-05_generation_stagger_guard256,guard256,cmpl-diag00_a1_s23_llama1b_kv3072_cap12-05_generation_stagger_guard256-r5-0-bd81bfb8,77,64,24,256,0,True,4,False
llama1b,3072,12,23,generation,stagger,growth_gate,7025.64947078,diag00_a1_s23_llama1b_kv3072_cap12-05_generation_stagger_guard256,guard256,cmpl-diag00_a1_s23_llama1b_kv3072_cap12-05_generation_stagger_guard256-r5-0-bd81bfb8,75,64,24,256,0,True,4,False
llama1b,3072,12,23,generation,stagger,growth_gate,7025.664580963,diag00_a1_s23_llama1b_kv3072_cap12-05_generation_stagger_guard256,guard256,cmpl-diag00_a1_s23_llama1b_kv3072_cap12-05_generation_stagger_guard256-r5-0-bd81bfb8,75,64,24,256,0,True,4,False
llama1b,3072,12,23,generation,stagger,growth_gate,7025.678745276,diag00_a1_s23_llama1b_kv3072_cap12-05_generation_stagger_guard256,guard256,cmpl-diag00_a1_s23_llama1b_kv3072_cap12-05_generation_stagger_guard256-r5-0-bd81bfb8,75,64,24,256,0,True,4,False
llama1b,3072,12,23,generation,stagger,growth_gate,7025.693349158,diag00_a1_s23_llama1b_kv3072_cap12-05_generation_stagger_guard256,guard256,cmpl-diag00_a1_s23_llama1b_kv3072_cap12-05_generation_stagger_guard256-r5-0-bd81bfb8,75,64,24,256,0,True,4,False
llama1b,3072,12,23,generation,stagger,growth_gate,7025.705996779,diag00_a1_s23_llama1b_kv3072_cap12-05_generation_stagger_guard256,guard256,cmpl-diag00_a1_s23_llama1b_kv3072_cap12-05_generation_stagger_guard256-r5-0-bd81bfb8,75,64,24,256,0,True,4,False
llama1b,3072,12,23,generation,stagger,growth_gate,7025.720017333,diag00_a1_s23_llama1b_kv3072_cap12-05_generation_stagger_guard256,guard256,cmpl-diag00_a1_s23_llama1b_kv3072_cap12-05_generation_stagger_guard256-r5-0-bd81bfb8,75,64,24,256,0,True,4,False
llama1b,3072,12,23,generation,stagger,growth_gate,7025.735542309,diag00_a1_s23_llama1b_kv3072_cap12-05_generation_stagger_guard256,guard256,cmpl-diag00_a1_s23_llama1b_kv3072_cap12-05_generation_stagger_guard256-r5-0-bd81bfb8,75,64,24,256,0,True,4,False
llama1b,3072,12,23,generation,stagger,growth_gate,7025.747747163,diag00_a1_s23_llama1b_kv3072_cap12-05_generation_stagger_guard256,guard256,cmpl-diag00_a1_s23_llama1b_kv3072_cap12-05_generation_stagger_guard256-r5-0-bd81bfb8,75,64,24,256,0,True,4,False
llama1b,3072,12,23,generation,stagger,growth_gate,7025.76179394,diag00_a1_s23_llama1b_kv3072_cap12-05_generation_stagger_guard256,guard256,cmpl-diag00_a1_s23_llama1b_kv3072_cap12-05_generation_stagger_guard256-r5-0-bd81bfb8,75,64,24,256,0,True,4,False
llama1b,3072,12,23,generation,stagger,growth_gate,7025.776357184,diag00_a1_s23_llama1b_kv3072_cap12-05_generation_stagger_guard256,guard256,cmpl-diag00_a1_s23_llama1b_kv3072_cap12-05_generation_stagger_guard256-r5-0-bd81bfb8,74,64,24,256,0,True,4,False
llama1b,3072,12,23,generation,stagger,growth_gate,7025.788758028,diag00_a1_s23_llama1b_kv3072_cap12-05_generation_stagger_guard256,guard256,cmpl-diag00_a1_s23_llama1b_kv3072_cap12-05_generation_stagger_guard256-r5-0-bd81bfb8,74,64,24,256,0,True,4,False
llama1b,3072,12,23,generation,stagger,growth_gate,7025.80244331,diag00_a1_s23_llama1b_kv3072_cap12-05_generation_stagger_guard256,guard256,cmpl-diag00_a1_s23_llama1b_kv3072_cap12-05_generation_stagger_guard256-r5-0-bd81bfb8,73,64,24,256,0,True,4,False
llama1b,3072,12,23,generation,stagger,growth_gate,7025.816628356,diag00_a1_s23_llama1b_kv3072_cap12-05_generation_stagger_guard256,guard256,cmpl-diag00_a1_s23_llama1b_kv3072_cap12-05_generation_stagger_guard256-r5-0-bd81bfb8,73,64,24,256,0,True,4,False
llama1b,3072,12,23,generation,stagger,growth_gate,7025.829884259,diag00_a1_s23_llama1b_kv3072_cap12-05_generation_stagger_guard256,guard256,cmpl-diag00_a1_s23_llama1b_kv3072_cap12-05_generation_stagger_guard256-r5-0-bd81bfb8,73,64,24,256,0,True,4,False
llama1b,3072,12,23,generation,stagger,growth_gate,7025.845808698,diag00_a1_s23_llama1b_kv3072_cap12-05_generation_stagger_guard256,guard256,cmpl-diag00_a1_s23_llama1b_kv3072_cap12-05_generation_stagger_guard256-r5-0-bd81bfb8,73,64,24,256,0,True,4,False
llama1b,3072,12,23,generation,stagger,growth_gate,7025.857853657,diag00_a1_s23_llama1b_kv3072_cap12-05_generation_stagger_guard256,guard256,cmpl-diag00_a1_s23_llama1b_kv3072_cap12-05_generation_stagger_guard256-r5-0-bd81bfb8,73,64,24,256,0,True,4,False
llama1b,3072,12,23,generation,stagger,growth_gate,7025.872240309,diag00_a1_s23_llama1b_kv3072_cap12-05_generation_stagger_guard256,guard256,cmpl-diag00_a1_s23_llama1b_kv3072_cap12-05_generation_stagger_guard256-r5-0-bd81bfb8,71,64,24,256,0,True,4,False
llama1b,3072,12,23,generation,stagger,growth_gate,7025.887541624,diag00_a1_s23_llama1b_kv3072_cap12-05_generation_stagger_guard256,guard256,cmpl-diag00_a1_s23_llama1b_kv3072_cap12-05_generation_stagger_guard256-r5-0-bd81bfb8,71,64,24,256,0,True,4,False
llama1b,3072,12,23,generation,stagger,growth_gate,7025.903373566,diag00_a1_s23_llama1b_kv3072_cap12-05_generation_stagger_guard256,guard256,cmpl-diag00_a1_s23_llama1b_kv3072_cap12-05_generation_stagger_guard256-r5-0-bd81bfb8,71,64,24,256,0,True,4,False
llama1b,3072,12,23,generation,stagger,growth_gate,7025.918136169,diag00_a1_s23_llama1b_kv3072_cap12-05_generation_stagger_guard256,guard256,cmpl-diag00_a1_s23_llama1b_kv3072_cap12-05_generation_stagger_guard256-r5-0-bd81bfb8,71,64,24,256,0,True,4,False
llama1b,3072,12,23,generation,stagger,growth_gate,7025.932241628,diag00_a1_s23_llama1b_kv3072_cap12-05_generation_stagger_guard256,guard256,cmpl-diag00_a1_s23_llama1b_kv3072_cap12-05_generation_stagger_guard256-r5-0-bd81bfb8,71,64,24,256,0,True,4,False
llama1b,3072,12,23,generation,stagger,growth_gate,7025.945615042,diag00_a1_s23_llama1b_kv3072_cap12-05_generation_stagger_guard256,guard256,cmpl-diag00_a1_s23_llama1b_kv3072_cap12-05_generation_stagger_guard256-r5-0-bd81bfb8,71,64,24,256,0,True,4,False
llama1b,3072,12,23,generation,stagger,growth_gate,7025.95903298,diag00_a1_s23_llama1b_kv3072_cap12-05_generation_stagger_guard256,guard256,cmpl-diag00_a1_s23_llama1b_kv3072_cap12-05_generation_stagger_guard256-r5-0-bd81bfb8,71,64,24,256,0,True,4,False
llama1b,3072,12,23,generation,stagger,growth_gate,7025.972669537,diag00_a1_s23_llama1b_kv3072_cap12-05_generation_stagger_guard256,guard256,cmpl-diag00_a1_s23_llama1b_kv3072_cap12-05_generation_stagger_guard256-r5-0-bd81bfb8,71,64,24,256,0,True,4,False
llama1b,3072,12,23,generation,stagger,growth_gate,7025.986555809,diag00_a1_s23_llama1b_kv3072_cap12-05_generation_stagger_guard256,guard256,cmpl-diag00_a1_s23_llama1b_kv3072_cap12-05_generation_stagger_guard256-r5-0-bd81bfb8,71,64,24,256,0,True,4,False
llama1b,3072,12,23,generation,stagger,growth_gate,7026.000708713,diag00_a1_s23_llama1b_kv3072_cap12-05_generation_stagger_guard256,guard256,cmpl-diag00_a1_s23_llama1b_kv3072_cap12-05_generation_stagger_guard256-r5-0-bd81bfb8,70,64,24,256,0,True,4,False
llama1b,3072,12,23,generation,stagger,growth_gate,7026.014390528,diag00_a1_s23_llama1b_kv3072_cap12-05_generation_stagger_guard256,guard256,cmpl-diag00_a1_s23_llama1b_kv3072_cap12-05_generation_stagger_guard256-r5-0-bd81bfb8,70,64,24,256,0,True,4,False
llama1b,3072,12,23,generation,stagger,growth_gate,7026.027356819,diag00_a1_s23_llama1b_kv3072_cap12-05_generation_stagger_guard256,guard256,cmpl-diag00_a1_s23_llama1b_kv3072_cap12-05_generation_stagger_guard256-r5-0-bd81bfb8,69,64,24,256,0,True,4,False
llama1b,3072,12,23,generation,stagger,growth_gate,7026.041721506,diag00_a1_s23_llama1b_kv3072_cap12-05_generation_stagger_guard256,guard256,cmpl-diag00_a1_s23_llama1b_kv3072_cap12-05_generation_stagger_guard256-r5-0-bd81bfb8,69,64,24,256,0,True,4,False
llama1b,3072,12,23,generation,stagger,growth_gate,7026.056105336,diag00_a1_s23_llama1b_kv3072_cap12-05_generation_stagger_guard256,guard256,cmpl-diag00_a1_s23_llama1b_kv3072_cap12-05_generation_stagger_guard256-r5-0-bd81bfb8,69,64,24,256,0,True,4,False
llama1b,3072,12,23,generation,stagger,growth_gate,7026.069720969,diag00_a1_s23_llama1b_kv3072_cap12-05_generation_stagger_guard256,guard256,cmpl-diag00_a1_s23_llama1b_kv3072_cap12-05_generation_stagger_guard256-r5-0-bd81bfb8,69,64,24,256,0,True,4,False
llama1b,3072,12,23,generation,stagger,growth_gate,7026.083831139,diag00_a1_s23_llama1b_kv3072_cap12-05_generation_stagger_guard256,guard256,cmpl-diag00_a1_s23_llama1b_kv3072_cap12-05_generation_stagger_guard256-r5-0-bd81bfb8,69,64,24,256,0,True,4,False
llama1b,3072,12,23,generation,stagger,growth_gate,7026.097660207,diag00_a1_s23_llama1b_kv3072_cap12-05_generation_stagger_guard256,guard256,cmpl-diag00_a1_s23_llama1b_kv3072_cap12-05_generation_stagger_guard256-r5-0-bd81bfb8,67,64,24,256,0,True,4,False
llama1b,3072,12,23,generation,stagger,growth_gate,7026.110808509,diag00_a1_s23_llama1b_kv3072_cap12-05_generation_stagger_guard256,guard256,cmpl-diag00_a1_s23_llama1b_kv3072_cap12-05_generation_stagger_guard256-r5-0-bd81bfb8,67,64,24,256,0,True,4,False
llama1b,3072,12,23,generation,stagger,growth_gate,7026.124702221,diag00_a1_s23_llama1b_kv3072_cap12-05_generation_stagger_guard256,guard256,cmpl-diag00_a1_s23_llama1b_kv3072_cap12-05_generation_stagger_guard256-r5-0-bd81bfb8,67,64,24,256,0,True,4,False
llama1b,3072,12,23,generation,stagger,growth_gate,7026.138718667,diag00_a1_s23_llama1b_kv3072_cap12-05_generation_stagger_guard256,guard256,cmpl-diag00_a1_s23_llama1b_kv3072_cap12-05_generation_stagger_guard256-r5-0-bd81bfb8,67,64,24,256,0,True,4,False
llama1b,3072,12,23,generation,stagger,growth_gate,7026.152852566,diag00_a1_s23_llama1b_kv3072_cap12-05_generation_stagger_guard256,guard256,cmpl-diag00_a1_s23_llama1b_kv3072_cap12-05_generation_stagger_guard256-r5-0-bd81bfb8,67,64,24,256,0,True,4,False
llama1b,3072,12,23,generation,stagger,growth_gate,7026.166512411,diag00_a1_s23_llama1b_kv3072_cap12-05_generation_stagger_guard256,guard256,cmpl-diag00_a1_s23_llama1b_kv3072_cap12-05_generation_stagger_guard256-r5-0-bd81bfb8,67,64,24,256,0,True,4,False
llama1b,3072,12,23,generation,stagger,growth_gate,7026.180433574,diag00_a1_s23_llama1b_kv3072_cap12-05_generation_stagger_guard256,guard256,cmpl-diag00_a1_s23_llama1b_kv3072_cap12-05_generation_stagger_guard256-r5-0-bd81bfb8,67,64,24,256,0,True,4,False
llama1b,3072,12,23,generation,stagger,growth_gate,7026.195856852,diag00_a1_s23_llama1b_kv3072_cap12-05_generation_stagger_guard256,guard256,cmpl-diag00_a1_s23_llama1b_kv3072_cap12-05_generation_stagger_guard256-r5-0-bd81bfb8,67,64,24,256,0,True,4,False
llama1b,3072,12,23,generation,stagger,growth_gate,7026.20838895,diag00_a1_s23_llama1b_kv3072_cap12-05_generation_stagger_guard256,guard256,cmpl-diag00_a1_s23_llama1b_kv3072_cap12-05_generation_stagger_guard256-r5-0-bd81bfb8,67,64,24,256,0,True,4,False
llama1b,3072,12,23,generation,stagger,growth_gate,7026.222426787,diag00_a1_s23_llama1b_kv3072_cap12-05_generation_stagger_guard256,guard256,cmpl-diag00_a1_s23_llama1b_kv3072_cap12-05_generation_stagger_guard256-r5-0-bd81bfb8,66,64,24,256,0,True,4,False
llama1b,3072,12,23,generation,stagger,growth_gate,7026.23593876,diag00_a1_s23_llama1b_kv3072_cap12-05_generation_stagger_guard256,guard256,cmpl-diag00_a1_s23_llama1b_kv3072_cap12-05_generation_stagger_guard256-r5-0-bd81bfb8,66,64,24,256,0,True,4,False
llama1b,3072,12,23,generation,stagger,growth_gate,7026.249546742,diag00_a1_s23_llama1b_kv3072_cap12-05_generation_stagger_guard256,guard256,cmpl-diag00_a1_s23_llama1b_kv3072_cap12-05_generation_stagger_guard256-r5-0-bd81bfb8,65,64,24,256,0,True,4,False
llama1b,3072,12,23,generation,stagger,growth_gate,7026.263567902,diag00_a1_s23_llama1b_kv3072_cap12-05_generation_stagger_guard256,guard256,cmpl-diag00_a1_s23_llama1b_kv3072_cap12-05_generation_stagger_guard256-r5-0-bd81bfb8,65,64,24,256,0,True,4,False
llama1b,3072,12,23,generation,stagger,growth_gate,7026.277411474,diag00_a1_s23_llama1b_kv3072_cap12-05_generation_stagger_guard256,guard256,cmpl-diag00_a1_s23_llama1b_kv3072_cap12-05_generation_stagger_guard256-r5-0-bd81bfb8,65,64,24,256,0,True,4,False
llama1b,3072,12,23,generation,stagger,growth_gate,7026.291691481,diag00_a1_s23_llama1b_kv3072_cap12-05_generation_stagger_guard256,guard256,cmpl-diag00_a1_s23_llama1b_kv3072_cap12-05_generation_stagger_guard256-r5-0-bd81bfb8,65,64,24,256,0,True,4,False
llama1b,3072,12,23,generation,stagger,growth_gate,7026.305073315,diag00_a1_s23_llama1b_kv3072_cap12-05_generation_stagger_guard256,guard256,cmpl-diag00_a1_s23_llama1b_kv3072_cap12-05_generation_stagger_guard256-r5-0-bd81bfb8,65,64,24,256,0,True,4,False
llama1b,3072,12,23,generation,stagger,growth_gate,7026.319443902,diag00_a1_s23_llama1b_kv3072_cap12-05_generation_stagger_guard256,guard256,cmpl-diag00_a1_s23_llama1b_kv3072_cap12-05_generation_stagger_guard256-r5-0-bd81bfb8,63,64,24,256,0,True,4,False
llama1b,3072,12,23,generation,stagger,growth_gate,7026.332859276,diag00_a1_s23_llama1b_kv3072_cap12-05_generation_stagger_guard256,guard256,cmpl-diag00_a1_s23_llama1b_kv3072_cap12-05_generation_stagger_guard256-r5-0-bd81bfb8,63,64,24,256,0,True,4,False
llama1b,3072,12,23,generation,stagger,growth_gate,7026.34650357,diag00_a1_s23_llama1b_kv3072_cap12-05_generation_stagger_guard256,guard256,cmpl-diag00_a1_s23_llama1b_kv3072_cap12-05_generation_stagger_guard256-r5-0-bd81bfb8,63,64,24,256,0,True,4,False
llama1b,3072,12,23,generation,stagger,growth_gate,7026.359954517,diag00_a1_s23_llama1b_kv3072_cap12-05_generation_stagger_guard256,guard256,cmpl-diag00_a1_s23_llama1b_kv3072_cap12-05_generation_stagger_guard256-r5-0-bd81bfb8,63,64,24,256,0,True,4,False
llama1b,3072,12,23,generation,stagger,growth_gate,7026.373631112,diag00_a1_s23_llama1b_kv3072_cap12-05_generation_stagger_guard256,guard256,cmpl-diag00_a1_s23_llama1b_kv3072_cap12-05_generation_stagger_guard256-r5-0-bd81bfb8,63,64,24,256,0,True,4,False
llama1b,3072,12,23,generation,stagger,growth_gate,7026.387379523,diag00_a1_s23_llama1b_kv3072_cap12-05_generation_stagger_guard256,guard256,cmpl-diag00_a1_s23_llama1b_kv3072_cap12-05_generation_stagger_guard256-r5-0-bd81bfb8,63,64,24,256,0,True,4,False
llama1b,3072,12,23,generation,stagger,growth_gate,7026.401946388,diag00_a1_s23_llama1b_kv3072_cap12-05_generation_stagger_guard256,guard256,cmpl-diag00_a1_s23_llama1b_kv3072_cap12-05_generation_stagger_guard256-r5-0-bd81bfb8,63,64,24,256,0,True,4,False
llama1b,3072,12,23,generation,stagger,growth_gate,7026.414890798,diag00_a1_s23_llama1b_kv3072_cap12-05_generation_stagger_guard256,guard256,cmpl-diag00_a1_s23_llama1b_kv3072_cap12-05_generation_stagger_guard256-r5-0-bd81bfb8,63,64,24,256,0,True,4,False
llama1b,3072,12,23,generation,stagger,growth_gate,7026.429420703,diag00_a1_s23_llama1b_kv3072_cap12-05_generation_stagger_guard256,guard256,cmpl-diag00_a1_s23_llama1b_kv3072_cap12-05_generation_stagger_guard256-r5-0-bd81bfb8,63,64,24,256,0,True,4,False
llama1b,3072,12,23,generation,stagger,growth_gate,7026.444150228,diag00_a1_s23_llama1b_kv3072_cap12-05_generation_stagger_guard256,guard256,cmpl-diag00_a1_s23_llama1b_kv3072_cap12-05_generation_stagger_guard256-r5-0-bd81bfb8,62,64,24,256,0,True,4,False
llama1b,3072,12,23,generation,stagger,growth_gate,7026.458545548,diag00_a1_s23_llama1b_kv3072_cap12-05_generation_stagger_guard256,guard256,cmpl-diag00_a1_s23_llama1b_kv3072_cap12-05_generation_stagger_guard256-r5-0-bd81bfb8,62,64,24,256,0,True,4,False
llama1b,3072,12,23,generation,stagger,growth_gate,7026.473941748,diag00_a1_s23_llama1b_kv3072_cap12-05_generation_stagger_guard256,guard256,cmpl-diag00_a1_s23_llama1b_kv3072_cap12-05_generation_stagger_guard256-r5-0-bd81bfb8,61,64,24,256,0,True,4,False
llama1b,3072,12,23,generation,stagger,growth_gate,7026.490322395,diag00_a1_s23_llama1b_kv3072_cap12-05_generation_stagger_guard256,guard256,cmpl-diag00_a1_s23_llama1b_kv3072_cap12-05_generation_stagger_guard256-r5-0-bd81bfb8,61,64,24,256,0,True,4,False
llama1b,3072,12,23,generation,stagger,growth_gate,7026.503962986,diag00_a1_s23_llama1b_kv3072_cap12-05_generation_stagger_guard256,guard256,cmpl-diag00_a1_s23_llama1b_kv3072_cap12-05_generation_stagger_guard256-r5-0-bd81bfb8,61,64,24,256,0,True,4,False
llama1b,3072,12,23,generation,stagger,growth_gate,7026.51670857,diag00_a1_s23_llama1b_kv3072_cap12-05_generation_stagger_guard256,guard256,cmpl-diag00_a1_s23_llama1b_kv3072_cap12-05_generation_stagger_guard256-r5-0-bd81bfb8,61,64,24,256,0,True,4,False
llama1b,3072,12,23,generation,stagger,growth_gate,7026.531088013,diag00_a1_s23_llama1b_kv3072_cap12-05_generation_stagger_guard256,guard256,cmpl-diag00_a1_s23_llama1b_kv3072_cap12-05_generation_stagger_guard256-r5-0-bd81bfb8,61,64,24,256,0,True,4,False
llama1b,3072,12,23,generation,stagger,growth_gate,7026.545574098,diag00_a1_s23_llama1b_kv3072_cap12-05_generation_stagger_guard256,guard256,cmpl-diag00_a1_s23_llama1b_kv3072_cap12-05_generation_stagger_guard256-r5-0-bd81bfb8,59,64,24,256,0,True,4,False
llama1b,3072,12,23,generation,stagger,growth_gate,7026.561009637,diag00_a1_s23_llama1b_kv3072_cap12-05_generation_stagger_guard256,guard256,cmpl-diag00_a1_s23_llama1b_kv3072_cap12-05_generation_stagger_guard256-r5-0-bd81bfb8,59,64,24,256,0,True,4,False
llama1b,3072,12,23,generation,stagger,growth_gate,7026.573610382,diag00_a1_s23_llama1b_kv3072_cap12-05_generation_stagger_guard256,guard256,cmpl-diag00_a1_s23_llama1b_kv3072_cap12-05_generation_stagger_guard256-r5-0-bd81bfb8,59,64,24,256,0,True,4,False
llama1b,3072,12,23,generation,stagger,growth_gate,7026.587982702,diag00_a1_s23_llama1b_kv3072_cap12-05_generation_stagger_guard256,guard256,cmpl-diag00_a1_s23_llama1b_kv3072_cap12-05_generation_stagger_guard256-r5-0-bd81bfb8,59,64,24,256,0,True,4,False
llama1b,3072,12,23,generation,stagger,growth_gate,7026.601933474,diag00_a1_s23_llama1b_kv3072_cap12-05_generation_stagger_guard256,guard256,cmpl-diag00_a1_s23_llama1b_kv3072_cap12-05_generation_stagger_guard256-r5-0-bd81bfb8,59,64,24,256,0,True,4,False
llama1b,3072,12,23,generation,stagger,growth_gate,7026.616372189,diag00_a1_s23_llama1b_kv3072_cap12-05_generation_stagger_guard256,guard256,cmpl-diag00_a1_s23_llama1b_kv3072_cap12-05_generation_stagger_guard256-r5-0-bd81bfb8,59,64,24,256,0,True,4,False
llama1b,3072,12,23,generation,stagger,growth_gate,7026.629568404,diag00_a1_s23_llama1b_kv3072_cap12-05_generation_stagger_guard256,guard256,cmpl-diag00_a1_s23_llama1b_kv3072_cap12-05_generation_stagger_guard256-r5-0-bd81bfb8,59,64,24,256,0,True,4,False
llama1b,3072,12,23,generation,stagger,growth_gate,7026.643989298,diag00_a1_s23_llama1b_kv3072_cap12-05_generation_stagger_guard256,guard256,cmpl-diag00_a1_s23_llama1b_kv3072_cap12-05_generation_stagger_guard256-r5-0-bd81bfb8,59,64,24,256,0,True,4,False
llama1b,3072,12,23,generation,stagger,growth_gate,7026.659175443,diag00_a1_s23_llama1b_kv3072_cap12-05_generation_stagger_guard256,guard256,cmpl-diag00_a1_s23_llama1b_kv3072_cap12-05_generation_stagger_guard256-r5-0-bd81bfb8,59,64,24,256,0,True,4,False
llama1b,3072,12,23,generation,stagger,growth_gate,7026.673110625,diag00_a1_s23_llama1b_kv3072_cap12-05_generation_stagger_guard256,guard256,cmpl-diag00_a1_s23_llama1b_kv3072_cap12-05_generation_stagger_guard256-r5-0-bd81bfb8,58,64,24,256,0,True,4,False
llama1b,3072,12,23,generation,stagger,growth_gate,7026.688088112,diag00_a1_s23_llama1b_kv3072_cap12-05_generation_stagger_guard256,guard256,cmpl-diag00_a1_s23_llama1b_kv3072_cap12-05_generation_stagger_guard256-r5-0-bd81bfb8,58,64,24,256,0,True,4,False
llama1b,3072,12,23,generation,stagger,growth_gate,7026.701425175,diag00_a1_s23_llama1b_kv3072_cap12-05_generation_stagger_guard256,guard256,cmpl-diag00_a1_s23_llama1b_kv3072_cap12-05_generation_stagger_guard256-r5-0-bd81bfb8,57,64,24,256,0,True,4,False
llama1b,3072,12,23,generation,stagger,growth_gate,7026.715855669,diag00_a1_s23_llama1b_kv3072_cap12-05_generation_stagger_guard256,guard256,cmpl-diag00_a1_s23_llama1b_kv3072_cap12-05_generation_stagger_guard256-r5-0-bd81bfb8,57,64,24,256,0,True,4,False
llama1b,3072,12,23,generation,stagger,growth_gate,7026.730474307,diag00_a1_s23_llama1b_kv3072_cap12-05_generation_stagger_guard256,guard256,cmpl-diag00_a1_s23_llama1b_kv3072_cap12-05_generation_stagger_guard256-r5-0-bd81bfb8,57,64,24,256,0,True,4,False
llama1b,3072,12,23,generation,stagger,growth_gate,7026.743185115,diag00_a1_s23_llama1b_kv3072_cap12-05_generation_stagger_guard256,guard256,cmpl-diag00_a1_s23_llama1b_kv3072_cap12-05_generation_stagger_guard256-r5-0-bd81bfb8,57,64,24,256,0,True,4,False
llama1b,3072,12,23,generation,stagger,growth_gate,7026.756913238,diag00_a1_s23_llama1b_kv3072_cap12-05_generation_stagger_guard256,guard256,cmpl-diag00_a1_s23_llama1b_kv3072_cap12-05_generation_stagger_guard256-r5-0-bd81bfb8,57,64,24,256,0,True,4,False
llama1b,3072,12,23,generation,stagger,growth_gate,7026.772979217,diag00_a1_s23_llama1b_kv3072_cap12-05_generation_stagger_guard256,guard256,cmpl-diag00_a1_s23_llama1b_kv3072_cap12-05_generation_stagger_guard256-r5-0-bd81bfb8,55,64,24,256,0,True,4,False
llama1b,3072,12,23,generation,stagger,growth_gate,7026.787931915,diag00_a1_s23_llama1b_kv3072_cap12-05_generation_stagger_guard256,guard256,cmpl-diag00_a1_s23_llama1b_kv3072_cap12-05_generation_stagger_guard256-r5-0-bd81bfb8,55,64,24,256,0,True,4,False
llama1b,3072,12,23,generation,stagger,growth_gate,7026.802052936,diag00_a1_s23_llama1b_kv3072_cap12-05_generation_stagger_guard256,guard256,cmpl-diag00_a1_s23_llama1b_kv3072_cap12-05_generation_stagger_guard256-r5-0-bd81bfb8,55,64,24,256,0,True,4,False
llama1b,3072,12,23,generation,stagger,growth_gate,7026.817184823,diag00_a1_s23_llama1b_kv3072_cap12-05_generation_stagger_guard256,guard256,cmpl-diag00_a1_s23_llama1b_kv3072_cap12-05_generation_stagger_guard256-r5-0-bd81bfb8,55,64,24,256,0,True,4,False
llama1b,3072,12,23,generation,stagger,growth_gate,7026.831914792,diag00_a1_s23_llama1b_kv3072_cap12-05_generation_stagger_guard256,guard256,cmpl-diag00_a1_s23_llama1b_kv3072_cap12-05_generation_stagger_guard256-r5-0-bd81bfb8,55,64,24,256,0,True,4,False
llama1b,3072,12,23,generation,stagger,growth_gate,7026.846881201,diag00_a1_s23_llama1b_kv3072_cap12-05_generation_stagger_guard256,guard256,cmpl-diag00_a1_s23_llama1b_kv3072_cap12-05_generation_stagger_guard256-r5-0-bd81bfb8,55,64,24,256,0,True,4,False
llama1b,3072,12,23,generation,stagger,growth_gate,7026.860670173,diag00_a1_s23_llama1b_kv3072_cap12-05_generation_stagger_guard256,guard256,cmpl-diag00_a1_s23_llama1b_kv3072_cap12-05_generation_stagger_guard256-r5-0-bd81bfb8,55,64,24,256,0,True,4,False
llama1b,3072,12,23,generation,stagger,growth_gate,7026.875851554,diag00_a1_s23_llama1b_kv3072_cap12-05_generation_stagger_guard256,guard256,cmpl-diag00_a1_s23_llama1b_kv3072_cap12-05_generation_stagger_guard256-r5-0-bd81bfb8,55,64,24,256,0,True,4,False
llama1b,3072,12,23,generation,stagger,growth_gate,7026.888992483,diag00_a1_s23_llama1b_kv3072_cap12-05_generation_stagger_guard256,guard256,cmpl-diag00_a1_s23_llama1b_kv3072_cap12-05_generation_stagger_guard256-r5-0-bd81bfb8,55,64,24,256,0,True,4,False
llama1b,3072,12,23,generation,stagger,growth_gate,7026.903196345,diag00_a1_s23_llama1b_kv3072_cap12-05_generation_stagger_guard256,guard256,cmpl-diag00_a1_s23_llama1b_kv3072_cap12-05_generation_stagger_guard256-r5-0-bd81bfb8,54,64,24,256,0,True,4,False
llama1b,3072,12,23,generation,stagger,growth_gate,7026.919111924,diag00_a1_s23_llama1b_kv3072_cap12-05_generation_stagger_guard256,guard256,cmpl-diag00_a1_s23_llama1b_kv3072_cap12-05_generation_stagger_guard256-r5-0-bd81bfb8,54,64,24,256,0,True,4,False
llama1b,3072,12,23,generation,stagger,growth_gate,7026.932953238,diag00_a1_s23_llama1b_kv3072_cap12-05_generation_stagger_guard256,guard256,cmpl-diag00_a1_s23_llama1b_kv3072_cap12-05_generation_stagger_guard256-r5-0-bd81bfb8,53,64,24,256,0,True,4,False
llama1b,3072,12,23,generation,stagger,growth_gate,7026.947228874,diag00_a1_s23_llama1b_kv3072_cap12-05_generation_stagger_guard256,guard256,cmpl-diag00_a1_s23_llama1b_kv3072_cap12-05_generation_stagger_guard256-r5-0-bd81bfb8,53,64,24,256,0,True,4,False
llama1b,3072,12,23,generation,stagger,growth_gate,7026.960385956,diag00_a1_s23_llama1b_kv3072_cap12-05_generation_stagger_guard256,guard256,cmpl-diag00_a1_s23_llama1b_kv3072_cap12-05_generation_stagger_guard256-r5-0-bd81bfb8,53,64,24,256,0,True,4,False
llama1b,3072,12,23,generation,stagger,growth_gate,7026.975114003,diag00_a1_s23_llama1b_kv3072_cap12-05_generation_stagger_guard256,guard256,cmpl-diag00_a1_s23_llama1b_kv3072_cap12-05_generation_stagger_guard256-r5-0-bd81bfb8,53,64,24,256,0,True,4,False
llama1b,3072,12,23,generation,stagger,growth_gate,7026.987971754,diag00_a1_s23_llama1b_kv3072_cap12-05_generation_stagger_guard256,guard256,cmpl-diag00_a1_s23_llama1b_kv3072_cap12-05_generation_stagger_guard256-r5-0-bd81bfb8,53,64,24,256,0,True,4,False
llama1b,3072,12,23,generation,stagger,growth_gate,7027.00164595,diag00_a1_s23_llama1b_kv3072_cap12-05_generation_stagger_guard256,guard256,cmpl-diag00_a1_s23_llama1b_kv3072_cap12-05_generation_stagger_guard256-r5-0-bd81bfb8,51,64,24,256,0,True,4,False
llama1b,3072,12,23,generation,stagger,growth_gate,7027.015657724,diag00_a1_s23_llama1b_kv3072_cap12-05_generation_stagger_guard256,guard256,cmpl-diag00_a1_s23_llama1b_kv3072_cap12-05_generation_stagger_guard256-r5-0-bd81bfb8,51,64,24,256,0,True,4,False
llama1b,3072,12,23,generation,stagger,growth_gate,7027.028723253,diag00_a1_s23_llama1b_kv3072_cap12-05_generation_stagger_guard256,guard256,cmpl-diag00_a1_s23_llama1b_kv3072_cap12-05_generation_stagger_guard256-r5-0-bd81bfb8,51,64,24,256,0,True,4,False
llama1b,3072,12,23,generation,stagger,growth_gate,7027.043353197,diag00_a1_s23_llama1b_kv3072_cap12-05_generation_stagger_guard256,guard256,cmpl-diag00_a1_s23_llama1b_kv3072_cap12-05_generation_stagger_guard256-r5-0-bd81bfb8,51,64,24,256,0,True,4,False
llama1b,3072,12,23,generation,stagger,growth_gate,7027.05728946,diag00_a1_s23_llama1b_kv3072_cap12-05_generation_stagger_guard256,guard256,cmpl-diag00_a1_s23_llama1b_kv3072_cap12-05_generation_stagger_guard256-r5-0-bd81bfb8,51,64,24,256,0,True,4,False
llama1b,3072,12,23,generation,stagger,growth_gate,7027.073490565,diag00_a1_s23_llama1b_kv3072_cap12-05_generation_stagger_guard256,guard256,cmpl-diag00_a1_s23_llama1b_kv3072_cap12-05_generation_stagger_guard256-r5-0-bd81bfb8,51,64,24,256,0,True,4,False
llama1b,3072,12,23,generation,stagger,growth_gate,7027.086992266,diag00_a1_s23_llama1b_kv3072_cap12-05_generation_stagger_guard256,guard256,cmpl-diag00_a1_s23_llama1b_kv3072_cap12-05_generation_stagger_guard256-r5-0-bd81bfb8,51,64,24,256,0,True,4,False
llama1b,3072,12,23,generation,stagger,growth_gate,7027.100117438,diag00_a1_s23_llama1b_kv3072_cap12-05_generation_stagger_guard256,guard256,cmpl-diag00_a1_s23_llama1b_kv3072_cap12-05_generation_stagger_guard256-r5-0-bd81bfb8,51,64,24,256,0,True,4,False
llama1b,3072,12,23,generation,stagger,growth_gate,7027.114482906,diag00_a1_s23_llama1b_kv3072_cap12-05_generation_stagger_guard256,guard256,cmpl-diag00_a1_s23_llama1b_kv3072_cap12-05_generation_stagger_guard256-r5-0-bd81bfb8,51,64,24,256,0,True,4,False
llama1b,3072,12,23,generation,stagger,growth_gate,7027.127864671,diag00_a1_s23_llama1b_kv3072_cap12-05_generation_stagger_guard256,guard256,cmpl-diag00_a1_s23_llama1b_kv3072_cap12-05_generation_stagger_guard256-r5-0-bd81bfb8,50,64,24,256,0,True,4,False
llama1b,3072,12,23,generation,stagger,growth_gate,7027.140698575,diag00_a1_s23_llama1b_kv3072_cap12-05_generation_stagger_guard256,guard256,cmpl-diag00_a1_s23_llama1b_kv3072_cap12-05_generation_stagger_guard256-r5-0-bd81bfb8,50,64,24,256,0,True,4,False
llama1b,3072,12,23,generation,stagger,growth_gate,7027.155239289,diag00_a1_s23_llama1b_kv3072_cap12-05_generation_stagger_guard256,guard256,cmpl-diag00_a1_s23_llama1b_kv3072_cap12-05_generation_stagger_guard256-r5-0-bd81bfb8,49,64,24,256,0,True,4,False
llama1b,3072,12,23,generation,stagger,growth_gate,7027.167988639,diag00_a1_s23_llama1b_kv3072_cap12-05_generation_stagger_guard256,guard256,cmpl-diag00_a1_s23_llama1b_kv3072_cap12-05_generation_stagger_guard256-r5-0-bd81bfb8,49,64,24,256,0,True,4,False
llama1b,3072,12,23,generation,stagger,growth_gate,7027.181960298,diag00_a1_s23_llama1b_kv3072_cap12-05_generation_stagger_guard256,guard256,cmpl-diag00_a1_s23_llama1b_kv3072_cap12-05_generation_stagger_guard256-r5-0-bd81bfb8,49,64,24,256,0,True,4,False
llama1b,3072,12,23,generation,stagger,growth_gate,7027.195666414,diag00_a1_s23_llama1b_kv3072_cap12-05_generation_stagger_guard256,guard256,cmpl-diag00_a1_s23_llama1b_kv3072_cap12-05_generation_stagger_guard256-r5-0-bd81bfb8,49,64,24,256,0,True,4,False
llama1b,3072,12,23,generation,stagger,growth_gate,7027.210891618,diag00_a1_s23_llama1b_kv3072_cap12-05_generation_stagger_guard256,guard256,cmpl-diag00_a1_s23_llama1b_kv3072_cap12-05_generation_stagger_guard256-r5-0-bd81bfb8,49,64,24,256,0,True,4,False
llama1b,3072,12,23,generation,stagger,growth_gate,7027.222816982,diag00_a1_s23_llama1b_kv3072_cap12-05_generation_stagger_guard256,guard256,cmpl-diag00_a1_s23_llama1b_kv3072_cap12-05_generation_stagger_guard256-r5-0-bd81bfb8,47,64,24,256,0,True,4,False
llama1b,3072,12,23,generation,stagger,growth_gate,7027.238338969,diag00_a1_s23_llama1b_kv3072_cap12-05_generation_stagger_guard256,guard256,cmpl-diag00_a1_s23_llama1b_kv3072_cap12-05_generation_stagger_guard256-r5-0-bd81bfb8,47,64,24,256,0,True,4,False
llama1b,3072,12,23,generation,stagger,growth_gate,7027.250605856,diag00_a1_s23_llama1b_kv3072_cap12-05_generation_stagger_guard256,guard256,cmpl-diag00_a1_s23_llama1b_kv3072_cap12-05_generation_stagger_guard256-r5-0-bd81bfb8,47,64,24,256,0,True,4,False
llama1b,3072,12,23,generation,stagger,growth_gate,7027.263704828,diag00_a1_s23_llama1b_kv3072_cap12-05_generation_stagger_guard256,guard256,cmpl-diag00_a1_s23_llama1b_kv3072_cap12-05_generation_stagger_guard256-r5-0-bd81bfb8,47,64,24,256,0,True,4,False
llama1b,3072,12,23,generation,stagger,growth_gate,7027.27790461,diag00_a1_s23_llama1b_kv3072_cap12-05_generation_stagger_guard256,guard256,cmpl-diag00_a1_s23_llama1b_kv3072_cap12-05_generation_stagger_guard256-r5-0-bd81bfb8,47,64,24,256,0,True,4,False
llama1b,3072,12,23,generation,stagger,growth_gate,7027.290325916,diag00_a1_s23_llama1b_kv3072_cap12-05_generation_stagger_guard256,guard256,cmpl-diag00_a1_s23_llama1b_kv3072_cap12-05_generation_stagger_guard256-r5-0-bd81bfb8,47,64,24,256,0,True,4,False
llama1b,3072,12,23,generation,stagger,growth_gate,7027.304473057,diag00_a1_s23_llama1b_kv3072_cap12-05_generation_stagger_guard256,guard256,cmpl-diag00_a1_s23_llama1b_kv3072_cap12-05_generation_stagger_guard256-r5-0-bd81bfb8,47,64,24,256,0,True,4,False
llama1b,3072,12,23,generation,stagger,growth_gate,7027.31853,diag00_a1_s23_llama1b_kv3072_cap12-05_generation_stagger_guard256,guard256,cmpl-diag00_a1_s23_llama1b_kv3072_cap12-05_generation_stagger_guard256-r5-0-bd81bfb8,47,64,24,256,0,True,4,False
llama1b,3072,12,23,generation,stagger,growth_gate,7027.331977399,diag00_a1_s23_llama1b_kv3072_cap12-05_generation_stagger_guard256,guard256,cmpl-diag00_a1_s23_llama1b_kv3072_cap12-05_generation_stagger_guard256-r5-0-bd81bfb8,47,64,24,256,0,True,4,False
llama1b,3072,12,23,generation,stagger,growth_gate,7027.346679631,diag00_a1_s23_llama1b_kv3072_cap12-05_generation_stagger_guard256,guard256,cmpl-diag00_a1_s23_llama1b_kv3072_cap12-05_generation_stagger_guard256-r5-0-bd81bfb8,46,64,24,256,0,True,4,False
llama1b,3072,12,23,generation,stagger,growth_gate,7027.362136335,diag00_a1_s23_llama1b_kv3072_cap12-05_generation_stagger_guard256,guard256,cmpl-diag00_a1_s23_llama1b_kv3072_cap12-05_generation_stagger_guard256-r5-0-bd81bfb8,46,64,24,256,0,True,4,False
llama1b,3072,12,23,generation,stagger,growth_gate,7027.37722579,diag00_a1_s23_llama1b_kv3072_cap12-05_generation_stagger_guard256,guard256,cmpl-diag00_a1_s23_llama1b_kv3072_cap12-05_generation_stagger_guard256-r5-0-bd81bfb8,45,64,24,256,0,True,4,False
llama1b,3072,12,23,generation,stagger,growth_gate,7027.390883651,diag00_a1_s23_llama1b_kv3072_cap12-05_generation_stagger_guard256,guard256,cmpl-diag00_a1_s23_llama1b_kv3072_cap12-05_generation_stagger_guard256-r5-0-bd81bfb8,45,64,24,256,0,True,4,False
llama1b,3072,12,23,generation,stagger,growth_gate,7027.40457918,diag00_a1_s23_llama1b_kv3072_cap12-05_generation_stagger_guard256,guard256,cmpl-diag00_a1_s23_llama1b_kv3072_cap12-05_generation_stagger_guard256-r5-0-bd81bfb8,45,64,24,256,0,True,4,False
llama1b,3072,12,23,generation,stagger,growth_gate,7027.418099656,diag00_a1_s23_llama1b_kv3072_cap12-05_generation_stagger_guard256,guard256,cmpl-diag00_a1_s23_llama1b_kv3072_cap12-05_generation_stagger_guard256-r5-0-bd81bfb8,45,64,24,256,0,True,4,False
llama1b,3072,12,23,generation,stagger,growth_gate,7027.432299585,diag00_a1_s23_llama1b_kv3072_cap12-05_generation_stagger_guard256,guard256,cmpl-diag00_a1_s23_llama1b_kv3072_cap12-05_generation_stagger_guard256-r5-0-bd81bfb8,45,64,24,256,0,True,4,False
llama1b,3072,12,23,generation,stagger,growth_gate,7027.446233014,diag00_a1_s23_llama1b_kv3072_cap12-05_generation_stagger_guard256,guard256,cmpl-diag00_a1_s23_llama1b_kv3072_cap12-05_generation_stagger_guard256-r5-0-bd81bfb8,43,64,24,256,0,True,4,False
llama1b,3072,12,23,generation,stagger,growth_gate,7027.46092516,diag00_a1_s23_llama1b_kv3072_cap12-05_generation_stagger_guard256,guard256,cmpl-diag00_a1_s23_llama1b_kv3072_cap12-05_generation_stagger_guard256-r5-0-bd81bfb8,43,64,24,256,0,True,4,False
llama1b,3072,12,23,generation,stagger,growth_gate,7027.47527919,diag00_a1_s23_llama1b_kv3072_cap12-05_generation_stagger_guard256,guard256,cmpl-diag00_a1_s23_llama1b_kv3072_cap12-05_generation_stagger_guard256-r5-0-bd81bfb8,43,64,24,256,0,True,4,False
llama1b,3072,12,23,generation,stagger,growth_gate,7027.490083137,diag00_a1_s23_llama1b_kv3072_cap12-05_generation_stagger_guard256,guard256,cmpl-diag00_a1_s23_llama1b_kv3072_cap12-05_generation_stagger_guard256-r5-0-bd81bfb8,43,64,24,256,0,True,4,False
llama1b,3072,12,23,generation,stagger,growth_gate,7027.504182415,diag00_a1_s23_llama1b_kv3072_cap12-05_generation_stagger_guard256,guard256,cmpl-diag00_a1_s23_llama1b_kv3072_cap12-05_generation_stagger_guard256-r5-0-bd81bfb8,43,64,24,256,0,True,4,False
llama1b,3072,12,23,generation,stagger,growth_gate,7027.518572461,diag00_a1_s23_llama1b_kv3072_cap12-05_generation_stagger_guard256,guard256,cmpl-diag00_a1_s23_llama1b_kv3072_cap12-05_generation_stagger_guard256-r5-0-bd81bfb8,43,64,24,256,0,True,4,False
llama1b,3072,12,23,generation,stagger,growth_gate,7027.532213382,diag00_a1_s23_llama1b_kv3072_cap12-05_generation_stagger_guard256,guard256,cmpl-diag00_a1_s23_llama1b_kv3072_cap12-05_generation_stagger_guard256-r5-0-bd81bfb8,43,64,24,256,0,True,4,False
llama1b,3072,12,23,generation,stagger,growth_gate,7027.546571481,diag00_a1_s23_llama1b_kv3072_cap12-05_generation_stagger_guard256,guard256,cmpl-diag00_a1_s23_llama1b_kv3072_cap12-05_generation_stagger_guard256-r5-0-bd81bfb8,43,64,24,256,0,True,4,False
llama1b,3072,12,23,generation,stagger,growth_gate,7027.560498092,diag00_a1_s23_llama1b_kv3072_cap12-05_generation_stagger_guard256,guard256,cmpl-diag00_a1_s23_llama1b_kv3072_cap12-05_generation_stagger_guard256-r5-0-bd81bfb8,43,64,24,256,0,True,4,False
llama1b,3072,12,23,generation,stagger,growth_gate,7027.574867294,diag00_a1_s23_llama1b_kv3072_cap12-05_generation_stagger_guard256,guard256,cmpl-diag00_a1_s23_llama1b_kv3072_cap12-05_generation_stagger_guard256-r5-0-bd81bfb8,42,64,24,256,0,True,4,False
llama1b,3072,12,23,generation,stagger,growth_gate,7027.589766882,diag00_a1_s23_llama1b_kv3072_cap12-05_generation_stagger_guard256,guard256,cmpl-diag00_a1_s23_llama1b_kv3072_cap12-05_generation_stagger_guard256-r5-0-bd81bfb8,42,64,24,256,0,True,4,False
llama1b,3072,12,23,generation,stagger,growth_gate,7027.602977335,diag00_a1_s23_llama1b_kv3072_cap12-05_generation_stagger_guard256,guard256,cmpl-diag00_a1_s23_llama1b_kv3072_cap12-05_generation_stagger_guard256-r5-0-bd81bfb8,41,64,24,256,0,True,4,False
llama1b,3072,12,23,generation,stagger,growth_gate,7027.617373002,diag00_a1_s23_llama1b_kv3072_cap12-05_generation_stagger_guard256,guard256,cmpl-diag00_a1_s23_llama1b_kv3072_cap12-05_generation_stagger_guard256-r5-0-bd81bfb8,41,64,24,256,0,True,4,False
llama1b,3072,12,23,generation,stagger,growth_gate,7027.631785792,diag00_a1_s23_llama1b_kv3072_cap12-05_generation_stagger_guard256,guard256,cmpl-diag00_a1_s23_llama1b_kv3072_cap12-05_generation_stagger_guard256-r5-0-bd81bfb8,41,64,24,256,0,True,4,False
llama1b,3072,12,23,generation,stagger,growth_gate,7027.645062191,diag00_a1_s23_llama1b_kv3072_cap12-05_generation_stagger_guard256,guard256,cmpl-diag00_a1_s23_llama1b_kv3072_cap12-05_generation_stagger_guard256-r5-0-bd81bfb8,41,64,24,256,0,True,4,False
llama1b,3072,12,23,generation,stagger,growth_gate,7027.660089736,diag00_a1_s23_llama1b_kv3072_cap12-05_generation_stagger_guard256,guard256,cmpl-diag00_a1_s23_llama1b_kv3072_cap12-05_generation_stagger_guard256-r5-0-bd81bfb8,41,64,24,256,0,True,4,False
llama1b,3072,12,23,generation,stagger,growth_gate,7027.674536713,diag00_a1_s23_llama1b_kv3072_cap12-05_generation_stagger_guard256,guard256,cmpl-diag00_a1_s23_llama1b_kv3072_cap12-05_generation_stagger_guard256-r5-0-bd81bfb8,39,64,24,256,0,True,4,False
llama1b,3072,12,23,generation,stagger,growth_gate,7027.689963384,diag00_a1_s23_llama1b_kv3072_cap12-05_generation_stagger_guard256,guard256,cmpl-diag00_a1_s23_llama1b_kv3072_cap12-05_generation_stagger_guard256-r5-0-bd81bfb8,39,64,24,256,0,True,4,False
llama1b,3072,12,23,generation,stagger,growth_gate,7027.704359793,diag00_a1_s23_llama1b_kv3072_cap12-05_generation_stagger_guard256,guard256,cmpl-diag00_a1_s23_llama1b_kv3072_cap12-05_generation_stagger_guard256-r5-0-bd81bfb8,39,64,24,256,0,True,4,False
llama1b,3072,12,23,generation,stagger,growth_gate,7027.71822285,diag00_a1_s23_llama1b_kv3072_cap12-05_generation_stagger_guard256,guard256,cmpl-diag00_a1_s23_llama1b_kv3072_cap12-05_generation_stagger_guard256-r5-0-bd81bfb8,39,64,24,256,0,True,4,False
llama1b,3072,12,23,generation,stagger,growth_gate,7027.731791419,diag00_a1_s23_llama1b_kv3072_cap12-05_generation_stagger_guard256,guard256,cmpl-diag00_a1_s23_llama1b_kv3072_cap12-05_generation_stagger_guard256-r5-0-bd81bfb8,39,64,24,256,0,True,4,False
llama1b,3072,12,23,generation,stagger,growth_gate,7027.746689528,diag00_a1_s23_llama1b_kv3072_cap12-05_generation_stagger_guard256,guard256,cmpl-diag00_a1_s23_llama1b_kv3072_cap12-05_generation_stagger_guard256-r5-0-bd81bfb8,39,64,24,256,0,True,4,False
llama1b,3072,12,23,generation,stagger,growth_gate,7027.759195927,diag00_a1_s23_llama1b_kv3072_cap12-05_generation_stagger_guard256,guard256,cmpl-diag00_a1_s23_llama1b_kv3072_cap12-05_generation_stagger_guard256-r5-0-bd81bfb8,39,64,24,256,0,True,4,False
llama1b,3072,12,23,generation,stagger,growth_gate,7027.773236344,diag00_a1_s23_llama1b_kv3072_cap12-05_generation_stagger_guard256,guard256,cmpl-diag00_a1_s23_llama1b_kv3072_cap12-05_generation_stagger_guard256-r5-0-bd81bfb8,39,64,24,256,0,True,4,False
llama1b,3072,12,23,generation,stagger,growth_gate,7027.787357756,diag00_a1_s23_llama1b_kv3072_cap12-05_generation_stagger_guard256,guard256,cmpl-diag00_a1_s23_llama1b_kv3072_cap12-05_generation_stagger_guard256-r5-0-bd81bfb8,39,64,24,256,0,True,4,False
llama1b,3072,12,23,generation,stagger,growth_gate,7027.801070593,diag00_a1_s23_llama1b_kv3072_cap12-05_generation_stagger_guard256,guard256,cmpl-diag00_a1_s23_llama1b_kv3072_cap12-05_generation_stagger_guard256-r5-0-bd81bfb8,38,64,24,256,0,True,4,False
llama1b,3072,12,23,generation,stagger,growth_gate,7027.814912048,diag00_a1_s23_llama1b_kv3072_cap12-05_generation_stagger_guard256,guard256,cmpl-diag00_a1_s23_llama1b_kv3072_cap12-05_generation_stagger_guard256-r5-0-bd81bfb8,38,64,24,256,0,True,4,False
llama1b,3072,12,23,generation,stagger,growth_gate,7027.829906902,diag00_a1_s23_llama1b_kv3072_cap12-05_generation_stagger_guard256,guard256,cmpl-diag00_a1_s23_llama1b_kv3072_cap12-05_generation_stagger_guard256-r5-0-bd81bfb8,62,48,24,256,0,True,3,False
llama1b,3072,12,23,generation,stagger,growth_gate,7027.84358292,diag00_a1_s23_llama1b_kv3072_cap12-05_generation_stagger_guard256,guard256,cmpl-diag00_a1_s23_llama1b_kv3072_cap12-05_generation_stagger_guard256-r5-0-bd81bfb8,62,48,24,256,0,True,3,False
llama1b,3072,12,23,generation,stagger,growth_gate,7027.856395624,diag00_a1_s23_llama1b_kv3072_cap12-05_generation_stagger_guard256,guard256,cmpl-diag00_a1_s23_llama1b_kv3072_cap12-05_generation_stagger_guard256-r5-0-bd81bfb8,62,48,24,256,0,True,3,False
llama1b,3072,12,23,generation,stagger,growth_gate,7027.869999263,diag00_a1_s23_llama1b_kv3072_cap12-05_generation_stagger_guard256,guard256,cmpl-diag00_a1_s23_llama1b_kv3072_cap12-05_generation_stagger_guard256-r5-0-bd81bfb8,62,48,24,256,0,True,3,False
llama1b,3072,12,23,generation,stagger,growth_gate,7027.884317374,diag00_a1_s23_llama1b_kv3072_cap12-05_generation_stagger_guard256,guard256,cmpl-diag00_a1_s23_llama1b_kv3072_cap12-05_generation_stagger_guard256-r5-0-bd81bfb8,62,48,24,256,0,True,3,False
llama1b,3072,12,23,generation,stagger,growth_gate,7027.897764037,diag00_a1_s23_llama1b_kv3072_cap12-05_generation_stagger_guard256,guard256,cmpl-diag00_a1_s23_llama1b_kv3072_cap12-05_generation_stagger_guard256-r5-0-bd81bfb8,60,48,24,256,0,True,3,False
llama1b,3072,12,23,generation,stagger,growth_gate,7027.911993204,diag00_a1_s23_llama1b_kv3072_cap12-05_generation_stagger_guard256,guard256,cmpl-diag00_a1_s23_llama1b_kv3072_cap12-05_generation_stagger_guard256-r5-0-bd81bfb8,60,48,24,256,0,True,3,False
llama1b,3072,12,23,generation,stagger,growth_gate,7027.925580383,diag00_a1_s23_llama1b_kv3072_cap12-05_generation_stagger_guard256,guard256,cmpl-diag00_a1_s23_llama1b_kv3072_cap12-05_generation_stagger_guard256-r5-0-bd81bfb8,60,48,24,256,0,True,3,False
llama1b,3072,12,23,generation,stagger,growth_gate,7027.938608083,diag00_a1_s23_llama1b_kv3072_cap12-05_generation_stagger_guard256,guard256,cmpl-diag00_a1_s23_llama1b_kv3072_cap12-05_generation_stagger_guard256-r5-0-bd81bfb8,60,48,24,256,0,True,3,False
llama1b,3072,12,23,generation,stagger,growth_gate,7027.953681392,diag00_a1_s23_llama1b_kv3072_cap12-05_generation_stagger_guard256,guard256,cmpl-diag00_a1_s23_llama1b_kv3072_cap12-05_generation_stagger_guard256-r5-0-bd81bfb8,60,48,24,256,0,True,3,False
llama1b,3072,12,23,generation,stagger,growth_gate,7027.96949172,diag00_a1_s23_llama1b_kv3072_cap12-05_generation_stagger_guard256,guard256,cmpl-diag00_a1_s23_llama1b_kv3072_cap12-05_generation_stagger_guard256-r5-0-bd81bfb8,60,48,24,256,0,True,3,False
llama1b,3072,12,23,generation,stagger,growth_gate,7027.982364983,diag00_a1_s23_llama1b_kv3072_cap12-05_generation_stagger_guard256,guard256,cmpl-diag00_a1_s23_llama1b_kv3072_cap12-05_generation_stagger_guard256-r5-0-bd81bfb8,60,48,24,256,0,True,3,False
llama1b,3072,12,23,generation,stagger,growth_gate,7027.995818567,diag00_a1_s23_llama1b_kv3072_cap12-05_generation_stagger_guard256,guard256,cmpl-diag00_a1_s23_llama1b_kv3072_cap12-05_generation_stagger_guard256-r5-0-bd81bfb8,60,48,24,256,0,True,3,False
llama1b,3072,12,23,generation,stagger,growth_gate,7028.009323534,diag00_a1_s23_llama1b_kv3072_cap12-05_generation_stagger_guard256,guard256,cmpl-diag00_a1_s23_llama1b_kv3072_cap12-05_generation_stagger_guard256-r5-0-bd81bfb8,60,48,24,256,0,True,3,False
llama1b,3072,12,23,generation,stagger,growth_gate,7028.023400239,diag00_a1_s23_llama1b_kv3072_cap12-05_generation_stagger_guard256,guard256,cmpl-diag00_a1_s23_llama1b_kv3072_cap12-05_generation_stagger_guard256-r5-0-bd81bfb8,59,48,24,256,0,True,3,False
llama1b,3072,12,23,generation,stagger,growth_gate,7028.036326233,diag00_a1_s23_llama1b_kv3072_cap12-05_generation_stagger_guard256,guard256,cmpl-diag00_a1_s23_llama1b_kv3072_cap12-05_generation_stagger_guard256-r5-0-bd81bfb8,59,48,24,256,0,True,3,False
llama1b,3072,12,23,generation,stagger,growth_gate,7028.050523122,diag00_a1_s23_llama1b_kv3072_cap12-05_generation_stagger_guard256,guard256,cmpl-diag00_a1_s23_llama1b_kv3072_cap12-05_generation_stagger_guard256-r5-0-bd81bfb8,59,48,24,256,0,True,3,False
llama1b,3072,12,23,generation,stagger,growth_gate,7028.064629819,diag00_a1_s23_llama1b_kv3072_cap12-05_generation_stagger_guard256,guard256,cmpl-diag00_a1_s23_llama1b_kv3072_cap12-05_generation_stagger_guard256-r5-0-bd81bfb8,59,48,24,256,0,True,3,False
llama1b,3072,12,23,generation,stagger,growth_gate,7028.077767186,diag00_a1_s23_llama1b_kv3072_cap12-05_generation_stagger_guard256,guard256,cmpl-diag00_a1_s23_llama1b_kv3072_cap12-05_generation_stagger_guard256-r5-0-bd81bfb8,59,48,24,256,0,True,3,False
llama1b,3072,12,23,generation,stagger,growth_gate,7028.090700383,diag00_a1_s23_llama1b_kv3072_cap12-05_generation_stagger_guard256,guard256,cmpl-diag00_a1_s23_llama1b_kv3072_cap12-05_generation_stagger_guard256-r5-0-bd81bfb8,59,48,24,256,0,True,3,False
llama1b,3072,12,23,generation,stagger,growth_gate,7028.104957367,diag00_a1_s23_llama1b_kv3072_cap12-05_generation_stagger_guard256,guard256,cmpl-diag00_a1_s23_llama1b_kv3072_cap12-05_generation_stagger_guard256-r5-0-bd81bfb8,59,48,24,256,0,True,3,False
llama1b,3072,12,23,generation,stagger,growth_gate,7028.118097263,diag00_a1_s23_llama1b_kv3072_cap12-05_generation_stagger_guard256,guard256,cmpl-diag00_a1_s23_llama1b_kv3072_cap12-05_generation_stagger_guard256-r5-0-bd81bfb8,57,48,24,256,0,True,3,False
llama1b,3072,12,23,generation,stagger,growth_gate,7028.132094885,diag00_a1_s23_llama1b_kv3072_cap12-05_generation_stagger_guard256,guard256,cmpl-diag00_a1_s23_llama1b_kv3072_cap12-05_generation_stagger_guard256-r5-0-bd81bfb8,57,48,24,256,0,True,3,False
llama1b,3072,12,23,generation,stagger,growth_gate,7028.146954179,diag00_a1_s23_llama1b_kv3072_cap12-05_generation_stagger_guard256,guard256,cmpl-diag00_a1_s23_llama1b_kv3072_cap12-05_generation_stagger_guard256-r5-0-bd81bfb8,57,48,24,256,0,True,3,False
llama1b,3072,12,23,generation,stagger,growth_gate,7028.159502166,diag00_a1_s23_llama1b_kv3072_cap12-05_generation_stagger_guard256,guard256,cmpl-diag00_a1_s23_llama1b_kv3072_cap12-05_generation_stagger_guard256-r5-0-bd81bfb8,57,48,24,256,0,True,3,False
llama1b,3072,12,23,generation,stagger,growth_gate,7028.17302466,diag00_a1_s23_llama1b_kv3072_cap12-05_generation_stagger_guard256,guard256,cmpl-diag00_a1_s23_llama1b_kv3072_cap12-05_generation_stagger_guard256-r5-0-bd81bfb8,57,48,24,256,0,True,3,False
llama1b,3072,12,23,generation,stagger,growth_gate,7028.186475895,diag00_a1_s23_llama1b_kv3072_cap12-05_generation_stagger_guard256,guard256,cmpl-diag00_a1_s23_llama1b_kv3072_cap12-05_generation_stagger_guard256-r5-0-bd81bfb8,57,48,24,256,0,True,3,False
llama1b,3072,12,23,generation,stagger,growth_gate,7028.20195587,diag00_a1_s23_llama1b_kv3072_cap12-05_generation_stagger_guard256,guard256,cmpl-diag00_a1_s23_llama1b_kv3072_cap12-05_generation_stagger_guard256-r5-0-bd81bfb8,57,48,24,256,0,True,3,False
llama1b,3072,12,23,generation,stagger,growth_gate,7028.214865662,diag00_a1_s23_llama1b_kv3072_cap12-05_generation_stagger_guard256,guard256,cmpl-diag00_a1_s23_llama1b_kv3072_cap12-05_generation_stagger_guard256-r5-0-bd81bfb8,57,48,24,256,0,True,3,False
llama1b,3072,12,23,generation,stagger,growth_gate,7028.227339872,diag00_a1_s23_llama1b_kv3072_cap12-05_generation_stagger_guard256,guard256,cmpl-diag00_a1_s23_llama1b_kv3072_cap12-05_generation_stagger_guard256-r5-0-bd81bfb8,57,48,24,256,0,True,3,False
llama1b,3072,12,23,generation,stagger,growth_gate,7028.241985231,diag00_a1_s23_llama1b_kv3072_cap12-05_generation_stagger_guard256,guard256,cmpl-diag00_a1_s23_llama1b_kv3072_cap12-05_generation_stagger_guard256-r5-0-bd81bfb8,56,48,24,256,0,True,3,False
llama1b,3072,12,23,generation,stagger,growth_gate,7028.259309352,diag00_a1_s23_llama1b_kv3072_cap12-05_generation_stagger_guard256,guard256,cmpl-diag00_a1_s23_llama1b_kv3072_cap12-05_generation_stagger_guard256-r5-0-bd81bfb8,56,48,24,256,0,True,3,False
llama1b,3072,12,23,generation,stagger,growth_gate,7028.271345951,diag00_a1_s23_llama1b_kv3072_cap12-05_generation_stagger_guard256,guard256,cmpl-diag00_a1_s23_llama1b_kv3072_cap12-05_generation_stagger_guard256-r5-0-bd81bfb8,56,48,24,256,0,True,3,False
llama1b,3072,12,23,generation,stagger,growth_gate,7028.283187804,diag00_a1_s23_llama1b_kv3072_cap12-05_generation_stagger_guard256,guard256,cmpl-diag00_a1_s23_llama1b_kv3072_cap12-05_generation_stagger_guard256-r5-0-bd81bfb8,56,48,24,256,0,True,3,False
llama1b,3072,12,23,generation,stagger,growth_gate,7028.297655803,diag00_a1_s23_llama1b_kv3072_cap12-05_generation_stagger_guard256,guard256,cmpl-diag00_a1_s23_llama1b_kv3072_cap12-05_generation_stagger_guard256-r5-0-bd81bfb8,56,48,24,256,0,True,3,False
llama1b,3072,12,23,generation,stagger,growth_gate,7028.311761236,diag00_a1_s23_llama1b_kv3072_cap12-05_generation_stagger_guard256,guard256,cmpl-diag00_a1_s23_llama1b_kv3072_cap12-05_generation_stagger_guard256-r5-0-bd81bfb8,56,48,24,256,0,True,3,False
llama1b,3072,12,23,generation,stagger,growth_gate,7028.325093185,diag00_a1_s23_llama1b_kv3072_cap12-05_generation_stagger_guard256,guard256,cmpl-diag00_a1_s23_llama1b_kv3072_cap12-05_generation_stagger_guard256-r5-0-bd81bfb8,56,48,24,256,0,True,3,False
llama1b,3072,12,23,generation,stagger,growth_gate,7028.3392397,diag00_a1_s23_llama1b_kv3072_cap12-05_generation_stagger_guard256,guard256,cmpl-diag00_a1_s23_llama1b_kv3072_cap12-05_generation_stagger_guard256-r5-0-bd81bfb8,54,48,24,256,0,True,3,False
llama1b,3072,12,23,generation,stagger,growth_gate,7028.352537164,diag00_a1_s23_llama1b_kv3072_cap12-05_generation_stagger_guard256,guard256,cmpl-diag00_a1_s23_llama1b_kv3072_cap12-05_generation_stagger_guard256-r5-0-bd81bfb8,54,48,24,256,0,True,3,False
llama1b,3072,12,23,generation,stagger,growth_gate,7028.366208722,diag00_a1_s23_llama1b_kv3072_cap12-05_generation_stagger_guard256,guard256,cmpl-diag00_a1_s23_llama1b_kv3072_cap12-05_generation_stagger_guard256-r5-0-bd81bfb8,54,48,24,256,0,True,3,False
llama1b,3072,12,23,generation,stagger,growth_gate,7028.380471567,diag00_a1_s23_llama1b_kv3072_cap12-05_generation_stagger_guard256,guard256,cmpl-diag00_a1_s23_llama1b_kv3072_cap12-05_generation_stagger_guard256-r5-0-bd81bfb8,54,48,24,256,0,True,3,False
llama1b,3072,12,23,generation,stagger,growth_gate,7028.392980031,diag00_a1_s23_llama1b_kv3072_cap12-05_generation_stagger_guard256,guard256,cmpl-diag00_a1_s23_llama1b_kv3072_cap12-05_generation_stagger_guard256-r5-0-bd81bfb8,54,48,24,256,0,True,3,False
llama1b,3072,12,23,generation,stagger,growth_gate,7028.406612786,diag00_a1_s23_llama1b_kv3072_cap12-05_generation_stagger_guard256,guard256,cmpl-diag00_a1_s23_llama1b_kv3072_cap12-05_generation_stagger_guard256-r5-0-bd81bfb8,54,48,24,256,0,True,3,False
llama1b,3072,12,23,generation,stagger,growth_gate,7028.421858668,diag00_a1_s23_llama1b_kv3072_cap12-05_generation_stagger_guard256,guard256,cmpl-diag00_a1_s23_llama1b_kv3072_cap12-05_generation_stagger_guard256-r5-0-bd81bfb8,54,48,24,256,0,True,3,False
llama1b,3072,12,23,generation,stagger,growth_gate,7028.434616064,diag00_a1_s23_llama1b_kv3072_cap12-05_generation_stagger_guard256,guard256,cmpl-diag00_a1_s23_llama1b_kv3072_cap12-05_generation_stagger_guard256-r5-0-bd81bfb8,54,48,24,256,0,True,3,False
llama1b,3072,12,23,generation,stagger,growth_gate,7028.449947469,diag00_a1_s23_llama1b_kv3072_cap12-05_generation_stagger_guard256,guard256,cmpl-diag00_a1_s23_llama1b_kv3072_cap12-05_generation_stagger_guard256-r5-0-bd81bfb8,54,48,24,256,0,True,3,False
llama1b,3072,12,23,generation,stagger,growth_gate,7028.464107934,diag00_a1_s23_llama1b_kv3072_cap12-05_generation_stagger_guard256,guard256,cmpl-diag00_a1_s23_llama1b_kv3072_cap12-05_generation_stagger_guard256-r5-0-bd81bfb8,53,48,24,256,0,True,3,False
llama1b,3072,12,23,generation,stagger,growth_gate,7028.477176403,diag00_a1_s23_llama1b_kv3072_cap12-05_generation_stagger_guard256,guard256,cmpl-diag00_a1_s23_llama1b_kv3072_cap12-05_generation_stagger_guard256-r5-0-bd81bfb8,53,48,24,256,0,True,3,False
llama1b,3072,12,23,generation,stagger,growth_gate,7028.490439201,diag00_a1_s23_llama1b_kv3072_cap12-05_generation_stagger_guard256,guard256,cmpl-diag00_a1_s23_llama1b_kv3072_cap12-05_generation_stagger_guard256-r5-0-bd81bfb8,53,48,24,256,0,True,3,False
llama1b,3072,12,23,generation,stagger,growth_gate,7028.506050207,diag00_a1_s23_llama1b_kv3072_cap12-05_generation_stagger_guard256,guard256,cmpl-diag00_a1_s23_llama1b_kv3072_cap12-05_generation_stagger_guard256-r5-0-bd81bfb8,53,48,24,256,0,True,3,False
llama1b,3072,12,23,generation,stagger,growth_gate,7028.518769021,diag00_a1_s23_llama1b_kv3072_cap12-05_generation_stagger_guard256,guard256,cmpl-diag00_a1_s23_llama1b_kv3072_cap12-05_generation_stagger_guard256-r5-0-bd81bfb8,53,48,24,256,0,True,3,False
llama1b,3072,12,23,generation,stagger,growth_gate,7028.53235471,diag00_a1_s23_llama1b_kv3072_cap12-05_generation_stagger_guard256,guard256,cmpl-diag00_a1_s23_llama1b_kv3072_cap12-05_generation_stagger_guard256-r5-0-bd81bfb8,53,48,24,256,0,True,3,False
llama1b,3072,12,23,generation,stagger,growth_gate,7028.547778596,diag00_a1_s23_llama1b_kv3072_cap12-05_generation_stagger_guard256,guard256,cmpl-diag00_a1_s23_llama1b_kv3072_cap12-05_generation_stagger_guard256-r5-0-bd81bfb8,53,48,24,256,0,True,3,False
llama1b,3072,12,23,generation,stagger,growth_gate,7028.565347086,diag00_a1_s23_llama1b_kv3072_cap12-05_generation_stagger_guard256,guard256,cmpl-diag00_a1_s23_llama1b_kv3072_cap12-05_generation_stagger_guard256-r5-0-bd81bfb8,51,48,24,256,0,True,3,False
llama1b,3072,12,23,generation,stagger,growth_gate,7028.577517566,diag00_a1_s23_llama1b_kv3072_cap12-05_generation_stagger_guard256,guard256,cmpl-diag00_a1_s23_llama1b_kv3072_cap12-05_generation_stagger_guard256-r5-0-bd81bfb8,51,48,24,256,0,True,3,False
llama1b,3072,12,23,generation,stagger,growth_gate,7028.592103519,diag00_a1_s23_llama1b_kv3072_cap12-05_generation_stagger_guard256,guard256,cmpl-diag00_a1_s23_llama1b_kv3072_cap12-05_generation_stagger_guard256-r5-0-bd81bfb8,51,48,24,256,0,True,3,False
llama1b,3072,12,23,generation,stagger,growth_gate,7028.605920688,diag00_a1_s23_llama1b_kv3072_cap12-05_generation_stagger_guard256,guard256,cmpl-diag00_a1_s23_llama1b_kv3072_cap12-05_generation_stagger_guard256-r5-0-bd81bfb8,51,48,24,256,0,True,3,False
llama1b,3072,12,23,generation,stagger,growth_gate,7028.619414297,diag00_a1_s23_llama1b_kv3072_cap12-05_generation_stagger_guard256,guard256,cmpl-diag00_a1_s23_llama1b_kv3072_cap12-05_generation_stagger_guard256-r5-0-bd81bfb8,51,48,24,256,0,True,3,False
llama1b,3072,12,23,generation,stagger,growth_gate,7028.633240844,diag00_a1_s23_llama1b_kv3072_cap12-05_generation_stagger_guard256,guard256,cmpl-diag00_a1_s23_llama1b_kv3072_cap12-05_generation_stagger_guard256-r5-0-bd81bfb8,51,48,24,256,0,True,3,False
llama1b,3072,12,23,generation,stagger,growth_gate,7028.647437902,diag00_a1_s23_llama1b_kv3072_cap12-05_generation_stagger_guard256,guard256,cmpl-diag00_a1_s23_llama1b_kv3072_cap12-05_generation_stagger_guard256-r5-0-bd81bfb8,51,48,24,256,0,True,3,False
llama1b,3072,12,23,generation,stagger,growth_gate,7028.662703367,diag00_a1_s23_llama1b_kv3072_cap12-05_generation_stagger_guard256,guard256,cmpl-diag00_a1_s23_llama1b_kv3072_cap12-05_generation_stagger_guard256-r5-0-bd81bfb8,51,48,24,256,0,True,3,False
llama1b,3072,12,23,generation,stagger,growth_gate,7028.676624824,diag00_a1_s23_llama1b_kv3072_cap12-05_generation_stagger_guard256,guard256,cmpl-diag00_a1_s23_llama1b_kv3072_cap12-05_generation_stagger_guard256-r5-0-bd81bfb8,51,48,24,256,0,True,3,False
llama1b,3072,12,23,generation,stagger,growth_gate,7028.690818134,diag00_a1_s23_llama1b_kv3072_cap12-05_generation_stagger_guard256,guard256,cmpl-diag00_a1_s23_llama1b_kv3072_cap12-05_generation_stagger_guard256-r5-0-bd81bfb8,50,48,24,256,0,True,3,False
llama1b,3072,12,23,generation,stagger,growth_gate,7028.704672478,diag00_a1_s23_llama1b_kv3072_cap12-05_generation_stagger_guard256,guard256,cmpl-diag00_a1_s23_llama1b_kv3072_cap12-05_generation_stagger_guard256-r5-0-bd81bfb8,50,48,24,256,0,True,3,False
llama1b,3072,12,23,generation,stagger,growth_gate,7028.719120038,diag00_a1_s23_llama1b_kv3072_cap12-05_generation_stagger_guard256,guard256,cmpl-diag00_a1_s23_llama1b_kv3072_cap12-05_generation_stagger_guard256-r5-0-bd81bfb8,50,48,24,256,0,True,3,False
llama1b,3072,12,23,generation,stagger,growth_gate,7028.73310774,diag00_a1_s23_llama1b_kv3072_cap12-05_generation_stagger_guard256,guard256,cmpl-diag00_a1_s23_llama1b_kv3072_cap12-05_generation_stagger_guard256-r5-0-bd81bfb8,50,48,24,256,0,True,3,False
llama1b,3072,12,23,generation,stagger,growth_gate,7028.746636605,diag00_a1_s23_llama1b_kv3072_cap12-05_generation_stagger_guard256,guard256,cmpl-diag00_a1_s23_llama1b_kv3072_cap12-05_generation_stagger_guard256-r5-0-bd81bfb8,50,48,24,256,0,True,3,False
llama1b,3072,12,23,generation,stagger,growth_gate,7028.76139901,diag00_a1_s23_llama1b_kv3072_cap12-05_generation_stagger_guard256,guard256,cmpl-diag00_a1_s23_llama1b_kv3072_cap12-05_generation_stagger_guard256-r5-0-bd81bfb8,50,48,24,256,0,True,3,False
llama1b,3072,12,23,generation,stagger,growth_gate,7028.774597848,diag00_a1_s23_llama1b_kv3072_cap12-05_generation_stagger_guard256,guard256,cmpl-diag00_a1_s23_llama1b_kv3072_cap12-05_generation_stagger_guard256-r5-0-bd81bfb8,50,48,24,256,0,True,3,False
llama1b,3072,12,23,generation,stagger,growth_gate,7028.787838114,diag00_a1_s23_llama1b_kv3072_cap12-05_generation_stagger_guard256,guard256,cmpl-diag00_a1_s23_llama1b_kv3072_cap12-05_generation_stagger_guard256-r5-0-bd81bfb8,48,48,24,256,0,True,3,False
llama1b,3072,12,23,generation,stagger,growth_gate,7028.802071884,diag00_a1_s23_llama1b_kv3072_cap12-05_generation_stagger_guard256,guard256,cmpl-diag00_a1_s23_llama1b_kv3072_cap12-05_generation_stagger_guard256-r5-0-bd81bfb8,48,48,24,256,0,True,3,False
llama1b,3072,12,23,generation,stagger,growth_gate,7028.81676092,diag00_a1_s23_llama1b_kv3072_cap12-05_generation_stagger_guard256,guard256,cmpl-diag00_a1_s23_llama1b_kv3072_cap12-05_generation_stagger_guard256-r5-0-bd81bfb8,48,48,24,256,0,True,3,False
llama1b,3072,12,23,generation,stagger,growth_gate,7028.830466615,diag00_a1_s23_llama1b_kv3072_cap12-05_generation_stagger_guard256,guard256,cmpl-diag00_a1_s23_llama1b_kv3072_cap12-05_generation_stagger_guard256-r5-0-bd81bfb8,48,48,24,256,0,True,3,False
llama1b,3072,12,23,generation,stagger,growth_gate,7028.843301194,diag00_a1_s23_llama1b_kv3072_cap12-05_generation_stagger_guard256,guard256,cmpl-diag00_a1_s23_llama1b_kv3072_cap12-05_generation_stagger_guard256-r5-0-bd81bfb8,48,48,24,256,0,True,3,False
llama1b,3072,12,23,generation,stagger,growth_gate,7028.858518005,diag00_a1_s23_llama1b_kv3072_cap12-05_generation_stagger_guard256,guard256,cmpl-diag00_a1_s23_llama1b_kv3072_cap12-05_generation_stagger_guard256-r5-0-bd81bfb8,48,48,24,256,0,True,3,False
llama1b,3072,12,23,generation,stagger,growth_gate,7028.871726753,diag00_a1_s23_llama1b_kv3072_cap12-05_generation_stagger_guard256,guard256,cmpl-diag00_a1_s23_llama1b_kv3072_cap12-05_generation_stagger_guard256-r5-0-bd81bfb8,48,48,24,256,0,True,3,False
llama1b,3072,12,23,generation,stagger,growth_gate,7028.88471108,diag00_a1_s23_llama1b_kv3072_cap12-05_generation_stagger_guard256,guard256,cmpl-diag00_a1_s23_llama1b_kv3072_cap12-05_generation_stagger_guard256-r5-0-bd81bfb8,48,48,24,256,0,True,3,False
llama1b,3072,12,23,generation,stagger,growth_gate,7028.898497196,diag00_a1_s23_llama1b_kv3072_cap12-05_generation_stagger_guard256,guard256,cmpl-diag00_a1_s23_llama1b_kv3072_cap12-05_generation_stagger_guard256-r5-0-bd81bfb8,48,48,24,256,0,True,3,False
llama1b,3072,12,23,generation,stagger,growth_gate,7028.911372633,diag00_a1_s23_llama1b_kv3072_cap12-05_generation_stagger_guard256,guard256,cmpl-diag00_a1_s23_llama1b_kv3072_cap12-05_generation_stagger_guard256-r5-0-bd81bfb8,47,48,24,256,0,True,3,False
llama1b,3072,12,23,generation,stagger,growth_gate,7028.926130845,diag00_a1_s23_llama1b_kv3072_cap12-05_generation_stagger_guard256,guard256,cmpl-diag00_a1_s23_llama1b_kv3072_cap12-05_generation_stagger_guard256-r5-0-bd81bfb8,47,48,24,256,0,True,3,False
llama1b,3072,12,23,generation,stagger,growth_gate,7028.938490009,diag00_a1_s23_llama1b_kv3072_cap12-05_generation_stagger_guard256,guard256,cmpl-diag00_a1_s23_llama1b_kv3072_cap12-05_generation_stagger_guard256-r5-0-bd81bfb8,47,48,24,256,0,True,3,False
llama1b,3072,12,23,generation,stagger,growth_gate,7028.9521185,diag00_a1_s23_llama1b_kv3072_cap12-05_generation_stagger_guard256,guard256,cmpl-diag00_a1_s23_llama1b_kv3072_cap12-05_generation_stagger_guard256-r5-0-bd81bfb8,47,48,24,256,0,True,3,False
llama1b,3072,12,23,generation,stagger,growth_gate,7028.965996573,diag00_a1_s23_llama1b_kv3072_cap12-05_generation_stagger_guard256,guard256,cmpl-diag00_a1_s23_llama1b_kv3072_cap12-05_generation_stagger_guard256-r5-0-bd81bfb8,47,48,24,256,0,True,3,False
llama1b,3072,12,23,generation,stagger,growth_gate,7028.980742474,diag00_a1_s23_llama1b_kv3072_cap12-05_generation_stagger_guard256,guard256,cmpl-diag00_a1_s23_llama1b_kv3072_cap12-05_generation_stagger_guard256-r5-0-bd81bfb8,47,48,24,256,0,True,3,False
llama1b,3072,12,23,generation,stagger,growth_gate,7028.994001313,diag00_a1_s23_llama1b_kv3072_cap12-05_generation_stagger_guard256,guard256,cmpl-diag00_a1_s23_llama1b_kv3072_cap12-05_generation_stagger_guard256-r5-0-bd81bfb8,47,48,24,256,0,True,3,False
llama1b,3072,12,23,generation,stagger,growth_gate,7029.007134141,diag00_a1_s23_llama1b_kv3072_cap12-05_generation_stagger_guard256,guard256,cmpl-diag00_a1_s23_llama1b_kv3072_cap12-05_generation_stagger_guard256-r5-0-bd81bfb8,45,48,24,256,0,True,3,False
llama1b,3072,12,23,generation,stagger,growth_gate,7029.021018212,diag00_a1_s23_llama1b_kv3072_cap12-05_generation_stagger_guard256,guard256,cmpl-diag00_a1_s23_llama1b_kv3072_cap12-05_generation_stagger_guard256-r5-0-bd81bfb8,45,48,24,256,0,True,3,False
llama1b,3072,12,23,generation,stagger,growth_gate,7029.034763042,diag00_a1_s23_llama1b_kv3072_cap12-05_generation_stagger_guard256,guard256,cmpl-diag00_a1_s23_llama1b_kv3072_cap12-05_generation_stagger_guard256-r5-0-bd81bfb8,45,48,24,256,0,True,3,False
llama1b,3072,12,23,generation,stagger,growth_gate,7029.048682487,diag00_a1_s23_llama1b_kv3072_cap12-05_generation_stagger_guard256,guard256,cmpl-diag00_a1_s23_llama1b_kv3072_cap12-05_generation_stagger_guard256-r5-0-bd81bfb8,45,48,24,256,0,True,3,False
llama1b,3072,12,23,generation,stagger,growth_gate,7029.0621392,diag00_a1_s23_llama1b_kv3072_cap12-05_generation_stagger_guard256,guard256,cmpl-diag00_a1_s23_llama1b_kv3072_cap12-05_generation_stagger_guard256-r5-0-bd81bfb8,45,48,24,256,0,True,3,False
llama1b,3072,12,23,generation,stagger,growth_gate,7029.075932817,diag00_a1_s23_llama1b_kv3072_cap12-05_generation_stagger_guard256,guard256,cmpl-diag00_a1_s23_llama1b_kv3072_cap12-05_generation_stagger_guard256-r5-0-bd81bfb8,45,48,24,256,0,True,3,False
llama1b,3072,12,23,generation,stagger,growth_gate,7029.089160109,diag00_a1_s23_llama1b_kv3072_cap12-05_generation_stagger_guard256,guard256,cmpl-diag00_a1_s23_llama1b_kv3072_cap12-05_generation_stagger_guard256-r5-0-bd81bfb8,45,48,24,256,0,True,3,False
llama1b,3072,12,23,generation,stagger,growth_gate,7029.102975559,diag00_a1_s23_llama1b_kv3072_cap12-05_generation_stagger_guard256,guard256,cmpl-diag00_a1_s23_llama1b_kv3072_cap12-05_generation_stagger_guard256-r5-0-bd81bfb8,45,48,24,256,0,True,3,False
llama1b,3072,12,23,generation,stagger,growth_gate,7029.117607563,diag00_a1_s23_llama1b_kv3072_cap12-05_generation_stagger_guard256,guard256,cmpl-diag00_a1_s23_llama1b_kv3072_cap12-05_generation_stagger_guard256-r5-0-bd81bfb8,45,48,24,256,0,True,3,False
llama1b,3072,12,23,generation,stagger,growth_gate,7029.130253345,diag00_a1_s23_llama1b_kv3072_cap12-05_generation_stagger_guard256,guard256,cmpl-diag00_a1_s23_llama1b_kv3072_cap12-05_generation_stagger_guard256-r5-0-bd81bfb8,44,48,24,256,0,True,3,False
llama1b,3072,12,23,generation,stagger,growth_gate,7029.145055278,diag00_a1_s23_llama1b_kv3072_cap12-05_generation_stagger_guard256,guard256,cmpl-diag00_a1_s23_llama1b_kv3072_cap12-05_generation_stagger_guard256-r5-0-bd81bfb8,44,48,24,256,0,True,3,False
llama1b,3072,12,23,generation,stagger,growth_gate,7029.160922729,diag00_a1_s23_llama1b_kv3072_cap12-05_generation_stagger_guard256,guard256,cmpl-diag00_a1_s23_llama1b_kv3072_cap12-05_generation_stagger_guard256-r5-0-bd81bfb8,44,48,24,256,0,True,3,False
llama1b,3072,12,23,generation,stagger,growth_gate,7029.174973635,diag00_a1_s23_llama1b_kv3072_cap12-05_generation_stagger_guard256,guard256,cmpl-diag00_a1_s23_llama1b_kv3072_cap12-05_generation_stagger_guard256-r5-0-bd81bfb8,44,48,24,256,0,True,3,False
llama1b,3072,12,23,generation,stagger,growth_gate,7029.186603422,diag00_a1_s23_llama1b_kv3072_cap12-05_generation_stagger_guard256,guard256,cmpl-diag00_a1_s23_llama1b_kv3072_cap12-05_generation_stagger_guard256-r5-0-bd81bfb8,44,48,24,256,0,True,3,False
llama1b,3072,12,23,generation,stagger,growth_gate,7029.200673903,diag00_a1_s23_llama1b_kv3072_cap12-05_generation_stagger_guard256,guard256,cmpl-diag00_a1_s23_llama1b_kv3072_cap12-05_generation_stagger_guard256-r5-0-bd81bfb8,44,48,24,256,0,True,3,False
llama1b,3072,12,23,generation,stagger,growth_gate,7029.215283203,diag00_a1_s23_llama1b_kv3072_cap12-05_generation_stagger_guard256,guard256,cmpl-diag00_a1_s23_llama1b_kv3072_cap12-05_generation_stagger_guard256-r5-0-bd81bfb8,44,48,24,256,0,True,3,False
llama1b,3072,12,23,generation,stagger,growth_gate,7029.227700844,diag00_a1_s23_llama1b_kv3072_cap12-05_generation_stagger_guard256,guard256,cmpl-diag00_a1_s23_llama1b_kv3072_cap12-05_generation_stagger_guard256-r5-0-bd81bfb8,42,48,24,256,0,True,3,False
llama1b,3072,12,23,generation,stagger,growth_gate,7029.241544719,diag00_a1_s23_llama1b_kv3072_cap12-05_generation_stagger_guard256,guard256,cmpl-diag00_a1_s23_llama1b_kv3072_cap12-05_generation_stagger_guard256-r5-0-bd81bfb8,42,48,24,256,0,True,3,False
llama1b,3072,12,23,generation,stagger,growth_gate,7029.255900917,diag00_a1_s23_llama1b_kv3072_cap12-05_generation_stagger_guard256,guard256,cmpl-diag00_a1_s23_llama1b_kv3072_cap12-05_generation_stagger_guard256-r5-0-bd81bfb8,42,48,24,256,0,True,3,False
llama1b,3072,12,23,generation,stagger,growth_gate,7029.269012121,diag00_a1_s23_llama1b_kv3072_cap12-05_generation_stagger_guard256,guard256,cmpl-diag00_a1_s23_llama1b_kv3072_cap12-05_generation_stagger_guard256-r5-0-bd81bfb8,42,48,24,256,0,True,3,False
llama1b,3072,12,23,generation,stagger,growth_gate,7029.283146977,diag00_a1_s23_llama1b_kv3072_cap12-05_generation_stagger_guard256,guard256,cmpl-diag00_a1_s23_llama1b_kv3072_cap12-05_generation_stagger_guard256-r5-0-bd81bfb8,42,48,24,256,0,True,3,False
llama1b,3072,12,23,generation,stagger,growth_gate,7029.296380024,diag00_a1_s23_llama1b_kv3072_cap12-05_generation_stagger_guard256,guard256,cmpl-diag00_a1_s23_llama1b_kv3072_cap12-05_generation_stagger_guard256-r5-0-bd81bfb8,42,48,24,256,0,True,3,False
llama1b,3072,12,23,generation,stagger,growth_gate,7029.310762643,diag00_a1_s23_llama1b_kv3072_cap12-05_generation_stagger_guard256,guard256,cmpl-diag00_a1_s23_llama1b_kv3072_cap12-05_generation_stagger_guard256-r5-0-bd81bfb8,42,48,24,256,0,True,3,False
llama1b,3072,12,23,generation,stagger,growth_gate,7029.323185884,diag00_a1_s23_llama1b_kv3072_cap12-05_generation_stagger_guard256,guard256,cmpl-diag00_a1_s23_llama1b_kv3072_cap12-05_generation_stagger_guard256-r5-0-bd81bfb8,42,48,24,256,0,True,3,False
llama1b,3072,12,23,generation,stagger,growth_gate,7029.336613779,diag00_a1_s23_llama1b_kv3072_cap12-05_generation_stagger_guard256,guard256,cmpl-diag00_a1_s23_llama1b_kv3072_cap12-05_generation_stagger_guard256-r5-0-bd81bfb8,42,48,24,256,0,True,3,False
llama1b,3072,12,23,generation,stagger,growth_gate,7029.350350164,diag00_a1_s23_llama1b_kv3072_cap12-05_generation_stagger_guard256,guard256,cmpl-diag00_a1_s23_llama1b_kv3072_cap12-05_generation_stagger_guard256-r5-0-bd81bfb8,41,48,24,256,0,True,3,False
llama1b,3072,12,23,generation,stagger,growth_gate,7029.363793934,diag00_a1_s23_llama1b_kv3072_cap12-05_generation_stagger_guard256,guard256,cmpl-diag00_a1_s23_llama1b_kv3072_cap12-05_generation_stagger_guard256-r5-0-bd81bfb8,41,48,24,256,0,True,3,False
llama1b,3072,12,23,generation,stagger,growth_gate,7029.377974939,diag00_a1_s23_llama1b_kv3072_cap12-05_generation_stagger_guard256,guard256,cmpl-diag00_a1_s23_llama1b_kv3072_cap12-05_generation_stagger_guard256-r5-0-bd81bfb8,41,48,24,256,0,True,3,False
llama1b,3072,12,23,generation,stagger,growth_gate,7029.391558194,diag00_a1_s23_llama1b_kv3072_cap12-05_generation_stagger_guard256,guard256,cmpl-diag00_a1_s23_llama1b_kv3072_cap12-05_generation_stagger_guard256-r5-0-bd81bfb8,41,48,24,256,0,True,3,False
llama1b,3072,12,23,generation,stagger,growth_gate,7029.404189859,diag00_a1_s23_llama1b_kv3072_cap12-05_generation_stagger_guard256,guard256,cmpl-diag00_a1_s23_llama1b_kv3072_cap12-05_generation_stagger_guard256-r5-0-bd81bfb8,41,48,24,256,0,True,3,False
llama1b,3072,12,23,generation,stagger,growth_gate,7029.417377933,diag00_a1_s23_llama1b_kv3072_cap12-05_generation_stagger_guard256,guard256,cmpl-diag00_a1_s23_llama1b_kv3072_cap12-05_generation_stagger_guard256-r5-0-bd81bfb8,41,48,24,256,0,True,3,False
llama1b,3072,12,23,generation,stagger,growth_gate,7029.43060783,diag00_a1_s23_llama1b_kv3072_cap12-05_generation_stagger_guard256,guard256,cmpl-diag00_a1_s23_llama1b_kv3072_cap12-05_generation_stagger_guard256-r5-0-bd81bfb8,41,48,24,256,0,True,3,False
llama1b,3072,12,23,generation,stagger,growth_gate,7029.445137262,diag00_a1_s23_llama1b_kv3072_cap12-05_generation_stagger_guard256,guard256,cmpl-diag00_a1_s23_llama1b_kv3072_cap12-05_generation_stagger_guard256-r5-0-bd81bfb8,39,48,24,256,0,True,3,False
llama1b,3072,12,23,generation,stagger,growth_gate,7029.46117893,diag00_a1_s23_llama1b_kv3072_cap12-05_generation_stagger_guard256,guard256,cmpl-diag00_a1_s23_llama1b_kv3072_cap12-05_generation_stagger_guard256-r5-0-bd81bfb8,39,48,24,256,0,True,3,False
llama1b,3072,12,23,generation,stagger,growth_gate,7029.475915632,diag00_a1_s23_llama1b_kv3072_cap12-05_generation_stagger_guard256,guard256,cmpl-diag00_a1_s23_llama1b_kv3072_cap12-05_generation_stagger_guard256-r5-0-bd81bfb8,39,48,24,256,0,True,3,False
llama1b,3072,12,23,generation,stagger,growth_gate,7029.4879977,diag00_a1_s23_llama1b_kv3072_cap12-05_generation_stagger_guard256,guard256,cmpl-diag00_a1_s23_llama1b_kv3072_cap12-05_generation_stagger_guard256-r5-0-bd81bfb8,39,48,24,256,0,True,3,False
llama1b,3072,12,23,generation,stagger,growth_gate,7029.502551572,diag00_a1_s23_llama1b_kv3072_cap12-05_generation_stagger_guard256,guard256,cmpl-diag00_a1_s23_llama1b_kv3072_cap12-05_generation_stagger_guard256-r5-0-bd81bfb8,39,48,24,256,0,True,3,False
llama1b,3072,12,23,generation,stagger,growth_gate,7029.515804465,diag00_a1_s23_llama1b_kv3072_cap12-05_generation_stagger_guard256,guard256,cmpl-diag00_a1_s23_llama1b_kv3072_cap12-05_generation_stagger_guard256-r5-0-bd81bfb8,39,48,24,256,0,True,3,False
llama1b,3072,12,23,generation,stagger,growth_gate,7029.530058706,diag00_a1_s23_llama1b_kv3072_cap12-05_generation_stagger_guard256,guard256,cmpl-diag00_a1_s23_llama1b_kv3072_cap12-05_generation_stagger_guard256-r5-0-bd81bfb8,39,48,24,256,0,True,3,False
llama1b,3072,12,23,generation,stagger,growth_gate,7029.543223217,diag00_a1_s23_llama1b_kv3072_cap12-05_generation_stagger_guard256,guard256,cmpl-diag00_a1_s23_llama1b_kv3072_cap12-05_generation_stagger_guard256-r5-0-bd81bfb8,39,48,24,256,0,True,3,False
llama1b,3072,12,23,generation,stagger,growth_gate,7029.557403513,diag00_a1_s23_llama1b_kv3072_cap12-05_generation_stagger_guard256,guard256,cmpl-diag00_a1_s23_llama1b_kv3072_cap12-05_generation_stagger_guard256-r5-0-bd81bfb8,39,48,24,256,0,True,3,False
llama1b,3072,12,23,generation,stagger,growth_gate,7029.571410875,diag00_a1_s23_llama1b_kv3072_cap12-05_generation_stagger_guard256,guard256,cmpl-diag00_a1_s23_llama1b_kv3072_cap12-05_generation_stagger_guard256-r5-0-bd81bfb8,38,48,24,256,0,True,3,False
llama1b,3072,12,23,generation,stagger,growth_gate,7029.585179171,diag00_a1_s23_llama1b_kv3072_cap12-05_generation_stagger_guard256,guard256,cmpl-diag00_a1_s23_llama1b_kv3072_cap12-05_generation_stagger_guard256-r5-0-bd81bfb8,38,48,24,256,0,True,3,False
llama1b,3072,12,23,generation,stagger,growth_gate,7029.597860037,diag00_a1_s23_llama1b_kv3072_cap12-05_generation_stagger_guard256,guard256,cmpl-diag00_a1_s23_llama1b_kv3072_cap12-05_generation_stagger_guard256-r5-0-bd81bfb8,38,48,24,256,0,True,3,False
llama1b,3072,12,23,generation,stagger,growth_gate,7029.611514233,diag00_a1_s23_llama1b_kv3072_cap12-05_generation_stagger_guard256,guard256,cmpl-diag00_a1_s23_llama1b_kv3072_cap12-05_generation_stagger_guard256-r5-0-bd81bfb8,38,48,24,256,0,True,3,False
llama1b,3072,12,23,generation,stagger,growth_gate,7029.625609971,diag00_a1_s23_llama1b_kv3072_cap12-05_generation_stagger_guard256,guard256,cmpl-diag00_a1_s23_llama1b_kv3072_cap12-05_generation_stagger_guard256-r5-0-bd81bfb8,38,48,24,256,0,True,3,False
llama1b,3072,12,23,generation,stagger,growth_gate,7029.640220031,diag00_a1_s23_llama1b_kv3072_cap12-05_generation_stagger_guard256,guard256,cmpl-diag00_a1_s23_llama1b_kv3072_cap12-05_generation_stagger_guard256-r5-0-bd81bfb8,38,48,24,256,0,True,3,False
llama1b,3072,12,23,generation,stagger,growth_gate,7029.652470588,diag00_a1_s23_llama1b_kv3072_cap12-05_generation_stagger_guard256,guard256,cmpl-diag00_a1_s23_llama1b_kv3072_cap12-05_generation_stagger_guard256-r5-0-bd81bfb8,38,48,24,256,0,True,3,False
llama1b,3072,12,23,generation,stagger,growth_gate,7029.665873939,diag00_a1_s23_llama1b_kv3072_cap12-05_generation_stagger_guard256,guard256,cmpl-diag00_a1_s23_llama1b_kv3072_cap12-05_generation_stagger_guard256-r5-0-bd81bfb8,36,48,24,256,0,True,3,False
llama1b,3072,12,23,generation,stagger,growth_gate,7029.68215582,diag00_a1_s23_llama1b_kv3072_cap12-05_generation_stagger_guard256,guard256,cmpl-diag00_a1_s23_llama1b_kv3072_cap12-05_generation_stagger_guard256-r5-0-bd81bfb8,36,48,24,256,0,True,3,False
llama1b,3072,12,23,generation,stagger,growth_gate,7029.69294726,diag00_a1_s23_llama1b_kv3072_cap12-05_generation_stagger_guard256,guard256,cmpl-diag00_a1_s23_llama1b_kv3072_cap12-05_generation_stagger_guard256-r5-0-bd81bfb8,36,48,24,256,0,True,3,False
llama1b,3072,12,23,generation,stagger,growth_gate,7029.70591217,diag00_a1_s23_llama1b_kv3072_cap12-05_generation_stagger_guard256,guard256,cmpl-diag00_a1_s23_llama1b_kv3072_cap12-05_generation_stagger_guard256-r5-0-bd81bfb8,36,48,24,256,0,True,3,False
llama1b,3072,12,23,generation,stagger,growth_gate,7029.719871572,diag00_a1_s23_llama1b_kv3072_cap12-05_generation_stagger_guard256,guard256,cmpl-diag00_a1_s23_llama1b_kv3072_cap12-05_generation_stagger_guard256-r5-0-bd81bfb8,36,48,24,256,0,True,3,False
llama1b,3072,12,23,generation,stagger,growth_gate,7029.735374716,diag00_a1_s23_llama1b_kv3072_cap12-05_generation_stagger_guard256,guard256,cmpl-diag00_a1_s23_llama1b_kv3072_cap12-05_generation_stagger_guard256-r5-0-bd81bfb8,36,48,24,256,0,True,3,False
llama1b,3072,12,23,generation,stagger,growth_gate,7029.751074871,diag00_a1_s23_llama1b_kv3072_cap12-05_generation_stagger_guard256,guard256,cmpl-diag00_a1_s23_llama1b_kv3072_cap12-05_generation_stagger_guard256-r5-0-bd81bfb8,36,48,24,256,0,True,3,False
llama1b,3072,12,23,generation,stagger,growth_gate,7029.760687087,diag00_a1_s23_llama1b_kv3072_cap12-05_generation_stagger_guard256,guard256,cmpl-diag00_a1_s23_llama1b_kv3072_cap12-05_generation_stagger_guard256-r5-0-bd81bfb8,36,48,24,256,0,True,3,False
llama1b,3072,12,23,generation,stagger,growth_gate,7029.775644085,diag00_a1_s23_llama1b_kv3072_cap12-05_generation_stagger_guard256,guard256,cmpl-diag00_a1_s23_llama1b_kv3072_cap12-05_generation_stagger_guard256-r5-0-bd81bfb8,36,48,24,256,0,True,3,False
llama1b,3072,12,23,generation,stagger,growth_gate,7029.788820047,diag00_a1_s23_llama1b_kv3072_cap12-05_generation_stagger_guard256,guard256,cmpl-diag00_a1_s23_llama1b_kv3072_cap12-05_generation_stagger_guard256-r5-0-bd81bfb8,35,48,24,256,0,True,3,False
llama1b,3072,12,23,generation,stagger,growth_gate,7029.801835387,diag00_a1_s23_llama1b_kv3072_cap12-05_generation_stagger_guard256,guard256,cmpl-diag00_a1_s23_llama1b_kv3072_cap12-05_generation_stagger_guard256-r5-0-bd81bfb8,35,48,24,256,0,True,3,False
llama1b,3072,12,23,generation,stagger,growth_gate,7029.815847851,diag00_a1_s23_llama1b_kv3072_cap12-05_generation_stagger_guard256,guard256,cmpl-diag00_a1_s23_llama1b_kv3072_cap12-05_generation_stagger_guard256-r5-0-bd81bfb8,35,48,24,256,0,True,3,False
llama1b,3072,12,23,generation,stagger,growth_gate,7029.829539406,diag00_a1_s23_llama1b_kv3072_cap12-05_generation_stagger_guard256,guard256,cmpl-diag00_a1_s23_llama1b_kv3072_cap12-05_generation_stagger_guard256-r5-0-bd81bfb8,35,48,24,256,0,True,3,False
llama1b,3072,12,23,generation,stagger,growth_gate,7029.844525404,diag00_a1_s23_llama1b_kv3072_cap12-05_generation_stagger_guard256,guard256,cmpl-diag00_a1_s23_llama1b_kv3072_cap12-05_generation_stagger_guard256-r5-0-bd81bfb8,35,48,24,256,0,True,3,False
llama1b,3072,12,23,generation,stagger,growth_gate,7029.856549239,diag00_a1_s23_llama1b_kv3072_cap12-05_generation_stagger_guard256,guard256,cmpl-diag00_a1_s23_llama1b_kv3072_cap12-05_generation_stagger_guard256-r5-0-bd81bfb8,35,48,24,256,0,True,3,False
llama1b,3072,12,23,generation,stagger,growth_gate,7029.870347126,diag00_a1_s23_llama1b_kv3072_cap12-05_generation_stagger_guard256,guard256,cmpl-diag00_a1_s23_llama1b_kv3072_cap12-05_generation_stagger_guard256-r5-0-bd81bfb8,35,48,24,256,0,True,3,False
llama1b,3072,12,23,generation,stagger,growth_gate,7029.88428769,diag00_a1_s23_llama1b_kv3072_cap12-05_generation_stagger_guard256,guard256,cmpl-diag00_a1_s23_llama1b_kv3072_cap12-05_generation_stagger_guard256-r5-0-bd81bfb8,33,48,24,256,0,True,3,False
llama1b,3072,12,23,generation,stagger,growth_gate,7029.897023636,diag00_a1_s23_llama1b_kv3072_cap12-05_generation_stagger_guard256,guard256,cmpl-diag00_a1_s23_llama1b_kv3072_cap12-05_generation_stagger_guard256-r5-0-bd81bfb8,33,48,24,256,0,True,3,False
llama1b,3072,12,23,generation,stagger,growth_gate,7029.910495922,diag00_a1_s23_llama1b_kv3072_cap12-05_generation_stagger_guard256,guard256,cmpl-diag00_a1_s23_llama1b_kv3072_cap12-05_generation_stagger_guard256-r5-0-bd81bfb8,33,48,24,256,0,True,3,False
llama1b,3072,12,23,generation,stagger,growth_gate,7029.927019003,diag00_a1_s23_llama1b_kv3072_cap12-05_generation_stagger_guard256,guard256,cmpl-diag00_a1_s23_llama1b_kv3072_cap12-05_generation_stagger_guard256-r5-0-bd81bfb8,33,48,24,256,0,True,3,False
llama1b,3072,12,23,generation,stagger,growth_gate,7029.939633618,diag00_a1_s23_llama1b_kv3072_cap12-05_generation_stagger_guard256,guard256,cmpl-diag00_a1_s23_llama1b_kv3072_cap12-05_generation_stagger_guard256-r5-0-bd81bfb8,33,48,24,256,0,True,3,False
llama1b,3072,12,23,generation,stagger,growth_gate,7029.953017274,diag00_a1_s23_llama1b_kv3072_cap12-05_generation_stagger_guard256,guard256,cmpl-diag00_a1_s23_llama1b_kv3072_cap12-05_generation_stagger_guard256-r5-0-bd81bfb8,33,48,24,256,0,True,3,False
llama1b,3072,12,23,generation,stagger,growth_gate,7029.968726666,diag00_a1_s23_llama1b_kv3072_cap12-05_generation_stagger_guard256,guard256,cmpl-diag00_a1_s23_llama1b_kv3072_cap12-05_generation_stagger_guard256-r5-0-bd81bfb8,33,48,24,256,0,True,3,False
llama1b,3072,12,23,generation,stagger,growth_gate,7029.981677907,diag00_a1_s23_llama1b_kv3072_cap12-05_generation_stagger_guard256,guard256,cmpl-diag00_a1_s23_llama1b_kv3072_cap12-05_generation_stagger_guard256-r5-0-bd81bfb8,33,48,24,256,0,True,3,False
llama1b,3072,12,23,generation,stagger,growth_gate,7029.995169662,diag00_a1_s23_llama1b_kv3072_cap12-05_generation_stagger_guard256,guard256,cmpl-diag00_a1_s23_llama1b_kv3072_cap12-05_generation_stagger_guard256-r5-0-bd81bfb8,33,48,24,256,0,True,3,False
llama1b,3072,12,23,generation,stagger,growth_gate,7030.008014604,diag00_a1_s23_llama1b_kv3072_cap12-05_generation_stagger_guard256,guard256,cmpl-diag00_a1_s23_llama1b_kv3072_cap12-05_generation_stagger_guard256-r5-0-bd81bfb8,32,48,24,256,0,True,3,False
llama1b,3072,12,23,generation,stagger,growth_gate,7030.023577676,diag00_a1_s23_llama1b_kv3072_cap12-05_generation_stagger_guard256,guard256,cmpl-diag00_a1_s23_llama1b_kv3072_cap12-05_generation_stagger_guard256-r5-0-bd81bfb8,32,48,24,256,0,True,3,False
llama1b,3072,12,23,generation,stagger,growth_gate,7030.037824162,diag00_a1_s23_llama1b_kv3072_cap12-05_generation_stagger_guard256,guard256,cmpl-diag00_a1_s23_llama1b_kv3072_cap12-05_generation_stagger_guard256-r5-0-bd81bfb8,32,48,24,256,0,True,3,False
llama1b,3072,12,23,generation,stagger,growth_gate,7030.050404825,diag00_a1_s23_llama1b_kv3072_cap12-05_generation_stagger_guard256,guard256,cmpl-diag00_a1_s23_llama1b_kv3072_cap12-05_generation_stagger_guard256-r5-0-bd81bfb8,32,48,24,256,0,True,3,False
llama1b,3072,12,23,generation,stagger,growth_gate,7030.062849942,diag00_a1_s23_llama1b_kv3072_cap12-05_generation_stagger_guard256,guard256,cmpl-diag00_a1_s23_llama1b_kv3072_cap12-05_generation_stagger_guard256-r5-0-bd81bfb8,32,48,24,256,0,True,3,False
llama1b,3072,12,23,generation,stagger,growth_gate,7030.077610635,diag00_a1_s23_llama1b_kv3072_cap12-05_generation_stagger_guard256,guard256,cmpl-diag00_a1_s23_llama1b_kv3072_cap12-05_generation_stagger_guard256-r5-0-bd81bfb8,32,48,24,256,0,True,3,False
llama1b,3072,12,23,generation,stagger,growth_gate,7030.090752846,diag00_a1_s23_llama1b_kv3072_cap12-05_generation_stagger_guard256,guard256,cmpl-diag00_a1_s23_llama1b_kv3072_cap12-05_generation_stagger_guard256-r5-0-bd81bfb8,32,48,24,256,0,True,3,False
llama1b,3072,12,23,generation,stagger,growth_gate,7030.104137577,diag00_a1_s23_llama1b_kv3072_cap12-05_generation_stagger_guard256,guard256,cmpl-diag00_a1_s23_llama1b_kv3072_cap12-05_generation_stagger_guard256-r5-0-bd81bfb8,30,48,24,256,0,True,3,False
llama1b,3072,12,23,generation,stagger,growth_gate,7030.11816042,diag00_a1_s23_llama1b_kv3072_cap12-05_generation_stagger_guard256,guard256,cmpl-diag00_a1_s23_llama1b_kv3072_cap12-05_generation_stagger_guard256-r5-0-bd81bfb8,30,48,24,256,0,True,3,False
llama1b,3072,12,23,generation,stagger,growth_gate,7030.132158957,diag00_a1_s23_llama1b_kv3072_cap12-05_generation_stagger_guard256,guard256,cmpl-diag00_a1_s23_llama1b_kv3072_cap12-05_generation_stagger_guard256-r5-0-bd81bfb8,30,48,24,256,0,True,3,False
llama1b,3072,12,23,generation,stagger,growth_gate,7030.144778963,diag00_a1_s23_llama1b_kv3072_cap12-05_generation_stagger_guard256,guard256,cmpl-diag00_a1_s23_llama1b_kv3072_cap12-05_generation_stagger_guard256-r5-0-bd81bfb8,30,48,24,256,0,True,3,False
llama1b,3072,12,23,generation,stagger,growth_gate,7030.159795128,diag00_a1_s23_llama1b_kv3072_cap12-05_generation_stagger_guard256,guard256,cmpl-diag00_a1_s23_llama1b_kv3072_cap12-05_generation_stagger_guard256-r5-0-bd81bfb8,30,48,24,256,0,True,3,False
llama1b,3072,12,23,generation,stagger,growth_gate,7030.174991275,diag00_a1_s23_llama1b_kv3072_cap12-05_generation_stagger_guard256,guard256,cmpl-diag00_a1_s23_llama1b_kv3072_cap12-05_generation_stagger_guard256-r5-0-bd81bfb8,30,48,24,256,0,True,3,False
llama1b,3072,12,23,generation,stagger,growth_gate,7030.187079971,diag00_a1_s23_llama1b_kv3072_cap12-05_generation_stagger_guard256,guard256,cmpl-diag00_a1_s23_llama1b_kv3072_cap12-05_generation_stagger_guard256-r5-0-bd81bfb8,30,48,24,256,0,True,3,False
llama1b,3072,12,23,generation,stagger,growth_gate,7030.200455686,diag00_a1_s23_llama1b_kv3072_cap12-05_generation_stagger_guard256,guard256,cmpl-diag00_a1_s23_llama1b_kv3072_cap12-05_generation_stagger_guard256-r5-0-bd81bfb8,30,48,24,256,0,True,3,False
llama1b,3072,12,23,generation,stagger,growth_gate,7030.214204731,diag00_a1_s23_llama1b_kv3072_cap12-05_generation_stagger_guard256,guard256,cmpl-diag00_a1_s23_llama1b_kv3072_cap12-05_generation_stagger_guard256-r5-0-bd81bfb8,30,48,24,256,0,True,3,False
llama1b,3072,12,23,generation,stagger,growth_gate,7030.22750959,diag00_a1_s23_llama1b_kv3072_cap12-05_generation_stagger_guard256,guard256,cmpl-diag00_a1_s23_llama1b_kv3072_cap12-05_generation_stagger_guard256-r5-0-bd81bfb8,29,48,24,256,0,True,3,False
llama1b,3072,12,23,generation,stagger,growth_gate,7030.242212226,diag00_a1_s23_llama1b_kv3072_cap12-05_generation_stagger_guard256,guard256,cmpl-diag00_a1_s23_llama1b_kv3072_cap12-05_generation_stagger_guard256-r5-0-bd81bfb8,29,48,24,256,0,True,3,False
llama1b,3072,12,23,generation,stagger,growth_gate,7030.254388042,diag00_a1_s23_llama1b_kv3072_cap12-05_generation_stagger_guard256,guard256,cmpl-diag00_a1_s23_llama1b_kv3072_cap12-05_generation_stagger_guard256-r5-0-bd81bfb8,29,48,24,256,0,True,3,False
llama1b,3072,12,23,generation,stagger,growth_gate,7030.267969971,diag00_a1_s23_llama1b_kv3072_cap12-05_generation_stagger_guard256,guard256,cmpl-diag00_a1_s23_llama1b_kv3072_cap12-05_generation_stagger_guard256-r5-0-bd81bfb8,29,48,24,256,0,True,3,False
llama1b,3072,12,23,generation,stagger,growth_gate,7030.282835549,diag00_a1_s23_llama1b_kv3072_cap12-05_generation_stagger_guard256,guard256,cmpl-diag00_a1_s23_llama1b_kv3072_cap12-05_generation_stagger_guard256-r5-0-bd81bfb8,29,48,24,256,0,True,3,False
llama1b,3072,12,23,generation,stagger,growth_gate,7030.296575937,diag00_a1_s23_llama1b_kv3072_cap12-05_generation_stagger_guard256,guard256,cmpl-diag00_a1_s23_llama1b_kv3072_cap12-05_generation_stagger_guard256-r5-0-bd81bfb8,29,48,24,256,0,True,3,False
llama1b,3072,12,23,generation,stagger,growth_gate,7030.311618402,diag00_a1_s23_llama1b_kv3072_cap12-05_generation_stagger_guard256,guard256,cmpl-diag00_a1_s23_llama1b_kv3072_cap12-05_generation_stagger_guard256-r5-0-bd81bfb8,29,48,24,256,0,True,3,False
llama1b,3072,12,23,generation,stagger,growth_gate,7030.326732257,diag00_a1_s23_llama1b_kv3072_cap12-05_generation_stagger_guard256,guard256,cmpl-diag00_a1_s23_llama1b_kv3072_cap12-05_generation_stagger_guard256-r5-0-bd81bfb8,27,48,24,256,0,True,3,False
llama1b,3072,12,23,generation,stagger,growth_gate,7030.338757075,diag00_a1_s23_llama1b_kv3072_cap12-05_generation_stagger_guard256,guard256,cmpl-diag00_a1_s23_llama1b_kv3072_cap12-05_generation_stagger_guard256-r5-0-bd81bfb8,27,48,24,256,0,True,3,False
llama1b,3072,12,23,generation,stagger,growth_gate,7030.353344709,diag00_a1_s23_llama1b_kv3072_cap12-05_generation_stagger_guard256,guard256,cmpl-diag00_a1_s23_llama1b_kv3072_cap12-05_generation_stagger_guard256-r5-0-bd81bfb8,27,48,24,256,0,True,3,False
llama1b,3072,12,23,generation,stagger,growth_gate,7030.367320628,diag00_a1_s23_llama1b_kv3072_cap12-05_generation_stagger_guard256,guard256,cmpl-diag00_a1_s23_llama1b_kv3072_cap12-05_generation_stagger_guard256-r5-0-bd81bfb8,27,48,24,256,0,True,3,False
llama1b,3072,12,23,generation,stagger,growth_gate,7030.381824938,diag00_a1_s23_llama1b_kv3072_cap12-05_generation_stagger_guard256,guard256,cmpl-diag00_a1_s23_llama1b_kv3072_cap12-05_generation_stagger_guard256-r5-0-bd81bfb8,27,48,24,256,0,True,3,False
llama1b,3072,12,23,generation,stagger,growth_gate,7030.396102311,diag00_a1_s23_llama1b_kv3072_cap12-05_generation_stagger_guard256,guard256,cmpl-diag00_a1_s23_llama1b_kv3072_cap12-05_generation_stagger_guard256-r5-0-bd81bfb8,27,48,24,256,0,True,3,False
llama1b,3072,12,23,generation,stagger,growth_gate,7030.408200722,diag00_a1_s23_llama1b_kv3072_cap12-05_generation_stagger_guard256,guard256,cmpl-diag00_a1_s23_llama1b_kv3072_cap12-05_generation_stagger_guard256-r5-0-bd81bfb8,27,48,24,256,0,True,3,False
llama1b,3072,12,23,generation,stagger,growth_gate,7030.422654462,diag00_a1_s23_llama1b_kv3072_cap12-05_generation_stagger_guard256,guard256,cmpl-diag00_a1_s23_llama1b_kv3072_cap12-05_generation_stagger_guard256-r5-0-bd81bfb8,27,48,24,256,0,True,3,False
llama1b,3072,12,23,generation,stagger,growth_gate,7030.436371888,diag00_a1_s23_llama1b_kv3072_cap12-05_generation_stagger_guard256,guard256,cmpl-diag00_a1_s23_llama1b_kv3072_cap12-05_generation_stagger_guard256-r5-0-bd81bfb8,27,48,24,256,0,True,3,False
llama1b,3072,12,23,generation,stagger,growth_gate,7030.449683576,diag00_a1_s23_llama1b_kv3072_cap12-05_generation_stagger_guard256,guard256,cmpl-diag00_a1_s23_llama1b_kv3072_cap12-05_generation_stagger_guard256-r5-0-bd81bfb8,26,48,24,256,0,True,3,False
llama1b,3072,12,23,generation,stagger,growth_gate,7030.462991735,diag00_a1_s23_llama1b_kv3072_cap12-05_generation_stagger_guard256,guard256,cmpl-diag00_a1_s23_llama1b_kv3072_cap12-05_generation_stagger_guard256-r5-0-bd81bfb8,26,48,24,256,0,True,3,False
llama1b,3072,12,23,generation,stagger,growth_gate,7030.476900925,diag00_a1_s23_llama1b_kv3072_cap12-05_generation_stagger_guard256,guard256,cmpl-diag00_a1_s23_llama1b_kv3072_cap12-05_generation_stagger_guard256-r5-0-bd81bfb8,26,48,24,256,0,True,3,False
llama1b,3072,12,23,generation,stagger,growth_gate,7030.490160828,diag00_a1_s23_llama1b_kv3072_cap12-05_generation_stagger_guard256,guard256,cmpl-diag00_a1_s23_llama1b_kv3072_cap12-05_generation_stagger_guard256-r5-0-bd81bfb8,26,48,24,256,0,True,3,False
llama1b,3072,12,23,generation,stagger,growth_gate,7030.503663753,diag00_a1_s23_llama1b_kv3072_cap12-05_generation_stagger_guard256,guard256,cmpl-diag00_a1_s23_llama1b_kv3072_cap12-05_generation_stagger_guard256-r5-0-bd81bfb8,26,48,24,256,0,True,3,False
llama1b,3072,12,23,generation,stagger,growth_gate,7030.519299708,diag00_a1_s23_llama1b_kv3072_cap12-05_generation_stagger_guard256,guard256,cmpl-diag00_a1_s23_llama1b_kv3072_cap12-05_generation_stagger_guard256-r5-0-bd81bfb8,26,48,24,256,0,True,3,False
llama1b,3072,12,23,generation,stagger,growth_gate,7030.531307798,diag00_a1_s23_llama1b_kv3072_cap12-05_generation_stagger_guard256,guard256,cmpl-diag00_a1_s23_llama1b_kv3072_cap12-05_generation_stagger_guard256-r5-0-bd81bfb8,26,48,24,256,0,True,3,False
llama1b,3072,12,23,generation,stagger,growth_gate,7030.545138195,diag00_a1_s23_llama1b_kv3072_cap12-05_generation_stagger_guard256,guard256,cmpl-diag00_a1_s23_llama1b_kv3072_cap12-05_generation_stagger_guard256-r5-0-bd81bfb8,24,48,24,256,0,True,3,False
llama1b,3072,12,23,generation,stagger,growth_gate,7030.557698017,diag00_a1_s23_llama1b_kv3072_cap12-05_generation_stagger_guard256,guard256,cmpl-diag00_a1_s23_llama1b_kv3072_cap12-05_generation_stagger_guard256-r5-0-bd81bfb8,24,48,24,256,0,True,3,False
llama1b,3072,12,23,generation,stagger,growth_gate,7030.571254529,diag00_a1_s23_llama1b_kv3072_cap12-05_generation_stagger_guard256,guard256,cmpl-diag00_a1_s23_llama1b_kv3072_cap12-05_generation_stagger_guard256-r5-0-bd81bfb8,24,48,24,256,0,True,3,False
llama1b,3072,12,23,generation,stagger,growth_gate,7030.585540643,diag00_a1_s23_llama1b_kv3072_cap12-05_generation_stagger_guard256,guard256,cmpl-diag00_a1_s23_llama1b_kv3072_cap12-05_generation_stagger_guard256-r5-0-bd81bfb8,24,48,24,256,0,True,3,False
llama1b,3072,12,23,generation,stagger,growth_gate,7030.598400095,diag00_a1_s23_llama1b_kv3072_cap12-05_generation_stagger_guard256,guard256,cmpl-diag00_a1_s23_llama1b_kv3072_cap12-05_generation_stagger_guard256-r5-0-bd81bfb8,24,48,24,256,0,True,3,False
llama1b,3072,12,23,generation,stagger,growth_gate,7030.613159134,diag00_a1_s23_llama1b_kv3072_cap12-05_generation_stagger_guard256,guard256,cmpl-diag00_a1_s23_llama1b_kv3072_cap12-05_generation_stagger_guard256-r5-0-bd81bfb8,24,48,24,256,0,True,3,False
llama1b,3072,12,23,generation,stagger,growth_gate,7030.62843237,diag00_a1_s23_llama1b_kv3072_cap12-05_generation_stagger_guard256,guard256,cmpl-diag00_a1_s23_llama1b_kv3072_cap12-05_generation_stagger_guard256-r5-0-bd81bfb8,24,48,24,256,0,True,3,False
llama1b,3072,12,23,generation,stagger,growth_gate,7030.643201543,diag00_a1_s23_llama1b_kv3072_cap12-05_generation_stagger_guard256,guard256,cmpl-diag00_a1_s23_llama1b_kv3072_cap12-05_generation_stagger_guard256-r5-0-bd81bfb8,24,48,24,256,0,True,3,False
llama1b,3072,12,23,generation,stagger,growth_gate,7030.654932549,diag00_a1_s23_llama1b_kv3072_cap12-05_generation_stagger_guard256,guard256,cmpl-diag00_a1_s23_llama1b_kv3072_cap12-05_generation_stagger_guard256-r5-0-bd81bfb8,24,48,24,256,0,True,3,False
llama1b,3072,12,23,generation,stagger,growth_gate,7030.668527749,diag00_a1_s23_llama1b_kv3072_cap12-05_generation_stagger_guard256,guard256,cmpl-diag00_a1_s23_llama1b_kv3072_cap12-05_generation_stagger_guard256-r5-0-bd81bfb8,23,48,24,256,0,True,3,False
llama1b,3072,12,23,generation,stagger,growth_gate,7030.681587279,diag00_a1_s23_llama1b_kv3072_cap12-05_generation_stagger_guard256,guard256,cmpl-diag00_a1_s23_llama1b_kv3072_cap12-05_generation_stagger_guard256-r5-0-bd81bfb8,23,48,24,256,0,True,3,False
llama1b,3072,12,23,generation,stagger,growth_gate,7030.695984792,diag00_a1_s23_llama1b_kv3072_cap12-05_generation_stagger_guard256,guard256,cmpl-diag00_a1_s23_llama1b_kv3072_cap12-05_generation_stagger_guard256-r5-0-bd81bfb8,23,48,24,256,0,True,3,False
llama1b,3072,12,23,generation,stagger,growth_gate,7030.709663723,diag00_a1_s23_llama1b_kv3072_cap12-05_generation_stagger_guard256,guard256,cmpl-diag00_a1_s23_llama1b_kv3072_cap12-05_generation_stagger_guard256-r5-0-bd81bfb8,23,48,24,256,0,True,3,False
llama1b,3072,12,23,generation,stagger,growth_gate,7030.723844844,diag00_a1_s23_llama1b_kv3072_cap12-05_generation_stagger_guard256,guard256,cmpl-diag00_a1_s23_llama1b_kv3072_cap12-05_generation_stagger_guard256-r5-0-bd81bfb8,23,48,24,256,0,True,3,False
llama1b,3072,12,23,generation,stagger,growth_gate,7030.736650795,diag00_a1_s23_llama1b_kv3072_cap12-05_generation_stagger_guard256,guard256,cmpl-diag00_a1_s23_llama1b_kv3072_cap12-05_generation_stagger_guard256-r5-0-bd81bfb8,23,48,24,256,0,True,3,False
llama1b,3072,12,23,generation,stagger,growth_gate,7030.750942663,diag00_a1_s23_llama1b_kv3072_cap12-05_generation_stagger_guard256,guard256,cmpl-diag00_a1_s23_llama1b_kv3072_cap12-05_generation_stagger_guard256-r5-0-bd81bfb8,23,48,24,256,0,True,3,False
llama1b,3072,12,23,generation,stagger,growth_gate,7030.76453556,diag00_a1_s23_llama1b_kv3072_cap12-05_generation_stagger_guard256,guard256,cmpl-diag00_a1_s23_llama1b_kv3072_cap12-05_generation_stagger_guard256-r5-0-bd81bfb8,21,48,24,256,0,True,3,False
llama1b,3072,12,23,generation,stagger,growth_gate,7030.778731401,diag00_a1_s23_llama1b_kv3072_cap12-05_generation_stagger_guard256,guard256,cmpl-diag00_a1_s23_llama1b_kv3072_cap12-05_generation_stagger_guard256-r5-0-bd81bfb8,21,48,24,256,0,True,3,False
llama1b,3072,12,23,generation,stagger,growth_gate,7030.791721847,diag00_a1_s23_llama1b_kv3072_cap12-05_generation_stagger_guard256,guard256,cmpl-diag00_a1_s23_llama1b_kv3072_cap12-05_generation_stagger_guard256-r5-0-bd81bfb8,21,48,24,256,0,True,3,False
llama1b,3072,12,23,generation,stagger,growth_gate,7030.805588364,diag00_a1_s23_llama1b_kv3072_cap12-05_generation_stagger_guard256,guard256,cmpl-diag00_a1_s23_llama1b_kv3072_cap12-05_generation_stagger_guard256-r5-0-bd81bfb8,21,48,24,256,0,True,3,False
llama1b,3072,12,23,generation,stagger,growth_gate,7030.819950977,diag00_a1_s23_llama1b_kv3072_cap12-05_generation_stagger_guard256,guard256,cmpl-diag00_a1_s23_llama1b_kv3072_cap12-05_generation_stagger_guard256-r5-0-bd81bfb8,21,48,24,256,0,True,3,False
llama1b,3072,12,23,generation,stagger,growth_gate,7030.835770106,diag00_a1_s23_llama1b_kv3072_cap12-05_generation_stagger_guard256,guard256,cmpl-diag00_a1_s23_llama1b_kv3072_cap12-05_generation_stagger_guard256-r5-0-bd81bfb8,21,48,24,256,0,True,3,False
llama1b,3072,12,23,generation,stagger,growth_gate,7030.847554688,diag00_a1_s23_llama1b_kv3072_cap12-05_generation_stagger_guard256,guard256,cmpl-diag00_a1_s23_llama1b_kv3072_cap12-05_generation_stagger_guard256-r5-0-bd81bfb8,21,48,24,256,0,True,3,False
llama1b,3072,12,23,generation,stagger,growth_gate,7030.860588385,diag00_a1_s23_llama1b_kv3072_cap12-05_generation_stagger_guard256,guard256,cmpl-diag00_a1_s23_llama1b_kv3072_cap12-05_generation_stagger_guard256-r5-0-bd81bfb8,21,48,24,256,0,True,3,False
llama1b,3072,12,23,generation,stagger,growth_gate,7030.875219769,diag00_a1_s23_llama1b_kv3072_cap12-05_generation_stagger_guard256,guard256,cmpl-diag00_a1_s23_llama1b_kv3072_cap12-05_generation_stagger_guard256-r5-0-bd81bfb8,21,48,24,256,0,True,3,False
llama1b,3072,12,23,generation,stagger,growth_gate,7030.887877438,diag00_a1_s23_llama1b_kv3072_cap12-05_generation_stagger_guard256,guard256,cmpl-diag00_a1_s23_llama1b_kv3072_cap12-05_generation_stagger_guard256-r5-0-bd81bfb8,20,48,24,256,0,True,3,False
llama1b,3072,12,23,generation,stagger,growth_gate,7030.901531627,diag00_a1_s23_llama1b_kv3072_cap12-05_generation_stagger_guard256,guard256,cmpl-diag00_a1_s23_llama1b_kv3072_cap12-05_generation_stagger_guard256-r5-0-bd81bfb8,20,48,24,256,0,True,3,False
llama1b,3072,12,23,generation,stagger,growth_gate,7030.915462194,diag00_a1_s23_llama1b_kv3072_cap12-05_generation_stagger_guard256,guard256,cmpl-diag00_a1_s23_llama1b_kv3072_cap12-05_generation_stagger_guard256-r5-0-bd81bfb8,20,48,24,256,0,True,3,False
llama1b,3072,12,23,generation,stagger,growth_gate,7030.930634824,diag00_a1_s23_llama1b_kv3072_cap12-05_generation_stagger_guard256,guard256,cmpl-diag00_a1_s23_llama1b_kv3072_cap12-05_generation_stagger_guard256-r5-0-bd81bfb8,20,48,24,256,0,True,3,False
llama1b,3072,12,23,generation,stagger,growth_gate,7030.94504108,diag00_a1_s23_llama1b_kv3072_cap12-05_generation_stagger_guard256,guard256,cmpl-diag00_a1_s23_llama1b_kv3072_cap12-05_generation_stagger_guard256-r5-0-bd81bfb8,20,48,24,256,0,True,3,False
llama1b,3072,12,23,generation,stagger,growth_gate,7030.957635269,diag00_a1_s23_llama1b_kv3072_cap12-05_generation_stagger_guard256,guard256,cmpl-diag00_a1_s23_llama1b_kv3072_cap12-05_generation_stagger_guard256-r5-0-bd81bfb8,20,48,24,256,0,True,3,False
llama1b,3072,12,23,generation,stagger,growth_gate,7030.971325348,diag00_a1_s23_llama1b_kv3072_cap12-05_generation_stagger_guard256,guard256,cmpl-diag00_a1_s23_llama1b_kv3072_cap12-05_generation_stagger_guard256-r5-0-bd81bfb8,20,48,24,256,0,True,3,False
llama1b,3072,12,23,generation,stagger,growth_gate,7030.984702611,diag00_a1_s23_llama1b_kv3072_cap12-05_generation_stagger_guard256,guard256,cmpl-diag00_a1_s23_llama1b_kv3072_cap12-05_generation_stagger_guard256-r5-0-bd81bfb8,18,48,24,256,0,True,3,False
llama1b,3072,12,23,generation,stagger,growth_gate,7030.999283815,diag00_a1_s23_llama1b_kv3072_cap12-05_generation_stagger_guard256,guard256,cmpl-diag00_a1_s23_llama1b_kv3072_cap12-05_generation_stagger_guard256-r5-0-bd81bfb8,18,48,24,256,0,True,3,False
llama1b,3072,12,23,generation,stagger,growth_gate,7031.012168321,diag00_a1_s23_llama1b_kv3072_cap12-05_generation_stagger_guard256,guard256,cmpl-diag00_a1_s23_llama1b_kv3072_cap12-05_generation_stagger_guard256-r5-0-bd81bfb8,18,48,24,256,0,True,3,False
llama1b,3072,12,23,generation,stagger,growth_gate,7031.025255348,diag00_a1_s23_llama1b_kv3072_cap12-05_generation_stagger_guard256,guard256,cmpl-diag00_a1_s23_llama1b_kv3072_cap12-05_generation_stagger_guard256-r5-0-bd81bfb8,18,48,24,256,0,True,3,False
llama1b,3072,12,23,generation,stagger,growth_gate,7031.040283386,diag00_a1_s23_llama1b_kv3072_cap12-05_generation_stagger_guard256,guard256,cmpl-diag00_a1_s23_llama1b_kv3072_cap12-05_generation_stagger_guard256-r5-0-bd81bfb8,18,48,24,256,0,True,3,False
llama1b,3072,12,23,generation,stagger,growth_gate,7031.052691971,diag00_a1_s23_llama1b_kv3072_cap12-05_generation_stagger_guard256,guard256,cmpl-diag00_a1_s23_llama1b_kv3072_cap12-05_generation_stagger_guard256-r5-0-bd81bfb8,18,48,24,256,0,True,3,False
llama1b,3072,12,23,generation,stagger,growth_gate,7031.066699386,diag00_a1_s23_llama1b_kv3072_cap12-05_generation_stagger_guard256,guard256,cmpl-diag00_a1_s23_llama1b_kv3072_cap12-05_generation_stagger_guard256-r5-0-bd81bfb8,18,48,24,256,0,True,3,False
llama1b,3072,12,23,generation,stagger,growth_gate,7031.079056362,diag00_a1_s23_llama1b_kv3072_cap12-05_generation_stagger_guard256,guard256,cmpl-diag00_a1_s23_llama1b_kv3072_cap12-05_generation_stagger_guard256-r5-0-bd81bfb8,18,48,24,256,0,True,3,False
llama1b,3072,12,23,generation,stagger,growth_gate,7031.093281931,diag00_a1_s23_llama1b_kv3072_cap12-05_generation_stagger_guard256,guard256,cmpl-diag00_a1_s23_llama1b_kv3072_cap12-05_generation_stagger_guard256-r5-0-bd81bfb8,18,48,24,256,0,True,3,False
llama1b,3072,12,23,generation,stagger,growth_gate,7031.107896448,diag00_a1_s23_llama1b_kv3072_cap12-05_generation_stagger_guard256,guard256,cmpl-diag00_a1_s23_llama1b_kv3072_cap12-05_generation_stagger_guard256-r5-0-bd81bfb8,82,32,24,256,0,False,2,False
llama1b,3072,12,23,generation,stagger,growth_gate,7031.107994658,diag00_a1_s23_llama1b_kv3072_cap12-05_generation_stagger_guard256,guard256,cmpl-diag00_a1_s23_llama1b_kv3072_cap12-05_generation_stagger_guard256-r6-0-940b72d8,74,48,48,256,0,True,3,False
llama1b,3072,12,23,generation,stagger,growth_gate,7031.122729222,diag00_a1_s23_llama1b_kv3072_cap12-05_generation_stagger_guard256,guard256,cmpl-diag00_a1_s23_llama1b_kv3072_cap12-05_generation_stagger_guard256-r6-0-940b72d8,73,48,48,256,0,True,3,False
llama1b,3072,12,23,generation,stagger,growth_gate,7031.143509692,diag00_a1_s23_llama1b_kv3072_cap12-05_generation_stagger_guard256,guard256,cmpl-diag00_a1_s23_llama1b_kv3072_cap12-05_generation_stagger_guard256-r6-0-940b72d8,73,48,48,256,0,True,3,False
llama1b,3072,12,23,generation,stagger,growth_gate,7031.156470136,diag00_a1_s23_llama1b_kv3072_cap12-05_generation_stagger_guard256,guard256,cmpl-diag00_a1_s23_llama1b_kv3072_cap12-05_generation_stagger_guard256-r6-0-940b72d8,73,48,48,256,0,True,3,False
llama1b,3072,12,23,generation,stagger,growth_gate,7031.170817816,diag00_a1_s23_llama1b_kv3072_cap12-05_generation_stagger_guard256,guard256,cmpl-diag00_a1_s23_llama1b_kv3072_cap12-05_generation_stagger_guard256-r6-0-940b72d8,73,48,48,256,0,True,3,False
llama1b,3072,12,23,generation,stagger,growth_gate,7031.18432571,diag00_a1_s23_llama1b_kv3072_cap12-05_generation_stagger_guard256,guard256,cmpl-diag00_a1_s23_llama1b_kv3072_cap12-05_generation_stagger_guard256-r6-0-940b72d8,73,48,48,256,0,True,3,False
llama1b,3072,12,23,generation,stagger,growth_gate,7031.197622939,diag00_a1_s23_llama1b_kv3072_cap12-05_generation_stagger_guard256,guard256,cmpl-diag00_a1_s23_llama1b_kv3072_cap12-05_generation_stagger_guard256-r6-0-940b72d8,73,48,48,256,0,True,3,False
llama1b,3072,12,23,generation,stagger,growth_gate,7031.211582352,diag00_a1_s23_llama1b_kv3072_cap12-05_generation_stagger_guard256,guard256,cmpl-diag00_a1_s23_llama1b_kv3072_cap12-05_generation_stagger_guard256-r6-0-940b72d8,71,48,48,256,0,True,3,False
llama1b,3072,12,23,generation,stagger,growth_gate,7031.227194929,diag00_a1_s23_llama1b_kv3072_cap12-05_generation_stagger_guard256,guard256,cmpl-diag00_a1_s23_llama1b_kv3072_cap12-05_generation_stagger_guard256-r6-0-940b72d8,71,48,48,256,0,True,3,False
llama1b,3072,12,23,generation,stagger,growth_gate,7031.241131759,diag00_a1_s23_llama1b_kv3072_cap12-05_generation_stagger_guard256,guard256,cmpl-diag00_a1_s23_llama1b_kv3072_cap12-05_generation_stagger_guard256-r6-0-940b72d8,71,48,48,256,0,True,3,False
llama1b,3072,12,23,generation,stagger,growth_gate,7031.254825032,diag00_a1_s23_llama1b_kv3072_cap12-05_generation_stagger_guard256,guard256,cmpl-diag00_a1_s23_llama1b_kv3072_cap12-05_generation_stagger_guard256-r6-0-940b72d8,71,48,48,256,0,True,3,False
llama1b,3072,12,23,generation,stagger,growth_gate,7031.267302276,diag00_a1_s23_llama1b_kv3072_cap12-05_generation_stagger_guard256,guard256,cmpl-diag00_a1_s23_llama1b_kv3072_cap12-05_generation_stagger_guard256-r6-0-940b72d8,71,48,48,256,0,True,3,False
llama1b,3072,12,23,generation,stagger,growth_gate,7031.280709348,diag00_a1_s23_llama1b_kv3072_cap12-05_generation_stagger_guard256,guard256,cmpl-diag00_a1_s23_llama1b_kv3072_cap12-05_generation_stagger_guard256-r6-0-940b72d8,71,48,48,256,0,True,3,False
llama1b,3072,12,23,generation,stagger,growth_gate,7031.294555903,diag00_a1_s23_llama1b_kv3072_cap12-05_generation_stagger_guard256,guard256,cmpl-diag00_a1_s23_llama1b_kv3072_cap12-05_generation_stagger_guard256-r6-0-940b72d8,71,48,48,256,0,True,3,False
llama1b,3072,12,23,generation,stagger,growth_gate,7031.307960691,diag00_a1_s23_llama1b_kv3072_cap12-05_generation_stagger_guard256,guard256,cmpl-diag00_a1_s23_llama1b_kv3072_cap12-05_generation_stagger_guard256-r6-0-940b72d8,71,48,48,256,0,True,3,False
llama1b,3072,12,23,generation,stagger,growth_gate,7031.321130216,diag00_a1_s23_llama1b_kv3072_cap12-05_generation_stagger_guard256,guard256,cmpl-diag00_a1_s23_llama1b_kv3072_cap12-05_generation_stagger_guard256-r6-0-940b72d8,71,48,48,256,0,True,3,False
llama1b,3072,12,23,generation,stagger,growth_gate,7031.334634131,diag00_a1_s23_llama1b_kv3072_cap12-05_generation_stagger_guard256,guard256,cmpl-diag00_a1_s23_llama1b_kv3072_cap12-05_generation_stagger_guard256-r6-0-940b72d8,71,48,48,256,0,True,3,False
llama1b,3072,12,23,generation,stagger,growth_gate,7031.348553812,diag00_a1_s23_llama1b_kv3072_cap12-05_generation_stagger_guard256,guard256,cmpl-diag00_a1_s23_llama1b_kv3072_cap12-05_generation_stagger_guard256-r6-0-940b72d8,70,48,48,256,0,True,3,False
llama1b,3072,12,23,generation,stagger,growth_gate,7031.362135053,diag00_a1_s23_llama1b_kv3072_cap12-05_generation_stagger_guard256,guard256,cmpl-diag00_a1_s23_llama1b_kv3072_cap12-05_generation_stagger_guard256-r6-0-940b72d8,70,48,48,256,0,True,3,False
llama1b,3072,12,23,generation,stagger,growth_gate,7031.375884877,diag00_a1_s23_llama1b_kv3072_cap12-05_generation_stagger_guard256,guard256,cmpl-diag00_a1_s23_llama1b_kv3072_cap12-05_generation_stagger_guard256-r6-0-940b72d8,70,48,48,256,0,True,3,False
llama1b,3072,12,23,generation,stagger,growth_gate,7031.389452845,diag00_a1_s23_llama1b_kv3072_cap12-05_generation_stagger_guard256,guard256,cmpl-diag00_a1_s23_llama1b_kv3072_cap12-05_generation_stagger_guard256-r6-0-940b72d8,70,48,48,256,0,True,3,False
llama1b,3072,12,23,generation,stagger,growth_gate,7031.403073477,diag00_a1_s23_llama1b_kv3072_cap12-05_generation_stagger_guard256,guard256,cmpl-diag00_a1_s23_llama1b_kv3072_cap12-05_generation_stagger_guard256-r6-0-940b72d8,70,48,48,256,0,True,3,False
llama1b,3072,12,23,generation,stagger,growth_gate,7031.416852806,diag00_a1_s23_llama1b_kv3072_cap12-05_generation_stagger_guard256,guard256,cmpl-diag00_a1_s23_llama1b_kv3072_cap12-05_generation_stagger_guard256-r6-0-940b72d8,70,48,48,256,0,True,3,False
llama1b,3072,12,23,generation,stagger,growth_gate,7031.429457629,diag00_a1_s23_llama1b_kv3072_cap12-05_generation_stagger_guard256,guard256,cmpl-diag00_a1_s23_llama1b_kv3072_cap12-05_generation_stagger_guard256-r6-0-940b72d8,133,32,48,256,0,False,2,False
llama1b,3072,12,23,generation,stagger,growth_gate,7031.429555013,diag00_a1_s23_llama1b_kv3072_cap12-05_generation_stagger_guard256,guard256,cmpl-diag00_a1_s23_llama1b_kv3072_cap12-05_generation_stagger_guard256-r7-0-bc567de3,101,48,24,256,0,False,3,False
llama1b,3072,12,23,generation,stagger,growth_gate,7031.429627454,diag00_a1_s23_llama1b_kv3072_cap12-05_generation_stagger_guard256,guard256,cmpl-diag00_a1_s23_llama1b_kv3072_cap12-05_generation_stagger_guard256-r8-0-875056bc,93,64,48,256,0,True,4,False
llama1b,3072,12,23,generation,stagger,growth_gate,7031.445365456,diag00_a1_s23_llama1b_kv3072_cap12-05_generation_stagger_guard256,guard256,cmpl-diag00_a1_s23_llama1b_kv3072_cap12-05_generation_stagger_guard256-r8-0-875056bc,91,64,48,256,0,True,4,False
llama1b,3072,12,23,generation,stagger,growth_gate,7031.517528064,diag00_a1_s23_llama1b_kv3072_cap12-05_generation_stagger_guard256,guard256,cmpl-diag00_a1_s23_llama1b_kv3072_cap12-05_generation_stagger_guard256-r8-0-875056bc,91,64,48,256,0,True,4,False
llama1b,3072,12,23,generation,stagger,growth_gate,7031.531063151,diag00_a1_s23_llama1b_kv3072_cap12-05_generation_stagger_guard256,guard256,cmpl-diag00_a1_s23_llama1b_kv3072_cap12-05_generation_stagger_guard256-r8-0-875056bc,91,64,48,256,0,True,4,False
llama1b,3072,12,23,generation,stagger,growth_gate,7031.544620536,diag00_a1_s23_llama1b_kv3072_cap12-05_generation_stagger_guard256,guard256,cmpl-diag00_a1_s23_llama1b_kv3072_cap12-05_generation_stagger_guard256-r8-0-875056bc,91,64,48,256,0,True,4,False
llama1b,3072,12,23,generation,stagger,growth_gate,7031.558337192,diag00_a1_s23_llama1b_kv3072_cap12-05_generation_stagger_guard256,guard256,cmpl-diag00_a1_s23_llama1b_kv3072_cap12-05_generation_stagger_guard256-r8-0-875056bc,91,64,48,256,0,True,4,False
llama1b,3072,12,23,generation,stagger,growth_gate,7031.571382502,diag00_a1_s23_llama1b_kv3072_cap12-05_generation_stagger_guard256,guard256,cmpl-diag00_a1_s23_llama1b_kv3072_cap12-05_generation_stagger_guard256-r8-0-875056bc,91,64,48,256,0,True,4,False
llama1b,3072,12,23,generation,stagger,growth_gate,7031.584299367,diag00_a1_s23_llama1b_kv3072_cap12-05_generation_stagger_guard256,guard256,cmpl-diag00_a1_s23_llama1b_kv3072_cap12-05_generation_stagger_guard256-r8-0-875056bc,91,64,48,256,0,True,4,False
llama1b,3072,12,23,generation,stagger,growth_gate,7031.597989699,diag00_a1_s23_llama1b_kv3072_cap12-05_generation_stagger_guard256,guard256,cmpl-diag00_a1_s23_llama1b_kv3072_cap12-05_generation_stagger_guard256-r8-0-875056bc,91,64,48,256,0,True,4,False
llama1b,3072,12,23,generation,stagger,growth_gate,7031.611836421,diag00_a1_s23_llama1b_kv3072_cap12-05_generation_stagger_guard256,guard256,cmpl-diag00_a1_s23_llama1b_kv3072_cap12-05_generation_stagger_guard256-r8-0-875056bc,91,64,48,256,0,True,4,False
llama1b,3072,12,23,generation,stagger,growth_gate,7031.625410035,diag00_a1_s23_llama1b_kv3072_cap12-05_generation_stagger_guard256,guard256,cmpl-diag00_a1_s23_llama1b_kv3072_cap12-05_generation_stagger_guard256-r8-0-875056bc,90,64,48,256,0,True,4,False
llama1b,3072,12,23,generation,stagger,growth_gate,7031.638451347,diag00_a1_s23_llama1b_kv3072_cap12-05_generation_stagger_guard256,guard256,cmpl-diag00_a1_s23_llama1b_kv3072_cap12-05_generation_stagger_guard256-r8-0-875056bc,90,64,48,256,0,True,4,False
llama1b,3072,12,23,generation,stagger,growth_gate,7031.652942661,diag00_a1_s23_llama1b_kv3072_cap12-05_generation_stagger_guard256,guard256,cmpl-diag00_a1_s23_llama1b_kv3072_cap12-05_generation_stagger_guard256-r8-0-875056bc,90,64,48,256,0,True,4,False
llama1b,3072,12,23,generation,stagger,growth_gate,7031.66699244,diag00_a1_s23_llama1b_kv3072_cap12-05_generation_stagger_guard256,guard256,cmpl-diag00_a1_s23_llama1b_kv3072_cap12-05_generation_stagger_guard256-r8-0-875056bc,90,64,48,256,0,True,4,False
llama1b,3072,12,23,generation,stagger,growth_gate,7031.679124375,diag00_a1_s23_llama1b_kv3072_cap12-05_generation_stagger_guard256,guard256,cmpl-diag00_a1_s23_llama1b_kv3072_cap12-05_generation_stagger_guard256-r8-0-875056bc,90,64,48,256,0,True,4,False
llama1b,3072,12,23,generation,stagger,growth_gate,7031.691686793,diag00_a1_s23_llama1b_kv3072_cap12-05_generation_stagger_guard256,guard256,cmpl-diag00_a1_s23_llama1b_kv3072_cap12-05_generation_stagger_guard256-r8-0-875056bc,90,64,48,256,0,True,4,False
llama1b,3072,12,23,generation,stagger,growth_gate,7031.706901914,diag00_a1_s23_llama1b_kv3072_cap12-05_generation_stagger_guard256,guard256,cmpl-diag00_a1_s23_llama1b_kv3072_cap12-05_generation_stagger_guard256-r8-0-875056bc,89,64,48,256,0,True,4,False
llama1b,3072,12,23,generation,stagger,growth_gate,7031.718822524,diag00_a1_s23_llama1b_kv3072_cap12-05_generation_stagger_guard256,guard256,cmpl-diag00_a1_s23_llama1b_kv3072_cap12-05_generation_stagger_guard256-r8-0-875056bc,87,64,48,256,0,True,4,False
llama1b,3072,12,23,generation,stagger,growth_gate,7031.733397647,diag00_a1_s23_llama1b_kv3072_cap12-05_generation_stagger_guard256,guard256,cmpl-diag00_a1_s23_llama1b_kv3072_cap12-05_generation_stagger_guard256-r8-0-875056bc,87,64,48,256,0,True,4,False
llama1b,3072,12,23,generation,stagger,growth_gate,7031.748158721,diag00_a1_s23_llama1b_kv3072_cap12-05_generation_stagger_guard256,guard256,cmpl-diag00_a1_s23_llama1b_kv3072_cap12-05_generation_stagger_guard256-r8-0-875056bc,87,64,48,256,0,True,4,False
llama1b,3072,12,23,generation,stagger,growth_gate,7031.760713755,diag00_a1_s23_llama1b_kv3072_cap12-05_generation_stagger_guard256,guard256,cmpl-diag00_a1_s23_llama1b_kv3072_cap12-05_generation_stagger_guard256-r8-0-875056bc,87,64,48,256,0,True,4,False
llama1b,3072,12,23,generation,stagger,growth_gate,7031.773965188,diag00_a1_s23_llama1b_kv3072_cap12-05_generation_stagger_guard256,guard256,cmpl-diag00_a1_s23_llama1b_kv3072_cap12-05_generation_stagger_guard256-r8-0-875056bc,87,64,48,256,0,True,4,False
llama1b,3072,12,23,generation,stagger,growth_gate,7031.788749545,diag00_a1_s23_llama1b_kv3072_cap12-05_generation_stagger_guard256,guard256,cmpl-diag00_a1_s23_llama1b_kv3072_cap12-05_generation_stagger_guard256-r8-0-875056bc,87,64,48,256,0,True,4,False
llama1b,3072,12,23,generation,stagger,growth_gate,7031.801752232,diag00_a1_s23_llama1b_kv3072_cap12-05_generation_stagger_guard256,guard256,cmpl-diag00_a1_s23_llama1b_kv3072_cap12-05_generation_stagger_guard256-r8-0-875056bc,87,64,48,256,0,True,4,False
llama1b,3072,12,23,generation,stagger,growth_gate,7031.816202034,diag00_a1_s23_llama1b_kv3072_cap12-05_generation_stagger_guard256,guard256,cmpl-diag00_a1_s23_llama1b_kv3072_cap12-05_generation_stagger_guard256-r8-0-875056bc,87,64,48,256,0,True,4,False
llama1b,3072,12,23,generation,stagger,growth_gate,7031.830108609,diag00_a1_s23_llama1b_kv3072_cap12-05_generation_stagger_guard256,guard256,cmpl-diag00_a1_s23_llama1b_kv3072_cap12-05_generation_stagger_guard256-r8-0-875056bc,87,64,48,256,0,True,4,False
llama1b,3072,12,23,generation,stagger,growth_gate,7031.844464417,diag00_a1_s23_llama1b_kv3072_cap12-05_generation_stagger_guard256,guard256,cmpl-diag00_a1_s23_llama1b_kv3072_cap12-05_generation_stagger_guard256-r8-0-875056bc,86,64,48,256,0,True,4,False
llama1b,3072,12,23,generation,stagger,growth_gate,7031.858526031,diag00_a1_s23_llama1b_kv3072_cap12-05_generation_stagger_guard256,guard256,cmpl-diag00_a1_s23_llama1b_kv3072_cap12-05_generation_stagger_guard256-r8-0-875056bc,86,64,48,256,0,True,4,False
llama1b,3072,12,23,generation,stagger,growth_gate,7031.872820149,diag00_a1_s23_llama1b_kv3072_cap12-05_generation_stagger_guard256,guard256,cmpl-diag00_a1_s23_llama1b_kv3072_cap12-05_generation_stagger_guard256-r8-0-875056bc,86,64,48,256,0,True,4,False
llama1b,3072,12,23,generation,stagger,growth_gate,7031.886357217,diag00_a1_s23_llama1b_kv3072_cap12-05_generation_stagger_guard256,guard256,cmpl-diag00_a1_s23_llama1b_kv3072_cap12-05_generation_stagger_guard256-r8-0-875056bc,86,64,48,256,0,True,4,False
llama1b,3072,12,23,generation,stagger,growth_gate,7031.900495836,diag00_a1_s23_llama1b_kv3072_cap12-05_generation_stagger_guard256,guard256,cmpl-diag00_a1_s23_llama1b_kv3072_cap12-05_generation_stagger_guard256-r8-0-875056bc,86,64,48,256,0,True,4,False
llama1b,3072,12,23,generation,stagger,growth_gate,7031.914588461,diag00_a1_s23_llama1b_kv3072_cap12-05_generation_stagger_guard256,guard256,cmpl-diag00_a1_s23_llama1b_kv3072_cap12-05_generation_stagger_guard256-r8-0-875056bc,86,64,48,256,0,True,4,False
llama1b,3072,12,23,generation,stagger,growth_gate,7031.928441445,diag00_a1_s23_llama1b_kv3072_cap12-05_generation_stagger_guard256,guard256,cmpl-diag00_a1_s23_llama1b_kv3072_cap12-05_generation_stagger_guard256-r8-0-875056bc,85,64,48,256,0,True,4,False
llama1b,3072,12,23,generation,stagger,growth_gate,7031.94242344,diag00_a1_s23_llama1b_kv3072_cap12-05_generation_stagger_guard256,guard256,cmpl-diag00_a1_s23_llama1b_kv3072_cap12-05_generation_stagger_guard256-r8-0-875056bc,83,64,48,256,0,True,4,False
llama1b,3072,12,23,generation,stagger,growth_gate,7031.957340873,diag00_a1_s23_llama1b_kv3072_cap12-05_generation_stagger_guard256,guard256,cmpl-diag00_a1_s23_llama1b_kv3072_cap12-05_generation_stagger_guard256-r8-0-875056bc,83,64,48,256,0,True,4,False
llama1b,3072,12,23,generation,stagger,growth_gate,7031.972011119,diag00_a1_s23_llama1b_kv3072_cap12-05_generation_stagger_guard256,guard256,cmpl-diag00_a1_s23_llama1b_kv3072_cap12-05_generation_stagger_guard256-r8-0-875056bc,83,64,48,256,0,True,4,False
llama1b,3072,12,23,generation,stagger,growth_gate,7031.986172793,diag00_a1_s23_llama1b_kv3072_cap12-05_generation_stagger_guard256,guard256,cmpl-diag00_a1_s23_llama1b_kv3072_cap12-05_generation_stagger_guard256-r8-0-875056bc,83,64,48,256,0,True,4,False
llama1b,3072,12,23,generation,stagger,growth_gate,7032.000141723,diag00_a1_s23_llama1b_kv3072_cap12-05_generation_stagger_guard256,guard256,cmpl-diag00_a1_s23_llama1b_kv3072_cap12-05_generation_stagger_guard256-r8-0-875056bc,83,64,48,256,0,True,4,False
llama1b,3072,12,23,generation,stagger,growth_gate,7032.014978833,diag00_a1_s23_llama1b_kv3072_cap12-05_generation_stagger_guard256,guard256,cmpl-diag00_a1_s23_llama1b_kv3072_cap12-05_generation_stagger_guard256-r8-0-875056bc,83,64,48,256,0,True,4,False
llama1b,3072,12,23,generation,stagger,growth_gate,7032.028512894,diag00_a1_s23_llama1b_kv3072_cap12-05_generation_stagger_guard256,guard256,cmpl-diag00_a1_s23_llama1b_kv3072_cap12-05_generation_stagger_guard256-r8-0-875056bc,83,64,48,256,0,True,4,False
llama1b,3072,12,23,generation,stagger,growth_gate,7032.042211254,diag00_a1_s23_llama1b_kv3072_cap12-05_generation_stagger_guard256,guard256,cmpl-diag00_a1_s23_llama1b_kv3072_cap12-05_generation_stagger_guard256-r8-0-875056bc,83,64,48,256,0,True,4,False
llama1b,3072,12,23,generation,stagger,growth_gate,7032.056889957,diag00_a1_s23_llama1b_kv3072_cap12-05_generation_stagger_guard256,guard256,cmpl-diag00_a1_s23_llama1b_kv3072_cap12-05_generation_stagger_guard256-r8-0-875056bc,83,64,48,256,0,True,4,False
llama1b,3072,12,23,generation,stagger,growth_gate,7032.070973008,diag00_a1_s23_llama1b_kv3072_cap12-05_generation_stagger_guard256,guard256,cmpl-diag00_a1_s23_llama1b_kv3072_cap12-05_generation_stagger_guard256-r8-0-875056bc,95,48,48,256,0,True,3,False
llama1b,3072,12,23,generation,stagger,growth_gate,7032.085076123,diag00_a1_s23_llama1b_kv3072_cap12-05_generation_stagger_guard256,guard256,cmpl-diag00_a1_s23_llama1b_kv3072_cap12-05_generation_stagger_guard256-r8-0-875056bc,95,48,48,256,0,True,3,False
llama1b,3072,12,23,generation,stagger,growth_gate,7032.098852207,diag00_a1_s23_llama1b_kv3072_cap12-05_generation_stagger_guard256,guard256,cmpl-diag00_a1_s23_llama1b_kv3072_cap12-05_generation_stagger_guard256-r8-0-875056bc,95,48,48,256,0,True,3,False
llama1b,3072,12,23,generation,stagger,growth_gate,7032.113258207,diag00_a1_s23_llama1b_kv3072_cap12-05_generation_stagger_guard256,guard256,cmpl-diag00_a1_s23_llama1b_kv3072_cap12-05_generation_stagger_guard256-r8-0-875056bc,95,48,48,256,0,True,3,False
llama1b,3072,12,23,generation,stagger,growth_gate,7032.127676106,diag00_a1_s23_llama1b_kv3072_cap12-05_generation_stagger_guard256,guard256,cmpl-diag00_a1_s23_llama1b_kv3072_cap12-05_generation_stagger_guard256-r8-0-875056bc,95,48,48,256,0,True,3,False
llama1b,3072,12,23,generation,stagger,growth_gate,7032.140679497,diag00_a1_s23_llama1b_kv3072_cap12-05_generation_stagger_guard256,guard256,cmpl-diag00_a1_s23_llama1b_kv3072_cap12-05_generation_stagger_guard256-r8-0-875056bc,95,48,48,256,0,True,3,False
llama1b,3072,12,23,generation,stagger,growth_gate,7032.154692013,diag00_a1_s23_llama1b_kv3072_cap12-05_generation_stagger_guard256,guard256,cmpl-diag00_a1_s23_llama1b_kv3072_cap12-05_generation_stagger_guard256-r8-0-875056bc,94,48,48,256,0,True,3,False
llama1b,3072,12,23,generation,stagger,growth_gate,7032.168768374,diag00_a1_s23_llama1b_kv3072_cap12-05_generation_stagger_guard256,guard256,cmpl-diag00_a1_s23_llama1b_kv3072_cap12-05_generation_stagger_guard256-r8-0-875056bc,92,48,48,256,0,True,3,False
llama1b,3072,12,23,generation,stagger,growth_gate,7032.181799184,diag00_a1_s23_llama1b_kv3072_cap12-05_generation_stagger_guard256,guard256,cmpl-diag00_a1_s23_llama1b_kv3072_cap12-05_generation_stagger_guard256-r8-0-875056bc,92,48,48,256,0,True,3,False
llama1b,3072,12,23,generation,stagger,growth_gate,7032.195254868,diag00_a1_s23_llama1b_kv3072_cap12-05_generation_stagger_guard256,guard256,cmpl-diag00_a1_s23_llama1b_kv3072_cap12-05_generation_stagger_guard256-r8-0-875056bc,92,48,48,256,0,True,3,False
llama1b,3072,12,23,generation,stagger,growth_gate,7032.208609085,diag00_a1_s23_llama1b_kv3072_cap12-05_generation_stagger_guard256,guard256,cmpl-diag00_a1_s23_llama1b_kv3072_cap12-05_generation_stagger_guard256-r8-0-875056bc,92,48,48,256,0,True,3,False
llama1b,3072,12,23,generation,stagger,growth_gate,7032.223013616,diag00_a1_s23_llama1b_kv3072_cap12-05_generation_stagger_guard256,guard256,cmpl-diag00_a1_s23_llama1b_kv3072_cap12-05_generation_stagger_guard256-r8-0-875056bc,92,48,48,256,0,True,3,False
llama1b,3072,12,23,generation,stagger,growth_gate,7032.236234018,diag00_a1_s23_llama1b_kv3072_cap12-05_generation_stagger_guard256,guard256,cmpl-diag00_a1_s23_llama1b_kv3072_cap12-05_generation_stagger_guard256-r8-0-875056bc,92,48,48,256,0,True,3,False
llama1b,3072,12,23,generation,stagger,growth_gate,7032.250906393,diag00_a1_s23_llama1b_kv3072_cap12-05_generation_stagger_guard256,guard256,cmpl-diag00_a1_s23_llama1b_kv3072_cap12-05_generation_stagger_guard256-r8-0-875056bc,92,48,48,256,0,True,3,False
llama1b,3072,12,23,generation,stagger,growth_gate,7032.265620672,diag00_a1_s23_llama1b_kv3072_cap12-05_generation_stagger_guard256,guard256,cmpl-diag00_a1_s23_llama1b_kv3072_cap12-05_generation_stagger_guard256-r8-0-875056bc,92,48,48,256,0,True,3,False
llama1b,3072,12,23,generation,stagger,growth_gate,7032.280367374,diag00_a1_s23_llama1b_kv3072_cap12-05_generation_stagger_guard256,guard256,cmpl-diag00_a1_s23_llama1b_kv3072_cap12-05_generation_stagger_guard256-r8-0-875056bc,92,48,48,256,0,True,3,False
llama1b,3072,12,23,generation,stagger,growth_gate,7032.294333642,diag00_a1_s23_llama1b_kv3072_cap12-05_generation_stagger_guard256,guard256,cmpl-diag00_a1_s23_llama1b_kv3072_cap12-05_generation_stagger_guard256-r8-0-875056bc,92,48,48,256,0,True,3,False
llama1b,3072,12,23,generation,stagger,growth_gate,7032.306805326,diag00_a1_s23_llama1b_kv3072_cap12-05_generation_stagger_guard256,guard256,cmpl-diag00_a1_s23_llama1b_kv3072_cap12-05_generation_stagger_guard256-r8-0-875056bc,92,48,48,256,0,True,3,False
llama1b,3072,12,23,generation,stagger,growth_gate,7032.321992253,diag00_a1_s23_llama1b_kv3072_cap12-05_generation_stagger_guard256,guard256,cmpl-diag00_a1_s23_llama1b_kv3072_cap12-05_generation_stagger_guard256-r8-0-875056bc,92,48,48,256,0,True,3,False
llama1b,3072,12,23,generation,stagger,growth_gate,7032.336214324,diag00_a1_s23_llama1b_kv3072_cap12-05_generation_stagger_guard256,guard256,cmpl-diag00_a1_s23_llama1b_kv3072_cap12-05_generation_stagger_guard256-r8-0-875056bc,92,48,48,256,0,True,3,False
llama1b,3072,12,23,generation,stagger,growth_gate,7032.348630646,diag00_a1_s23_llama1b_kv3072_cap12-05_generation_stagger_guard256,guard256,cmpl-diag00_a1_s23_llama1b_kv3072_cap12-05_generation_stagger_guard256-r8-0-875056bc,92,48,48,256,0,True,3,False
llama1b,3072,12,23,generation,stagger,growth_gate,7032.365151713,diag00_a1_s23_llama1b_kv3072_cap12-05_generation_stagger_guard256,guard256,cmpl-diag00_a1_s23_llama1b_kv3072_cap12-05_generation_stagger_guard256-r8-0-875056bc,92,48,48,256,0,True,3,False
llama1b,3072,12,23,generation,stagger,growth_gate,7032.378919962,diag00_a1_s23_llama1b_kv3072_cap12-05_generation_stagger_guard256,guard256,cmpl-diag00_a1_s23_llama1b_kv3072_cap12-05_generation_stagger_guard256-r8-0-875056bc,91,48,48,256,0,True,3,False
llama1b,3072,12,23,generation,stagger,growth_gate,7032.392687531,diag00_a1_s23_llama1b_kv3072_cap12-05_generation_stagger_guard256,guard256,cmpl-diag00_a1_s23_llama1b_kv3072_cap12-05_generation_stagger_guard256-r8-0-875056bc,139,16,48,256,0,False,1,False
llama1b,3072,12,23,generation,stagger,growth_gate,7032.392803996,diag00_a1_s23_llama1b_kv3072_cap12-05_generation_stagger_guard256,guard256,cmpl-diag00_a1_s23_llama1b_kv3072_cap12-05_generation_stagger_guard256-r9-0-b1943480,107,32,32,256,0,False,2,False
llama1b,3072,12,23,generation,stagger,growth_gate,7032.392878954,diag00_a1_s23_llama1b_kv3072_cap12-05_generation_stagger_guard256,guard256,cmpl-diag00_a1_s23_llama1b_kv3072_cap12-05_generation_stagger_guard256-r10-0-bcc431d0,91,48,48,256,0,True,3,False
llama1b,3072,12,23,generation,stagger,growth_gate,7032.408664155,diag00_a1_s23_llama1b_kv3072_cap12-05_generation_stagger_guard256,guard256,cmpl-diag00_a1_s23_llama1b_kv3072_cap12-05_generation_stagger_guard256-r10-0-bcc431d0,89,48,48,256,0,True,3,False
llama1b,3072,12,23,generation,stagger,growth_gate,7032.486628133,diag00_a1_s23_llama1b_kv3072_cap12-05_generation_stagger_guard256,guard256,cmpl-diag00_a1_s23_llama1b_kv3072_cap12-05_generation_stagger_guard256-r10-0-bcc431d0,89,48,48,256,0,True,3,False
llama1b,3072,12,23,generation,stagger,growth_gate,7032.500395063,diag00_a1_s23_llama1b_kv3072_cap12-05_generation_stagger_guard256,guard256,cmpl-diag00_a1_s23_llama1b_kv3072_cap12-05_generation_stagger_guard256-r10-0-bcc431d0,89,48,48,256,0,True,3,False
llama1b,3072,12,23,generation,stagger,growth_gate,7032.514708214,diag00_a1_s23_llama1b_kv3072_cap12-05_generation_stagger_guard256,guard256,cmpl-diag00_a1_s23_llama1b_kv3072_cap12-05_generation_stagger_guard256-r10-0-bcc431d0,89,48,48,256,0,True,3,False
llama1b,3072,12,23,generation,stagger,growth_gate,7032.527885263,diag00_a1_s23_llama1b_kv3072_cap12-05_generation_stagger_guard256,guard256,cmpl-diag00_a1_s23_llama1b_kv3072_cap12-05_generation_stagger_guard256-r10-0-bcc431d0,89,48,48,256,0,True,3,False
llama1b,3072,12,23,generation,stagger,growth_gate,7032.541628356,diag00_a1_s23_llama1b_kv3072_cap12-05_generation_stagger_guard256,guard256,cmpl-diag00_a1_s23_llama1b_kv3072_cap12-05_generation_stagger_guard256-r10-0-bcc431d0,89,48,48,256,0,True,3,False
llama1b,3072,12,23,generation,stagger,growth_gate,7032.556469934,diag00_a1_s23_llama1b_kv3072_cap12-05_generation_stagger_guard256,guard256,cmpl-diag00_a1_s23_llama1b_kv3072_cap12-05_generation_stagger_guard256-r10-0-bcc431d0,89,48,48,256,0,True,3,False
llama1b,3072,12,23,generation,stagger,growth_gate,7032.569739204,diag00_a1_s23_llama1b_kv3072_cap12-05_generation_stagger_guard256,guard256,cmpl-diag00_a1_s23_llama1b_kv3072_cap12-05_generation_stagger_guard256-r10-0-bcc431d0,89,48,48,256,0,True,3,False
llama1b,3072,12,23,generation,stagger,growth_gate,7032.584929398,diag00_a1_s23_llama1b_kv3072_cap12-05_generation_stagger_guard256,guard256,cmpl-diag00_a1_s23_llama1b_kv3072_cap12-05_generation_stagger_guard256-r10-0-bcc431d0,89,48,48,256,0,True,3,False
llama1b,3072,12,23,generation,stagger,growth_gate,7032.597251939,diag00_a1_s23_llama1b_kv3072_cap12-05_generation_stagger_guard256,guard256,cmpl-diag00_a1_s23_llama1b_kv3072_cap12-05_generation_stagger_guard256-r10-0-bcc431d0,89,48,48,256,0,True,3,False
llama1b,3072,12,23,generation,stagger,growth_gate,7032.611055996,diag00_a1_s23_llama1b_kv3072_cap12-05_generation_stagger_guard256,guard256,cmpl-diag00_a1_s23_llama1b_kv3072_cap12-05_generation_stagger_guard256-r10-0-bcc431d0,89,48,48,256,0,True,3,False
llama1b,3072,12,23,generation,stagger,growth_gate,7032.625729374,diag00_a1_s23_llama1b_kv3072_cap12-05_generation_stagger_guard256,guard256,cmpl-diag00_a1_s23_llama1b_kv3072_cap12-05_generation_stagger_guard256-r10-0-bcc431d0,89,48,48,256,0,True,3,False
llama1b,3072,12,23,generation,stagger,growth_gate,7032.641983097,diag00_a1_s23_llama1b_kv3072_cap12-05_generation_stagger_guard256,guard256,cmpl-diag00_a1_s23_llama1b_kv3072_cap12-05_generation_stagger_guard256-r10-0-bcc431d0,89,48,48,256,0,True,3,False
llama1b,3072,12,23,generation,stagger,growth_gate,7032.652845433,diag00_a1_s23_llama1b_kv3072_cap12-05_generation_stagger_guard256,guard256,cmpl-diag00_a1_s23_llama1b_kv3072_cap12-05_generation_stagger_guard256-r10-0-bcc431d0,89,48,48,256,0,True,3,False
llama1b,3072,12,23,generation,stagger,growth_gate,7032.666853523,diag00_a1_s23_llama1b_kv3072_cap12-05_generation_stagger_guard256,guard256,cmpl-diag00_a1_s23_llama1b_kv3072_cap12-05_generation_stagger_guard256-r10-0-bcc431d0,88,48,48,256,0,True,3,False
llama1b,3072,12,23,generation,stagger,growth_gate,7032.681494659,diag00_a1_s23_llama1b_kv3072_cap12-05_generation_stagger_guard256,guard256,cmpl-diag00_a1_s23_llama1b_kv3072_cap12-05_generation_stagger_guard256-r10-0-bcc431d0,88,48,48,256,0,True,3,False
llama1b,3072,12,23,generation,stagger,growth_gate,7032.694988522,diag00_a1_s23_llama1b_kv3072_cap12-05_generation_stagger_guard256,guard256,cmpl-diag00_a1_s23_llama1b_kv3072_cap12-05_generation_stagger_guard256-r10-0-bcc431d0,86,48,48,256,0,True,3,False
llama1b,3072,12,23,generation,stagger,growth_gate,7032.709805846,diag00_a1_s23_llama1b_kv3072_cap12-05_generation_stagger_guard256,guard256,cmpl-diag00_a1_s23_llama1b_kv3072_cap12-05_generation_stagger_guard256-r10-0-bcc431d0,86,48,48,256,0,True,3,False
llama1b,3072,12,23,generation,stagger,growth_gate,7032.724162055,diag00_a1_s23_llama1b_kv3072_cap12-05_generation_stagger_guard256,guard256,cmpl-diag00_a1_s23_llama1b_kv3072_cap12-05_generation_stagger_guard256-r10-0-bcc431d0,86,48,48,256,0,True,3,False
llama1b,3072,12,23,generation,stagger,growth_gate,7032.737852301,diag00_a1_s23_llama1b_kv3072_cap12-05_generation_stagger_guard256,guard256,cmpl-diag00_a1_s23_llama1b_kv3072_cap12-05_generation_stagger_guard256-r10-0-bcc431d0,86,48,48,256,0,True,3,False
llama1b,3072,12,23,generation,stagger,growth_gate,7032.750597519,diag00_a1_s23_llama1b_kv3072_cap12-05_generation_stagger_guard256,guard256,cmpl-diag00_a1_s23_llama1b_kv3072_cap12-05_generation_stagger_guard256-r10-0-bcc431d0,86,48,48,256,0,True,3,False
llama1b,3072,12,23,generation,stagger,growth_gate,7032.76499711,diag00_a1_s23_llama1b_kv3072_cap12-05_generation_stagger_guard256,guard256,cmpl-diag00_a1_s23_llama1b_kv3072_cap12-05_generation_stagger_guard256-r10-0-bcc431d0,86,48,48,256,0,True,3,False
llama1b,3072,12,23,generation,stagger,growth_gate,7032.779993599,diag00_a1_s23_llama1b_kv3072_cap12-05_generation_stagger_guard256,guard256,cmpl-diag00_a1_s23_llama1b_kv3072_cap12-05_generation_stagger_guard256-r10-0-bcc431d0,86,48,48,256,0,True,3,False
llama1b,3072,12,23,generation,stagger,growth_gate,7032.793723489,diag00_a1_s23_llama1b_kv3072_cap12-05_generation_stagger_guard256,guard256,cmpl-diag00_a1_s23_llama1b_kv3072_cap12-05_generation_stagger_guard256-r10-0-bcc431d0,86,48,48,256,0,True,3,False
llama1b,3072,12,23,generation,stagger,growth_gate,7032.806920103,diag00_a1_s23_llama1b_kv3072_cap12-05_generation_stagger_guard256,guard256,cmpl-diag00_a1_s23_llama1b_kv3072_cap12-05_generation_stagger_guard256-r10-0-bcc431d0,86,48,48,256,0,True,3,False
llama1b,3072,12,23,generation,stagger,growth_gate,7032.821602827,diag00_a1_s23_llama1b_kv3072_cap12-05_generation_stagger_guard256,guard256,cmpl-diag00_a1_s23_llama1b_kv3072_cap12-05_generation_stagger_guard256-r10-0-bcc431d0,86,48,48,256,0,True,3,False
llama1b,3072,12,23,generation,stagger,growth_gate,7032.835829254,diag00_a1_s23_llama1b_kv3072_cap12-05_generation_stagger_guard256,guard256,cmpl-diag00_a1_s23_llama1b_kv3072_cap12-05_generation_stagger_guard256-r10-0-bcc431d0,86,48,48,256,0,True,3,False
llama1b,3072,12,23,generation,stagger,growth_gate,7032.849832344,diag00_a1_s23_llama1b_kv3072_cap12-05_generation_stagger_guard256,guard256,cmpl-diag00_a1_s23_llama1b_kv3072_cap12-05_generation_stagger_guard256-r10-0-bcc431d0,86,48,48,256,0,True,3,False
llama1b,3072,12,23,generation,stagger,growth_gate,7032.864091887,diag00_a1_s23_llama1b_kv3072_cap12-05_generation_stagger_guard256,guard256,cmpl-diag00_a1_s23_llama1b_kv3072_cap12-05_generation_stagger_guard256-r10-0-bcc431d0,86,48,48,256,0,True,3,False
llama1b,3072,12,23,generation,stagger,growth_gate,7032.878953114,diag00_a1_s23_llama1b_kv3072_cap12-05_generation_stagger_guard256,guard256,cmpl-diag00_a1_s23_llama1b_kv3072_cap12-05_generation_stagger_guard256-r10-0-bcc431d0,86,48,48,256,0,True,3,False
llama1b,3072,12,23,generation,stagger,growth_gate,7032.893660562,diag00_a1_s23_llama1b_kv3072_cap12-05_generation_stagger_guard256,guard256,cmpl-diag00_a1_s23_llama1b_kv3072_cap12-05_generation_stagger_guard256-r10-0-bcc431d0,85,48,48,256,0,True,3,False
llama1b,3072,12,23,generation,stagger,growth_gate,7032.906842292,diag00_a1_s23_llama1b_kv3072_cap12-05_generation_stagger_guard256,guard256,cmpl-diag00_a1_s23_llama1b_kv3072_cap12-05_generation_stagger_guard256-r10-0-bcc431d0,85,48,48,256,0,True,3,False
llama1b,3072,12,23,generation,stagger,growth_gate,7032.92331705,diag00_a1_s23_llama1b_kv3072_cap12-05_generation_stagger_guard256,guard256,cmpl-diag00_a1_s23_llama1b_kv3072_cap12-05_generation_stagger_guard256-r10-0-bcc431d0,83,48,48,256,0,True,3,False
llama1b,3072,12,23,generation,stagger,growth_gate,7032.936056589,diag00_a1_s23_llama1b_kv3072_cap12-05_generation_stagger_guard256,guard256,cmpl-diag00_a1_s23_llama1b_kv3072_cap12-05_generation_stagger_guard256-r10-0-bcc431d0,83,48,48,256,0,True,3,False
llama1b,3072,12,23,generation,stagger,growth_gate,7032.950631685,diag00_a1_s23_llama1b_kv3072_cap12-05_generation_stagger_guard256,guard256,cmpl-diag00_a1_s23_llama1b_kv3072_cap12-05_generation_stagger_guard256-r10-0-bcc431d0,83,48,48,256,0,True,3,False
llama1b,3072,12,23,generation,stagger,growth_gate,7032.965424037,diag00_a1_s23_llama1b_kv3072_cap12-05_generation_stagger_guard256,guard256,cmpl-diag00_a1_s23_llama1b_kv3072_cap12-05_generation_stagger_guard256-r10-0-bcc431d0,83,48,48,256,0,True,3,False
llama1b,3072,12,23,generation,stagger,growth_gate,7032.980965295,diag00_a1_s23_llama1b_kv3072_cap12-05_generation_stagger_guard256,guard256,cmpl-diag00_a1_s23_llama1b_kv3072_cap12-05_generation_stagger_guard256-r10-0-bcc431d0,83,48,48,256,0,True,3,False
llama1b,3072,12,23,generation,stagger,growth_gate,7032.994324828,diag00_a1_s23_llama1b_kv3072_cap12-05_generation_stagger_guard256,guard256,cmpl-diag00_a1_s23_llama1b_kv3072_cap12-05_generation_stagger_guard256-r10-0-bcc431d0,83,48,48,256,0,True,3,False
llama1b,3072,12,23,generation,stagger,growth_gate,7033.008489102,diag00_a1_s23_llama1b_kv3072_cap12-05_generation_stagger_guard256,guard256,cmpl-diag00_a1_s23_llama1b_kv3072_cap12-05_generation_stagger_guard256-r10-0-bcc431d0,83,48,48,256,0,True,3,False
llama1b,3072,12,23,generation,stagger,growth_gate,7033.022933113,diag00_a1_s23_llama1b_kv3072_cap12-05_generation_stagger_guard256,guard256,cmpl-diag00_a1_s23_llama1b_kv3072_cap12-05_generation_stagger_guard256-r10-0-bcc431d0,83,48,48,256,0,True,3,False
llama1b,3072,12,23,generation,stagger,growth_gate,7033.038522573,diag00_a1_s23_llama1b_kv3072_cap12-05_generation_stagger_guard256,guard256,cmpl-diag00_a1_s23_llama1b_kv3072_cap12-05_generation_stagger_guard256-r10-0-bcc431d0,83,48,48,256,0,True,3,False
llama1b,3072,12,23,generation,stagger,growth_gate,7033.050711603,diag00_a1_s23_llama1b_kv3072_cap12-05_generation_stagger_guard256,guard256,cmpl-diag00_a1_s23_llama1b_kv3072_cap12-05_generation_stagger_guard256-r10-0-bcc431d0,83,48,48,256,0,True,3,False
llama1b,3072,12,23,generation,stagger,growth_gate,7033.065299332,diag00_a1_s23_llama1b_kv3072_cap12-05_generation_stagger_guard256,guard256,cmpl-diag00_a1_s23_llama1b_kv3072_cap12-05_generation_stagger_guard256-r10-0-bcc431d0,83,48,48,256,0,True,3,False
llama1b,3072,12,23,generation,stagger,growth_gate,7033.08023643,diag00_a1_s23_llama1b_kv3072_cap12-05_generation_stagger_guard256,guard256,cmpl-diag00_a1_s23_llama1b_kv3072_cap12-05_generation_stagger_guard256-r10-0-bcc431d0,83,48,48,256,0,True,3,False
llama1b,3072,12,23,generation,stagger,growth_gate,7033.094060491,diag00_a1_s23_llama1b_kv3072_cap12-05_generation_stagger_guard256,guard256,cmpl-diag00_a1_s23_llama1b_kv3072_cap12-05_generation_stagger_guard256-r10-0-bcc431d0,83,48,48,256,0,True,3,False
llama1b,3072,12,23,generation,stagger,growth_gate,7033.107791149,diag00_a1_s23_llama1b_kv3072_cap12-05_generation_stagger_guard256,guard256,cmpl-diag00_a1_s23_llama1b_kv3072_cap12-05_generation_stagger_guard256-r10-0-bcc431d0,83,48,48,256,0,True,3,False
llama1b,3072,12,23,generation,stagger,growth_gate,7033.122568204,diag00_a1_s23_llama1b_kv3072_cap12-05_generation_stagger_guard256,guard256,cmpl-diag00_a1_s23_llama1b_kv3072_cap12-05_generation_stagger_guard256-r10-0-bcc431d0,82,48,48,256,0,True,3,False
llama1b,3072,12,23,generation,stagger,growth_gate,7033.136762072,diag00_a1_s23_llama1b_kv3072_cap12-05_generation_stagger_guard256,guard256,cmpl-diag00_a1_s23_llama1b_kv3072_cap12-05_generation_stagger_guard256-r10-0-bcc431d0,82,48,48,256,0,True,3,False
llama1b,3072,12,23,generation,stagger,growth_gate,7033.150369185,diag00_a1_s23_llama1b_kv3072_cap12-05_generation_stagger_guard256,guard256,cmpl-diag00_a1_s23_llama1b_kv3072_cap12-05_generation_stagger_guard256-r10-0-bcc431d0,80,48,48,256,0,True,3,False
llama1b,3072,12,23,generation,stagger,growth_gate,7033.164644128,diag00_a1_s23_llama1b_kv3072_cap12-05_generation_stagger_guard256,guard256,cmpl-diag00_a1_s23_llama1b_kv3072_cap12-05_generation_stagger_guard256-r10-0-bcc431d0,80,48,48,256,0,True,3,False
llama1b,3072,12,23,generation,stagger,growth_gate,7033.178184739,diag00_a1_s23_llama1b_kv3072_cap12-05_generation_stagger_guard256,guard256,cmpl-diag00_a1_s23_llama1b_kv3072_cap12-05_generation_stagger_guard256-r10-0-bcc431d0,80,48,48,256,0,True,3,False
llama1b,3072,12,23,generation,stagger,growth_gate,7033.192114993,diag00_a1_s23_llama1b_kv3072_cap12-05_generation_stagger_guard256,guard256,cmpl-diag00_a1_s23_llama1b_kv3072_cap12-05_generation_stagger_guard256-r10-0-bcc431d0,80,48,48,256,0,True,3,False
llama1b,3072,12,23,generation,stagger,growth_gate,7033.205727403,diag00_a1_s23_llama1b_kv3072_cap12-05_generation_stagger_guard256,guard256,cmpl-diag00_a1_s23_llama1b_kv3072_cap12-05_generation_stagger_guard256-r10-0-bcc431d0,80,48,48,256,0,True,3,False
llama1b,3072,12,23,generation,stagger,growth_gate,7033.219336787,diag00_a1_s23_llama1b_kv3072_cap12-05_generation_stagger_guard256,guard256,cmpl-diag00_a1_s23_llama1b_kv3072_cap12-05_generation_stagger_guard256-r10-0-bcc431d0,80,48,48,256,0,True,3,False
llama1b,3072,12,23,generation,stagger,growth_gate,7033.233930008,diag00_a1_s23_llama1b_kv3072_cap12-05_generation_stagger_guard256,guard256,cmpl-diag00_a1_s23_llama1b_kv3072_cap12-05_generation_stagger_guard256-r10-0-bcc431d0,80,48,48,256,0,True,3,False
llama1b,3072,12,23,generation,stagger,growth_gate,7033.247662304,diag00_a1_s23_llama1b_kv3072_cap12-05_generation_stagger_guard256,guard256,cmpl-diag00_a1_s23_llama1b_kv3072_cap12-05_generation_stagger_guard256-r10-0-bcc431d0,80,48,48,256,0,True,3,False
llama1b,3072,12,23,generation,stagger,growth_gate,7033.260993854,diag00_a1_s23_llama1b_kv3072_cap12-05_generation_stagger_guard256,guard256,cmpl-diag00_a1_s23_llama1b_kv3072_cap12-05_generation_stagger_guard256-r10-0-bcc431d0,80,48,48,256,0,True,3,False
llama1b,3072,12,23,generation,stagger,growth_gate,7033.274985715,diag00_a1_s23_llama1b_kv3072_cap12-05_generation_stagger_guard256,guard256,cmpl-diag00_a1_s23_llama1b_kv3072_cap12-05_generation_stagger_guard256-r10-0-bcc431d0,80,48,48,256,0,True,3,False
llama1b,3072,12,23,generation,stagger,growth_gate,7033.292508916,diag00_a1_s23_llama1b_kv3072_cap12-05_generation_stagger_guard256,guard256,cmpl-diag00_a1_s23_llama1b_kv3072_cap12-05_generation_stagger_guard256-r10-0-bcc431d0,80,48,48,256,0,True,3,False
llama1b,3072,12,23,generation,stagger,growth_gate,7033.303910634,diag00_a1_s23_llama1b_kv3072_cap12-05_generation_stagger_guard256,guard256,cmpl-diag00_a1_s23_llama1b_kv3072_cap12-05_generation_stagger_guard256-r10-0-bcc431d0,80,48,48,256,0,True,3,False
llama1b,3072,12,23,generation,stagger,growth_gate,7033.316312692,diag00_a1_s23_llama1b_kv3072_cap12-05_generation_stagger_guard256,guard256,cmpl-diag00_a1_s23_llama1b_kv3072_cap12-05_generation_stagger_guard256-r10-0-bcc431d0,80,48,48,256,0,True,3,False
llama1b,3072,12,23,generation,stagger,growth_gate,7033.330015853,diag00_a1_s23_llama1b_kv3072_cap12-05_generation_stagger_guard256,guard256,cmpl-diag00_a1_s23_llama1b_kv3072_cap12-05_generation_stagger_guard256-r10-0-bcc431d0,80,48,48,256,0,True,3,False
llama1b,3072,12,23,generation,stagger,growth_gate,7033.343507923,diag00_a1_s23_llama1b_kv3072_cap12-05_generation_stagger_guard256,guard256,cmpl-diag00_a1_s23_llama1b_kv3072_cap12-05_generation_stagger_guard256-r10-0-bcc431d0,79,48,48,256,0,True,3,False
llama1b,3072,12,23,generation,stagger,growth_gate,7033.356262683,diag00_a1_s23_llama1b_kv3072_cap12-05_generation_stagger_guard256,guard256,cmpl-diag00_a1_s23_llama1b_kv3072_cap12-05_generation_stagger_guard256-r10-0-bcc431d0,79,48,48,256,0,True,3,False
llama1b,3072,12,23,generation,stagger,growth_gate,7033.369745615,diag00_a1_s23_llama1b_kv3072_cap12-05_generation_stagger_guard256,guard256,cmpl-diag00_a1_s23_llama1b_kv3072_cap12-05_generation_stagger_guard256-r10-0-bcc431d0,77,48,48,256,0,True,3,False
llama1b,3072,12,23,generation,stagger,growth_gate,7033.383856124,diag00_a1_s23_llama1b_kv3072_cap12-05_generation_stagger_guard256,guard256,cmpl-diag00_a1_s23_llama1b_kv3072_cap12-05_generation_stagger_guard256-r10-0-bcc431d0,77,48,48,256,0,True,3,False
llama1b,3072,12,23,generation,stagger,growth_gate,7033.397804042,diag00_a1_s23_llama1b_kv3072_cap12-05_generation_stagger_guard256,guard256,cmpl-diag00_a1_s23_llama1b_kv3072_cap12-05_generation_stagger_guard256-r10-0-bcc431d0,77,48,48,256,0,True,3,False
llama1b,3072,12,23,generation,stagger,growth_gate,7033.410505978,diag00_a1_s23_llama1b_kv3072_cap12-05_generation_stagger_guard256,guard256,cmpl-diag00_a1_s23_llama1b_kv3072_cap12-05_generation_stagger_guard256-r10-0-bcc431d0,77,48,48,256,0,True,3,False
llama1b,3072,12,23,generation,stagger,growth_gate,7033.423876686,diag00_a1_s23_llama1b_kv3072_cap12-05_generation_stagger_guard256,guard256,cmpl-diag00_a1_s23_llama1b_kv3072_cap12-05_generation_stagger_guard256-r10-0-bcc431d0,77,48,48,256,0,True,3,False
llama1b,3072,12,23,generation,stagger,growth_gate,7033.438068738,diag00_a1_s23_llama1b_kv3072_cap12-05_generation_stagger_guard256,guard256,cmpl-diag00_a1_s23_llama1b_kv3072_cap12-05_generation_stagger_guard256-r10-0-bcc431d0,77,48,48,256,0,True,3,False
llama1b,3072,12,23,generation,stagger,growth_gate,7033.451726179,diag00_a1_s23_llama1b_kv3072_cap12-05_generation_stagger_guard256,guard256,cmpl-diag00_a1_s23_llama1b_kv3072_cap12-05_generation_stagger_guard256-r10-0-bcc431d0,77,48,48,256,0,True,3,False
llama1b,3072,12,23,generation,stagger,growth_gate,7033.463926792,diag00_a1_s23_llama1b_kv3072_cap12-05_generation_stagger_guard256,guard256,cmpl-diag00_a1_s23_llama1b_kv3072_cap12-05_generation_stagger_guard256-r10-0-bcc431d0,77,48,48,256,0,True,3,False
llama1b,3072,12,23,generation,stagger,growth_gate,7033.479929682,diag00_a1_s23_llama1b_kv3072_cap12-05_generation_stagger_guard256,guard256,cmpl-diag00_a1_s23_llama1b_kv3072_cap12-05_generation_stagger_guard256-r10-0-bcc431d0,77,48,48,256,0,True,3,False
llama1b,3072,12,23,generation,stagger,growth_gate,7033.491803963,diag00_a1_s23_llama1b_kv3072_cap12-05_generation_stagger_guard256,guard256,cmpl-diag00_a1_s23_llama1b_kv3072_cap12-05_generation_stagger_guard256-r10-0-bcc431d0,77,48,48,256,0,True,3,False
llama1b,3072,12,23,generation,stagger,growth_gate,7033.505399962,diag00_a1_s23_llama1b_kv3072_cap12-05_generation_stagger_guard256,guard256,cmpl-diag00_a1_s23_llama1b_kv3072_cap12-05_generation_stagger_guard256-r10-0-bcc431d0,77,48,48,256,0,True,3,False
llama1b,3072,12,23,generation,stagger,growth_gate,7033.520645405,diag00_a1_s23_llama1b_kv3072_cap12-05_generation_stagger_guard256,guard256,cmpl-diag00_a1_s23_llama1b_kv3072_cap12-05_generation_stagger_guard256-r10-0-bcc431d0,77,48,48,256,0,True,3,False
llama1b,3072,12,23,generation,stagger,growth_gate,7033.533820979,diag00_a1_s23_llama1b_kv3072_cap12-05_generation_stagger_guard256,guard256,cmpl-diag00_a1_s23_llama1b_kv3072_cap12-05_generation_stagger_guard256-r10-0-bcc431d0,77,48,48,256,0,True,3,False
llama1b,3072,12,23,generation,stagger,growth_gate,7033.546872573,diag00_a1_s23_llama1b_kv3072_cap12-05_generation_stagger_guard256,guard256,cmpl-diag00_a1_s23_llama1b_kv3072_cap12-05_generation_stagger_guard256-r10-0-bcc431d0,77,48,48,256,0,True,3,False
llama1b,3072,12,23,generation,stagger,growth_gate,7033.559342626,diag00_a1_s23_llama1b_kv3072_cap12-05_generation_stagger_guard256,guard256,cmpl-diag00_a1_s23_llama1b_kv3072_cap12-05_generation_stagger_guard256-r10-0-bcc431d0,133,32,48,256,0,False,2,False
llama1b,3072,12,23,generation,stagger,growth_gate,7033.55944713,diag00_a1_s23_llama1b_kv3072_cap12-05_generation_stagger_guard256,guard256,cmpl-diag00_a1_s23_llama1b_kv3072_cap12-05_generation_stagger_guard256-r11-0-b7332718,101,48,32,256,0,False,3,False
llama1b,3072,12,23,generation,stagger,growth_gate,7044.23285576,diag00_a1_s23_llama1b_kv3072_cap12-06_generation_stagger_guard128,guard128,cmpl-diag00_a1_s23_llama1b_kv3072_cap12-06_generation_stagger_guard128-r0-0-999d199f,191,0,40,128,0,False,0,True
llama1b,3072,12,23,generation,stagger,growth_gate,7044.386280529,diag00_a1_s23_llama1b_kv3072_cap12-06_generation_stagger_guard128,guard128,cmpl-diag00_a1_s23_llama1b_kv3072_cap12-06_generation_stagger_guard128-r1-0-be071cd0,158,8,24,128,0,False,1,False
llama1b,3072,12,23,generation,stagger,growth_gate,7044.724209358,diag00_a1_s23_llama1b_kv3072_cap12-06_generation_stagger_guard128,guard128,cmpl-diag00_a1_s23_llama1b_kv3072_cap12-06_generation_stagger_guard128-r2-0-ab71b4b6,139,16,24,128,0,False,2,False
llama1b,3072,12,23,generation,stagger,growth_gate,7046.74685911,diag00_a1_s23_llama1b_kv3072_cap12-06_generation_stagger_guard128,guard128,cmpl-diag00_a1_s23_llama1b_kv3072_cap12-06_generation_stagger_guard128-r3-0-b9e33585,94,24,16,128,0,False,3,False
llama1b,3072,12,23,generation,stagger,growth_gate,7048.239930768,diag00_a1_s23_llama1b_kv3072_cap12-06_generation_stagger_guard128,guard128,cmpl-diag00_a1_s23_llama1b_kv3072_cap12-06_generation_stagger_guard128-r4-0-beee4f61,110,24,16,128,0,False,3,False
llama1b,3072,12,23,generation,stagger,growth_gate,7049.600444303,diag00_a1_s23_llama1b_kv3072_cap12-06_generation_stagger_guard128,guard128,cmpl-diag00_a1_s23_llama1b_kv3072_cap12-06_generation_stagger_guard128-r5-0-b0cde6b0,76,32,16,128,0,False,4,False
llama1b,3072,12,23,generation,stagger,growth_gate,7050.25519344,diag00_a1_s23_llama1b_kv3072_cap12-06_generation_stagger_guard128,guard128,cmpl-diag00_a1_s23_llama1b_kv3072_cap12-06_generation_stagger_guard128-r6-0-87c66345,53,40,40,128,0,True,5,False
llama1b,3072,12,23,generation,stagger,growth_gate,7050.268954662,diag00_a1_s23_llama1b_kv3072_cap12-06_generation_stagger_guard128,guard128,cmpl-diag00_a1_s23_llama1b_kv3072_cap12-06_generation_stagger_guard128-r6-0-87c66345,53,40,40,128,0,True,5,False
llama1b,3072,12,23,generation,stagger,growth_gate,7050.281953243,diag00_a1_s23_llama1b_kv3072_cap12-06_generation_stagger_guard128,guard128,cmpl-diag00_a1_s23_llama1b_kv3072_cap12-06_generation_stagger_guard128-r6-0-87c66345,51,40,40,128,0,True,5,False
llama1b,3072,12,23,generation,stagger,growth_gate,7050.295206731,diag00_a1_s23_llama1b_kv3072_cap12-06_generation_stagger_guard128,guard128,cmpl-diag00_a1_s23_llama1b_kv3072_cap12-06_generation_stagger_guard128-r6-0-87c66345,51,40,40,128,0,True,5,False
llama1b,3072,12,23,generation,stagger,growth_gate,7050.309372206,diag00_a1_s23_llama1b_kv3072_cap12-06_generation_stagger_guard128,guard128,cmpl-diag00_a1_s23_llama1b_kv3072_cap12-06_generation_stagger_guard128-r6-0-87c66345,51,40,40,128,0,True,5,False
llama1b,3072,12,23,generation,stagger,growth_gate,7050.321986325,diag00_a1_s23_llama1b_kv3072_cap12-06_generation_stagger_guard128,guard128,cmpl-diag00_a1_s23_llama1b_kv3072_cap12-06_generation_stagger_guard128-r6-0-87c66345,51,40,40,128,0,True,5,False
llama1b,3072,12,23,generation,stagger,growth_gate,7050.336017627,diag00_a1_s23_llama1b_kv3072_cap12-06_generation_stagger_guard128,guard128,cmpl-diag00_a1_s23_llama1b_kv3072_cap12-06_generation_stagger_guard128-r6-0-87c66345,51,40,40,128,0,True,5,False
llama1b,3072,12,23,generation,stagger,growth_gate,7050.350841663,diag00_a1_s23_llama1b_kv3072_cap12-06_generation_stagger_guard128,guard128,cmpl-diag00_a1_s23_llama1b_kv3072_cap12-06_generation_stagger_guard128-r6-0-87c66345,51,40,40,128,0,True,5,False
llama1b,3072,12,23,generation,stagger,growth_gate,7050.363587103,diag00_a1_s23_llama1b_kv3072_cap12-06_generation_stagger_guard128,guard128,cmpl-diag00_a1_s23_llama1b_kv3072_cap12-06_generation_stagger_guard128-r6-0-87c66345,50,40,40,128,0,True,5,False
llama1b,3072,12,23,generation,stagger,growth_gate,7050.376535873,diag00_a1_s23_llama1b_kv3072_cap12-06_generation_stagger_guard128,guard128,cmpl-diag00_a1_s23_llama1b_kv3072_cap12-06_generation_stagger_guard128-r6-0-87c66345,50,40,40,128,0,True,5,False
llama1b,3072,12,23,generation,stagger,growth_gate,7050.390364527,diag00_a1_s23_llama1b_kv3072_cap12-06_generation_stagger_guard128,guard128,cmpl-diag00_a1_s23_llama1b_kv3072_cap12-06_generation_stagger_guard128-r6-0-87c66345,50,40,40,128,0,True,5,False
llama1b,3072,12,23,generation,stagger,growth_gate,7050.404872153,diag00_a1_s23_llama1b_kv3072_cap12-06_generation_stagger_guard128,guard128,cmpl-diag00_a1_s23_llama1b_kv3072_cap12-06_generation_stagger_guard128-r6-0-87c66345,50,40,40,128,0,True,5,False
llama1b,3072,12,23,generation,stagger,growth_gate,7050.419583115,diag00_a1_s23_llama1b_kv3072_cap12-06_generation_stagger_guard128,guard128,cmpl-diag00_a1_s23_llama1b_kv3072_cap12-06_generation_stagger_guard128-r6-0-87c66345,50,40,40,128,0,True,5,False
llama1b,3072,12,23,generation,stagger,growth_gate,7050.431430519,diag00_a1_s23_llama1b_kv3072_cap12-06_generation_stagger_guard128,guard128,cmpl-diag00_a1_s23_llama1b_kv3072_cap12-06_generation_stagger_guard128-r6-0-87c66345,50,40,40,128,0,True,5,False
llama1b,3072,12,23,generation,stagger,growth_gate,7050.446224574,diag00_a1_s23_llama1b_kv3072_cap12-06_generation_stagger_guard128,guard128,cmpl-diag00_a1_s23_llama1b_kv3072_cap12-06_generation_stagger_guard128-r6-0-87c66345,50,40,40,128,0,True,5,False
llama1b,3072,12,23,generation,stagger,growth_gate,7050.461375349,diag00_a1_s23_llama1b_kv3072_cap12-06_generation_stagger_guard128,guard128,cmpl-diag00_a1_s23_llama1b_kv3072_cap12-06_generation_stagger_guard128-r6-0-87c66345,48,40,40,128,0,True,5,False
llama1b,3072,12,23,generation,stagger,growth_gate,7050.475031668,diag00_a1_s23_llama1b_kv3072_cap12-06_generation_stagger_guard128,guard128,cmpl-diag00_a1_s23_llama1b_kv3072_cap12-06_generation_stagger_guard128-r6-0-87c66345,48,40,40,128,0,True,5,False
llama1b,3072,12,23,generation,stagger,growth_gate,7050.48807969,diag00_a1_s23_llama1b_kv3072_cap12-06_generation_stagger_guard128,guard128,cmpl-diag00_a1_s23_llama1b_kv3072_cap12-06_generation_stagger_guard128-r6-0-87c66345,48,40,40,128,0,True,5,False
llama1b,3072,12,23,generation,stagger,growth_gate,7050.501427315,diag00_a1_s23_llama1b_kv3072_cap12-06_generation_stagger_guard128,guard128,cmpl-diag00_a1_s23_llama1b_kv3072_cap12-06_generation_stagger_guard128-r6-0-87c66345,59,32,40,128,0,True,4,False
llama1b,3072,12,23,generation,stagger,growth_gate,7050.516328008,diag00_a1_s23_llama1b_kv3072_cap12-06_generation_stagger_guard128,guard128,cmpl-diag00_a1_s23_llama1b_kv3072_cap12-06_generation_stagger_guard128-r6-0-87c66345,59,32,40,128,0,True,4,False
llama1b,3072,12,23,generation,stagger,growth_gate,7050.53041432,diag00_a1_s23_llama1b_kv3072_cap12-06_generation_stagger_guard128,guard128,cmpl-diag00_a1_s23_llama1b_kv3072_cap12-06_generation_stagger_guard128-r6-0-87c66345,59,32,40,128,0,True,4,False
llama1b,3072,12,23,generation,stagger,growth_gate,7050.542898677,diag00_a1_s23_llama1b_kv3072_cap12-06_generation_stagger_guard128,guard128,cmpl-diag00_a1_s23_llama1b_kv3072_cap12-06_generation_stagger_guard128-r6-0-87c66345,59,32,40,128,0,True,4,False
llama1b,3072,12,23,generation,stagger,growth_gate,7050.556919059,diag00_a1_s23_llama1b_kv3072_cap12-06_generation_stagger_guard128,guard128,cmpl-diag00_a1_s23_llama1b_kv3072_cap12-06_generation_stagger_guard128-r6-0-87c66345,59,32,40,128,0,True,4,False
llama1b,3072,12,23,generation,stagger,growth_gate,7050.569471247,diag00_a1_s23_llama1b_kv3072_cap12-06_generation_stagger_guard128,guard128,cmpl-diag00_a1_s23_llama1b_kv3072_cap12-06_generation_stagger_guard128-r6-0-87c66345,59,32,40,128,0,True,4,False
llama1b,3072,12,23,generation,stagger,growth_gate,7050.584175143,diag00_a1_s23_llama1b_kv3072_cap12-06_generation_stagger_guard128,guard128,cmpl-diag00_a1_s23_llama1b_kv3072_cap12-06_generation_stagger_guard128-r6-0-87c66345,58,32,40,128,0,True,4,False
llama1b,3072,12,23,generation,stagger,growth_gate,7050.597394471,diag00_a1_s23_llama1b_kv3072_cap12-06_generation_stagger_guard128,guard128,cmpl-diag00_a1_s23_llama1b_kv3072_cap12-06_generation_stagger_guard128-r6-0-87c66345,58,32,40,128,0,True,4,False
llama1b,3072,12,23,generation,stagger,growth_gate,7050.611836881,diag00_a1_s23_llama1b_kv3072_cap12-06_generation_stagger_guard128,guard128,cmpl-diag00_a1_s23_llama1b_kv3072_cap12-06_generation_stagger_guard128-r6-0-87c66345,58,32,40,128,0,True,4,False
llama1b,3072,12,23,generation,stagger,growth_gate,7050.625017088,diag00_a1_s23_llama1b_kv3072_cap12-06_generation_stagger_guard128,guard128,cmpl-diag00_a1_s23_llama1b_kv3072_cap12-06_generation_stagger_guard128-r6-0-87c66345,58,32,40,128,0,True,4,False
llama1b,3072,12,23,generation,stagger,growth_gate,7050.637759851,diag00_a1_s23_llama1b_kv3072_cap12-06_generation_stagger_guard128,guard128,cmpl-diag00_a1_s23_llama1b_kv3072_cap12-06_generation_stagger_guard128-r6-0-87c66345,58,32,40,128,0,True,4,False
llama1b,3072,12,23,generation,stagger,growth_gate,7050.652088759,diag00_a1_s23_llama1b_kv3072_cap12-06_generation_stagger_guard128,guard128,cmpl-diag00_a1_s23_llama1b_kv3072_cap12-06_generation_stagger_guard128-r6-0-87c66345,58,32,40,128,0,True,4,False
llama1b,3072,12,23,generation,stagger,growth_gate,7050.664284026,diag00_a1_s23_llama1b_kv3072_cap12-06_generation_stagger_guard128,guard128,cmpl-diag00_a1_s23_llama1b_kv3072_cap12-06_generation_stagger_guard128-r6-0-87c66345,58,32,40,128,0,True,4,False
llama1b,3072,12,23,generation,stagger,growth_gate,7050.678660608,diag00_a1_s23_llama1b_kv3072_cap12-06_generation_stagger_guard128,guard128,cmpl-diag00_a1_s23_llama1b_kv3072_cap12-06_generation_stagger_guard128-r6-0-87c66345,56,32,40,128,0,True,4,False
llama1b,3072,12,23,generation,stagger,growth_gate,7050.692403955,diag00_a1_s23_llama1b_kv3072_cap12-06_generation_stagger_guard128,guard128,cmpl-diag00_a1_s23_llama1b_kv3072_cap12-06_generation_stagger_guard128-r6-0-87c66345,56,32,40,128,0,True,4,False
llama1b,3072,12,23,generation,stagger,growth_gate,7050.705561597,diag00_a1_s23_llama1b_kv3072_cap12-06_generation_stagger_guard128,guard128,cmpl-diag00_a1_s23_llama1b_kv3072_cap12-06_generation_stagger_guard128-r6-0-87c66345,56,32,40,128,0,True,4,False
llama1b,3072,12,23,generation,stagger,growth_gate,7050.719852374,diag00_a1_s23_llama1b_kv3072_cap12-06_generation_stagger_guard128,guard128,cmpl-diag00_a1_s23_llama1b_kv3072_cap12-06_generation_stagger_guard128-r6-0-87c66345,55,32,40,128,0,True,4,False
llama1b,3072,12,23,generation,stagger,growth_gate,7050.735148941,diag00_a1_s23_llama1b_kv3072_cap12-06_generation_stagger_guard128,guard128,cmpl-diag00_a1_s23_llama1b_kv3072_cap12-06_generation_stagger_guard128-r6-0-87c66345,55,32,40,128,0,True,4,False
llama1b,3072,12,23,generation,stagger,growth_gate,7050.749670269,diag00_a1_s23_llama1b_kv3072_cap12-06_generation_stagger_guard128,guard128,cmpl-diag00_a1_s23_llama1b_kv3072_cap12-06_generation_stagger_guard128-r6-0-87c66345,55,32,40,128,0,True,4,False
llama1b,3072,12,23,generation,stagger,growth_gate,7050.762870078,diag00_a1_s23_llama1b_kv3072_cap12-06_generation_stagger_guard128,guard128,cmpl-diag00_a1_s23_llama1b_kv3072_cap12-06_generation_stagger_guard128-r6-0-87c66345,55,32,40,128,0,True,4,False
llama1b,3072,12,23,generation,stagger,growth_gate,7050.776262722,diag00_a1_s23_llama1b_kv3072_cap12-06_generation_stagger_guard128,guard128,cmpl-diag00_a1_s23_llama1b_kv3072_cap12-06_generation_stagger_guard128-r6-0-87c66345,55,32,40,128,0,True,4,False
llama1b,3072,12,23,generation,stagger,growth_gate,7050.789279869,diag00_a1_s23_llama1b_kv3072_cap12-06_generation_stagger_guard128,guard128,cmpl-diag00_a1_s23_llama1b_kv3072_cap12-06_generation_stagger_guard128-r6-0-87c66345,55,32,40,128,0,True,4,False
llama1b,3072,12,23,generation,stagger,growth_gate,7050.802851739,diag00_a1_s23_llama1b_kv3072_cap12-06_generation_stagger_guard128,guard128,cmpl-diag00_a1_s23_llama1b_kv3072_cap12-06_generation_stagger_guard128-r6-0-87c66345,54,32,40,128,0,True,4,False
llama1b,3072,12,23,generation,stagger,growth_gate,7050.818025793,diag00_a1_s23_llama1b_kv3072_cap12-06_generation_stagger_guard128,guard128,cmpl-diag00_a1_s23_llama1b_kv3072_cap12-06_generation_stagger_guard128-r6-0-87c66345,54,32,40,128,0,True,4,False
llama1b,3072,12,23,generation,stagger,growth_gate,7050.829694483,diag00_a1_s23_llama1b_kv3072_cap12-06_generation_stagger_guard128,guard128,cmpl-diag00_a1_s23_llama1b_kv3072_cap12-06_generation_stagger_guard128-r6-0-87c66345,54,32,40,128,0,True,4,False
llama1b,3072,12,23,generation,stagger,growth_gate,7050.843348574,diag00_a1_s23_llama1b_kv3072_cap12-06_generation_stagger_guard128,guard128,cmpl-diag00_a1_s23_llama1b_kv3072_cap12-06_generation_stagger_guard128-r6-0-87c66345,54,32,40,128,0,True,4,False
llama1b,3072,12,23,generation,stagger,growth_gate,7050.858760752,diag00_a1_s23_llama1b_kv3072_cap12-06_generation_stagger_guard128,guard128,cmpl-diag00_a1_s23_llama1b_kv3072_cap12-06_generation_stagger_guard128-r6-0-87c66345,54,32,40,128,0,True,4,False
llama1b,3072,12,23,generation,stagger,growth_gate,7050.870649465,diag00_a1_s23_llama1b_kv3072_cap12-06_generation_stagger_guard128,guard128,cmpl-diag00_a1_s23_llama1b_kv3072_cap12-06_generation_stagger_guard128-r6-0-87c66345,54,32,40,128,0,True,4,False
llama1b,3072,12,23,generation,stagger,growth_gate,7050.884459482,diag00_a1_s23_llama1b_kv3072_cap12-06_generation_stagger_guard128,guard128,cmpl-diag00_a1_s23_llama1b_kv3072_cap12-06_generation_stagger_guard128-r6-0-87c66345,54,32,40,128,0,True,4,False
llama1b,3072,12,23,generation,stagger,growth_gate,7050.898488437,diag00_a1_s23_llama1b_kv3072_cap12-06_generation_stagger_guard128,guard128,cmpl-diag00_a1_s23_llama1b_kv3072_cap12-06_generation_stagger_guard128-r6-0-87c66345,52,32,40,128,0,True,4,False
llama1b,3072,12,23,generation,stagger,growth_gate,7050.914083977,diag00_a1_s23_llama1b_kv3072_cap12-06_generation_stagger_guard128,guard128,cmpl-diag00_a1_s23_llama1b_kv3072_cap12-06_generation_stagger_guard128-r6-0-87c66345,52,32,40,128,0,True,4,False
llama1b,3072,12,23,generation,stagger,growth_gate,7050.925312239,diag00_a1_s23_llama1b_kv3072_cap12-06_generation_stagger_guard128,guard128,cmpl-diag00_a1_s23_llama1b_kv3072_cap12-06_generation_stagger_guard128-r6-0-87c66345,52,32,40,128,0,True,4,False
llama1b,3072,12,23,generation,stagger,growth_gate,7050.938313399,diag00_a1_s23_llama1b_kv3072_cap12-06_generation_stagger_guard128,guard128,cmpl-diag00_a1_s23_llama1b_kv3072_cap12-06_generation_stagger_guard128-r6-0-87c66345,51,32,40,128,0,True,4,False
llama1b,3072,12,23,generation,stagger,growth_gate,7050.952848446,diag00_a1_s23_llama1b_kv3072_cap12-06_generation_stagger_guard128,guard128,cmpl-diag00_a1_s23_llama1b_kv3072_cap12-06_generation_stagger_guard128-r6-0-87c66345,51,32,40,128,0,True,4,False
llama1b,3072,12,23,generation,stagger,growth_gate,7050.966351777,diag00_a1_s23_llama1b_kv3072_cap12-06_generation_stagger_guard128,guard128,cmpl-diag00_a1_s23_llama1b_kv3072_cap12-06_generation_stagger_guard128-r6-0-87c66345,51,32,40,128,0,True,4,False
llama1b,3072,12,23,generation,stagger,growth_gate,7050.979932414,diag00_a1_s23_llama1b_kv3072_cap12-06_generation_stagger_guard128,guard128,cmpl-diag00_a1_s23_llama1b_kv3072_cap12-06_generation_stagger_guard128-r6-0-87c66345,51,32,40,128,0,True,4,False
llama1b,3072,12,23,generation,stagger,growth_gate,7050.993573524,diag00_a1_s23_llama1b_kv3072_cap12-06_generation_stagger_guard128,guard128,cmpl-diag00_a1_s23_llama1b_kv3072_cap12-06_generation_stagger_guard128-r6-0-87c66345,51,32,40,128,0,True,4,False
llama1b,3072,12,23,generation,stagger,growth_gate,7051.009836768,diag00_a1_s23_llama1b_kv3072_cap12-06_generation_stagger_guard128,guard128,cmpl-diag00_a1_s23_llama1b_kv3072_cap12-06_generation_stagger_guard128-r6-0-87c66345,51,32,40,128,0,True,4,False
llama1b,3072,12,23,generation,stagger,growth_gate,7051.023358555,diag00_a1_s23_llama1b_kv3072_cap12-06_generation_stagger_guard128,guard128,cmpl-diag00_a1_s23_llama1b_kv3072_cap12-06_generation_stagger_guard128-r6-0-87c66345,50,32,40,128,0,True,4,False
llama1b,3072,12,23,generation,stagger,growth_gate,7051.036275417,diag00_a1_s23_llama1b_kv3072_cap12-06_generation_stagger_guard128,guard128,cmpl-diag00_a1_s23_llama1b_kv3072_cap12-06_generation_stagger_guard128-r6-0-87c66345,50,32,40,128,0,True,4,False
llama1b,3072,12,23,generation,stagger,growth_gate,7051.04993009,diag00_a1_s23_llama1b_kv3072_cap12-06_generation_stagger_guard128,guard128,cmpl-diag00_a1_s23_llama1b_kv3072_cap12-06_generation_stagger_guard128-r6-0-87c66345,50,32,40,128,0,True,4,False
llama1b,3072,12,23,generation,stagger,growth_gate,7051.06392562,diag00_a1_s23_llama1b_kv3072_cap12-06_generation_stagger_guard128,guard128,cmpl-diag00_a1_s23_llama1b_kv3072_cap12-06_generation_stagger_guard128-r6-0-87c66345,50,32,40,128,0,True,4,False
llama1b,3072,12,23,generation,stagger,growth_gate,7051.07764877,diag00_a1_s23_llama1b_kv3072_cap12-06_generation_stagger_guard128,guard128,cmpl-diag00_a1_s23_llama1b_kv3072_cap12-06_generation_stagger_guard128-r6-0-87c66345,50,32,40,128,0,True,4,False
llama1b,3072,12,23,generation,stagger,growth_gate,7051.091016863,diag00_a1_s23_llama1b_kv3072_cap12-06_generation_stagger_guard128,guard128,cmpl-diag00_a1_s23_llama1b_kv3072_cap12-06_generation_stagger_guard128-r6-0-87c66345,50,32,40,128,0,True,4,False
llama1b,3072,12,23,generation,stagger,growth_gate,7051.103587897,diag00_a1_s23_llama1b_kv3072_cap12-06_generation_stagger_guard128,guard128,cmpl-diag00_a1_s23_llama1b_kv3072_cap12-06_generation_stagger_guard128-r6-0-87c66345,50,32,40,128,0,True,4,False
llama1b,3072,12,23,generation,stagger,growth_gate,7051.118620428,diag00_a1_s23_llama1b_kv3072_cap12-06_generation_stagger_guard128,guard128,cmpl-diag00_a1_s23_llama1b_kv3072_cap12-06_generation_stagger_guard128-r6-0-87c66345,48,32,40,128,0,True,4,False
llama1b,3072,12,23,generation,stagger,growth_gate,7051.130440963,diag00_a1_s23_llama1b_kv3072_cap12-06_generation_stagger_guard128,guard128,cmpl-diag00_a1_s23_llama1b_kv3072_cap12-06_generation_stagger_guard128-r6-0-87c66345,48,32,40,128,0,True,4,False
llama1b,3072,12,23,generation,stagger,growth_gate,7051.145084389,diag00_a1_s23_llama1b_kv3072_cap12-06_generation_stagger_guard128,guard128,cmpl-diag00_a1_s23_llama1b_kv3072_cap12-06_generation_stagger_guard128-r6-0-87c66345,48,32,40,128,0,True,4,False
llama1b,3072,12,23,generation,stagger,growth_gate,7051.158471523,diag00_a1_s23_llama1b_kv3072_cap12-06_generation_stagger_guard128,guard128,cmpl-diag00_a1_s23_llama1b_kv3072_cap12-06_generation_stagger_guard128-r6-0-87c66345,47,32,40,128,0,True,4,False
llama1b,3072,12,23,generation,stagger,growth_gate,7051.171218557,diag00_a1_s23_llama1b_kv3072_cap12-06_generation_stagger_guard128,guard128,cmpl-diag00_a1_s23_llama1b_kv3072_cap12-06_generation_stagger_guard128-r6-0-87c66345,47,32,40,128,0,True,4,False
llama1b,3072,12,23,generation,stagger,growth_gate,7051.18507881,diag00_a1_s23_llama1b_kv3072_cap12-06_generation_stagger_guard128,guard128,cmpl-diag00_a1_s23_llama1b_kv3072_cap12-06_generation_stagger_guard128-r6-0-87c66345,47,32,40,128,0,True,4,False
llama1b,3072,12,23,generation,stagger,growth_gate,7051.198864854,diag00_a1_s23_llama1b_kv3072_cap12-06_generation_stagger_guard128,guard128,cmpl-diag00_a1_s23_llama1b_kv3072_cap12-06_generation_stagger_guard128-r6-0-87c66345,47,32,40,128,0,True,4,False
llama1b,3072,12,23,generation,stagger,growth_gate,7051.211963162,diag00_a1_s23_llama1b_kv3072_cap12-06_generation_stagger_guard128,guard128,cmpl-diag00_a1_s23_llama1b_kv3072_cap12-06_generation_stagger_guard128-r6-0-87c66345,47,32,40,128,0,True,4,False
llama1b,3072,12,23,generation,stagger,growth_gate,7051.22534327,diag00_a1_s23_llama1b_kv3072_cap12-06_generation_stagger_guard128,guard128,cmpl-diag00_a1_s23_llama1b_kv3072_cap12-06_generation_stagger_guard128-r6-0-87c66345,47,32,40,128,0,True,4,False
llama1b,3072,12,23,generation,stagger,growth_gate,7051.238696895,diag00_a1_s23_llama1b_kv3072_cap12-06_generation_stagger_guard128,guard128,cmpl-diag00_a1_s23_llama1b_kv3072_cap12-06_generation_stagger_guard128-r6-0-87c66345,46,32,40,128,0,True,4,False
llama1b,3072,12,23,generation,stagger,growth_gate,7051.253205846,diag00_a1_s23_llama1b_kv3072_cap12-06_generation_stagger_guard128,guard128,cmpl-diag00_a1_s23_llama1b_kv3072_cap12-06_generation_stagger_guard128-r6-0-87c66345,46,32,40,128,0,True,4,False
llama1b,3072,12,23,generation,stagger,growth_gate,7051.266787269,diag00_a1_s23_llama1b_kv3072_cap12-06_generation_stagger_guard128,guard128,cmpl-diag00_a1_s23_llama1b_kv3072_cap12-06_generation_stagger_guard128-r6-0-87c66345,46,32,40,128,0,True,4,False
llama1b,3072,12,23,generation,stagger,growth_gate,7051.280745258,diag00_a1_s23_llama1b_kv3072_cap12-06_generation_stagger_guard128,guard128,cmpl-diag00_a1_s23_llama1b_kv3072_cap12-06_generation_stagger_guard128-r6-0-87c66345,46,32,40,128,0,True,4,False
llama1b,3072,12,23,generation,stagger,growth_gate,7051.294982301,diag00_a1_s23_llama1b_kv3072_cap12-06_generation_stagger_guard128,guard128,cmpl-diag00_a1_s23_llama1b_kv3072_cap12-06_generation_stagger_guard128-r6-0-87c66345,46,32,40,128,0,True,4,False
llama1b,3072,12,23,generation,stagger,growth_gate,7051.307874785,diag00_a1_s23_llama1b_kv3072_cap12-06_generation_stagger_guard128,guard128,cmpl-diag00_a1_s23_llama1b_kv3072_cap12-06_generation_stagger_guard128-r6-0-87c66345,46,32,40,128,0,True,4,False
llama1b,3072,12,23,generation,stagger,growth_gate,7051.322046906,diag00_a1_s23_llama1b_kv3072_cap12-06_generation_stagger_guard128,guard128,cmpl-diag00_a1_s23_llama1b_kv3072_cap12-06_generation_stagger_guard128-r6-0-87c66345,46,32,40,128,0,True,4,False
llama1b,3072,12,23,generation,stagger,growth_gate,7051.336887464,diag00_a1_s23_llama1b_kv3072_cap12-06_generation_stagger_guard128,guard128,cmpl-diag00_a1_s23_llama1b_kv3072_cap12-06_generation_stagger_guard128-r6-0-87c66345,44,32,40,128,0,True,4,False
llama1b,3072,12,23,generation,stagger,growth_gate,7051.350653593,diag00_a1_s23_llama1b_kv3072_cap12-06_generation_stagger_guard128,guard128,cmpl-diag00_a1_s23_llama1b_kv3072_cap12-06_generation_stagger_guard128-r6-0-87c66345,44,32,40,128,0,True,4,False
llama1b,3072,12,23,generation,stagger,growth_gate,7051.364025304,diag00_a1_s23_llama1b_kv3072_cap12-06_generation_stagger_guard128,guard128,cmpl-diag00_a1_s23_llama1b_kv3072_cap12-06_generation_stagger_guard128-r6-0-87c66345,44,32,40,128,0,True,4,False
llama1b,3072,12,23,generation,stagger,growth_gate,7051.378317104,diag00_a1_s23_llama1b_kv3072_cap12-06_generation_stagger_guard128,guard128,cmpl-diag00_a1_s23_llama1b_kv3072_cap12-06_generation_stagger_guard128-r6-0-87c66345,43,32,40,128,0,True,4,False
llama1b,3072,12,23,generation,stagger,growth_gate,7051.391872572,diag00_a1_s23_llama1b_kv3072_cap12-06_generation_stagger_guard128,guard128,cmpl-diag00_a1_s23_llama1b_kv3072_cap12-06_generation_stagger_guard128-r6-0-87c66345,43,32,40,128,0,True,4,False
llama1b,3072,12,23,generation,stagger,growth_gate,7051.40623841,diag00_a1_s23_llama1b_kv3072_cap12-06_generation_stagger_guard128,guard128,cmpl-diag00_a1_s23_llama1b_kv3072_cap12-06_generation_stagger_guard128-r6-0-87c66345,43,32,40,128,0,True,4,False
llama1b,3072,12,23,generation,stagger,growth_gate,7051.419491898,diag00_a1_s23_llama1b_kv3072_cap12-06_generation_stagger_guard128,guard128,cmpl-diag00_a1_s23_llama1b_kv3072_cap12-06_generation_stagger_guard128-r6-0-87c66345,43,32,40,128,0,True,4,False
llama1b,3072,12,23,generation,stagger,growth_gate,7051.432465079,diag00_a1_s23_llama1b_kv3072_cap12-06_generation_stagger_guard128,guard128,cmpl-diag00_a1_s23_llama1b_kv3072_cap12-06_generation_stagger_guard128-r6-0-87c66345,43,32,40,128,0,True,4,False
llama1b,3072,12,23,generation,stagger,growth_gate,7051.446123859,diag00_a1_s23_llama1b_kv3072_cap12-06_generation_stagger_guard128,guard128,cmpl-diag00_a1_s23_llama1b_kv3072_cap12-06_generation_stagger_guard128-r6-0-87c66345,43,32,40,128,0,True,4,False
llama1b,3072,12,23,generation,stagger,growth_gate,7051.460137016,diag00_a1_s23_llama1b_kv3072_cap12-06_generation_stagger_guard128,guard128,cmpl-diag00_a1_s23_llama1b_kv3072_cap12-06_generation_stagger_guard128-r6-0-87c66345,42,32,40,128,0,True,4,False
llama1b,3072,12,23,generation,stagger,growth_gate,7051.473040824,diag00_a1_s23_llama1b_kv3072_cap12-06_generation_stagger_guard128,guard128,cmpl-diag00_a1_s23_llama1b_kv3072_cap12-06_generation_stagger_guard128-r6-0-87c66345,42,32,40,128,0,True,4,False
llama1b,3072,12,23,generation,stagger,growth_gate,7051.48696081,diag00_a1_s23_llama1b_kv3072_cap12-06_generation_stagger_guard128,guard128,cmpl-diag00_a1_s23_llama1b_kv3072_cap12-06_generation_stagger_guard128-r6-0-87c66345,42,32,40,128,0,True,4,False
llama1b,3072,12,23,generation,stagger,growth_gate,7051.501411122,diag00_a1_s23_llama1b_kv3072_cap12-06_generation_stagger_guard128,guard128,cmpl-diag00_a1_s23_llama1b_kv3072_cap12-06_generation_stagger_guard128-r6-0-87c66345,42,32,40,128,0,True,4,False
llama1b,3072,12,23,generation,stagger,growth_gate,7051.514767953,diag00_a1_s23_llama1b_kv3072_cap12-06_generation_stagger_guard128,guard128,cmpl-diag00_a1_s23_llama1b_kv3072_cap12-06_generation_stagger_guard128-r6-0-87c66345,42,32,40,128,0,True,4,False
llama1b,3072,12,23,generation,stagger,growth_gate,7051.528463043,diag00_a1_s23_llama1b_kv3072_cap12-06_generation_stagger_guard128,guard128,cmpl-diag00_a1_s23_llama1b_kv3072_cap12-06_generation_stagger_guard128-r6-0-87c66345,42,32,40,128,0,True,4,False
llama1b,3072,12,23,generation,stagger,growth_gate,7051.542125809,diag00_a1_s23_llama1b_kv3072_cap12-06_generation_stagger_guard128,guard128,cmpl-diag00_a1_s23_llama1b_kv3072_cap12-06_generation_stagger_guard128-r6-0-87c66345,42,32,40,128,0,True,4,False
llama1b,3072,12,23,generation,stagger,growth_gate,7051.556524891,diag00_a1_s23_llama1b_kv3072_cap12-06_generation_stagger_guard128,guard128,cmpl-diag00_a1_s23_llama1b_kv3072_cap12-06_generation_stagger_guard128-r6-0-87c66345,40,32,40,128,0,True,4,False
llama1b,3072,12,23,generation,stagger,growth_gate,7051.570163761,diag00_a1_s23_llama1b_kv3072_cap12-06_generation_stagger_guard128,guard128,cmpl-diag00_a1_s23_llama1b_kv3072_cap12-06_generation_stagger_guard128-r6-0-87c66345,40,32,40,128,0,True,4,False
llama1b,3072,12,23,generation,stagger,growth_gate,7051.583535877,diag00_a1_s23_llama1b_kv3072_cap12-06_generation_stagger_guard128,guard128,cmpl-diag00_a1_s23_llama1b_kv3072_cap12-06_generation_stagger_guard128-r6-0-87c66345,40,32,40,128,0,True,4,False
llama1b,3072,12,23,generation,stagger,growth_gate,7051.598117354,diag00_a1_s23_llama1b_kv3072_cap12-06_generation_stagger_guard128,guard128,cmpl-diag00_a1_s23_llama1b_kv3072_cap12-06_generation_stagger_guard128-r6-0-87c66345,39,32,40,128,0,True,4,False
llama1b,3072,12,23,generation,stagger,growth_gate,7051.613796964,diag00_a1_s23_llama1b_kv3072_cap12-06_generation_stagger_guard128,guard128,cmpl-diag00_a1_s23_llama1b_kv3072_cap12-06_generation_stagger_guard128-r6-0-87c66345,39,32,40,128,0,True,4,False
llama1b,3072,12,23,generation,stagger,growth_gate,7051.626553275,diag00_a1_s23_llama1b_kv3072_cap12-06_generation_stagger_guard128,guard128,cmpl-diag00_a1_s23_llama1b_kv3072_cap12-06_generation_stagger_guard128-r6-0-87c66345,39,32,40,128,0,True,4,False
llama1b,3072,12,23,generation,stagger,growth_gate,7051.639199769,diag00_a1_s23_llama1b_kv3072_cap12-06_generation_stagger_guard128,guard128,cmpl-diag00_a1_s23_llama1b_kv3072_cap12-06_generation_stagger_guard128-r6-0-87c66345,39,32,40,128,0,True,4,False
llama1b,3072,12,23,generation,stagger,growth_gate,7051.653148763,diag00_a1_s23_llama1b_kv3072_cap12-06_generation_stagger_guard128,guard128,cmpl-diag00_a1_s23_llama1b_kv3072_cap12-06_generation_stagger_guard128-r6-0-87c66345,39,32,40,128,0,True,4,False
llama1b,3072,12,23,generation,stagger,growth_gate,7051.665792268,diag00_a1_s23_llama1b_kv3072_cap12-06_generation_stagger_guard128,guard128,cmpl-diag00_a1_s23_llama1b_kv3072_cap12-06_generation_stagger_guard128-r6-0-87c66345,39,32,40,128,0,True,4,False
llama1b,3072,12,23,generation,stagger,growth_gate,7051.679785579,diag00_a1_s23_llama1b_kv3072_cap12-06_generation_stagger_guard128,guard128,cmpl-diag00_a1_s23_llama1b_kv3072_cap12-06_generation_stagger_guard128-r6-0-87c66345,38,32,40,128,0,True,4,False
llama1b,3072,12,23,generation,stagger,growth_gate,7051.693953418,diag00_a1_s23_llama1b_kv3072_cap12-06_generation_stagger_guard128,guard128,cmpl-diag00_a1_s23_llama1b_kv3072_cap12-06_generation_stagger_guard128-r6-0-87c66345,38,32,40,128,0,True,4,False
llama1b,3072,12,23,generation,stagger,growth_gate,7051.707063161,diag00_a1_s23_llama1b_kv3072_cap12-06_generation_stagger_guard128,guard128,cmpl-diag00_a1_s23_llama1b_kv3072_cap12-06_generation_stagger_guard128-r6-0-87c66345,38,32,40,128,0,True,4,False
llama1b,3072,12,23,generation,stagger,growth_gate,7051.720384287,diag00_a1_s23_llama1b_kv3072_cap12-06_generation_stagger_guard128,guard128,cmpl-diag00_a1_s23_llama1b_kv3072_cap12-06_generation_stagger_guard128-r6-0-87c66345,38,32,40,128,0,True,4,False
llama1b,3072,12,23,generation,stagger,growth_gate,7051.734836711,diag00_a1_s23_llama1b_kv3072_cap12-06_generation_stagger_guard128,guard128,cmpl-diag00_a1_s23_llama1b_kv3072_cap12-06_generation_stagger_guard128-r6-0-87c66345,38,32,40,128,0,True,4,False
llama1b,3072,12,23,generation,stagger,growth_gate,7051.748765595,diag00_a1_s23_llama1b_kv3072_cap12-06_generation_stagger_guard128,guard128,cmpl-diag00_a1_s23_llama1b_kv3072_cap12-06_generation_stagger_guard128-r6-0-87c66345,38,32,40,128,0,True,4,False
llama1b,3072,12,23,generation,stagger,growth_gate,7051.762818922,diag00_a1_s23_llama1b_kv3072_cap12-06_generation_stagger_guard128,guard128,cmpl-diag00_a1_s23_llama1b_kv3072_cap12-06_generation_stagger_guard128-r6-0-87c66345,38,32,40,128,0,True,4,False
llama1b,3072,12,23,generation,stagger,growth_gate,7051.776370732,diag00_a1_s23_llama1b_kv3072_cap12-06_generation_stagger_guard128,guard128,cmpl-diag00_a1_s23_llama1b_kv3072_cap12-06_generation_stagger_guard128-r6-0-87c66345,61,24,40,128,0,True,3,False
llama1b,3072,12,23,generation,stagger,growth_gate,7051.791066658,diag00_a1_s23_llama1b_kv3072_cap12-06_generation_stagger_guard128,guard128,cmpl-diag00_a1_s23_llama1b_kv3072_cap12-06_generation_stagger_guard128-r6-0-87c66345,61,24,40,128,0,True,3,False
llama1b,3072,12,23,generation,stagger,growth_gate,7051.804280627,diag00_a1_s23_llama1b_kv3072_cap12-06_generation_stagger_guard128,guard128,cmpl-diag00_a1_s23_llama1b_kv3072_cap12-06_generation_stagger_guard128-r6-0-87c66345,61,24,40,128,0,True,3,False
llama1b,3072,12,23,generation,stagger,growth_gate,7051.819181594,diag00_a1_s23_llama1b_kv3072_cap12-06_generation_stagger_guard128,guard128,cmpl-diag00_a1_s23_llama1b_kv3072_cap12-06_generation_stagger_guard128-r6-0-87c66345,60,24,40,128,0,True,3,False
llama1b,3072,12,23,generation,stagger,growth_gate,7051.830940072,diag00_a1_s23_llama1b_kv3072_cap12-06_generation_stagger_guard128,guard128,cmpl-diag00_a1_s23_llama1b_kv3072_cap12-06_generation_stagger_guard128-r6-0-87c66345,60,24,40,128,0,True,3,False
llama1b,3072,12,23,generation,stagger,growth_gate,7051.844305249,diag00_a1_s23_llama1b_kv3072_cap12-06_generation_stagger_guard128,guard128,cmpl-diag00_a1_s23_llama1b_kv3072_cap12-06_generation_stagger_guard128-r6-0-87c66345,60,24,40,128,0,True,3,False
llama1b,3072,12,23,generation,stagger,growth_gate,7051.858904225,diag00_a1_s23_llama1b_kv3072_cap12-06_generation_stagger_guard128,guard128,cmpl-diag00_a1_s23_llama1b_kv3072_cap12-06_generation_stagger_guard128-r6-0-87c66345,60,24,40,128,0,True,3,False
llama1b,3072,12,23,generation,stagger,growth_gate,7051.871602103,diag00_a1_s23_llama1b_kv3072_cap12-06_generation_stagger_guard128,guard128,cmpl-diag00_a1_s23_llama1b_kv3072_cap12-06_generation_stagger_guard128-r6-0-87c66345,60,24,40,128,0,True,3,False
llama1b,3072,12,23,generation,stagger,growth_gate,7051.884781413,diag00_a1_s23_llama1b_kv3072_cap12-06_generation_stagger_guard128,guard128,cmpl-diag00_a1_s23_llama1b_kv3072_cap12-06_generation_stagger_guard128-r6-0-87c66345,60,24,40,128,0,True,3,False
llama1b,3072,12,23,generation,stagger,growth_gate,7051.899699112,diag00_a1_s23_llama1b_kv3072_cap12-06_generation_stagger_guard128,guard128,cmpl-diag00_a1_s23_llama1b_kv3072_cap12-06_generation_stagger_guard128-r6-0-87c66345,59,24,40,128,0,True,3,False
llama1b,3072,12,23,generation,stagger,growth_gate,7051.91584351,diag00_a1_s23_llama1b_kv3072_cap12-06_generation_stagger_guard128,guard128,cmpl-diag00_a1_s23_llama1b_kv3072_cap12-06_generation_stagger_guard128-r6-0-87c66345,59,24,40,128,0,True,3,False
llama1b,3072,12,23,generation,stagger,growth_gate,7051.926003266,diag00_a1_s23_llama1b_kv3072_cap12-06_generation_stagger_guard128,guard128,cmpl-diag00_a1_s23_llama1b_kv3072_cap12-06_generation_stagger_guard128-r6-0-87c66345,59,24,40,128,0,True,3,False
llama1b,3072,12,23,generation,stagger,growth_gate,7051.940053645,diag00_a1_s23_llama1b_kv3072_cap12-06_generation_stagger_guard128,guard128,cmpl-diag00_a1_s23_llama1b_kv3072_cap12-06_generation_stagger_guard128-r6-0-87c66345,59,24,40,128,0,True,3,False
llama1b,3072,12,23,generation,stagger,growth_gate,7051.953494306,diag00_a1_s23_llama1b_kv3072_cap12-06_generation_stagger_guard128,guard128,cmpl-diag00_a1_s23_llama1b_kv3072_cap12-06_generation_stagger_guard128-r6-0-87c66345,59,24,40,128,0,True,3,False
llama1b,3072,12,23,generation,stagger,growth_gate,7051.966627269,diag00_a1_s23_llama1b_kv3072_cap12-06_generation_stagger_guard128,guard128,cmpl-diag00_a1_s23_llama1b_kv3072_cap12-06_generation_stagger_guard128-r6-0-87c66345,59,24,40,128,0,True,3,False
llama1b,3072,12,23,generation,stagger,growth_gate,7051.980857562,diag00_a1_s23_llama1b_kv3072_cap12-06_generation_stagger_guard128,guard128,cmpl-diag00_a1_s23_llama1b_kv3072_cap12-06_generation_stagger_guard128-r6-0-87c66345,59,24,40,128,0,True,3,False
llama1b,3072,12,23,generation,stagger,growth_gate,7051.993731974,diag00_a1_s23_llama1b_kv3072_cap12-06_generation_stagger_guard128,guard128,cmpl-diag00_a1_s23_llama1b_kv3072_cap12-06_generation_stagger_guard128-r6-0-87c66345,58,24,40,128,0,True,3,False
llama1b,3072,12,23,generation,stagger,growth_gate,7052.007672764,diag00_a1_s23_llama1b_kv3072_cap12-06_generation_stagger_guard128,guard128,cmpl-diag00_a1_s23_llama1b_kv3072_cap12-06_generation_stagger_guard128-r6-0-87c66345,58,24,40,128,0,True,3,False
llama1b,3072,12,23,generation,stagger,growth_gate,7052.021319115,diag00_a1_s23_llama1b_kv3072_cap12-06_generation_stagger_guard128,guard128,cmpl-diag00_a1_s23_llama1b_kv3072_cap12-06_generation_stagger_guard128-r6-0-87c66345,58,24,40,128,0,True,3,False
llama1b,3072,12,23,generation,stagger,growth_gate,7052.03403072,diag00_a1_s23_llama1b_kv3072_cap12-06_generation_stagger_guard128,guard128,cmpl-diag00_a1_s23_llama1b_kv3072_cap12-06_generation_stagger_guard128-r6-0-87c66345,57,24,40,128,0,True,3,False
llama1b,3072,12,23,generation,stagger,growth_gate,7052.047553609,diag00_a1_s23_llama1b_kv3072_cap12-06_generation_stagger_guard128,guard128,cmpl-diag00_a1_s23_llama1b_kv3072_cap12-06_generation_stagger_guard128-r6-0-87c66345,57,24,40,128,0,True,3,False
llama1b,3072,12,23,generation,stagger,growth_gate,7052.062446003,diag00_a1_s23_llama1b_kv3072_cap12-06_generation_stagger_guard128,guard128,cmpl-diag00_a1_s23_llama1b_kv3072_cap12-06_generation_stagger_guard128-r6-0-87c66345,57,24,40,128,0,True,3,False
llama1b,3072,12,23,generation,stagger,growth_gate,7052.077994649,diag00_a1_s23_llama1b_kv3072_cap12-06_generation_stagger_guard128,guard128,cmpl-diag00_a1_s23_llama1b_kv3072_cap12-06_generation_stagger_guard128-r6-0-87c66345,57,24,40,128,0,True,3,False
llama1b,3072,12,23,generation,stagger,growth_gate,7052.089556438,diag00_a1_s23_llama1b_kv3072_cap12-06_generation_stagger_guard128,guard128,cmpl-diag00_a1_s23_llama1b_kv3072_cap12-06_generation_stagger_guard128-r6-0-87c66345,57,24,40,128,0,True,3,False
llama1b,3072,12,23,generation,stagger,growth_gate,7052.103023033,diag00_a1_s23_llama1b_kv3072_cap12-06_generation_stagger_guard128,guard128,cmpl-diag00_a1_s23_llama1b_kv3072_cap12-06_generation_stagger_guard128-r6-0-87c66345,57,24,40,128,0,True,3,False
llama1b,3072,12,23,generation,stagger,growth_gate,7052.117060027,diag00_a1_s23_llama1b_kv3072_cap12-06_generation_stagger_guard128,guard128,cmpl-diag00_a1_s23_llama1b_kv3072_cap12-06_generation_stagger_guard128-r6-0-87c66345,56,24,40,128,0,True,3,False
llama1b,3072,12,23,generation,stagger,growth_gate,7052.130392633,diag00_a1_s23_llama1b_kv3072_cap12-06_generation_stagger_guard128,guard128,cmpl-diag00_a1_s23_llama1b_kv3072_cap12-06_generation_stagger_guard128-r6-0-87c66345,56,24,40,128,0,True,3,False
llama1b,3072,12,23,generation,stagger,growth_gate,7052.14380518,diag00_a1_s23_llama1b_kv3072_cap12-06_generation_stagger_guard128,guard128,cmpl-diag00_a1_s23_llama1b_kv3072_cap12-06_generation_stagger_guard128-r6-0-87c66345,56,24,40,128,0,True,3,False
llama1b,3072,12,23,generation,stagger,growth_gate,7052.157631183,diag00_a1_s23_llama1b_kv3072_cap12-06_generation_stagger_guard128,guard128,cmpl-diag00_a1_s23_llama1b_kv3072_cap12-06_generation_stagger_guard128-r6-0-87c66345,56,24,40,128,0,True,3,False
llama1b,3072,12,23,generation,stagger,growth_gate,7052.170643239,diag00_a1_s23_llama1b_kv3072_cap12-06_generation_stagger_guard128,guard128,cmpl-diag00_a1_s23_llama1b_kv3072_cap12-06_generation_stagger_guard128-r6-0-87c66345,56,24,40,128,0,True,3,False
llama1b,3072,12,23,generation,stagger,growth_gate,7052.184891015,diag00_a1_s23_llama1b_kv3072_cap12-06_generation_stagger_guard128,guard128,cmpl-diag00_a1_s23_llama1b_kv3072_cap12-06_generation_stagger_guard128-r6-0-87c66345,56,24,40,128,0,True,3,False
llama1b,3072,12,23,generation,stagger,growth_gate,7052.199362171,diag00_a1_s23_llama1b_kv3072_cap12-06_generation_stagger_guard128,guard128,cmpl-diag00_a1_s23_llama1b_kv3072_cap12-06_generation_stagger_guard128-r6-0-87c66345,56,24,40,128,0,True,3,False
llama1b,3072,12,23,generation,stagger,growth_gate,7052.214092589,diag00_a1_s23_llama1b_kv3072_cap12-06_generation_stagger_guard128,guard128,cmpl-diag00_a1_s23_llama1b_kv3072_cap12-06_generation_stagger_guard128-r6-0-87c66345,55,24,40,128,0,True,3,False
llama1b,3072,12,23,generation,stagger,growth_gate,7052.227610176,diag00_a1_s23_llama1b_kv3072_cap12-06_generation_stagger_guard128,guard128,cmpl-diag00_a1_s23_llama1b_kv3072_cap12-06_generation_stagger_guard128-r6-0-87c66345,55,24,40,128,0,True,3,False
llama1b,3072,12,23,generation,stagger,growth_gate,7052.240797862,diag00_a1_s23_llama1b_kv3072_cap12-06_generation_stagger_guard128,guard128,cmpl-diag00_a1_s23_llama1b_kv3072_cap12-06_generation_stagger_guard128-r6-0-87c66345,55,24,40,128,0,True,3,False
llama1b,3072,12,23,generation,stagger,growth_gate,7052.254833692,diag00_a1_s23_llama1b_kv3072_cap12-06_generation_stagger_guard128,guard128,cmpl-diag00_a1_s23_llama1b_kv3072_cap12-06_generation_stagger_guard128-r6-0-87c66345,54,24,40,128,0,True,3,False
llama1b,3072,12,23,generation,stagger,growth_gate,7052.268865415,diag00_a1_s23_llama1b_kv3072_cap12-06_generation_stagger_guard128,guard128,cmpl-diag00_a1_s23_llama1b_kv3072_cap12-06_generation_stagger_guard128-r6-0-87c66345,54,24,40,128,0,True,3,False
llama1b,3072,12,23,generation,stagger,growth_gate,7052.282128279,diag00_a1_s23_llama1b_kv3072_cap12-06_generation_stagger_guard128,guard128,cmpl-diag00_a1_s23_llama1b_kv3072_cap12-06_generation_stagger_guard128-r6-0-87c66345,54,24,40,128,0,True,3,False
llama1b,3072,12,23,generation,stagger,growth_gate,7052.296218094,diag00_a1_s23_llama1b_kv3072_cap12-06_generation_stagger_guard128,guard128,cmpl-diag00_a1_s23_llama1b_kv3072_cap12-06_generation_stagger_guard128-r6-0-87c66345,54,24,40,128,0,True,3,False
llama1b,3072,12,23,generation,stagger,growth_gate,7052.309196233,diag00_a1_s23_llama1b_kv3072_cap12-06_generation_stagger_guard128,guard128,cmpl-diag00_a1_s23_llama1b_kv3072_cap12-06_generation_stagger_guard128-r6-0-87c66345,54,24,40,128,0,True,3,False
llama1b,3072,12,23,generation,stagger,growth_gate,7052.323809637,diag00_a1_s23_llama1b_kv3072_cap12-06_generation_stagger_guard128,guard128,cmpl-diag00_a1_s23_llama1b_kv3072_cap12-06_generation_stagger_guard128-r6-0-87c66345,54,24,40,128,0,True,3,False
llama1b,3072,12,23,generation,stagger,growth_gate,7052.337870198,diag00_a1_s23_llama1b_kv3072_cap12-06_generation_stagger_guard128,guard128,cmpl-diag00_a1_s23_llama1b_kv3072_cap12-06_generation_stagger_guard128-r6-0-87c66345,53,24,40,128,0,True,3,False
llama1b,3072,12,23,generation,stagger,growth_gate,7052.350692105,diag00_a1_s23_llama1b_kv3072_cap12-06_generation_stagger_guard128,guard128,cmpl-diag00_a1_s23_llama1b_kv3072_cap12-06_generation_stagger_guard128-r6-0-87c66345,53,24,40,128,0,True,3,False
llama1b,3072,12,23,generation,stagger,growth_gate,7052.364036308,diag00_a1_s23_llama1b_kv3072_cap12-06_generation_stagger_guard128,guard128,cmpl-diag00_a1_s23_llama1b_kv3072_cap12-06_generation_stagger_guard128-r6-0-87c66345,53,24,40,128,0,True,3,False
llama1b,3072,12,23,generation,stagger,growth_gate,7052.378758182,diag00_a1_s23_llama1b_kv3072_cap12-06_generation_stagger_guard128,guard128,cmpl-diag00_a1_s23_llama1b_kv3072_cap12-06_generation_stagger_guard128-r6-0-87c66345,53,24,40,128,0,True,3,False
llama1b,3072,12,23,generation,stagger,growth_gate,7052.390711785,diag00_a1_s23_llama1b_kv3072_cap12-06_generation_stagger_guard128,guard128,cmpl-diag00_a1_s23_llama1b_kv3072_cap12-06_generation_stagger_guard128-r6-0-87c66345,53,24,40,128,0,True,3,False
llama1b,3072,12,23,generation,stagger,growth_gate,7052.404403172,diag00_a1_s23_llama1b_kv3072_cap12-06_generation_stagger_guard128,guard128,cmpl-diag00_a1_s23_llama1b_kv3072_cap12-06_generation_stagger_guard128-r6-0-87c66345,53,24,40,128,0,True,3,False
llama1b,3072,12,23,generation,stagger,growth_gate,7052.420314187,diag00_a1_s23_llama1b_kv3072_cap12-06_generation_stagger_guard128,guard128,cmpl-diag00_a1_s23_llama1b_kv3072_cap12-06_generation_stagger_guard128-r6-0-87c66345,53,24,40,128,0,True,3,False
llama1b,3072,12,23,generation,stagger,growth_gate,7052.433482177,diag00_a1_s23_llama1b_kv3072_cap12-06_generation_stagger_guard128,guard128,cmpl-diag00_a1_s23_llama1b_kv3072_cap12-06_generation_stagger_guard128-r6-0-87c66345,52,24,40,128,0,True,3,False
llama1b,3072,12,23,generation,stagger,growth_gate,7052.446309486,diag00_a1_s23_llama1b_kv3072_cap12-06_generation_stagger_guard128,guard128,cmpl-diag00_a1_s23_llama1b_kv3072_cap12-06_generation_stagger_guard128-r6-0-87c66345,52,24,40,128,0,True,3,False
llama1b,3072,12,23,generation,stagger,growth_gate,7052.459090445,diag00_a1_s23_llama1b_kv3072_cap12-06_generation_stagger_guard128,guard128,cmpl-diag00_a1_s23_llama1b_kv3072_cap12-06_generation_stagger_guard128-r6-0-87c66345,52,24,40,128,0,True,3,False
llama1b,3072,12,23,generation,stagger,growth_gate,7052.475375647,diag00_a1_s23_llama1b_kv3072_cap12-06_generation_stagger_guard128,guard128,cmpl-diag00_a1_s23_llama1b_kv3072_cap12-06_generation_stagger_guard128-r6-0-87c66345,51,24,40,128,0,True,3,False
llama1b,3072,12,23,generation,stagger,growth_gate,7052.49122031,diag00_a1_s23_llama1b_kv3072_cap12-06_generation_stagger_guard128,guard128,cmpl-diag00_a1_s23_llama1b_kv3072_cap12-06_generation_stagger_guard128-r6-0-87c66345,51,24,40,128,0,True,3,False
llama1b,3072,12,23,generation,stagger,growth_gate,7052.503229537,diag00_a1_s23_llama1b_kv3072_cap12-06_generation_stagger_guard128,guard128,cmpl-diag00_a1_s23_llama1b_kv3072_cap12-06_generation_stagger_guard128-r6-0-87c66345,51,24,40,128,0,True,3,False
llama1b,3072,12,23,generation,stagger,growth_gate,7052.516778126,diag00_a1_s23_llama1b_kv3072_cap12-06_generation_stagger_guard128,guard128,cmpl-diag00_a1_s23_llama1b_kv3072_cap12-06_generation_stagger_guard128-r6-0-87c66345,51,24,40,128,0,True,3,False
llama1b,3072,12,23,generation,stagger,growth_gate,7052.53196941,diag00_a1_s23_llama1b_kv3072_cap12-06_generation_stagger_guard128,guard128,cmpl-diag00_a1_s23_llama1b_kv3072_cap12-06_generation_stagger_guard128-r6-0-87c66345,51,24,40,128,0,True,3,False
llama1b,3072,12,23,generation,stagger,growth_gate,7052.543786511,diag00_a1_s23_llama1b_kv3072_cap12-06_generation_stagger_guard128,guard128,cmpl-diag00_a1_s23_llama1b_kv3072_cap12-06_generation_stagger_guard128-r6-0-87c66345,51,24,40,128,0,True,3,False
llama1b,3072,12,23,generation,stagger,growth_gate,7052.557476016,diag00_a1_s23_llama1b_kv3072_cap12-06_generation_stagger_guard128,guard128,cmpl-diag00_a1_s23_llama1b_kv3072_cap12-06_generation_stagger_guard128-r6-0-87c66345,50,24,40,128,0,True,3,False
llama1b,3072,12,23,generation,stagger,growth_gate,7052.570277032,diag00_a1_s23_llama1b_kv3072_cap12-06_generation_stagger_guard128,guard128,cmpl-diag00_a1_s23_llama1b_kv3072_cap12-06_generation_stagger_guard128-r6-0-87c66345,50,24,40,128,0,True,3,False
llama1b,3072,12,23,generation,stagger,growth_gate,7052.584183502,diag00_a1_s23_llama1b_kv3072_cap12-06_generation_stagger_guard128,guard128,cmpl-diag00_a1_s23_llama1b_kv3072_cap12-06_generation_stagger_guard128-r6-0-87c66345,50,24,40,128,0,True,3,False
llama1b,3072,12,23,generation,stagger,growth_gate,7052.597593892,diag00_a1_s23_llama1b_kv3072_cap12-06_generation_stagger_guard128,guard128,cmpl-diag00_a1_s23_llama1b_kv3072_cap12-06_generation_stagger_guard128-r6-0-87c66345,50,24,40,128,0,True,3,False
llama1b,3072,12,23,generation,stagger,growth_gate,7052.611817065,diag00_a1_s23_llama1b_kv3072_cap12-06_generation_stagger_guard128,guard128,cmpl-diag00_a1_s23_llama1b_kv3072_cap12-06_generation_stagger_guard128-r6-0-87c66345,50,24,40,128,0,True,3,False
llama1b,3072,12,23,generation,stagger,growth_gate,7052.624629935,diag00_a1_s23_llama1b_kv3072_cap12-06_generation_stagger_guard128,guard128,cmpl-diag00_a1_s23_llama1b_kv3072_cap12-06_generation_stagger_guard128-r6-0-87c66345,50,24,40,128,0,True,3,False
llama1b,3072,12,23,generation,stagger,growth_gate,7052.637618387,diag00_a1_s23_llama1b_kv3072_cap12-06_generation_stagger_guard128,guard128,cmpl-diag00_a1_s23_llama1b_kv3072_cap12-06_generation_stagger_guard128-r6-0-87c66345,50,24,40,128,0,True,3,False
llama1b,3072,12,23,generation,stagger,growth_gate,7052.651069836,diag00_a1_s23_llama1b_kv3072_cap12-06_generation_stagger_guard128,guard128,cmpl-diag00_a1_s23_llama1b_kv3072_cap12-06_generation_stagger_guard128-r6-0-87c66345,49,24,40,128,0,True,3,False
llama1b,3072,12,23,generation,stagger,growth_gate,7052.66485922,diag00_a1_s23_llama1b_kv3072_cap12-06_generation_stagger_guard128,guard128,cmpl-diag00_a1_s23_llama1b_kv3072_cap12-06_generation_stagger_guard128-r6-0-87c66345,49,24,40,128,0,True,3,False
llama1b,3072,12,23,generation,stagger,growth_gate,7052.67863667,diag00_a1_s23_llama1b_kv3072_cap12-06_generation_stagger_guard128,guard128,cmpl-diag00_a1_s23_llama1b_kv3072_cap12-06_generation_stagger_guard128-r6-0-87c66345,49,24,40,128,0,True,3,False
llama1b,3072,12,23,generation,stagger,growth_gate,7052.691429758,diag00_a1_s23_llama1b_kv3072_cap12-06_generation_stagger_guard128,guard128,cmpl-diag00_a1_s23_llama1b_kv3072_cap12-06_generation_stagger_guard128-r6-0-87c66345,48,24,40,128,0,True,3,False
llama1b,3072,12,23,generation,stagger,growth_gate,7052.70505618,diag00_a1_s23_llama1b_kv3072_cap12-06_generation_stagger_guard128,guard128,cmpl-diag00_a1_s23_llama1b_kv3072_cap12-06_generation_stagger_guard128-r6-0-87c66345,48,24,40,128,0,True,3,False
llama1b,3072,12,23,generation,stagger,growth_gate,7052.718789371,diag00_a1_s23_llama1b_kv3072_cap12-06_generation_stagger_guard128,guard128,cmpl-diag00_a1_s23_llama1b_kv3072_cap12-06_generation_stagger_guard128-r6-0-87c66345,48,24,40,128,0,True,3,False
llama1b,3072,12,23,generation,stagger,growth_gate,7052.732915752,diag00_a1_s23_llama1b_kv3072_cap12-06_generation_stagger_guard128,guard128,cmpl-diag00_a1_s23_llama1b_kv3072_cap12-06_generation_stagger_guard128-r6-0-87c66345,48,24,40,128,0,True,3,False
llama1b,3072,12,23,generation,stagger,growth_gate,7052.746253352,diag00_a1_s23_llama1b_kv3072_cap12-06_generation_stagger_guard128,guard128,cmpl-diag00_a1_s23_llama1b_kv3072_cap12-06_generation_stagger_guard128-r6-0-87c66345,48,24,40,128,0,True,3,False
llama1b,3072,12,23,generation,stagger,growth_gate,7052.758631893,diag00_a1_s23_llama1b_kv3072_cap12-06_generation_stagger_guard128,guard128,cmpl-diag00_a1_s23_llama1b_kv3072_cap12-06_generation_stagger_guard128-r6-0-87c66345,48,24,40,128,0,True,3,False
llama1b,3072,12,23,generation,stagger,growth_gate,7052.773281072,diag00_a1_s23_llama1b_kv3072_cap12-06_generation_stagger_guard128,guard128,cmpl-diag00_a1_s23_llama1b_kv3072_cap12-06_generation_stagger_guard128-r6-0-87c66345,47,24,40,128,0,True,3,False
llama1b,3072,12,23,generation,stagger,growth_gate,7052.789391048,diag00_a1_s23_llama1b_kv3072_cap12-06_generation_stagger_guard128,guard128,cmpl-diag00_a1_s23_llama1b_kv3072_cap12-06_generation_stagger_guard128-r6-0-87c66345,47,24,40,128,0,True,3,False
llama1b,3072,12,23,generation,stagger,growth_gate,7052.802571151,diag00_a1_s23_llama1b_kv3072_cap12-06_generation_stagger_guard128,guard128,cmpl-diag00_a1_s23_llama1b_kv3072_cap12-06_generation_stagger_guard128-r6-0-87c66345,47,24,40,128,0,True,3,False
llama1b,3072,12,23,generation,stagger,growth_gate,7052.816506668,diag00_a1_s23_llama1b_kv3072_cap12-06_generation_stagger_guard128,guard128,cmpl-diag00_a1_s23_llama1b_kv3072_cap12-06_generation_stagger_guard128-r6-0-87c66345,47,24,40,128,0,True,3,False
llama1b,3072,12,23,generation,stagger,growth_gate,7052.829686383,diag00_a1_s23_llama1b_kv3072_cap12-06_generation_stagger_guard128,guard128,cmpl-diag00_a1_s23_llama1b_kv3072_cap12-06_generation_stagger_guard128-r6-0-87c66345,47,24,40,128,0,True,3,False
llama1b,3072,12,23,generation,stagger,growth_gate,7052.843468157,diag00_a1_s23_llama1b_kv3072_cap12-06_generation_stagger_guard128,guard128,cmpl-diag00_a1_s23_llama1b_kv3072_cap12-06_generation_stagger_guard128-r6-0-87c66345,47,24,40,128,0,True,3,False
llama1b,3072,12,23,generation,stagger,growth_gate,7052.857798749,diag00_a1_s23_llama1b_kv3072_cap12-06_generation_stagger_guard128,guard128,cmpl-diag00_a1_s23_llama1b_kv3072_cap12-06_generation_stagger_guard128-r6-0-87c66345,47,24,40,128,0,True,3,False
llama1b,3072,12,23,generation,stagger,growth_gate,7052.871794188,diag00_a1_s23_llama1b_kv3072_cap12-06_generation_stagger_guard128,guard128,cmpl-diag00_a1_s23_llama1b_kv3072_cap12-06_generation_stagger_guard128-r6-0-87c66345,46,24,40,128,0,True,3,False
llama1b,3072,12,23,generation,stagger,growth_gate,7052.886666459,diag00_a1_s23_llama1b_kv3072_cap12-06_generation_stagger_guard128,guard128,cmpl-diag00_a1_s23_llama1b_kv3072_cap12-06_generation_stagger_guard128-r6-0-87c66345,46,24,40,128,0,True,3,False
llama1b,3072,12,23,generation,stagger,growth_gate,7052.899520474,diag00_a1_s23_llama1b_kv3072_cap12-06_generation_stagger_guard128,guard128,cmpl-diag00_a1_s23_llama1b_kv3072_cap12-06_generation_stagger_guard128-r6-0-87c66345,46,24,40,128,0,True,3,False
llama1b,3072,12,23,generation,stagger,growth_gate,7052.912825997,diag00_a1_s23_llama1b_kv3072_cap12-06_generation_stagger_guard128,guard128,cmpl-diag00_a1_s23_llama1b_kv3072_cap12-06_generation_stagger_guard128-r6-0-87c66345,45,24,40,128,0,True,3,False
llama1b,3072,12,23,generation,stagger,growth_gate,7052.926166369,diag00_a1_s23_llama1b_kv3072_cap12-06_generation_stagger_guard128,guard128,cmpl-diag00_a1_s23_llama1b_kv3072_cap12-06_generation_stagger_guard128-r6-0-87c66345,45,24,40,128,0,True,3,False
llama1b,3072,12,23,generation,stagger,growth_gate,7052.940284393,diag00_a1_s23_llama1b_kv3072_cap12-06_generation_stagger_guard128,guard128,cmpl-diag00_a1_s23_llama1b_kv3072_cap12-06_generation_stagger_guard128-r6-0-87c66345,45,24,40,128,0,True,3,False
llama1b,3072,12,23,generation,stagger,growth_gate,7052.953698592,diag00_a1_s23_llama1b_kv3072_cap12-06_generation_stagger_guard128,guard128,cmpl-diag00_a1_s23_llama1b_kv3072_cap12-06_generation_stagger_guard128-r6-0-87c66345,45,24,40,128,0,True,3,False
llama1b,3072,12,23,generation,stagger,growth_gate,7052.966239717,diag00_a1_s23_llama1b_kv3072_cap12-06_generation_stagger_guard128,guard128,cmpl-diag00_a1_s23_llama1b_kv3072_cap12-06_generation_stagger_guard128-r6-0-87c66345,45,24,40,128,0,True,3,False
llama1b,3072,12,23,generation,stagger,growth_gate,7052.979757207,diag00_a1_s23_llama1b_kv3072_cap12-06_generation_stagger_guard128,guard128,cmpl-diag00_a1_s23_llama1b_kv3072_cap12-06_generation_stagger_guard128-r6-0-87c66345,45,24,40,128,0,True,3,False
llama1b,3072,12,23,generation,stagger,growth_gate,7052.994337938,diag00_a1_s23_llama1b_kv3072_cap12-06_generation_stagger_guard128,guard128,cmpl-diag00_a1_s23_llama1b_kv3072_cap12-06_generation_stagger_guard128-r6-0-87c66345,44,24,40,128,0,True,3,False
llama1b,3072,12,23,generation,stagger,growth_gate,7053.006687669,diag00_a1_s23_llama1b_kv3072_cap12-06_generation_stagger_guard128,guard128,cmpl-diag00_a1_s23_llama1b_kv3072_cap12-06_generation_stagger_guard128-r6-0-87c66345,44,24,40,128,0,True,3,False
llama1b,3072,12,23,generation,stagger,growth_gate,7053.020876731,diag00_a1_s23_llama1b_kv3072_cap12-06_generation_stagger_guard128,guard128,cmpl-diag00_a1_s23_llama1b_kv3072_cap12-06_generation_stagger_guard128-r6-0-87c66345,44,24,40,128,0,True,3,False
llama1b,3072,12,23,generation,stagger,growth_gate,7053.034209983,diag00_a1_s23_llama1b_kv3072_cap12-06_generation_stagger_guard128,guard128,cmpl-diag00_a1_s23_llama1b_kv3072_cap12-06_generation_stagger_guard128-r6-0-87c66345,44,24,40,128,0,True,3,False
llama1b,3072,12,23,generation,stagger,growth_gate,7053.047910506,diag00_a1_s23_llama1b_kv3072_cap12-06_generation_stagger_guard128,guard128,cmpl-diag00_a1_s23_llama1b_kv3072_cap12-06_generation_stagger_guard128-r6-0-87c66345,44,24,40,128,0,True,3,False
llama1b,3072,12,23,generation,stagger,growth_gate,7053.061426051,diag00_a1_s23_llama1b_kv3072_cap12-06_generation_stagger_guard128,guard128,cmpl-diag00_a1_s23_llama1b_kv3072_cap12-06_generation_stagger_guard128-r6-0-87c66345,44,24,40,128,0,True,3,False
llama1b,3072,12,23,generation,stagger,growth_gate,7053.075355426,diag00_a1_s23_llama1b_kv3072_cap12-06_generation_stagger_guard128,guard128,cmpl-diag00_a1_s23_llama1b_kv3072_cap12-06_generation_stagger_guard128-r6-0-87c66345,44,24,40,128,0,True,3,False
llama1b,3072,12,23,generation,stagger,growth_gate,7053.089671166,diag00_a1_s23_llama1b_kv3072_cap12-06_generation_stagger_guard128,guard128,cmpl-diag00_a1_s23_llama1b_kv3072_cap12-06_generation_stagger_guard128-r6-0-87c66345,43,24,40,128,0,True,3,False
llama1b,3072,12,23,generation,stagger,growth_gate,7053.103721146,diag00_a1_s23_llama1b_kv3072_cap12-06_generation_stagger_guard128,guard128,cmpl-diag00_a1_s23_llama1b_kv3072_cap12-06_generation_stagger_guard128-r6-0-87c66345,43,24,40,128,0,True,3,False
llama1b,3072,12,23,generation,stagger,growth_gate,7053.117096704,diag00_a1_s23_llama1b_kv3072_cap12-06_generation_stagger_guard128,guard128,cmpl-diag00_a1_s23_llama1b_kv3072_cap12-06_generation_stagger_guard128-r6-0-87c66345,43,24,40,128,0,True,3,False
llama1b,3072,12,23,generation,stagger,growth_gate,7053.130654831,diag00_a1_s23_llama1b_kv3072_cap12-06_generation_stagger_guard128,guard128,cmpl-diag00_a1_s23_llama1b_kv3072_cap12-06_generation_stagger_guard128-r6-0-87c66345,42,24,40,128,0,True,3,False
llama1b,3072,12,23,generation,stagger,growth_gate,7053.144745037,diag00_a1_s23_llama1b_kv3072_cap12-06_generation_stagger_guard128,guard128,cmpl-diag00_a1_s23_llama1b_kv3072_cap12-06_generation_stagger_guard128-r6-0-87c66345,42,24,40,128,0,True,3,False
llama1b,3072,12,23,generation,stagger,growth_gate,7053.158058866,diag00_a1_s23_llama1b_kv3072_cap12-06_generation_stagger_guard128,guard128,cmpl-diag00_a1_s23_llama1b_kv3072_cap12-06_generation_stagger_guard128-r6-0-87c66345,42,24,40,128,0,True,3,False
llama1b,3072,12,23,generation,stagger,growth_gate,7053.172315662,diag00_a1_s23_llama1b_kv3072_cap12-06_generation_stagger_guard128,guard128,cmpl-diag00_a1_s23_llama1b_kv3072_cap12-06_generation_stagger_guard128-r6-0-87c66345,42,24,40,128,0,True,3,False
llama1b,3072,12,23,generation,stagger,growth_gate,7053.186717394,diag00_a1_s23_llama1b_kv3072_cap12-06_generation_stagger_guard128,guard128,cmpl-diag00_a1_s23_llama1b_kv3072_cap12-06_generation_stagger_guard128-r6-0-87c66345,42,24,40,128,0,True,3,False
llama1b,3072,12,23,generation,stagger,growth_gate,7053.202382782,diag00_a1_s23_llama1b_kv3072_cap12-06_generation_stagger_guard128,guard128,cmpl-diag00_a1_s23_llama1b_kv3072_cap12-06_generation_stagger_guard128-r6-0-87c66345,42,24,40,128,0,True,3,False
llama1b,3072,12,23,generation,stagger,growth_gate,7053.213252056,diag00_a1_s23_llama1b_kv3072_cap12-06_generation_stagger_guard128,guard128,cmpl-diag00_a1_s23_llama1b_kv3072_cap12-06_generation_stagger_guard128-r6-0-87c66345,41,24,40,128,0,True,3,False
llama1b,3072,12,23,generation,stagger,growth_gate,7053.228153324,diag00_a1_s23_llama1b_kv3072_cap12-06_generation_stagger_guard128,guard128,cmpl-diag00_a1_s23_llama1b_kv3072_cap12-06_generation_stagger_guard128-r6-0-87c66345,41,24,40,128,0,True,3,False
llama1b,3072,12,23,generation,stagger,growth_gate,7053.24050924,diag00_a1_s23_llama1b_kv3072_cap12-06_generation_stagger_guard128,guard128,cmpl-diag00_a1_s23_llama1b_kv3072_cap12-06_generation_stagger_guard128-r6-0-87c66345,41,24,40,128,0,True,3,False
llama1b,3072,12,23,generation,stagger,growth_gate,7053.25471486,diag00_a1_s23_llama1b_kv3072_cap12-06_generation_stagger_guard128,guard128,cmpl-diag00_a1_s23_llama1b_kv3072_cap12-06_generation_stagger_guard128-r6-0-87c66345,41,24,40,128,0,True,3,False
llama1b,3072,12,23,generation,stagger,growth_gate,7053.268089743,diag00_a1_s23_llama1b_kv3072_cap12-06_generation_stagger_guard128,guard128,cmpl-diag00_a1_s23_llama1b_kv3072_cap12-06_generation_stagger_guard128-r6-0-87c66345,41,24,40,128,0,True,3,False
llama1b,3072,12,23,generation,stagger,growth_gate,7053.281512536,diag00_a1_s23_llama1b_kv3072_cap12-06_generation_stagger_guard128,guard128,cmpl-diag00_a1_s23_llama1b_kv3072_cap12-06_generation_stagger_guard128-r6-0-87c66345,41,24,40,128,0,True,3,False
llama1b,3072,12,23,generation,stagger,growth_gate,7053.294949649,diag00_a1_s23_llama1b_kv3072_cap12-06_generation_stagger_guard128,guard128,cmpl-diag00_a1_s23_llama1b_kv3072_cap12-06_generation_stagger_guard128-r6-0-87c66345,41,24,40,128,0,True,3,False
llama1b,3072,12,23,generation,stagger,growth_gate,7053.309131181,diag00_a1_s23_llama1b_kv3072_cap12-06_generation_stagger_guard128,guard128,cmpl-diag00_a1_s23_llama1b_kv3072_cap12-06_generation_stagger_guard128-r6-0-87c66345,40,24,40,128,0,True,3,False
llama1b,3072,12,23,generation,stagger,growth_gate,7053.32256849,diag00_a1_s23_llama1b_kv3072_cap12-06_generation_stagger_guard128,guard128,cmpl-diag00_a1_s23_llama1b_kv3072_cap12-06_generation_stagger_guard128-r6-0-87c66345,40,24,40,128,0,True,3,False
llama1b,3072,12,23,generation,stagger,growth_gate,7053.335303514,diag00_a1_s23_llama1b_kv3072_cap12-06_generation_stagger_guard128,guard128,cmpl-diag00_a1_s23_llama1b_kv3072_cap12-06_generation_stagger_guard128-r6-0-87c66345,40,24,40,128,0,True,3,False
llama1b,3072,12,23,generation,stagger,growth_gate,7053.349819562,diag00_a1_s23_llama1b_kv3072_cap12-06_generation_stagger_guard128,guard128,cmpl-diag00_a1_s23_llama1b_kv3072_cap12-06_generation_stagger_guard128-r6-0-87c66345,39,24,40,128,0,True,3,False
llama1b,3072,12,23,generation,stagger,growth_gate,7053.365204512,diag00_a1_s23_llama1b_kv3072_cap12-06_generation_stagger_guard128,guard128,cmpl-diag00_a1_s23_llama1b_kv3072_cap12-06_generation_stagger_guard128-r6-0-87c66345,39,24,40,128,0,True,3,False
llama1b,3072,12,23,generation,stagger,growth_gate,7053.379102584,diag00_a1_s23_llama1b_kv3072_cap12-06_generation_stagger_guard128,guard128,cmpl-diag00_a1_s23_llama1b_kv3072_cap12-06_generation_stagger_guard128-r6-0-87c66345,39,24,40,128,0,True,3,False
llama1b,3072,12,23,generation,stagger,growth_gate,7053.393246272,diag00_a1_s23_llama1b_kv3072_cap12-06_generation_stagger_guard128,guard128,cmpl-diag00_a1_s23_llama1b_kv3072_cap12-06_generation_stagger_guard128-r6-0-87c66345,39,24,40,128,0,True,3,False
llama1b,3072,12,23,generation,stagger,growth_gate,7053.406363544,diag00_a1_s23_llama1b_kv3072_cap12-06_generation_stagger_guard128,guard128,cmpl-diag00_a1_s23_llama1b_kv3072_cap12-06_generation_stagger_guard128-r6-0-87c66345,39,24,40,128,0,True,3,False
llama1b,3072,12,23,generation,stagger,growth_gate,7053.420460296,diag00_a1_s23_llama1b_kv3072_cap12-06_generation_stagger_guard128,guard128,cmpl-diag00_a1_s23_llama1b_kv3072_cap12-06_generation_stagger_guard128-r6-0-87c66345,39,24,40,128,0,True,3,False
llama1b,3072,12,23,generation,stagger,growth_gate,7053.434022442,diag00_a1_s23_llama1b_kv3072_cap12-06_generation_stagger_guard128,guard128,cmpl-diag00_a1_s23_llama1b_kv3072_cap12-06_generation_stagger_guard128-r6-0-87c66345,38,24,40,128,0,True,3,False
llama1b,3072,12,23,generation,stagger,growth_gate,7053.447833975,diag00_a1_s23_llama1b_kv3072_cap12-06_generation_stagger_guard128,guard128,cmpl-diag00_a1_s23_llama1b_kv3072_cap12-06_generation_stagger_guard128-r6-0-87c66345,38,24,40,128,0,True,3,False
llama1b,3072,12,23,generation,stagger,growth_gate,7053.461408705,diag00_a1_s23_llama1b_kv3072_cap12-06_generation_stagger_guard128,guard128,cmpl-diag00_a1_s23_llama1b_kv3072_cap12-06_generation_stagger_guard128-r6-0-87c66345,38,24,40,128,0,True,3,False
llama1b,3072,12,23,generation,stagger,growth_gate,7053.473952577,diag00_a1_s23_llama1b_kv3072_cap12-06_generation_stagger_guard128,guard128,cmpl-diag00_a1_s23_llama1b_kv3072_cap12-06_generation_stagger_guard128-r6-0-87c66345,38,24,40,128,0,True,3,False
llama1b,3072,12,23,generation,stagger,growth_gate,7053.488150369,diag00_a1_s23_llama1b_kv3072_cap12-06_generation_stagger_guard128,guard128,cmpl-diag00_a1_s23_llama1b_kv3072_cap12-06_generation_stagger_guard128-r6-0-87c66345,38,24,40,128,0,True,3,False
llama1b,3072,12,23,generation,stagger,growth_gate,7053.501182967,diag00_a1_s23_llama1b_kv3072_cap12-06_generation_stagger_guard128,guard128,cmpl-diag00_a1_s23_llama1b_kv3072_cap12-06_generation_stagger_guard128-r6-0-87c66345,38,24,40,128,0,True,3,False
llama1b,3072,12,23,generation,stagger,growth_gate,7053.514577981,diag00_a1_s23_llama1b_kv3072_cap12-06_generation_stagger_guard128,guard128,cmpl-diag00_a1_s23_llama1b_kv3072_cap12-06_generation_stagger_guard128-r6-0-87c66345,38,24,40,128,0,True,3,False
llama1b,3072,12,23,generation,stagger,growth_gate,7053.528594625,diag00_a1_s23_llama1b_kv3072_cap12-06_generation_stagger_guard128,guard128,cmpl-diag00_a1_s23_llama1b_kv3072_cap12-06_generation_stagger_guard128-r6-0-87c66345,37,24,40,128,0,True,3,False
llama1b,3072,12,23,generation,stagger,growth_gate,7053.543159439,diag00_a1_s23_llama1b_kv3072_cap12-06_generation_stagger_guard128,guard128,cmpl-diag00_a1_s23_llama1b_kv3072_cap12-06_generation_stagger_guard128-r6-0-87c66345,37,24,40,128,0,True,3,False
llama1b,3072,12,23,generation,stagger,growth_gate,7053.556346002,diag00_a1_s23_llama1b_kv3072_cap12-06_generation_stagger_guard128,guard128,cmpl-diag00_a1_s23_llama1b_kv3072_cap12-06_generation_stagger_guard128-r6-0-87c66345,37,24,40,128,0,True,3,False
llama1b,3072,12,23,generation,stagger,growth_gate,7053.569669865,diag00_a1_s23_llama1b_kv3072_cap12-06_generation_stagger_guard128,guard128,cmpl-diag00_a1_s23_llama1b_kv3072_cap12-06_generation_stagger_guard128-r6-0-87c66345,36,24,40,128,0,True,3,False
llama1b,3072,12,23,generation,stagger,growth_gate,7053.583898116,diag00_a1_s23_llama1b_kv3072_cap12-06_generation_stagger_guard128,guard128,cmpl-diag00_a1_s23_llama1b_kv3072_cap12-06_generation_stagger_guard128-r6-0-87c66345,36,24,40,128,0,True,3,False
llama1b,3072,12,23,generation,stagger,growth_gate,7053.597568228,diag00_a1_s23_llama1b_kv3072_cap12-06_generation_stagger_guard128,guard128,cmpl-diag00_a1_s23_llama1b_kv3072_cap12-06_generation_stagger_guard128-r6-0-87c66345,36,24,40,128,0,True,3,False
llama1b,3072,12,23,generation,stagger,growth_gate,7053.610958209,diag00_a1_s23_llama1b_kv3072_cap12-06_generation_stagger_guard128,guard128,cmpl-diag00_a1_s23_llama1b_kv3072_cap12-06_generation_stagger_guard128-r6-0-87c66345,36,24,40,128,0,True,3,False
llama1b,3072,12,23,generation,stagger,growth_gate,7053.623621996,diag00_a1_s23_llama1b_kv3072_cap12-06_generation_stagger_guard128,guard128,cmpl-diag00_a1_s23_llama1b_kv3072_cap12-06_generation_stagger_guard128-r6-0-87c66345,36,24,40,128,0,True,3,False
llama1b,3072,12,23,generation,stagger,growth_gate,7053.63766587,diag00_a1_s23_llama1b_kv3072_cap12-06_generation_stagger_guard128,guard128,cmpl-diag00_a1_s23_llama1b_kv3072_cap12-06_generation_stagger_guard128-r6-0-87c66345,36,24,40,128,0,True,3,False
llama1b,3072,12,23,generation,stagger,growth_gate,7053.651586296,diag00_a1_s23_llama1b_kv3072_cap12-06_generation_stagger_guard128,guard128,cmpl-diag00_a1_s23_llama1b_kv3072_cap12-06_generation_stagger_guard128-r6-0-87c66345,35,24,40,128,0,True,3,False
llama1b,3072,12,23,generation,stagger,growth_gate,7053.66580798,diag00_a1_s23_llama1b_kv3072_cap12-06_generation_stagger_guard128,guard128,cmpl-diag00_a1_s23_llama1b_kv3072_cap12-06_generation_stagger_guard128-r6-0-87c66345,35,24,40,128,0,True,3,False
llama1b,3072,12,23,generation,stagger,growth_gate,7053.68119045,diag00_a1_s23_llama1b_kv3072_cap12-06_generation_stagger_guard128,guard128,cmpl-diag00_a1_s23_llama1b_kv3072_cap12-06_generation_stagger_guard128-r6-0-87c66345,35,24,40,128,0,True,3,False
llama1b,3072,12,23,generation,stagger,growth_gate,7053.693771709,diag00_a1_s23_llama1b_kv3072_cap12-06_generation_stagger_guard128,guard128,cmpl-diag00_a1_s23_llama1b_kv3072_cap12-06_generation_stagger_guard128-r6-0-87c66345,35,24,40,128,0,True,3,False
llama1b,3072,12,23,generation,stagger,growth_gate,7053.707532575,diag00_a1_s23_llama1b_kv3072_cap12-06_generation_stagger_guard128,guard128,cmpl-diag00_a1_s23_llama1b_kv3072_cap12-06_generation_stagger_guard128-r6-0-87c66345,35,24,40,128,0,True,3,False
llama1b,3072,12,23,generation,stagger,growth_gate,7053.72143548,diag00_a1_s23_llama1b_kv3072_cap12-06_generation_stagger_guard128,guard128,cmpl-diag00_a1_s23_llama1b_kv3072_cap12-06_generation_stagger_guard128-r6-0-87c66345,35,24,40,128,0,True,3,False
llama1b,3072,12,23,generation,stagger,growth_gate,7053.735218222,diag00_a1_s23_llama1b_kv3072_cap12-06_generation_stagger_guard128,guard128,cmpl-diag00_a1_s23_llama1b_kv3072_cap12-06_generation_stagger_guard128-r6-0-87c66345,35,24,40,128,0,True,3,False
llama1b,3072,12,23,generation,stagger,growth_gate,7053.748290764,diag00_a1_s23_llama1b_kv3072_cap12-06_generation_stagger_guard128,guard128,cmpl-diag00_a1_s23_llama1b_kv3072_cap12-06_generation_stagger_guard128-r6-0-87c66345,34,24,40,128,0,True,3,False
llama1b,3072,12,23,generation,stagger,growth_gate,7053.762646198,diag00_a1_s23_llama1b_kv3072_cap12-06_generation_stagger_guard128,guard128,cmpl-diag00_a1_s23_llama1b_kv3072_cap12-06_generation_stagger_guard128-r6-0-87c66345,34,24,40,128,0,True,3,False
llama1b,3072,12,23,generation,stagger,growth_gate,7053.776246739,diag00_a1_s23_llama1b_kv3072_cap12-06_generation_stagger_guard128,guard128,cmpl-diag00_a1_s23_llama1b_kv3072_cap12-06_generation_stagger_guard128-r6-0-87c66345,34,24,40,128,0,True,3,False
llama1b,3072,12,23,generation,stagger,growth_gate,7053.789180587,diag00_a1_s23_llama1b_kv3072_cap12-06_generation_stagger_guard128,guard128,cmpl-diag00_a1_s23_llama1b_kv3072_cap12-06_generation_stagger_guard128-r6-0-87c66345,33,24,40,128,0,True,3,False
llama1b,3072,12,23,generation,stagger,growth_gate,7053.80371087,diag00_a1_s23_llama1b_kv3072_cap12-06_generation_stagger_guard128,guard128,cmpl-diag00_a1_s23_llama1b_kv3072_cap12-06_generation_stagger_guard128-r6-0-87c66345,33,24,40,128,0,True,3,False
llama1b,3072,12,23,generation,stagger,growth_gate,7053.816745459,diag00_a1_s23_llama1b_kv3072_cap12-06_generation_stagger_guard128,guard128,cmpl-diag00_a1_s23_llama1b_kv3072_cap12-06_generation_stagger_guard128-r6-0-87c66345,33,24,40,128,0,True,3,False
llama1b,3072,12,23,generation,stagger,growth_gate,7053.829630334,diag00_a1_s23_llama1b_kv3072_cap12-06_generation_stagger_guard128,guard128,cmpl-diag00_a1_s23_llama1b_kv3072_cap12-06_generation_stagger_guard128-r6-0-87c66345,33,24,40,128,0,True,3,False
llama1b,3072,12,23,generation,stagger,growth_gate,7053.843948522,diag00_a1_s23_llama1b_kv3072_cap12-06_generation_stagger_guard128,guard128,cmpl-diag00_a1_s23_llama1b_kv3072_cap12-06_generation_stagger_guard128-r6-0-87c66345,33,24,40,128,0,True,3,False
llama1b,3072,12,23,generation,stagger,growth_gate,7053.857181436,diag00_a1_s23_llama1b_kv3072_cap12-06_generation_stagger_guard128,guard128,cmpl-diag00_a1_s23_llama1b_kv3072_cap12-06_generation_stagger_guard128-r6-0-87c66345,33,24,40,128,0,True,3,False
llama1b,3072,12,23,generation,stagger,growth_gate,7053.869633579,diag00_a1_s23_llama1b_kv3072_cap12-06_generation_stagger_guard128,guard128,cmpl-diag00_a1_s23_llama1b_kv3072_cap12-06_generation_stagger_guard128-r6-0-87c66345,32,24,40,128,0,True,3,False
llama1b,3072,12,23,generation,stagger,growth_gate,7053.884073776,diag00_a1_s23_llama1b_kv3072_cap12-06_generation_stagger_guard128,guard128,cmpl-diag00_a1_s23_llama1b_kv3072_cap12-06_generation_stagger_guard128-r6-0-87c66345,32,24,40,128,0,True,3,False
llama1b,3072,12,23,generation,stagger,growth_gate,7053.897888316,diag00_a1_s23_llama1b_kv3072_cap12-06_generation_stagger_guard128,guard128,cmpl-diag00_a1_s23_llama1b_kv3072_cap12-06_generation_stagger_guard128-r6-0-87c66345,32,24,40,128,0,True,3,False
llama1b,3072,12,23,generation,stagger,growth_gate,7053.911549328,diag00_a1_s23_llama1b_kv3072_cap12-06_generation_stagger_guard128,guard128,cmpl-diag00_a1_s23_llama1b_kv3072_cap12-06_generation_stagger_guard128-r6-0-87c66345,32,24,40,128,0,True,3,False
llama1b,3072,12,23,generation,stagger,growth_gate,7053.923825739,diag00_a1_s23_llama1b_kv3072_cap12-06_generation_stagger_guard128,guard128,cmpl-diag00_a1_s23_llama1b_kv3072_cap12-06_generation_stagger_guard128-r6-0-87c66345,32,24,40,128,0,True,3,False
llama1b,3072,12,23,generation,stagger,growth_gate,7053.937800602,diag00_a1_s23_llama1b_kv3072_cap12-06_generation_stagger_guard128,guard128,cmpl-diag00_a1_s23_llama1b_kv3072_cap12-06_generation_stagger_guard128-r6-0-87c66345,32,24,40,128,0,True,3,False
llama1b,3072,12,23,generation,stagger,growth_gate,7053.951811563,diag00_a1_s23_llama1b_kv3072_cap12-06_generation_stagger_guard128,guard128,cmpl-diag00_a1_s23_llama1b_kv3072_cap12-06_generation_stagger_guard128-r6-0-87c66345,32,24,40,128,0,True,3,False
llama1b,3072,12,23,generation,stagger,growth_gate,7053.966446895,diag00_a1_s23_llama1b_kv3072_cap12-06_generation_stagger_guard128,guard128,cmpl-diag00_a1_s23_llama1b_kv3072_cap12-06_generation_stagger_guard128-r6-0-87c66345,31,24,40,128,0,True,3,False
llama1b,3072,12,23,generation,stagger,growth_gate,7053.980596563,diag00_a1_s23_llama1b_kv3072_cap12-06_generation_stagger_guard128,guard128,cmpl-diag00_a1_s23_llama1b_kv3072_cap12-06_generation_stagger_guard128-r6-0-87c66345,31,24,40,128,0,True,3,False
llama1b,3072,12,23,generation,stagger,growth_gate,7053.994468635,diag00_a1_s23_llama1b_kv3072_cap12-06_generation_stagger_guard128,guard128,cmpl-diag00_a1_s23_llama1b_kv3072_cap12-06_generation_stagger_guard128-r6-0-87c66345,31,24,40,128,0,True,3,False
llama1b,3072,12,23,generation,stagger,growth_gate,7054.007381752,diag00_a1_s23_llama1b_kv3072_cap12-06_generation_stagger_guard128,guard128,cmpl-diag00_a1_s23_llama1b_kv3072_cap12-06_generation_stagger_guard128-r6-0-87c66345,30,24,40,128,0,True,3,False
llama1b,3072,12,23,generation,stagger,growth_gate,7054.02163982,diag00_a1_s23_llama1b_kv3072_cap12-06_generation_stagger_guard128,guard128,cmpl-diag00_a1_s23_llama1b_kv3072_cap12-06_generation_stagger_guard128-r6-0-87c66345,30,24,40,128,0,True,3,False
llama1b,3072,12,23,generation,stagger,growth_gate,7054.036011021,diag00_a1_s23_llama1b_kv3072_cap12-06_generation_stagger_guard128,guard128,cmpl-diag00_a1_s23_llama1b_kv3072_cap12-06_generation_stagger_guard128-r6-0-87c66345,30,24,40,128,0,True,3,False
llama1b,3072,12,23,generation,stagger,growth_gate,7054.049843381,diag00_a1_s23_llama1b_kv3072_cap12-06_generation_stagger_guard128,guard128,cmpl-diag00_a1_s23_llama1b_kv3072_cap12-06_generation_stagger_guard128-r6-0-87c66345,30,24,40,128,0,True,3,False
llama1b,3072,12,23,generation,stagger,growth_gate,7054.063248442,diag00_a1_s23_llama1b_kv3072_cap12-06_generation_stagger_guard128,guard128,cmpl-diag00_a1_s23_llama1b_kv3072_cap12-06_generation_stagger_guard128-r6-0-87c66345,30,24,40,128,0,True,3,False
llama1b,3072,12,23,generation,stagger,growth_gate,7054.077487886,diag00_a1_s23_llama1b_kv3072_cap12-06_generation_stagger_guard128,guard128,cmpl-diag00_a1_s23_llama1b_kv3072_cap12-06_generation_stagger_guard128-r6-0-87c66345,30,24,40,128,0,True,3,False
llama1b,3072,12,23,generation,stagger,growth_gate,7054.091767686,diag00_a1_s23_llama1b_kv3072_cap12-06_generation_stagger_guard128,guard128,cmpl-diag00_a1_s23_llama1b_kv3072_cap12-06_generation_stagger_guard128-r6-0-87c66345,29,24,40,128,0,True,3,False
llama1b,3072,12,23,generation,stagger,growth_gate,7054.10378279,diag00_a1_s23_llama1b_kv3072_cap12-06_generation_stagger_guard128,guard128,cmpl-diag00_a1_s23_llama1b_kv3072_cap12-06_generation_stagger_guard128-r6-0-87c66345,29,24,40,128,0,True,3,False
llama1b,3072,12,23,generation,stagger,growth_gate,7054.117790809,diag00_a1_s23_llama1b_kv3072_cap12-06_generation_stagger_guard128,guard128,cmpl-diag00_a1_s23_llama1b_kv3072_cap12-06_generation_stagger_guard128-r6-0-87c66345,29,24,40,128,0,True,3,False
llama1b,3072,12,23,generation,stagger,growth_gate,7054.130719609,diag00_a1_s23_llama1b_kv3072_cap12-06_generation_stagger_guard128,guard128,cmpl-diag00_a1_s23_llama1b_kv3072_cap12-06_generation_stagger_guard128-r6-0-87c66345,29,24,40,128,0,True,3,False
llama1b,3072,12,23,generation,stagger,growth_gate,7054.146066993,diag00_a1_s23_llama1b_kv3072_cap12-06_generation_stagger_guard128,guard128,cmpl-diag00_a1_s23_llama1b_kv3072_cap12-06_generation_stagger_guard128-r6-0-87c66345,29,24,40,128,0,True,3,False
llama1b,3072,12,23,generation,stagger,growth_gate,7054.158985836,diag00_a1_s23_llama1b_kv3072_cap12-06_generation_stagger_guard128,guard128,cmpl-diag00_a1_s23_llama1b_kv3072_cap12-06_generation_stagger_guard128-r6-0-87c66345,29,24,40,128,0,True,3,False
llama1b,3072,12,23,generation,stagger,growth_gate,7054.171536543,diag00_a1_s23_llama1b_kv3072_cap12-06_generation_stagger_guard128,guard128,cmpl-diag00_a1_s23_llama1b_kv3072_cap12-06_generation_stagger_guard128-r6-0-87c66345,29,24,40,128,0,True,3,False
llama1b,3072,12,23,generation,stagger,growth_gate,7054.186725784,diag00_a1_s23_llama1b_kv3072_cap12-06_generation_stagger_guard128,guard128,cmpl-diag00_a1_s23_llama1b_kv3072_cap12-06_generation_stagger_guard128-r6-0-87c66345,28,24,40,128,0,True,3,False
llama1b,3072,12,23,generation,stagger,growth_gate,7054.199961818,diag00_a1_s23_llama1b_kv3072_cap12-06_generation_stagger_guard128,guard128,cmpl-diag00_a1_s23_llama1b_kv3072_cap12-06_generation_stagger_guard128-r6-0-87c66345,28,24,40,128,0,True,3,False
llama1b,3072,12,23,generation,stagger,growth_gate,7054.213166063,diag00_a1_s23_llama1b_kv3072_cap12-06_generation_stagger_guard128,guard128,cmpl-diag00_a1_s23_llama1b_kv3072_cap12-06_generation_stagger_guard128-r6-0-87c66345,28,24,40,128,0,True,3,False
llama1b,3072,12,23,generation,stagger,growth_gate,7054.226499552,diag00_a1_s23_llama1b_kv3072_cap12-06_generation_stagger_guard128,guard128,cmpl-diag00_a1_s23_llama1b_kv3072_cap12-06_generation_stagger_guard128-r6-0-87c66345,27,24,40,128,0,True,3,False
llama1b,3072,12,23,generation,stagger,growth_gate,7054.241313474,diag00_a1_s23_llama1b_kv3072_cap12-06_generation_stagger_guard128,guard128,cmpl-diag00_a1_s23_llama1b_kv3072_cap12-06_generation_stagger_guard128-r6-0-87c66345,27,24,40,128,0,True,3,False
llama1b,3072,12,23,generation,stagger,growth_gate,7054.25672618,diag00_a1_s23_llama1b_kv3072_cap12-06_generation_stagger_guard128,guard128,cmpl-diag00_a1_s23_llama1b_kv3072_cap12-06_generation_stagger_guard128-r6-0-87c66345,27,24,40,128,0,True,3,False
llama1b,3072,12,23,generation,stagger,growth_gate,7054.272321294,diag00_a1_s23_llama1b_kv3072_cap12-06_generation_stagger_guard128,guard128,cmpl-diag00_a1_s23_llama1b_kv3072_cap12-06_generation_stagger_guard128-r6-0-87c66345,27,24,40,128,0,True,3,False
llama1b,3072,12,23,generation,stagger,growth_gate,7054.283562661,diag00_a1_s23_llama1b_kv3072_cap12-06_generation_stagger_guard128,guard128,cmpl-diag00_a1_s23_llama1b_kv3072_cap12-06_generation_stagger_guard128-r6-0-87c66345,27,24,40,128,0,True,3,False
llama1b,3072,12,23,generation,stagger,growth_gate,7054.296609168,diag00_a1_s23_llama1b_kv3072_cap12-06_generation_stagger_guard128,guard128,cmpl-diag00_a1_s23_llama1b_kv3072_cap12-06_generation_stagger_guard128-r6-0-87c66345,27,24,40,128,0,True,3,False
llama1b,3072,12,23,generation,stagger,growth_gate,7054.309880671,diag00_a1_s23_llama1b_kv3072_cap12-06_generation_stagger_guard128,guard128,cmpl-diag00_a1_s23_llama1b_kv3072_cap12-06_generation_stagger_guard128-r6-0-87c66345,26,24,40,128,0,True,3,False
llama1b,3072,12,23,generation,stagger,growth_gate,7054.32421929,diag00_a1_s23_llama1b_kv3072_cap12-06_generation_stagger_guard128,guard128,cmpl-diag00_a1_s23_llama1b_kv3072_cap12-06_generation_stagger_guard128-r6-0-87c66345,26,24,40,128,0,True,3,False
llama1b,3072,12,23,generation,stagger,growth_gate,7054.338802946,diag00_a1_s23_llama1b_kv3072_cap12-06_generation_stagger_guard128,guard128,cmpl-diag00_a1_s23_llama1b_kv3072_cap12-06_generation_stagger_guard128-r6-0-87c66345,26,24,40,128,0,True,3,False
llama1b,3072,12,23,generation,stagger,growth_gate,7054.351082756,diag00_a1_s23_llama1b_kv3072_cap12-06_generation_stagger_guard128,guard128,cmpl-diag00_a1_s23_llama1b_kv3072_cap12-06_generation_stagger_guard128-r6-0-87c66345,26,24,40,128,0,True,3,False
llama1b,3072,12,23,generation,stagger,growth_gate,7054.363933763,diag00_a1_s23_llama1b_kv3072_cap12-06_generation_stagger_guard128,guard128,cmpl-diag00_a1_s23_llama1b_kv3072_cap12-06_generation_stagger_guard128-r6-0-87c66345,26,24,40,128,0,True,3,False
llama1b,3072,12,23,generation,stagger,growth_gate,7054.377536605,diag00_a1_s23_llama1b_kv3072_cap12-06_generation_stagger_guard128,guard128,cmpl-diag00_a1_s23_llama1b_kv3072_cap12-06_generation_stagger_guard128-r6-0-87c66345,26,24,40,128,0,True,3,False
llama1b,3072,12,23,generation,stagger,growth_gate,7054.390581246,diag00_a1_s23_llama1b_kv3072_cap12-06_generation_stagger_guard128,guard128,cmpl-diag00_a1_s23_llama1b_kv3072_cap12-06_generation_stagger_guard128-r6-0-87c66345,26,24,40,128,0,True,3,False
llama1b,3072,12,23,generation,stagger,growth_gate,7054.404513425,diag00_a1_s23_llama1b_kv3072_cap12-06_generation_stagger_guard128,guard128,cmpl-diag00_a1_s23_llama1b_kv3072_cap12-06_generation_stagger_guard128-r6-0-87c66345,25,24,40,128,0,True,3,False
llama1b,3072,12,23,generation,stagger,growth_gate,7054.421086291,diag00_a1_s23_llama1b_kv3072_cap12-06_generation_stagger_guard128,guard128,cmpl-diag00_a1_s23_llama1b_kv3072_cap12-06_generation_stagger_guard128-r6-0-87c66345,25,24,40,128,0,True,3,False
llama1b,3072,12,23,generation,stagger,growth_gate,7054.434552085,diag00_a1_s23_llama1b_kv3072_cap12-06_generation_stagger_guard128,guard128,cmpl-diag00_a1_s23_llama1b_kv3072_cap12-06_generation_stagger_guard128-r6-0-87c66345,25,24,40,128,0,True,3,False
llama1b,3072,12,23,generation,stagger,growth_gate,7054.446460236,diag00_a1_s23_llama1b_kv3072_cap12-06_generation_stagger_guard128,guard128,cmpl-diag00_a1_s23_llama1b_kv3072_cap12-06_generation_stagger_guard128-r6-0-87c66345,24,24,40,128,0,True,3,False
llama1b,3072,12,23,generation,stagger,growth_gate,7054.460351582,diag00_a1_s23_llama1b_kv3072_cap12-06_generation_stagger_guard128,guard128,cmpl-diag00_a1_s23_llama1b_kv3072_cap12-06_generation_stagger_guard128-r6-0-87c66345,24,24,40,128,0,True,3,False
llama1b,3072,12,23,generation,stagger,growth_gate,7054.475091481,diag00_a1_s23_llama1b_kv3072_cap12-06_generation_stagger_guard128,guard128,cmpl-diag00_a1_s23_llama1b_kv3072_cap12-06_generation_stagger_guard128-r6-0-87c66345,24,24,40,128,0,True,3,False
llama1b,3072,12,23,generation,stagger,growth_gate,7054.488153816,diag00_a1_s23_llama1b_kv3072_cap12-06_generation_stagger_guard128,guard128,cmpl-diag00_a1_s23_llama1b_kv3072_cap12-06_generation_stagger_guard128-r6-0-87c66345,24,24,40,128,0,True,3,False
llama1b,3072,12,23,generation,stagger,growth_gate,7054.501592211,diag00_a1_s23_llama1b_kv3072_cap12-06_generation_stagger_guard128,guard128,cmpl-diag00_a1_s23_llama1b_kv3072_cap12-06_generation_stagger_guard128-r6-0-87c66345,24,24,40,128,0,True,3,False
llama1b,3072,12,23,generation,stagger,growth_gate,7054.517506031,diag00_a1_s23_llama1b_kv3072_cap12-06_generation_stagger_guard128,guard128,cmpl-diag00_a1_s23_llama1b_kv3072_cap12-06_generation_stagger_guard128-r6-0-87c66345,24,24,40,128,0,True,3,False
llama1b,3072,12,23,generation,stagger,growth_gate,7054.531169084,diag00_a1_s23_llama1b_kv3072_cap12-06_generation_stagger_guard128,guard128,cmpl-diag00_a1_s23_llama1b_kv3072_cap12-06_generation_stagger_guard128-r6-0-87c66345,23,24,40,128,0,True,3,False
llama1b,3072,12,23,generation,stagger,growth_gate,7054.544769139,diag00_a1_s23_llama1b_kv3072_cap12-06_generation_stagger_guard128,guard128,cmpl-diag00_a1_s23_llama1b_kv3072_cap12-06_generation_stagger_guard128-r6-0-87c66345,23,24,40,128,0,True,3,False
llama1b,3072,12,23,generation,stagger,growth_gate,7054.558260416,diag00_a1_s23_llama1b_kv3072_cap12-06_generation_stagger_guard128,guard128,cmpl-diag00_a1_s23_llama1b_kv3072_cap12-06_generation_stagger_guard128-r6-0-87c66345,23,24,40,128,0,True,3,False
llama1b,3072,12,23,generation,stagger,growth_gate,7054.572082871,diag00_a1_s23_llama1b_kv3072_cap12-06_generation_stagger_guard128,guard128,cmpl-diag00_a1_s23_llama1b_kv3072_cap12-06_generation_stagger_guard128-r6-0-87c66345,23,24,40,128,0,True,3,False
llama1b,3072,12,23,generation,stagger,growth_gate,7054.58561291,diag00_a1_s23_llama1b_kv3072_cap12-06_generation_stagger_guard128,guard128,cmpl-diag00_a1_s23_llama1b_kv3072_cap12-06_generation_stagger_guard128-r6-0-87c66345,23,24,40,128,0,True,3,False
llama1b,3072,12,23,generation,stagger,growth_gate,7054.599065429,diag00_a1_s23_llama1b_kv3072_cap12-06_generation_stagger_guard128,guard128,cmpl-diag00_a1_s23_llama1b_kv3072_cap12-06_generation_stagger_guard128-r6-0-87c66345,23,24,40,128,0,True,3,False
llama1b,3072,12,23,generation,stagger,growth_gate,7054.612412801,diag00_a1_s23_llama1b_kv3072_cap12-06_generation_stagger_guard128,guard128,cmpl-diag00_a1_s23_llama1b_kv3072_cap12-06_generation_stagger_guard128-r6-0-87c66345,23,24,40,128,0,True,3,False
llama1b,3072,12,23,generation,stagger,growth_gate,7054.625245031,diag00_a1_s23_llama1b_kv3072_cap12-06_generation_stagger_guard128,guard128,cmpl-diag00_a1_s23_llama1b_kv3072_cap12-06_generation_stagger_guard128-r6-0-87c66345,22,24,40,128,0,True,3,False
llama1b,3072,12,23,generation,stagger,growth_gate,7054.639400172,diag00_a1_s23_llama1b_kv3072_cap12-06_generation_stagger_guard128,guard128,cmpl-diag00_a1_s23_llama1b_kv3072_cap12-06_generation_stagger_guard128-r6-0-87c66345,22,24,40,128,0,True,3,False
llama1b,3072,12,23,generation,stagger,growth_gate,7054.653545737,diag00_a1_s23_llama1b_kv3072_cap12-06_generation_stagger_guard128,guard128,cmpl-diag00_a1_s23_llama1b_kv3072_cap12-06_generation_stagger_guard128-r6-0-87c66345,22,24,40,128,0,True,3,False
llama1b,3072,12,23,generation,stagger,growth_gate,7054.666675556,diag00_a1_s23_llama1b_kv3072_cap12-06_generation_stagger_guard128,guard128,cmpl-diag00_a1_s23_llama1b_kv3072_cap12-06_generation_stagger_guard128-r6-0-87c66345,21,24,40,128,0,True,3,False
llama1b,3072,12,23,generation,stagger,growth_gate,7054.680535927,diag00_a1_s23_llama1b_kv3072_cap12-06_generation_stagger_guard128,guard128,cmpl-diag00_a1_s23_llama1b_kv3072_cap12-06_generation_stagger_guard128-r6-0-87c66345,21,24,40,128,0,True,3,False
llama1b,3072,12,23,generation,stagger,growth_gate,7054.694886619,diag00_a1_s23_llama1b_kv3072_cap12-06_generation_stagger_guard128,guard128,cmpl-diag00_a1_s23_llama1b_kv3072_cap12-06_generation_stagger_guard128-r6-0-87c66345,21,24,40,128,0,True,3,False
llama1b,3072,12,23,generation,stagger,growth_gate,7054.709013732,diag00_a1_s23_llama1b_kv3072_cap12-06_generation_stagger_guard128,guard128,cmpl-diag00_a1_s23_llama1b_kv3072_cap12-06_generation_stagger_guard128-r6-0-87c66345,21,24,40,128,0,True,3,False
llama1b,3072,12,23,generation,stagger,growth_gate,7054.722524237,diag00_a1_s23_llama1b_kv3072_cap12-06_generation_stagger_guard128,guard128,cmpl-diag00_a1_s23_llama1b_kv3072_cap12-06_generation_stagger_guard128-r6-0-87c66345,21,24,40,128,0,True,3,False
llama1b,3072,12,23,generation,stagger,growth_gate,7054.735386521,diag00_a1_s23_llama1b_kv3072_cap12-06_generation_stagger_guard128,guard128,cmpl-diag00_a1_s23_llama1b_kv3072_cap12-06_generation_stagger_guard128-r6-0-87c66345,21,24,40,128,0,True,3,False
llama1b,3072,12,23,generation,stagger,growth_gate,7054.751632058,diag00_a1_s23_llama1b_kv3072_cap12-06_generation_stagger_guard128,guard128,cmpl-diag00_a1_s23_llama1b_kv3072_cap12-06_generation_stagger_guard128-r6-0-87c66345,20,24,40,128,0,True,3,False
llama1b,3072,12,23,generation,stagger,growth_gate,7054.765149386,diag00_a1_s23_llama1b_kv3072_cap12-06_generation_stagger_guard128,guard128,cmpl-diag00_a1_s23_llama1b_kv3072_cap12-06_generation_stagger_guard128-r6-0-87c66345,20,24,40,128,0,True,3,False
llama1b,3072,12,23,generation,stagger,growth_gate,7054.777594099,diag00_a1_s23_llama1b_kv3072_cap12-06_generation_stagger_guard128,guard128,cmpl-diag00_a1_s23_llama1b_kv3072_cap12-06_generation_stagger_guard128-r6-0-87c66345,20,24,40,128,0,True,3,False
llama1b,3072,12,23,generation,stagger,growth_gate,7054.792284274,diag00_a1_s23_llama1b_kv3072_cap12-06_generation_stagger_guard128,guard128,cmpl-diag00_a1_s23_llama1b_kv3072_cap12-06_generation_stagger_guard128-r6-0-87c66345,20,24,40,128,0,True,3,False
llama1b,3072,12,23,generation,stagger,growth_gate,7054.8064997,diag00_a1_s23_llama1b_kv3072_cap12-06_generation_stagger_guard128,guard128,cmpl-diag00_a1_s23_llama1b_kv3072_cap12-06_generation_stagger_guard128-r6-0-87c66345,20,24,40,128,0,True,3,False
llama1b,3072,12,23,generation,stagger,growth_gate,7054.819543805,diag00_a1_s23_llama1b_kv3072_cap12-06_generation_stagger_guard128,guard128,cmpl-diag00_a1_s23_llama1b_kv3072_cap12-06_generation_stagger_guard128-r6-0-87c66345,20,24,40,128,0,True,3,False
llama1b,3072,12,23,generation,stagger,growth_gate,7054.833451053,diag00_a1_s23_llama1b_kv3072_cap12-06_generation_stagger_guard128,guard128,cmpl-diag00_a1_s23_llama1b_kv3072_cap12-06_generation_stagger_guard128-r6-0-87c66345,20,24,40,128,0,True,3,False
llama1b,3072,12,23,generation,stagger,growth_gate,7054.848546722,diag00_a1_s23_llama1b_kv3072_cap12-06_generation_stagger_guard128,guard128,cmpl-diag00_a1_s23_llama1b_kv3072_cap12-06_generation_stagger_guard128-r6-0-87c66345,19,24,40,128,0,True,3,False
llama1b,3072,12,23,generation,stagger,growth_gate,7054.862093582,diag00_a1_s23_llama1b_kv3072_cap12-06_generation_stagger_guard128,guard128,cmpl-diag00_a1_s23_llama1b_kv3072_cap12-06_generation_stagger_guard128-r6-0-87c66345,19,24,40,128,0,True,3,False
llama1b,3072,12,23,generation,stagger,growth_gate,7054.875920495,diag00_a1_s23_llama1b_kv3072_cap12-06_generation_stagger_guard128,guard128,cmpl-diag00_a1_s23_llama1b_kv3072_cap12-06_generation_stagger_guard128-r6-0-87c66345,19,24,40,128,0,True,3,False
llama1b,3072,12,23,generation,stagger,growth_gate,7054.889014345,diag00_a1_s23_llama1b_kv3072_cap12-06_generation_stagger_guard128,guard128,cmpl-diag00_a1_s23_llama1b_kv3072_cap12-06_generation_stagger_guard128-r6-0-87c66345,18,24,40,128,0,True,3,False
llama1b,3072,12,23,generation,stagger,growth_gate,7054.903091287,diag00_a1_s23_llama1b_kv3072_cap12-06_generation_stagger_guard128,guard128,cmpl-diag00_a1_s23_llama1b_kv3072_cap12-06_generation_stagger_guard128-r6-0-87c66345,18,24,40,128,0,True,3,False
llama1b,3072,12,23,generation,stagger,growth_gate,7054.916731231,diag00_a1_s23_llama1b_kv3072_cap12-06_generation_stagger_guard128,guard128,cmpl-diag00_a1_s23_llama1b_kv3072_cap12-06_generation_stagger_guard128-r6-0-87c66345,18,24,40,128,0,True,3,False
llama1b,3072,12,23,generation,stagger,growth_gate,7054.929713373,diag00_a1_s23_llama1b_kv3072_cap12-06_generation_stagger_guard128,guard128,cmpl-diag00_a1_s23_llama1b_kv3072_cap12-06_generation_stagger_guard128-r6-0-87c66345,18,24,40,128,0,True,3,False
llama1b,3072,12,23,generation,stagger,growth_gate,7054.944423024,diag00_a1_s23_llama1b_kv3072_cap12-06_generation_stagger_guard128,guard128,cmpl-diag00_a1_s23_llama1b_kv3072_cap12-06_generation_stagger_guard128-r6-0-87c66345,18,24,40,128,0,True,3,False
llama1b,3072,12,23,generation,stagger,growth_gate,7054.958712102,diag00_a1_s23_llama1b_kv3072_cap12-06_generation_stagger_guard128,guard128,cmpl-diag00_a1_s23_llama1b_kv3072_cap12-06_generation_stagger_guard128-r6-0-87c66345,18,24,40,128,0,True,3,False
llama1b,3072,12,23,generation,stagger,growth_gate,7054.974215392,diag00_a1_s23_llama1b_kv3072_cap12-06_generation_stagger_guard128,guard128,cmpl-diag00_a1_s23_llama1b_kv3072_cap12-06_generation_stagger_guard128-r6-0-87c66345,82,16,40,128,0,False,2,False
llama1b,3072,12,23,generation,stagger,growth_gate,7054.974318903,diag00_a1_s23_llama1b_kv3072_cap12-06_generation_stagger_guard128,guard128,cmpl-diag00_a1_s23_llama1b_kv3072_cap12-06_generation_stagger_guard128-r7-0-a406b25d,50,24,16,128,0,False,3,False
llama1b,3072,12,23,generation,stagger,growth_gate,7054.974390537,diag00_a1_s23_llama1b_kv3072_cap12-06_generation_stagger_guard128,guard128,cmpl-diag00_a1_s23_llama1b_kv3072_cap12-06_generation_stagger_guard128-r8-0-86b95423,42,32,40,128,0,True,4,False
llama1b,3072,12,23,generation,stagger,growth_gate,7054.989588279,diag00_a1_s23_llama1b_kv3072_cap12-06_generation_stagger_guard128,guard128,cmpl-diag00_a1_s23_llama1b_kv3072_cap12-06_generation_stagger_guard128-r8-0-86b95423,40,32,40,128,0,True,4,False
llama1b,3072,12,23,generation,stagger,growth_gate,7055.062714249,diag00_a1_s23_llama1b_kv3072_cap12-06_generation_stagger_guard128,guard128,cmpl-diag00_a1_s23_llama1b_kv3072_cap12-06_generation_stagger_guard128-r8-0-86b95423,40,32,40,128,0,True,4,False
llama1b,3072,12,23,generation,stagger,growth_gate,7055.073090983,diag00_a1_s23_llama1b_kv3072_cap12-06_generation_stagger_guard128,guard128,cmpl-diag00_a1_s23_llama1b_kv3072_cap12-06_generation_stagger_guard128-r8-0-86b95423,40,32,40,128,0,True,4,False
llama1b,3072,12,23,generation,stagger,growth_gate,7055.08879257,diag00_a1_s23_llama1b_kv3072_cap12-06_generation_stagger_guard128,guard128,cmpl-diag00_a1_s23_llama1b_kv3072_cap12-06_generation_stagger_guard128-r8-0-86b95423,40,32,40,128,0,True,4,False
llama1b,3072,12,23,generation,stagger,growth_gate,7055.101861506,diag00_a1_s23_llama1b_kv3072_cap12-06_generation_stagger_guard128,guard128,cmpl-diag00_a1_s23_llama1b_kv3072_cap12-06_generation_stagger_guard128-r8-0-86b95423,40,32,40,128,0,True,4,False
llama1b,3072,12,23,generation,stagger,growth_gate,7055.116557064,diag00_a1_s23_llama1b_kv3072_cap12-06_generation_stagger_guard128,guard128,cmpl-diag00_a1_s23_llama1b_kv3072_cap12-06_generation_stagger_guard128-r8-0-86b95423,40,32,40,128,0,True,4,False
llama1b,3072,12,23,generation,stagger,growth_gate,7055.128696377,diag00_a1_s23_llama1b_kv3072_cap12-06_generation_stagger_guard128,guard128,cmpl-diag00_a1_s23_llama1b_kv3072_cap12-06_generation_stagger_guard128-r8-0-86b95423,39,32,40,128,0,True,4,False
llama1b,3072,12,23,generation,stagger,growth_gate,7055.144356607,diag00_a1_s23_llama1b_kv3072_cap12-06_generation_stagger_guard128,guard128,cmpl-diag00_a1_s23_llama1b_kv3072_cap12-06_generation_stagger_guard128-r8-0-86b95423,39,32,40,128,0,True,4,False
llama1b,3072,12,23,generation,stagger,growth_gate,7055.158544117,diag00_a1_s23_llama1b_kv3072_cap12-06_generation_stagger_guard128,guard128,cmpl-diag00_a1_s23_llama1b_kv3072_cap12-06_generation_stagger_guard128-r8-0-86b95423,39,32,40,128,0,True,4,False
llama1b,3072,12,23,generation,stagger,growth_gate,7055.170913552,diag00_a1_s23_llama1b_kv3072_cap12-06_generation_stagger_guard128,guard128,cmpl-diag00_a1_s23_llama1b_kv3072_cap12-06_generation_stagger_guard128-r8-0-86b95423,38,32,40,128,0,True,4,False
llama1b,3072,12,23,generation,stagger,growth_gate,7055.184855353,diag00_a1_s23_llama1b_kv3072_cap12-06_generation_stagger_guard128,guard128,cmpl-diag00_a1_s23_llama1b_kv3072_cap12-06_generation_stagger_guard128-r8-0-86b95423,38,32,40,128,0,True,4,False
llama1b,3072,12,23,generation,stagger,growth_gate,7055.199686483,diag00_a1_s23_llama1b_kv3072_cap12-06_generation_stagger_guard128,guard128,cmpl-diag00_a1_s23_llama1b_kv3072_cap12-06_generation_stagger_guard128-r8-0-86b95423,38,32,40,128,0,True,4,False
llama1b,3072,12,23,generation,stagger,growth_gate,7055.212103816,diag00_a1_s23_llama1b_kv3072_cap12-06_generation_stagger_guard128,guard128,cmpl-diag00_a1_s23_llama1b_kv3072_cap12-06_generation_stagger_guard128-r8-0-86b95423,38,32,40,128,0,True,4,False
llama1b,3072,12,23,generation,stagger,growth_gate,7055.22717776,diag00_a1_s23_llama1b_kv3072_cap12-06_generation_stagger_guard128,guard128,cmpl-diag00_a1_s23_llama1b_kv3072_cap12-06_generation_stagger_guard128-r8-0-86b95423,38,32,40,128,0,True,4,False
llama1b,3072,12,23,generation,stagger,growth_gate,7055.240712589,diag00_a1_s23_llama1b_kv3072_cap12-06_generation_stagger_guard128,guard128,cmpl-diag00_a1_s23_llama1b_kv3072_cap12-06_generation_stagger_guard128-r8-0-86b95423,38,32,40,128,0,True,4,False
llama1b,3072,12,23,generation,stagger,growth_gate,7055.254171402,diag00_a1_s23_llama1b_kv3072_cap12-06_generation_stagger_guard128,guard128,cmpl-diag00_a1_s23_llama1b_kv3072_cap12-06_generation_stagger_guard128-r8-0-86b95423,38,32,40,128,0,True,4,False
llama1b,3072,12,23,generation,stagger,growth_gate,7055.268122717,diag00_a1_s23_llama1b_kv3072_cap12-06_generation_stagger_guard128,guard128,cmpl-diag00_a1_s23_llama1b_kv3072_cap12-06_generation_stagger_guard128-r8-0-86b95423,36,32,40,128,0,True,4,False
llama1b,3072,12,23,generation,stagger,growth_gate,7055.281236266,diag00_a1_s23_llama1b_kv3072_cap12-06_generation_stagger_guard128,guard128,cmpl-diag00_a1_s23_llama1b_kv3072_cap12-06_generation_stagger_guard128-r8-0-86b95423,36,32,40,128,0,True,4,False
llama1b,3072,12,23,generation,stagger,growth_gate,7055.296396568,diag00_a1_s23_llama1b_kv3072_cap12-06_generation_stagger_guard128,guard128,cmpl-diag00_a1_s23_llama1b_kv3072_cap12-06_generation_stagger_guard128-r8-0-86b95423,36,32,40,128,0,True,4,False
llama1b,3072,12,23,generation,stagger,growth_gate,7055.309448806,diag00_a1_s23_llama1b_kv3072_cap12-06_generation_stagger_guard128,guard128,cmpl-diag00_a1_s23_llama1b_kv3072_cap12-06_generation_stagger_guard128-r8-0-86b95423,36,32,40,128,0,True,4,False
llama1b,3072,12,23,generation,stagger,growth_gate,7055.323195056,diag00_a1_s23_llama1b_kv3072_cap12-06_generation_stagger_guard128,guard128,cmpl-diag00_a1_s23_llama1b_kv3072_cap12-06_generation_stagger_guard128-r8-0-86b95423,36,32,40,128,0,True,4,False
llama1b,3072,12,23,generation,stagger,growth_gate,7055.338361403,diag00_a1_s23_llama1b_kv3072_cap12-06_generation_stagger_guard128,guard128,cmpl-diag00_a1_s23_llama1b_kv3072_cap12-06_generation_stagger_guard128-r8-0-86b95423,36,32,40,128,0,True,4,False
llama1b,3072,12,23,generation,stagger,growth_gate,7055.351339884,diag00_a1_s23_llama1b_kv3072_cap12-06_generation_stagger_guard128,guard128,cmpl-diag00_a1_s23_llama1b_kv3072_cap12-06_generation_stagger_guard128-r8-0-86b95423,100,24,40,128,0,False,3,False
llama1b,3072,12,23,generation,stagger,growth_gate,7055.351442301,diag00_a1_s23_llama1b_kv3072_cap12-06_generation_stagger_guard128,guard128,cmpl-diag00_a1_s23_llama1b_kv3072_cap12-06_generation_stagger_guard128-r9-0-956fa279,68,32,24,128,0,False,4,False
llama1b,3072,12,23,generation,stagger,growth_gate,7055.351514857,diag00_a1_s23_llama1b_kv3072_cap12-06_generation_stagger_guard128,guard128,cmpl-diag00_a1_s23_llama1b_kv3072_cap12-06_generation_stagger_guard128-r10-0-b8167fbe,52,40,40,128,0,True,5,False
llama1b,3072,12,23,generation,stagger,growth_gate,7055.368481352,diag00_a1_s23_llama1b_kv3072_cap12-06_generation_stagger_guard128,guard128,cmpl-diag00_a1_s23_llama1b_kv3072_cap12-06_generation_stagger_guard128-r10-0-b8167fbe,50,40,40,128,0,True,5,False
llama1b,3072,12,23,generation,stagger,growth_gate,7055.451894535,diag00_a1_s23_llama1b_kv3072_cap12-06_generation_stagger_guard128,guard128,cmpl-diag00_a1_s23_llama1b_kv3072_cap12-06_generation_stagger_guard128-r10-0-b8167fbe,50,40,40,128,0,True,5,False
llama1b,3072,12,23,generation,stagger,growth_gate,7055.465254871,diag00_a1_s23_llama1b_kv3072_cap12-06_generation_stagger_guard128,guard128,cmpl-diag00_a1_s23_llama1b_kv3072_cap12-06_generation_stagger_guard128-r10-0-b8167fbe,49,40,40,128,0,True,5,False
llama1b,3072,12,23,generation,stagger,growth_gate,7055.479405782,diag00_a1_s23_llama1b_kv3072_cap12-06_generation_stagger_guard128,guard128,cmpl-diag00_a1_s23_llama1b_kv3072_cap12-06_generation_stagger_guard128-r10-0-b8167fbe,49,40,40,128,0,True,5,False
llama1b,3072,12,23,generation,stagger,growth_gate,7055.493286189,diag00_a1_s23_llama1b_kv3072_cap12-06_generation_stagger_guard128,guard128,cmpl-diag00_a1_s23_llama1b_kv3072_cap12-06_generation_stagger_guard128-r10-0-b8167fbe,49,40,40,128,0,True,5,False
llama1b,3072,12,23,generation,stagger,growth_gate,7055.507555107,diag00_a1_s23_llama1b_kv3072_cap12-06_generation_stagger_guard128,guard128,cmpl-diag00_a1_s23_llama1b_kv3072_cap12-06_generation_stagger_guard128-r10-0-b8167fbe,49,40,40,128,0,True,5,False
llama1b,3072,12,23,generation,stagger,growth_gate,7055.521332623,diag00_a1_s23_llama1b_kv3072_cap12-06_generation_stagger_guard128,guard128,cmpl-diag00_a1_s23_llama1b_kv3072_cap12-06_generation_stagger_guard128-r10-0-b8167fbe,49,40,40,128,0,True,5,False
llama1b,3072,12,23,generation,stagger,growth_gate,7055.535685738,diag00_a1_s23_llama1b_kv3072_cap12-06_generation_stagger_guard128,guard128,cmpl-diag00_a1_s23_llama1b_kv3072_cap12-06_generation_stagger_guard128-r10-0-b8167fbe,49,40,40,128,0,True,5,False
llama1b,3072,12,23,generation,stagger,growth_gate,7055.548412189,diag00_a1_s23_llama1b_kv3072_cap12-06_generation_stagger_guard128,guard128,cmpl-diag00_a1_s23_llama1b_kv3072_cap12-06_generation_stagger_guard128-r10-0-b8167fbe,49,40,40,128,0,True,5,False
llama1b,3072,12,23,generation,stagger,growth_gate,7055.562089593,diag00_a1_s23_llama1b_kv3072_cap12-06_generation_stagger_guard128,guard128,cmpl-diag00_a1_s23_llama1b_kv3072_cap12-06_generation_stagger_guard128-r10-0-b8167fbe,47,40,40,128,0,True,5,False
llama1b,3072,12,23,generation,stagger,growth_gate,7055.575932232,diag00_a1_s23_llama1b_kv3072_cap12-06_generation_stagger_guard128,guard128,cmpl-diag00_a1_s23_llama1b_kv3072_cap12-06_generation_stagger_guard128-r10-0-b8167fbe,47,40,40,128,0,True,5,False
llama1b,3072,12,23,generation,stagger,growth_gate,7055.590266766,diag00_a1_s23_llama1b_kv3072_cap12-06_generation_stagger_guard128,guard128,cmpl-diag00_a1_s23_llama1b_kv3072_cap12-06_generation_stagger_guard128-r10-0-b8167fbe,47,40,40,128,0,True,5,False
llama1b,3072,12,23,generation,stagger,growth_gate,7055.604168415,diag00_a1_s23_llama1b_kv3072_cap12-06_generation_stagger_guard128,guard128,cmpl-diag00_a1_s23_llama1b_kv3072_cap12-06_generation_stagger_guard128-r10-0-b8167fbe,47,40,40,128,0,True,5,False
llama1b,3072,12,23,generation,stagger,growth_gate,7055.617638945,diag00_a1_s23_llama1b_kv3072_cap12-06_generation_stagger_guard128,guard128,cmpl-diag00_a1_s23_llama1b_kv3072_cap12-06_generation_stagger_guard128-r10-0-b8167fbe,47,40,40,128,0,True,5,False
llama1b,3072,12,23,generation,stagger,growth_gate,7055.631025469,diag00_a1_s23_llama1b_kv3072_cap12-06_generation_stagger_guard128,guard128,cmpl-diag00_a1_s23_llama1b_kv3072_cap12-06_generation_stagger_guard128-r10-0-b8167fbe,47,40,40,128,0,True,5,False
llama1b,3072,12,23,generation,stagger,growth_gate,7055.643827493,diag00_a1_s23_llama1b_kv3072_cap12-06_generation_stagger_guard128,guard128,cmpl-diag00_a1_s23_llama1b_kv3072_cap12-06_generation_stagger_guard128-r10-0-b8167fbe,47,40,40,128,0,True,5,False
llama1b,3072,12,23,generation,stagger,growth_gate,7055.657905481,diag00_a1_s23_llama1b_kv3072_cap12-06_generation_stagger_guard128,guard128,cmpl-diag00_a1_s23_llama1b_kv3072_cap12-06_generation_stagger_guard128-r10-0-b8167fbe,45,40,40,128,0,True,5,False
llama1b,3072,12,23,generation,stagger,growth_gate,7055.671793415,diag00_a1_s23_llama1b_kv3072_cap12-06_generation_stagger_guard128,guard128,cmpl-diag00_a1_s23_llama1b_kv3072_cap12-06_generation_stagger_guard128-r10-0-b8167fbe,45,40,40,128,0,True,5,False
llama1b,3072,12,23,generation,stagger,growth_gate,7055.686157893,diag00_a1_s23_llama1b_kv3072_cap12-06_generation_stagger_guard128,guard128,cmpl-diag00_a1_s23_llama1b_kv3072_cap12-06_generation_stagger_guard128-r10-0-b8167fbe,44,40,40,128,0,True,5,False
llama1b,3072,12,23,generation,stagger,growth_gate,7055.702186706,diag00_a1_s23_llama1b_kv3072_cap12-06_generation_stagger_guard128,guard128,cmpl-diag00_a1_s23_llama1b_kv3072_cap12-06_generation_stagger_guard128-r10-0-b8167fbe,44,40,40,128,0,True,5,False
llama1b,3072,12,23,generation,stagger,growth_gate,7055.714560956,diag00_a1_s23_llama1b_kv3072_cap12-06_generation_stagger_guard128,guard128,cmpl-diag00_a1_s23_llama1b_kv3072_cap12-06_generation_stagger_guard128-r10-0-b8167fbe,44,40,40,128,0,True,5,False
llama1b,3072,12,23,generation,stagger,growth_gate,7055.728283181,diag00_a1_s23_llama1b_kv3072_cap12-06_generation_stagger_guard128,guard128,cmpl-diag00_a1_s23_llama1b_kv3072_cap12-06_generation_stagger_guard128-r10-0-b8167fbe,44,40,40,128,0,True,5,False
llama1b,3072,12,23,generation,stagger,growth_gate,7055.743847253,diag00_a1_s23_llama1b_kv3072_cap12-06_generation_stagger_guard128,guard128,cmpl-diag00_a1_s23_llama1b_kv3072_cap12-06_generation_stagger_guard128-r10-0-b8167fbe,44,40,40,128,0,True,5,False
llama1b,3072,12,23,generation,stagger,growth_gate,7055.756586136,diag00_a1_s23_llama1b_kv3072_cap12-06_generation_stagger_guard128,guard128,cmpl-diag00_a1_s23_llama1b_kv3072_cap12-06_generation_stagger_guard128-r10-0-b8167fbe,44,40,40,128,0,True,5,False
llama1b,3072,12,23,generation,stagger,growth_gate,7055.770503643,diag00_a1_s23_llama1b_kv3072_cap12-06_generation_stagger_guard128,guard128,cmpl-diag00_a1_s23_llama1b_kv3072_cap12-06_generation_stagger_guard128-r10-0-b8167fbe,44,40,40,128,0,True,5,False
llama1b,3072,12,23,generation,stagger,growth_gate,7055.784363062,diag00_a1_s23_llama1b_kv3072_cap12-06_generation_stagger_guard128,guard128,cmpl-diag00_a1_s23_llama1b_kv3072_cap12-06_generation_stagger_guard128-r10-0-b8167fbe,42,40,40,128,0,True,5,False
llama1b,3072,12,23,generation,stagger,growth_gate,7055.798700372,diag00_a1_s23_llama1b_kv3072_cap12-06_generation_stagger_guard128,guard128,cmpl-diag00_a1_s23_llama1b_kv3072_cap12-06_generation_stagger_guard128-r10-0-b8167fbe,42,40,40,128,0,True,5,False
llama1b,3072,12,23,generation,stagger,growth_gate,7055.813519694,diag00_a1_s23_llama1b_kv3072_cap12-06_generation_stagger_guard128,guard128,cmpl-diag00_a1_s23_llama1b_kv3072_cap12-06_generation_stagger_guard128-r10-0-b8167fbe,42,40,40,128,0,True,5,False
llama1b,3072,12,23,generation,stagger,growth_gate,7055.825272183,diag00_a1_s23_llama1b_kv3072_cap12-06_generation_stagger_guard128,guard128,cmpl-diag00_a1_s23_llama1b_kv3072_cap12-06_generation_stagger_guard128-r10-0-b8167fbe,42,40,40,128,0,True,5,False
llama1b,3072,12,23,generation,stagger,growth_gate,7055.838716632,diag00_a1_s23_llama1b_kv3072_cap12-06_generation_stagger_guard128,guard128,cmpl-diag00_a1_s23_llama1b_kv3072_cap12-06_generation_stagger_guard128-r10-0-b8167fbe,42,40,40,128,0,True,5,False
llama1b,3072,12,23,generation,stagger,growth_gate,7055.852491268,diag00_a1_s23_llama1b_kv3072_cap12-06_generation_stagger_guard128,guard128,cmpl-diag00_a1_s23_llama1b_kv3072_cap12-06_generation_stagger_guard128-r10-0-b8167fbe,42,40,40,128,0,True,5,False
llama1b,3072,12,23,generation,stagger,growth_gate,7055.867650754,diag00_a1_s23_llama1b_kv3072_cap12-06_generation_stagger_guard128,guard128,cmpl-diag00_a1_s23_llama1b_kv3072_cap12-06_generation_stagger_guard128-r10-0-b8167fbe,42,40,40,128,0,True,5,False
llama1b,3072,12,23,generation,stagger,growth_gate,7055.880116954,diag00_a1_s23_llama1b_kv3072_cap12-06_generation_stagger_guard128,guard128,cmpl-diag00_a1_s23_llama1b_kv3072_cap12-06_generation_stagger_guard128-r10-0-b8167fbe,40,40,40,128,0,True,5,False
llama1b,3072,12,23,generation,stagger,growth_gate,7055.89676995,diag00_a1_s23_llama1b_kv3072_cap12-06_generation_stagger_guard128,guard128,cmpl-diag00_a1_s23_llama1b_kv3072_cap12-06_generation_stagger_guard128-r10-0-b8167fbe,40,40,40,128,0,True,5,False
llama1b,3072,12,23,generation,stagger,growth_gate,7055.908223452,diag00_a1_s23_llama1b_kv3072_cap12-06_generation_stagger_guard128,guard128,cmpl-diag00_a1_s23_llama1b_kv3072_cap12-06_generation_stagger_guard128-r10-0-b8167fbe,39,40,40,128,0,True,5,False
llama1b,3072,12,23,generation,stagger,growth_gate,7055.922369623,diag00_a1_s23_llama1b_kv3072_cap12-06_generation_stagger_guard128,guard128,cmpl-diag00_a1_s23_llama1b_kv3072_cap12-06_generation_stagger_guard128-r10-0-b8167fbe,39,40,40,128,0,True,5,False
llama1b,3072,12,23,generation,stagger,growth_gate,7055.934993419,diag00_a1_s23_llama1b_kv3072_cap12-06_generation_stagger_guard128,guard128,cmpl-diag00_a1_s23_llama1b_kv3072_cap12-06_generation_stagger_guard128-r10-0-b8167fbe,39,40,40,128,0,True,5,False
llama1b,3072,12,23,generation,stagger,growth_gate,7055.951376676,diag00_a1_s23_llama1b_kv3072_cap12-06_generation_stagger_guard128,guard128,cmpl-diag00_a1_s23_llama1b_kv3072_cap12-06_generation_stagger_guard128-r10-0-b8167fbe,39,40,40,128,0,True,5,False
llama1b,3072,12,23,generation,stagger,growth_gate,7055.965193599,diag00_a1_s23_llama1b_kv3072_cap12-06_generation_stagger_guard128,guard128,cmpl-diag00_a1_s23_llama1b_kv3072_cap12-06_generation_stagger_guard128-r10-0-b8167fbe,39,40,40,128,0,True,5,False
llama1b,3072,12,23,generation,stagger,growth_gate,7055.978338699,diag00_a1_s23_llama1b_kv3072_cap12-06_generation_stagger_guard128,guard128,cmpl-diag00_a1_s23_llama1b_kv3072_cap12-06_generation_stagger_guard128-r10-0-b8167fbe,39,40,40,128,0,True,5,False
llama1b,3072,12,23,generation,stagger,growth_gate,7055.991357629,diag00_a1_s23_llama1b_kv3072_cap12-06_generation_stagger_guard128,guard128,cmpl-diag00_a1_s23_llama1b_kv3072_cap12-06_generation_stagger_guard128-r10-0-b8167fbe,39,40,40,128,0,True,5,False
llama1b,3072,12,23,generation,stagger,growth_gate,7056.007229805,diag00_a1_s23_llama1b_kv3072_cap12-06_generation_stagger_guard128,guard128,cmpl-diag00_a1_s23_llama1b_kv3072_cap12-06_generation_stagger_guard128-r10-0-b8167fbe,87,24,40,128,0,False,3,False
llama1b,3072,12,23,generation,stagger,growth_gate,7056.534261884,diag00_a1_s23_llama1b_kv3072_cap12-06_generation_stagger_guard128,guard128,cmpl-diag00_a1_s23_llama1b_kv3072_cap12-06_generation_stagger_guard128-r11-0-b37be097,46,32,24,128,0,True,4,False
llama1b,3072,12,23,generation,stagger,growth_gate,7056.548417988,diag00_a1_s23_llama1b_kv3072_cap12-06_generation_stagger_guard128,guard128,cmpl-diag00_a1_s23_llama1b_kv3072_cap12-06_generation_stagger_guard128-r11-0-b37be097,46,32,24,128,0,True,4,False
llama1b,3072,12,23,generation,stagger,growth_gate,7056.561074754,diag00_a1_s23_llama1b_kv3072_cap12-06_generation_stagger_guard128,guard128,cmpl-diag00_a1_s23_llama1b_kv3072_cap12-06_generation_stagger_guard128-r11-0-b37be097,46,32,24,128,0,True,4,False
llama1b,3072,12,23,generation,stagger,growth_gate,7056.574706608,diag00_a1_s23_llama1b_kv3072_cap12-06_generation_stagger_guard128,guard128,cmpl-diag00_a1_s23_llama1b_kv3072_cap12-06_generation_stagger_guard128-r11-0-b37be097,46,32,24,128,0,True,4,False
llama1b,3072,12,23,generation,stagger,growth_gate,7056.588175009,diag00_a1_s23_llama1b_kv3072_cap12-06_generation_stagger_guard128,guard128,cmpl-diag00_a1_s23_llama1b_kv3072_cap12-06_generation_stagger_guard128-r11-0-b37be097,44,32,24,128,0,True,4,False
llama1b,3072,12,23,generation,stagger,growth_gate,7056.602270946,diag00_a1_s23_llama1b_kv3072_cap12-06_generation_stagger_guard128,guard128,cmpl-diag00_a1_s23_llama1b_kv3072_cap12-06_generation_stagger_guard128-r11-0-b37be097,44,32,24,128,0,True,4,False
llama1b,3072,12,23,generation,stagger,growth_gate,7056.617414415,diag00_a1_s23_llama1b_kv3072_cap12-06_generation_stagger_guard128,guard128,cmpl-diag00_a1_s23_llama1b_kv3072_cap12-06_generation_stagger_guard128-r11-0-b37be097,43,32,24,128,0,True,4,False
llama1b,3072,12,23,generation,stagger,growth_gate,7056.6311219,diag00_a1_s23_llama1b_kv3072_cap12-06_generation_stagger_guard128,guard128,cmpl-diag00_a1_s23_llama1b_kv3072_cap12-06_generation_stagger_guard128-r11-0-b37be097,43,32,24,128,0,True,4,False
llama1b,3072,12,23,generation,stagger,growth_gate,7056.643955034,diag00_a1_s23_llama1b_kv3072_cap12-06_generation_stagger_guard128,guard128,cmpl-diag00_a1_s23_llama1b_kv3072_cap12-06_generation_stagger_guard128-r11-0-b37be097,43,32,24,128,0,True,4,False
llama1b,3072,12,23,generation,stagger,growth_gate,7056.657658524,diag00_a1_s23_llama1b_kv3072_cap12-06_generation_stagger_guard128,guard128,cmpl-diag00_a1_s23_llama1b_kv3072_cap12-06_generation_stagger_guard128-r11-0-b37be097,43,32,24,128,0,True,4,False
llama1b,3072,12,23,generation,stagger,growth_gate,7056.67172688,diag00_a1_s23_llama1b_kv3072_cap12-06_generation_stagger_guard128,guard128,cmpl-diag00_a1_s23_llama1b_kv3072_cap12-06_generation_stagger_guard128-r11-0-b37be097,43,32,24,128,0,True,4,False
llama1b,3072,12,23,generation,stagger,growth_gate,7056.685203817,diag00_a1_s23_llama1b_kv3072_cap12-06_generation_stagger_guard128,guard128,cmpl-diag00_a1_s23_llama1b_kv3072_cap12-06_generation_stagger_guard128-r11-0-b37be097,43,32,24,128,0,True,4,False
llama1b,3072,12,23,generation,stagger,growth_gate,7056.69914685,diag00_a1_s23_llama1b_kv3072_cap12-06_generation_stagger_guard128,guard128,cmpl-diag00_a1_s23_llama1b_kv3072_cap12-06_generation_stagger_guard128-r11-0-b37be097,43,32,24,128,0,True,4,False
llama1b,3072,12,23,generation,stagger,growth_gate,7056.714400192,diag00_a1_s23_llama1b_kv3072_cap12-06_generation_stagger_guard128,guard128,cmpl-diag00_a1_s23_llama1b_kv3072_cap12-06_generation_stagger_guard128-r11-0-b37be097,43,32,24,128,0,True,4,False
llama1b,3072,12,23,generation,stagger,growth_gate,7056.726668384,diag00_a1_s23_llama1b_kv3072_cap12-06_generation_stagger_guard128,guard128,cmpl-diag00_a1_s23_llama1b_kv3072_cap12-06_generation_stagger_guard128-r11-0-b37be097,42,32,24,128,0,True,4,False
llama1b,3072,12,23,generation,stagger,growth_gate,7056.739812708,diag00_a1_s23_llama1b_kv3072_cap12-06_generation_stagger_guard128,guard128,cmpl-diag00_a1_s23_llama1b_kv3072_cap12-06_generation_stagger_guard128-r11-0-b37be097,42,32,24,128,0,True,4,False
llama1b,3072,12,23,generation,stagger,growth_gate,7056.752924332,diag00_a1_s23_llama1b_kv3072_cap12-06_generation_stagger_guard128,guard128,cmpl-diag00_a1_s23_llama1b_kv3072_cap12-06_generation_stagger_guard128-r11-0-b37be097,42,32,24,128,0,True,4,False
llama1b,3072,12,23,generation,stagger,growth_gate,7056.767345124,diag00_a1_s23_llama1b_kv3072_cap12-06_generation_stagger_guard128,guard128,cmpl-diag00_a1_s23_llama1b_kv3072_cap12-06_generation_stagger_guard128-r11-0-b37be097,42,32,24,128,0,True,4,False
llama1b,3072,12,23,generation,stagger,growth_gate,7056.77983441,diag00_a1_s23_llama1b_kv3072_cap12-06_generation_stagger_guard128,guard128,cmpl-diag00_a1_s23_llama1b_kv3072_cap12-06_generation_stagger_guard128-r11-0-b37be097,42,32,24,128,0,True,4,False
llama1b,3072,12,23,generation,stagger,growth_gate,7056.793534877,diag00_a1_s23_llama1b_kv3072_cap12-06_generation_stagger_guard128,guard128,cmpl-diag00_a1_s23_llama1b_kv3072_cap12-06_generation_stagger_guard128-r11-0-b37be097,42,32,24,128,0,True,4,False
llama1b,3072,12,23,generation,stagger,growth_gate,7056.807132633,diag00_a1_s23_llama1b_kv3072_cap12-06_generation_stagger_guard128,guard128,cmpl-diag00_a1_s23_llama1b_kv3072_cap12-06_generation_stagger_guard128-r11-0-b37be097,40,32,24,128,0,True,4,False
llama1b,3072,12,23,generation,stagger,growth_gate,7056.821412947,diag00_a1_s23_llama1b_kv3072_cap12-06_generation_stagger_guard128,guard128,cmpl-diag00_a1_s23_llama1b_kv3072_cap12-06_generation_stagger_guard128-r11-0-b37be097,40,32,24,128,0,True,4,False
llama1b,3072,12,23,generation,stagger,growth_gate,7056.835584575,diag00_a1_s23_llama1b_kv3072_cap12-06_generation_stagger_guard128,guard128,cmpl-diag00_a1_s23_llama1b_kv3072_cap12-06_generation_stagger_guard128-r11-0-b37be097,39,32,24,128,0,True,4,False
llama1b,3072,12,23,generation,stagger,growth_gate,7056.848514182,diag00_a1_s23_llama1b_kv3072_cap12-06_generation_stagger_guard128,guard128,cmpl-diag00_a1_s23_llama1b_kv3072_cap12-06_generation_stagger_guard128-r11-0-b37be097,39,32,24,128,0,True,4,False
llama1b,3072,12,23,generation,stagger,growth_gate,7056.862320925,diag00_a1_s23_llama1b_kv3072_cap12-06_generation_stagger_guard128,guard128,cmpl-diag00_a1_s23_llama1b_kv3072_cap12-06_generation_stagger_guard128-r11-0-b37be097,39,32,24,128,0,True,4,False
llama1b,3072,12,23,generation,stagger,growth_gate,7056.877290346,diag00_a1_s23_llama1b_kv3072_cap12-06_generation_stagger_guard128,guard128,cmpl-diag00_a1_s23_llama1b_kv3072_cap12-06_generation_stagger_guard128-r11-0-b37be097,39,32,24,128,0,True,4,False
llama1b,3072,12,23,generation,stagger,growth_gate,7056.889476544,diag00_a1_s23_llama1b_kv3072_cap12-06_generation_stagger_guard128,guard128,cmpl-diag00_a1_s23_llama1b_kv3072_cap12-06_generation_stagger_guard128-r11-0-b37be097,39,32,24,128,0,True,4,False
llama1b,3072,12,23,generation,stagger,growth_gate,7056.903484904,diag00_a1_s23_llama1b_kv3072_cap12-06_generation_stagger_guard128,guard128,cmpl-diag00_a1_s23_llama1b_kv3072_cap12-06_generation_stagger_guard128-r11-0-b37be097,39,32,24,128,0,True,4,False
llama1b,3072,12,23,generation,stagger,growth_gate,7056.919942012,diag00_a1_s23_llama1b_kv3072_cap12-06_generation_stagger_guard128,guard128,cmpl-diag00_a1_s23_llama1b_kv3072_cap12-06_generation_stagger_guard128-r11-0-b37be097,39,32,24,128,0,True,4,False
llama1b,3072,12,23,generation,stagger,growth_gate,7056.932263395,diag00_a1_s23_llama1b_kv3072_cap12-06_generation_stagger_guard128,guard128,cmpl-diag00_a1_s23_llama1b_kv3072_cap12-06_generation_stagger_guard128-r11-0-b37be097,39,32,24,128,0,True,4,False
llama1b,3072,12,23,generation,stagger,growth_gate,7056.946207234,diag00_a1_s23_llama1b_kv3072_cap12-06_generation_stagger_guard128,guard128,cmpl-diag00_a1_s23_llama1b_kv3072_cap12-06_generation_stagger_guard128-r11-0-b37be097,38,32,24,128,0,True,4,False
llama1b,3072,12,23,generation,stagger,growth_gate,7056.959956573,diag00_a1_s23_llama1b_kv3072_cap12-06_generation_stagger_guard128,guard128,cmpl-diag00_a1_s23_llama1b_kv3072_cap12-06_generation_stagger_guard128-r11-0-b37be097,38,32,24,128,0,True,4,False
llama1b,3072,12,23,generation,stagger,growth_gate,7056.974011269,diag00_a1_s23_llama1b_kv3072_cap12-06_generation_stagger_guard128,guard128,cmpl-diag00_a1_s23_llama1b_kv3072_cap12-06_generation_stagger_guard128-r11-0-b37be097,38,32,24,128,0,True,4,False
llama1b,3072,12,23,generation,stagger,growth_gate,7056.98728478,diag00_a1_s23_llama1b_kv3072_cap12-06_generation_stagger_guard128,guard128,cmpl-diag00_a1_s23_llama1b_kv3072_cap12-06_generation_stagger_guard128-r11-0-b37be097,38,32,24,128,0,True,4,False
llama1b,3072,12,23,generation,stagger,growth_gate,7057.000502077,diag00_a1_s23_llama1b_kv3072_cap12-06_generation_stagger_guard128,guard128,cmpl-diag00_a1_s23_llama1b_kv3072_cap12-06_generation_stagger_guard128-r11-0-b37be097,38,32,24,128,0,True,4,False
llama1b,3072,12,23,generation,stagger,growth_gate,7057.014247351,diag00_a1_s23_llama1b_kv3072_cap12-06_generation_stagger_guard128,guard128,cmpl-diag00_a1_s23_llama1b_kv3072_cap12-06_generation_stagger_guard128-r11-0-b37be097,38,32,24,128,0,True,4,False
llama1b,3072,12,23,generation,stagger,growth_gate,7057.028289553,diag00_a1_s23_llama1b_kv3072_cap12-06_generation_stagger_guard128,guard128,cmpl-diag00_a1_s23_llama1b_kv3072_cap12-06_generation_stagger_guard128-r11-0-b37be097,36,32,24,128,0,True,4,False
llama1b,3072,12,23,generation,stagger,growth_gate,7057.04164527,diag00_a1_s23_llama1b_kv3072_cap12-06_generation_stagger_guard128,guard128,cmpl-diag00_a1_s23_llama1b_kv3072_cap12-06_generation_stagger_guard128-r11-0-b37be097,36,32,24,128,0,True,4,False
llama1b,3072,12,23,generation,stagger,growth_gate,7057.055720083,diag00_a1_s23_llama1b_kv3072_cap12-06_generation_stagger_guard128,guard128,cmpl-diag00_a1_s23_llama1b_kv3072_cap12-06_generation_stagger_guard128-r11-0-b37be097,35,32,24,128,0,True,4,False
llama1b,3072,12,23,generation,stagger,growth_gate,7057.070866905,diag00_a1_s23_llama1b_kv3072_cap12-06_generation_stagger_guard128,guard128,cmpl-diag00_a1_s23_llama1b_kv3072_cap12-06_generation_stagger_guard128-r11-0-b37be097,35,32,24,128,0,True,4,False
llama1b,3072,12,23,generation,stagger,growth_gate,7057.08589332,diag00_a1_s23_llama1b_kv3072_cap12-06_generation_stagger_guard128,guard128,cmpl-diag00_a1_s23_llama1b_kv3072_cap12-06_generation_stagger_guard128-r11-0-b37be097,35,32,24,128,0,True,4,False
llama1b,3072,12,23,generation,stagger,growth_gate,7057.100654287,diag00_a1_s23_llama1b_kv3072_cap12-06_generation_stagger_guard128,guard128,cmpl-diag00_a1_s23_llama1b_kv3072_cap12-06_generation_stagger_guard128-r11-0-b37be097,35,32,24,128,0,True,4,False
llama1b,3072,12,23,generation,stagger,growth_gate,7057.113263589,diag00_a1_s23_llama1b_kv3072_cap12-06_generation_stagger_guard128,guard128,cmpl-diag00_a1_s23_llama1b_kv3072_cap12-06_generation_stagger_guard128-r11-0-b37be097,35,32,24,128,0,True,4,False
llama1b,3072,12,23,generation,stagger,growth_gate,7057.127116134,diag00_a1_s23_llama1b_kv3072_cap12-06_generation_stagger_guard128,guard128,cmpl-diag00_a1_s23_llama1b_kv3072_cap12-06_generation_stagger_guard128-r11-0-b37be097,35,32,24,128,0,True,4,False
llama1b,3072,12,23,generation,stagger,growth_gate,7057.141536074,diag00_a1_s23_llama1b_kv3072_cap12-06_generation_stagger_guard128,guard128,cmpl-diag00_a1_s23_llama1b_kv3072_cap12-06_generation_stagger_guard128-r11-0-b37be097,35,32,24,128,0,True,4,False
llama1b,3072,12,23,generation,stagger,growth_gate,7057.154102792,diag00_a1_s23_llama1b_kv3072_cap12-06_generation_stagger_guard128,guard128,cmpl-diag00_a1_s23_llama1b_kv3072_cap12-06_generation_stagger_guard128-r11-0-b37be097,35,32,24,128,0,True,4,False
llama1b,3072,12,23,generation,stagger,growth_gate,7057.168572028,diag00_a1_s23_llama1b_kv3072_cap12-06_generation_stagger_guard128,guard128,cmpl-diag00_a1_s23_llama1b_kv3072_cap12-06_generation_stagger_guard128-r11-0-b37be097,34,32,24,128,0,True,4,False
llama1b,3072,12,23,generation,stagger,growth_gate,7057.183322094,diag00_a1_s23_llama1b_kv3072_cap12-06_generation_stagger_guard128,guard128,cmpl-diag00_a1_s23_llama1b_kv3072_cap12-06_generation_stagger_guard128-r11-0-b37be097,34,32,24,128,0,True,4,False
llama1b,3072,12,23,generation,stagger,growth_gate,7057.196832951,diag00_a1_s23_llama1b_kv3072_cap12-06_generation_stagger_guard128,guard128,cmpl-diag00_a1_s23_llama1b_kv3072_cap12-06_generation_stagger_guard128-r11-0-b37be097,34,32,24,128,0,True,4,False
llama1b,3072,12,23,generation,stagger,growth_gate,7057.2114951,diag00_a1_s23_llama1b_kv3072_cap12-06_generation_stagger_guard128,guard128,cmpl-diag00_a1_s23_llama1b_kv3072_cap12-06_generation_stagger_guard128-r11-0-b37be097,34,32,24,128,0,True,4,False
llama1b,3072,12,23,generation,stagger,growth_gate,7057.226558106,diag00_a1_s23_llama1b_kv3072_cap12-06_generation_stagger_guard128,guard128,cmpl-diag00_a1_s23_llama1b_kv3072_cap12-06_generation_stagger_guard128-r11-0-b37be097,34,32,24,128,0,True,4,False
llama1b,3072,12,23,generation,stagger,growth_gate,7057.240357436,diag00_a1_s23_llama1b_kv3072_cap12-06_generation_stagger_guard128,guard128,cmpl-diag00_a1_s23_llama1b_kv3072_cap12-06_generation_stagger_guard128-r11-0-b37be097,34,32,24,128,0,True,4,False
llama1b,3072,12,23,generation,stagger,growth_gate,7057.254509018,diag00_a1_s23_llama1b_kv3072_cap12-06_generation_stagger_guard128,guard128,cmpl-diag00_a1_s23_llama1b_kv3072_cap12-06_generation_stagger_guard128-r11-0-b37be097,32,32,24,128,0,True,4,False
llama1b,3072,12,23,generation,stagger,growth_gate,7057.268284624,diag00_a1_s23_llama1b_kv3072_cap12-06_generation_stagger_guard128,guard128,cmpl-diag00_a1_s23_llama1b_kv3072_cap12-06_generation_stagger_guard128-r11-0-b37be097,32,32,24,128,0,True,4,False
llama1b,3072,12,23,generation,stagger,growth_gate,7057.281867069,diag00_a1_s23_llama1b_kv3072_cap12-06_generation_stagger_guard128,guard128,cmpl-diag00_a1_s23_llama1b_kv3072_cap12-06_generation_stagger_guard128-r11-0-b37be097,31,32,24,128,0,True,4,False
llama1b,3072,12,23,generation,stagger,growth_gate,7057.295998676,diag00_a1_s23_llama1b_kv3072_cap12-06_generation_stagger_guard128,guard128,cmpl-diag00_a1_s23_llama1b_kv3072_cap12-06_generation_stagger_guard128-r11-0-b37be097,31,32,24,128,0,True,4,False
llama1b,3072,12,23,generation,stagger,growth_gate,7057.309572741,diag00_a1_s23_llama1b_kv3072_cap12-06_generation_stagger_guard128,guard128,cmpl-diag00_a1_s23_llama1b_kv3072_cap12-06_generation_stagger_guard128-r11-0-b37be097,31,32,24,128,0,True,4,False
llama1b,3072,12,23,generation,stagger,growth_gate,7057.323562413,diag00_a1_s23_llama1b_kv3072_cap12-06_generation_stagger_guard128,guard128,cmpl-diag00_a1_s23_llama1b_kv3072_cap12-06_generation_stagger_guard128-r11-0-b37be097,31,32,24,128,0,True,4,False
llama1b,3072,12,23,generation,stagger,growth_gate,7057.336923085,diag00_a1_s23_llama1b_kv3072_cap12-06_generation_stagger_guard128,guard128,cmpl-diag00_a1_s23_llama1b_kv3072_cap12-06_generation_stagger_guard128-r11-0-b37be097,31,32,24,128,0,True,4,False
llama1b,3072,12,23,generation,stagger,growth_gate,7057.351696776,diag00_a1_s23_llama1b_kv3072_cap12-06_generation_stagger_guard128,guard128,cmpl-diag00_a1_s23_llama1b_kv3072_cap12-06_generation_stagger_guard128-r11-0-b37be097,31,32,24,128,0,True,4,False
llama1b,3072,12,23,generation,stagger,growth_gate,7057.365166337,diag00_a1_s23_llama1b_kv3072_cap12-06_generation_stagger_guard128,guard128,cmpl-diag00_a1_s23_llama1b_kv3072_cap12-06_generation_stagger_guard128-r11-0-b37be097,31,32,24,128,0,True,4,False
llama1b,3072,12,23,generation,stagger,growth_gate,7057.378634025,diag00_a1_s23_llama1b_kv3072_cap12-06_generation_stagger_guard128,guard128,cmpl-diag00_a1_s23_llama1b_kv3072_cap12-06_generation_stagger_guard128-r11-0-b37be097,31,32,24,128,0,True,4,False
llama1b,3072,12,23,generation,stagger,growth_gate,7057.391876674,diag00_a1_s23_llama1b_kv3072_cap12-06_generation_stagger_guard128,guard128,cmpl-diag00_a1_s23_llama1b_kv3072_cap12-06_generation_stagger_guard128-r11-0-b37be097,30,32,24,128,0,True,4,False
llama1b,3072,12,23,generation,stagger,growth_gate,7057.405743719,diag00_a1_s23_llama1b_kv3072_cap12-06_generation_stagger_guard128,guard128,cmpl-diag00_a1_s23_llama1b_kv3072_cap12-06_generation_stagger_guard128-r11-0-b37be097,30,32,24,128,0,True,4,False
llama1b,3072,12,23,generation,stagger,growth_gate,7057.420363337,diag00_a1_s23_llama1b_kv3072_cap12-06_generation_stagger_guard128,guard128,cmpl-diag00_a1_s23_llama1b_kv3072_cap12-06_generation_stagger_guard128-r11-0-b37be097,30,32,24,128,0,True,4,False
llama1b,3072,12,23,generation,stagger,growth_gate,7057.434136415,diag00_a1_s23_llama1b_kv3072_cap12-06_generation_stagger_guard128,guard128,cmpl-diag00_a1_s23_llama1b_kv3072_cap12-06_generation_stagger_guard128-r11-0-b37be097,30,32,24,128,0,True,4,False
llama1b,3072,12,23,generation,stagger,growth_gate,7057.448251398,diag00_a1_s23_llama1b_kv3072_cap12-06_generation_stagger_guard128,guard128,cmpl-diag00_a1_s23_llama1b_kv3072_cap12-06_generation_stagger_guard128-r11-0-b37be097,30,32,24,128,0,True,4,False
llama1b,3072,12,23,generation,stagger,growth_gate,7057.460800709,diag00_a1_s23_llama1b_kv3072_cap12-06_generation_stagger_guard128,guard128,cmpl-diag00_a1_s23_llama1b_kv3072_cap12-06_generation_stagger_guard128-r11-0-b37be097,30,32,24,128,0,True,4,False
llama1b,3072,12,23,generation,stagger,growth_gate,7057.474814788,diag00_a1_s23_llama1b_kv3072_cap12-06_generation_stagger_guard128,guard128,cmpl-diag00_a1_s23_llama1b_kv3072_cap12-06_generation_stagger_guard128-r11-0-b37be097,28,32,24,128,0,True,4,False
llama1b,3072,12,23,generation,stagger,growth_gate,7057.490005861,diag00_a1_s23_llama1b_kv3072_cap12-06_generation_stagger_guard128,guard128,cmpl-diag00_a1_s23_llama1b_kv3072_cap12-06_generation_stagger_guard128-r11-0-b37be097,28,32,24,128,0,True,4,False
llama1b,3072,12,23,generation,stagger,growth_gate,7057.502330926,diag00_a1_s23_llama1b_kv3072_cap12-06_generation_stagger_guard128,guard128,cmpl-diag00_a1_s23_llama1b_kv3072_cap12-06_generation_stagger_guard128-r11-0-b37be097,84,24,24,128,0,False,3,False
llama1b,3072,12,23,long,burst,growth_gate,7066.741813052,diag00_a1_s23_llama1b_kv3072_cap12-07_long_burst_guard_fast,guard_fast,cmpl-diag00_a1_s23_llama1b_kv3072_cap12-07_long_burst_guard_fast-r0-0-b97559ce,191,0,24,128,0,False,0,True
llama1b,3072,12,23,long,burst,growth_gate,7066.803431127,diag00_a1_s23_llama1b_kv3072_cap12-07_long_burst_guard_fast,guard_fast,cmpl-diag00_a1_s23_llama1b_kv3072_cap12-07_long_burst_guard_fast-r1-0-aa8cf7c9,174,8,24,128,0,False,1,False
llama1b,3072,12,23,long,burst,growth_gate,7066.856519021,diag00_a1_s23_llama1b_kv3072_cap12-07_long_burst_guard_fast,guard_fast,cmpl-diag00_a1_s23_llama1b_kv3072_cap12-07_long_burst_guard_fast-r2-0-8d5944dd,157,16,16,128,0,False,2,False
llama1b,3072,12,23,long,burst,growth_gate,7066.894328437,diag00_a1_s23_llama1b_kv3072_cap12-07_long_burst_guard_fast,guard_fast,cmpl-diag00_a1_s23_llama1b_kv3072_cap12-07_long_burst_guard_fast-r3-0-b48c3ff2,148,24,40,128,0,False,3,False
llama1b,3072,12,23,long,burst,growth_gate,7066.972329987,diag00_a1_s23_llama1b_kv3072_cap12-07_long_burst_guard_fast,guard_fast,cmpl-diag00_a1_s23_llama1b_kv3072_cap12-07_long_burst_guard_fast-r4-0-a1cc53a1,115,32,16,128,0,False,4,False
llama1b,3072,12,23,long,burst,growth_gate,7067.008640234,diag00_a1_s23_llama1b_kv3072_cap12-07_long_burst_guard_fast,guard_fast,cmpl-diag00_a1_s23_llama1b_kv3072_cap12-07_long_burst_guard_fast-r5-0-a7ff08c5,106,40,16,128,0,False,5,False
llama1b,3072,12,23,long,burst,growth_gate,7067.047187676,diag00_a1_s23_llama1b_kv3072_cap12-07_long_burst_guard_fast,guard_fast,cmpl-diag00_a1_s23_llama1b_kv3072_cap12-07_long_burst_guard_fast-r6-0-af3a9699,97,48,24,128,0,False,6,False
llama1b,3072,12,23,long,burst,growth_gate,7067.098640008,diag00_a1_s23_llama1b_kv3072_cap12-07_long_burst_guard_fast,guard_fast,cmpl-diag00_a1_s23_llama1b_kv3072_cap12-07_long_burst_guard_fast-r7-0-b1224b67,80,56,40,128,0,True,7,False
llama1b,3072,12,23,long,burst,growth_gate,7067.112304486,diag00_a1_s23_llama1b_kv3072_cap12-07_long_burst_guard_fast,guard_fast,cmpl-diag00_a1_s23_llama1b_kv3072_cap12-07_long_burst_guard_fast-r7-0-b1224b67,79,56,40,128,0,True,7,False
llama1b,3072,12,23,long,burst,growth_gate,7067.125663858,diag00_a1_s23_llama1b_kv3072_cap12-07_long_burst_guard_fast,guard_fast,cmpl-diag00_a1_s23_llama1b_kv3072_cap12-07_long_burst_guard_fast-r7-0-b1224b67,79,56,40,128,0,True,7,False
llama1b,3072,12,23,long,burst,growth_gate,7067.139281152,diag00_a1_s23_llama1b_kv3072_cap12-07_long_burst_guard_fast,guard_fast,cmpl-diag00_a1_s23_llama1b_kv3072_cap12-07_long_burst_guard_fast-r7-0-b1224b67,79,56,40,128,0,True,7,False
llama1b,3072,12,23,long,burst,growth_gate,7067.153459617,diag00_a1_s23_llama1b_kv3072_cap12-07_long_burst_guard_fast,guard_fast,cmpl-diag00_a1_s23_llama1b_kv3072_cap12-07_long_burst_guard_fast-r7-0-b1224b67,79,56,40,128,0,True,7,False
llama1b,3072,12,23,long,burst,growth_gate,7067.167675586,diag00_a1_s23_llama1b_kv3072_cap12-07_long_burst_guard_fast,guard_fast,cmpl-diag00_a1_s23_llama1b_kv3072_cap12-07_long_burst_guard_fast-r7-0-b1224b67,78,56,40,128,0,True,7,False
llama1b,3072,12,23,long,burst,growth_gate,7067.182468737,diag00_a1_s23_llama1b_kv3072_cap12-07_long_burst_guard_fast,guard_fast,cmpl-diag00_a1_s23_llama1b_kv3072_cap12-07_long_burst_guard_fast-r7-0-b1224b67,78,56,40,128,0,True,7,False
llama1b,3072,12,23,long,burst,growth_gate,7067.196685245,diag00_a1_s23_llama1b_kv3072_cap12-07_long_burst_guard_fast,guard_fast,cmpl-diag00_a1_s23_llama1b_kv3072_cap12-07_long_burst_guard_fast-r7-0-b1224b67,77,56,40,128,0,True,7,False
llama1b,3072,12,23,long,burst,growth_gate,7067.213252538,diag00_a1_s23_llama1b_kv3072_cap12-07_long_burst_guard_fast,guard_fast,cmpl-diag00_a1_s23_llama1b_kv3072_cap12-07_long_burst_guard_fast-r7-0-b1224b67,77,56,40,128,0,True,7,False
llama1b,3072,12,23,long,burst,growth_gate,7067.226999114,diag00_a1_s23_llama1b_kv3072_cap12-07_long_burst_guard_fast,guard_fast,cmpl-diag00_a1_s23_llama1b_kv3072_cap12-07_long_burst_guard_fast-r7-0-b1224b67,76,56,40,128,0,True,7,False
llama1b,3072,12,23,long,burst,growth_gate,7067.241192408,diag00_a1_s23_llama1b_kv3072_cap12-07_long_burst_guard_fast,guard_fast,cmpl-diag00_a1_s23_llama1b_kv3072_cap12-07_long_burst_guard_fast-r7-0-b1224b67,76,56,40,128,0,True,7,False
llama1b,3072,12,23,long,burst,growth_gate,7067.256919462,diag00_a1_s23_llama1b_kv3072_cap12-07_long_burst_guard_fast,guard_fast,cmpl-diag00_a1_s23_llama1b_kv3072_cap12-07_long_burst_guard_fast-r7-0-b1224b67,75,56,40,128,0,True,7,False
llama1b,3072,12,23,long,burst,growth_gate,7067.270430618,diag00_a1_s23_llama1b_kv3072_cap12-07_long_burst_guard_fast,guard_fast,cmpl-diag00_a1_s23_llama1b_kv3072_cap12-07_long_burst_guard_fast-r7-0-b1224b67,75,56,40,128,0,True,7,False
llama1b,3072,12,23,long,burst,growth_gate,7067.286813874,diag00_a1_s23_llama1b_kv3072_cap12-07_long_burst_guard_fast,guard_fast,cmpl-diag00_a1_s23_llama1b_kv3072_cap12-07_long_burst_guard_fast-r7-0-b1224b67,74,56,40,128,0,True,7,False
llama1b,3072,12,23,long,burst,growth_gate,7067.301667416,diag00_a1_s23_llama1b_kv3072_cap12-07_long_burst_guard_fast,guard_fast,cmpl-diag00_a1_s23_llama1b_kv3072_cap12-07_long_burst_guard_fast-r7-0-b1224b67,74,56,40,128,0,True,7,False
llama1b,3072,12,23,long,burst,growth_gate,7067.31581826,diag00_a1_s23_llama1b_kv3072_cap12-07_long_burst_guard_fast,guard_fast,cmpl-diag00_a1_s23_llama1b_kv3072_cap12-07_long_burst_guard_fast-r7-0-b1224b67,73,56,40,128,0,True,7,False
llama1b,3072,12,23,long,burst,growth_gate,7067.331137521,diag00_a1_s23_llama1b_kv3072_cap12-07_long_burst_guard_fast,guard_fast,cmpl-diag00_a1_s23_llama1b_kv3072_cap12-07_long_burst_guard_fast-r7-0-b1224b67,73,56,40,128,0,True,7,False
llama1b,3072,12,23,long,burst,growth_gate,7067.345271767,diag00_a1_s23_llama1b_kv3072_cap12-07_long_burst_guard_fast,guard_fast,cmpl-diag00_a1_s23_llama1b_kv3072_cap12-07_long_burst_guard_fast-r7-0-b1224b67,72,56,40,128,0,True,7,False
llama1b,3072,12,23,long,burst,growth_gate,7067.359048527,diag00_a1_s23_llama1b_kv3072_cap12-07_long_burst_guard_fast,guard_fast,cmpl-diag00_a1_s23_llama1b_kv3072_cap12-07_long_burst_guard_fast-r7-0-b1224b67,72,56,40,128,0,True,7,False
llama1b,3072,12,23,long,burst,growth_gate,7067.373163239,diag00_a1_s23_llama1b_kv3072_cap12-07_long_burst_guard_fast,guard_fast,cmpl-diag00_a1_s23_llama1b_kv3072_cap12-07_long_burst_guard_fast-r7-0-b1224b67,72,56,40,128,0,True,7,False
llama1b,3072,12,23,long,burst,growth_gate,7067.387265483,diag00_a1_s23_llama1b_kv3072_cap12-07_long_burst_guard_fast,guard_fast,cmpl-diag00_a1_s23_llama1b_kv3072_cap12-07_long_burst_guard_fast-r7-0-b1224b67,72,56,40,128,0,True,7,False
llama1b,3072,12,23,long,burst,growth_gate,7067.400478865,diag00_a1_s23_llama1b_kv3072_cap12-07_long_burst_guard_fast,guard_fast,cmpl-diag00_a1_s23_llama1b_kv3072_cap12-07_long_burst_guard_fast-r7-0-b1224b67,71,56,40,128,0,True,7,False
llama1b,3072,12,23,long,burst,growth_gate,7067.414736207,diag00_a1_s23_llama1b_kv3072_cap12-07_long_burst_guard_fast,guard_fast,cmpl-diag00_a1_s23_llama1b_kv3072_cap12-07_long_burst_guard_fast-r7-0-b1224b67,71,56,40,128,0,True,7,False
llama1b,3072,12,23,long,burst,growth_gate,7067.428429895,diag00_a1_s23_llama1b_kv3072_cap12-07_long_burst_guard_fast,guard_fast,cmpl-diag00_a1_s23_llama1b_kv3072_cap12-07_long_burst_guard_fast-r7-0-b1224b67,70,56,40,128,0,True,7,False
llama1b,3072,12,23,long,burst,growth_gate,7067.44380206,diag00_a1_s23_llama1b_kv3072_cap12-07_long_burst_guard_fast,guard_fast,cmpl-diag00_a1_s23_llama1b_kv3072_cap12-07_long_burst_guard_fast-r7-0-b1224b67,70,56,40,128,0,True,7,False
llama1b,3072,12,23,long,burst,growth_gate,7067.457009352,diag00_a1_s23_llama1b_kv3072_cap12-07_long_burst_guard_fast,guard_fast,cmpl-diag00_a1_s23_llama1b_kv3072_cap12-07_long_burst_guard_fast-r7-0-b1224b67,69,56,40,128,0,True,7,False
llama1b,3072,12,23,long,burst,growth_gate,7067.471268558,diag00_a1_s23_llama1b_kv3072_cap12-07_long_burst_guard_fast,guard_fast,cmpl-diag00_a1_s23_llama1b_kv3072_cap12-07_long_burst_guard_fast-r7-0-b1224b67,69,56,40,128,0,True,7,False
llama1b,3072,12,23,long,burst,growth_gate,7067.484962764,diag00_a1_s23_llama1b_kv3072_cap12-07_long_burst_guard_fast,guard_fast,cmpl-diag00_a1_s23_llama1b_kv3072_cap12-07_long_burst_guard_fast-r7-0-b1224b67,68,56,40,128,0,True,7,False
llama1b,3072,12,23,long,burst,growth_gate,7067.498366321,diag00_a1_s23_llama1b_kv3072_cap12-07_long_burst_guard_fast,guard_fast,cmpl-diag00_a1_s23_llama1b_kv3072_cap12-07_long_burst_guard_fast-r7-0-b1224b67,68,56,40,128,0,True,7,False
llama1b,3072,12,23,long,burst,growth_gate,7067.512401401,diag00_a1_s23_llama1b_kv3072_cap12-07_long_burst_guard_fast,guard_fast,cmpl-diag00_a1_s23_llama1b_kv3072_cap12-07_long_burst_guard_fast-r7-0-b1224b67,67,56,40,128,0,True,7,False
llama1b,3072,12,23,long,burst,growth_gate,7067.526038189,diag00_a1_s23_llama1b_kv3072_cap12-07_long_burst_guard_fast,guard_fast,cmpl-diag00_a1_s23_llama1b_kv3072_cap12-07_long_burst_guard_fast-r7-0-b1224b67,67,56,40,128,0,True,7,False
llama1b,3072,12,23,long,burst,growth_gate,7067.539635461,diag00_a1_s23_llama1b_kv3072_cap12-07_long_burst_guard_fast,guard_fast,cmpl-diag00_a1_s23_llama1b_kv3072_cap12-07_long_burst_guard_fast-r7-0-b1224b67,66,56,40,128,0,True,7,False
llama1b,3072,12,23,long,burst,growth_gate,7067.553455819,diag00_a1_s23_llama1b_kv3072_cap12-07_long_burst_guard_fast,guard_fast,cmpl-diag00_a1_s23_llama1b_kv3072_cap12-07_long_burst_guard_fast-r7-0-b1224b67,66,56,40,128,0,True,7,False
llama1b,3072,12,23,long,burst,growth_gate,7067.567072446,diag00_a1_s23_llama1b_kv3072_cap12-07_long_burst_guard_fast,guard_fast,cmpl-diag00_a1_s23_llama1b_kv3072_cap12-07_long_burst_guard_fast-r7-0-b1224b67,65,56,40,128,0,True,7,False
llama1b,3072,12,23,long,burst,growth_gate,7067.580103253,diag00_a1_s23_llama1b_kv3072_cap12-07_long_burst_guard_fast,guard_fast,cmpl-diag00_a1_s23_llama1b_kv3072_cap12-07_long_burst_guard_fast-r7-0-b1224b67,65,56,40,128,0,True,7,False
llama1b,3072,12,23,long,burst,growth_gate,7067.594594884,diag00_a1_s23_llama1b_kv3072_cap12-07_long_burst_guard_fast,guard_fast,cmpl-diag00_a1_s23_llama1b_kv3072_cap12-07_long_burst_guard_fast-r7-0-b1224b67,65,56,40,128,0,True,7,False
llama1b,3072,12,23,long,burst,growth_gate,7067.6069939,diag00_a1_s23_llama1b_kv3072_cap12-07_long_burst_guard_fast,guard_fast,cmpl-diag00_a1_s23_llama1b_kv3072_cap12-07_long_burst_guard_fast-r7-0-b1224b67,65,56,40,128,0,True,7,False
llama1b,3072,12,23,long,burst,growth_gate,7067.622188444,diag00_a1_s23_llama1b_kv3072_cap12-07_long_burst_guard_fast,guard_fast,cmpl-diag00_a1_s23_llama1b_kv3072_cap12-07_long_burst_guard_fast-r7-0-b1224b67,64,56,40,128,0,True,7,False
llama1b,3072,12,23,long,burst,growth_gate,7067.63613466,diag00_a1_s23_llama1b_kv3072_cap12-07_long_burst_guard_fast,guard_fast,cmpl-diag00_a1_s23_llama1b_kv3072_cap12-07_long_burst_guard_fast-r7-0-b1224b67,64,56,40,128,0,True,7,False
llama1b,3072,12,23,long,burst,growth_gate,7067.649377291,diag00_a1_s23_llama1b_kv3072_cap12-07_long_burst_guard_fast,guard_fast,cmpl-diag00_a1_s23_llama1b_kv3072_cap12-07_long_burst_guard_fast-r7-0-b1224b67,63,56,40,128,0,True,7,False
llama1b,3072,12,23,long,burst,growth_gate,7067.66367601,diag00_a1_s23_llama1b_kv3072_cap12-07_long_burst_guard_fast,guard_fast,cmpl-diag00_a1_s23_llama1b_kv3072_cap12-07_long_burst_guard_fast-r7-0-b1224b67,63,56,40,128,0,True,7,False
llama1b,3072,12,23,long,burst,growth_gate,7067.677524146,diag00_a1_s23_llama1b_kv3072_cap12-07_long_burst_guard_fast,guard_fast,cmpl-diag00_a1_s23_llama1b_kv3072_cap12-07_long_burst_guard_fast-r7-0-b1224b67,62,56,40,128,0,True,7,False
llama1b,3072,12,23,long,burst,growth_gate,7067.691197724,diag00_a1_s23_llama1b_kv3072_cap12-07_long_burst_guard_fast,guard_fast,cmpl-diag00_a1_s23_llama1b_kv3072_cap12-07_long_burst_guard_fast-r7-0-b1224b67,62,56,40,128,0,True,7,False
llama1b,3072,12,23,long,burst,growth_gate,7067.705000343,diag00_a1_s23_llama1b_kv3072_cap12-07_long_burst_guard_fast,guard_fast,cmpl-diag00_a1_s23_llama1b_kv3072_cap12-07_long_burst_guard_fast-r7-0-b1224b67,61,56,40,128,0,True,7,False
llama1b,3072,12,23,long,burst,growth_gate,7067.718812124,diag00_a1_s23_llama1b_kv3072_cap12-07_long_burst_guard_fast,guard_fast,cmpl-diag00_a1_s23_llama1b_kv3072_cap12-07_long_burst_guard_fast-r7-0-b1224b67,61,56,40,128,0,True,7,False
llama1b,3072,12,23,long,burst,growth_gate,7067.732231267,diag00_a1_s23_llama1b_kv3072_cap12-07_long_burst_guard_fast,guard_fast,cmpl-diag00_a1_s23_llama1b_kv3072_cap12-07_long_burst_guard_fast-r7-0-b1224b67,60,56,40,128,0,True,7,False
llama1b,3072,12,23,long,burst,growth_gate,7067.745617151,diag00_a1_s23_llama1b_kv3072_cap12-07_long_burst_guard_fast,guard_fast,cmpl-diag00_a1_s23_llama1b_kv3072_cap12-07_long_burst_guard_fast-r7-0-b1224b67,60,56,40,128,0,True,7,False
llama1b,3072,12,23,long,burst,growth_gate,7067.759284895,diag00_a1_s23_llama1b_kv3072_cap12-07_long_burst_guard_fast,guard_fast,cmpl-diag00_a1_s23_llama1b_kv3072_cap12-07_long_burst_guard_fast-r7-0-b1224b67,59,56,40,128,0,True,7,False
llama1b,3072,12,23,long,burst,growth_gate,7067.773338474,diag00_a1_s23_llama1b_kv3072_cap12-07_long_burst_guard_fast,guard_fast,cmpl-diag00_a1_s23_llama1b_kv3072_cap12-07_long_burst_guard_fast-r7-0-b1224b67,59,56,40,128,0,True,7,False
llama1b,3072,12,23,long,burst,growth_gate,7067.786682612,diag00_a1_s23_llama1b_kv3072_cap12-07_long_burst_guard_fast,guard_fast,cmpl-diag00_a1_s23_llama1b_kv3072_cap12-07_long_burst_guard_fast-r7-0-b1224b67,58,56,40,128,0,True,7,False
llama1b,3072,12,23,long,burst,growth_gate,7067.800707603,diag00_a1_s23_llama1b_kv3072_cap12-07_long_burst_guard_fast,guard_fast,cmpl-diag00_a1_s23_llama1b_kv3072_cap12-07_long_burst_guard_fast-r7-0-b1224b67,58,56,40,128,0,True,7,False
llama1b,3072,12,23,long,burst,growth_gate,7067.814694898,diag00_a1_s23_llama1b_kv3072_cap12-07_long_burst_guard_fast,guard_fast,cmpl-diag00_a1_s23_llama1b_kv3072_cap12-07_long_burst_guard_fast-r7-0-b1224b67,58,56,40,128,0,True,7,False
llama1b,3072,12,23,long,burst,growth_gate,7067.827925013,diag00_a1_s23_llama1b_kv3072_cap12-07_long_burst_guard_fast,guard_fast,cmpl-diag00_a1_s23_llama1b_kv3072_cap12-07_long_burst_guard_fast-r7-0-b1224b67,58,56,40,128,0,True,7,False
llama1b,3072,12,23,long,burst,growth_gate,7067.842460447,diag00_a1_s23_llama1b_kv3072_cap12-07_long_burst_guard_fast,guard_fast,cmpl-diag00_a1_s23_llama1b_kv3072_cap12-07_long_burst_guard_fast-r7-0-b1224b67,57,56,40,128,0,True,7,False
llama1b,3072,12,23,long,burst,growth_gate,7067.856073496,diag00_a1_s23_llama1b_kv3072_cap12-07_long_burst_guard_fast,guard_fast,cmpl-diag00_a1_s23_llama1b_kv3072_cap12-07_long_burst_guard_fast-r7-0-b1224b67,57,56,40,128,0,True,7,False
llama1b,3072,12,23,long,burst,growth_gate,7067.870376215,diag00_a1_s23_llama1b_kv3072_cap12-07_long_burst_guard_fast,guard_fast,cmpl-diag00_a1_s23_llama1b_kv3072_cap12-07_long_burst_guard_fast-r7-0-b1224b67,69,48,40,128,0,True,6,False
llama1b,3072,12,23,long,burst,growth_gate,7067.884229158,diag00_a1_s23_llama1b_kv3072_cap12-07_long_burst_guard_fast,guard_fast,cmpl-diag00_a1_s23_llama1b_kv3072_cap12-07_long_burst_guard_fast-r7-0-b1224b67,69,48,40,128,0,True,6,False
llama1b,3072,12,23,long,burst,growth_gate,7067.897956559,diag00_a1_s23_llama1b_kv3072_cap12-07_long_burst_guard_fast,guard_fast,cmpl-diag00_a1_s23_llama1b_kv3072_cap12-07_long_burst_guard_fast-r7-0-b1224b67,68,48,40,128,0,True,6,False
llama1b,3072,12,23,long,burst,growth_gate,7067.912684683,diag00_a1_s23_llama1b_kv3072_cap12-07_long_burst_guard_fast,guard_fast,cmpl-diag00_a1_s23_llama1b_kv3072_cap12-07_long_burst_guard_fast-r7-0-b1224b67,68,48,40,128,0,True,6,False
llama1b,3072,12,23,long,burst,growth_gate,7067.927411862,diag00_a1_s23_llama1b_kv3072_cap12-07_long_burst_guard_fast,guard_fast,cmpl-diag00_a1_s23_llama1b_kv3072_cap12-07_long_burst_guard_fast-r7-0-b1224b67,67,48,40,128,0,True,6,False
llama1b,3072,12,23,long,burst,growth_gate,7067.941200458,diag00_a1_s23_llama1b_kv3072_cap12-07_long_burst_guard_fast,guard_fast,cmpl-diag00_a1_s23_llama1b_kv3072_cap12-07_long_burst_guard_fast-r7-0-b1224b67,67,48,40,128,0,True,6,False
llama1b,3072,12,23,long,burst,growth_gate,7067.955438491,diag00_a1_s23_llama1b_kv3072_cap12-07_long_burst_guard_fast,guard_fast,cmpl-diag00_a1_s23_llama1b_kv3072_cap12-07_long_burst_guard_fast-r7-0-b1224b67,66,48,40,128,0,True,6,False
llama1b,3072,12,23,long,burst,growth_gate,7067.970347378,diag00_a1_s23_llama1b_kv3072_cap12-07_long_burst_guard_fast,guard_fast,cmpl-diag00_a1_s23_llama1b_kv3072_cap12-07_long_burst_guard_fast-r7-0-b1224b67,66,48,40,128,0,True,6,False
llama1b,3072,12,23,long,burst,growth_gate,7067.983796274,diag00_a1_s23_llama1b_kv3072_cap12-07_long_burst_guard_fast,guard_fast,cmpl-diag00_a1_s23_llama1b_kv3072_cap12-07_long_burst_guard_fast-r7-0-b1224b67,86,40,40,128,0,False,5,False
llama1b,3072,12,23,long,burst,growth_gate,7067.983901956,diag00_a1_s23_llama1b_kv3072_cap12-07_long_burst_guard_fast,guard_fast,cmpl-diag00_a1_s23_llama1b_kv3072_cap12-07_long_burst_guard_fast-r8-0-842f51c4,54,48,40,128,0,True,6,False
llama1b,3072,12,23,long,burst,growth_gate,7067.999590003,diag00_a1_s23_llama1b_kv3072_cap12-07_long_burst_guard_fast,guard_fast,cmpl-diag00_a1_s23_llama1b_kv3072_cap12-07_long_burst_guard_fast-r8-0-842f51c4,53,48,40,128,0,True,6,False
llama1b,3072,12,23,long,burst,growth_gate,7068.060494495,diag00_a1_s23_llama1b_kv3072_cap12-07_long_burst_guard_fast,guard_fast,cmpl-diag00_a1_s23_llama1b_kv3072_cap12-07_long_burst_guard_fast-r8-0-842f51c4,52,48,40,128,0,True,6,False
llama1b,3072,12,23,long,burst,growth_gate,7068.074507962,diag00_a1_s23_llama1b_kv3072_cap12-07_long_burst_guard_fast,guard_fast,cmpl-diag00_a1_s23_llama1b_kv3072_cap12-07_long_burst_guard_fast-r8-0-842f51c4,52,48,40,128,0,True,6,False
llama1b,3072,12,23,long,burst,growth_gate,7068.088217451,diag00_a1_s23_llama1b_kv3072_cap12-07_long_burst_guard_fast,guard_fast,cmpl-diag00_a1_s23_llama1b_kv3072_cap12-07_long_burst_guard_fast-r8-0-842f51c4,52,48,40,128,0,True,6,False
llama1b,3072,12,23,long,burst,growth_gate,7068.102107817,diag00_a1_s23_llama1b_kv3072_cap12-07_long_burst_guard_fast,guard_fast,cmpl-diag00_a1_s23_llama1b_kv3072_cap12-07_long_burst_guard_fast-r8-0-842f51c4,52,48,40,128,0,True,6,False
llama1b,3072,12,23,long,burst,growth_gate,7068.116621029,diag00_a1_s23_llama1b_kv3072_cap12-07_long_burst_guard_fast,guard_fast,cmpl-diag00_a1_s23_llama1b_kv3072_cap12-07_long_burst_guard_fast-r8-0-842f51c4,51,48,40,128,0,True,6,False
llama1b,3072,12,23,long,burst,growth_gate,7068.13132522,diag00_a1_s23_llama1b_kv3072_cap12-07_long_burst_guard_fast,guard_fast,cmpl-diag00_a1_s23_llama1b_kv3072_cap12-07_long_burst_guard_fast-r8-0-842f51c4,51,48,40,128,0,True,6,False
llama1b,3072,12,23,long,burst,growth_gate,7068.14251633,diag00_a1_s23_llama1b_kv3072_cap12-07_long_burst_guard_fast,guard_fast,cmpl-diag00_a1_s23_llama1b_kv3072_cap12-07_long_burst_guard_fast-r8-0-842f51c4,51,48,40,128,0,True,6,False
llama1b,3072,12,23,long,burst,growth_gate,7068.157201521,diag00_a1_s23_llama1b_kv3072_cap12-07_long_burst_guard_fast,guard_fast,cmpl-diag00_a1_s23_llama1b_kv3072_cap12-07_long_burst_guard_fast-r8-0-842f51c4,51,48,40,128,0,True,6,False
llama1b,3072,12,23,long,burst,growth_gate,7068.172220097,diag00_a1_s23_llama1b_kv3072_cap12-07_long_burst_guard_fast,guard_fast,cmpl-diag00_a1_s23_llama1b_kv3072_cap12-07_long_burst_guard_fast-r8-0-842f51c4,50,48,40,128,0,True,6,False
llama1b,3072,12,23,long,burst,growth_gate,7068.186210443,diag00_a1_s23_llama1b_kv3072_cap12-07_long_burst_guard_fast,guard_fast,cmpl-diag00_a1_s23_llama1b_kv3072_cap12-07_long_burst_guard_fast-r8-0-842f51c4,50,48,40,128,0,True,6,False
llama1b,3072,12,23,long,burst,growth_gate,7068.199366477,diag00_a1_s23_llama1b_kv3072_cap12-07_long_burst_guard_fast,guard_fast,cmpl-diag00_a1_s23_llama1b_kv3072_cap12-07_long_burst_guard_fast-r8-0-842f51c4,49,48,40,128,0,True,6,False
llama1b,3072,12,23,long,burst,growth_gate,7068.214300181,diag00_a1_s23_llama1b_kv3072_cap12-07_long_burst_guard_fast,guard_fast,cmpl-diag00_a1_s23_llama1b_kv3072_cap12-07_long_burst_guard_fast-r8-0-842f51c4,49,48,40,128,0,True,6,False
llama1b,3072,12,23,long,burst,growth_gate,7068.228869159,diag00_a1_s23_llama1b_kv3072_cap12-07_long_burst_guard_fast,guard_fast,cmpl-diag00_a1_s23_llama1b_kv3072_cap12-07_long_burst_guard_fast-r8-0-842f51c4,48,48,40,128,0,True,6,False
llama1b,3072,12,23,long,burst,growth_gate,7068.241478173,diag00_a1_s23_llama1b_kv3072_cap12-07_long_burst_guard_fast,guard_fast,cmpl-diag00_a1_s23_llama1b_kv3072_cap12-07_long_burst_guard_fast-r8-0-842f51c4,48,48,40,128,0,True,6,False
llama1b,3072,12,23,long,burst,growth_gate,7068.25489528,diag00_a1_s23_llama1b_kv3072_cap12-07_long_burst_guard_fast,guard_fast,cmpl-diag00_a1_s23_llama1b_kv3072_cap12-07_long_burst_guard_fast-r8-0-842f51c4,48,48,40,128,0,True,6,False
llama1b,3072,12,23,long,burst,growth_gate,7068.26808862,diag00_a1_s23_llama1b_kv3072_cap12-07_long_burst_guard_fast,guard_fast,cmpl-diag00_a1_s23_llama1b_kv3072_cap12-07_long_burst_guard_fast-r8-0-842f51c4,47,48,40,128,0,True,6,False
llama1b,3072,12,23,long,burst,growth_gate,7068.281669649,diag00_a1_s23_llama1b_kv3072_cap12-07_long_burst_guard_fast,guard_fast,cmpl-diag00_a1_s23_llama1b_kv3072_cap12-07_long_burst_guard_fast-r8-0-842f51c4,46,48,40,128,0,True,6,False
llama1b,3072,12,23,long,burst,growth_gate,7068.294779945,diag00_a1_s23_llama1b_kv3072_cap12-07_long_burst_guard_fast,guard_fast,cmpl-diag00_a1_s23_llama1b_kv3072_cap12-07_long_burst_guard_fast-r8-0-842f51c4,46,48,40,128,0,True,6,False
llama1b,3072,12,23,long,burst,growth_gate,7068.308583333,diag00_a1_s23_llama1b_kv3072_cap12-07_long_burst_guard_fast,guard_fast,cmpl-diag00_a1_s23_llama1b_kv3072_cap12-07_long_burst_guard_fast-r8-0-842f51c4,46,48,40,128,0,True,6,False
llama1b,3072,12,23,long,burst,growth_gate,7068.324150633,diag00_a1_s23_llama1b_kv3072_cap12-07_long_burst_guard_fast,guard_fast,cmpl-diag00_a1_s23_llama1b_kv3072_cap12-07_long_burst_guard_fast-r8-0-842f51c4,46,48,40,128,0,True,6,False
llama1b,3072,12,23,long,burst,growth_gate,7068.33538717,diag00_a1_s23_llama1b_kv3072_cap12-07_long_burst_guard_fast,guard_fast,cmpl-diag00_a1_s23_llama1b_kv3072_cap12-07_long_burst_guard_fast-r8-0-842f51c4,45,48,40,128,0,True,6,False
llama1b,3072,12,23,long,burst,growth_gate,7068.350018339,diag00_a1_s23_llama1b_kv3072_cap12-07_long_burst_guard_fast,guard_fast,cmpl-diag00_a1_s23_llama1b_kv3072_cap12-07_long_burst_guard_fast-r8-0-842f51c4,45,48,40,128,0,True,6,False
llama1b,3072,12,23,long,burst,growth_gate,7068.363017088,diag00_a1_s23_llama1b_kv3072_cap12-07_long_burst_guard_fast,guard_fast,cmpl-diag00_a1_s23_llama1b_kv3072_cap12-07_long_burst_guard_fast-r8-0-842f51c4,45,48,40,128,0,True,6,False
llama1b,3072,12,23,long,burst,growth_gate,7068.37697019,diag00_a1_s23_llama1b_kv3072_cap12-07_long_burst_guard_fast,guard_fast,cmpl-diag00_a1_s23_llama1b_kv3072_cap12-07_long_burst_guard_fast-r8-0-842f51c4,45,48,40,128,0,True,6,False
llama1b,3072,12,23,long,burst,growth_gate,7068.390318245,diag00_a1_s23_llama1b_kv3072_cap12-07_long_burst_guard_fast,guard_fast,cmpl-diag00_a1_s23_llama1b_kv3072_cap12-07_long_burst_guard_fast-r8-0-842f51c4,44,48,40,128,0,True,6,False
llama1b,3072,12,23,long,burst,growth_gate,7068.404206299,diag00_a1_s23_llama1b_kv3072_cap12-07_long_burst_guard_fast,guard_fast,cmpl-diag00_a1_s23_llama1b_kv3072_cap12-07_long_burst_guard_fast-r8-0-842f51c4,44,48,40,128,0,True,6,False
llama1b,3072,12,23,long,burst,growth_gate,7068.418189417,diag00_a1_s23_llama1b_kv3072_cap12-07_long_burst_guard_fast,guard_fast,cmpl-diag00_a1_s23_llama1b_kv3072_cap12-07_long_burst_guard_fast-r8-0-842f51c4,43,48,40,128,0,True,6,False
llama1b,3072,12,23,long,burst,growth_gate,7068.432010101,diag00_a1_s23_llama1b_kv3072_cap12-07_long_burst_guard_fast,guard_fast,cmpl-diag00_a1_s23_llama1b_kv3072_cap12-07_long_burst_guard_fast-r8-0-842f51c4,43,48,40,128,0,True,6,False
llama1b,3072,12,23,long,burst,growth_gate,7068.445680203,diag00_a1_s23_llama1b_kv3072_cap12-07_long_burst_guard_fast,guard_fast,cmpl-diag00_a1_s23_llama1b_kv3072_cap12-07_long_burst_guard_fast-r8-0-842f51c4,42,48,40,128,0,True,6,False
llama1b,3072,12,23,long,burst,growth_gate,7068.458501307,diag00_a1_s23_llama1b_kv3072_cap12-07_long_burst_guard_fast,guard_fast,cmpl-diag00_a1_s23_llama1b_kv3072_cap12-07_long_burst_guard_fast-r8-0-842f51c4,42,48,40,128,0,True,6,False
llama1b,3072,12,23,long,burst,growth_gate,7068.472850228,diag00_a1_s23_llama1b_kv3072_cap12-07_long_burst_guard_fast,guard_fast,cmpl-diag00_a1_s23_llama1b_kv3072_cap12-07_long_burst_guard_fast-r8-0-842f51c4,42,48,40,128,0,True,6,False
llama1b,3072,12,23,long,burst,growth_gate,7068.487148938,diag00_a1_s23_llama1b_kv3072_cap12-07_long_burst_guard_fast,guard_fast,cmpl-diag00_a1_s23_llama1b_kv3072_cap12-07_long_burst_guard_fast-r8-0-842f51c4,41,48,40,128,0,True,6,False
llama1b,3072,12,23,long,burst,growth_gate,7068.501473399,diag00_a1_s23_llama1b_kv3072_cap12-07_long_burst_guard_fast,guard_fast,cmpl-diag00_a1_s23_llama1b_kv3072_cap12-07_long_burst_guard_fast-r8-0-842f51c4,40,48,40,128,0,True,6,False
llama1b,3072,12,23,long,burst,growth_gate,7068.515372554,diag00_a1_s23_llama1b_kv3072_cap12-07_long_burst_guard_fast,guard_fast,cmpl-diag00_a1_s23_llama1b_kv3072_cap12-07_long_burst_guard_fast-r8-0-842f51c4,40,48,40,128,0,True,6,False
llama1b,3072,12,23,long,burst,growth_gate,7068.530293925,diag00_a1_s23_llama1b_kv3072_cap12-07_long_burst_guard_fast,guard_fast,cmpl-diag00_a1_s23_llama1b_kv3072_cap12-07_long_burst_guard_fast-r8-0-842f51c4,40,48,40,128,0,True,6,False
llama1b,3072,12,23,long,burst,growth_gate,7068.542206965,diag00_a1_s23_llama1b_kv3072_cap12-07_long_burst_guard_fast,guard_fast,cmpl-diag00_a1_s23_llama1b_kv3072_cap12-07_long_burst_guard_fast-r8-0-842f51c4,40,48,40,128,0,True,6,False
llama1b,3072,12,23,long,burst,growth_gate,7068.556300217,diag00_a1_s23_llama1b_kv3072_cap12-07_long_burst_guard_fast,guard_fast,cmpl-diag00_a1_s23_llama1b_kv3072_cap12-07_long_burst_guard_fast-r8-0-842f51c4,39,48,40,128,0,True,6,False
llama1b,3072,12,23,long,burst,growth_gate,7068.571187579,diag00_a1_s23_llama1b_kv3072_cap12-07_long_burst_guard_fast,guard_fast,cmpl-diag00_a1_s23_llama1b_kv3072_cap12-07_long_burst_guard_fast-r8-0-842f51c4,39,48,40,128,0,True,6,False
llama1b,3072,12,23,long,burst,growth_gate,7068.587877811,diag00_a1_s23_llama1b_kv3072_cap12-07_long_burst_guard_fast,guard_fast,cmpl-diag00_a1_s23_llama1b_kv3072_cap12-07_long_burst_guard_fast-r8-0-842f51c4,39,48,40,128,0,True,6,False
llama1b,3072,12,23,long,burst,growth_gate,7068.59993771,diag00_a1_s23_llama1b_kv3072_cap12-07_long_burst_guard_fast,guard_fast,cmpl-diag00_a1_s23_llama1b_kv3072_cap12-07_long_burst_guard_fast-r8-0-842f51c4,39,48,40,128,0,True,6,False
llama1b,3072,12,23,long,burst,growth_gate,7068.614220599,diag00_a1_s23_llama1b_kv3072_cap12-07_long_burst_guard_fast,guard_fast,cmpl-diag00_a1_s23_llama1b_kv3072_cap12-07_long_burst_guard_fast-r8-0-842f51c4,38,48,40,128,0,True,6,False
llama1b,3072,12,23,long,burst,growth_gate,7068.627894401,diag00_a1_s23_llama1b_kv3072_cap12-07_long_burst_guard_fast,guard_fast,cmpl-diag00_a1_s23_llama1b_kv3072_cap12-07_long_burst_guard_fast-r8-0-842f51c4,38,48,40,128,0,True,6,False
llama1b,3072,12,23,long,burst,growth_gate,7068.64286916,diag00_a1_s23_llama1b_kv3072_cap12-07_long_burst_guard_fast,guard_fast,cmpl-diag00_a1_s23_llama1b_kv3072_cap12-07_long_burst_guard_fast-r8-0-842f51c4,37,48,40,128,0,True,6,False
llama1b,3072,12,23,long,burst,growth_gate,7068.657575963,diag00_a1_s23_llama1b_kv3072_cap12-07_long_burst_guard_fast,guard_fast,cmpl-diag00_a1_s23_llama1b_kv3072_cap12-07_long_burst_guard_fast-r8-0-842f51c4,37,48,40,128,0,True,6,False
llama1b,3072,12,23,long,burst,growth_gate,7068.670815839,diag00_a1_s23_llama1b_kv3072_cap12-07_long_burst_guard_fast,guard_fast,cmpl-diag00_a1_s23_llama1b_kv3072_cap12-07_long_burst_guard_fast-r8-0-842f51c4,36,48,40,128,0,True,6,False
llama1b,3072,12,23,long,burst,growth_gate,7068.683912011,diag00_a1_s23_llama1b_kv3072_cap12-07_long_burst_guard_fast,guard_fast,cmpl-diag00_a1_s23_llama1b_kv3072_cap12-07_long_burst_guard_fast-r8-0-842f51c4,36,48,40,128,0,True,6,False
llama1b,3072,12,23,long,burst,growth_gate,7068.697178273,diag00_a1_s23_llama1b_kv3072_cap12-07_long_burst_guard_fast,guard_fast,cmpl-diag00_a1_s23_llama1b_kv3072_cap12-07_long_burst_guard_fast-r8-0-842f51c4,36,48,40,128,0,True,6,False
llama1b,3072,12,23,long,burst,growth_gate,7068.71099291,diag00_a1_s23_llama1b_kv3072_cap12-07_long_burst_guard_fast,guard_fast,cmpl-diag00_a1_s23_llama1b_kv3072_cap12-07_long_burst_guard_fast-r8-0-842f51c4,35,48,40,128,0,True,6,False
llama1b,3072,12,23,long,burst,growth_gate,7068.724507536,diag00_a1_s23_llama1b_kv3072_cap12-07_long_burst_guard_fast,guard_fast,cmpl-diag00_a1_s23_llama1b_kv3072_cap12-07_long_burst_guard_fast-r8-0-842f51c4,34,48,40,128,0,True,6,False
llama1b,3072,12,23,long,burst,growth_gate,7068.738130536,diag00_a1_s23_llama1b_kv3072_cap12-07_long_burst_guard_fast,guard_fast,cmpl-diag00_a1_s23_llama1b_kv3072_cap12-07_long_burst_guard_fast-r8-0-842f51c4,34,48,40,128,0,True,6,False
llama1b,3072,12,23,long,burst,growth_gate,7068.75150957,diag00_a1_s23_llama1b_kv3072_cap12-07_long_burst_guard_fast,guard_fast,cmpl-diag00_a1_s23_llama1b_kv3072_cap12-07_long_burst_guard_fast-r8-0-842f51c4,34,48,40,128,0,True,6,False
llama1b,3072,12,23,long,burst,growth_gate,7068.765399323,diag00_a1_s23_llama1b_kv3072_cap12-07_long_burst_guard_fast,guard_fast,cmpl-diag00_a1_s23_llama1b_kv3072_cap12-07_long_burst_guard_fast-r8-0-842f51c4,34,48,40,128,0,True,6,False
llama1b,3072,12,23,long,burst,growth_gate,7068.778568267,diag00_a1_s23_llama1b_kv3072_cap12-07_long_burst_guard_fast,guard_fast,cmpl-diag00_a1_s23_llama1b_kv3072_cap12-07_long_burst_guard_fast-r8-0-842f51c4,33,48,40,128,0,True,6,False
llama1b,3072,12,23,long,burst,growth_gate,7068.793091195,diag00_a1_s23_llama1b_kv3072_cap12-07_long_burst_guard_fast,guard_fast,cmpl-diag00_a1_s23_llama1b_kv3072_cap12-07_long_burst_guard_fast-r8-0-842f51c4,33,48,40,128,0,True,6,False
llama1b,3072,12,23,long,burst,growth_gate,7068.808670435,diag00_a1_s23_llama1b_kv3072_cap12-07_long_burst_guard_fast,guard_fast,cmpl-diag00_a1_s23_llama1b_kv3072_cap12-07_long_burst_guard_fast-r8-0-842f51c4,33,48,40,128,0,True,6,False
llama1b,3072,12,23,long,burst,growth_gate,7068.824054571,diag00_a1_s23_llama1b_kv3072_cap12-07_long_burst_guard_fast,guard_fast,cmpl-diag00_a1_s23_llama1b_kv3072_cap12-07_long_burst_guard_fast-r8-0-842f51c4,33,48,40,128,0,True,6,False
llama1b,3072,12,23,long,burst,growth_gate,7068.835037262,diag00_a1_s23_llama1b_kv3072_cap12-07_long_burst_guard_fast,guard_fast,cmpl-diag00_a1_s23_llama1b_kv3072_cap12-07_long_burst_guard_fast-r8-0-842f51c4,32,48,40,128,0,True,6,False
llama1b,3072,12,23,long,burst,growth_gate,7068.848901169,diag00_a1_s23_llama1b_kv3072_cap12-07_long_burst_guard_fast,guard_fast,cmpl-diag00_a1_s23_llama1b_kv3072_cap12-07_long_burst_guard_fast-r8-0-842f51c4,32,48,40,128,0,True,6,False
llama1b,3072,12,23,long,burst,growth_gate,7068.861850102,diag00_a1_s23_llama1b_kv3072_cap12-07_long_burst_guard_fast,guard_fast,cmpl-diag00_a1_s23_llama1b_kv3072_cap12-07_long_burst_guard_fast-r8-0-842f51c4,31,48,40,128,0,True,6,False
llama1b,3072,12,23,long,burst,growth_gate,7068.875994685,diag00_a1_s23_llama1b_kv3072_cap12-07_long_burst_guard_fast,guard_fast,cmpl-diag00_a1_s23_llama1b_kv3072_cap12-07_long_burst_guard_fast-r8-0-842f51c4,31,48,40,128,0,True,6,False
llama1b,3072,12,23,long,burst,growth_gate,7068.889178213,diag00_a1_s23_llama1b_kv3072_cap12-07_long_burst_guard_fast,guard_fast,cmpl-diag00_a1_s23_llama1b_kv3072_cap12-07_long_burst_guard_fast-r8-0-842f51c4,30,48,40,128,0,True,6,False
llama1b,3072,12,23,long,burst,growth_gate,7068.903097622,diag00_a1_s23_llama1b_kv3072_cap12-07_long_burst_guard_fast,guard_fast,cmpl-diag00_a1_s23_llama1b_kv3072_cap12-07_long_burst_guard_fast-r8-0-842f51c4,30,48,40,128,0,True,6,False
llama1b,3072,12,23,long,burst,growth_gate,7068.916879174,diag00_a1_s23_llama1b_kv3072_cap12-07_long_burst_guard_fast,guard_fast,cmpl-diag00_a1_s23_llama1b_kv3072_cap12-07_long_burst_guard_fast-r8-0-842f51c4,30,48,40,128,0,True,6,False
llama1b,3072,12,23,long,burst,growth_gate,7068.930844351,diag00_a1_s23_llama1b_kv3072_cap12-07_long_burst_guard_fast,guard_fast,cmpl-diag00_a1_s23_llama1b_kv3072_cap12-07_long_burst_guard_fast-r8-0-842f51c4,29,48,40,128,0,True,6,False
llama1b,3072,12,23,long,burst,growth_gate,7068.945225009,diag00_a1_s23_llama1b_kv3072_cap12-07_long_burst_guard_fast,guard_fast,cmpl-diag00_a1_s23_llama1b_kv3072_cap12-07_long_burst_guard_fast-r8-0-842f51c4,28,48,40,128,0,True,6,False
llama1b,3072,12,23,long,burst,growth_gate,7068.958984576,diag00_a1_s23_llama1b_kv3072_cap12-07_long_burst_guard_fast,guard_fast,cmpl-diag00_a1_s23_llama1b_kv3072_cap12-07_long_burst_guard_fast-r8-0-842f51c4,28,48,40,128,0,True,6,False
llama1b,3072,12,23,long,burst,growth_gate,7068.972972289,diag00_a1_s23_llama1b_kv3072_cap12-07_long_burst_guard_fast,guard_fast,cmpl-diag00_a1_s23_llama1b_kv3072_cap12-07_long_burst_guard_fast-r8-0-842f51c4,28,48,40,128,0,True,6,False
llama1b,3072,12,23,long,burst,growth_gate,7068.987910193,diag00_a1_s23_llama1b_kv3072_cap12-07_long_burst_guard_fast,guard_fast,cmpl-diag00_a1_s23_llama1b_kv3072_cap12-07_long_burst_guard_fast-r8-0-842f51c4,28,48,40,128,0,True,6,False
llama1b,3072,12,23,long,burst,growth_gate,7069.002207565,diag00_a1_s23_llama1b_kv3072_cap12-07_long_burst_guard_fast,guard_fast,cmpl-diag00_a1_s23_llama1b_kv3072_cap12-07_long_burst_guard_fast-r8-0-842f51c4,27,48,40,128,0,True,6,False
llama1b,3072,12,23,long,burst,growth_gate,7069.016367128,diag00_a1_s23_llama1b_kv3072_cap12-07_long_burst_guard_fast,guard_fast,cmpl-diag00_a1_s23_llama1b_kv3072_cap12-07_long_burst_guard_fast-r8-0-842f51c4,27,48,40,128,0,True,6,False
llama1b,3072,12,23,long,burst,growth_gate,7069.029737888,diag00_a1_s23_llama1b_kv3072_cap12-07_long_burst_guard_fast,guard_fast,cmpl-diag00_a1_s23_llama1b_kv3072_cap12-07_long_burst_guard_fast-r8-0-842f51c4,27,48,40,128,0,True,6,False
llama1b,3072,12,23,long,burst,growth_gate,7069.044348173,diag00_a1_s23_llama1b_kv3072_cap12-07_long_burst_guard_fast,guard_fast,cmpl-diag00_a1_s23_llama1b_kv3072_cap12-07_long_burst_guard_fast-r8-0-842f51c4,27,48,40,128,0,True,6,False
llama1b,3072,12,23,long,burst,growth_gate,7069.058052976,diag00_a1_s23_llama1b_kv3072_cap12-07_long_burst_guard_fast,guard_fast,cmpl-diag00_a1_s23_llama1b_kv3072_cap12-07_long_burst_guard_fast-r8-0-842f51c4,26,48,40,128,0,True,6,False
llama1b,3072,12,23,long,burst,growth_gate,7069.072837715,diag00_a1_s23_llama1b_kv3072_cap12-07_long_burst_guard_fast,guard_fast,cmpl-diag00_a1_s23_llama1b_kv3072_cap12-07_long_burst_guard_fast-r8-0-842f51c4,26,48,40,128,0,True,6,False
llama1b,3072,12,23,long,burst,growth_gate,7069.087124641,diag00_a1_s23_llama1b_kv3072_cap12-07_long_burst_guard_fast,guard_fast,cmpl-diag00_a1_s23_llama1b_kv3072_cap12-07_long_burst_guard_fast-r8-0-842f51c4,25,48,40,128,0,True,6,False
llama1b,3072,12,23,long,burst,growth_gate,7069.10195759,diag00_a1_s23_llama1b_kv3072_cap12-07_long_burst_guard_fast,guard_fast,cmpl-diag00_a1_s23_llama1b_kv3072_cap12-07_long_burst_guard_fast-r8-0-842f51c4,25,48,40,128,0,True,6,False
llama1b,3072,12,23,long,burst,growth_gate,7069.118093786,diag00_a1_s23_llama1b_kv3072_cap12-07_long_burst_guard_fast,guard_fast,cmpl-diag00_a1_s23_llama1b_kv3072_cap12-07_long_burst_guard_fast-r8-0-842f51c4,24,48,40,128,0,True,6,False
llama1b,3072,12,23,long,burst,growth_gate,7069.130991854,diag00_a1_s23_llama1b_kv3072_cap12-07_long_burst_guard_fast,guard_fast,cmpl-diag00_a1_s23_llama1b_kv3072_cap12-07_long_burst_guard_fast-r8-0-842f51c4,24,48,40,128,0,True,6,False
llama1b,3072,12,23,long,burst,growth_gate,7069.14575699,diag00_a1_s23_llama1b_kv3072_cap12-07_long_burst_guard_fast,guard_fast,cmpl-diag00_a1_s23_llama1b_kv3072_cap12-07_long_burst_guard_fast-r8-0-842f51c4,24,48,40,128,0,True,6,False
llama1b,3072,12,23,long,burst,growth_gate,7069.160114571,diag00_a1_s23_llama1b_kv3072_cap12-07_long_burst_guard_fast,guard_fast,cmpl-diag00_a1_s23_llama1b_kv3072_cap12-07_long_burst_guard_fast-r8-0-842f51c4,23,48,40,128,0,True,6,False
llama1b,3072,12,23,long,burst,growth_gate,7069.175664319,diag00_a1_s23_llama1b_kv3072_cap12-07_long_burst_guard_fast,guard_fast,cmpl-diag00_a1_s23_llama1b_kv3072_cap12-07_long_burst_guard_fast-r8-0-842f51c4,22,48,40,128,0,True,6,False
llama1b,3072,12,23,long,burst,growth_gate,7069.188271052,diag00_a1_s23_llama1b_kv3072_cap12-07_long_burst_guard_fast,guard_fast,cmpl-diag00_a1_s23_llama1b_kv3072_cap12-07_long_burst_guard_fast-r8-0-842f51c4,22,48,40,128,0,True,6,False
llama1b,3072,12,23,long,burst,growth_gate,7069.201821812,diag00_a1_s23_llama1b_kv3072_cap12-07_long_burst_guard_fast,guard_fast,cmpl-diag00_a1_s23_llama1b_kv3072_cap12-07_long_burst_guard_fast-r8-0-842f51c4,22,48,40,128,0,True,6,False
llama1b,3072,12,23,long,burst,growth_gate,7069.216399903,diag00_a1_s23_llama1b_kv3072_cap12-07_long_burst_guard_fast,guard_fast,cmpl-diag00_a1_s23_llama1b_kv3072_cap12-07_long_burst_guard_fast-r8-0-842f51c4,22,48,40,128,0,True,6,False
llama1b,3072,12,23,long,burst,growth_gate,7069.231231709,diag00_a1_s23_llama1b_kv3072_cap12-07_long_burst_guard_fast,guard_fast,cmpl-diag00_a1_s23_llama1b_kv3072_cap12-07_long_burst_guard_fast-r8-0-842f51c4,21,48,40,128,0,True,6,False
llama1b,3072,12,23,long,burst,growth_gate,7069.244377085,diag00_a1_s23_llama1b_kv3072_cap12-07_long_burst_guard_fast,guard_fast,cmpl-diag00_a1_s23_llama1b_kv3072_cap12-07_long_burst_guard_fast-r8-0-842f51c4,21,48,40,128,0,True,6,False
llama1b,3072,12,23,long,burst,growth_gate,7069.25995118,diag00_a1_s23_llama1b_kv3072_cap12-07_long_burst_guard_fast,guard_fast,cmpl-diag00_a1_s23_llama1b_kv3072_cap12-07_long_burst_guard_fast-r8-0-842f51c4,21,48,40,128,0,True,6,False
llama1b,3072,12,23,long,burst,growth_gate,7069.273406847,diag00_a1_s23_llama1b_kv3072_cap12-07_long_burst_guard_fast,guard_fast,cmpl-diag00_a1_s23_llama1b_kv3072_cap12-07_long_burst_guard_fast-r8-0-842f51c4,21,48,40,128,0,True,6,False
llama1b,3072,12,23,long,burst,growth_gate,7069.289531638,diag00_a1_s23_llama1b_kv3072_cap12-07_long_burst_guard_fast,guard_fast,cmpl-diag00_a1_s23_llama1b_kv3072_cap12-07_long_burst_guard_fast-r8-0-842f51c4,20,48,40,128,0,True,6,False
llama1b,3072,12,23,long,burst,growth_gate,7069.30271765,diag00_a1_s23_llama1b_kv3072_cap12-07_long_burst_guard_fast,guard_fast,cmpl-diag00_a1_s23_llama1b_kv3072_cap12-07_long_burst_guard_fast-r8-0-842f51c4,20,48,40,128,0,True,6,False
llama1b,3072,12,23,long,burst,growth_gate,7069.315541447,diag00_a1_s23_llama1b_kv3072_cap12-07_long_burst_guard_fast,guard_fast,cmpl-diag00_a1_s23_llama1b_kv3072_cap12-07_long_burst_guard_fast-r8-0-842f51c4,19,48,40,128,0,True,6,False
llama1b,3072,12,23,long,burst,growth_gate,7069.328564043,diag00_a1_s23_llama1b_kv3072_cap12-07_long_burst_guard_fast,guard_fast,cmpl-diag00_a1_s23_llama1b_kv3072_cap12-07_long_burst_guard_fast-r8-0-842f51c4,19,48,40,128,0,True,6,False
llama1b,3072,12,23,long,burst,growth_gate,7069.342392362,diag00_a1_s23_llama1b_kv3072_cap12-07_long_burst_guard_fast,guard_fast,cmpl-diag00_a1_s23_llama1b_kv3072_cap12-07_long_burst_guard_fast-r8-0-842f51c4,18,48,40,128,0,True,6,False
llama1b,3072,12,23,long,burst,growth_gate,7069.356174751,diag00_a1_s23_llama1b_kv3072_cap12-07_long_burst_guard_fast,guard_fast,cmpl-diag00_a1_s23_llama1b_kv3072_cap12-07_long_burst_guard_fast-r8-0-842f51c4,18,48,40,128,0,True,6,False
llama1b,3072,12,23,long,burst,growth_gate,7069.369565807,diag00_a1_s23_llama1b_kv3072_cap12-07_long_burst_guard_fast,guard_fast,cmpl-diag00_a1_s23_llama1b_kv3072_cap12-07_long_burst_guard_fast-r8-0-842f51c4,18,48,40,128,0,True,6,False
llama1b,3072,12,23,long,burst,growth_gate,7069.383993651,diag00_a1_s23_llama1b_kv3072_cap12-07_long_burst_guard_fast,guard_fast,cmpl-diag00_a1_s23_llama1b_kv3072_cap12-07_long_burst_guard_fast-r8-0-842f51c4,17,48,40,128,0,True,6,False
llama1b,3072,12,23,long,burst,growth_gate,7069.398092296,diag00_a1_s23_llama1b_kv3072_cap12-07_long_burst_guard_fast,guard_fast,cmpl-diag00_a1_s23_llama1b_kv3072_cap12-07_long_burst_guard_fast-r8-0-842f51c4,16,48,40,128,0,True,6,False
llama1b,3072,12,23,long,burst,growth_gate,7069.411164205,diag00_a1_s23_llama1b_kv3072_cap12-07_long_burst_guard_fast,guard_fast,cmpl-diag00_a1_s23_llama1b_kv3072_cap12-07_long_burst_guard_fast-r8-0-842f51c4,16,48,40,128,0,True,6,False
llama1b,3072,12,23,long,burst,growth_gate,7069.426123027,diag00_a1_s23_llama1b_kv3072_cap12-07_long_burst_guard_fast,guard_fast,cmpl-diag00_a1_s23_llama1b_kv3072_cap12-07_long_burst_guard_fast-r8-0-842f51c4,16,48,40,128,0,True,6,False
llama1b,3072,12,23,long,burst,growth_gate,7069.438971771,diag00_a1_s23_llama1b_kv3072_cap12-07_long_burst_guard_fast,guard_fast,cmpl-diag00_a1_s23_llama1b_kv3072_cap12-07_long_burst_guard_fast-r8-0-842f51c4,16,48,40,128,0,True,6,False
llama1b,3072,12,23,long,burst,growth_gate,7069.452145937,diag00_a1_s23_llama1b_kv3072_cap12-07_long_burst_guard_fast,guard_fast,cmpl-diag00_a1_s23_llama1b_kv3072_cap12-07_long_burst_guard_fast-r8-0-842f51c4,15,48,40,128,0,True,6,False
llama1b,3072,12,23,long,burst,growth_gate,7069.465425133,diag00_a1_s23_llama1b_kv3072_cap12-07_long_burst_guard_fast,guard_fast,cmpl-diag00_a1_s23_llama1b_kv3072_cap12-07_long_burst_guard_fast-r8-0-842f51c4,15,48,40,128,0,True,6,False
llama1b,3072,12,23,long,burst,growth_gate,7069.480100466,diag00_a1_s23_llama1b_kv3072_cap12-07_long_burst_guard_fast,guard_fast,cmpl-diag00_a1_s23_llama1b_kv3072_cap12-07_long_burst_guard_fast-r8-0-842f51c4,15,48,40,128,0,True,6,False
llama1b,3072,12,23,long,burst,growth_gate,7069.493124621,diag00_a1_s23_llama1b_kv3072_cap12-07_long_burst_guard_fast,guard_fast,cmpl-diag00_a1_s23_llama1b_kv3072_cap12-07_long_burst_guard_fast-r8-0-842f51c4,15,48,40,128,0,True,6,False
llama1b,3072,12,23,long,burst,growth_gate,7069.506991991,diag00_a1_s23_llama1b_kv3072_cap12-07_long_burst_guard_fast,guard_fast,cmpl-diag00_a1_s23_llama1b_kv3072_cap12-07_long_burst_guard_fast-r8-0-842f51c4,14,48,40,128,0,True,6,False
llama1b,3072,12,23,long,burst,growth_gate,7069.521161629,diag00_a1_s23_llama1b_kv3072_cap12-07_long_burst_guard_fast,guard_fast,cmpl-diag00_a1_s23_llama1b_kv3072_cap12-07_long_burst_guard_fast-r8-0-842f51c4,14,48,40,128,0,True,6,False
llama1b,3072,12,23,long,burst,growth_gate,7069.535257221,diag00_a1_s23_llama1b_kv3072_cap12-07_long_burst_guard_fast,guard_fast,cmpl-diag00_a1_s23_llama1b_kv3072_cap12-07_long_burst_guard_fast-r8-0-842f51c4,13,48,40,128,0,True,6,False
llama1b,3072,12,23,long,burst,growth_gate,7069.549576641,diag00_a1_s23_llama1b_kv3072_cap12-07_long_burst_guard_fast,guard_fast,cmpl-diag00_a1_s23_llama1b_kv3072_cap12-07_long_burst_guard_fast-r8-0-842f51c4,13,48,40,128,0,True,6,False
llama1b,3072,12,23,long,burst,growth_gate,7069.562824192,diag00_a1_s23_llama1b_kv3072_cap12-07_long_burst_guard_fast,guard_fast,cmpl-diag00_a1_s23_llama1b_kv3072_cap12-07_long_burst_guard_fast-r8-0-842f51c4,12,48,40,128,0,True,6,False
llama1b,3072,12,23,long,burst,growth_gate,7069.576729354,diag00_a1_s23_llama1b_kv3072_cap12-07_long_burst_guard_fast,guard_fast,cmpl-diag00_a1_s23_llama1b_kv3072_cap12-07_long_burst_guard_fast-r8-0-842f51c4,12,48,40,128,0,True,6,False
llama1b,3072,12,23,long,burst,growth_gate,7069.590328739,diag00_a1_s23_llama1b_kv3072_cap12-07_long_burst_guard_fast,guard_fast,cmpl-diag00_a1_s23_llama1b_kv3072_cap12-07_long_burst_guard_fast-r8-0-842f51c4,12,48,40,128,0,True,6,False
llama1b,3072,12,23,long,burst,growth_gate,7069.603520272,diag00_a1_s23_llama1b_kv3072_cap12-07_long_burst_guard_fast,guard_fast,cmpl-diag00_a1_s23_llama1b_kv3072_cap12-07_long_burst_guard_fast-r8-0-842f51c4,11,48,40,128,0,True,6,False
llama1b,3072,12,23,long,burst,growth_gate,7069.617637576,diag00_a1_s23_llama1b_kv3072_cap12-07_long_burst_guard_fast,guard_fast,cmpl-diag00_a1_s23_llama1b_kv3072_cap12-07_long_burst_guard_fast-r8-0-842f51c4,10,48,40,128,0,True,6,False
llama1b,3072,12,23,long,burst,growth_gate,7069.63098604,diag00_a1_s23_llama1b_kv3072_cap12-07_long_burst_guard_fast,guard_fast,cmpl-diag00_a1_s23_llama1b_kv3072_cap12-07_long_burst_guard_fast-r8-0-842f51c4,10,48,40,128,0,True,6,False
llama1b,3072,12,23,long,burst,growth_gate,7069.645304193,diag00_a1_s23_llama1b_kv3072_cap12-07_long_burst_guard_fast,guard_fast,cmpl-diag00_a1_s23_llama1b_kv3072_cap12-07_long_burst_guard_fast-r8-0-842f51c4,10,48,40,128,0,True,6,False
llama1b,3072,12,23,long,burst,growth_gate,7069.658432178,diag00_a1_s23_llama1b_kv3072_cap12-07_long_burst_guard_fast,guard_fast,cmpl-diag00_a1_s23_llama1b_kv3072_cap12-07_long_burst_guard_fast-r8-0-842f51c4,10,48,40,128,0,True,6,False
llama1b,3072,12,23,long,burst,growth_gate,7069.671874458,diag00_a1_s23_llama1b_kv3072_cap12-07_long_burst_guard_fast,guard_fast,cmpl-diag00_a1_s23_llama1b_kv3072_cap12-07_long_burst_guard_fast-r8-0-842f51c4,9,48,40,128,0,True,6,False
llama1b,3072,12,23,long,burst,growth_gate,7069.688803822,diag00_a1_s23_llama1b_kv3072_cap12-07_long_burst_guard_fast,guard_fast,cmpl-diag00_a1_s23_llama1b_kv3072_cap12-07_long_burst_guard_fast-r8-0-842f51c4,9,48,40,128,0,True,6,False
llama1b,3072,12,23,long,burst,growth_gate,7069.703010605,diag00_a1_s23_llama1b_kv3072_cap12-07_long_burst_guard_fast,guard_fast,cmpl-diag00_a1_s23_llama1b_kv3072_cap12-07_long_burst_guard_fast-r8-0-842f51c4,9,48,40,128,0,True,6,False
llama1b,3072,12,23,long,burst,growth_gate,7069.715822349,diag00_a1_s23_llama1b_kv3072_cap12-07_long_burst_guard_fast,guard_fast,cmpl-diag00_a1_s23_llama1b_kv3072_cap12-07_long_burst_guard_fast-r8-0-842f51c4,9,48,40,128,0,True,6,False
llama1b,3072,12,23,long,burst,growth_gate,7069.729611175,diag00_a1_s23_llama1b_kv3072_cap12-07_long_burst_guard_fast,guard_fast,cmpl-diag00_a1_s23_llama1b_kv3072_cap12-07_long_burst_guard_fast-r8-0-842f51c4,8,48,40,128,0,True,6,False
llama1b,3072,12,23,long,burst,growth_gate,7069.742747523,diag00_a1_s23_llama1b_kv3072_cap12-07_long_burst_guard_fast,guard_fast,cmpl-diag00_a1_s23_llama1b_kv3072_cap12-07_long_burst_guard_fast-r8-0-842f51c4,8,48,40,128,0,True,6,False
llama1b,3072,12,23,long,burst,growth_gate,7069.756458246,diag00_a1_s23_llama1b_kv3072_cap12-07_long_burst_guard_fast,guard_fast,cmpl-diag00_a1_s23_llama1b_kv3072_cap12-07_long_burst_guard_fast-r8-0-842f51c4,7,48,40,128,0,True,6,False
llama1b,3072,12,23,long,burst,growth_gate,7069.771112709,diag00_a1_s23_llama1b_kv3072_cap12-07_long_burst_guard_fast,guard_fast,cmpl-diag00_a1_s23_llama1b_kv3072_cap12-07_long_burst_guard_fast-r8-0-842f51c4,7,48,40,128,0,True,6,False
llama1b,3072,12,23,long,burst,growth_gate,7069.784610004,diag00_a1_s23_llama1b_kv3072_cap12-07_long_burst_guard_fast,guard_fast,cmpl-diag00_a1_s23_llama1b_kv3072_cap12-07_long_burst_guard_fast-r8-0-842f51c4,6,48,40,128,0,True,6,False
llama1b,3072,12,23,long,burst,growth_gate,7069.797875324,diag00_a1_s23_llama1b_kv3072_cap12-07_long_burst_guard_fast,guard_fast,cmpl-diag00_a1_s23_llama1b_kv3072_cap12-07_long_burst_guard_fast-r8-0-842f51c4,6,48,40,128,0,True,6,False
llama1b,3072,12,23,long,burst,growth_gate,7069.812078777,diag00_a1_s23_llama1b_kv3072_cap12-07_long_burst_guard_fast,guard_fast,cmpl-diag00_a1_s23_llama1b_kv3072_cap12-07_long_burst_guard_fast-r8-0-842f51c4,6,48,40,128,0,True,6,False
llama1b,3072,12,23,long,burst,growth_gate,7069.825166556,diag00_a1_s23_llama1b_kv3072_cap12-07_long_burst_guard_fast,guard_fast,cmpl-diag00_a1_s23_llama1b_kv3072_cap12-07_long_burst_guard_fast-r8-0-842f51c4,5,48,40,128,0,True,6,False
llama1b,3072,12,23,long,burst,growth_gate,7069.840439325,diag00_a1_s23_llama1b_kv3072_cap12-07_long_burst_guard_fast,guard_fast,cmpl-diag00_a1_s23_llama1b_kv3072_cap12-07_long_burst_guard_fast-r8-0-842f51c4,4,48,40,128,0,True,6,False
llama1b,3072,12,23,long,burst,growth_gate,7069.853739471,diag00_a1_s23_llama1b_kv3072_cap12-07_long_burst_guard_fast,guard_fast,cmpl-diag00_a1_s23_llama1b_kv3072_cap12-07_long_burst_guard_fast-r8-0-842f51c4,4,48,40,128,0,True,6,False
llama1b,3072,12,23,long,burst,growth_gate,7069.866274252,diag00_a1_s23_llama1b_kv3072_cap12-07_long_burst_guard_fast,guard_fast,cmpl-diag00_a1_s23_llama1b_kv3072_cap12-07_long_burst_guard_fast-r8-0-842f51c4,4,48,40,128,0,True,6,False
llama1b,3072,12,23,long,burst,growth_gate,7069.880777983,diag00_a1_s23_llama1b_kv3072_cap12-07_long_burst_guard_fast,guard_fast,cmpl-diag00_a1_s23_llama1b_kv3072_cap12-07_long_burst_guard_fast-r8-0-842f51c4,4,48,40,128,0,True,6,False
llama1b,3072,12,23,long,burst,growth_gate,7069.894795262,diag00_a1_s23_llama1b_kv3072_cap12-07_long_burst_guard_fast,guard_fast,cmpl-diag00_a1_s23_llama1b_kv3072_cap12-07_long_burst_guard_fast-r8-0-842f51c4,3,48,40,128,0,True,6,False
llama1b,3072,12,23,long,burst,growth_gate,7069.907554854,diag00_a1_s23_llama1b_kv3072_cap12-07_long_burst_guard_fast,guard_fast,cmpl-diag00_a1_s23_llama1b_kv3072_cap12-07_long_burst_guard_fast-r8-0-842f51c4,3,48,40,128,0,True,6,False
llama1b,3072,12,23,long,burst,growth_gate,7069.921144717,diag00_a1_s23_llama1b_kv3072_cap12-07_long_burst_guard_fast,guard_fast,cmpl-diag00_a1_s23_llama1b_kv3072_cap12-07_long_burst_guard_fast-r8-0-842f51c4,3,48,40,128,0,True,6,False
llama1b,3072,12,23,long,burst,growth_gate,7069.935248114,diag00_a1_s23_llama1b_kv3072_cap12-07_long_burst_guard_fast,guard_fast,cmpl-diag00_a1_s23_llama1b_kv3072_cap12-07_long_burst_guard_fast-r8-0-842f51c4,3,48,40,128,0,True,6,False
llama1b,3072,12,23,long,burst,growth_gate,7069.949575235,diag00_a1_s23_llama1b_kv3072_cap12-07_long_burst_guard_fast,guard_fast,cmpl-diag00_a1_s23_llama1b_kv3072_cap12-07_long_burst_guard_fast-r8-0-842f51c4,2,48,40,128,0,True,6,False
llama1b,3072,12,23,long,burst,growth_gate,7069.96364903,diag00_a1_s23_llama1b_kv3072_cap12-07_long_burst_guard_fast,guard_fast,cmpl-diag00_a1_s23_llama1b_kv3072_cap12-07_long_burst_guard_fast-r8-0-842f51c4,2,48,40,128,0,True,6,False
llama1b,3072,12,23,long,burst,growth_gate,7069.976710776,diag00_a1_s23_llama1b_kv3072_cap12-07_long_burst_guard_fast,guard_fast,cmpl-diag00_a1_s23_llama1b_kv3072_cap12-07_long_burst_guard_fast-r8-0-842f51c4,1,48,40,128,0,True,6,False
llama1b,3072,12,23,long,burst,growth_gate,7069.993578096,diag00_a1_s23_llama1b_kv3072_cap12-07_long_burst_guard_fast,guard_fast,cmpl-diag00_a1_s23_llama1b_kv3072_cap12-07_long_burst_guard_fast-r8-0-842f51c4,1,48,40,128,0,True,6,False
llama1b,3072,12,23,long,burst,growth_gate,7070.004982408,diag00_a1_s23_llama1b_kv3072_cap12-07_long_burst_guard_fast,guard_fast,cmpl-diag00_a1_s23_llama1b_kv3072_cap12-07_long_burst_guard_fast-r8-0-842f51c4,0,48,40,128,0,True,6,False
llama1b,3072,12,23,long,burst,growth_gate,7070.019277884,diag00_a1_s23_llama1b_kv3072_cap12-07_long_burst_guard_fast,guard_fast,cmpl-diag00_a1_s23_llama1b_kv3072_cap12-07_long_burst_guard_fast-r8-0-842f51c4,0,48,40,128,0,True,6,False
llama1b,3072,12,23,long,burst,growth_gate,7070.032899397,diag00_a1_s23_llama1b_kv3072_cap12-07_long_burst_guard_fast,guard_fast,cmpl-diag00_a1_s23_llama1b_kv3072_cap12-07_long_burst_guard_fast-r8-0-842f51c4,0,48,40,128,0,True,6,False
llama1b,3072,12,23,long,burst,growth_gate,7070.197145239,diag00_a1_s23_llama1b_kv3072_cap12-07_long_burst_guard_fast,guard_fast,cmpl-diag00_a1_s23_llama1b_kv3072_cap12-07_long_burst_guard_fast-r8-0-842f51c4,17,40,40,128,0,True,5,False
llama1b,3072,12,23,long,burst,growth_gate,7070.340131158,diag00_a1_s23_llama1b_kv3072_cap12-07_long_burst_guard_fast,guard_fast,cmpl-diag00_a1_s23_llama1b_kv3072_cap12-07_long_burst_guard_fast-r8-0-842f51c4,17,40,40,128,0,True,5,False
llama1b,3072,12,23,long,burst,growth_gate,7070.491600984,diag00_a1_s23_llama1b_kv3072_cap12-07_long_burst_guard_fast,guard_fast,cmpl-diag00_a1_s23_llama1b_kv3072_cap12-07_long_burst_guard_fast-r8-0-842f51c4,39,40,40,128,0,True,5,False
llama1b,3072,12,23,long,burst,growth_gate,7070.614518118,diag00_a1_s23_llama1b_kv3072_cap12-07_long_burst_guard_fast,guard_fast,cmpl-diag00_a1_s23_llama1b_kv3072_cap12-07_long_burst_guard_fast-r8-0-842f51c4,22,40,40,128,0,True,5,False
llama1b,3072,12,23,long,burst,growth_gate,7070.630299442,diag00_a1_s23_llama1b_kv3072_cap12-07_long_burst_guard_fast,guard_fast,cmpl-diag00_a1_s23_llama1b_kv3072_cap12-07_long_burst_guard_fast-r8-0-842f51c4,22,40,40,128,0,True,5,False
llama1b,3072,12,23,long,burst,growth_gate,7070.706133052,diag00_a1_s23_llama1b_kv3072_cap12-07_long_burst_guard_fast,guard_fast,cmpl-diag00_a1_s23_llama1b_kv3072_cap12-07_long_burst_guard_fast-r8-0-842f51c4,21,40,40,128,0,True,5,False
llama1b,3072,12,23,long,burst,growth_gate,7070.720192385,diag00_a1_s23_llama1b_kv3072_cap12-07_long_burst_guard_fast,guard_fast,cmpl-diag00_a1_s23_llama1b_kv3072_cap12-07_long_burst_guard_fast-r8-0-842f51c4,20,40,40,128,0,True,5,False
llama1b,3072,12,23,long,burst,growth_gate,7070.734582869,diag00_a1_s23_llama1b_kv3072_cap12-07_long_burst_guard_fast,guard_fast,cmpl-diag00_a1_s23_llama1b_kv3072_cap12-07_long_burst_guard_fast-r8-0-842f51c4,19,40,40,128,0,True,5,False
llama1b,3072,12,23,long,burst,growth_gate,7070.748801595,diag00_a1_s23_llama1b_kv3072_cap12-07_long_burst_guard_fast,guard_fast,cmpl-diag00_a1_s23_llama1b_kv3072_cap12-07_long_burst_guard_fast-r8-0-842f51c4,19,40,40,128,0,True,5,False
llama1b,3072,12,23,long,burst,growth_gate,7070.761829535,diag00_a1_s23_llama1b_kv3072_cap12-07_long_burst_guard_fast,guard_fast,cmpl-diag00_a1_s23_llama1b_kv3072_cap12-07_long_burst_guard_fast-r8-0-842f51c4,19,40,40,128,0,True,5,False
llama1b,3072,12,23,long,burst,growth_gate,7070.775989034,diag00_a1_s23_llama1b_kv3072_cap12-07_long_burst_guard_fast,guard_fast,cmpl-diag00_a1_s23_llama1b_kv3072_cap12-07_long_burst_guard_fast-r8-0-842f51c4,19,40,40,128,0,True,5,False
llama1b,3072,12,23,long,burst,growth_gate,7070.790184243,diag00_a1_s23_llama1b_kv3072_cap12-07_long_burst_guard_fast,guard_fast,cmpl-diag00_a1_s23_llama1b_kv3072_cap12-07_long_burst_guard_fast-r8-0-842f51c4,19,40,40,128,0,True,5,False
llama1b,3072,12,23,long,burst,growth_gate,7070.804011046,diag00_a1_s23_llama1b_kv3072_cap12-07_long_burst_guard_fast,guard_fast,cmpl-diag00_a1_s23_llama1b_kv3072_cap12-07_long_burst_guard_fast-r8-0-842f51c4,19,40,40,128,0,True,5,False
llama1b,3072,12,23,long,burst,growth_gate,7070.817904444,diag00_a1_s23_llama1b_kv3072_cap12-07_long_burst_guard_fast,guard_fast,cmpl-diag00_a1_s23_llama1b_kv3072_cap12-07_long_burst_guard_fast-r8-0-842f51c4,18,40,40,128,0,True,5,False
llama1b,3072,12,23,long,burst,growth_gate,7070.832132031,diag00_a1_s23_llama1b_kv3072_cap12-07_long_burst_guard_fast,guard_fast,cmpl-diag00_a1_s23_llama1b_kv3072_cap12-07_long_burst_guard_fast-r8-0-842f51c4,18,40,40,128,0,True,5,False
llama1b,3072,12,23,long,burst,growth_gate,7070.846552534,diag00_a1_s23_llama1b_kv3072_cap12-07_long_burst_guard_fast,guard_fast,cmpl-diag00_a1_s23_llama1b_kv3072_cap12-07_long_burst_guard_fast-r8-0-842f51c4,18,40,40,128,0,True,5,False
llama1b,3072,12,23,long,burst,growth_gate,7070.86221752,diag00_a1_s23_llama1b_kv3072_cap12-07_long_burst_guard_fast,guard_fast,cmpl-diag00_a1_s23_llama1b_kv3072_cap12-07_long_burst_guard_fast-r8-0-842f51c4,18,40,40,128,0,True,5,False
llama1b,3072,12,23,long,burst,growth_gate,7070.874015256,diag00_a1_s23_llama1b_kv3072_cap12-07_long_burst_guard_fast,guard_fast,cmpl-diag00_a1_s23_llama1b_kv3072_cap12-07_long_burst_guard_fast-r8-0-842f51c4,18,40,40,128,0,True,5,False
llama1b,3072,12,23,long,burst,growth_gate,7070.887377318,diag00_a1_s23_llama1b_kv3072_cap12-07_long_burst_guard_fast,guard_fast,cmpl-diag00_a1_s23_llama1b_kv3072_cap12-07_long_burst_guard_fast-r8-0-842f51c4,66,32,40,128,0,True,4,False
llama1b,3072,12,23,long,burst,growth_gate,7070.901079558,diag00_a1_s23_llama1b_kv3072_cap12-07_long_burst_guard_fast,guard_fast,cmpl-diag00_a1_s23_llama1b_kv3072_cap12-07_long_burst_guard_fast-r8-0-842f51c4,66,32,40,128,0,True,4,False
llama1b,3072,12,23,long,burst,growth_gate,7070.914761302,diag00_a1_s23_llama1b_kv3072_cap12-07_long_burst_guard_fast,guard_fast,cmpl-diag00_a1_s23_llama1b_kv3072_cap12-07_long_burst_guard_fast-r8-0-842f51c4,66,32,40,128,0,True,4,False
llama1b,3072,12,23,long,burst,growth_gate,7070.928364174,diag00_a1_s23_llama1b_kv3072_cap12-07_long_burst_guard_fast,guard_fast,cmpl-diag00_a1_s23_llama1b_kv3072_cap12-07_long_burst_guard_fast-r8-0-842f51c4,65,32,40,128,0,True,4,False
llama1b,3072,12,23,long,burst,growth_gate,7070.942178259,diag00_a1_s23_llama1b_kv3072_cap12-07_long_burst_guard_fast,guard_fast,cmpl-diag00_a1_s23_llama1b_kv3072_cap12-07_long_burst_guard_fast-r8-0-842f51c4,89,24,40,128,0,False,3,False
llama1b,3072,12,23,long,burst,growth_gate,7070.94225686,diag00_a1_s23_llama1b_kv3072_cap12-07_long_burst_guard_fast,guard_fast,cmpl-diag00_a1_s23_llama1b_kv3072_cap12-07_long_burst_guard_fast-r9-0-88d59262,57,32,40,128,0,True,4,False
llama1b,3072,12,23,long,burst,growth_gate,7070.958520371,diag00_a1_s23_llama1b_kv3072_cap12-07_long_burst_guard_fast,guard_fast,cmpl-diag00_a1_s23_llama1b_kv3072_cap12-07_long_burst_guard_fast-r9-0-88d59262,55,32,40,128,0,True,4,False
llama1b,3072,12,23,long,burst,growth_gate,7071.018871974,diag00_a1_s23_llama1b_kv3072_cap12-07_long_burst_guard_fast,guard_fast,cmpl-diag00_a1_s23_llama1b_kv3072_cap12-07_long_burst_guard_fast-r9-0-88d59262,55,32,40,128,0,True,4,False
llama1b,3072,12,23,long,burst,growth_gate,7071.032666477,diag00_a1_s23_llama1b_kv3072_cap12-07_long_burst_guard_fast,guard_fast,cmpl-diag00_a1_s23_llama1b_kv3072_cap12-07_long_burst_guard_fast-r9-0-88d59262,55,32,40,128,0,True,4,False
llama1b,3072,12,23,long,burst,growth_gate,7071.04663751,diag00_a1_s23_llama1b_kv3072_cap12-07_long_burst_guard_fast,guard_fast,cmpl-diag00_a1_s23_llama1b_kv3072_cap12-07_long_burst_guard_fast-r9-0-88d59262,55,32,40,128,0,True,4,False
llama1b,3072,12,23,long,burst,growth_gate,7071.059977535,diag00_a1_s23_llama1b_kv3072_cap12-07_long_burst_guard_fast,guard_fast,cmpl-diag00_a1_s23_llama1b_kv3072_cap12-07_long_burst_guard_fast-r9-0-88d59262,55,32,40,128,0,True,4,False
llama1b,3072,12,23,long,burst,growth_gate,7071.074612714,diag00_a1_s23_llama1b_kv3072_cap12-07_long_burst_guard_fast,guard_fast,cmpl-diag00_a1_s23_llama1b_kv3072_cap12-07_long_burst_guard_fast-r9-0-88d59262,55,32,40,128,0,True,4,False
llama1b,3072,12,23,long,burst,growth_gate,7071.08620797,diag00_a1_s23_llama1b_kv3072_cap12-07_long_burst_guard_fast,guard_fast,cmpl-diag00_a1_s23_llama1b_kv3072_cap12-07_long_burst_guard_fast-r9-0-88d59262,54,32,40,128,0,True,4,False
llama1b,3072,12,23,long,burst,growth_gate,7071.099887128,diag00_a1_s23_llama1b_kv3072_cap12-07_long_burst_guard_fast,guard_fast,cmpl-diag00_a1_s23_llama1b_kv3072_cap12-07_long_burst_guard_fast-r9-0-88d59262,54,32,40,128,0,True,4,False
llama1b,3072,12,23,long,burst,growth_gate,7071.113764215,diag00_a1_s23_llama1b_kv3072_cap12-07_long_burst_guard_fast,guard_fast,cmpl-diag00_a1_s23_llama1b_kv3072_cap12-07_long_burst_guard_fast-r9-0-88d59262,54,32,40,128,0,True,4,False
llama1b,3072,12,23,long,burst,growth_gate,7071.127040894,diag00_a1_s23_llama1b_kv3072_cap12-07_long_burst_guard_fast,guard_fast,cmpl-diag00_a1_s23_llama1b_kv3072_cap12-07_long_burst_guard_fast-r9-0-88d59262,54,32,40,128,0,True,4,False
llama1b,3072,12,23,long,burst,growth_gate,7071.140666836,diag00_a1_s23_llama1b_kv3072_cap12-07_long_burst_guard_fast,guard_fast,cmpl-diag00_a1_s23_llama1b_kv3072_cap12-07_long_burst_guard_fast-r9-0-88d59262,54,32,40,128,0,True,4,False
llama1b,3072,12,23,long,burst,growth_gate,7071.154920585,diag00_a1_s23_llama1b_kv3072_cap12-07_long_burst_guard_fast,guard_fast,cmpl-diag00_a1_s23_llama1b_kv3072_cap12-07_long_burst_guard_fast-r9-0-88d59262,54,32,40,128,0,True,4,False
llama1b,3072,12,23,long,burst,growth_gate,7071.169623326,diag00_a1_s23_llama1b_kv3072_cap12-07_long_burst_guard_fast,guard_fast,cmpl-diag00_a1_s23_llama1b_kv3072_cap12-07_long_burst_guard_fast-r9-0-88d59262,54,32,40,128,0,True,4,False
llama1b,3072,12,23,long,burst,growth_gate,7071.182756385,diag00_a1_s23_llama1b_kv3072_cap12-07_long_burst_guard_fast,guard_fast,cmpl-diag00_a1_s23_llama1b_kv3072_cap12-07_long_burst_guard_fast-r9-0-88d59262,54,32,40,128,0,True,4,False
llama1b,3072,12,23,long,burst,growth_gate,7071.196446217,diag00_a1_s23_llama1b_kv3072_cap12-07_long_burst_guard_fast,guard_fast,cmpl-diag00_a1_s23_llama1b_kv3072_cap12-07_long_burst_guard_fast-r9-0-88d59262,53,32,40,128,0,True,4,False
llama1b,3072,12,23,long,burst,growth_gate,7071.209983916,diag00_a1_s23_llama1b_kv3072_cap12-07_long_burst_guard_fast,guard_fast,cmpl-diag00_a1_s23_llama1b_kv3072_cap12-07_long_burst_guard_fast-r9-0-88d59262,53,32,40,128,0,True,4,False
llama1b,3072,12,23,long,burst,growth_gate,7071.223596974,diag00_a1_s23_llama1b_kv3072_cap12-07_long_burst_guard_fast,guard_fast,cmpl-diag00_a1_s23_llama1b_kv3072_cap12-07_long_burst_guard_fast-r9-0-88d59262,51,32,40,128,0,True,4,False
llama1b,3072,12,23,long,burst,growth_gate,7071.237237626,diag00_a1_s23_llama1b_kv3072_cap12-07_long_burst_guard_fast,guard_fast,cmpl-diag00_a1_s23_llama1b_kv3072_cap12-07_long_burst_guard_fast-r9-0-88d59262,51,32,40,128,0,True,4,False
llama1b,3072,12,23,long,burst,growth_gate,7071.251434248,diag00_a1_s23_llama1b_kv3072_cap12-07_long_burst_guard_fast,guard_fast,cmpl-diag00_a1_s23_llama1b_kv3072_cap12-07_long_burst_guard_fast-r9-0-88d59262,51,32,40,128,0,True,4,False
llama1b,3072,12,23,long,burst,growth_gate,7071.264836929,diag00_a1_s23_llama1b_kv3072_cap12-07_long_burst_guard_fast,guard_fast,cmpl-diag00_a1_s23_llama1b_kv3072_cap12-07_long_burst_guard_fast-r9-0-88d59262,51,32,40,128,0,True,4,False
llama1b,3072,12,23,long,burst,growth_gate,7071.278418203,diag00_a1_s23_llama1b_kv3072_cap12-07_long_burst_guard_fast,guard_fast,cmpl-diag00_a1_s23_llama1b_kv3072_cap12-07_long_burst_guard_fast-r9-0-88d59262,51,32,40,128,0,True,4,False
llama1b,3072,12,23,long,burst,growth_gate,7071.292368511,diag00_a1_s23_llama1b_kv3072_cap12-07_long_burst_guard_fast,guard_fast,cmpl-diag00_a1_s23_llama1b_kv3072_cap12-07_long_burst_guard_fast-r9-0-88d59262,51,32,40,128,0,True,4,False
llama1b,3072,12,23,long,burst,growth_gate,7071.30681246,diag00_a1_s23_llama1b_kv3072_cap12-07_long_burst_guard_fast,guard_fast,cmpl-diag00_a1_s23_llama1b_kv3072_cap12-07_long_burst_guard_fast-r9-0-88d59262,50,32,40,128,0,True,4,False
llama1b,3072,12,23,long,burst,growth_gate,7071.319189377,diag00_a1_s23_llama1b_kv3072_cap12-07_long_burst_guard_fast,guard_fast,cmpl-diag00_a1_s23_llama1b_kv3072_cap12-07_long_burst_guard_fast-r9-0-88d59262,50,32,40,128,0,True,4,False
llama1b,3072,12,23,long,burst,growth_gate,7071.332778587,diag00_a1_s23_llama1b_kv3072_cap12-07_long_burst_guard_fast,guard_fast,cmpl-diag00_a1_s23_llama1b_kv3072_cap12-07_long_burst_guard_fast-r9-0-88d59262,50,32,40,128,0,True,4,False
llama1b,3072,12,23,long,burst,growth_gate,7071.348118517,diag00_a1_s23_llama1b_kv3072_cap12-07_long_burst_guard_fast,guard_fast,cmpl-diag00_a1_s23_llama1b_kv3072_cap12-07_long_burst_guard_fast-r9-0-88d59262,50,32,40,128,0,True,4,False
llama1b,3072,12,23,long,burst,growth_gate,7071.359746175,diag00_a1_s23_llama1b_kv3072_cap12-07_long_burst_guard_fast,guard_fast,cmpl-diag00_a1_s23_llama1b_kv3072_cap12-07_long_burst_guard_fast-r9-0-88d59262,50,32,40,128,0,True,4,False
llama1b,3072,12,23,long,burst,growth_gate,7071.373942439,diag00_a1_s23_llama1b_kv3072_cap12-07_long_burst_guard_fast,guard_fast,cmpl-diag00_a1_s23_llama1b_kv3072_cap12-07_long_burst_guard_fast-r9-0-88d59262,50,32,40,128,0,True,4,False
llama1b,3072,12,23,long,burst,growth_gate,7071.388206282,diag00_a1_s23_llama1b_kv3072_cap12-07_long_burst_guard_fast,guard_fast,cmpl-diag00_a1_s23_llama1b_kv3072_cap12-07_long_burst_guard_fast-r9-0-88d59262,50,32,40,128,0,True,4,False
llama1b,3072,12,23,long,burst,growth_gate,7071.401568167,diag00_a1_s23_llama1b_kv3072_cap12-07_long_burst_guard_fast,guard_fast,cmpl-diag00_a1_s23_llama1b_kv3072_cap12-07_long_burst_guard_fast-r9-0-88d59262,50,32,40,128,0,True,4,False
llama1b,3072,12,23,long,burst,growth_gate,7071.414796325,diag00_a1_s23_llama1b_kv3072_cap12-07_long_burst_guard_fast,guard_fast,cmpl-diag00_a1_s23_llama1b_kv3072_cap12-07_long_burst_guard_fast-r9-0-88d59262,49,32,40,128,0,True,4,False
llama1b,3072,12,23,long,burst,growth_gate,7071.429668534,diag00_a1_s23_llama1b_kv3072_cap12-07_long_burst_guard_fast,guard_fast,cmpl-diag00_a1_s23_llama1b_kv3072_cap12-07_long_burst_guard_fast-r9-0-88d59262,49,32,40,128,0,True,4,False
llama1b,3072,12,23,long,burst,growth_gate,7071.445520301,diag00_a1_s23_llama1b_kv3072_cap12-07_long_burst_guard_fast,guard_fast,cmpl-diag00_a1_s23_llama1b_kv3072_cap12-07_long_burst_guard_fast-r9-0-88d59262,47,32,40,128,0,True,4,False
llama1b,3072,12,23,long,burst,growth_gate,7071.457220808,diag00_a1_s23_llama1b_kv3072_cap12-07_long_burst_guard_fast,guard_fast,cmpl-diag00_a1_s23_llama1b_kv3072_cap12-07_long_burst_guard_fast-r9-0-88d59262,47,32,40,128,0,True,4,False
llama1b,3072,12,23,long,burst,growth_gate,7071.470116637,diag00_a1_s23_llama1b_kv3072_cap12-07_long_burst_guard_fast,guard_fast,cmpl-diag00_a1_s23_llama1b_kv3072_cap12-07_long_burst_guard_fast-r9-0-88d59262,47,32,40,128,0,True,4,False
llama1b,3072,12,23,long,burst,growth_gate,7071.483893684,diag00_a1_s23_llama1b_kv3072_cap12-07_long_burst_guard_fast,guard_fast,cmpl-diag00_a1_s23_llama1b_kv3072_cap12-07_long_burst_guard_fast-r9-0-88d59262,47,32,40,128,0,True,4,False
llama1b,3072,12,23,long,burst,growth_gate,7071.499063475,diag00_a1_s23_llama1b_kv3072_cap12-07_long_burst_guard_fast,guard_fast,cmpl-diag00_a1_s23_llama1b_kv3072_cap12-07_long_burst_guard_fast-r9-0-88d59262,47,32,40,128,0,True,4,False
llama1b,3072,12,23,long,burst,growth_gate,7071.511754771,diag00_a1_s23_llama1b_kv3072_cap12-07_long_burst_guard_fast,guard_fast,cmpl-diag00_a1_s23_llama1b_kv3072_cap12-07_long_burst_guard_fast-r9-0-88d59262,47,32,40,128,0,True,4,False
llama1b,3072,12,23,long,burst,growth_gate,7071.525065833,diag00_a1_s23_llama1b_kv3072_cap12-07_long_burst_guard_fast,guard_fast,cmpl-diag00_a1_s23_llama1b_kv3072_cap12-07_long_burst_guard_fast-r9-0-88d59262,46,32,40,128,0,True,4,False
llama1b,3072,12,23,long,burst,growth_gate,7071.539806216,diag00_a1_s23_llama1b_kv3072_cap12-07_long_burst_guard_fast,guard_fast,cmpl-diag00_a1_s23_llama1b_kv3072_cap12-07_long_burst_guard_fast-r9-0-88d59262,46,32,40,128,0,True,4,False
llama1b,3072,12,23,long,burst,growth_gate,7071.553421316,diag00_a1_s23_llama1b_kv3072_cap12-07_long_burst_guard_fast,guard_fast,cmpl-diag00_a1_s23_llama1b_kv3072_cap12-07_long_burst_guard_fast-r9-0-88d59262,46,32,40,128,0,True,4,False
llama1b,3072,12,23,long,burst,growth_gate,7071.567377237,diag00_a1_s23_llama1b_kv3072_cap12-07_long_burst_guard_fast,guard_fast,cmpl-diag00_a1_s23_llama1b_kv3072_cap12-07_long_burst_guard_fast-r9-0-88d59262,46,32,40,128,0,True,4,False
llama1b,3072,12,23,long,burst,growth_gate,7071.581706207,diag00_a1_s23_llama1b_kv3072_cap12-07_long_burst_guard_fast,guard_fast,cmpl-diag00_a1_s23_llama1b_kv3072_cap12-07_long_burst_guard_fast-r9-0-88d59262,46,32,40,128,0,True,4,False
llama1b,3072,12,23,long,burst,growth_gate,7071.596865639,diag00_a1_s23_llama1b_kv3072_cap12-07_long_burst_guard_fast,guard_fast,cmpl-diag00_a1_s23_llama1b_kv3072_cap12-07_long_burst_guard_fast-r9-0-88d59262,46,32,40,128,0,True,4,False
llama1b,3072,12,23,long,burst,growth_gate,7071.611340456,diag00_a1_s23_llama1b_kv3072_cap12-07_long_burst_guard_fast,guard_fast,cmpl-diag00_a1_s23_llama1b_kv3072_cap12-07_long_burst_guard_fast-r9-0-88d59262,46,32,40,128,0,True,4,False
llama1b,3072,12,23,long,burst,growth_gate,7071.62513573,diag00_a1_s23_llama1b_kv3072_cap12-07_long_burst_guard_fast,guard_fast,cmpl-diag00_a1_s23_llama1b_kv3072_cap12-07_long_burst_guard_fast-r9-0-88d59262,46,32,40,128,0,True,4,False
llama1b,3072,12,23,long,burst,growth_gate,7071.639273132,diag00_a1_s23_llama1b_kv3072_cap12-07_long_burst_guard_fast,guard_fast,cmpl-diag00_a1_s23_llama1b_kv3072_cap12-07_long_burst_guard_fast-r9-0-88d59262,45,32,40,128,0,True,4,False
llama1b,3072,12,23,long,burst,growth_gate,7071.653679448,diag00_a1_s23_llama1b_kv3072_cap12-07_long_burst_guard_fast,guard_fast,cmpl-diag00_a1_s23_llama1b_kv3072_cap12-07_long_burst_guard_fast-r9-0-88d59262,45,32,40,128,0,True,4,False
llama1b,3072,12,23,long,burst,growth_gate,7071.669080644,diag00_a1_s23_llama1b_kv3072_cap12-07_long_burst_guard_fast,guard_fast,cmpl-diag00_a1_s23_llama1b_kv3072_cap12-07_long_burst_guard_fast-r9-0-88d59262,43,32,40,128,0,True,4,False
llama1b,3072,12,23,long,burst,growth_gate,7071.683326566,diag00_a1_s23_llama1b_kv3072_cap12-07_long_burst_guard_fast,guard_fast,cmpl-diag00_a1_s23_llama1b_kv3072_cap12-07_long_burst_guard_fast-r9-0-88d59262,43,32,40,128,0,True,4,False
llama1b,3072,12,23,long,burst,growth_gate,7071.697238016,diag00_a1_s23_llama1b_kv3072_cap12-07_long_burst_guard_fast,guard_fast,cmpl-diag00_a1_s23_llama1b_kv3072_cap12-07_long_burst_guard_fast-r9-0-88d59262,43,32,40,128,0,True,4,False
llama1b,3072,12,23,long,burst,growth_gate,7071.711191106,diag00_a1_s23_llama1b_kv3072_cap12-07_long_burst_guard_fast,guard_fast,cmpl-diag00_a1_s23_llama1b_kv3072_cap12-07_long_burst_guard_fast-r9-0-88d59262,43,32,40,128,0,True,4,False
llama1b,3072,12,23,long,burst,growth_gate,7071.726348639,diag00_a1_s23_llama1b_kv3072_cap12-07_long_burst_guard_fast,guard_fast,cmpl-diag00_a1_s23_llama1b_kv3072_cap12-07_long_burst_guard_fast-r9-0-88d59262,43,32,40,128,0,True,4,False
llama1b,3072,12,23,long,burst,growth_gate,7071.743101391,diag00_a1_s23_llama1b_kv3072_cap12-07_long_burst_guard_fast,guard_fast,cmpl-diag00_a1_s23_llama1b_kv3072_cap12-07_long_burst_guard_fast-r9-0-88d59262,43,32,40,128,0,True,4,False
llama1b,3072,12,23,long,burst,growth_gate,7071.756101197,diag00_a1_s23_llama1b_kv3072_cap12-07_long_burst_guard_fast,guard_fast,cmpl-diag00_a1_s23_llama1b_kv3072_cap12-07_long_burst_guard_fast-r9-0-88d59262,42,32,40,128,0,True,4,False
llama1b,3072,12,23,long,burst,growth_gate,7071.772181074,diag00_a1_s23_llama1b_kv3072_cap12-07_long_burst_guard_fast,guard_fast,cmpl-diag00_a1_s23_llama1b_kv3072_cap12-07_long_burst_guard_fast-r9-0-88d59262,42,32,40,128,0,True,4,False
llama1b,3072,12,23,long,burst,growth_gate,7071.786380745,diag00_a1_s23_llama1b_kv3072_cap12-07_long_burst_guard_fast,guard_fast,cmpl-diag00_a1_s23_llama1b_kv3072_cap12-07_long_burst_guard_fast-r9-0-88d59262,42,32,40,128,0,True,4,False
llama1b,3072,12,23,long,burst,growth_gate,7071.798793731,diag00_a1_s23_llama1b_kv3072_cap12-07_long_burst_guard_fast,guard_fast,cmpl-diag00_a1_s23_llama1b_kv3072_cap12-07_long_burst_guard_fast-r9-0-88d59262,42,32,40,128,0,True,4,False
llama1b,3072,12,23,long,burst,growth_gate,7071.812605595,diag00_a1_s23_llama1b_kv3072_cap12-07_long_burst_guard_fast,guard_fast,cmpl-diag00_a1_s23_llama1b_kv3072_cap12-07_long_burst_guard_fast-r9-0-88d59262,42,32,40,128,0,True,4,False
llama1b,3072,12,23,long,burst,growth_gate,7071.826698322,diag00_a1_s23_llama1b_kv3072_cap12-07_long_burst_guard_fast,guard_fast,cmpl-diag00_a1_s23_llama1b_kv3072_cap12-07_long_burst_guard_fast-r9-0-88d59262,42,32,40,128,0,True,4,False
llama1b,3072,12,23,long,burst,growth_gate,7071.840752389,diag00_a1_s23_llama1b_kv3072_cap12-07_long_burst_guard_fast,guard_fast,cmpl-diag00_a1_s23_llama1b_kv3072_cap12-07_long_burst_guard_fast-r9-0-88d59262,42,32,40,128,0,True,4,False
llama1b,3072,12,23,long,burst,growth_gate,7071.853853893,diag00_a1_s23_llama1b_kv3072_cap12-07_long_burst_guard_fast,guard_fast,cmpl-diag00_a1_s23_llama1b_kv3072_cap12-07_long_burst_guard_fast-r9-0-88d59262,42,32,40,128,0,True,4,False
llama1b,3072,12,23,long,burst,growth_gate,7071.867046832,diag00_a1_s23_llama1b_kv3072_cap12-07_long_burst_guard_fast,guard_fast,cmpl-diag00_a1_s23_llama1b_kv3072_cap12-07_long_burst_guard_fast-r9-0-88d59262,41,32,40,128,0,True,4,False
llama1b,3072,12,23,long,burst,growth_gate,7071.880993101,diag00_a1_s23_llama1b_kv3072_cap12-07_long_burst_guard_fast,guard_fast,cmpl-diag00_a1_s23_llama1b_kv3072_cap12-07_long_burst_guard_fast-r9-0-88d59262,41,32,40,128,0,True,4,False
llama1b,3072,12,23,long,burst,growth_gate,7071.894753658,diag00_a1_s23_llama1b_kv3072_cap12-07_long_burst_guard_fast,guard_fast,cmpl-diag00_a1_s23_llama1b_kv3072_cap12-07_long_burst_guard_fast-r9-0-88d59262,76,24,40,128,0,False,3,False
llama1b,3072,12,23,long,burst,growth_gate,7071.894869073,diag00_a1_s23_llama1b_kv3072_cap12-07_long_burst_guard_fast,guard_fast,cmpl-diag00_a1_s23_llama1b_kv3072_cap12-07_long_burst_guard_fast-r10-0-a744dbff,44,32,24,128,0,True,4,False
llama1b,3072,12,23,long,burst,growth_gate,7071.910688888,diag00_a1_s23_llama1b_kv3072_cap12-07_long_burst_guard_fast,guard_fast,cmpl-diag00_a1_s23_llama1b_kv3072_cap12-07_long_burst_guard_fast-r10-0-a744dbff,43,32,24,128,0,True,4,False
llama1b,3072,12,23,long,burst,growth_gate,7071.971556459,diag00_a1_s23_llama1b_kv3072_cap12-07_long_burst_guard_fast,guard_fast,cmpl-diag00_a1_s23_llama1b_kv3072_cap12-07_long_burst_guard_fast-r10-0-a744dbff,43,32,24,128,0,True,4,False
llama1b,3072,12,23,long,burst,growth_gate,7071.985682307,diag00_a1_s23_llama1b_kv3072_cap12-07_long_burst_guard_fast,guard_fast,cmpl-diag00_a1_s23_llama1b_kv3072_cap12-07_long_burst_guard_fast-r10-0-a744dbff,43,32,24,128,0,True,4,False
llama1b,3072,12,23,long,burst,growth_gate,7071.99869479,diag00_a1_s23_llama1b_kv3072_cap12-07_long_burst_guard_fast,guard_fast,cmpl-diag00_a1_s23_llama1b_kv3072_cap12-07_long_burst_guard_fast-r10-0-a744dbff,43,32,24,128,0,True,4,False
llama1b,3072,12,23,long,burst,growth_gate,7072.012752375,diag00_a1_s23_llama1b_kv3072_cap12-07_long_burst_guard_fast,guard_fast,cmpl-diag00_a1_s23_llama1b_kv3072_cap12-07_long_burst_guard_fast-r10-0-a744dbff,43,32,24,128,0,True,4,False
llama1b,3072,12,23,long,burst,growth_gate,7072.027317718,diag00_a1_s23_llama1b_kv3072_cap12-07_long_burst_guard_fast,guard_fast,cmpl-diag00_a1_s23_llama1b_kv3072_cap12-07_long_burst_guard_fast-r10-0-a744dbff,91,24,24,128,0,False,3,False
llama1b,3072,12,23,long,burst,growth_gate,7072.027397359,diag00_a1_s23_llama1b_kv3072_cap12-07_long_burst_guard_fast,guard_fast,cmpl-diag00_a1_s23_llama1b_kv3072_cap12-07_long_burst_guard_fast-r11-0-9273ab8a,75,32,16,128,0,False,4,False
