model,slots,cap,seed,mix,arrival,trial,policy,index,input,output,ttft,completion,max_gap,evictions,replay,lost,terminal_discard,engine_max_gap,wait_covered_gt1_gaps_s,total_gt1_gaps_s,budget,budget_miss,token_sha256,gap_gt_0.25,gap_gt_0.5,gap_gt_1,gap_gt_2,gap_gt_5
qwen1.5b,3072,6,23,generation,burst,study00_a1_s23_qwen1.5b_kv3072_cap6-00_generation_burst_slai_port,slai_port,5,128,64,0.08203978500023368,1.177982750999945,0.02390438499969605,0,0,0,0,0.023620944999493076,0,0,0.5,False,e0f50a8efbc9e328db9d34d4cf526b20f80d00750415f94c03c87df8442901ce,False,False,False,False,False
qwen1.5b,3072,6,23,generation,burst,study00_a1_s23_qwen1.5b_kv3072_cap6-00_generation_burst_slai_port,slai_port,7,128,64,1.1233365210000557,2.210562547000336,0.021555956000156584,0,0,0,0,0.02112152799963951,0,0,0.5,False,e0f50a8efbc9e328db9d34d4cf526b20f80d00750415f94c03c87df8442901ce,False,False,False,False,False
qwen1.5b,3072,6,23,generation,burst,study00_a1_s23_qwen1.5b_kv3072_cap6-00_generation_burst_slai_port,slai_port,0,512,256,0.08550365700011753,4.677139464999527,0.055616831999941496,0,0,0,0,0.055293503999564564,0,0,0.5,False,656e05bc9171a2e86b23b91b5ba98d7a0be5e68c9709b7846c75f1b71a7e4fed,False,False,False,False,False
qwen1.5b,3072,6,23,generation,burst,study00_a1_s23_qwen1.5b_kv3072_cap6-00_generation_burst_slai_port,slai_port,4,128,256,0.08068506700055877,4.601813638000749,0.04979729499973473,0,0,0,0,0.04974238199974934,0,0,0.5,False,bf62b27947e9283e7065364bab8cd45fdaf6d8df88e55b44cac41a47a5d2821b,False,False,False,False,False
qwen1.5b,3072,6,23,generation,burst,study00_a1_s23_qwen1.5b_kv3072_cap6-00_generation_burst_slai_port,slai_port,11,256,64,4.198100685999634,5.3531332550001025,0.0827040690001013,0,0,0,0,0.08263180599988118,0,0,0.5,False,99b39f389d58c69381582ff9765b946050cc1b056e37d1975914a1bc4e29233b,False,False,False,False,False
qwen1.5b,3072,6,23,generation,burst,study00_a1_s23_qwen1.5b_kv3072_cap6-00_generation_burst_slai_port,slai_port,6,512,64,4.604466599000261,5.689225455999804,0.020660170999690308,0,0,0,0,0.020734235999952944,0,0,0.5,False,590daf2e29135ee2485dfb19d82e58965a788053018e5ec50255ebd1cd82336c,False,False,False,False,False
qwen1.5b,3072,6,23,generation,burst,study00_a1_s23_qwen1.5b_kv3072_cap6-00_generation_burst_slai_port,slai_port,9,256,256,2.1812549160003982,6.761566807000236,0.08400905599955877,0,0,0,0,0.08361993099970277,0,0,0.5,False,4b4e7b7ccba06f00fbf940068bf4cae0c51f6ce6b01a519cc18c3116385ddcac,False,False,False,False,False
qwen1.5b,3072,6,23,generation,burst,study00_a1_s23_qwen1.5b_kv3072_cap6-00_generation_burst_slai_port,slai_port,8,512,256,5.692206411999905,10.35050264199981,0.08088987699920835,0,0,0,0,0.08022991699999693,0,0,0.5,False,656e05bc9171a2e86b23b91b5ba98d7a0be5e68c9709b7846c75f1b71a7e4fed,False,False,False,False,False
qwen1.5b,3072,6,23,generation,burst,study00_a1_s23_qwen1.5b_kv3072_cap6-00_generation_burst_slai_port,slai_port,1,256,768,0.10938558899943018,14.372159092999937,0.1073558359994422,0,0,0,0,0.10717862199999217,0,0,0.5,False,492875ae243db7dba3a1837f2cf56e86de6b9f5da806c48bae78c311f6e3a690,False,False,False,False,False
qwen1.5b,3072,6,23,generation,burst,study00_a1_s23_qwen1.5b_kv3072_cap6-00_generation_burst_slai_port,slai_port,3,128,768,0.09979566399942996,17.38668449099987,3.1191025069992975,1,736,736,0,3.1191766290003216,2.995820520000052,3.1191025069992975,0.5,True,28ec60118a0ce239757f7d525fcbf290def53574bdb9bd990d4970a30c2ae421,True,True,True,True,False
qwen1.5b,3072,6,23,generation,burst,study00_a1_s23_qwen1.5b_kv3072_cap6-00_generation_burst_slai_port,slai_port,2,256,768,0.11480073500024446,17.497696260999874,3.1066210910003065,1,672,672,0,3.106919885000025,2.9790581470006146,3.1066210910003065,0.5,True,492875ae243db7dba3a1837f2cf56e86de6b9f5da806c48bae78c311f6e3a690,True,True,True,True,False
qwen1.5b,3072,6,23,generation,burst,study00_a1_s23_qwen1.5b_kv3072_cap6-00_generation_burst_slai_port,slai_port,10,512,768,6.811527048999778,21.15491160900001,0.10734661700007564,0,0,0,0,0.1072456419997252,0,0,0.5,False,492875ae243db7dba3a1837f2cf56e86de6b9f5da806c48bae78c311f6e3a690,False,False,False,False,False
qwen1.5b,3072,6,23,generation,stagger,study00_a1_s23_qwen1.5b_kv3072_cap6-01_generation_stagger_guard128,guard128,0,512,256,0.08117821700034256,4.965152594000756,0.051597729000604886,0,0,0,0,0.05117281399998319,0,0,0.5,False,656e05bc9171a2e86b23b91b5ba98d7a0be5e68c9709b7846c75f1b71a7e4fed,False,False,False,False,False
qwen1.5b,3072,6,23,generation,stagger,study00_a1_s23_qwen1.5b_kv3072_cap6-01_generation_stagger_guard128,guard128,5,128,64,0.06404143699910492,1.2962425269997766,0.024525513999833493,0,0,0,0,0.024760176000199863,0,0,0.5,False,e0f50a8efbc9e328db9d34d4cf526b20f80d00750415f94c03c87df8442901ce,False,False,False,False,False
qwen1.5b,3072,6,23,generation,stagger,study00_a1_s23_qwen1.5b_kv3072_cap6-01_generation_stagger_guard128,guard128,6,512,64,0.7410058510004092,1.9133872120000888,0.02593965600044612,0,0,0,0,0.026136646999475488,0,0,0.5,False,590daf2e29135ee2485dfb19d82e58965a788053018e5ec50255ebd1cd82336c,False,False,False,False,False
qwen1.5b,3072,6,23,generation,stagger,study00_a1_s23_qwen1.5b_kv3072_cap6-01_generation_stagger_guard128,guard128,4,128,256,0.05365479499960202,4.938572549999662,0.07500563499979762,0,0,0,0,0.0749543910005741,0,0,0.5,False,bf62b27947e9283e7065364bab8cd45fdaf6d8df88e55b44cac41a47a5d2821b,False,False,False,False,False
qwen1.5b,3072,6,23,generation,stagger,study00_a1_s23_qwen1.5b_kv3072_cap6-01_generation_stagger_guard128,guard128,7,128,64,1.2211629349994837,2.373504227999547,0.02521842199985258,0,0,0,0,0.02524237100078608,0,0,0.5,False,e0f50a8efbc9e328db9d34d4cf526b20f80d00750415f94c03c87df8442901ce,False,False,False,False,False
qwen1.5b,3072,6,23,generation,stagger,study00_a1_s23_qwen1.5b_kv3072_cap6-01_generation_stagger_guard128,guard128,8,512,256,1.8691195339997648,8.942536289999225,0.4014992190004705,4,2844,2844,0,0.4014002410003741,0,0,0.5,False,656e05bc9171a2e86b23b91b5ba98d7a0be5e68c9709b7846c75f1b71a7e4fed,True,False,False,False,False
qwen1.5b,3072,6,23,generation,stagger,study00_a1_s23_qwen1.5b_kv3072_cap6-01_generation_stagger_guard128,guard128,1,256,768,0.07768582599965157,16.98773163399983,0.41788906100009626,4,3838,3838,0,0.4181087770002705,0,0,0.5,False,492875ae243db7dba3a1837f2cf56e86de6b9f5da806c48bae78c311f6e3a690,True,False,False,False,False
qwen1.5b,3072,6,23,generation,stagger,study00_a1_s23_qwen1.5b_kv3072_cap6-01_generation_stagger_guard128,guard128,2,256,768,0.08391632700022456,17.2340592139999,0.47880613100005576,4,3706,3706,0,0.478760068000156,0,0,0.5,False,492875ae243db7dba3a1837f2cf56e86de6b9f5da806c48bae78c311f6e3a690,True,False,False,False,False
qwen1.5b,3072,6,23,generation,stagger,study00_a1_s23_qwen1.5b_kv3072_cap6-01_generation_stagger_guard128,guard128,11,256,64,5.558601163000276,6.656885712000076,0.02839025000048423,0,0,0,0,0.02823780899962003,0,0,0.5,False,99b39f389d58c69381582ff9765b946050cc1b056e37d1975914a1bc4e29233b,False,False,False,False,False
qwen1.5b,3072,6,23,generation,stagger,study00_a1_s23_qwen1.5b_kv3072_cap6-01_generation_stagger_guard128,guard128,9,256,256,5.3198736350004765,12.035490583000865,0.40567435499997373,5,1627,1627,0,0.40510842200001207,0,0,0.5,False,4b4e7b7ccba06f00fbf940068bf4cae0c51f6ce6b01a519cc18c3116385ddcac,True,False,False,False,False
qwen1.5b,3072,6,23,generation,stagger,study00_a1_s23_qwen1.5b_kv3072_cap6-01_generation_stagger_guard128,guard128,3,128,768,0.06205473400041228,17.322625857000276,0.4264507070001855,5,3482,3482,0,0.42593988299995544,0,0,0.5,False,28ec60118a0ce239757f7d525fcbf290def53574bdb9bd990d4970a30c2ae421,True,False,False,False,False
qwen1.5b,3072,6,23,generation,stagger,study00_a1_s23_qwen1.5b_kv3072_cap6-01_generation_stagger_guard128,guard128,10,512,768,8.391254100999504,21.22614101399995,0.028373545999784255,0,0,0,0,0.028227566999703413,0,0,0.5,False,492875ae243db7dba3a1837f2cf56e86de6b9f5da806c48bae78c311f6e3a690,False,False,False,False,False
qwen1.5b,3072,6,23,generation,burst,study00_a1_s23_qwen1.5b_kv3072_cap6-02_generation_burst_guard256,guard256,5,128,64,0.07426170899998397,1.1468688160002785,0.01896273999955156,0,0,0,0,0.019091002000095614,0,0,0.5,False,e0f50a8efbc9e328db9d34d4cf526b20f80d00750415f94c03c87df8442901ce,False,False,False,False,False
qwen1.5b,3072,6,23,generation,burst,study00_a1_s23_qwen1.5b_kv3072_cap6-02_generation_burst_guard256,guard256,0,512,256,0.09004237299996021,4.586768875999951,0.056398038000224915,0,0,0,0,0.05619493300036993,0,0,0.5,False,656e05bc9171a2e86b23b91b5ba98d7a0be5e68c9709b7846c75f1b71a7e4fed,False,False,False,False,False
qwen1.5b,3072,6,23,generation,burst,study00_a1_s23_qwen1.5b_kv3072_cap6-02_generation_burst_guard256,guard256,4,128,256,0.09078870299981645,4.471796794000511,0.03330049200030771,0,0,0,0,0.03331333000005543,0,0,0.5,False,bf62b27947e9283e7065364bab8cd45fdaf6d8df88e55b44cac41a47a5d2821b,False,False,False,False,False
qwen1.5b,3072,6,23,generation,burst,study00_a1_s23_qwen1.5b_kv3072_cap6-02_generation_burst_guard256,guard256,6,512,64,4.469975070999681,5.5378822699995,0.020698137000181305,0,0,0,0,0.020490875000177766,0,0,0.5,False,590daf2e29135ee2485dfb19d82e58965a788053018e5ec50255ebd1cd82336c,False,False,False,False,False
qwen1.5b,3072,6,23,generation,burst,study00_a1_s23_qwen1.5b_kv3072_cap6-02_generation_burst_guard256,guard256,7,128,64,5.537029095999969,6.615170349999971,0.01970463900033792,0,0,0,0,0.01959536200047296,0,0,0.5,False,e0f50a8efbc9e328db9d34d4cf526b20f80d00750415f94c03c87df8442901ce,False,False,False,False,False
qwen1.5b,3072,6,23,generation,burst,study00_a1_s23_qwen1.5b_kv3072_cap6-02_generation_burst_guard256,guard256,1,256,768,0.11442361500030529,13.389694606000376,0.08020074100022612,0,0,0,0,0.07981773500068812,0,0,0.5,False,492875ae243db7dba3a1837f2cf56e86de6b9f5da806c48bae78c311f6e3a690,False,False,False,False,False
qwen1.5b,3072,6,23,generation,burst,study00_a1_s23_qwen1.5b_kv3072_cap6-02_generation_burst_guard256,guard256,2,256,768,0.12103270599982352,13.35624650400041,0.08026825399974769,0,0,0,0,0.07982190999973682,0,0,0.5,False,492875ae243db7dba3a1837f2cf56e86de6b9f5da806c48bae78c311f6e3a690,False,False,False,False,False
qwen1.5b,3072,6,23,generation,burst,study00_a1_s23_qwen1.5b_kv3072_cap6-02_generation_burst_guard256,guard256,3,128,768,0.10535180100032449,13.32307740700071,0.08036008100043546,0,0,0,0,0.07982178300062515,0,0,0.5,False,28ec60118a0ce239757f7d525fcbf290def53574bdb9bd990d4970a30c2ae421,False,False,False,False,False
qwen1.5b,3072,6,23,generation,burst,study00_a1_s23_qwen1.5b_kv3072_cap6-02_generation_burst_guard256,guard256,11,256,64,13.155461548999483,14.235328370999923,0.0254688740005804,0,0,0,0,0.025507946999823616,0,0,0.5,False,99b39f389d58c69381582ff9765b946050cc1b056e37d1975914a1bc4e29233b,False,False,False,False,False
qwen1.5b,3072,6,23,generation,burst,study00_a1_s23_qwen1.5b_kv3072_cap6-02_generation_burst_guard256,guard256,8,512,256,13.186973312000191,17.682024109999475,0.11867700399943715,0,0,0,0,0.11819992100026866,0,0,0.5,False,656e05bc9171a2e86b23b91b5ba98d7a0be5e68c9709b7846c75f1b71a7e4fed,False,False,False,False,False
qwen1.5b,3072,6,23,generation,burst,study00_a1_s23_qwen1.5b_kv3072_cap6-02_generation_burst_guard256,guard256,9,256,256,13.137092171999939,17.632589756000016,0.11864306799998303,0,0,0,0,0.11818283200045698,0,0,0.5,False,4b4e7b7ccba06f00fbf940068bf4cae0c51f6ce6b01a519cc18c3116385ddcac,False,False,False,False,False
qwen1.5b,3072,6,23,generation,burst,study00_a1_s23_qwen1.5b_kv3072_cap6-02_generation_burst_guard256,guard256,10,512,768,13.205618914000297,26.279180471000473,0.025351995000164607,0,0,0,0,0.025496867000583734,0,0,0.5,False,492875ae243db7dba3a1837f2cf56e86de6b9f5da806c48bae78c311f6e3a690,False,False,False,False,False
qwen1.5b,3072,6,23,generation,burst,study00_a1_s23_qwen1.5b_kv3072_cap6-03_generation_burst_adaptive_resume,adaptive_resume,5,128,64,0.08054687999992893,1.1867564000003767,0.022793020999415603,0,0,0,0,0.02275080999970669,0,0,0.5,False,e0f50a8efbc9e328db9d34d4cf526b20f80d00750415f94c03c87df8442901ce,False,False,False,False,False
qwen1.5b,3072,6,23,generation,burst,study00_a1_s23_qwen1.5b_kv3072_cap6-03_generation_burst_adaptive_resume,adaptive_resume,6,512,64,1.236952578000455,2.3832225160003873,0.027464292999866302,0,0,0,0,0.02734161900025356,0,0,0.5,False,590daf2e29135ee2485dfb19d82e58965a788053018e5ec50255ebd1cd82336c,False,False,False,False,False
qwen1.5b,3072,6,23,generation,burst,study00_a1_s23_qwen1.5b_kv3072_cap6-03_generation_burst_adaptive_resume,adaptive_resume,7,128,64,2.3855889240003307,3.475200732000303,0.02498150799965515,0,0,0,0,0.02470715300023585,0,0,0.5,False,e0f50a8efbc9e328db9d34d4cf526b20f80d00750415f94c03c87df8442901ce,False,False,False,False,False
qwen1.5b,3072,6,23,generation,burst,study00_a1_s23_qwen1.5b_kv3072_cap6-03_generation_burst_adaptive_resume,adaptive_resume,0,512,256,0.08420729899989965,4.866911308999988,0.08252577900020697,0,0,0,0,0.08240849699996033,0,0,0.5,False,656e05bc9171a2e86b23b91b5ba98d7a0be5e68c9709b7846c75f1b71a7e4fed,False,False,False,False,False
qwen1.5b,3072,6,23,generation,burst,study00_a1_s23_qwen1.5b_kv3072_cap6-03_generation_burst_adaptive_resume,adaptive_resume,4,128,256,0.10016249399996013,4.875333949999913,0.11748065600022528,0,0,0,0,0.11748265900041588,0,0,0.5,False,bf62b27947e9283e7065364bab8cd45fdaf6d8df88e55b44cac41a47a5d2821b,False,False,False,False,False
qwen1.5b,3072,6,23,generation,burst,study00_a1_s23_qwen1.5b_kv3072_cap6-03_generation_burst_adaptive_resume,adaptive_resume,8,512,256,3.5292618610001227,8.361594535000222,0.359207511999557,1,552,552,0,0.3593876620006995,0,0,0.5,False,656e05bc9171a2e86b23b91b5ba98d7a0be5e68c9709b7846c75f1b71a7e4fed,True,False,False,False,False
qwen1.5b,3072,6,23,generation,burst,study00_a1_s23_qwen1.5b_kv3072_cap6-03_generation_burst_adaptive_resume,adaptive_resume,9,256,256,4.554984418999993,9.993951809999999,0.9773597930006872,1,419,419,0,0.9776178660004007,0,0,0.5,True,4b4e7b7ccba06f00fbf940068bf4cae0c51f6ce6b01a519cc18c3116385ddcac,True,True,False,False,False
qwen1.5b,3072,6,23,generation,burst,study00_a1_s23_qwen1.5b_kv3072_cap6-03_generation_burst_adaptive_resume,adaptive_resume,1,256,768,0.10528187599993544,14.180878832000417,0.23042362199976196,0,0,0,0,0.22998470699985774,0,0,0.5,False,492875ae243db7dba3a1837f2cf56e86de6b9f5da806c48bae78c311f6e3a690,False,False,False,False,False
qwen1.5b,3072,6,23,generation,burst,study00_a1_s23_qwen1.5b_kv3072_cap6-03_generation_burst_adaptive_resume,adaptive_resume,2,256,768,0.14517914800035214,14.234080692000134,0.23036593000051653,0,0,0,0,0.2300301870000112,0,0,0.5,False,492875ae243db7dba3a1837f2cf56e86de6b9f5da806c48bae78c311f6e3a690,False,False,False,False,False
qwen1.5b,3072,6,23,generation,burst,study00_a1_s23_qwen1.5b_kv3072_cap6-03_generation_burst_adaptive_resume,adaptive_resume,3,128,768,0.09508119099973555,14.184354347999943,0.23042316999999457,0,0,0,0,0.2300421110003299,0,0,0.5,False,28ec60118a0ce239757f7d525fcbf290def53574bdb9bd990d4970a30c2ae421,False,False,False,False,False
qwen1.5b,3072,6,23,generation,burst,study00_a1_s23_qwen1.5b_kv3072_cap6-03_generation_burst_adaptive_resume,adaptive_resume,11,256,64,13.858740692999163,14.895221798999955,0.021729874000811833,0,0,0,0,0.021483726999576902,0,0,0.5,False,99b39f389d58c69381582ff9765b946050cc1b056e37d1975914a1bc4e29233b,False,False,False,False,False
qwen1.5b,3072,6,23,generation,burst,study00_a1_s23_qwen1.5b_kv3072_cap6-03_generation_burst_adaptive_resume,adaptive_resume,10,512,768,13.83390289199997,26.441534756000692,0.0875607289999607,0,0,0,0,0.08763856700079486,0,0,0.5,False,492875ae243db7dba3a1837f2cf56e86de6b9f5da806c48bae78c311f6e3a690,False,False,False,False,False
qwen1.5b,3072,6,23,generation,stagger,study00_a1_s23_qwen1.5b_kv3072_cap6-04_generation_stagger_growth_only,growth_only,0,512,256,0.08730345600088185,4.368610272000296,0.0515363200001957,0,0,0,0,0.050665517000197724,0,0,0.5,False,656e05bc9171a2e86b23b91b5ba98d7a0be5e68c9709b7846c75f1b71a7e4fed,False,False,False,False,False
qwen1.5b,3072,6,23,generation,stagger,study00_a1_s23_qwen1.5b_kv3072_cap6-04_generation_stagger_growth_only,growth_only,5,128,64,0.05553298899940273,1.0935473229992567,0.018667866000214417,0,0,0,0,0.018769495000015013,0,0,0.5,False,e0f50a8efbc9e328db9d34d4cf526b20f80d00750415f94c03c87df8442901ce,False,False,False,False,False
qwen1.5b,3072,6,23,generation,stagger,study00_a1_s23_qwen1.5b_kv3072_cap6-04_generation_stagger_growth_only,growth_only,4,128,256,0.06766691200027708,4.2773318990002736,0.028980694999518164,0,0,0,0,0.02837514499969984,0,0,0.5,False,bf62b27947e9283e7065364bab8cd45fdaf6d8df88e55b44cac41a47a5d2821b,False,False,False,False,False
qwen1.5b,3072,6,23,generation,stagger,study00_a1_s23_qwen1.5b_kv3072_cap6-04_generation_stagger_growth_only,growth_only,6,512,64,2.366343937000238,3.405640095000308,0.02134500499960268,0,0,0,0,0.021035839000433043,0,0,0.5,False,590daf2e29135ee2485dfb19d82e58965a788053018e5ec50255ebd1cd82336c,False,False,False,False,False
qwen1.5b,3072,6,23,generation,stagger,study00_a1_s23_qwen1.5b_kv3072_cap6-04_generation_stagger_growth_only,growth_only,7,128,64,2.7119962970000415,3.7591267759999027,0.022314169000310358,0,0,0,0,0.02192441199986206,0,0,0.5,False,e0f50a8efbc9e328db9d34d4cf526b20f80d00750415f94c03c87df8442901ce,False,False,False,False,False
qwen1.5b,3072,6,23,generation,stagger,study00_a1_s23_qwen1.5b_kv3072_cap6-04_generation_stagger_growth_only,growth_only,1,256,768,0.08546675499928824,12.865450112999497,0.08355609599948366,0,0,0,0,0.08323843300058797,0,0,0.5,False,492875ae243db7dba3a1837f2cf56e86de6b9f5da806c48bae78c311f6e3a690,False,False,False,False,False
qwen1.5b,3072,6,23,generation,stagger,study00_a1_s23_qwen1.5b_kv3072_cap6-04_generation_stagger_growth_only,growth_only,2,256,768,0.06846763199973793,12.926507284999389,0.11603729700073018,0,0,0,0,0.11543197099945246,0,0,0.5,False,492875ae243db7dba3a1837f2cf56e86de6b9f5da806c48bae78c311f6e3a690,False,False,False,False,False
qwen1.5b,3072,6,23,generation,stagger,study00_a1_s23_qwen1.5b_kv3072_cap6-04_generation_stagger_growth_only,growth_only,11,256,64,1.2545466729998225,2.295981305999703,0.01858550799988734,0,0,0,0,0.018425685999318375,0,0,0.5,False,99b39f389d58c69381582ff9765b946050cc1b056e37d1975914a1bc4e29233b,False,False,False,False,False
qwen1.5b,3072,6,23,generation,stagger,study00_a1_s23_qwen1.5b_kv3072_cap6-04_generation_stagger_growth_only,growth_only,3,128,768,0.06541976799962868,13.02185849000034,0.11614730899964343,0,0,0,0,0.11543881600027817,0,0,0.5,False,28ec60118a0ce239757f7d525fcbf290def53574bdb9bd990d4970a30c2ae421,False,False,False,False,False
qwen1.5b,3072,6,23,generation,stagger,study00_a1_s23_qwen1.5b_kv3072_cap6-04_generation_stagger_growth_only,growth_only,8,512,256,5.794194709000294,10.08850042999984,0.11453868799981137,0,0,0,0,0.11380197899961786,0,0,0.5,False,656e05bc9171a2e86b23b91b5ba98d7a0be5e68c9709b7846c75f1b71a7e4fed,False,False,False,False,False
qwen1.5b,3072,6,23,generation,stagger,study00_a1_s23_qwen1.5b_kv3072_cap6-04_generation_stagger_growth_only,growth_only,9,256,256,5.62677074200019,9.921412077000241,0.11457685999994283,0,0,0,0,0.1137949589992786,0,0,0.5,False,4b4e7b7ccba06f00fbf940068bf4cae0c51f6ce6b01a519cc18c3116385ddcac,False,False,False,False,False
qwen1.5b,3072,6,23,generation,stagger,study00_a1_s23_qwen1.5b_kv3072_cap6-04_generation_stagger_growth_only,growth_only,10,512,768,4.087844844000756,16.67668358100036,0.025349597000058566,0,0,0,0,0.025452928000049724,0,0,0.5,False,492875ae243db7dba3a1837f2cf56e86de6b9f5da806c48bae78c311f6e3a690,False,False,False,False,False
qwen1.5b,3072,6,23,generation,burst,study00_a1_s23_qwen1.5b_kv3072_cap6-05_generation_burst_growth_only,growth_only,5,128,64,0.0706113380001625,1.1053759709993756,0.021131813000465627,0,0,0,0,0.021020166999733192,0,0,0.5,False,e0f50a8efbc9e328db9d34d4cf526b20f80d00750415f94c03c87df8442901ce,False,False,False,False,False
qwen1.5b,3072,6,23,generation,burst,study00_a1_s23_qwen1.5b_kv3072_cap6-05_generation_burst_growth_only,growth_only,6,512,64,1.1572415430000547,2.2186628560002646,0.020277667000300426,0,0,0,0,0.02061889099968539,0,0,0.5,False,590daf2e29135ee2485dfb19d82e58965a788053018e5ec50255ebd1cd82336c,False,False,False,False,False
qwen1.5b,3072,6,23,generation,burst,study00_a1_s23_qwen1.5b_kv3072_cap6-05_generation_burst_growth_only,growth_only,7,128,64,2.215210857999409,3.2714138399996955,0.02379585800008499,0,0,0,0,0.02402574999996432,0,0,0.5,False,e0f50a8efbc9e328db9d34d4cf526b20f80d00750415f94c03c87df8442901ce,False,False,False,False,False
qwen1.5b,3072,6,23,generation,burst,study00_a1_s23_qwen1.5b_kv3072_cap6-05_generation_burst_growth_only,growth_only,0,512,256,0.09154985300028784,4.555843352000011,0.08404103499924531,0,0,0,0,0.08335276399975555,0,0,0.5,False,656e05bc9171a2e86b23b91b5ba98d7a0be5e68c9709b7846c75f1b71a7e4fed,False,False,False,False,False
qwen1.5b,3072,6,23,generation,burst,study00_a1_s23_qwen1.5b_kv3072_cap6-05_generation_burst_growth_only,growth_only,4,128,256,0.08842404300048656,4.520423664000191,0.0872536470005798,0,0,0,0,0.08670531899952039,0,0,0.5,False,bf62b27947e9283e7065364bab8cd45fdaf6d8df88e55b44cac41a47a5d2821b,False,False,False,False,False
qwen1.5b,3072,6,23,generation,burst,study00_a1_s23_qwen1.5b_kv3072_cap6-05_generation_burst_growth_only,growth_only,8,512,256,4.261984214999757,8.591797473000042,0.048352893999435764,0,0,0,0,0.0478289210004732,0,0,0.5,False,656e05bc9171a2e86b23b91b5ba98d7a0be5e68c9709b7846c75f1b71a7e4fed,False,False,False,False,False
qwen1.5b,3072,6,23,generation,burst,study00_a1_s23_qwen1.5b_kv3072_cap6-05_generation_burst_growth_only,growth_only,9,256,256,4.334496602000399,9.994668174999788,1.3900454650001848,1,427,427,0,1.389978279999923,1.3093079730006139,1.3900454650001848,0.5,True,4b4e7b7ccba06f00fbf940068bf4cae0c51f6ce6b01a519cc18c3116385ddcac,True,True,True,False,False
qwen1.5b,3072,6,23,generation,burst,study00_a1_s23_qwen1.5b_kv3072_cap6-05_generation_burst_growth_only,growth_only,1,256,768,0.11367828600032226,13.268096919000527,0.08749880100003793,0,0,0,0,0.08669357899998431,0,0,0.5,False,492875ae243db7dba3a1837f2cf56e86de6b9f5da806c48bae78c311f6e3a690,False,False,False,False,False
qwen1.5b,3072,6,23,generation,burst,study00_a1_s23_qwen1.5b_kv3072_cap6-05_generation_burst_growth_only,growth_only,2,256,768,0.11986801999955787,13.23697351699957,0.08760288100074831,0,0,0,0,0.08670507700026064,0,0,0.5,False,492875ae243db7dba3a1837f2cf56e86de6b9f5da806c48bae78c311f6e3a690,False,False,False,False,False
qwen1.5b,3072,6,23,generation,burst,study00_a1_s23_qwen1.5b_kv3072_cap6-05_generation_burst_growth_only,growth_only,3,128,768,0.10467265900024358,13.272138481000184,0.08730707399990933,0,0,0,0,0.0867055930002607,0,0,0.5,False,28ec60118a0ce239757f7d525fcbf290def53574bdb9bd990d4970a30c2ae421,False,False,False,False,False
qwen1.5b,3072,6,23,generation,burst,study00_a1_s23_qwen1.5b_kv3072_cap6-05_generation_burst_growth_only,growth_only,11,256,64,12.925059198999406,13.965515924000101,0.021882320000258915,0,0,0,0,0.021887795999646187,0,0,0.5,False,99b39f389d58c69381582ff9765b946050cc1b056e37d1975914a1bc4e29233b,False,False,False,False,False
qwen1.5b,3072,6,23,generation,burst,study00_a1_s23_qwen1.5b_kv3072_cap6-05_generation_burst_growth_only,growth_only,10,512,768,12.922041759999956,25.495535837000716,0.052851530000225466,0,0,0,0,0.053019773000414716,0,0,0.5,False,492875ae243db7dba3a1837f2cf56e86de6b9f5da806c48bae78c311f6e3a690,False,False,False,False,False
qwen1.5b,3072,6,23,generation,burst,study00_a1_s23_qwen1.5b_kv3072_cap6-06_generation_burst_baseline,baseline,5,128,64,0.0809706099998948,1.1530862270001307,0.023462096999537607,0,0,0,0,0.023747064999952272,0,0,0.5,False,e0f50a8efbc9e328db9d34d4cf526b20f80d00750415f94c03c87df8442901ce,False,False,False,False,False
qwen1.5b,3072,6,23,generation,burst,study00_a1_s23_qwen1.5b_kv3072_cap6-06_generation_burst_baseline,baseline,6,512,64,1.1998310109993326,2.2390195970001514,0.01801112200064381,0,0,0,0,0.01808261499991204,0,0,0.5,False,590daf2e29135ee2485dfb19d82e58965a788053018e5ec50255ebd1cd82336c,False,False,False,False,False
qwen1.5b,3072,6,23,generation,burst,study00_a1_s23_qwen1.5b_kv3072_cap6-06_generation_burst_baseline,baseline,7,128,64,2.236172880000595,3.2784697249999226,0.022851120999803243,0,0,0,0,0.022646403000180726,0,0,0.5,False,e0f50a8efbc9e328db9d34d4cf526b20f80d00750415f94c03c87df8442901ce,False,False,False,False,False
qwen1.5b,3072,6,23,generation,burst,study00_a1_s23_qwen1.5b_kv3072_cap6-06_generation_burst_baseline,baseline,0,512,256,0.08340383599988854,4.588993530999687,0.08291427499989368,0,0,0,0,0.08215955000014219,0,0,0.5,False,656e05bc9171a2e86b23b91b5ba98d7a0be5e68c9709b7846c75f1b71a7e4fed,False,False,False,False,False
qwen1.5b,3072,6,23,generation,burst,study00_a1_s23_qwen1.5b_kv3072_cap6-06_generation_burst_baseline,baseline,4,128,256,0.08179782899969723,4.604218393999872,0.12296511300064594,0,0,0,0,0.12247781299993221,0,0,0.5,False,bf62b27947e9283e7065364bab8cd45fdaf6d8df88e55b44cac41a47a5d2821b,False,False,False,False,False
qwen1.5b,3072,6,23,generation,burst,study00_a1_s23_qwen1.5b_kv3072_cap6-06_generation_burst_baseline,baseline,8,512,256,3.3304311729998517,8.006369278999955,0.35623347199998534,1,551,551,0,0.35603541799991945,0,0,0.5,False,656e05bc9171a2e86b23b91b5ba98d7a0be5e68c9709b7846c75f1b71a7e4fed,True,False,False,False,False
qwen1.5b,3072,6,23,generation,burst,study00_a1_s23_qwen1.5b_kv3072_cap6-06_generation_burst_baseline,baseline,9,256,256,4.281290201999582,9.538819917000183,0.9724080349997166,1,419,419,0,0.9728317600001901,0,0,0.5,True,4b4e7b7ccba06f00fbf940068bf4cae0c51f6ce6b01a519cc18c3116385ddcac,True,True,False,False,False
qwen1.5b,3072,6,23,generation,burst,study00_a1_s23_qwen1.5b_kv3072_cap6-06_generation_burst_baseline,baseline,1,256,768,0.10343912400003319,13.384669194999333,0.123073808999834,0,0,0,0,0.12243475299965212,0,0,0.5,False,492875ae243db7dba3a1837f2cf56e86de6b9f5da806c48bae78c311f6e3a690,False,False,False,False,False
qwen1.5b,3072,6,23,generation,burst,study00_a1_s23_qwen1.5b_kv3072_cap6-06_generation_burst_baseline,baseline,2,256,768,0.13239543000054255,13.463042486000631,0.12289080800019292,0,0,0,0,0.1224565740003527,0,0,0.5,False,492875ae243db7dba3a1837f2cf56e86de6b9f5da806c48bae78c311f6e3a690,False,False,False,False,False
qwen1.5b,3072,6,23,generation,burst,study00_a1_s23_qwen1.5b_kv3072_cap6-06_generation_burst_baseline,baseline,3,128,768,0.08222531400042499,13.413927954999963,0.12317815900041751,0,0,0,0,0.12245775199971831,0,0,0.5,False,28ec60118a0ce239757f7d525fcbf290def53574bdb9bd990d4970a30c2ae421,False,False,False,False,False
qwen1.5b,3072,6,23,generation,burst,study00_a1_s23_qwen1.5b_kv3072_cap6-06_generation_burst_baseline,baseline,11,256,64,13.012808624000172,14.088642589999836,0.022009578000506735,0,0,0,0,0.022223191000193765,0,0,0.5,False,99b39f389d58c69381582ff9765b946050cc1b056e37d1975914a1bc4e29233b,False,False,False,False,False
qwen1.5b,3072,6,23,generation,burst,study00_a1_s23_qwen1.5b_kv3072_cap6-06_generation_burst_baseline,baseline,10,512,768,4.403949147000276,24.263625253999635,4.439974427000379,2,1149,1149,0,4.439602100000229,7.122052742000051,7.3506887500007,0.5,True,492875ae243db7dba3a1837f2cf56e86de6b9f5da806c48bae78c311f6e3a690,True,True,True,True,False
qwen1.5b,3072,6,23,generation,stagger,study00_a1_s23_qwen1.5b_kv3072_cap6-07_generation_stagger_slai_port,slai_port,0,512,256,0.07631086000037612,4.3692685770001845,0.04773480099993321,0,0,0,0,0.047323028999926464,0,0,0.5,False,656e05bc9171a2e86b23b91b5ba98d7a0be5e68c9709b7846c75f1b71a7e4fed,False,False,False,False,False
qwen1.5b,3072,6,23,generation,stagger,study00_a1_s23_qwen1.5b_kv3072_cap6-07_generation_stagger_slai_port,slai_port,5,128,64,0.0516723370001273,1.1599854969999797,0.08391726300033042,0,0,0,0,0.08371500299926993,0,0,0.5,False,e0f50a8efbc9e328db9d34d4cf526b20f80d00750415f94c03c87df8442901ce,False,False,False,False,False
qwen1.5b,3072,6,23,generation,stagger,study00_a1_s23_qwen1.5b_kv3072_cap6-07_generation_stagger_slai_port,slai_port,6,512,64,0.12211394000041764,1.183120405000409,0.030245547000049555,0,0,0,0,0.030068029000176466,0,0,0.5,False,590daf2e29135ee2485dfb19d82e58965a788053018e5ec50255ebd1cd82336c,False,False,False,False,False
qwen1.5b,3072,6,23,generation,stagger,study00_a1_s23_qwen1.5b_kv3072_cap6-07_generation_stagger_slai_port,slai_port,7,128,64,0.05740915999922436,1.169876875999762,0.08378922400061128,0,0,0,0,0.08351742800005013,0,0,0.5,False,e0f50a8efbc9e328db9d34d4cf526b20f80d00750415f94c03c87df8442901ce,False,False,False,False,False
qwen1.5b,3072,6,23,generation,stagger,study00_a1_s23_qwen1.5b_kv3072_cap6-07_generation_stagger_slai_port,slai_port,4,128,256,0.067246544000227,4.486196585000471,0.08408774700001231,0,0,0,0,0.08367226399968786,0,0,0.5,False,bf62b27947e9283e7065364bab8cd45fdaf6d8df88e55b44cac41a47a5d2821b,False,False,False,False,False
qwen1.5b,3072,6,23,generation,stagger,study00_a1_s23_qwen1.5b_kv3072_cap6-07_generation_stagger_slai_port,slai_port,8,512,256,0.10708342300040385,4.9295816750000085,0.5610415229994032,1,544,544,0,0.5611988270002257,0,0,0.5,True,656e05bc9171a2e86b23b91b5ba98d7a0be5e68c9709b7846c75f1b71a7e4fed,True,True,False,False,False
qwen1.5b,3072,6,23,generation,stagger,study00_a1_s23_qwen1.5b_kv3072_cap6-07_generation_stagger_slai_port,slai_port,2,256,768,0.06945693399939046,13.147049178000088,0.11826989899964246,0,0,0,0,0.11790646500048751,0,0,0.5,False,492875ae243db7dba3a1837f2cf56e86de6b9f5da806c48bae78c311f6e3a690,False,False,False,False,False
qwen1.5b,3072,6,23,generation,stagger,study00_a1_s23_qwen1.5b_kv3072_cap6-07_generation_stagger_slai_port,slai_port,9,256,256,0.4661322009997093,6.550050460000421,1.5436483740004405,1,336,336,0,1.5428579419995003,1.4730216800007838,1.5436483740004405,0.5,True,4b4e7b7ccba06f00fbf940068bf4cae0c51f6ce6b01a519cc18c3116385ddcac,True,True,True,False,False
qwen1.5b,3072,6,23,generation,stagger,study00_a1_s23_qwen1.5b_kv3072_cap6-07_generation_stagger_slai_port,slai_port,11,256,64,1.564462008999726,2.5978860629993505,0.019075447999966855,0,0,0,0,0.01929343499978131,0,0,0.5,False,99b39f389d58c69381582ff9765b946050cc1b056e37d1975914a1bc4e29233b,False,False,False,False,False
qwen1.5b,3072,6,23,generation,stagger,study00_a1_s23_qwen1.5b_kv3072_cap6-07_generation_stagger_slai_port,slai_port,1,256,768,0.07791832399925624,14.790488638999705,1.5728735190004954,1,880,880,0,1.5726056309995329,1.4346314580006947,1.5728735190004954,0.5,True,492875ae243db7dba3a1837f2cf56e86de6b9f5da806c48bae78c311f6e3a690,True,True,True,False,False
qwen1.5b,3072,6,23,generation,stagger,study00_a1_s23_qwen1.5b_kv3072_cap6-07_generation_stagger_slai_port,slai_port,3,128,768,0.05445725699973991,14.18226146699999,1.1070937699996648,1,720,720,0,1.1063088409991906,0.8847467879995747,1.1070937699996648,0.5,True,28ec60118a0ce239757f7d525fcbf290def53574bdb9bd990d4970a30c2ae421,True,True,True,False,False
qwen1.5b,3072,6,23,generation,stagger,study00_a1_s23_qwen1.5b_kv3072_cap6-07_generation_stagger_slai_port,slai_port,10,512,768,4.397395606999453,16.737845472999652,0.020435491999705846,0,0,0,0,0.02030083600038779,0,0,0.5,False,492875ae243db7dba3a1837f2cf56e86de6b9f5da806c48bae78c311f6e3a690,False,False,False,False,False
qwen1.5b,3072,6,23,generation,stagger,study00_a1_s23_qwen1.5b_kv3072_cap6-08_generation_stagger_guard256,guard256,0,512,256,0.08043031999932282,4.331911247999415,0.05243286099994293,0,0,0,0,0.05212962800032983,0,0,0.5,False,656e05bc9171a2e86b23b91b5ba98d7a0be5e68c9709b7846c75f1b71a7e4fed,False,False,False,False,False
qwen1.5b,3072,6,23,generation,stagger,study00_a1_s23_qwen1.5b_kv3072_cap6-08_generation_stagger_guard256,guard256,5,128,64,0.06458626099993126,1.0992624600003182,0.02182894999987184,0,0,0,0,0.021334444999411062,0,0,0.5,False,e0f50a8efbc9e328db9d34d4cf526b20f80d00750415f94c03c87df8442901ce,False,False,False,False,False
qwen1.5b,3072,6,23,generation,stagger,study00_a1_s23_qwen1.5b_kv3072_cap6-08_generation_stagger_guard256,guard256,4,128,256,0.37949024099998496,4.567405458999929,0.029519275999518868,0,0,0,0,0.029276210000716674,0,0,0.5,False,bf62b27947e9283e7065364bab8cd45fdaf6d8df88e55b44cac41a47a5d2821b,False,False,False,False,False
qwen1.5b,3072,6,23,generation,stagger,study00_a1_s23_qwen1.5b_kv3072_cap6-08_generation_stagger_guard256,guard256,1,256,768,0.07977794500038726,12.694420883999555,0.049020102999747905,0,0,0,0,0.048381282999798714,0,0,0.5,False,492875ae243db7dba3a1837f2cf56e86de6b9f5da806c48bae78c311f6e3a690,False,False,False,False,False
qwen1.5b,3072,6,23,generation,stagger,study00_a1_s23_qwen1.5b_kv3072_cap6-08_generation_stagger_guard256,guard256,2,256,768,0.07039466300011554,12.717965917000583,0.08265348199984146,0,0,0,0,0.08202306399925874,0,0,0.5,False,492875ae243db7dba3a1837f2cf56e86de6b9f5da806c48bae78c311f6e3a690,False,False,False,False,False
qwen1.5b,3072,6,23,generation,stagger,study00_a1_s23_qwen1.5b_kv3072_cap6-08_generation_stagger_guard256,guard256,6,512,64,6.933706653999252,8.045909697999377,0.09767589599960047,0,0,0,0,0.09716460399977223,0,0,0.5,False,590daf2e29135ee2485dfb19d82e58965a788053018e5ec50255ebd1cd82336c,False,False,False,False,False
qwen1.5b,3072,6,23,generation,stagger,study00_a1_s23_qwen1.5b_kv3072_cap6-08_generation_stagger_guard256,guard256,7,128,64,6.571414872999412,7.634942400999535,0.04777735999959987,0,0,0,0,0.047561880000102974,0,0,0.5,False,e0f50a8efbc9e328db9d34d4cf526b20f80d00750415f94c03c87df8442901ce,False,False,False,False,False
qwen1.5b,3072,6,23,generation,stagger,study00_a1_s23_qwen1.5b_kv3072_cap6-08_generation_stagger_guard256,guard256,3,128,768,0.049788343999352946,12.819126667999626,0.09759386800033099,0,0,0,0,0.09715555200000381,0,0,0.5,False,28ec60118a0ce239757f7d525fcbf290def53574bdb9bd990d4970a30c2ae421,False,False,False,False,False
qwen1.5b,3072,6,23,generation,stagger,study00_a1_s23_qwen1.5b_kv3072_cap6-08_generation_stagger_guard256,guard256,11,256,64,3.162046255999485,4.184743789999629,0.018094211000061478,0,0,0,0,0.017878020999887667,0,0,0.5,False,99b39f389d58c69381582ff9765b946050cc1b056e37d1975914a1bc4e29233b,False,False,False,False,False
qwen1.5b,3072,6,23,generation,stagger,study00_a1_s23_qwen1.5b_kv3072_cap6-08_generation_stagger_guard256,guard256,8,512,256,5.968272905999584,10.261284770000202,0.11676524199992855,0,0,0,0,0.11657562799973675,0,0,0.5,False,656e05bc9171a2e86b23b91b5ba98d7a0be5e68c9709b7846c75f1b71a7e4fed,False,False,False,False,False
qwen1.5b,3072,6,23,generation,stagger,study00_a1_s23_qwen1.5b_kv3072_cap6-08_generation_stagger_guard256,guard256,9,256,256,6.600557139000557,10.856926217000364,0.11675779800043529,0,0,0,0,0.11657694899986382,0,0,0.5,False,4b4e7b7ccba06f00fbf940068bf4cae0c51f6ce6b01a519cc18c3116385ddcac,False,False,False,False,False
qwen1.5b,3072,6,23,generation,stagger,study00_a1_s23_qwen1.5b_kv3072_cap6-08_generation_stagger_guard256,guard256,10,512,768,5.994990893999784,18.34972235999976,0.019365625000318687,0,0,0,0,0.019380396000087785,0,0,0.5,False,492875ae243db7dba3a1837f2cf56e86de6b9f5da806c48bae78c311f6e3a690,False,False,False,False,False
qwen1.5b,3072,6,23,generation,stagger,study00_a1_s23_qwen1.5b_kv3072_cap6-09_generation_stagger_adaptive_resume,adaptive_resume,0,512,256,0.08389553200049704,4.340099011999882,0.051548750999245385,0,0,0,0,0.05122504100017977,0,0,0.5,False,656e05bc9171a2e86b23b91b5ba98d7a0be5e68c9709b7846c75f1b71a7e4fed,False,False,False,False,False
qwen1.5b,3072,6,23,generation,stagger,study00_a1_s23_qwen1.5b_kv3072_cap6-09_generation_stagger_adaptive_resume,adaptive_resume,5,128,64,0.05680602699976589,1.1652088179998827,0.08422089299983782,0,0,0,0,0.08386164499916049,0,0,0.5,False,e0f50a8efbc9e328db9d34d4cf526b20f80d00750415f94c03c87df8442901ce,False,False,False,False,False
qwen1.5b,3072,6,23,generation,stagger,study00_a1_s23_qwen1.5b_kv3072_cap6-09_generation_stagger_adaptive_resume,adaptive_resume,6,512,64,0.11486577000050602,1.1747986339996714,0.030944470000576985,0,0,0,0,0.03056581599958008,0,0,0.5,False,590daf2e29135ee2485dfb19d82e58965a788053018e5ec50255ebd1cd82336c,False,False,False,False,False
qwen1.5b,3072,6,23,generation,stagger,study00_a1_s23_qwen1.5b_kv3072_cap6-09_generation_stagger_adaptive_resume,adaptive_resume,7,128,64,0.06430265600010898,1.1804816800004119,0.08322086600037437,0,0,0,0,0.0825178679997407,0,0,0.5,False,e0f50a8efbc9e328db9d34d4cf526b20f80d00750415f94c03c87df8442901ce,False,False,False,False,False
qwen1.5b,3072,6,23,generation,stagger,study00_a1_s23_qwen1.5b_kv3072_cap6-09_generation_stagger_adaptive_resume,adaptive_resume,4,128,256,0.05811419100064086,4.4668531720008104,0.08426654800041433,0,0,0,0,0.08386036599949875,0,0,0.5,False,bf62b27947e9283e7065364bab8cd45fdaf6d8df88e55b44cac41a47a5d2821b,False,False,False,False,False
qwen1.5b,3072,6,23,generation,stagger,study00_a1_s23_qwen1.5b_kv3072_cap6-09_generation_stagger_adaptive_resume,adaptive_resume,1,256,768,0.07780201300010958,13.157221184000264,0.08467772699987108,0,0,0,0,0.08384892100002617,0,0,0.5,False,492875ae243db7dba3a1837f2cf56e86de6b9f5da806c48bae78c311f6e3a690,False,False,False,False,False
qwen1.5b,3072,6,23,generation,stagger,study00_a1_s23_qwen1.5b_kv3072_cap6-09_generation_stagger_adaptive_resume,adaptive_resume,2,256,768,0.07926684699941688,13.251214459999574,0.13755107100041641,0,0,0,0,0.13716798000041308,0,0,0.5,False,492875ae243db7dba3a1837f2cf56e86de6b9f5da806c48bae78c311f6e3a690,False,False,False,False,False
qwen1.5b,3072,6,23,generation,stagger,study00_a1_s23_qwen1.5b_kv3072_cap6-09_generation_stagger_adaptive_resume,adaptive_resume,8,512,256,0.11359831599929748,7.1944442579997485,2.6312915300004533,1,704,704,0,2.631337001999782,2.474048360000779,2.6312915300004533,0.5,True,656e05bc9171a2e86b23b91b5ba98d7a0be5e68c9709b7846c75f1b71a7e4fed,True,True,True,True,False
qwen1.5b,3072,6,23,generation,stagger,study00_a1_s23_qwen1.5b_kv3072_cap6-09_generation_stagger_adaptive_resume,adaptive_resume,11,256,64,2.3223750810002457,3.3542767250000907,0.021560195999882126,0,0,0,0,0.021742212000390282,0,0,0.5,False,99b39f389d58c69381582ff9765b946050cc1b056e37d1975914a1bc4e29233b,False,False,False,False,False
qwen1.5b,3072,6,23,generation,stagger,study00_a1_s23_qwen1.5b_kv3072_cap6-09_generation_stagger_adaptive_resume,adaptive_resume,3,128,768,0.058529966999230965,13.341455682999367,0.13743166200038104,0,0,0,0,0.1371698679995461,0,0,0.5,False,28ec60118a0ce239757f7d525fcbf290def53574bdb9bd990d4970a30c2ae421,False,False,False,False,False
qwen1.5b,3072,6,23,generation,stagger,study00_a1_s23_qwen1.5b_kv3072_cap6-09_generation_stagger_adaptive_resume,adaptive_resume,9,256,256,0.4802973240002757,9.324769140999706,4.025596247000067,2,569,569,0,4.025487851999969,3.86824152600002,4.025596247000067,0.5,True,4b4e7b7ccba06f00fbf940068bf4cae0c51f6ce6b01a519cc18c3116385ddcac,True,True,True,True,False
qwen1.5b,3072,6,23,generation,stagger,study00_a1_s23_qwen1.5b_kv3072_cap6-09_generation_stagger_adaptive_resume,adaptive_resume,10,512,768,4.381760829999621,17.088732831000016,0.049510657999235264,0,0,0,0,0.049190074999387434,0,0,0.5,False,492875ae243db7dba3a1837f2cf56e86de6b9f5da806c48bae78c311f6e3a690,False,False,False,False,False
qwen1.5b,3072,6,23,generation,burst,study00_a1_s23_qwen1.5b_kv3072_cap6-10_generation_burst_guard128,guard128,5,128,64,0.07095479399959004,1.1235724589996607,0.019107119000182138,0,0,0,0,0.019403856999815616,0,0,0.5,False,e0f50a8efbc9e328db9d34d4cf526b20f80d00750415f94c03c87df8442901ce,False,False,False,False,False
qwen1.5b,3072,6,23,generation,burst,study00_a1_s23_qwen1.5b_kv3072_cap6-10_generation_burst_guard128,guard128,6,512,64,1.1795719700003247,2.2285821929999656,0.018664898000679386,0,0,0,0,0.01845039099953283,0,0,0.5,False,590daf2e29135ee2485dfb19d82e58965a788053018e5ec50255ebd1cd82336c,False,False,False,False,False
qwen1.5b,3072,6,23,generation,burst,study00_a1_s23_qwen1.5b_kv3072_cap6-10_generation_burst_guard128,guard128,7,128,64,2.2270684700006314,3.286617474000195,0.018364607000876276,0,0,0,0,0.01807717799965758,0,0,0.5,False,e0f50a8efbc9e328db9d34d4cf526b20f80d00750415f94c03c87df8442901ce,False,False,False,False,False
qwen1.5b,3072,6,23,generation,burst,study00_a1_s23_qwen1.5b_kv3072_cap6-10_generation_burst_guard128,guard128,0,512,256,0.07465070800026297,4.549048686999413,0.08676825299971824,0,0,0,0,0.08654234499954327,0,0,0.5,False,656e05bc9171a2e86b23b91b5ba98d7a0be5e68c9709b7846c75f1b71a7e4fed,False,False,False,False,False
qwen1.5b,3072,6,23,generation,burst,study00_a1_s23_qwen1.5b_kv3072_cap6-10_generation_burst_guard128,guard128,4,128,256,0.09011089699924923,4.520343103999949,0.08723616600036621,0,0,0,0,0.0865503909999461,0,0,0.5,False,bf62b27947e9283e7065364bab8cd45fdaf6d8df88e55b44cac41a47a5d2821b,False,False,False,False,False
qwen1.5b,3072,6,23,generation,burst,study00_a1_s23_qwen1.5b_kv3072_cap6-10_generation_burst_guard128,guard128,8,512,256,4.253191402000084,9.610357950999969,0.3830227990001731,2,1454,1454,0,0.3824652060002336,0,0,0.5,False,656e05bc9171a2e86b23b91b5ba98d7a0be5e68c9709b7846c75f1b71a7e4fed,True,False,False,False,False
qwen1.5b,3072,6,23,generation,burst,study00_a1_s23_qwen1.5b_kv3072_cap6-10_generation_burst_guard128,guard128,9,256,256,4.337931063000724,9.808285295000132,0.352438642999914,2,897,897,0,0.352759141000206,0,0,0.5,False,4b4e7b7ccba06f00fbf940068bf4cae0c51f6ce6b01a519cc18c3116385ddcac,True,False,False,False,False
qwen1.5b,3072,6,23,generation,burst,study00_a1_s23_qwen1.5b_kv3072_cap6-10_generation_burst_guard128,guard128,1,256,768,0.09808286099996621,14.050628473999495,0.3812649900000906,1,739,739,0,0.3811253929998202,0,0,0.5,False,492875ae243db7dba3a1837f2cf56e86de6b9f5da806c48bae78c311f6e3a690,True,False,False,False,False
qwen1.5b,3072,6,23,generation,burst,study00_a1_s23_qwen1.5b_kv3072_cap6-10_generation_burst_guard128,guard128,2,256,768,0.12046208900028432,14.268133655000383,0.38278092900054617,2,1495,1495,0,0.38218616300036956,0,0,0.5,False,492875ae243db7dba3a1837f2cf56e86de6b9f5da806c48bae78c311f6e3a690,True,False,False,False,False
qwen1.5b,3072,6,23,generation,burst,study00_a1_s23_qwen1.5b_kv3072_cap6-10_generation_burst_guard128,guard128,3,128,768,0.11293679699974746,14.303449774,0.35661972899924876,2,1216,1216,0,0.35619382899949414,0,0,0.5,False,28ec60118a0ce239757f7d525fcbf290def53574bdb9bd990d4970a30c2ae421,True,False,False,False,False
qwen1.5b,3072,6,23,generation,burst,study00_a1_s23_qwen1.5b_kv3072_cap6-10_generation_burst_guard128,guard128,11,256,64,13.890207567000289,14.917761220000102,0.02117875899966748,0,0,0,0,0.021173105999878317,0,0,0.5,False,99b39f389d58c69381582ff9765b946050cc1b056e37d1975914a1bc4e29233b,False,False,False,False,False
qwen1.5b,3072,6,23,generation,burst,study00_a1_s23_qwen1.5b_kv3072_cap6-10_generation_burst_guard128,guard128,10,512,768,13.696568045000276,26.124865906000196,0.05455712799994217,0,0,0,0,0.054219814999669325,0,0,0.5,False,492875ae243db7dba3a1837f2cf56e86de6b9f5da806c48bae78c311f6e3a690,False,False,False,False,False
qwen1.5b,3072,6,23,generation,stagger,study00_a1_s23_qwen1.5b_kv3072_cap6-11_generation_stagger_baseline,baseline,0,512,256,0.08855393500016362,4.366513488999772,0.0525851189995592,0,0,0,0,0.052131315999758954,0,0,0.5,False,656e05bc9171a2e86b23b91b5ba98d7a0be5e68c9709b7846c75f1b71a7e4fed,False,False,False,False,False
qwen1.5b,3072,6,23,generation,stagger,study00_a1_s23_qwen1.5b_kv3072_cap6-11_generation_stagger_baseline,baseline,5,128,64,0.052924976000213064,1.1654324240007554,0.08576405099938711,0,0,0,0,0.08478290499988361,0,0,0.5,False,e0f50a8efbc9e328db9d34d4cf526b20f80d00750415f94c03c87df8442901ce,False,False,False,False,False
qwen1.5b,3072,6,23,generation,stagger,study00_a1_s23_qwen1.5b_kv3072_cap6-11_generation_stagger_baseline,baseline,6,512,64,0.11088311200001044,1.1704073049995714,0.027687519999744836,0,0,0,0,0.027441005000582663,0,0,0.5,False,590daf2e29135ee2485dfb19d82e58965a788053018e5ec50255ebd1cd82336c,False,False,False,False,False
qwen1.5b,3072,6,23,generation,stagger,study00_a1_s23_qwen1.5b_kv3072_cap6-11_generation_stagger_baseline,baseline,7,128,64,0.06280445099946519,1.1792416210000738,0.08016998600032821,0,0,0,0,0.07973841300008644,0,0,0.5,False,e0f50a8efbc9e328db9d34d4cf526b20f80d00750415f94c03c87df8442901ce,False,False,False,False,False
qwen1.5b,3072,6,23,generation,stagger,study00_a1_s23_qwen1.5b_kv3072_cap6-11_generation_stagger_baseline,baseline,4,128,256,0.06532491100006155,4.485093491000043,0.08598244400036492,0,0,0,0,0.08478227999967203,0,0,0.5,False,bf62b27947e9283e7065364bab8cd45fdaf6d8df88e55b44cac41a47a5d2821b,False,False,False,False,False
qwen1.5b,3072,6,23,generation,stagger,study00_a1_s23_qwen1.5b_kv3072_cap6-11_generation_stagger_baseline,baseline,1,256,768,0.08865087600042898,13.01668883900038,0.08598470200013253,0,0,0,0,0.08477313100047468,0,0,0.5,False,492875ae243db7dba3a1837f2cf56e86de6b9f5da806c48bae78c311f6e3a690,False,False,False,False,False
qwen1.5b,3072,6,23,generation,stagger,study00_a1_s23_qwen1.5b_kv3072_cap6-11_generation_stagger_baseline,baseline,2,256,768,0.07752720500047872,13.095424774000094,0.13769517299988365,0,0,0,0,0.1373249880007279,0,0,0.5,False,492875ae243db7dba3a1837f2cf56e86de6b9f5da806c48bae78c311f6e3a690,False,False,False,False,False
qwen1.5b,3072,6,23,generation,stagger,study00_a1_s23_qwen1.5b_kv3072_cap6-11_generation_stagger_baseline,baseline,8,512,256,0.10699803700026678,7.094830713000192,2.603147932999491,1,704,704,0,2.602627532999577,2.446452063999459,2.603147932999491,0.5,True,656e05bc9171a2e86b23b91b5ba98d7a0be5e68c9709b7846c75f1b71a7e4fed,True,True,True,True,False
qwen1.5b,3072,6,23,generation,stagger,study00_a1_s23_qwen1.5b_kv3072_cap6-11_generation_stagger_baseline,baseline,11,256,64,1.425622834999558,2.4693570419995012,0.019361760000720096,0,0,0,0,0.019250273999205092,0,0,0.5,False,99b39f389d58c69381582ff9765b946050cc1b056e37d1975914a1bc4e29233b,False,False,False,False,False
qwen1.5b,3072,6,23,generation,stagger,study00_a1_s23_qwen1.5b_kv3072_cap6-11_generation_stagger_baseline,baseline,3,128,768,0.0529362069992203,13.181009871999777,0.13771487199937837,0,0,0,0,0.13734045500041248,0,0,0.5,False,28ec60118a0ce239757f7d525fcbf290def53574bdb9bd990d4970a30c2ae421,False,False,False,False,False
qwen1.5b,3072,6,23,generation,stagger,study00_a1_s23_qwen1.5b_kv3072_cap6-11_generation_stagger_baseline,baseline,9,256,256,0.4755967880000753,9.176684965999812,3.9258468999996694,2,568,568,0,3.9256582219995835,3.76920274099939,3.9258468999996694,0.5,True,4b4e7b7ccba06f00fbf940068bf4cae0c51f6ce6b01a519cc18c3116385ddcac,True,True,True,True,False
qwen1.5b,3072,6,23,generation,stagger,study00_a1_s23_qwen1.5b_kv3072_cap6-11_generation_stagger_baseline,baseline,10,512,768,4.258213408999836,16.673039180999695,0.01932851799938362,0,0,0,0,0.01945509100005438,0,0,0.5,False,492875ae243db7dba3a1837f2cf56e86de6b9f5da806c48bae78c311f6e3a690,False,False,False,False,False
llama1b,3072,3,23,generation,stagger,study01_a1_s23_llama1b_kv3072_cap3-00_generation_stagger_baseline,baseline,0,512,256,0.05531280800005334,3.427201845000127,0.03568438299953414,0,0,0,0,0.03538234699954046,0,0,0.5,False,c54e21bfabaac286f2960213cbbcbb0b16f7c55c5b3540f0cef69a8cadd19db2,False,False,False,False,False
llama1b,3072,3,23,generation,stagger,study01_a1_s23_llama1b_kv3072_cap3-00_generation_stagger_baseline,baseline,1,256,768,0.05311669000002439,10.139722634999998,0.03299184499974217,0,0,0,0,0.03281033400071465,0,0,0.5,False,ff2c625d728a9a95e9e96a47a6f55459f435d876cddb130d6cef7559e5698664,False,False,False,False,False
llama1b,3072,3,23,generation,stagger,study01_a1_s23_llama1b_kv3072_cap3-00_generation_stagger_baseline,baseline,2,256,768,0.05790418500055239,10.134543881000354,0.020718641999337706,0,0,0,0,0.020532898000055866,0,0,0.5,False,ff2c625d728a9a95e9e96a47a6f55459f435d876cddb130d6cef7559e5698664,False,False,False,False,False
llama1b,3072,3,23,generation,stagger,study01_a1_s23_llama1b_kv3072_cap3-00_generation_stagger_baseline,baseline,5,128,64,5.301666635999936,6.121097473000191,0.015385225000500213,0,0,0,0,0.01544779599953472,0,0,0.5,False,35a387bd665a60a3ad812ad653d438950adc76575144ff7f6bb8a75ac1dad37e,False,False,False,False,False
llama1b,3072,3,23,generation,stagger,study01_a1_s23_llama1b_kv3072_cap3-00_generation_stagger_baseline,baseline,6,512,64,5.542769040000167,6.3738203639995845,0.01729137899928901,0,0,0,0,0.017035117999512295,0,0,0.5,False,7bc3f35a21678b9442a9428d42b64926474b14f235d6b8ada18a501c6d8067d7,False,False,False,False,False
llama1b,3072,3,23,generation,stagger,study01_a1_s23_llama1b_kv3072_cap3-00_generation_stagger_baseline,baseline,7,128,64,5.666871061000165,6.4866823120000845,0.014180269000462431,0,0,0,0,0.013984944000185351,0,0,0.5,False,35a387bd665a60a3ad812ad653d438950adc76575144ff7f6bb8a75ac1dad37e,False,False,False,False,False
llama1b,3072,3,23,generation,stagger,study01_a1_s23_llama1b_kv3072_cap3-00_generation_stagger_baseline,baseline,3,128,768,0.9546605309997176,11.13998298199931,0.05914842399943154,0,0,0,0,0.05902503600009368,0,0,0.5,False,9397f4f97720ee715c2d8c280a316e97d88baa87e2b6a55a47f753d2ce9c1703,False,False,False,False,False
llama1b,3072,3,23,generation,stagger,study01_a1_s23_llama1b_kv3072_cap3-00_generation_stagger_baseline,baseline,4,128,256,6.32580364200021,9.797143380999842,0.059363932000451314,0,0,0,0,0.05903428500005248,0,0,0.5,False,b72590f97ced50e685891449e70110503671d435507ae8afb945e50ee279fa03,False,False,False,False,False
llama1b,3072,3,23,generation,stagger,study01_a1_s23_llama1b_kv3072_cap3-00_generation_stagger_baseline,baseline,8,512,256,5.957250100999772,9.385007996999775,0.06027043600079196,0,0,0,0,0.05970699899989995,0,0,0.5,False,c54e21bfabaac286f2960213cbbcbb0b16f7c55c5b3540f0cef69a8cadd19db2,False,False,False,False,False
llama1b,3072,3,23,generation,stagger,study01_a1_s23_llama1b_kv3072_cap3-00_generation_stagger_baseline,baseline,9,256,256,6.168172239999876,9.598166572000082,0.06005715399987821,0,0,0,0,0.059728985000219836,0,0,0.5,False,0a1b94b501ef8cfb8e4e1c6fb3b68cfd11d2cb4d24184ce7130f5cba0d1ad422,False,False,False,False,False
llama1b,3072,3,23,generation,stagger,study01_a1_s23_llama1b_kv3072_cap3-00_generation_stagger_baseline,baseline,11,256,64,4.494660231000125,5.319887158999336,0.01665453800069372,0,0,0,0,0.016470933000164223,0,0,0.5,False,2147cb95e9e3c0e31e798ff3104db21bbcf50fc2b5489b269bceba058c7ce536,False,False,False,False,False
llama1b,3072,3,23,generation,stagger,study01_a1_s23_llama1b_kv3072_cap3-00_generation_stagger_baseline,baseline,10,512,768,4.408287119999841,14.410463408000396,0.03381540999998833,0,0,0,0,0.03340254900012951,0,0,0.5,False,5817b4dcffa7efb08ba38ddb4f9539dd96ab162946ef6ae2bd78d83a83799a46,False,False,False,False,False
llama1b,3072,3,23,generation,burst,study01_a1_s23_llama1b_kv3072_cap3-01_generation_burst_baseline,baseline,0,512,256,0.060295700000096986,3.5632602550003867,0.03670368699931714,0,0,0,0,0.03634864800005744,0,0,0.5,False,c54e21bfabaac286f2960213cbbcbb0b16f7c55c5b3540f0cef69a8cadd19db2,False,False,False,False,False
llama1b,3072,3,23,generation,burst,study01_a1_s23_llama1b_kv3072_cap3-01_generation_burst_baseline,baseline,1,256,768,0.054486936000103015,10.564406354999846,0.03669154300041555,0,0,0,0,0.0363486730002478,0,0,0.5,False,ff2c625d728a9a95e9e96a47a6f55459f435d876cddb130d6cef7559e5698664,False,False,False,False,False
llama1b,3072,3,23,generation,burst,study01_a1_s23_llama1b_kv3072_cap3-01_generation_burst_baseline,baseline,2,256,768,0.05545892800000729,10.552331648999825,0.022443390000262298,0,0,0,0,0.022170893999827967,0,0,0.5,False,ff2c625d728a9a95e9e96a47a6f55459f435d876cddb130d6cef7559e5698664,False,False,False,False,False
llama1b,3072,3,23,generation,burst,study01_a1_s23_llama1b_kv3072_cap3-01_generation_burst_baseline,baseline,5,128,64,10.437043507999988,11.290880705000745,0.01904626699979417,0,0,0,0,0.018666055000721826,0,0,0.5,False,35a387bd665a60a3ad812ad653d438950adc76575144ff7f6bb8a75ac1dad37e,False,False,False,False,False
llama1b,3072,3,23,generation,burst,study01_a1_s23_llama1b_kv3072_cap3-01_generation_burst_baseline,baseline,6,512,64,11.318636955999864,12.181451456999639,0.01788332999967679,0,0,0,0,0.017982137000217335,0,0,0.5,False,7bc3f35a21678b9442a9428d42b64926474b14f235d6b8ada18a501c6d8067d7,False,False,False,False,False
llama1b,3072,3,23,generation,burst,study01_a1_s23_llama1b_kv3072_cap3-01_generation_burst_baseline,baseline,7,128,64,12.168511568999747,13.034608871000273,0.018374746000517916,0,0,0,0,0.018694505999519606,0,0,0.5,False,35a387bd665a60a3ad812ad653d438950adc76575144ff7f6bb8a75ac1dad37e,False,False,False,False,False
llama1b,3072,3,23,generation,burst,study01_a1_s23_llama1b_kv3072_cap3-01_generation_burst_baseline,baseline,3,128,768,3.4509737839998706,14.10325211899999,0.06490533599935588,0,0,0,0,0.06426525900042179,0,0,0.5,False,9397f4f97720ee715c2d8c280a316e97d88baa87e2b6a55a47f753d2ce9c1703,False,False,False,False,False
llama1b,3072,3,23,generation,burst,study01_a1_s23_llama1b_kv3072_cap3-01_generation_burst_baseline,baseline,4,128,256,10.45225439099977,14.102406558999974,0.06476676999955089,0,0,0,0,0.06428172699997958,0,0,0.5,False,b72590f97ced50e685891449e70110503671d435507ae8afb945e50ee279fa03,False,False,False,False,False
llama1b,3072,3,23,generation,burst,study01_a1_s23_llama1b_kv3072_cap3-01_generation_burst_baseline,baseline,8,512,256,13.053903263000393,16.68865460000052,0.06149399900004937,0,0,0,0,0.0608993180003381,0,0,0.5,False,c54e21bfabaac286f2960213cbbcbb0b16f7c55c5b3540f0cef69a8cadd19db2,False,False,False,False,False
llama1b,3072,3,23,generation,burst,study01_a1_s23_llama1b_kv3072_cap3-01_generation_burst_baseline,baseline,9,256,256,13.85234301500077,17.455725275000077,0.06140613399929862,0,0,0,0,0.06090726900038135,0,0,0.5,False,0a1b94b501ef8cfb8e4e1c6fb3b68cfd11d2cb4d24184ce7130f5cba0d1ad422,False,False,False,False,False
llama1b,3072,3,23,generation,burst,study01_a1_s23_llama1b_kv3072_cap3-01_generation_burst_baseline,baseline,11,256,64,16.58648985400032,17.44476543300061,0.01849953100008861,0,0,0,0,0.018505125000046974,0,0,0.5,False,2147cb95e9e3c0e31e798ff3104db21bbcf50fc2b5489b269bceba058c7ce536,False,False,False,False,False
llama1b,3072,3,23,generation,burst,study01_a1_s23_llama1b_kv3072_cap3-01_generation_burst_baseline,baseline,10,512,768,13.879554850999739,24.29042370299976,0.03598852000050101,0,0,0,0,0.03580897099982394,0,0,0.5,False,5817b4dcffa7efb08ba38ddb4f9539dd96ab162946ef6ae2bd78d83a83799a46,False,False,False,False,False
llama1b,3072,12,23,generation,stagger,study02_a1_s23_llama1b_kv3072_cap12-00_generation_stagger_guard128,guard128,0,512,256,0.07006404500043573,3.4549215289998756,0.03621759500038024,0,0,0,0,0.035750620000726485,0,0,0.5,False,c54e21bfabaac286f2960213cbbcbb0b16f7c55c5b3540f0cef69a8cadd19db2,False,False,False,False,False
llama1b,3072,12,23,generation,stagger,study02_a1_s23_llama1b_kv3072_cap12-00_generation_stagger_guard128,guard128,5,128,64,0.041873748000398336,0.8767738740007189,0.015713515000243206,0,0,0,0,0.015761353000016243,0,0,0.5,False,35a387bd665a60a3ad812ad653d438950adc76575144ff7f6bb8a75ac1dad37e,False,False,False,False,False
llama1b,3072,12,23,generation,stagger,study02_a1_s23_llama1b_kv3072_cap12-00_generation_stagger_guard128,guard128,4,128,256,0.039569636000123865,3.4167198269997243,0.020647987999836914,0,0,0,0,0.020357401000183017,0,0,0.5,False,b72590f97ced50e685891449e70110503671d435507ae8afb945e50ee279fa03,False,False,False,False,False
llama1b,3072,12,23,generation,stagger,study02_a1_s23_llama1b_kv3072_cap12-00_generation_stagger_guard128,guard128,1,256,768,0.05553955699997459,10.19928012499986,0.03343586899973161,0,0,0,0,0.033007617000293976,0,0,0.5,False,ff2c625d728a9a95e9e96a47a6f55459f435d876cddb130d6cef7559e5698664,False,False,False,False,False
llama1b,3072,12,23,generation,stagger,study02_a1_s23_llama1b_kv3072_cap12-00_generation_stagger_guard128,guard128,2,256,768,0.06120447299963416,10.260640032000083,0.07534135900004912,0,0,0,0,0.07486202499967476,0,0,0.5,False,ff2c625d728a9a95e9e96a47a6f55459f435d876cddb130d6cef7559e5698664,False,False,False,False,False
llama1b,3072,12,23,generation,stagger,study02_a1_s23_llama1b_kv3072_cap12-00_generation_stagger_guard128,guard128,7,128,64,3.688640798999586,4.604928920999555,0.08571225500054425,0,0,0,0,0.08540070800063404,0,0,0.5,False,35a387bd665a60a3ad812ad653d438950adc76575144ff7f6bb8a75ac1dad37e,False,False,False,False,False
llama1b,3072,12,23,generation,stagger,study02_a1_s23_llama1b_kv3072_cap12-00_generation_stagger_guard128,guard128,6,512,64,4.430239209999854,5.347076575999381,0.0858435529999042,0,0,0,0,0.08539893400029541,0,0,0.5,False,7bc3f35a21678b9442a9428d42b64926474b14f235d6b8ada18a501c6d8067d7,False,False,False,False,False
llama1b,3072,12,23,generation,stagger,study02_a1_s23_llama1b_kv3072_cap12-00_generation_stagger_guard128,guard128,3,128,768,0.04859822600064945,10.41629925000052,0.0859224109999559,0,0,0,0,0.08538035599940486,0,0,0.5,False,9397f4f97720ee715c2d8c280a316e97d88baa87e2b6a55a47f753d2ce9c1703,False,False,False,False,False
llama1b,3072,12,23,generation,stagger,study02_a1_s23_llama1b_kv3072_cap12-00_generation_stagger_guard128,guard128,11,256,64,0.6747662010002387,1.5200595550004437,0.018432552999911422,0,0,0,0,0.01789408800050296,0,0,0.5,False,2147cb95e9e3c0e31e798ff3104db21bbcf50fc2b5489b269bceba058c7ce536,False,False,False,False,False
llama1b,3072,12,23,generation,stagger,study02_a1_s23_llama1b_kv3072_cap12-00_generation_stagger_guard128,guard128,8,512,256,3.492996703999779,6.976977440000155,0.060301331999653485,0,0,0,0,0.05960282100022596,0,0,0.5,False,c54e21bfabaac286f2960213cbbcbb0b16f7c55c5b3540f0cef69a8cadd19db2,False,False,False,False,False
llama1b,3072,12,23,generation,stagger,study02_a1_s23_llama1b_kv3072_cap12-00_generation_stagger_guard128,guard128,9,256,256,3.325815199000317,6.809975578000376,0.06041423599981499,0,0,0,0,0.05960252000022592,0,0,0.5,False,0a1b94b501ef8cfb8e4e1c6fb3b68cfd11d2cb4d24184ce7130f5cba0d1ad422,False,False,False,False,False
llama1b,3072,12,23,generation,stagger,study02_a1_s23_llama1b_kv3072_cap12-00_generation_stagger_guard128,guard128,10,512,768,1.9715623539996159,12.146853427999304,0.03537997799958248,0,0,0,0,0.034783514000082505,0,0,0.5,False,5817b4dcffa7efb08ba38ddb4f9539dd96ab162946ef6ae2bd78d83a83799a46,False,False,False,False,False
llama1b,3072,12,23,generation,burst,study02_a1_s23_llama1b_kv3072_cap12-01_generation_burst_guard256,guard256,5,128,64,0.05402054899968789,0.8994685139996363,0.018367370999840205,0,0,0,0,0.018111432999830868,0,0,0.5,False,35a387bd665a60a3ad812ad653d438950adc76575144ff7f6bb8a75ac1dad37e,False,False,False,False,False
llama1b,3072,12,23,generation,burst,study02_a1_s23_llama1b_kv3072_cap12-01_generation_burst_guard256,guard256,0,512,256,0.06661746800000401,3.5606839550000586,0.04127726500064455,0,0,0,0,0.040941768000266165,0,0,0.5,False,c54e21bfabaac286f2960213cbbcbb0b16f7c55c5b3540f0cef69a8cadd19db2,False,False,False,False,False
llama1b,3072,12,23,generation,burst,study02_a1_s23_llama1b_kv3072_cap12-01_generation_burst_guard256,guard256,4,128,256,0.03831995000018651,3.4687116009999954,0.024743459999626793,0,0,0,0,0.024327133000042522,0,0,0.5,False,b72590f97ced50e685891449e70110503671d435507ae8afb945e50ee279fa03,False,False,False,False,False
llama1b,3072,12,23,generation,burst,study02_a1_s23_llama1b_kv3072_cap12-01_generation_burst_guard256,guard256,6,512,64,3.444682441999248,4.310317772999952,0.018097557999681158,0,0,0,0,0.017785860999538272,0,0,0.5,False,7bc3f35a21678b9442a9428d42b64926474b14f235d6b8ada18a501c6d8067d7,False,False,False,False,False
llama1b,3072,12,23,generation,burst,study02_a1_s23_llama1b_kv3072_cap12-01_generation_burst_guard256,guard256,7,128,64,4.29574961399976,5.154942156999823,0.02831767099996796,0,0,0,0,0.027594842999860703,0,0,0.5,False,35a387bd665a60a3ad812ad653d438950adc76575144ff7f6bb8a75ac1dad37e,False,False,False,False,False
llama1b,3072,12,23,generation,burst,study02_a1_s23_llama1b_kv3072_cap12-01_generation_burst_guard256,guard256,1,256,768,0.07257532899984653,10.631317557999864,0.06103228599931754,0,0,0,0,0.06042333300047176,0,0,0.5,False,ff2c625d728a9a95e9e96a47a6f55459f435d876cddb130d6cef7559e5698664,False,False,False,False,False
llama1b,3072,12,23,generation,burst,study02_a1_s23_llama1b_kv3072_cap12-01_generation_burst_guard256,guard256,2,256,768,0.06766350900034013,10.607347244000266,0.060707957999511564,0,0,0,0,0.06042265700034477,0,0,0.5,False,ff2c625d728a9a95e9e96a47a6f55459f435d876cddb130d6cef7559e5698664,False,False,False,False,False
llama1b,3072,12,23,generation,burst,study02_a1_s23_llama1b_kv3072_cap12-01_generation_burst_guard256,guard256,3,128,768,0.05291229900012695,10.657064670000182,0.08484217400018679,0,0,0,0,0.08393863600031182,0,0,0.5,False,9397f4f97720ee715c2d8c280a316e97d88baa87e2b6a55a47f753d2ce9c1703,False,False,False,False,False
llama1b,3072,12,23,generation,burst,study02_a1_s23_llama1b_kv3072_cap12-01_generation_burst_guard256,guard256,11,256,64,10.357005535999633,11.197115319999284,0.017394182999851182,0,0,0,0,0.017717611999614746,0,0,0.5,False,2147cb95e9e3c0e31e798ff3104db21bbcf50fc2b5489b269bceba058c7ce536,False,False,False,False,False
llama1b,3072,12,23,generation,burst,study02_a1_s23_llama1b_kv3072_cap12-01_generation_burst_guard256,guard256,8,512,256,10.406966636000107,13.881597453000722,0.08664262499951292,0,0,0,0,0.08584582399998908,0,0,0.5,False,c54e21bfabaac286f2960213cbbcbb0b16f7c55c5b3540f0cef69a8cadd19db2,False,False,False,False,False
llama1b,3072,12,23,generation,burst,study02_a1_s23_llama1b_kv3072_cap12-01_generation_burst_guard256,guard256,9,256,256,10.357574474000103,13.831948486000329,0.08666277399970568,0,0,0,0,0.08588420999967639,0,0,0.5,False,0a1b94b501ef8cfb8e4e1c6fb3b68cfd11d2cb4d24184ce7130f5cba0d1ad422,False,False,False,False,False
llama1b,3072,12,23,generation,burst,study02_a1_s23_llama1b_kv3072_cap12-01_generation_burst_guard256,guard256,10,512,768,10.407146962000297,20.511615164000432,0.019950189999690338,0,0,0,0,0.019800490000307036,0,0,0.5,False,5817b4dcffa7efb08ba38ddb4f9539dd96ab162946ef6ae2bd78d83a83799a46,False,False,False,False,False
llama1b,3072,12,23,generation,stagger,study02_a1_s23_llama1b_kv3072_cap12-02_generation_stagger_guard256,guard256,0,512,256,0.05986973400013085,3.4598250449998886,0.03707081500033382,0,0,0,0,0.03674689099989337,0,0,0.5,False,c54e21bfabaac286f2960213cbbcbb0b16f7c55c5b3540f0cef69a8cadd19db2,False,False,False,False,False
llama1b,3072,12,23,generation,stagger,study02_a1_s23_llama1b_kv3072_cap12-02_generation_stagger_guard256,guard256,4,128,256,0.04161127699990175,3.4268595620005726,0.01970342500044353,0,0,0,0,0.019378993999453087,0,0,0.5,False,b72590f97ced50e685891449e70110503671d435507ae8afb945e50ee279fa03,False,False,False,False,False
llama1b,3072,12,23,generation,stagger,study02_a1_s23_llama1b_kv3072_cap12-02_generation_stagger_guard256,guard256,1,256,768,0.05806504900010623,10.212748779999856,0.035717182999178476,0,0,0,0,0.034866541999690526,0,0,0.5,False,ff2c625d728a9a95e9e96a47a6f55459f435d876cddb130d6cef7559e5698664,False,False,False,False,False
llama1b,3072,12,23,generation,stagger,study02_a1_s23_llama1b_kv3072_cap12-02_generation_stagger_guard256,guard256,2,256,768,0.05291466199923889,10.199991403999775,0.021178448999307875,0,0,0,0,0.020848664000368444,0,0,0.5,False,ff2c625d728a9a95e9e96a47a6f55459f435d876cddb130d6cef7559e5698664,False,False,False,False,False
llama1b,3072,12,23,generation,stagger,study02_a1_s23_llama1b_kv3072_cap12-02_generation_stagger_guard256,guard256,5,128,64,5.04057113700037,5.9266829320004035,0.06744214300033491,0,0,0,0,0.06703953699980048,0,0,0.5,False,35a387bd665a60a3ad812ad653d438950adc76575144ff7f6bb8a75ac1dad37e,False,False,False,False,False
llama1b,3072,12,23,generation,stagger,study02_a1_s23_llama1b_kv3072_cap12-02_generation_stagger_guard256,guard256,6,512,64,4.759782621999875,5.586817329000041,0.016149421000591246,0,0,0,0,0.016400993000388553,0,0,0.5,False,7bc3f35a21678b9442a9428d42b64926474b14f235d6b8ada18a501c6d8067d7,False,False,False,False,False
llama1b,3072,12,23,generation,stagger,study02_a1_s23_llama1b_kv3072_cap12-02_generation_stagger_guard256,guard256,7,128,64,4.018021762999524,4.845232408999436,0.016151929000443488,0,0,0,0,0.016401142999711738,0,0,0.5,False,35a387bd665a60a3ad812ad653d438950adc76575144ff7f6bb8a75ac1dad37e,False,False,False,False,False
llama1b,3072,12,23,generation,stagger,study02_a1_s23_llama1b_kv3072_cap12-02_generation_stagger_guard256,guard256,3,128,768,0.0478408330000093,10.310089579000305,0.0832438520001233,0,0,0,0,0.08243095000034373,0,0,0.5,False,9397f4f97720ee715c2d8c280a316e97d88baa87e2b6a55a47f753d2ce9c1703,False,False,False,False,False
llama1b,3072,12,23,generation,stagger,study02_a1_s23_llama1b_kv3072_cap12-02_generation_stagger_guard256,guard256,11,256,64,0.6151353599998401,1.4461394769996332,0.01702019200001814,0,0,0,0,0.017080880999856163,0,0,0.5,False,2147cb95e9e3c0e31e798ff3104db21bbcf50fc2b5489b269bceba058c7ce536,False,False,False,False,False
llama1b,3072,12,23,generation,stagger,study02_a1_s23_llama1b_kv3072_cap12-02_generation_stagger_guard256,guard256,9,256,256,4.172623561000364,7.598159482000483,0.08183195000037813,0,0,0,0,0.08109824399980425,0,0,0.5,False,0a1b94b501ef8cfb8e4e1c6fb3b68cfd11d2cb4d24184ce7130f5cba0d1ad422,False,False,False,False,False
llama1b,3072,12,23,generation,stagger,study02_a1_s23_llama1b_kv3072_cap12-02_generation_stagger_guard256,guard256,8,512,256,4.339764821999779,7.765617865999957,0.08172541099975206,0,0,0,0,0.08108690600056434,0,0,0.5,False,c54e21bfabaac286f2960213cbbcbb0b16f7c55c5b3540f0cef69a8cadd19db2,False,False,False,False,False
llama1b,3072,12,23,generation,stagger,study02_a1_s23_llama1b_kv3072_cap12-02_generation_stagger_guard256,guard256,10,512,768,3.447810988999663,13.401706279999416,0.0179811760008306,0,0,0,0,0.01793706300031772,0,0,0.5,False,5817b4dcffa7efb08ba38ddb4f9539dd96ab162946ef6ae2bd78d83a83799a46,False,False,False,False,False
llama1b,3072,12,23,generation,stagger,study02_a1_s23_llama1b_kv3072_cap12-03_generation_stagger_growth_only,growth_only,0,512,256,0.06076952399962465,3.4556284629998117,0.03853381699991587,0,0,0,0,0.03757574100018246,0,0,0.5,False,c54e21bfabaac286f2960213cbbcbb0b16f7c55c5b3540f0cef69a8cadd19db2,False,False,False,False,False
llama1b,3072,12,23,generation,stagger,study02_a1_s23_llama1b_kv3072_cap12-03_generation_stagger_growth_only,growth_only,5,128,64,0.03977008600031695,0.8793854309997187,0.01737392999984877,0,0,0,0,0.016835226999319275,0,0,0.5,False,35a387bd665a60a3ad812ad653d438950adc76575144ff7f6bb8a75ac1dad37e,False,False,False,False,False
llama1b,3072,12,23,generation,stagger,study02_a1_s23_llama1b_kv3072_cap12-03_generation_stagger_growth_only,growth_only,4,128,256,0.03910573400025896,3.425535727999886,0.0207405019991711,0,0,0,0,0.020345765999991272,0,0,0.5,False,b72590f97ced50e685891449e70110503671d435507ae8afb945e50ee279fa03,False,False,False,False,False
llama1b,3072,12,23,generation,stagger,study02_a1_s23_llama1b_kv3072_cap12-03_generation_stagger_growth_only,growth_only,1,256,768,0.06099478000032832,10.255344703000446,0.0332279579997703,0,0,0,0,0.03271651000068232,0,0,0.5,False,ff2c625d728a9a95e9e96a47a6f55459f435d876cddb130d6cef7559e5698664,False,False,False,False,False
llama1b,3072,12,23,generation,stagger,study02_a1_s23_llama1b_kv3072_cap12-03_generation_stagger_growth_only,growth_only,2,256,768,0.05617030800021894,10.287392115999864,0.0660506610001903,0,0,0,0,0.0650163860000248,0,0,0.5,False,ff2c625d728a9a95e9e96a47a6f55459f435d876cddb130d6cef7559e5698664,False,False,False,False,False
llama1b,3072,12,23,generation,stagger,study02_a1_s23_llama1b_kv3072_cap12-03_generation_stagger_growth_only,growth_only,7,128,64,3.7338806420002584,4.642085153000153,0.08321950699973968,0,0,0,0,0.08194266900045477,0,0,0.5,False,35a387bd665a60a3ad812ad653d438950adc76575144ff7f6bb8a75ac1dad37e,False,False,False,False,False
llama1b,3072,12,23,generation,stagger,study02_a1_s23_llama1b_kv3072_cap12-03_generation_stagger_growth_only,growth_only,6,512,64,4.47556905700003,5.383906998000384,0.08341505999942456,0,0,0,0,0.08194201399965095,0,0,0.5,False,7bc3f35a21678b9442a9428d42b64926474b14f235d6b8ada18a501c6d8067d7,False,False,False,False,False
llama1b,3072,12,23,generation,stagger,study02_a1_s23_llama1b_kv3072_cap12-03_generation_stagger_growth_only,growth_only,3,128,768,0.04109872400022141,10.405841855999824,0.08330805500008864,0,0,0,0,0.08193595299962908,0,0,0.5,False,9397f4f97720ee715c2d8c280a316e97d88baa87e2b6a55a47f753d2ce9c1703,False,False,False,False,False
llama1b,3072,12,23,generation,stagger,study02_a1_s23_llama1b_kv3072_cap12-03_generation_stagger_growth_only,growth_only,11,256,64,0.6645825839996178,1.5008848269999362,0.01781924499937304,0,0,0,0,0.01760470899989741,0,0,0.5,False,2147cb95e9e3c0e31e798ff3104db21bbcf50fc2b5489b269bceba058c7ce536,False,False,False,False,False
llama1b,3072,12,23,generation,stagger,study02_a1_s23_llama1b_kv3072_cap12-03_generation_stagger_growth_only,growth_only,8,512,256,3.519667991999995,6.966076063999935,0.055170724999697995,0,0,0,0,0.05472931799977232,0,0,0.5,False,c54e21bfabaac286f2960213cbbcbb0b16f7c55c5b3540f0cef69a8cadd19db2,False,False,False,False,False
llama1b,3072,12,23,generation,stagger,study02_a1_s23_llama1b_kv3072_cap12-03_generation_stagger_growth_only,growth_only,9,256,256,3.3525302799998826,6.799126396999782,0.05526080799972988,0,0,0,0,0.0547288199995819,0,0,0.5,False,0a1b94b501ef8cfb8e4e1c6fb3b68cfd11d2cb4d24184ce7130f5cba0d1ad422,False,False,False,False,False
llama1b,3072,12,23,generation,stagger,study02_a1_s23_llama1b_kv3072_cap12-03_generation_stagger_growth_only,growth_only,10,512,768,2.004590308999468,12.0565340309995,0.0348922789999051,0,0,0,0,0.034631099999387516,0,0,0.5,False,5817b4dcffa7efb08ba38ddb4f9539dd96ab162946ef6ae2bd78d83a83799a46,False,False,False,False,False
llama1b,3072,12,23,balanced,burst,study02_a1_s23_llama1b_kv3072_cap12-04_balanced_burst_guard256,guard256,2,256,128,0.08916878499985614,1.7653751079997164,0.016360145999897213,0,0,0,0,0.01641686400034814,0,0,0.5,False,8211701fa1c02f1d7622b657fe3e1113c4957afb053d9ecf6425f9a3aef00dc3,False,False,False,False,False
llama1b,3072,12,23,balanced,burst,study02_a1_s23_llama1b_kv3072_cap12-04_balanced_burst_guard256,guard256,3,512,64,1.789223736999702,2.624914115000138,0.017204920999574824,0,0,0,0,0.01689468200038391,0,0,0.5,False,7bc3f35a21678b9442a9428d42b64926474b14f235d6b8ada18a501c6d8067d7,False,False,False,False,False
llama1b,3072,12,23,balanced,burst,study02_a1_s23_llama1b_kv3072_cap12-04_balanced_burst_guard256,guard256,0,1024,256,0.11666268600038165,3.6269543540001905,0.05842601400036074,0,0,0,0,0.057761258999562415,0,0,0.5,False,ba42046bf337c8816baf0e99082fe59be82c5861173dd16c8f6699fe75370e61,False,False,False,False,False
llama1b,3072,12,23,balanced,burst,study02_a1_s23_llama1b_kv3072_cap12-04_balanced_burst_guard256,guard256,4,512,128,2.643360009999924,4.343226526999388,0.019980119999672752,0,0,0,0,0.019874891999279498,0,0,0.5,False,b27bc13cf8d60e65c63ebad6f86270936fe0f40ce6482fa466f1c4185321d0ea,False,False,False,False,False
llama1b,3072,12,23,balanced,burst,study02_a1_s23_llama1b_kv3072_cap12-04_balanced_burst_guard256,guard256,6,1024,128,4.367171685999892,6.065060013999755,0.01879955299955327,0,0,0,0,0.01893690900033107,0,0,0.5,False,809d08d6db767268654a37110cdaf593fca9287a26604e41aef4e12927921398,False,False,False,False,False
llama1b,3072,12,23,balanced,burst,study02_a1_s23_llama1b_kv3072_cap12-04_balanced_burst_guard256,guard256,5,128,256,3.4138340720000997,6.949247448000278,0.10862988799999584,0,0,0,0,0.10783814299975347,0,0,0.5,False,b72590f97ced50e685891449e70110503671d435507ae8afb945e50ee279fa03,False,False,False,False,False
llama1b,3072,12,23,balanced,burst,study02_a1_s23_llama1b_kv3072_cap12-04_balanced_burst_guard256,guard256,1,256,512,0.13915309799995157,7.162613192000208,0.10873289400024078,0,0,0,0,0.10783257700040849,0,0,0.5,False,c50e1e6e4bc92ab58a6f4e2491cff540339d8656fe1e3d4e87c979cc068746e8,False,False,False,False,False
llama1b,3072,12,23,balanced,burst,study02_a1_s23_llama1b_kv3072_cap12-04_balanced_burst_guard256,guard256,9,128,64,6.92742252700009,7.769105589999526,0.0168574509998507,0,0,0,0,0.017005728000185627,0,0,0.5,False,35a387bd665a60a3ad812ad653d438950adc76575144ff7f6bb8a75ac1dad37e,False,False,False,False,False
llama1b,3072,12,23,balanced,burst,study02_a1_s23_llama1b_kv3072_cap12-04_balanced_burst_guard256,guard256,7,512,256,6.089145001999896,9.609594182000365,0.1499120420003237,0,0,0,0,0.1485384850002447,0,0,0.5,False,c54e21bfabaac286f2960213cbbcbb0b16f7c55c5b3540f0cef69a8cadd19db2,False,False,False,False,False
llama1b,3072,12,23,balanced,burst,study02_a1_s23_llama1b_kv3072_cap12-04_balanced_burst_guard256,guard256,11,128,64,9.443893315999958,10.274870644999282,0.017534675000206335,0,0,0,0,0.017246538000108558,0,0,0.5,False,35a387bd665a60a3ad812ad653d438950adc76575144ff7f6bb8a75ac1dad37e,False,False,False,False,False
llama1b,3072,12,23,balanced,burst,study02_a1_s23_llama1b_kv3072_cap12-04_balanced_burst_guard256,guard256,10,256,512,6.877306010000211,13.646627719999742,0.020179502999781107,0,0,0,0,0.01990093399945181,0,0,0.5,False,c50e1e6e4bc92ab58a6f4e2491cff540339d8656fe1e3d4e87c979cc068746e8,False,False,False,False,False
llama1b,3072,12,23,balanced,burst,study02_a1_s23_llama1b_kv3072_cap12-04_balanced_burst_guard256,guard256,8,1024,512,6.977530494999883,13.746840737000639,0.020075809999980265,0,0,0,0,0.01990188699983264,0,0,0.5,False,5dd5903d66b0fc3e836ddc82a1a2ff989ed28091968f3b056246c006c012648f,False,False,False,False,False
llama1b,3072,12,23,balanced,stagger,study02_a1_s23_llama1b_kv3072_cap12-05_balanced_stagger_guard256,guard256,0,1024,256,0.11030643100002635,3.5265649969996957,0.039970586999515945,0,0,0,0,0.039452154999708,0,0,0.5,False,ba42046bf337c8816baf0e99082fe59be82c5861173dd16c8f6699fe75370e61,False,False,False,False,False
llama1b,3072,12,23,balanced,stagger,study02_a1_s23_llama1b_kv3072_cap12-05_balanced_stagger_guard256,guard256,2,256,128,0.056269335000251886,1.8292975360000128,0.10822525000003225,0,0,0,0,0.10769095199975709,0,0,0.5,False,8211701fa1c02f1d7622b657fe3e1113c4957afb053d9ecf6425f9a3aef00dc3,False,False,False,False,False
llama1b,3072,12,23,balanced,stagger,study02_a1_s23_llama1b_kv3072_cap12-05_balanced_stagger_guard256,guard256,3,512,64,1.1342050089997429,1.9681503069996324,0.020831777000239526,0,0,0,0,0.02072043400039547,0,0,0.5,False,7bc3f35a21678b9442a9428d42b64926474b14f235d6b8ada18a501c6d8067d7,False,False,False,False,False
llama1b,3072,12,23,balanced,stagger,study02_a1_s23_llama1b_kv3072_cap12-05_balanced_stagger_guard256,guard256,4,512,128,1.0280005660006282,2.7035822770003506,0.020849563000410853,0,0,0,0,0.02072121800028981,0,0,0.5,False,b27bc13cf8d60e65c63ebad6f86270936fe0f40ce6482fa466f1c4185321d0ea,False,False,False,False,False
llama1b,3072,12,23,balanced,stagger,study02_a1_s23_llama1b_kv3072_cap12-05_balanced_stagger_guard256,guard256,6,1024,128,0.4299766260000979,2.106615858000623,0.01665861799938284,0,0,0,0,0.01652766299957875,0,0,0.5,False,809d08d6db767268654a37110cdaf593fca9287a26604e41aef4e12927921398,False,False,False,False,False
llama1b,3072,12,23,balanced,stagger,study02_a1_s23_llama1b_kv3072_cap12-05_balanced_stagger_guard256,guard256,5,128,256,0.04470967700035544,3.5536179760001687,0.10942299099951924,0,0,0,0,0.10885868399964238,0,0,0.5,False,b72590f97ced50e685891449e70110503671d435507ae8afb945e50ee279fa03,False,False,False,False,False
llama1b,3072,12,23,balanced,stagger,study02_a1_s23_llama1b_kv3072_cap12-05_balanced_stagger_guard256,guard256,1,256,512,0.06264573799944628,7.074141760999737,0.10944612399998732,0,0,0,0,0.10885239199978969,0,0,0.5,False,c50e1e6e4bc92ab58a6f4e2491cff540339d8656fe1e3d4e87c979cc068746e8,False,False,False,False,False
llama1b,3072,12,23,balanced,stagger,study02_a1_s23_llama1b_kv3072_cap12-05_balanced_stagger_guard256,guard256,7,512,256,1.1111707769996428,4.5934165449998545,0.11163724699963495,0,0,0,0,0.11091796000073373,0,0,0.5,False,c54e21bfabaac286f2960213cbbcbb0b16f7c55c5b3540f0cef69a8cadd19db2,False,False,False,False,False
llama1b,3072,12,23,balanced,stagger,study02_a1_s23_llama1b_kv3072_cap12-05_balanced_stagger_guard256,guard256,9,128,64,0.0476626989993747,0.8945085689992993,0.0362009250002302,0,0,0,0,0.03585262600063288,0,0,0.5,False,35a387bd665a60a3ad812ad653d438950adc76575144ff7f6bb8a75ac1dad37e,False,False,False,False,False
llama1b,3072,12,23,balanced,stagger,study02_a1_s23_llama1b_kv3072_cap12-05_balanced_stagger_guard256,guard256,11,128,64,0.04024839700014127,0.8720986530006485,0.014597690999835322,0,0,0,0,0.014637154000411101,0,0,0.5,False,35a387bd665a60a3ad812ad653d438950adc76575144ff7f6bb8a75ac1dad37e,False,False,False,False,False
llama1b,3072,12,23,balanced,stagger,study02_a1_s23_llama1b_kv3072_cap12-05_balanced_stagger_guard256,guard256,8,1024,512,0.8747368000003917,7.655911800000467,0.03618331800043961,0,0,0,0,0.03583603300012328,0,0,0.5,False,5dd5903d66b0fc3e836ddc82a1a2ff989ed28091968f3b056246c006c012648f,False,False,False,False,False
llama1b,3072,12,23,balanced,stagger,study02_a1_s23_llama1b_kv3072_cap12-05_balanced_stagger_guard256,guard256,10,256,512,0.06225054199967417,6.752863859000172,0.02069615900018107,0,0,0,0,0.020608023000022513,0,0,0.5,False,c50e1e6e4bc92ab58a6f4e2491cff540339d8656fe1e3d4e87c979cc068746e8,False,False,False,False,False
llama1b,3072,12,23,balanced,stagger,study02_a1_s23_llama1b_kv3072_cap12-06_balanced_stagger_guard128,guard128,3,512,64,0.08051820099990437,0.9247479910000038,0.018589000000247324,0,0,0,0,0.018585825999252847,0,0,0.5,False,7bc3f35a21678b9442a9428d42b64926474b14f235d6b8ada18a501c6d8067d7,False,False,False,False,False
llama1b,3072,12,23,balanced,stagger,study02_a1_s23_llama1b_kv3072_cap12-06_balanced_stagger_guard128,guard128,0,1024,256,0.11008951699932368,3.5815331609992427,0.05735593899953528,0,0,0,0,0.056983153999681235,0,0,0.5,False,ba42046bf337c8816baf0e99082fe59be82c5861173dd16c8f6699fe75370e61,False,False,False,False,False
llama1b,3072,12,23,balanced,stagger,study02_a1_s23_llama1b_kv3072_cap12-06_balanced_stagger_guard128,guard128,2,256,128,0.05636830000003101,1.8405633700003818,0.05775603799975215,0,0,0,0,0.05726415799927054,0,0,0.5,False,8211701fa1c02f1d7622b657fe3e1113c4957afb053d9ecf6425f9a3aef00dc3,False,False,False,False,False
llama1b,3072,12,23,balanced,stagger,study02_a1_s23_llama1b_kv3072_cap12-06_balanced_stagger_guard128,guard128,4,512,128,1.0343000729999403,2.814277886000127,0.117455845999757,0,0,0,0,0.11646511600065423,0,0,0.5,False,b27bc13cf8d60e65c63ebad6f86270936fe0f40ce6482fa466f1c4185321d0ea,False,False,False,False,False
llama1b,3072,12,23,balanced,stagger,study02_a1_s23_llama1b_kv3072_cap12-06_balanced_stagger_guard128,guard128,6,1024,128,0.14187596699957794,1.877503445000002,0.06058543299968733,0,0,0,0,0.059873991000131355,0,0,0.5,False,809d08d6db767268654a37110cdaf593fca9287a26604e41aef4e12927921398,False,False,False,False,False
llama1b,3072,12,23,balanced,stagger,study02_a1_s23_llama1b_kv3072_cap12-06_balanced_stagger_guard128,guard128,5,128,256,0.04413915500026633,3.576288391000162,0.117621176999819,0,0,0,0,0.11647259300025326,0,0,0.5,False,b72590f97ced50e685891449e70110503671d435507ae8afb945e50ee279fa03,False,False,False,False,False
llama1b,3072,12,23,balanced,stagger,study02_a1_s23_llama1b_kv3072_cap12-06_balanced_stagger_guard128,guard128,1,256,512,0.06083883000064816,7.221407089000422,0.11744832800013683,0,0,0,0,0.11642223899980308,0,0,0.5,False,c50e1e6e4bc92ab58a6f4e2491cff540339d8656fe1e3d4e87c979cc068746e8,False,False,False,False,False
llama1b,3072,12,23,balanced,stagger,study02_a1_s23_llama1b_kv3072_cap12-06_balanced_stagger_guard128,guard128,7,512,256,0.08089510399986466,3.570095668000249,0.11300163999931101,0,0,0,0,0.112533512000482,0,0,0.5,False,c54e21bfabaac286f2960213cbbcbb0b16f7c55c5b3540f0cef69a8cadd19db2,False,False,False,False,False
llama1b,3072,12,23,balanced,stagger,study02_a1_s23_llama1b_kv3072_cap12-06_balanced_stagger_guard128,guard128,9,128,64,0.04544951299976674,0.8888711779991354,0.03411129699998128,0,0,0,0,0.03379106700049306,0,0,0.5,False,35a387bd665a60a3ad812ad653d438950adc76575144ff7f6bb8a75ac1dad37e,False,False,False,False,False
llama1b,3072,12,23,balanced,stagger,study02_a1_s23_llama1b_kv3072_cap12-06_balanced_stagger_guard128,guard128,11,128,64,0.04095852299997205,0.872329961000105,0.015605323999807297,0,0,0,0,0.016120106000016676,0,0,0.5,False,35a387bd665a60a3ad812ad653d438950adc76575144ff7f6bb8a75ac1dad37e,False,False,False,False,False
llama1b,3072,12,23,balanced,stagger,study02_a1_s23_llama1b_kv3072_cap12-06_balanced_stagger_guard128,guard128,8,1024,512,0.7683549640005367,7.507033847999992,0.034126864000427304,0,0,0,0,0.03378642799998488,0,0,0.5,False,5dd5903d66b0fc3e836ddc82a1a2ff989ed28091968f3b056246c006c012648f,False,False,False,False,False
llama1b,3072,12,23,balanced,stagger,study02_a1_s23_llama1b_kv3072_cap12-06_balanced_stagger_guard128,guard128,10,256,512,0.05821327800003928,6.669080921999921,0.020372564000354032,0,0,0,0,0.019938151000133075,0,0,0.5,False,c50e1e6e4bc92ab58a6f4e2491cff540339d8656fe1e3d4e87c979cc068746e8,False,False,False,False,False
llama1b,3072,12,23,generation,stagger,study02_a1_s23_llama1b_kv3072_cap12-07_generation_stagger_adaptive_resume,adaptive_resume,0,512,256,0.06661897800040606,3.4533008879998306,0.03674419300023146,0,0,0,0,0.03638608799974463,0,0,0.5,False,c54e21bfabaac286f2960213cbbcbb0b16f7c55c5b3540f0cef69a8cadd19db2,False,False,False,False,False
llama1b,3072,12,23,generation,stagger,study02_a1_s23_llama1b_kv3072_cap12-07_generation_stagger_adaptive_resume,adaptive_resume,5,128,64,0.04896451300010085,0.9349458759998015,0.06067791900022712,0,0,0,0,0.059552830000029644,0,0,0.5,False,35a387bd665a60a3ad812ad653d438950adc76575144ff7f6bb8a75ac1dad37e,False,False,False,False,False
llama1b,3072,12,23,generation,stagger,study02_a1_s23_llama1b_kv3072_cap12-07_generation_stagger_adaptive_resume,adaptive_resume,6,512,64,0.07986251500005892,0.9332083609997426,0.02051565700003266,0,0,0,0,0.020342703000096662,0,0,0.5,False,7bc3f35a21678b9442a9428d42b64926474b14f235d6b8ada18a501c6d8067d7,False,False,False,False,False
llama1b,3072,12,23,generation,stagger,study02_a1_s23_llama1b_kv3072_cap12-07_generation_stagger_adaptive_resume,adaptive_resume,4,128,256,0.048605906999910076,3.4905577620002077,0.0604020529999616,0,0,0,0,0.059551647000262165,0,0,0.5,False,b72590f97ced50e685891449e70110503671d435507ae8afb945e50ee279fa03,False,False,False,False,False
llama1b,3072,12,23,generation,stagger,study02_a1_s23_llama1b_kv3072_cap12-07_generation_stagger_adaptive_resume,adaptive_resume,7,128,64,0.041638427000179945,0.9257585190007376,0.05672096300077101,0,0,0,0,0.05593167499955598,0,0,0.5,False,35a387bd665a60a3ad812ad653d438950adc76575144ff7f6bb8a75ac1dad37e,False,False,False,False,False
llama1b,3072,12,23,generation,stagger,study02_a1_s23_llama1b_kv3072_cap12-07_generation_stagger_adaptive_resume,adaptive_resume,1,256,768,0.06569663600021158,10.346453641000153,0.06082703100037179,0,0,0,0,0.0595393960002184,0,0,0.5,False,ff2c625d728a9a95e9e96a47a6f55459f435d876cddb130d6cef7559e5698664,False,False,False,False,False
llama1b,3072,12,23,generation,stagger,study02_a1_s23_llama1b_kv3072_cap12-07_generation_stagger_adaptive_resume,adaptive_resume,2,256,768,0.05763902699982282,10.408294320000095,0.09529585399923235,0,0,0,0,0.09481686300023284,0,0,0.5,False,ff2c625d728a9a95e9e96a47a6f55459f435d876cddb130d6cef7559e5698664,False,False,False,False,False
llama1b,3072,12,23,generation,stagger,study02_a1_s23_llama1b_kv3072_cap12-07_generation_stagger_adaptive_resume,adaptive_resume,8,512,256,0.20413371900031052,5.2176453190004395,1.5744928449994404,1,621,621,0,1.574508302999675,1.4644338109992532,1.5744928449994404,0.5,True,c54e21bfabaac286f2960213cbbcbb0b16f7c55c5b3540f0cef69a8cadd19db2,True,True,True,False,False
llama1b,3072,12,23,generation,stagger,study02_a1_s23_llama1b_kv3072_cap12-07_generation_stagger_adaptive_resume,adaptive_resume,3,128,768,0.037922923999758495,10.475887482999497,0.09525595200011594,0,0,0,0,0.09482568699968397,0,0,0.5,False,9397f4f97720ee715c2d8c280a316e97d88baa87e2b6a55a47f753d2ce9c1703,False,False,False,False,False
llama1b,3072,12,23,generation,stagger,study02_a1_s23_llama1b_kv3072_cap12-07_generation_stagger_adaptive_resume,adaptive_resume,11,256,64,0.3296234050003477,1.1575244639998346,0.016031406999900355,0,0,0,0,0.015774288999637065,0,0,0.5,False,2147cb95e9e3c0e31e798ff3104db21bbcf50fc2b5489b269bceba058c7ce536,False,False,False,False,False
llama1b,3072,12,23,generation,stagger,study02_a1_s23_llama1b_kv3072_cap12-07_generation_stagger_adaptive_resume,adaptive_resume,9,256,256,0.20650919400031853,6.162074745000609,2.528436413000236,1,282,282,0,2.52821611499985,2.418261761999929,2.528436413000236,0.5,True,0a1b94b501ef8cfb8e4e1c6fb3b68cfd11d2cb4d24184ce7130f5cba0d1ad422,True,True,True,True,False
llama1b,3072,12,23,generation,stagger,study02_a1_s23_llama1b_kv3072_cap12-07_generation_stagger_adaptive_resume,adaptive_resume,10,512,768,1.5103030020000006,11.46959522799989,0.034585643999889726,0,0,0,0,0.033693892999508535,0,0,0.5,False,5817b4dcffa7efb08ba38ddb4f9539dd96ab162946ef6ae2bd78d83a83799a46,False,False,False,False,False
llama1b,3072,12,23,balanced,burst,study02_a1_s23_llama1b_kv3072_cap12-08_balanced_burst_slai_port,slai_port,3,512,64,0.11885315500057914,1.0291399870002351,0.060742669999854115,0,0,0,0,0.060530490999553876,0,0,0.5,False,7bc3f35a21678b9442a9428d42b64926474b14f235d6b8ada18a501c6d8067d7,False,False,False,False,False
llama1b,3072,12,23,balanced,burst,study02_a1_s23_llama1b_kv3072_cap12-08_balanced_burst_slai_port,slai_port,9,128,64,0.047579594000126235,0.92281697099952,0.043931758999860904,0,0,0,0,0.04372329199941305,0,0,0.5,False,35a387bd665a60a3ad812ad653d438950adc76575144ff7f6bb8a75ac1dad37e,False,False,False,False,False
llama1b,3072,12,23,balanced,burst,study02_a1_s23_llama1b_kv3072_cap12-08_balanced_burst_slai_port,slai_port,2,256,128,0.08896881100008613,1.9775945239998691,0.06456107899975905,0,0,0,0,0.06432178199975169,0,0,0.5,False,8211701fa1c02f1d7622b657fe3e1113c4957afb053d9ecf6425f9a3aef00dc3,False,False,False,False,False
llama1b,3072,12,23,balanced,burst,study02_a1_s23_llama1b_kv3072_cap12-08_balanced_burst_slai_port,slai_port,11,128,64,0.6889314949994514,1.5777269509999314,0.03540229600002931,0,0,0,0,0.03488587199990434,0,0,0.5,False,35a387bd665a60a3ad812ad653d438950adc76575144ff7f6bb8a75ac1dad37e,False,False,False,False,False
llama1b,3072,12,23,balanced,burst,study02_a1_s23_llama1b_kv3072_cap12-08_balanced_burst_slai_port,slai_port,4,512,128,0.1293310589999237,1.928056007000123,0.044308310000815254,0,0,0,0,0.043700644999262295,0,0,0.5,False,b27bc13cf8d60e65c63ebad6f86270936fe0f40ce6482fa466f1c4185321d0ea,False,False,False,False,False
llama1b,3072,12,23,balanced,burst,study02_a1_s23_llama1b_kv3072_cap12-08_balanced_burst_slai_port,slai_port,0,1024,256,0.11239315100010572,3.834329964999597,0.06458634099999472,0,0,0,0,0.06431981500008987,0,0,0.5,False,ba42046bf337c8816baf0e99082fe59be82c5861173dd16c8f6699fe75370e61,False,False,False,False,False
llama1b,3072,12,23,balanced,burst,study02_a1_s23_llama1b_kv3072_cap12-08_balanced_burst_slai_port,slai_port,5,128,256,0.10187586299980467,3.7887184289993456,0.14995298800022283,0,0,0,0,0.1485778139995091,0,0,0.5,False,b72590f97ced50e685891449e70110503671d435507ae8afb945e50ee279fa03,False,False,False,False,False
llama1b,3072,12,23,balanced,burst,study02_a1_s23_llama1b_kv3072_cap12-08_balanced_burst_slai_port,slai_port,6,1024,128,3.698356101999707,5.375363131000086,0.015894266999566753,0,0,0,0,0.0147883150002599,0,0,0.5,False,809d08d6db767268654a37110cdaf593fca9287a26604e41aef4e12927921398,False,False,False,False,False
llama1b,3072,12,23,balanced,burst,study02_a1_s23_llama1b_kv3072_cap12-08_balanced_burst_slai_port,slai_port,7,512,256,1.854025002000526,5.465825407000011,0.14962159399965458,0,0,0,0,0.14862865099985356,0,0,0.5,False,c54e21bfabaac286f2960213cbbcbb0b16f7c55c5b3540f0cef69a8cadd19db2,False,False,False,False,False
llama1b,3072,12,23,balanced,burst,study02_a1_s23_llama1b_kv3072_cap12-08_balanced_burst_slai_port,slai_port,1,256,512,0.13886542199998075,8.237163707000036,0.5449657210001533,2,736,736,0,0.5441648100004386,0,0,0.5,True,c50e1e6e4bc92ab58a6f4e2491cff540339d8656fe1e3d4e87c979cc068746e8,True,True,False,False,False
llama1b,3072,12,23,balanced,burst,study02_a1_s23_llama1b_kv3072_cap12-08_balanced_burst_slai_port,slai_port,10,256,512,0.9206312569995134,8.431022505999863,0.5014124770004855,1,272,272,0,0.5006189109999468,0,0,0.5,True,c50e1e6e4bc92ab58a6f4e2491cff540339d8656fe1e3d4e87c979cc068746e8,True,True,False,False,False
llama1b,3072,12,23,balanced,burst,study02_a1_s23_llama1b_kv3072_cap12-08_balanced_burst_slai_port,slai_port,8,1024,512,5.402889263999896,12.049701861999893,0.01813631599998189,0,0,0,0,0.017912119000357052,0,0,0.5,False,5dd5903d66b0fc3e836ddc82a1a2ff989ed28091968f3b056246c006c012648f,False,False,False,False,False
llama1b,3072,12,23,balanced,burst,study02_a1_s23_llama1b_kv3072_cap12-09_balanced_burst_growth_only,growth_only,3,512,64,0.10552340400045068,0.9363772810002047,0.015764187000058882,0,0,0,0,0.01564804100053152,0,0,0.5,False,7bc3f35a21678b9442a9428d42b64926474b14f235d6b8ada18a501c6d8067d7,False,False,False,False,False
llama1b,3072,12,23,balanced,burst,study02_a1_s23_llama1b_kv3072_cap12-09_balanced_burst_growth_only,growth_only,2,256,128,0.08113216399942758,1.869794594999803,0.07040930000039225,0,0,0,0,0.06977531999928033,0,0,0.5,False,8211701fa1c02f1d7622b657fe3e1113c4957afb053d9ecf6425f9a3aef00dc3,False,False,False,False,False
llama1b,3072,12,23,balanced,burst,study02_a1_s23_llama1b_kv3072_cap12-09_balanced_burst_growth_only,growth_only,4,512,128,0.9727673299994422,2.6553447770002094,0.015933196000332828,0,0,0,0,0.015466729000763735,0,0,0.5,False,b27bc13cf8d60e65c63ebad6f86270936fe0f40ce6482fa466f1c4185321d0ea,False,False,False,False,False
llama1b,3072,12,23,balanced,burst,study02_a1_s23_llama1b_kv3072_cap12-09_balanced_burst_growth_only,growth_only,0,1024,256,0.10460195999985444,3.628254618000028,0.07047801299995626,0,0,0,0,0.06975554499967984,0,0,0.5,False,ba42046bf337c8816baf0e99082fe59be82c5861173dd16c8f6699fe75370e61,False,False,False,False,False
llama1b,3072,12,23,balanced,burst,study02_a1_s23_llama1b_kv3072_cap12-09_balanced_burst_growth_only,growth_only,5,128,256,0.9229535449994728,4.431862784999794,0.15641732000040065,0,0,0,0,0.15556168500006606,0,0,0.5,False,b72590f97ced50e685891449e70110503671d435507ae8afb945e50ee279fa03,False,False,False,False,False
llama1b,3072,12,23,balanced,burst,study02_a1_s23_llama1b_kv3072_cap12-09_balanced_burst_growth_only,growth_only,6,1024,128,3.499956026000291,5.165150189999622,0.015203650999865204,0,0,0,0,0.015158582999902137,0,0,0.5,False,809d08d6db767268654a37110cdaf593fca9287a26604e41aef4e12927921398,False,False,False,False,False
llama1b,3072,12,23,balanced,burst,study02_a1_s23_llama1b_kv3072_cap12-09_balanced_burst_growth_only,growth_only,9,128,64,5.150939582999854,5.9767733369999405,0.015247976999489765,0,0,0,0,0.015097713000614021,0,0,0.5,False,35a387bd665a60a3ad812ad653d438950adc76575144ff7f6bb8a75ac1dad37e,False,False,False,False,False
llama1b,3072,12,23,balanced,burst,study02_a1_s23_llama1b_kv3072_cap12-09_balanced_burst_growth_only,growth_only,7,512,256,3.450096888999724,6.90512991200012,0.12179670899968187,0,0,0,0,0.1209687099999428,0,0,0.5,False,c54e21bfabaac286f2960213cbbcbb0b16f7c55c5b3540f0cef69a8cadd19db2,False,False,False,False,False
llama1b,3072,12,23,balanced,burst,study02_a1_s23_llama1b_kv3072_cap12-09_balanced_burst_growth_only,growth_only,1,256,512,0.13099729399982607,7.220381477999581,0.15625215399995795,0,0,0,0,0.15555979900000239,0,0,0.5,False,c50e1e6e4bc92ab58a6f4e2491cff540339d8656fe1e3d4e87c979cc068746e8,False,False,False,False,False
llama1b,3072,12,23,balanced,burst,study02_a1_s23_llama1b_kv3072_cap12-09_balanced_burst_growth_only,growth_only,11,128,64,6.76545345500017,7.58255151100002,0.015208740999696602,0,0,0,0,0.015125588000046264,0,0,0.5,False,35a387bd665a60a3ad812ad653d438950adc76575144ff7f6bb8a75ac1dad37e,False,False,False,False,False
llama1b,3072,12,23,balanced,burst,study02_a1_s23_llama1b_kv3072_cap12-09_balanced_burst_growth_only,growth_only,8,1024,512,5.201099237000562,11.90757152200058,0.045006333999481285,0,0,0,0,0.04499500600013562,0,0,0.5,False,5dd5903d66b0fc3e836ddc82a1a2ff989ed28091968f3b056246c006c012648f,False,False,False,False,False
llama1b,3072,12,23,balanced,burst,study02_a1_s23_llama1b_kv3072_cap12-09_balanced_burst_growth_only,growth_only,10,256,512,6.815288345000226,13.441237399000784,0.015996117999748094,0,0,0,0,0.01584742799968808,0,0,0.5,False,c50e1e6e4bc92ab58a6f4e2491cff540339d8656fe1e3d4e87c979cc068746e8,False,False,False,False,False
llama1b,3072,12,23,balanced,stagger,study02_a1_s23_llama1b_kv3072_cap12-10_balanced_stagger_baseline,baseline,3,512,64,0.08190313700015395,0.9667355310002677,0.060414978000153496,0,0,0,0,0.05985143799989601,0,0,0.5,False,7bc3f35a21678b9442a9428d42b64926474b14f235d6b8ada18a501c6d8067d7,False,False,False,False,False
llama1b,3072,12,23,balanced,stagger,study02_a1_s23_llama1b_kv3072_cap12-10_balanced_stagger_baseline,baseline,0,1024,256,0.10735785900033079,3.6466274300000805,0.06134416799977771,0,0,0,0,0.0599136990003899,0,0,0.5,False,ba42046bf337c8816baf0e99082fe59be82c5861173dd16c8f6699fe75370e61,False,False,False,False,False
llama1b,3072,12,23,balanced,stagger,study02_a1_s23_llama1b_kv3072_cap12-10_balanced_stagger_baseline,baseline,2,256,128,0.05822233199978655,1.8836300729999493,0.060929725999812945,0,0,0,0,0.05991678400005185,0,0,0.5,False,8211701fa1c02f1d7622b657fe3e1113c4957afb053d9ecf6425f9a3aef00dc3,False,False,False,False,False
llama1b,3072,12,23,balanced,stagger,study02_a1_s23_llama1b_kv3072_cap12-10_balanced_stagger_baseline,baseline,4,512,128,0.09059079200051201,2.355476026999895,0.577891310999803,1,532,532,0,0.5776960650000547,0,0,0.5,True,b27bc13cf8d60e65c63ebad6f86270936fe0f40ce6482fa466f1c4185321d0ea,True,True,False,False,False
llama1b,3072,12,23,balanced,stagger,study02_a1_s23_llama1b_kv3072_cap12-10_balanced_stagger_baseline,baseline,6,1024,128,0.13935022999976354,1.8662417259993163,0.05913560600038181,0,0,0,0,0.059022794000156864,0,0,0.5,False,809d08d6db767268654a37110cdaf593fca9287a26604e41aef4e12927921398,False,False,False,False,False
llama1b,3072,12,23,balanced,stagger,study02_a1_s23_llama1b_kv3072_cap12-10_balanced_stagger_baseline,baseline,5,128,256,0.0504118720000406,3.7022031779997633,0.11472487300034118,0,0,0,0,0.11388052599977527,0,0,0.5,False,b72590f97ced50e685891449e70110503671d435507ae8afb945e50ee279fa03,False,False,False,False,False
llama1b,3072,12,23,balanced,stagger,study02_a1_s23_llama1b_kv3072_cap12-10_balanced_stagger_baseline,baseline,1,256,512,0.061811659000341024,7.268458981000549,0.11474337700019532,0,0,0,0,0.11386336099985783,0,0,0.5,False,c50e1e6e4bc92ab58a6f4e2491cff540339d8656fe1e3d4e87c979cc068746e8,False,False,False,False,False
llama1b,3072,12,23,balanced,stagger,study02_a1_s23_llama1b_kv3072_cap12-10_balanced_stagger_baseline,baseline,7,512,256,0.08250405099988711,3.6091401809999297,0.11215783700026805,0,0,0,0,0.11137928399966768,0,0,0.5,False,c54e21bfabaac286f2960213cbbcbb0b16f7c55c5b3540f0cef69a8cadd19db2,False,False,False,False,False
llama1b,3072,12,23,balanced,stagger,study02_a1_s23_llama1b_kv3072_cap12-10_balanced_stagger_baseline,baseline,9,128,64,0.05373076599971682,0.9051292209996973,0.03518105300008756,0,0,0,0,0.03464225199968496,0,0,0.5,False,35a387bd665a60a3ad812ad653d438950adc76575144ff7f6bb8a75ac1dad37e,False,False,False,False,False
llama1b,3072,12,23,balanced,stagger,study02_a1_s23_llama1b_kv3072_cap12-10_balanced_stagger_baseline,baseline,11,128,64,0.05298785800005135,0.8925096349994419,0.016218509999816888,0,0,0,0,0.016310566999891307,0,0,0.5,False,35a387bd665a60a3ad812ad653d438950adc76575144ff7f6bb8a75ac1dad37e,False,False,False,False,False
llama1b,3072,12,23,balanced,stagger,study02_a1_s23_llama1b_kv3072_cap12-10_balanced_stagger_baseline,baseline,8,1024,512,0.1374567319999187,7.00912971300022,0.035130373000356485,0,0,0,0,0.03463657299926126,0,0,0.5,False,5dd5903d66b0fc3e836ddc82a1a2ff989ed28091968f3b056246c006c012648f,False,False,False,False,False
llama1b,3072,12,23,balanced,stagger,study02_a1_s23_llama1b_kv3072_cap12-10_balanced_stagger_baseline,baseline,10,256,512,0.05916722099937033,6.778208154999447,0.019731501000023854,0,0,0,0,0.0195331509994503,0,0,0.5,False,c50e1e6e4bc92ab58a6f4e2491cff540339d8656fe1e3d4e87c979cc068746e8,False,False,False,False,False
llama1b,3072,12,23,generation,burst,study02_a1_s23_llama1b_kv3072_cap12-11_generation_burst_baseline,baseline,5,128,64,0.05072091799956979,1.0275114919995758,0.061578329000440135,0,0,0,0,0.06108861499978957,0,0,0.5,False,35a387bd665a60a3ad812ad653d438950adc76575144ff7f6bb8a75ac1dad37e,False,False,False,False,False
llama1b,3072,12,23,generation,burst,study02_a1_s23_llama1b_kv3072_cap12-11_generation_burst_baseline,baseline,6,512,64,0.0938444769999478,1.0681598520004627,0.06109388100048818,0,0,0,0,0.060585277000427595,0,0,0.5,False,7bc3f35a21678b9442a9428d42b64926474b14f235d6b8ada18a501c6d8067d7,False,False,False,False,False
llama1b,3072,12,23,generation,burst,study02_a1_s23_llama1b_kv3072_cap12-11_generation_burst_baseline,baseline,7,128,64,0.08043827700021211,1.0690938409998125,0.061090808998415014,0,0,0,0,0.06059178200121096,0,0,0.5,False,35a387bd665a60a3ad812ad653d438950adc76575144ff7f6bb8a75ac1dad37e,False,False,False,False,False
llama1b,3072,12,23,generation,burst,study02_a1_s23_llama1b_kv3072_cap12-11_generation_burst_baseline,baseline,0,512,256,0.06841175699992164,3.7960730909999256,0.06125304800025333,0,0,0,0,0.06108783799936646,0,0,0.5,False,c54e21bfabaac286f2960213cbbcbb0b16f7c55c5b3540f0cef69a8cadd19db2,False,False,False,False,False
llama1b,3072,12,23,generation,burst,study02_a1_s23_llama1b_kv3072_cap12-11_generation_burst_baseline,baseline,4,128,256,0.04867439600002399,3.8135202210005446,0.1081521279993467,0,0,0,0,0.1076792399999249,0,0,0.5,False,b72590f97ced50e685891449e70110503671d435507ae8afb945e50ee279fa03,False,False,False,False,False
llama1b,3072,12,23,generation,burst,study02_a1_s23_llama1b_kv3072_cap12-11_generation_burst_baseline,baseline,8,512,256,0.09162654299962014,4.625018746999558,0.6831618669984891,2,1239,1239,0,0.6827358020000247,0,0,0.5,True,c54e21bfabaac286f2960213cbbcbb0b16f7c55c5b3540f0cef69a8cadd19db2,True,True,False,False,False
llama1b,3072,12,23,generation,burst,study02_a1_s23_llama1b_kv3072_cap12-11_generation_burst_baseline,baseline,9,256,256,0.09143742099968222,5.923258517000249,1.4757673639996938,2,602,602,0,1.4754961150010786,1.351816267000686,1.4757673639996938,0.5,True,0a1b94b501ef8cfb8e4e1c6fb3b68cfd11d2cb4d24184ce7130f5cba0d1ad422,True,True,True,False,False
llama1b,3072,12,23,generation,burst,study02_a1_s23_llama1b_kv3072_cap12-11_generation_burst_baseline,baseline,11,256,64,4.575170411999352,6.338032892999763,0.9323848329986504,1,288,288,0,0.9321804579994932,0,0,0.5,True,2147cb95e9e3c0e31e798ff3104db21bbcf50fc2b5489b269bceba058c7ce536,True,True,False,False,False
llama1b,3072,12,23,generation,burst,study02_a1_s23_llama1b_kv3072_cap12-11_generation_burst_baseline,baseline,1,256,768,0.06356389500069781,10.9944946730011,0.10789470199961215,0,0,0,0,0.10766383000009228,0,0,0.5,False,ff2c625d728a9a95e9e96a47a6f55459f435d876cddb130d6cef7559e5698664,False,False,False,False,False
llama1b,3072,12,23,generation,burst,study02_a1_s23_llama1b_kv3072_cap12-11_generation_burst_baseline,baseline,2,256,768,0.06570837299932464,11.03804535099971,0.10781250599939085,0,0,0,0,0.10767798800043238,0,0,0.5,False,ff2c625d728a9a95e9e96a47a6f55459f435d876cddb130d6cef7559e5698664,False,False,False,False,False
llama1b,3072,12,23,generation,burst,study02_a1_s23_llama1b_kv3072_cap12-11_generation_burst_baseline,baseline,3,128,768,0.051926895000178774,11.015947439999763,0.10781735700038553,0,0,0,0,0.10767817499981902,0,0,0.5,False,9397f4f97720ee715c2d8c280a316e97d88baa87e2b6a55a47f753d2ce9c1703,False,False,False,False,False
llama1b,3072,12,23,generation,burst,study02_a1_s23_llama1b_kv3072_cap12-11_generation_burst_baseline,baseline,10,512,768,0.9957315990004645,17.712993363999885,2.9463022559993988,4,2375,2375,0,2.945739348000643,5.369356979999793,5.5416150169985485,0.5,True,5817b4dcffa7efb08ba38ddb4f9539dd96ab162946ef6ae2bd78d83a83799a46,True,True,True,True,False
llama1b,3072,12,23,generation,burst,study02_a1_s23_llama1b_kv3072_cap12-12_generation_burst_growth_only,growth_only,5,128,64,0.04664650800077652,0.9429932090006332,0.05652173999988008,0,0,0,0,0.056274507000125595,0,0,0.5,False,35a387bd665a60a3ad812ad653d438950adc76575144ff7f6bb8a75ac1dad37e,False,False,False,False,False
llama1b,3072,12,23,generation,burst,study02_a1_s23_llama1b_kv3072_cap12-12_generation_burst_growth_only,growth_only,6,512,64,0.08491240900002595,0.93216700999983,0.015553198998532025,0,0,0,0,0.015334439000071143,0,0,0.5,False,7bc3f35a21678b9442a9428d42b64926474b14f235d6b8ada18a501c6d8067d7,False,False,False,False,False
llama1b,3072,12,23,generation,burst,study02_a1_s23_llama1b_kv3072_cap12-12_generation_burst_growth_only,growth_only,7,128,64,0.922007463999762,1.7495518800005811,0.01517694200083497,0,0,0,0,0.014948834999813698,0,0,0.5,False,35a387bd665a60a3ad812ad653d438950adc76575144ff7f6bb8a75ac1dad37e,False,False,False,False,False
llama1b,3072,12,23,generation,burst,study02_a1_s23_llama1b_kv3072_cap12-12_generation_burst_growth_only,growth_only,0,512,256,0.05768299400006072,3.583187463998911,0.05627025700050581,0,0,0,0,0.056280041000718484,0,0,0.5,False,c54e21bfabaac286f2960213cbbcbb0b16f7c55c5b3540f0cef69a8cadd19db2,False,False,False,False,False
llama1b,3072,12,23,generation,burst,study02_a1_s23_llama1b_kv3072_cap12-12_generation_burst_growth_only,growth_only,4,128,256,0.04564236899932439,3.556751792000796,0.05968980800025747,0,0,0,0,0.05926766299853625,0,0,0.5,False,b72590f97ced50e685891449e70110503671d435507ae8afb945e50ee279fa03,False,False,False,False,False
llama1b,3072,12,23,generation,burst,study02_a1_s23_llama1b_kv3072_cap12-12_generation_burst_growth_only,growth_only,8,512,256,3.2583104699988326,6.653273036999963,0.03262772200105246,0,0,0,0,0.0326866550003615,0,0,0.5,False,c54e21bfabaac286f2960213cbbcbb0b16f7c55c5b3540f0cef69a8cadd19db2,False,False,False,False,False
llama1b,3072,12,23,generation,burst,study02_a1_s23_llama1b_kv3072_cap12-12_generation_burst_growth_only,growth_only,9,256,256,3.3540647059999174,7.81992694300061,1.100951446000181,1,423,423,0,1.1009906140006933,1.0404494729991711,1.100951446000181,0.5,True,0a1b94b501ef8cfb8e4e1c6fb3b68cfd11d2cb4d24184ce7130f5cba0d1ad422,True,True,True,False,False
llama1b,3072,12,23,generation,burst,study02_a1_s23_llama1b_kv3072_cap12-12_generation_burst_growth_only,growth_only,1,256,768,0.058946327000739984,10.441345377001198,0.05995493699992949,0,0,0,0,0.059259018999000546,0,0,0.5,False,ff2c625d728a9a95e9e96a47a6f55459f435d876cddb130d6cef7559e5698664,False,False,False,False,False
llama1b,3072,12,23,generation,burst,study02_a1_s23_llama1b_kv3072_cap12-12_generation_burst_growth_only,growth_only,2,256,768,0.05853165000007721,10.466896837000604,0.06025134699848422,0,0,0,0,0.059343899998566485,0,0,0.5,False,ff2c625d728a9a95e9e96a47a6f55459f435d876cddb130d6cef7559e5698664,False,False,False,False,False
llama1b,3072,12,23,generation,burst,study02_a1_s23_llama1b_kv3072_cap12-12_generation_burst_growth_only,growth_only,3,128,768,0.04486634100067022,10.468041479000021,0.060266104999755044,0,0,0,0,0.05936960100007127,0,0,0.5,False,9397f4f97720ee715c2d8c280a316e97d88baa87e2b6a55a47f753d2ce9c1703,False,False,False,False,False
llama1b,3072,12,23,generation,burst,study02_a1_s23_llama1b_kv3072_cap12-12_generation_burst_growth_only,growth_only,11,256,64,10.068344196999533,10.88790061399959,0.015020364000520203,0,0,0,0,0.015324537998822052,0,0,0.5,False,2147cb95e9e3c0e31e798ff3104db21bbcf50fc2b5489b269bceba058c7ce536,False,False,False,False,False
llama1b,3072,12,23,generation,burst,study02_a1_s23_llama1b_kv3072_cap12-12_generation_burst_growth_only,growth_only,10,512,768,10.066789763000997,19.939643145000446,0.03690571600054682,0,0,0,0,0.036616440000216244,0,0,0.5,False,5817b4dcffa7efb08ba38ddb4f9539dd96ab162946ef6ae2bd78d83a83799a46,False,False,False,False,False
llama1b,3072,12,23,balanced,burst,study02_a1_s23_llama1b_kv3072_cap12-13_balanced_burst_baseline,baseline,3,512,64,0.12021055599871033,1.0175979689993255,0.06187215099998866,0,0,0,0,0.06186277900087589,0,0,0.5,False,7bc3f35a21678b9442a9428d42b64926474b14f235d6b8ada18a501c6d8067d7,False,False,False,False,False
llama1b,3072,12,23,balanced,burst,study02_a1_s23_llama1b_kv3072_cap12-13_balanced_burst_baseline,baseline,2,256,128,0.09553166400110058,1.904575886001112,0.06179831000008562,0,0,0,0,0.06187093700100377,0,0,0.5,False,8211701fa1c02f1d7622b657fe3e1113c4957afb053d9ecf6425f9a3aef00dc3,False,False,False,False,False
llama1b,3072,12,23,balanced,burst,study02_a1_s23_llama1b_kv3072_cap12-13_balanced_burst_baseline,baseline,4,512,128,0.13220779500079516,1.8459394710007473,0.022586609999052598,0,0,0,0,0.022294485999736935,0,0,0.5,False,b27bc13cf8d60e65c63ebad6f86270936fe0f40ce6482fa466f1c4185321d0ea,False,False,False,False,False
llama1b,3072,12,23,balanced,burst,study02_a1_s23_llama1b_kv3072_cap12-13_balanced_burst_baseline,baseline,0,1024,256,0.11856884200096829,3.7727130590010347,0.11451020700042136,0,0,0,0,0.1136183879989403,0,0,0.5,False,ba42046bf337c8816baf0e99082fe59be82c5861173dd16c8f6699fe75370e61,False,False,False,False,False
llama1b,3072,12,23,balanced,burst,study02_a1_s23_llama1b_kv3072_cap12-13_balanced_burst_baseline,baseline,5,128,256,0.1028869420006231,3.936802854999769,0.20998694999980216,1,176,176,0,0.2099359240000922,0,0,0.5,False,b72590f97ced50e685891449e70110503671d435507ae8afb945e50ee279fa03,False,False,False,False,False
llama1b,3072,12,23,balanced,burst,study02_a1_s23_llama1b_kv3072_cap12-13_balanced_burst_baseline,baseline,6,1024,128,1.8740170929995656,4.548723013000199,1.0071468750011263,1,1082,1082,0,1.0066301009992458,0.8289430840013665,1.0071468750011263,0.5,True,809d08d6db767268654a37110cdaf593fca9287a26604e41aef4e12927921398,True,True,True,False,False
llama1b,3072,12,23,balanced,burst,study02_a1_s23_llama1b_kv3072_cap12-13_balanced_burst_baseline,baseline,9,128,64,4.572300703001019,5.408198285000253,0.015314239999497659,0,0,0,0,0.015365829998700065,0,0,0.5,False,35a387bd665a60a3ad812ad653d438950adc76575144ff7f6bb8a75ac1dad37e,False,False,False,False,False
llama1b,3072,12,23,balanced,burst,study02_a1_s23_llama1b_kv3072_cap12-13_balanced_burst_baseline,baseline,11,128,64,4.4720256500004325,5.531740071000968,0.23317046200099867,1,176,176,0,0.23348823999913293,0,0,0.5,False,35a387bd665a60a3ad812ad653d438950adc76575144ff7f6bb8a75ac1dad37e,False,False,False,False,False
llama1b,3072,12,23,balanced,burst,study02_a1_s23_llama1b_kv3072_cap12-13_balanced_burst_baseline,baseline,7,512,256,3.600492689998646,7.131499512999653,0.15947756999958074,0,0,0,0,0.15782420100003947,0,0,0.5,False,c54e21bfabaac286f2960213cbbcbb0b16f7c55c5b3540f0cef69a8cadd19db2,False,False,False,False,False
llama1b,3072,12,23,balanced,burst,study02_a1_s23_llama1b_kv3072_cap12-13_balanced_burst_baseline,baseline,1,256,512,0.14559436499985168,7.446604342998398,0.1632174100013799,0,0,0,0,0.16250042200044845,0,0,0.5,False,c50e1e6e4bc92ab58a6f4e2491cff540339d8656fe1e3d4e87c979cc068746e8,False,False,False,False,False
llama1b,3072,12,23,balanced,burst,study02_a1_s23_llama1b_kv3072_cap12-13_balanced_burst_baseline,baseline,8,1024,512,4.62244263499997,11.382005800000115,0.04461488099877897,0,0,0,0,0.04462690400032443,0,0,0.5,False,5dd5903d66b0fc3e836ddc82a1a2ff989ed28091968f3b056246c006c012648f,False,False,False,False,False
llama1b,3072,12,23,balanced,burst,study02_a1_s23_llama1b_kv3072_cap12-13_balanced_burst_baseline,baseline,10,256,512,4.521491632998732,11.814193054999123,0.5985278570005903,1,400,400,0,0.5985041709991492,0,0,0.5,True,c50e1e6e4bc92ab58a6f4e2491cff540339d8656fe1e3d4e87c979cc068746e8,True,True,False,False,False
llama1b,3072,12,23,balanced,burst,study02_a1_s23_llama1b_kv3072_cap12-14_balanced_burst_adaptive_resume,adaptive_resume,3,512,64,0.10962266000024101,1.0107933780000167,0.07278511000004073,0,0,0,0,0.07202252500064787,0,0,0.5,False,7bc3f35a21678b9442a9428d42b64926474b14f235d6b8ada18a501c6d8067d7,False,False,False,False,False
llama1b,3072,12,23,balanced,burst,study02_a1_s23_llama1b_kv3072_cap12-14_balanced_burst_adaptive_resume,adaptive_resume,2,256,128,0.08411190600054397,1.9114720409997972,0.0731860260002577,0,0,0,0,0.07202189800045744,0,0,0.5,False,8211701fa1c02f1d7622b657fe3e1113c4957afb053d9ecf6425f9a3aef00dc3,False,False,False,False,False
llama1b,3072,12,23,balanced,burst,study02_a1_s23_llama1b_kv3072_cap12-14_balanced_burst_adaptive_resume,adaptive_resume,4,512,128,0.1475323100003152,1.8644618149992311,0.023934860999361263,0,0,0,0,0.023581962001117063,0,0,0.5,False,b27bc13cf8d60e65c63ebad6f86270936fe0f40ce6482fa466f1c4185321d0ea,False,False,False,False,False
llama1b,3072,12,23,balanced,burst,study02_a1_s23_llama1b_kv3072_cap12-14_balanced_burst_adaptive_resume,adaptive_resume,0,1024,256,0.09808682100083388,3.6566720779992465,0.0730457869995007,0,0,0,0,0.07200839899996936,0,0,0.5,False,ba42046bf337c8816baf0e99082fe59be82c5861173dd16c8f6699fe75370e61,False,False,False,False,False
llama1b,3072,12,23,balanced,burst,study02_a1_s23_llama1b_kv3072_cap12-14_balanced_burst_adaptive_resume,adaptive_resume,5,128,256,0.09762193099959404,3.8293460799995955,0.21158312099942123,1,176,176,0,0.21100173099875974,0,0,0.5,False,b72590f97ced50e685891449e70110503671d435507ae8afb945e50ee279fa03,False,False,False,False,False
llama1b,3072,12,23,balanced,burst,study02_a1_s23_llama1b_kv3072_cap12-14_balanced_burst_adaptive_resume,adaptive_resume,6,1024,128,3.5303303610016883,5.20795821899992,0.01787815399984538,0,0,0,0,0.018029820001174812,0,0,0.5,False,809d08d6db767268654a37110cdaf593fca9287a26604e41aef4e12927921398,False,False,False,False,False
llama1b,3072,12,23,balanced,burst,study02_a1_s23_llama1b_kv3072_cap12-14_balanced_burst_adaptive_resume,adaptive_resume,9,128,64,5.218298550000327,6.053405267999551,0.015249258000039845,0,0,0,0,0.014949818001696258,0,0,0.5,False,35a387bd665a60a3ad812ad653d438950adc76575144ff7f6bb8a75ac1dad37e,False,False,False,False,False
llama1b,3072,12,23,balanced,burst,study02_a1_s23_llama1b_kv3072_cap12-14_balanced_burst_adaptive_resume,adaptive_resume,7,512,256,3.480068996999762,6.9882777750008245,0.14616687200032175,0,0,0,0,0.14533677799954603,0,0,0.5,False,c54e21bfabaac286f2960213cbbcbb0b16f7c55c5b3540f0cef69a8cadd19db2,False,False,False,False,False
llama1b,3072,12,23,balanced,burst,study02_a1_s23_llama1b_kv3072_cap12-14_balanced_burst_adaptive_resume,adaptive_resume,1,256,512,0.09885896400010097,7.3036078909990465,0.15820480799993675,0,0,0,0,0.1571083210001234,0,0,0.5,False,c50e1e6e4bc92ab58a6f4e2491cff540339d8656fe1e3d4e87c979cc068746e8,False,False,False,False,False
llama1b,3072,12,23,balanced,burst,study02_a1_s23_llama1b_kv3072_cap12-14_balanced_burst_adaptive_resume,adaptive_resume,11,128,64,6.85325828400164,7.679998465000608,0.016099099000712158,0,0,0,0,0.016261374999885447,0,0,0.5,False,35a387bd665a60a3ad812ad653d438950adc76575144ff7f6bb8a75ac1dad37e,False,False,False,False,False
llama1b,3072,12,23,balanced,burst,study02_a1_s23_llama1b_kv3072_cap12-14_balanced_burst_adaptive_resume,adaptive_resume,8,1024,512,5.267969045000427,12.019190634000552,0.0498331649996544,0,0,0,0,0.04956145399955858,0,0,0.5,False,5dd5903d66b0fc3e836ddc82a1a2ff989ed28091968f3b056246c006c012648f,False,False,False,False,False
llama1b,3072,12,23,balanced,burst,study02_a1_s23_llama1b_kv3072_cap12-14_balanced_burst_adaptive_resume,adaptive_resume,10,256,512,5.168190946998948,12.10309471400069,0.24818341999889526,1,368,368,0,0.24765055399984703,0,0,0.5,False,c50e1e6e4bc92ab58a6f4e2491cff540339d8656fe1e3d4e87c979cc068746e8,False,False,False,False,False
llama1b,3072,12,23,generation,burst,study02_a1_s23_llama1b_kv3072_cap12-15_generation_burst_slai_port,slai_port,7,128,64,0.06556322399956116,0.9948013280009036,0.06109419000131311,0,0,0,0,0.06125489199985168,0,0,0.5,False,35a387bd665a60a3ad812ad653d438950adc76575144ff7f6bb8a75ac1dad37e,False,False,False,False,False
llama1b,3072,12,23,generation,burst,study02_a1_s23_llama1b_kv3072_cap12-15_generation_burst_slai_port,slai_port,5,128,64,0.04005956600121863,1.2937829190013872,0.29169157200158224,1,144,144,0,0.2914579339994816,0,0,0.5,False,35a387bd665a60a3ad812ad653d438950adc76575144ff7f6bb8a75ac1dad37e,True,False,False,False,False
llama1b,3072,12,23,generation,burst,study02_a1_s23_llama1b_kv3072_cap12-15_generation_burst_slai_port,slai_port,0,512,256,0.06463720399915474,3.7249929049994535,0.0622253349993116,0,0,0,0,0.061209233999761636,0,0,0.5,False,c54e21bfabaac286f2960213cbbcbb0b16f7c55c5b3540f0cef69a8cadd19db2,False,False,False,False,False
llama1b,3072,12,23,generation,burst,study02_a1_s23_llama1b_kv3072_cap12-15_generation_burst_slai_port,slai_port,4,128,256,0.04067203500017058,3.701503780999701,0.09635958899889374,0,0,0,0,0.09616004999952565,0,0,0.5,False,b72590f97ced50e685891449e70110503671d435507ae8afb945e50ee279fa03,False,False,False,False,False
llama1b,3072,12,23,generation,burst,study02_a1_s23_llama1b_kv3072_cap12-15_generation_burst_slai_port,slai_port,8,512,256,0.09249336699940613,3.622296715999255,0.09633779100113316,0,0,0,0,0.09619679499883205,0,0,0.5,False,c54e21bfabaac286f2960213cbbcbb0b16f7c55c5b3540f0cef69a8cadd19db2,False,False,False,False,False
llama1b,3072,12,23,generation,burst,study02_a1_s23_llama1b_kv3072_cap12-15_generation_burst_slai_port,slai_port,9,256,256,0.09348628199950326,3.661372794000272,0.09641708799972548,0,0,0,0,0.09623085900057049,0,0,0.5,False,0a1b94b501ef8cfb8e4e1c6fb3b68cfd11d2cb4d24184ce7130f5cba0d1ad422,False,False,False,False,False
llama1b,3072,12,23,generation,burst,study02_a1_s23_llama1b_kv3072_cap12-15_generation_burst_slai_port,slai_port,6,512,64,0.07984305399986624,4.052505211000607,2.943442669000433,1,544,544,0,2.9434439039996505,2.8323595250003564,2.943442669000433,0.5,True,7bc3f35a21678b9442a9428d42b64926474b14f235d6b8ada18a501c6d8067d7,True,True,True,True,False
llama1b,3072,12,23,generation,burst,study02_a1_s23_llama1b_kv3072_cap12-15_generation_burst_slai_port,slai_port,11,256,64,3.5612819750003837,4.451212502000999,0.06439617500109307,0,0,0,0,0.06385418899844808,0,0,0.5,False,2147cb95e9e3c0e31e798ff3104db21bbcf50fc2b5489b269bceba058c7ce536,False,False,False,False,False
llama1b,3072,12,23,generation,burst,study02_a1_s23_llama1b_kv3072_cap12-15_generation_burst_slai_port,slai_port,2,256,768,0.0683262080001441,11.557395460000407,0.9695347229990148,1,464,464,0,0.969060310999339,0,0,0.5,True,ff2c625d728a9a95e9e96a47a6f55459f435d876cddb130d6cef7559e5698664,True,True,False,False,False
llama1b,3072,12,23,generation,burst,study02_a1_s23_llama1b_kv3072_cap12-15_generation_burst_slai_port,slai_port,1,256,768,0.06791439600056037,12.34502466000049,1.5710188100001687,1,400,400,0,1.5708023000006506,1.4600279010010127,1.5710188100001687,0.5,True,ff2c625d728a9a95e9e96a47a6f55459f435d876cddb130d6cef7559e5698664,True,True,True,False,False
llama1b,3072,12,23,generation,burst,study02_a1_s23_llama1b_kv3072_cap12-15_generation_burst_slai_port,slai_port,3,128,768,0.05550916500033054,13.96488124499956,3.2453956579993246,1,704,704,0,3.2451589809988945,3.1609358999994583,3.2453956579993246,0.5,True,9397f4f97720ee715c2d8c280a316e97d88baa87e2b6a55a47f753d2ce9c1703,True,True,True,True,False
llama1b,3072,12,23,generation,burst,study02_a1_s23_llama1b_kv3072_cap12-15_generation_burst_slai_port,slai_port,10,512,768,3.6907276319998346,14.188333971000247,0.3553574040015519,1,1056,1056,0,0.35508158799893863,0,0,0.5,False,5817b4dcffa7efb08ba38ddb4f9539dd96ab162946ef6ae2bd78d83a83799a46,True,False,False,False,False
llama1b,3072,12,23,balanced,stagger,study02_a1_s23_llama1b_kv3072_cap12-16_balanced_stagger_slai_port,slai_port,3,512,64,0.0837442709998868,0.9655418839993217,0.06239175500013516,0,0,0,0,0.06184266300078889,0,0,0.5,False,7bc3f35a21678b9442a9428d42b64926474b14f235d6b8ada18a501c6d8067d7,False,False,False,False,False
llama1b,3072,12,23,balanced,stagger,study02_a1_s23_llama1b_kv3072_cap12-16_balanced_stagger_slai_port,slai_port,2,256,128,0.06349157399927208,1.9493943039997248,0.12244442599876493,0,0,0,0,0.122383517000344,0,0,0.5,False,8211701fa1c02f1d7622b657fe3e1113c4957afb053d9ecf6425f9a3aef00dc3,False,False,False,False,False
llama1b,3072,12,23,balanced,stagger,study02_a1_s23_llama1b_kv3072_cap12-16_balanced_stagger_slai_port,slai_port,0,1024,256,0.10509361900039949,4.241077559001496,0.6492584600000555,1,1232,1232,0,0.6493150509995758,0,0,0.5,True,ba42046bf337c8816baf0e99082fe59be82c5861173dd16c8f6699fe75370e61,True,True,False,False,False
llama1b,3072,12,23,balanced,stagger,study02_a1_s23_llama1b_kv3072_cap12-16_balanced_stagger_slai_port,slai_port,4,512,128,0.08128389800003788,1.8805344610009342,0.12249909099955403,0,0,0,0,0.1224149240006227,0,0,0.5,False,b27bc13cf8d60e65c63ebad6f86270936fe0f40ce6482fa466f1c4185321d0ea,False,False,False,False,False
llama1b,3072,12,23,balanced,stagger,study02_a1_s23_llama1b_kv3072_cap12-16_balanced_stagger_slai_port,slai_port,6,1024,128,0.13692531699962274,1.8611438970001473,0.06018841100012651,0,0,0,0,0.059579344000667334,0,0,0.5,False,809d08d6db767268654a37110cdaf593fca9287a26604e41aef4e12927921398,False,False,False,False,False
llama1b,3072,12,23,balanced,stagger,study02_a1_s23_llama1b_kv3072_cap12-16_balanced_stagger_slai_port,slai_port,5,128,256,0.05372940100096457,3.651230872999804,0.11184727500040026,0,0,0,0,0.11103555999943637,0,0,0.5,False,b72590f97ced50e685891449e70110503671d435507ae8afb945e50ee279fa03,False,False,False,False,False
llama1b,3072,12,23,balanced,stagger,study02_a1_s23_llama1b_kv3072_cap12-16_balanced_stagger_slai_port,slai_port,1,256,512,0.055513975999929244,7.266484114999912,0.12252534000072046,0,0,0,0,0.1223825119996036,0,0,0.5,False,c50e1e6e4bc92ab58a6f4e2491cff540339d8656fe1e3d4e87c979cc068746e8,False,False,False,False,False
llama1b,3072,12,23,balanced,stagger,study02_a1_s23_llama1b_kv3072_cap12-16_balanced_stagger_slai_port,slai_port,7,512,256,0.08792213299966534,5.0017543230005685,0.8933196300004056,0,0,0,0,0.89292922399909,0,0,0.5,True,c54e21bfabaac286f2960213cbbcbb0b16f7c55c5b3540f0cef69a8cadd19db2,True,True,False,False,False
llama1b,3072,12,23,balanced,stagger,study02_a1_s23_llama1b_kv3072_cap12-16_balanced_stagger_slai_port,slai_port,9,128,64,0.08621072300047672,1.2961089979999088,0.06805383200116921,0,0,0,0,0.07011086799866462,0,0,0.5,False,35a387bd665a60a3ad812ad653d438950adc76575144ff7f6bb8a75ac1dad37e,False,False,False,False,False
llama1b,3072,12,23,balanced,stagger,study02_a1_s23_llama1b_kv3072_cap12-16_balanced_stagger_slai_port,slai_port,11,128,64,0.04185375899942301,0.977215687998978,0.022884018000695505,0,0,0,0,0.02272492600059195,0,0,0.5,False,35a387bd665a60a3ad812ad653d438950adc76575144ff7f6bb8a75ac1dad37e,False,False,False,False,False
llama1b,3072,12,23,balanced,stagger,study02_a1_s23_llama1b_kv3072_cap12-16_balanced_stagger_slai_port,slai_port,8,1024,512,0.12974851800026954,8.819690116000857,0.8933089260008273,0,0,0,0,0.8929242270005489,0,0,0.5,True,5dd5903d66b0fc3e836ddc82a1a2ff989ed28091968f3b056246c006c012648f,True,True,False,False,False
llama1b,3072,12,23,balanced,stagger,study02_a1_s23_llama1b_kv3072_cap12-16_balanced_stagger_slai_port,slai_port,10,256,512,0.05961742299950856,7.5188815019992035,0.028989496999201947,0,0,0,0,0.02893537300042226,0,0,0.5,False,c50e1e6e4bc92ab58a6f4e2491cff540339d8656fe1e3d4e87c979cc068746e8,False,False,False,False,False
llama1b,3072,12,23,generation,stagger,study02_a1_s23_llama1b_kv3072_cap12-17_generation_stagger_baseline,baseline,0,512,256,0.058444698001039797,3.761710298000253,0.036761459999979706,0,0,0,0,0.03613431899975694,0,0,0.5,False,c54e21bfabaac286f2960213cbbcbb0b16f7c55c5b3540f0cef69a8cadd19db2,False,False,False,False,False
llama1b,3072,12,23,generation,stagger,study02_a1_s23_llama1b_kv3072_cap12-17_generation_stagger_baseline,baseline,5,128,64,0.04438087999915297,0.9955247699999745,0.060523153999383794,0,0,0,0,0.059629854000377236,0,0,0.5,False,35a387bd665a60a3ad812ad653d438950adc76575144ff7f6bb8a75ac1dad37e,False,False,False,False,False
llama1b,3072,12,23,generation,stagger,study02_a1_s23_llama1b_kv3072_cap12-17_generation_stagger_baseline,baseline,6,512,64,0.08479179800087877,1.1014444290012761,0.02406931000041368,0,0,0,0,0.024310435999723268,0,0,0.5,False,7bc3f35a21678b9442a9428d42b64926474b14f235d6b8ada18a501c6d8067d7,False,False,False,False,False
llama1b,3072,12,23,generation,stagger,study02_a1_s23_llama1b_kv3072_cap12-17_generation_stagger_baseline,baseline,7,128,64,0.046736935999433626,1.1593382099999872,0.05892449000020861,0,0,0,0,0.05871674599984544,0,0,0.5,False,35a387bd665a60a3ad812ad653d438950adc76575144ff7f6bb8a75ac1dad37e,False,False,False,False,False
llama1b,3072,12,23,generation,stagger,study02_a1_s23_llama1b_kv3072_cap12-17_generation_stagger_baseline,baseline,4,128,256,0.04679046099954576,4.112239370999305,0.06076954299896897,0,0,0,0,0.06041951100087317,0,0,0.5,False,b72590f97ced50e685891449e70110503671d435507ae8afb945e50ee279fa03,False,False,False,False,False
llama1b,3072,12,23,generation,stagger,study02_a1_s23_llama1b_kv3072_cap12-17_generation_stagger_baseline,baseline,1,256,768,0.05540086699875246,12.086729267999544,0.06055023400040227,0,0,0,0,0.06043075200068415,0,0,0.5,False,ff2c625d728a9a95e9e96a47a6f55459f435d876cddb130d6cef7559e5698664,False,False,False,False,False
llama1b,3072,12,23,generation,stagger,study02_a1_s23_llama1b_kv3072_cap12-17_generation_stagger_baseline,baseline,2,256,768,0.06421098999999231,12.192717070998697,0.09912975800034474,0,0,0,0,0.09921388300062972,0,0,0.5,False,ff2c625d728a9a95e9e96a47a6f55459f435d876cddb130d6cef7559e5698664,False,False,False,False,False
llama1b,3072,12,23,generation,stagger,study02_a1_s23_llama1b_kv3072_cap12-17_generation_stagger_baseline,baseline,11,256,64,0.4904314319992409,1.3883801720003248,0.02194784400126082,0,0,0,0,0.021977264999804902,0,0,0.5,False,2147cb95e9e3c0e31e798ff3104db21bbcf50fc2b5489b269bceba058c7ce536,False,False,False,False,False
llama1b,3072,12,23,generation,stagger,study02_a1_s23_llama1b_kv3072_cap12-17_generation_stagger_baseline,baseline,8,512,256,0.08228614399922662,6.700554356999419,2.199008020999827,2,1182,1182,0,2.1991984129999764,2.082256735999181,2.199008020999827,0.5,True,c54e21bfabaac286f2960213cbbcbb0b16f7c55c5b3540f0cef69a8cadd19db2,True,True,True,True,False
llama1b,3072,12,23,generation,stagger,study02_a1_s23_llama1b_kv3072_cap12-17_generation_stagger_baseline,baseline,3,128,768,0.05266246599967417,12.34814703399934,0.09883436100062681,0,0,0,0,0.099220187001265,0,0,0.5,False,9397f4f97720ee715c2d8c280a316e97d88baa87e2b6a55a47f753d2ce9c1703,False,False,False,False,False
llama1b,3072,12,23,generation,stagger,study02_a1_s23_llama1b_kv3072_cap12-17_generation_stagger_baseline,baseline,9,256,256,0.6455875409992586,8.16611064800054,3.4991908480005804,1,296,296,0,3.4993513699992036,3.382499913999709,3.4991908480005804,0.5,True,0a1b94b501ef8cfb8e4e1c6fb3b68cfd11d2cb4d24184ce7130f5cba0d1ad422,True,True,True,True,False
llama1b,3072,12,23,generation,stagger,study02_a1_s23_llama1b_kv3072_cap12-17_generation_stagger_baseline,baseline,10,512,768,3.323693705000551,15.137031686001137,0.023987446000319324,0,0,0,0,0.02397120299974631,0,0,0.5,False,5817b4dcffa7efb08ba38ddb4f9539dd96ab162946ef6ae2bd78d83a83799a46,False,False,False,False,False
llama1b,3072,12,23,balanced,burst,study02_a1_s23_llama1b_kv3072_cap12-18_balanced_burst_guard128,guard128,3,512,64,0.11383177599964256,1.0647448879990407,0.018698794001466013,0,0,0,0,0.018439041999954497,0,0,0.5,False,7bc3f35a21678b9442a9428d42b64926474b14f235d6b8ada18a501c6d8067d7,False,False,False,False,False
llama1b,3072,12,23,balanced,burst,study02_a1_s23_llama1b_kv3072_cap12-18_balanced_burst_guard128,guard128,2,256,128,0.08599119000064093,2.0435495340007037,0.06890769799974805,0,0,0,0,0.06797175200154015,0,0,0.5,False,8211701fa1c02f1d7622b657fe3e1113c4957afb053d9ecf6425f9a3aef00dc3,False,False,False,False,False
llama1b,3072,12,23,balanced,burst,study02_a1_s23_llama1b_kv3072_cap12-18_balanced_burst_guard128,guard128,4,512,128,1.0981095799998002,2.868885357000181,0.01808217899997544,0,0,0,0,0.01792371000010462,0,0,0.5,False,b27bc13cf8d60e65c63ebad6f86270936fe0f40ce6482fa466f1c4185321d0ea,False,False,False,False,False
llama1b,3072,12,23,balanced,burst,study02_a1_s23_llama1b_kv3072_cap12-18_balanced_burst_guard128,guard128,0,1024,256,0.10899145399889676,3.8867072599987296,0.06902452800022729,0,0,0,0,0.06796877600027074,0,0,0.5,False,ba42046bf337c8816baf0e99082fe59be82c5861173dd16c8f6699fe75370e61,False,False,False,False,False
llama1b,3072,12,23,balanced,burst,study02_a1_s23_llama1b_kv3072_cap12-18_balanced_burst_guard128,guard128,5,128,256,1.047660343001553,4.744331975000023,0.15548191400012001,0,0,0,0,0.15480913600003987,0,0,0.5,False,b72590f97ced50e685891449e70110503671d435507ae8afb945e50ee279fa03,False,False,False,False,False
llama1b,3072,12,23,balanced,burst,study02_a1_s23_llama1b_kv3072_cap12-18_balanced_burst_guard128,guard128,6,1024,128,3.7559675480006263,5.523068091000823,0.01694924399998854,0,0,0,0,0.016841881999425823,0,0,0.5,False,809d08d6db767268654a37110cdaf593fca9287a26604e41aef4e12927921398,False,False,False,False,False
llama1b,3072,12,23,balanced,burst,study02_a1_s23_llama1b_kv3072_cap12-18_balanced_burst_guard128,guard128,9,128,64,5.5111016769988055,6.396986100999129,0.01819765299842402,0,0,0,0,0.018048762000034912,0,0,0.5,False,35a387bd665a60a3ad812ad653d438950adc76575144ff7f6bb8a75ac1dad37e,False,False,False,False,False
llama1b,3072,12,23,balanced,burst,study02_a1_s23_llama1b_kv3072_cap12-18_balanced_burst_guard128,guard128,7,512,256,3.705757428999277,7.379108591998374,0.12263383699973929,0,0,0,0,0.12160809899978631,0,0,0.5,False,c54e21bfabaac286f2960213cbbcbb0b16f7c55c5b3540f0cef69a8cadd19db2,False,False,False,False,False
llama1b,3072,12,23,balanced,burst,study02_a1_s23_llama1b_kv3072_cap12-18_balanced_burst_guard128,guard128,1,256,512,0.13608328900045308,7.695149809000213,0.1557594739988417,0,0,0,0,0.15479911100010213,0,0,0.5,False,c50e1e6e4bc92ab58a6f4e2491cff540339d8656fe1e3d4e87c979cc068746e8,False,False,False,False,False
llama1b,3072,12,23,balanced,burst,study02_a1_s23_llama1b_kv3072_cap12-18_balanced_burst_guard128,guard128,11,128,64,7.238040756001283,8.112450092001382,0.018452477999744588,0,0,0,0,0.018574187000922393,0,0,0.5,False,35a387bd665a60a3ad812ad653d438950adc76575144ff7f6bb8a75ac1dad37e,False,False,False,False,False
llama1b,3072,12,23,balanced,burst,study02_a1_s23_llama1b_kv3072_cap12-18_balanced_burst_guard128,guard128,8,1024,512,5.560971386999881,12.67290413199953,0.04283865100114781,0,0,0,0,0.042893356001513894,0,0,0.5,False,5dd5903d66b0fc3e836ddc82a1a2ff989ed28091968f3b056246c006c012648f,False,False,False,False,False
llama1b,3072,12,23,balanced,burst,study02_a1_s23_llama1b_kv3072_cap12-18_balanced_burst_guard128,guard128,10,256,512,7.2880966889988485,14.282944393000435,0.01842456699887407,0,0,0,0,0.01857479099999182,0,0,0.5,False,c50e1e6e4bc92ab58a6f4e2491cff540339d8656fe1e3d4e87c979cc068746e8,False,False,False,False,False
llama1b,3072,12,23,balanced,stagger,study02_a1_s23_llama1b_kv3072_cap12-19_balanced_stagger_adaptive_resume,adaptive_resume,3,512,64,0.07790750000094704,1.0067129540002497,0.06274410299920419,0,0,0,0,0.0622743090007134,0,0,0.5,False,7bc3f35a21678b9442a9428d42b64926474b14f235d6b8ada18a501c6d8067d7,False,False,False,False,False
llama1b,3072,12,23,balanced,stagger,study02_a1_s23_llama1b_kv3072_cap12-19_balanced_stagger_adaptive_resume,adaptive_resume,0,1024,256,0.11172996599998442,3.8284040709986584,0.0628141630004393,0,0,0,0,0.06231583699991461,0,0,0.5,False,ba42046bf337c8816baf0e99082fe59be82c5861173dd16c8f6699fe75370e61,False,False,False,False,False
llama1b,3072,12,23,balanced,stagger,study02_a1_s23_llama1b_kv3072_cap12-19_balanced_stagger_adaptive_resume,adaptive_resume,2,256,128,0.060021300001608324,1.9640203930011921,0.06282376200033468,0,0,0,0,0.062286955000672606,0,0,0.5,False,8211701fa1c02f1d7622b657fe3e1113c4957afb053d9ecf6425f9a3aef00dc3,False,False,False,False,False
llama1b,3072,12,23,balanced,stagger,study02_a1_s23_llama1b_kv3072_cap12-19_balanced_stagger_adaptive_resume,adaptive_resume,4,512,128,0.09183479199964495,2.354488101998868,0.5035532180008886,1,539,539,0,0.5037190270013525,0,0,0.5,True,b27bc13cf8d60e65c63ebad6f86270936fe0f40ce6482fa466f1c4185321d0ea,True,True,False,False,False
llama1b,3072,12,23,balanced,stagger,study02_a1_s23_llama1b_kv3072_cap12-19_balanced_stagger_adaptive_resume,adaptive_resume,6,1024,128,0.13725700999930268,2.0254215029999614,0.0600158500001271,0,0,0,0,0.0593997699997999,0,0,0.5,False,809d08d6db767268654a37110cdaf593fca9287a26604e41aef4e12927921398,False,False,False,False,False
llama1b,3072,12,23,balanced,stagger,study02_a1_s23_llama1b_kv3072_cap12-19_balanced_stagger_adaptive_resume,adaptive_resume,5,128,256,0.04195298100057698,3.9562515489997168,0.11220477900133119,0,0,0,0,0.11163563599984627,0,0,0.5,False,b72590f97ced50e685891449e70110503671d435507ae8afb945e50ee279fa03,False,False,False,False,False
llama1b,3072,12,23,balanced,stagger,study02_a1_s23_llama1b_kv3072_cap12-19_balanced_stagger_adaptive_resume,adaptive_resume,1,256,512,0.06337210099991353,7.707243032999031,0.11213897700145026,0,0,0,0,0.11159990399937669,0,0,0.5,False,c50e1e6e4bc92ab58a6f4e2491cff540339d8656fe1e3d4e87c979cc068746e8,False,False,False,False,False
llama1b,3072,12,23,balanced,stagger,study02_a1_s23_llama1b_kv3072_cap12-19_balanced_stagger_adaptive_resume,adaptive_resume,7,512,256,0.07734823600003438,3.885378287999629,0.11207146699962323,0,0,0,0,0.11164277900024899,0,0,0.5,False,c54e21bfabaac286f2960213cbbcbb0b16f7c55c5b3540f0cef69a8cadd19db2,False,False,False,False,False
llama1b,3072,12,23,balanced,stagger,study02_a1_s23_llama1b_kv3072_cap12-19_balanced_stagger_adaptive_resume,adaptive_resume,9,128,64,0.05626566899991303,1.0222401390001323,0.034260780999829876,0,0,0,0,0.034015482999166125,0,0,0.5,False,35a387bd665a60a3ad812ad653d438950adc76575144ff7f6bb8a75ac1dad37e,False,False,False,False,False
llama1b,3072,12,23,balanced,stagger,study02_a1_s23_llama1b_kv3072_cap12-19_balanced_stagger_adaptive_resume,adaptive_resume,11,128,64,0.05196154399891384,1.0009545749999234,0.024925030000304105,0,0,0,0,0.025256430000808905,0,0,0.5,False,35a387bd665a60a3ad812ad653d438950adc76575144ff7f6bb8a75ac1dad37e,False,False,False,False,False
llama1b,3072,12,23,balanced,stagger,study02_a1_s23_llama1b_kv3072_cap12-19_balanced_stagger_adaptive_resume,adaptive_resume,8,1024,512,0.13934671799870557,7.685551438000402,0.03437044500060438,0,0,0,0,0.03401206600028672,0,0,0.5,False,5dd5903d66b0fc3e836ddc82a1a2ff989ed28091968f3b056246c006c012648f,False,False,False,False,False
llama1b,3072,12,23,balanced,stagger,study02_a1_s23_llama1b_kv3072_cap12-19_balanced_stagger_adaptive_resume,adaptive_resume,10,256,512,0.05972370599920396,7.401884426999459,0.025169906000883202,0,0,0,0,0.025255773000026238,0,0,0.5,False,c50e1e6e4bc92ab58a6f4e2491cff540339d8656fe1e3d4e87c979cc068746e8,False,False,False,False,False
llama1b,3072,12,23,balanced,stagger,study02_a1_s23_llama1b_kv3072_cap12-20_balanced_stagger_growth_only,growth_only,3,512,64,0.08847346199945605,1.006968453000809,0.01949531799982651,0,0,0,0,0.019360796999535523,0,0,0.5,False,7bc3f35a21678b9442a9428d42b64926474b14f235d6b8ada18a501c6d8067d7,False,False,False,False,False
llama1b,3072,12,23,balanced,stagger,study02_a1_s23_llama1b_kv3072_cap12-20_balanced_stagger_growth_only,growth_only,0,1024,256,0.10468656099874352,3.8688378739989275,0.05800343499868177,0,0,0,0,0.05748050799957127,0,0,0.5,False,ba42046bf337c8816baf0e99082fe59be82c5861173dd16c8f6699fe75370e61,False,False,False,False,False
llama1b,3072,12,23,balanced,stagger,study02_a1_s23_llama1b_kv3072_cap12-20_balanced_stagger_growth_only,growth_only,2,256,128,0.06287970100129314,2.0080263030013157,0.059163263998925686,0,0,0,0,0.05870572400090168,0,0,0.5,False,8211701fa1c02f1d7622b657fe3e1113c4957afb053d9ecf6425f9a3aef00dc3,False,False,False,False,False
llama1b,3072,12,23,balanced,stagger,study02_a1_s23_llama1b_kv3072_cap12-20_balanced_stagger_growth_only,growth_only,4,512,128,1.3238255420001224,3.2846114719995967,0.10919932199976756,0,0,0,0,0.10823804400024528,0,0,0.5,False,b27bc13cf8d60e65c63ebad6f86270936fe0f40ce6482fa466f1c4185321d0ea,False,False,False,False,False
llama1b,3072,12,23,balanced,stagger,study02_a1_s23_llama1b_kv3072_cap12-20_balanced_stagger_growth_only,growth_only,6,1024,128,0.13936154499970144,2.0436583749997226,0.057725114000277244,0,0,0,0,0.05757276100121089,0,0,0.5,False,809d08d6db767268654a37110cdaf593fca9287a26604e41aef4e12927921398,False,False,False,False,False
llama1b,3072,12,23,balanced,stagger,study02_a1_s23_llama1b_kv3072_cap12-20_balanced_stagger_growth_only,growth_only,5,128,256,0.049820379999800934,3.893511824999223,0.10903402999974787,0,0,0,0,0.10823757699836278,0,0,0.5,False,b72590f97ced50e685891449e70110503671d435507ae8afb945e50ee279fa03,False,False,False,False,False
llama1b,3072,12,23,balanced,stagger,study02_a1_s23_llama1b_kv3072_cap12-20_balanced_stagger_growth_only,growth_only,1,256,512,0.06594304699865461,7.841375743999379,0.11189940199983539,0,0,0,0,0.11128281099991,0,0,0.5,False,c50e1e6e4bc92ab58a6f4e2491cff540339d8656fe1e3d4e87c979cc068746e8,False,False,False,False,False
llama1b,3072,12,23,balanced,stagger,study02_a1_s23_llama1b_kv3072_cap12-20_balanced_stagger_growth_only,growth_only,7,512,256,0.0867064769990975,3.8508386779994908,0.11192777799988107,0,0,0,0,0.11125537200132385,0,0,0.5,False,c54e21bfabaac286f2960213cbbcbb0b16f7c55c5b3540f0cef69a8cadd19db2,False,False,False,False,False
llama1b,3072,12,23,balanced,stagger,study02_a1_s23_llama1b_kv3072_cap12-20_balanced_stagger_growth_only,growth_only,9,128,64,0.04682703800062882,0.9966140920005273,0.0326973020000878,0,0,0,0,0.03205713699935586,0,0,0.5,False,35a387bd665a60a3ad812ad653d438950adc76575144ff7f6bb8a75ac1dad37e,False,False,False,False,False
llama1b,3072,12,23,balanced,stagger,study02_a1_s23_llama1b_kv3072_cap12-20_balanced_stagger_growth_only,growth_only,11,128,64,0.040645637000125134,0.9594561629983218,0.018807837999702315,0,0,0,0,0.01908972399905906,0,0,0.5,False,35a387bd665a60a3ad812ad653d438950adc76575144ff7f6bb8a75ac1dad37e,False,False,False,False,False
llama1b,3072,12,23,balanced,stagger,study02_a1_s23_llama1b_kv3072_cap12-20_balanced_stagger_growth_only,growth_only,8,1024,512,1.084980755000288,8.519627256000604,0.032695562000299105,0,0,0,0,0.032019607000620454,0,0,0.5,False,5dd5903d66b0fc3e836ddc82a1a2ff989ed28091968f3b056246c006c012648f,False,False,False,False,False
llama1b,3072,12,23,balanced,stagger,study02_a1_s23_llama1b_kv3072_cap12-20_balanced_stagger_growth_only,growth_only,10,256,512,0.06333613599963428,7.32972805099962,0.02248747799967532,0,0,0,0,0.02212667700041493,0,0,0.5,False,c50e1e6e4bc92ab58a6f4e2491cff540339d8656fe1e3d4e87c979cc068746e8,False,False,False,False,False
llama1b,3072,12,23,generation,stagger,study02_a1_s23_llama1b_kv3072_cap12-21_generation_stagger_slai_port,slai_port,0,512,256,0.061862118000135524,3.6233590869996988,0.035430853999059764,0,0,0,0,0.03507889000138675,0,0,0.5,False,c54e21bfabaac286f2960213cbbcbb0b16f7c55c5b3540f0cef69a8cadd19db2,False,False,False,False,False
llama1b,3072,12,23,generation,stagger,study02_a1_s23_llama1b_kv3072_cap12-21_generation_stagger_slai_port,slai_port,5,128,64,0.04265077799936989,0.9623119730003964,0.060086170999056776,0,0,0,0,0.060781962998589734,0,0,0.5,False,35a387bd665a60a3ad812ad653d438950adc76575144ff7f6bb8a75ac1dad37e,False,False,False,False,False
llama1b,3072,12,23,generation,stagger,study02_a1_s23_llama1b_kv3072_cap12-21_generation_stagger_slai_port,slai_port,6,512,64,0.08325349200094934,0.9692750230005913,0.02053627599889296,0,0,0,0,0.02053784999952768,0,0,0.5,False,7bc3f35a21678b9442a9428d42b64926474b14f235d6b8ada18a501c6d8067d7,False,False,False,False,False
llama1b,3072,12,23,generation,stagger,study02_a1_s23_llama1b_kv3072_cap12-21_generation_stagger_slai_port,slai_port,4,128,256,0.04442364599890425,3.7131370000006427,0.06088027499936288,0,0,0,0,0.0607448500013561,0,0,0.5,False,b72590f97ced50e685891449e70110503671d435507ae8afb945e50ee279fa03,False,False,False,False,False
llama1b,3072,12,23,generation,stagger,study02_a1_s23_llama1b_kv3072_cap12-21_generation_stagger_slai_port,slai_port,7,128,64,0.04704827299974568,1.0579664779997984,0.08471245900000213,0,0,0,0,0.08390025199878437,0,0,0.5,False,35a387bd665a60a3ad812ad653d438950adc76575144ff7f6bb8a75ac1dad37e,False,False,False,False,False
llama1b,3072,12,23,generation,stagger,study02_a1_s23_llama1b_kv3072_cap12-21_generation_stagger_slai_port,slai_port,8,512,256,0.08345660699887958,4.000865193000209,0.3713951970003109,1,512,512,0,0.37054428800001915,0,0,0.5,False,c54e21bfabaac286f2960213cbbcbb0b16f7c55c5b3540f0cef69a8cadd19db2,True,False,False,False,False
llama1b,3072,12,23,generation,stagger,study02_a1_s23_llama1b_kv3072_cap12-21_generation_stagger_slai_port,slai_port,9,256,256,0.2875006040012522,3.8484497890003695,0.01734328599923174,0,0,0,0,0.017479183999967063,0,0,0.5,False,0a1b94b501ef8cfb8e4e1c6fb3b68cfd11d2cb4d24184ce7130f5cba0d1ad422,False,False,False,False,False
llama1b,3072,12,23,generation,stagger,study02_a1_s23_llama1b_kv3072_cap12-21_generation_stagger_slai_port,slai_port,2,256,768,0.06288579299871344,10.998308946998804,0.08867877800003043,0,0,0,0,0.08819646399933845,0,0,0.5,False,ff2c625d728a9a95e9e96a47a6f55459f435d876cddb130d6cef7559e5698664,False,False,False,False,False
llama1b,3072,12,23,generation,stagger,study02_a1_s23_llama1b_kv3072_cap12-21_generation_stagger_slai_port,slai_port,11,256,64,0.0587752419996832,0.9360485289998906,0.01776100400093128,0,0,0,0,0.017532359999677283,0,0,0.5,False,2147cb95e9e3c0e31e798ff3104db21bbcf50fc2b5489b269bceba058c7ce536,False,False,False,False,False
llama1b,3072,12,23,generation,stagger,study02_a1_s23_llama1b_kv3072_cap12-21_generation_stagger_slai_port,slai_port,3,128,768,0.04578512800071621,11.075944696000079,0.08855604900054459,0,0,0,0,0.08822267399955308,0,0,0.5,False,9397f4f97720ee715c2d8c280a316e97d88baa87e2b6a55a47f753d2ce9c1703,False,False,False,False,False
llama1b,3072,12,23,generation,stagger,study02_a1_s23_llama1b_kv3072_cap12-21_generation_stagger_slai_port,slai_port,1,256,768,0.05454475800070213,14.033087694000642,3.0590049469992664,1,832,832,0,3.0589946849995613,2.955896921999738,3.0590049469992664,0.5,True,ff2c625d728a9a95e9e96a47a6f55459f435d876cddb130d6cef7559e5698664,True,True,True,True,False
llama1b,3072,12,23,generation,stagger,study02_a1_s23_llama1b_kv3072_cap12-21_generation_stagger_slai_port,slai_port,10,512,768,2.1039278070002183,12.575064073000249,0.03382466900075087,0,0,0,0,0.03302774099938688,0,0,0.5,False,5817b4dcffa7efb08ba38ddb4f9539dd96ab162946ef6ae2bd78d83a83799a46,False,False,False,False,False
llama1b,3072,12,23,generation,burst,study02_a1_s23_llama1b_kv3072_cap12-22_generation_burst_guard128,guard128,5,128,64,0.04582831999869086,0.9821764879998227,0.060755339998650015,0,0,0,0,0.06004186999962258,0,0,0.5,False,35a387bd665a60a3ad812ad653d438950adc76575144ff7f6bb8a75ac1dad37e,False,False,False,False,False
llama1b,3072,12,23,generation,burst,study02_a1_s23_llama1b_kv3072_cap12-22_generation_burst_guard128,guard128,6,512,64,0.08575435799866682,0.9788280689990643,0.01784265000060259,0,0,0,0,0.017375388999425923,0,0,0.5,False,7bc3f35a21678b9442a9428d42b64926474b14f235d6b8ada18a501c6d8067d7,False,False,False,False,False
llama1b,3072,12,23,generation,burst,study02_a1_s23_llama1b_kv3072_cap12-22_generation_burst_guard128,guard128,7,128,64,0.9670166859996243,1.84694248499909,0.01622783899983915,0,0,0,0,0.016359171000658534,0,0,0.5,False,35a387bd665a60a3ad812ad653d438950adc76575144ff7f6bb8a75ac1dad37e,False,False,False,False,False
llama1b,3072,12,23,generation,burst,study02_a1_s23_llama1b_kv3072_cap12-22_generation_burst_guard128,guard128,0,512,256,0.06423012900086178,3.7757300150005904,0.060777380998843,0,0,0,0,0.060028298999895924,0,0,0.5,False,c54e21bfabaac286f2960213cbbcbb0b16f7c55c5b3540f0cef69a8cadd19db2,False,False,False,False,False
llama1b,3072,12,23,generation,burst,study02_a1_s23_llama1b_kv3072_cap12-22_generation_burst_guard128,guard128,4,128,256,0.04649538200101233,3.733264088999931,0.06040466200101946,0,0,0,0,0.06004166500133579,0,0,0.5,False,b72590f97ced50e685891449e70110503671d435507ae8afb945e50ee279fa03,False,False,False,False,False
llama1b,3072,12,23,generation,burst,study02_a1_s23_llama1b_kv3072_cap12-22_generation_burst_guard128,guard128,8,512,256,3.4501682390000497,7.54365394999877,0.3436624629994185,1,708,708,0,0.3437823889998981,0,0,0.5,False,c54e21bfabaac286f2960213cbbcbb0b16f7c55c5b3540f0cef69a8cadd19db2,True,False,False,False,False
llama1b,3072,12,23,generation,burst,study02_a1_s23_llama1b_kv3072_cap12-22_generation_burst_guard128,guard128,9,256,256,3.5341465330002393,7.881717591999404,0.3241974679986015,2,911,911,0,0.3240045399998053,0,0,0.5,False,0a1b94b501ef8cfb8e4e1c6fb3b68cfd11d2cb4d24184ce7130f5cba0d1ad422,True,False,False,False,False
llama1b,3072,12,23,generation,burst,study02_a1_s23_llama1b_kv3072_cap12-22_generation_burst_guard128,guard128,1,256,768,0.06707936999919184,11.509825755998463,0.3452775579989975,1,755,755,0,0.3453073749988107,0,0,0.5,False,ff2c625d728a9a95e9e96a47a6f55459f435d876cddb130d6cef7559e5698664,True,False,False,False,False
llama1b,3072,12,23,generation,burst,study02_a1_s23_llama1b_kv3072_cap12-22_generation_burst_guard128,guard128,2,256,768,0.07119300500016834,11.549592555000345,0.34553256100116414,1,737,737,0,0.3454938479990233,0,0,0.5,False,ff2c625d728a9a95e9e96a47a6f55459f435d876cddb130d6cef7559e5698664,True,False,False,False,False
llama1b,3072,12,23,generation,burst,study02_a1_s23_llama1b_kv3072_cap12-22_generation_burst_guard128,guard128,3,128,768,0.06258009499833861,11.515988515999197,0.3337260429998423,1,592,592,0,0.3334176740008843,0,0,0.5,False,9397f4f97720ee715c2d8c280a316e97d88baa87e2b6a55a47f753d2ce9c1703,True,False,False,False,False
llama1b,3072,12,23,generation,burst,study02_a1_s23_llama1b_kv3072_cap12-22_generation_burst_guard128,guard128,11,256,64,11.154199938999227,12.021438612000566,0.015370830999017926,0,0,0,0,0.01542744399921503,0,0,0.5,False,2147cb95e9e3c0e31e798ff3104db21bbcf50fc2b5489b269bceba058c7ce536,False,False,False,False,False
llama1b,3072,12,23,generation,burst,study02_a1_s23_llama1b_kv3072_cap12-22_generation_burst_guard128,guard128,10,512,768,11.135457209999004,21.606176364999556,0.03821771000002627,0,0,0,0,0.03819724800086988,0,0,0.5,False,5817b4dcffa7efb08ba38ddb4f9539dd96ab162946ef6ae2bd78d83a83799a46,False,False,False,False,False
llama1b,3072,12,23,generation,burst,study02_a1_s23_llama1b_kv3072_cap12-23_generation_burst_adaptive_resume,adaptive_resume,5,128,64,0.041621768999903,1.0389912810005626,0.06233803299983265,0,0,0,0,0.06209849100014253,0,0,0.5,False,35a387bd665a60a3ad812ad653d438950adc76575144ff7f6bb8a75ac1dad37e,False,False,False,False,False
llama1b,3072,12,23,generation,burst,study02_a1_s23_llama1b_kv3072_cap12-23_generation_burst_adaptive_resume,adaptive_resume,6,512,64,0.08064434200059623,1.0797961900007067,0.06283814699963841,0,0,0,0,0.062100524999550544,0,0,0.5,False,7bc3f35a21678b9442a9428d42b64926474b14f235d6b8ada18a501c6d8067d7,False,False,False,False,False
llama1b,3072,12,23,generation,burst,study02_a1_s23_llama1b_kv3072_cap12-23_generation_burst_adaptive_resume,adaptive_resume,7,128,64,0.0691136440000264,1.0604254200006835,0.06243560200164211,0,0,0,0,0.06209293299980345,0,0,0.5,False,35a387bd665a60a3ad812ad653d438950adc76575144ff7f6bb8a75ac1dad37e,False,False,False,False,False
llama1b,3072,12,23,generation,burst,study02_a1_s23_llama1b_kv3072_cap12-23_generation_burst_adaptive_resume,adaptive_resume,0,512,256,0.056700369001191575,3.9475381030006247,0.0626524609997432,0,0,0,0,0.061932704998980626,0,0,0.5,False,c54e21bfabaac286f2960213cbbcbb0b16f7c55c5b3540f0cef69a8cadd19db2,False,False,False,False,False
llama1b,3072,12,23,generation,burst,study02_a1_s23_llama1b_kv3072_cap12-23_generation_burst_adaptive_resume,adaptive_resume,4,128,256,0.05371848000140744,3.9851568680005585,0.11362730600012583,0,0,0,0,0.11294471200017142,0,0,0.5,False,b72590f97ced50e685891449e70110503671d435507ae8afb945e50ee279fa03,False,False,False,False,False
llama1b,3072,12,23,generation,burst,study02_a1_s23_llama1b_kv3072_cap12-23_generation_burst_adaptive_resume,adaptive_resume,8,512,256,0.0997071980000328,4.795321795998461,0.7474005690000922,2,1239,1239,0,0.7475218840008893,0,0,0.5,True,c54e21bfabaac286f2960213cbbcbb0b16f7c55c5b3540f0cef69a8cadd19db2,True,True,False,False,False
llama1b,3072,12,23,generation,burst,study02_a1_s23_llama1b_kv3072_cap12-23_generation_burst_adaptive_resume,adaptive_resume,9,256,256,1.0097178560008615,6.1342404919996625,1.4924773380007537,1,335,335,0,1.4928265760008799,1.363151158000619,1.4924773380007537,0.5,True,0a1b94b501ef8cfb8e4e1c6fb3b68cfd11d2cb4d24184ce7130f5cba0d1ad422,True,True,True,False,False
llama1b,3072,12,23,generation,burst,study02_a1_s23_llama1b_kv3072_cap12-23_generation_burst_adaptive_resume,adaptive_resume,1,256,768,0.06118210999920848,11.38038771399988,0.11347714300063672,0,0,0,0,0.11294108199945185,0,0,0.5,False,ff2c625d728a9a95e9e96a47a6f55459f435d876cddb130d6cef7559e5698664,False,False,False,False,False
llama1b,3072,12,23,generation,burst,study02_a1_s23_llama1b_kv3072_cap12-23_generation_burst_adaptive_resume,adaptive_resume,2,256,768,0.06444607099911082,11.357859767000264,0.1132449570013705,0,0,0,0,0.11294398999962141,0,0,0.5,False,ff2c625d728a9a95e9e96a47a6f55459f435d876cddb130d6cef7559e5698664,False,False,False,False,False
llama1b,3072,12,23,generation,burst,study02_a1_s23_llama1b_kv3072_cap12-23_generation_burst_adaptive_resume,adaptive_resume,3,128,768,0.05321586699938052,11.412347753999711,0.11335043699909875,0,0,0,0,0.11294430899943109,0,0,0.5,False,9397f4f97720ee715c2d8c280a316e97d88baa87e2b6a55a47f753d2ce9c1703,False,False,False,False,False
llama1b,3072,12,23,generation,burst,study02_a1_s23_llama1b_kv3072_cap12-23_generation_burst_adaptive_resume,adaptive_resume,11,256,64,11.012015065000014,11.886681451000186,0.019218988998545683,0,0,0,0,0.019597721999161877,0,0,0.5,False,2147cb95e9e3c0e31e798ff3104db21bbcf50fc2b5489b269bceba058c7ce536,False,False,False,False,False
llama1b,3072,12,23,generation,burst,study02_a1_s23_llama1b_kv3072_cap12-23_generation_burst_adaptive_resume,adaptive_resume,10,512,768,11.062445556000966,21.517843022000307,0.019848280000587692,0,0,0,0,0.019637891000456875,0,0,0.5,False,5817b4dcffa7efb08ba38ddb4f9539dd96ab162946ef6ae2bd78d83a83799a46,False,False,False,False,False
llama1b,12288,12,23,generation,stagger,study03_a1_s23_llama1b_kv12288_cap12-00_generation_stagger_baseline,baseline,0,512,256,0.0580855509997491,3.6617596939995565,0.037450075000379,0,0,0,0,0.03664625100100238,0,0,0.5,False,c54e21bfabaac286f2960213cbbcbb0b16f7c55c5b3540f0cef69a8cadd19db2,False,False,False,False,False
llama1b,12288,12,23,generation,stagger,study03_a1_s23_llama1b_kv12288_cap12-00_generation_stagger_baseline,baseline,5,128,64,0.04746612599956279,0.9962899880010809,0.05515414600085933,0,0,0,0,0.054925271000684006,0,0,0.5,False,35a387bd665a60a3ad812ad653d438950adc76575144ff7f6bb8a75ac1dad37e,False,False,False,False,False
llama1b,12288,12,23,generation,stagger,study03_a1_s23_llama1b_kv12288_cap12-00_generation_stagger_baseline,baseline,6,512,64,0.0891614739994111,1.0203827379991708,0.022076806000768556,0,0,0,0,0.02161357200020575,0,0,0.5,False,7bc3f35a21678b9442a9428d42b64926474b14f235d6b8ada18a501c6d8067d7,False,False,False,False,False
llama1b,12288,12,23,generation,stagger,study03_a1_s23_llama1b_kv12288_cap12-00_generation_stagger_baseline,baseline,7,128,64,0.046979918000943144,1.0346009120003146,0.060353258000759524,0,0,0,0,0.06015610199938237,0,0,0.5,False,35a387bd665a60a3ad812ad653d438950adc76575144ff7f6bb8a75ac1dad37e,False,False,False,False,False
llama1b,12288,12,23,generation,stagger,study03_a1_s23_llama1b_kv12288_cap12-00_generation_stagger_baseline,baseline,4,128,256,0.04151435799940373,3.80433081999945,0.06050710100134893,0,0,0,0,0.06016984099915135,0,0,0.5,False,b72590f97ced50e685891449e70110503671d435507ae8afb945e50ee279fa03,False,False,False,False,False
llama1b,12288,12,23,generation,stagger,study03_a1_s23_llama1b_kv12288_cap12-00_generation_stagger_baseline,baseline,8,512,256,0.08415274999970279,3.851973299999372,0.059754645999419154,0,0,0,0,0.058933158001309494,0,0,0.5,False,c54e21bfabaac286f2960213cbbcbb0b16f7c55c5b3540f0cef69a8cadd19db2,False,False,False,False,False
llama1b,12288,12,23,generation,stagger,study03_a1_s23_llama1b_kv12288_cap12-00_generation_stagger_baseline,baseline,1,256,768,0.06267846599985205,11.173274519000188,0.06019284600006358,0,0,0,0,0.06022021200078598,0,0,0.5,False,ff2c625d728a9a95e9e96a47a6f55459f435d876cddb130d6cef7559e5698664,False,False,False,False,False
llama1b,12288,12,23,generation,stagger,study03_a1_s23_llama1b_kv12288_cap12-00_generation_stagger_baseline,baseline,9,256,256,0.07015960499848006,3.815146509999977,0.05987417600044864,0,0,0,0,0.058930114999384386,0,0,0.5,False,0a1b94b501ef8cfb8e4e1c6fb3b68cfd11d2cb4d24184ce7130f5cba0d1ad422,False,False,False,False,False
llama1b,12288,12,23,generation,stagger,study03_a1_s23_llama1b_kv12288_cap12-00_generation_stagger_baseline,baseline,2,256,768,0.057858123000187334,11.164857298999777,0.060323886000333005,0,0,0,0,0.060175356000399916,0,0,0.5,False,ff2c625d728a9a95e9e96a47a6f55459f435d876cddb130d6cef7559e5698664,False,False,False,False,False
llama1b,12288,12,23,generation,stagger,study03_a1_s23_llama1b_kv12288_cap12-00_generation_stagger_baseline,baseline,11,256,64,0.05828923300032329,0.9512130309994973,0.01782354200076952,0,0,0,0,0.01768971199999214,0,0,0.5,False,2147cb95e9e3c0e31e798ff3104db21bbcf50fc2b5489b269bceba058c7ce536,False,False,False,False,False
llama1b,12288,12,23,generation,stagger,study03_a1_s23_llama1b_kv12288_cap12-00_generation_stagger_baseline,baseline,3,128,768,0.04495269699873461,11.176943889999166,0.060681910001221695,0,0,0,0,0.06017382099889801,0,0,0.5,False,9397f4f97720ee715c2d8c280a316e97d88baa87e2b6a55a47f753d2ce9c1703,False,False,False,False,False
llama1b,12288,12,23,generation,stagger,study03_a1_s23_llama1b_kv12288_cap12-00_generation_stagger_baseline,baseline,10,512,768,0.09280599900012021,10.82327091300067,0.035389725999266375,0,0,0,0,0.03461185900050623,0,0,0.5,False,5817b4dcffa7efb08ba38ddb4f9539dd96ab162946ef6ae2bd78d83a83799a46,False,False,False,False,False
llama1b,12288,12,23,generation,burst,study03_a1_s23_llama1b_kv12288_cap12-01_generation_burst_baseline,baseline,5,128,64,0.04851800500000536,1.1615783830002329,0.061989025000002584,0,0,0,0,0.06205758699979924,0,0,0.5,False,35a387bd665a60a3ad812ad653d438950adc76575144ff7f6bb8a75ac1dad37e,False,False,False,False,False
llama1b,12288,12,23,generation,burst,study03_a1_s23_llama1b_kv12288_cap12-01_generation_burst_baseline,baseline,6,512,64,0.08824735900088854,1.1541796130004514,0.061932427999636275,0,0,0,0,0.062058071000137716,0,0,0.5,False,7bc3f35a21678b9442a9428d42b64926474b14f235d6b8ada18a501c6d8067d7,False,False,False,False,False
llama1b,12288,12,23,generation,burst,study03_a1_s23_llama1b_kv12288_cap12-01_generation_burst_baseline,baseline,7,128,64,0.0827213889988343,1.1369578819994786,0.06138693699904252,0,0,0,0,0.06205767199935508,0,0,0.5,False,35a387bd665a60a3ad812ad653d438950adc76575144ff7f6bb8a75ac1dad37e,False,False,False,False,False
llama1b,12288,12,23,generation,burst,study03_a1_s23_llama1b_kv12288_cap12-01_generation_burst_baseline,baseline,11,256,64,0.1122453919997497,1.0198940690006566,0.017445576000682195,0,0,0,0,0.016866739999386482,0,0,0.5,False,2147cb95e9e3c0e31e798ff3104db21bbcf50fc2b5489b269bceba058c7ce536,False,False,False,False,False
llama1b,12288,12,23,generation,burst,study03_a1_s23_llama1b_kv12288_cap12-01_generation_burst_baseline,baseline,0,512,256,0.057724455999050406,4.020290249998652,0.06169887900068716,0,0,0,0,0.062055194001004566,0,0,0.5,False,c54e21bfabaac286f2960213cbbcbb0b16f7c55c5b3540f0cef69a8cadd19db2,False,False,False,False,False
llama1b,12288,12,23,generation,burst,study03_a1_s23_llama1b_kv12288_cap12-01_generation_burst_baseline,baseline,4,128,256,0.04775238299953344,3.9499464689997694,0.06206582599952526,0,0,0,0,0.06205726199914352,0,0,0.5,False,b72590f97ced50e685891449e70110503671d435507ae8afb945e50ee279fa03,False,False,False,False,False
llama1b,12288,12,23,generation,burst,study03_a1_s23_llama1b_kv12288_cap12-01_generation_burst_baseline,baseline,8,512,256,0.0925587949986948,3.8767357699998684,0.06188165800085699,0,0,0,0,0.062058050998530234,0,0,0.5,False,c54e21bfabaac286f2960213cbbcbb0b16f7c55c5b3540f0cef69a8cadd19db2,False,False,False,False,False
llama1b,12288,12,23,generation,burst,study03_a1_s23_llama1b_kv12288_cap12-01_generation_burst_baseline,baseline,9,256,256,0.09766137000042363,3.8546015540014196,0.06208254900047905,0,0,0,0,0.06205745400075102,0,0,0.5,False,0a1b94b501ef8cfb8e4e1c6fb3b68cfd11d2cb4d24184ce7130f5cba0d1ad422,False,False,False,False,False
llama1b,12288,12,23,generation,burst,study03_a1_s23_llama1b_kv12288_cap12-01_generation_burst_baseline,baseline,1,256,768,0.05927063099989027,11.322227609000038,0.061833322999518714,0,0,0,0,0.06205575400053931,0,0,0.5,False,ff2c625d728a9a95e9e96a47a6f55459f435d876cddb130d6cef7559e5698664,False,False,False,False,False
llama1b,12288,12,23,generation,burst,study03_a1_s23_llama1b_kv12288_cap12-01_generation_burst_baseline,baseline,2,256,768,0.06025903299996571,11.301647625999976,0.06163356199976988,0,0,0,0,0.06205634600155463,0,0,0.5,False,ff2c625d728a9a95e9e96a47a6f55459f435d876cddb130d6cef7559e5698664,False,False,False,False,False
llama1b,12288,12,23,generation,burst,study03_a1_s23_llama1b_kv12288_cap12-01_generation_burst_baseline,baseline,3,128,768,0.04696857599992654,11.279618364998896,0.06143371399957687,0,0,0,0,0.06205645199952414,0,0,0.5,False,9397f4f97720ee715c2d8c280a316e97d88baa87e2b6a55a47f753d2ce9c1703,False,False,False,False,False
llama1b,12288,12,23,generation,burst,study03_a1_s23_llama1b_kv12288_cap12-01_generation_burst_baseline,baseline,10,512,768,0.10955722600010631,11.125489644000481,0.037384074999863515,0,0,0,0,0.03631250699982047,0,0,0.5,False,5817b4dcffa7efb08ba38ddb4f9539dd96ab162946ef6ae2bd78d83a83799a46,False,False,False,False,False
llama1b,12288,12,23,generation,burst,study03_a1_s23_llama1b_kv12288_cap12-02_generation_burst_guard128,guard128,5,128,64,0.046918554999137996,1.1660533180001948,0.06279883000024711,0,0,0,0,0.061864522998803295,0,0,0.5,False,35a387bd665a60a3ad812ad653d438950adc76575144ff7f6bb8a75ac1dad37e,False,False,False,False,False
llama1b,12288,12,23,generation,burst,study03_a1_s23_llama1b_kv12288_cap12-02_generation_burst_guard128,guard128,6,512,64,0.08888398900126049,1.1586977470014972,0.06281702799969935,0,0,0,0,0.06186452399924747,0,0,0.5,False,7bc3f35a21678b9442a9428d42b64926474b14f235d6b8ada18a501c6d8067d7,False,False,False,False,False
llama1b,12288,12,23,generation,burst,study03_a1_s23_llama1b_kv12288_cap12-02_generation_burst_guard128,guard128,7,128,64,0.0779633490001288,1.1396509209989745,0.06252169199979107,0,0,0,0,0.06186358699960692,0,0,0.5,False,35a387bd665a60a3ad812ad653d438950adc76575144ff7f6bb8a75ac1dad37e,False,False,False,False,False
llama1b,12288,12,23,generation,burst,study03_a1_s23_llama1b_kv12288_cap12-02_generation_burst_guard128,guard128,11,256,64,0.11115575499934494,1.0238730809996923,0.01750048100075219,0,0,0,0,0.017299316999924486,0,0,0.5,False,2147cb95e9e3c0e31e798ff3104db21bbcf50fc2b5489b269bceba058c7ce536,False,False,False,False,False
llama1b,12288,12,23,generation,burst,study03_a1_s23_llama1b_kv12288_cap12-02_generation_burst_guard128,guard128,0,512,256,0.0627005909991567,4.0638960219985165,0.06261044300117646,0,0,0,0,0.06186742699901515,0,0,0.5,False,c54e21bfabaac286f2960213cbbcbb0b16f7c55c5b3540f0cef69a8cadd19db2,False,False,False,False,False
llama1b,12288,12,23,generation,burst,study03_a1_s23_llama1b_kv12288_cap12-02_generation_burst_guard128,guard128,4,128,256,0.047062825000466546,3.9786515360010526,0.06249907399978838,0,0,0,0,0.06185601499964832,0,0,0.5,False,b72590f97ced50e685891449e70110503671d435507ae8afb945e50ee279fa03,False,False,False,False,False
llama1b,12288,12,23,generation,burst,study03_a1_s23_llama1b_kv12288_cap12-02_generation_burst_guard128,guard128,8,512,256,0.0902716969994799,3.905574214999433,0.06225031400026637,0,0,0,0,0.061702794999291655,0,0,0.5,False,c54e21bfabaac286f2960213cbbcbb0b16f7c55c5b3540f0cef69a8cadd19db2,False,False,False,False,False
llama1b,12288,12,23,generation,burst,study03_a1_s23_llama1b_kv12288_cap12-02_generation_burst_guard128,guard128,9,256,256,0.09642893800082675,3.8831405060009274,0.06234819599922048,0,0,0,0,0.06170131900034903,0,0,0.5,False,0a1b94b501ef8cfb8e4e1c6fb3b68cfd11d2cb4d24184ce7130f5cba0d1ad422,False,False,False,False,False
llama1b,12288,12,23,generation,burst,study03_a1_s23_llama1b_kv12288_cap12-02_generation_burst_guard128,guard128,1,256,768,0.06601316900014353,11.33977055700052,0.06298488900029042,0,0,0,0,0.061866306999945664,0,0,0.5,False,ff2c625d728a9a95e9e96a47a6f55459f435d876cddb130d6cef7559e5698664,False,False,False,False,False
llama1b,12288,12,23,generation,burst,study03_a1_s23_llama1b_kv12288_cap12-02_generation_burst_guard128,guard128,2,256,768,0.0689063729987538,11.317363372998443,0.06277948899878538,0,0,0,0,0.0618655949983804,0,0,0.5,False,ff2c625d728a9a95e9e96a47a6f55459f435d876cddb130d6cef7559e5698664,False,False,False,False,False
llama1b,12288,12,23,generation,burst,study03_a1_s23_llama1b_kv12288_cap12-02_generation_burst_guard128,guard128,3,128,768,0.05984824699953606,11.295223129000078,0.06277187399973627,0,0,0,0,0.06185716400068486,0,0,0.5,False,9397f4f97720ee715c2d8c280a316e97d88baa87e2b6a55a47f753d2ce9c1703,False,False,False,False,False
llama1b,12288,12,23,generation,burst,study03_a1_s23_llama1b_kv12288_cap12-02_generation_burst_guard128,guard128,10,512,768,0.10903306599902862,11.130713743999877,0.03584727700035728,0,0,0,0,0.035556454000470694,0,0,0.5,False,5817b4dcffa7efb08ba38ddb4f9539dd96ab162946ef6ae2bd78d83a83799a46,False,False,False,False,False
llama1b,12288,12,23,generation,stagger,study03_a1_s23_llama1b_kv12288_cap12-03_generation_stagger_guard128,guard128,0,512,256,0.06418571999893175,3.63722476699877,0.03927212999951735,0,0,0,0,0.03878591699867684,0,0,0.5,False,c54e21bfabaac286f2960213cbbcbb0b16f7c55c5b3540f0cef69a8cadd19db2,False,False,False,False,False
llama1b,12288,12,23,generation,stagger,study03_a1_s23_llama1b_kv12288_cap12-03_generation_stagger_guard128,guard128,5,128,64,0.055608041999221314,0.982245953000529,0.06351144200016279,0,0,0,0,0.06301158099995519,0,0,0.5,False,35a387bd665a60a3ad812ad653d438950adc76575144ff7f6bb8a75ac1dad37e,False,False,False,False,False
llama1b,12288,12,23,generation,stagger,study03_a1_s23_llama1b_kv12288_cap12-03_generation_stagger_guard128,guard128,6,512,64,0.08790734299873293,0.9988999249999324,0.02151415200023621,0,0,0,0,0.021257430000332533,0,0,0.5,False,7bc3f35a21678b9442a9428d42b64926474b14f235d6b8ada18a501c6d8067d7,False,False,False,False,False
llama1b,12288,12,23,generation,stagger,study03_a1_s23_llama1b_kv12288_cap12-03_generation_stagger_guard128,guard128,7,128,64,0.04212083700076619,1.0196140450007078,0.06387025000003632,0,0,0,0,0.06331908100037253,0,0,0.5,False,35a387bd665a60a3ad812ad653d438950adc76575144ff7f6bb8a75ac1dad37e,False,False,False,False,False
llama1b,12288,12,23,generation,stagger,study03_a1_s23_llama1b_kv12288_cap12-03_generation_stagger_guard128,guard128,4,128,256,0.04690053200101829,3.774464161000651,0.06392098100150179,0,0,0,0,0.06331852500079549,0,0,0.5,False,b72590f97ced50e685891449e70110503671d435507ae8afb945e50ee279fa03,False,False,False,False,False
llama1b,12288,12,23,generation,stagger,study03_a1_s23_llama1b_kv12288_cap12-03_generation_stagger_guard128,guard128,8,512,256,0.09497259500130895,3.836055417001262,0.06204890200024238,0,0,0,0,0.061718750999716576,0,0,0.5,False,c54e21bfabaac286f2960213cbbcbb0b16f7c55c5b3540f0cef69a8cadd19db2,False,False,False,False,False
llama1b,12288,12,23,generation,stagger,study03_a1_s23_llama1b_kv12288_cap12-03_generation_stagger_guard128,guard128,1,256,768,0.07031075400118425,11.097673020000002,0.06372467199980747,0,0,0,0,0.06331462999878568,0,0,0.5,False,ff2c625d728a9a95e9e96a47a6f55459f435d876cddb130d6cef7559e5698664,False,False,False,False,False
llama1b,12288,12,23,generation,stagger,study03_a1_s23_llama1b_kv12288_cap12-03_generation_stagger_guard128,guard128,9,256,256,0.06080280300011509,3.7803611800009094,0.06211141200037673,0,0,0,0,0.06171800999982224,0,0,0.5,False,0a1b94b501ef8cfb8e4e1c6fb3b68cfd11d2cb4d24184ce7130f5cba0d1ad422,False,False,False,False,False
llama1b,12288,12,23,generation,stagger,study03_a1_s23_llama1b_kv12288_cap12-03_generation_stagger_guard128,guard128,2,256,768,0.06263405400022748,11.082787133000238,0.06391770600021118,0,0,0,0,0.0633180610002455,0,0,0.5,False,ff2c625d728a9a95e9e96a47a6f55459f435d876cddb130d6cef7559e5698664,False,False,False,False,False
llama1b,12288,12,23,generation,stagger,study03_a1_s23_llama1b_kv12288_cap12-03_generation_stagger_guard128,guard128,11,256,64,0.07684292500016454,0.9617493559999275,0.016564338000534917,0,0,0,0,0.016622909999568947,0,0,0.5,False,2147cb95e9e3c0e31e798ff3104db21bbcf50fc2b5489b269bceba058c7ce536,False,False,False,False,False
llama1b,12288,12,23,generation,stagger,study03_a1_s23_llama1b_kv12288_cap12-03_generation_stagger_guard128,guard128,3,128,768,0.042085213000973454,11.113278855000317,0.0639249319992814,0,0,0,0,0.06331776200022432,0,0,0.5,False,9397f4f97720ee715c2d8c280a316e97d88baa87e2b6a55a47f753d2ce9c1703,False,False,False,False,False
llama1b,12288,12,23,generation,stagger,study03_a1_s23_llama1b_kv12288_cap12-03_generation_stagger_guard128,guard128,10,512,768,0.09125332500116201,10.747631420999824,0.03996811700017133,0,0,0,0,0.03976307500124676,0,0,0.5,False,5817b4dcffa7efb08ba38ddb4f9539dd96ab162946ef6ae2bd78d83a83799a46,False,False,False,False,False
llama1b,3072,3,77,generation,stagger,study04_a1_s77_llama1b_kv3072_cap3-00_generation_stagger_baseline,baseline,0,512,64,0.059203639000770636,0.9153006989999994,0.017972360999920056,0,0,0,0,0.017838543999459944,0,0,0.5,False,7bc3f35a21678b9442a9428d42b64926474b14f235d6b8ada18a501c6d8067d7,False,False,False,False,False
llama1b,3072,3,77,generation,stagger,study04_a1_s77_llama1b_kv3072_cap3-00_generation_stagger_baseline,baseline,1,256,64,0.03885587500008114,0.8892346339998767,0.017269077001401456,0,0,0,0,0.017519445998914307,0,0,0.5,False,2147cb95e9e3c0e31e798ff3104db21bbcf50fc2b5489b269bceba058c7ce536,False,False,False,False,False
llama1b,3072,3,77,generation,stagger,study04_a1_s77_llama1b_kv3072_cap3-00_generation_stagger_baseline,baseline,4,256,256,0.05130565800027398,3.65491419799946,0.019842383000650443,0,0,0,0,0.019887819998984924,0,0,0.5,False,0a1b94b501ef8cfb8e4e1c6fb3b68cfd11d2cb4d24184ce7130f5cba0d1ad422,False,False,False,False,False
llama1b,3072,3,77,generation,stagger,study04_a1_s77_llama1b_kv3072_cap3-00_generation_stagger_baseline,baseline,2,256,768,0.04310939799870539,11.07757495199985,0.06294713699935528,0,0,0,0,0.06258505200094078,0,0,0.5,False,ff2c625d728a9a95e9e96a47a6f55459f435d876cddb130d6cef7559e5698664,False,False,False,False,False
llama1b,3072,3,77,generation,stagger,study04_a1_s77_llama1b_kv3072_cap3-00_generation_stagger_baseline,baseline,3,512,768,0.09325940899907437,11.072181056000773,0.03258990199901746,0,0,0,0,0.03221017599935294,0,0,0.5,False,5817b4dcffa7efb08ba38ddb4f9539dd96ab162946ef6ae2bd78d83a83799a46,False,False,False,False,False
llama1b,3072,3,77,generation,stagger,study04_a1_s77_llama1b_kv3072_cap3-00_generation_stagger_baseline,baseline,7,512,256,10.109298051000223,13.641328464000253,0.01850258800004667,0,0,0,0,0.018456456000421895,0,0,0.5,False,c54e21bfabaac286f2960213cbbcbb0b16f7c55c5b3540f0cef69a8cadd19db2,False,False,False,False,False
llama1b,3072,3,77,generation,stagger,study04_a1_s77_llama1b_kv3072_cap3-00_generation_stagger_baseline,baseline,5,128,768,3.4936387650013785,14.473068042001614,0.06213681499866652,0,0,0,0,0.061583188000440714,0,0,0.5,False,9397f4f97720ee715c2d8c280a316e97d88baa87e2b6a55a47f753d2ce9c1703,False,False,False,False,False
llama1b,3072,3,77,generation,stagger,study04_a1_s77_llama1b_kv3072_cap3-00_generation_stagger_baseline,baseline,8,512,256,13.249490522000997,16.766004011000405,0.02057281899942609,0,0,0,0,0.020035726000060095,0,0,0.5,False,c54e21bfabaac286f2960213cbbcbb0b16f7c55c5b3540f0cef69a8cadd19db2,False,False,False,False,False
llama1b,3072,3,77,generation,stagger,study04_a1_s77_llama1b_kv3072_cap3-00_generation_stagger_baseline,baseline,9,128,256,12.448396261999733,15.96821188299873,0.01987276100044255,0,0,0,0,0.01984013000037521,0,0,0.5,False,b72590f97ced50e685891449e70110503671d435507ae8afb945e50ee279fa03,False,False,False,False,False
llama1b,3072,3,77,generation,stagger,study04_a1_s77_llama1b_kv3072_cap3-00_generation_stagger_baseline,baseline,10,128,64,15.59205704499982,16.488249505000567,0.03336140200008231,0,0,0,0,0.033159671000248636,0,0,0.5,False,35a387bd665a60a3ad812ad653d438950adc76575144ff7f6bb8a75ac1dad37e,False,False,False,False,False
llama1b,3072,3,77,generation,stagger,study04_a1_s77_llama1b_kv3072_cap3-00_generation_stagger_baseline,baseline,11,256,64,15.458440262000295,16.321766753999327,0.016985165000733105,0,0,0,0,0.01704685600088851,0,0,0.5,False,2147cb95e9e3c0e31e798ff3104db21bbcf50fc2b5489b269bceba058c7ce536,False,False,False,False,False
llama1b,3072,3,77,generation,stagger,study04_a1_s77_llama1b_kv3072_cap3-00_generation_stagger_baseline,baseline,6,128,768,9.839828801999829,20.50958107599945,0.06207118099882791,0,0,0,0,0.06157015000098909,0,0,0.5,False,9397f4f97720ee715c2d8c280a316e97d88baa87e2b6a55a47f753d2ce9c1703,False,False,False,False,False
llama1b,3072,3,77,generation,burst,study04_a1_s77_llama1b_kv3072_cap3-01_generation_burst_baseline,baseline,0,512,64,0.06225089600047795,0.9809602740006085,0.03669171100045787,0,0,0,0,0.03645291700013331,0,0,0.5,False,7bc3f35a21678b9442a9428d42b64926474b14f235d6b8ada18a501c6d8067d7,False,False,False,False,False
llama1b,3072,3,77,generation,burst,study04_a1_s77_llama1b_kv3072_cap3-01_generation_burst_baseline,baseline,1,256,64,0.06277153299924976,1.0087322869985655,0.06057107499873382,0,0,0,0,0.06000259400025243,0,0,0.5,False,2147cb95e9e3c0e31e798ff3104db21bbcf50fc2b5489b269bceba058c7ce536,False,False,False,False,False
llama1b,3072,3,77,generation,burst,study04_a1_s77_llama1b_kv3072_cap3-01_generation_burst_baseline,baseline,4,256,256,0.912599911000143,4.4413450800002465,0.018293335999260307,0,0,0,0,0.01797720099966682,0,0,0.5,False,0a1b94b501ef8cfb8e4e1c6fb3b68cfd11d2cb4d24184ce7130f5cba0d1ad422,False,False,False,False,False
llama1b,3072,3,77,generation,burst,study04_a1_s77_llama1b_kv3072_cap3-01_generation_burst_baseline,baseline,2,256,768,0.06505993000064336,10.910415812000792,0.06060510799943586,0,0,0,0,0.06001638700035983,0,0,0.5,False,ff2c625d728a9a95e9e96a47a6f55459f435d876cddb130d6cef7559e5698664,False,False,False,False,False
llama1b,3072,3,77,generation,burst,study04_a1_s77_llama1b_kv3072_cap3-01_generation_burst_baseline,baseline,3,512,768,0.9087054579995311,11.76609906900012,0.04037397699903522,0,0,0,0,0.04011804899892013,0,0,0.5,False,5817b4dcffa7efb08ba38ddb4f9539dd96ab162946ef6ae2bd78d83a83799a46,False,False,False,False,False
llama1b,3072,3,77,generation,burst,study04_a1_s77_llama1b_kv3072_cap3-01_generation_burst_baseline,baseline,7,512,256,11.633612028999778,15.286285681999288,0.02121892400100478,0,0,0,0,0.0211521109995374,0,0,0.5,False,c54e21bfabaac286f2960213cbbcbb0b16f7c55c5b3540f0cef69a8cadd19db2,False,False,False,False,False
llama1b,3072,3,77,generation,burst,study04_a1_s77_llama1b_kv3072_cap3-01_generation_burst_baseline,baseline,5,128,768,4.427975743999923,15.460536548000164,0.05859776299985242,0,0,0,0,0.05777618799947959,0,0,0.5,False,9397f4f97720ee715c2d8c280a316e97d88baa87e2b6a55a47f753d2ce9c1703,False,False,False,False,False
llama1b,3072,3,77,generation,burst,study04_a1_s77_llama1b_kv3072_cap3-01_generation_burst_baseline,baseline,8,512,256,15.31037004099926,18.89413418500044,0.02391872400039574,0,0,0,0,0.02387111099960748,0,0,0.5,False,c54e21bfabaac286f2960213cbbcbb0b16f7c55c5b3540f0cef69a8cadd19db2,False,False,False,False,False
llama1b,3072,3,77,generation,burst,study04_a1_s77_llama1b_kv3072_cap3-01_generation_burst_baseline,baseline,9,128,256,15.301659298000232,18.88334708700131,0.023792624999259715,0,0,0,0,0.022394147999875713,0,0,0.5,False,b72590f97ced50e685891449e70110503671d435507ae8afb945e50ee279fa03,False,False,False,False,False
llama1b,3072,3,77,generation,burst,study04_a1_s77_llama1b_kv3072_cap3-01_generation_burst_baseline,baseline,10,128,64,18.83327569100038,19.73500724800033,0.03523502399912104,0,0,0,0,0.03483664899977157,0,0,0.5,False,35a387bd665a60a3ad812ad653d438950adc76575144ff7f6bb8a75ac1dad37e,False,False,False,False,False
llama1b,3072,3,77,generation,burst,study04_a1_s77_llama1b_kv3072_cap3-01_generation_burst_baseline,baseline,11,256,64,18.83452642699922,19.71260336799969,0.01738059400122438,0,0,0,0,0.017590595000001485,0,0,0.5,False,2147cb95e9e3c0e31e798ff3104db21bbcf50fc2b5489b269bceba058c7ce536,False,False,False,False,False
llama1b,3072,3,77,generation,burst,study04_a1_s77_llama1b_kv3072_cap3-01_generation_burst_baseline,baseline,6,128,768,10.74618034299965,21.68651884800056,0.058754330000738264,0,0,0,0,0.05780262000007497,0,0,0.5,False,9397f4f97720ee715c2d8c280a316e97d88baa87e2b6a55a47f753d2ce9c1703,False,False,False,False,False
llama1b,3072,12,77,balanced,burst,study05_a1_s77_llama1b_kv3072_cap12-00_balanced_burst_adaptive_resume,adaptive_resume,1,512,128,0.0833091600015905,2.056104616000084,0.1100651309989189,0,0,0,0,0.10931931800041639,0,0,0.5,False,b27bc13cf8d60e65c63ebad6f86270936fe0f40ce6482fa466f1c4185321d0ea,False,False,False,False,False
llama1b,3072,12,77,balanced,burst,study05_a1_s77_llama1b_kv3072_cap12-00_balanced_burst_adaptive_resume,adaptive_resume,0,256,256,0.040415251000013086,3.975561437999204,0.11247535400070774,0,0,0,0,0.11219252100090671,0,0,0.5,False,0a1b94b501ef8cfb8e4e1c6fb3b68cfd11d2cb4d24184ce7130f5cba0d1ad422,False,False,False,False,False
llama1b,3072,12,77,balanced,burst,study05_a1_s77_llama1b_kv3072_cap12-00_balanced_burst_adaptive_resume,adaptive_resume,2,1024,512,0.1586549580006249,7.523009934000584,0.11245407200112822,0,0,0,0,0.1122060159996181,0,0,0.5,False,5dd5903d66b0fc3e836ddc82a1a2ff989ed28091968f3b056246c006c012648f,False,False,False,False,False
llama1b,3072,12,77,balanced,burst,study05_a1_s77_llama1b_kv3072_cap12-00_balanced_burst_adaptive_resume,adaptive_resume,3,1024,512,0.23421369799871172,8.690345220999006,1.1756619220013818,1,1072,1072,0,1.175985006000701,1.046728579000046,1.1756619220013818,0.5,True,5dd5903d66b0fc3e836ddc82a1a2ff989ed28091968f3b056246c006c012648f,True,True,True,False,False
llama1b,3072,12,77,balanced,burst,study05_a1_s77_llama1b_kv3072_cap12-00_balanced_burst_adaptive_resume,adaptive_resume,7,128,64,7.4233530900000915,8.575009908001448,0.2730991610005731,1,189,189,0,0.2726182530004735,0,0,0.5,False,35a387bd665a60a3ad812ad653d438950adc76575144ff7f6bb8a75ac1dad37e,True,False,False,False,False
llama1b,3072,12,77,balanced,burst,study05_a1_s77_llama1b_kv3072_cap12-00_balanced_burst_adaptive_resume,adaptive_resume,6,512,128,7.473244193000937,9.290588059000584,0.04962898099984159,0,0,0,0,0.04904046999945422,0,0,0.5,False,b27bc13cf8d60e65c63ebad6f86270936fe0f40ce6482fa466f1c4185321d0ea,False,False,False,False,False
llama1b,3072,12,77,balanced,burst,study05_a1_s77_llama1b_kv3072_cap12-00_balanced_burst_adaptive_resume,adaptive_resume,4,512,128,7.573065737999059,9.390641064999727,0.049847782000142615,0,0,0,0,0.04902488399966387,0,0,0.5,False,b27bc13cf8d60e65c63ebad6f86270936fe0f40ce6482fa466f1c4185321d0ea,False,False,False,False,False
llama1b,3072,12,77,balanced,burst,study05_a1_s77_llama1b_kv3072_cap12-00_balanced_burst_adaptive_resume,adaptive_resume,8,256,64,8.506015226999807,9.520090694999453,0.14738720800050942,0,0,0,0,0.14615679499911494,0,0,0.5,False,2147cb95e9e3c0e31e798ff3104db21bbcf50fc2b5489b269bceba058c7ce536,False,False,False,False,False
llama1b,3072,12,77,balanced,burst,study05_a1_s77_llama1b_kv3072_cap12-00_balanced_burst_adaptive_resume,adaptive_resume,10,256,64,9.2519796889992,10.135383353999714,0.01854904600077134,0,0,0,0,0.018313403999854927,0,0,0.5,False,2147cb95e9e3c0e31e798ff3104db21bbcf50fc2b5489b269bceba058c7ce536,False,False,False,False,False
llama1b,3072,12,77,balanced,burst,study05_a1_s77_llama1b_kv3072_cap12-00_balanced_burst_adaptive_resume,adaptive_resume,9,1024,256,9.302103783000348,12.861653386000398,0.018418439000015496,0,0,0,0,0.018312629001229652,0,0,0.5,False,ba42046bf337c8816baf0e99082fe59be82c5861173dd16c8f6699fe75370e61,False,False,False,False,False
llama1b,3072,12,77,balanced,burst,study05_a1_s77_llama1b_kv3072_cap12-00_balanced_burst_adaptive_resume,adaptive_resume,11,128,256,9.20234972199978,12.761806046999482,0.018243203998281388,0,0,0,0,0.01831379699979152,0,0,0.5,False,b72590f97ced50e685891449e70110503671d435507ae8afb945e50ee279fa03,False,False,False,False,False
llama1b,3072,12,77,balanced,burst,study05_a1_s77_llama1b_kv3072_cap12-00_balanced_burst_adaptive_resume,adaptive_resume,5,128,512,7.523444238999218,14.76765092200003,0.14724864500021795,0,0,0,0,0.1461494360009965,0,0,0.5,False,c2faf8e6eb235a22a3ddd76bb74ab50407488f3d81509edf3919ebbfa3cd09b9,False,False,False,False,False
llama1b,3072,12,77,balanced,stagger,study05_a1_s77_llama1b_kv3072_cap12-01_balanced_stagger_guard128,guard128,1,512,128,0.08491888599928643,1.9443709570005012,0.1081371569998737,0,0,0,0,0.10776752799938549,0,0,0.5,False,b27bc13cf8d60e65c63ebad6f86270936fe0f40ce6482fa466f1c4185321d0ea,False,False,False,False,False
llama1b,3072,12,77,balanced,stagger,study05_a1_s77_llama1b_kv3072_cap12-01_balanced_stagger_guard128,guard128,0,256,256,0.04516292900007102,3.870055331999538,0.11218164899946714,0,0,0,0,0.11157915399962803,0,0,0.5,False,0a1b94b501ef8cfb8e4e1c6fb3b68cfd11d2cb4d24184ce7130f5cba0d1ad422,False,False,False,False,False
llama1b,3072,12,77,balanced,stagger,study05_a1_s77_llama1b_kv3072_cap12-01_balanced_stagger_guard128,guard128,2,1024,512,0.1314574320003885,7.417121512000449,0.11229658000047493,0,0,0,0,0.11158498199984024,0,0,0.5,False,5dd5903d66b0fc3e836ddc82a1a2ff989ed28091968f3b056246c006c012648f,False,False,False,False,False
llama1b,3072,12,77,balanced,stagger,study05_a1_s77_llama1b_kv3072_cap12-01_balanced_stagger_guard128,guard128,3,1024,512,1.5166007250008988,8.760138383000594,0.0698599520001153,0,0,0,0,0.06983336300072551,0,0,0.5,False,5dd5903d66b0fc3e836ddc82a1a2ff989ed28091968f3b056246c006c012648f,False,False,False,False,False
llama1b,3072,12,77,balanced,stagger,study05_a1_s77_llama1b_kv3072_cap12-01_balanced_stagger_guard128,guard128,4,512,128,5.883079833000011,7.736445057998935,0.09480490299938538,0,0,0,0,0.09471446899988223,0,0,0.5,False,b27bc13cf8d60e65c63ebad6f86270936fe0f40ce6482fa466f1c4185321d0ea,False,False,False,False,False
llama1b,3072,12,77,balanced,stagger,study05_a1_s77_llama1b_kv3072_cap12-01_balanced_stagger_guard128,guard128,7,128,64,6.093744338000761,7.0669824550004705,0.10647561899895663,0,0,0,0,0.10504757699891343,0,0,0.5,False,35a387bd665a60a3ad812ad653d438950adc76575144ff7f6bb8a75ac1dad37e,False,False,False,False,False
llama1b,3072,12,77,balanced,stagger,study05_a1_s77_llama1b_kv3072_cap12-01_balanced_stagger_guard128,guard128,8,256,64,5.963694948999546,6.936883800999567,0.10631429400018533,0,0,0,0,0.10503993600104877,0,0,0.5,False,2147cb95e9e3c0e31e798ff3104db21bbcf50fc2b5489b269bceba058c7ce536,False,False,False,False,False
llama1b,3072,12,77,balanced,stagger,study05_a1_s77_llama1b_kv3072_cap12-01_balanced_stagger_guard128,guard128,6,512,128,6.34599967000031,8.253922027999579,0.1063834680007858,0,0,0,0,0.10504656500052079,0,0,0.5,False,b27bc13cf8d60e65c63ebad6f86270936fe0f40ce6482fa466f1c4185321d0ea,False,False,False,False,False
llama1b,3072,12,77,balanced,stagger,study05_a1_s77_llama1b_kv3072_cap12-01_balanced_stagger_guard128,guard128,10,256,64,5.904625322998982,6.79334440599996,0.01680826300071203,0,0,0,0,0.016809021999506513,0,0,0.5,False,2147cb95e9e3c0e31e798ff3104db21bbcf50fc2b5489b269bceba058c7ce536,False,False,False,False,False
llama1b,3072,12,77,balanced,stagger,study05_a1_s77_llama1b_kv3072_cap12-01_balanced_stagger_guard128,guard128,9,1024,256,6.171076392000032,9.769416432000071,0.043797688000267954,0,0,0,0,0.04372381699977268,0,0,0.5,False,ba42046bf337c8816baf0e99082fe59be82c5861173dd16c8f6699fe75370e61,False,False,False,False,False
llama1b,3072,12,77,balanced,stagger,study05_a1_s77_llama1b_kv3072_cap12-01_balanced_stagger_guard128,guard128,11,128,256,5.307861871999194,8.865624971000216,0.02091592199940351,0,0,0,0,0.021683999000742915,0,0,0.5,False,b72590f97ced50e685891449e70110503671d435507ae8afb945e50ee279fa03,False,False,False,False,False
llama1b,3072,12,77,balanced,stagger,study05_a1_s77_llama1b_kv3072_cap12-01_balanced_stagger_guard128,guard128,5,128,512,5.107848330999332,12.403295961999902,0.10683011599940073,0,0,0,0,0.10503958099980082,0,0,0.5,False,c2faf8e6eb235a22a3ddd76bb74ab50407488f3d81509edf3919ebbfa3cd09b9,False,False,False,False,False
llama1b,3072,12,77,balanced,stagger,study05_a1_s77_llama1b_kv3072_cap12-02_balanced_stagger_adaptive_resume,adaptive_resume,1,512,128,0.0905590590009524,2.050596191000295,0.11341647600056604,0,0,0,0,0.11283581199859327,0,0,0.5,False,b27bc13cf8d60e65c63ebad6f86270936fe0f40ce6482fa466f1c4185321d0ea,False,False,False,False,False
llama1b,3072,12,77,balanced,stagger,study05_a1_s77_llama1b_kv3072_cap12-02_balanced_stagger_adaptive_resume,adaptive_resume,0,256,256,0.0391310169998178,3.9253206199991837,0.11326578999978665,0,0,0,0,0.11282643900085532,0,0,0.5,False,0a1b94b501ef8cfb8e4e1c6fb3b68cfd11d2cb4d24184ce7130f5cba0d1ad422,False,False,False,False,False
llama1b,3072,12,77,balanced,stagger,study05_a1_s77_llama1b_kv3072_cap12-02_balanced_stagger_adaptive_resume,adaptive_resume,2,1024,512,0.13569821900091483,7.486786055000266,0.1132157179999922,0,0,0,0,0.11283712799922796,0,0,0.5,False,5dd5903d66b0fc3e836ddc82a1a2ff989ed28091968f3b056246c006c012648f,False,False,False,False,False
llama1b,3072,12,77,balanced,stagger,study05_a1_s77_llama1b_kv3072_cap12-02_balanced_stagger_adaptive_resume,adaptive_resume,3,1024,512,0.14009885499945085,8.453900986000008,1.0213088009986677,1,1056,1056,0,1.0216184169985354,0.8995590139984415,1.0213088009986677,0.5,True,5dd5903d66b0fc3e836ddc82a1a2ff989ed28091968f3b056246c006c012648f,True,True,True,False,False
llama1b,3072,12,77,balanced,stagger,study05_a1_s77_llama1b_kv3072_cap12-02_balanced_stagger_adaptive_resume,adaptive_resume,7,128,64,4.723848540999825,5.8757631789994775,0.2736202480009524,1,180,180,0,0.27317467700049747,0,0,0.5,False,35a387bd665a60a3ad812ad653d438950adc76575144ff7f6bb8a75ac1dad37e,True,False,False,False,False
llama1b,3072,12,77,balanced,stagger,study05_a1_s77_llama1b_kv3072_cap12-02_balanced_stagger_adaptive_resume,adaptive_resume,6,512,128,4.975973744998555,6.794280882999374,0.04680572399956873,0,0,0,0,0.046473578999211895,0,0,0.5,False,b27bc13cf8d60e65c63ebad6f86270936fe0f40ce6482fa466f1c4185321d0ea,False,False,False,False,False
llama1b,3072,12,77,balanced,stagger,study05_a1_s77_llama1b_kv3072_cap12-02_balanced_stagger_adaptive_resume,adaptive_resume,4,512,128,6.019335322998813,7.837664214999677,0.04679851000037161,0,0,0,0,0.0464670159999514,0,0,0.5,False,b27bc13cf8d60e65c63ebad6f86270936fe0f40ce6482fa466f1c4185321d0ea,False,False,False,False,False
llama1b,3072,12,77,balanced,stagger,study05_a1_s77_llama1b_kv3072_cap12-02_balanced_stagger_adaptive_resume,adaptive_resume,8,256,64,5.6073057310004515,6.617721348000487,0.1500371250003809,0,0,0,0,0.14916528399953677,0,0,0.5,False,2147cb95e9e3c0e31e798ff3104db21bbcf50fc2b5489b269bceba058c7ce536,False,False,False,False,False
llama1b,3072,12,77,balanced,stagger,study05_a1_s77_llama1b_kv3072_cap12-02_balanced_stagger_adaptive_resume,adaptive_resume,10,256,64,5.484440894999352,6.358757656000307,0.017429768999136286,0,0,0,0,0.017227585000000545,0,0,0.5,False,2147cb95e9e3c0e31e798ff3104db21bbcf50fc2b5489b269bceba058c7ce536,False,False,False,False,False
llama1b,3072,12,77,balanced,stagger,study05_a1_s77_llama1b_kv3072_cap12-02_balanced_stagger_adaptive_resume,adaptive_resume,9,1024,256,6.314821470999959,9.864766923999923,0.019314799001222127,0,0,0,0,0.018909714999608696,0,0,0.5,False,ba42046bf337c8816baf0e99082fe59be82c5861173dd16c8f6699fe75370e61,False,False,False,False,False
llama1b,3072,12,77,balanced,stagger,study05_a1_s77_llama1b_kv3072_cap12-02_balanced_stagger_adaptive_resume,adaptive_resume,11,128,256,4.887720499998977,8.438166710999212,0.019329364999066456,0,0,0,0,0.01891042299939727,0,0,0.5,False,b72590f97ced50e685891449e70110503671d435507ae8afb945e50ee279fa03,False,False,False,False,False
llama1b,3072,12,77,balanced,stagger,study05_a1_s77_llama1b_kv3072_cap12-02_balanced_stagger_adaptive_resume,adaptive_resume,5,128,512,5.24374987200099,12.484821465001005,0.1499196339991613,0,0,0,0,0.14916266799991718,0,0,0.5,False,c2faf8e6eb235a22a3ddd76bb74ab50407488f3d81509edf3919ebbfa3cd09b9,False,False,False,False,False
llama1b,3072,12,77,balanced,stagger,study05_a1_s77_llama1b_kv3072_cap12-03_balanced_stagger_baseline,baseline,1,512,128,0.09146823300034157,2.052083512000536,0.11397996900086582,0,0,0,0,0.11292034500002046,0,0,0.5,False,b27bc13cf8d60e65c63ebad6f86270936fe0f40ce6482fa466f1c4185321d0ea,False,False,False,False,False
llama1b,3072,12,77,balanced,stagger,study05_a1_s77_llama1b_kv3072_cap12-03_balanced_stagger_baseline,baseline,0,256,256,0.042821032999199815,3.956881017998967,0.1168893139983993,0,0,0,0,0.11662535499999649,0,0,0.5,False,0a1b94b501ef8cfb8e4e1c6fb3b68cfd11d2cb4d24184ce7130f5cba0d1ad422,False,False,False,False,False
llama1b,3072,12,77,balanced,stagger,study05_a1_s77_llama1b_kv3072_cap12-03_balanced_stagger_baseline,baseline,2,1024,512,0.13764913299928594,7.5726023799998075,0.11680157699993288,0,0,0,0,0.11663341299936292,0,0,0.5,False,5dd5903d66b0fc3e836ddc82a1a2ff989ed28091968f3b056246c006c012648f,False,False,False,False,False
llama1b,3072,12,77,balanced,stagger,study05_a1_s77_llama1b_kv3072_cap12-03_balanced_stagger_baseline,baseline,3,1024,512,0.14269812400016235,8.530247840000811,1.030403323999053,1,1056,1056,0,1.0305976220006414,0.8978727989997424,1.030403323999053,0.5,True,5dd5903d66b0fc3e836ddc82a1a2ff989ed28091968f3b056246c006c012648f,True,True,True,False,False
llama1b,3072,12,77,balanced,stagger,study05_a1_s77_llama1b_kv3072_cap12-03_balanced_stagger_baseline,baseline,4,512,128,1.760626178000166,7.389350583998748,3.718688684000881,1,556,556,0,3.7181790419999743,3.567960733000291,3.718688684000881,0.5,True,b27bc13cf8d60e65c63ebad6f86270936fe0f40ce6482fa466f1c4185321d0ea,True,True,True,True,False
llama1b,3072,12,77,balanced,stagger,study05_a1_s77_llama1b_kv3072_cap12-03_balanced_stagger_baseline,baseline,7,128,64,4.808035816999109,6.111782419000519,0.433140271999946,1,176,176,0,0.43233590300042124,0,0,0.5,False,35a387bd665a60a3ad812ad653d438950adc76575144ff7f6bb8a75ac1dad37e,True,False,False,False,False
llama1b,3072,12,77,balanced,stagger,study05_a1_s77_llama1b_kv3072_cap12-03_balanced_stagger_baseline,baseline,6,512,128,5.05998928200097,7.016238946000158,0.14767103200028942,0,0,0,0,0.14663265799936198,0,0,0.5,False,b27bc13cf8d60e65c63ebad6f86270936fe0f40ce6482fa466f1c4185321d0ea,False,False,False,False,False
llama1b,3072,12,77,balanced,stagger,study05_a1_s77_llama1b_kv3072_cap12-03_balanced_stagger_baseline,baseline,8,256,64,5.783510915000079,6.703289291999681,0.0458848329999455,0,0,0,0,0.04547825999907218,0,0,0.5,False,2147cb95e9e3c0e31e798ff3104db21bbcf50fc2b5489b269bceba058c7ce536,False,False,False,False,False
llama1b,3072,12,77,balanced,stagger,study05_a1_s77_llama1b_kv3072_cap12-03_balanced_stagger_baseline,baseline,10,256,64,4.935065671999837,5.820505006999156,0.020385228999657556,0,0,0,0,0.02018661700094526,0,0,0.5,False,2147cb95e9e3c0e31e798ff3104db21bbcf50fc2b5489b269bceba058c7ce536,False,False,False,False,False
llama1b,3072,12,77,balanced,stagger,study05_a1_s77_llama1b_kv3072_cap12-03_balanced_stagger_baseline,baseline,9,1024,256,5.521669333000318,9.12868605499898,0.04609524800071085,0,0,0,0,0.04547831899981247,0,0,0.5,False,ba42046bf337c8816baf0e99082fe59be82c5861173dd16c8f6699fe75370e61,False,False,False,False,False
llama1b,3072,12,77,balanced,stagger,study05_a1_s77_llama1b_kv3072_cap12-03_balanced_stagger_baseline,baseline,11,128,256,4.338080045999959,7.909926395999719,0.020926188000885304,0,0,0,0,0.02018775100077619,0,0,0.5,False,b72590f97ced50e685891449e70110503671d435507ae8afb945e50ee279fa03,False,False,False,False,False
llama1b,3072,12,77,balanced,stagger,study05_a1_s77_llama1b_kv3072_cap12-03_balanced_stagger_baseline,baseline,5,128,512,0.9853239840012975,12.579452260000835,4.342681726999217,1,128,128,0,4.342797684999823,4.191892495999127,4.342681726999217,0.5,True,c2faf8e6eb235a22a3ddd76bb74ab50407488f3d81509edf3919ebbfa3cd09b9,True,True,True,True,False
llama1b,3072,12,77,balanced,burst,study05_a1_s77_llama1b_kv3072_cap12-04_balanced_burst_baseline,baseline,1,512,128,0.0824546450003254,2.068476317001114,0.11270977399908588,0,0,0,0,0.11217941100039752,0,0,0.5,False,b27bc13cf8d60e65c63ebad6f86270936fe0f40ce6482fa466f1c4185321d0ea,False,False,False,False,False
llama1b,3072,12,77,balanced,burst,study05_a1_s77_llama1b_kv3072_cap12-04_balanced_burst_baseline,baseline,0,256,256,0.041033625000636675,3.9779719990001468,0.11377167600039684,0,0,0,0,0.11363400399932289,0,0,0.5,False,0a1b94b501ef8cfb8e4e1c6fb3b68cfd11d2cb4d24184ce7130f5cba0d1ad422,False,False,False,False,False
llama1b,3072,12,77,balanced,burst,study05_a1_s77_llama1b_kv3072_cap12-04_balanced_burst_baseline,baseline,2,1024,512,0.16033420699932321,7.596926933998475,0.11369931599983829,0,0,0,0,0.11363994000021194,0,0,0.5,False,5dd5903d66b0fc3e836ddc82a1a2ff989ed28091968f3b056246c006c012648f,False,False,False,False,False
llama1b,3072,12,77,balanced,burst,study05_a1_s77_llama1b_kv3072_cap12-04_balanced_burst_baseline,baseline,3,1024,512,0.23524722800175368,8.799821988000986,1.1843393719991582,1,1072,1072,0,1.1841516670010606,1.0575028059993201,1.1843393719991582,0.5,True,5dd5903d66b0fc3e836ddc82a1a2ff989ed28091968f3b056246c006c012648f,True,True,True,False,False
llama1b,3072,12,77,balanced,burst,study05_a1_s77_llama1b_kv3072_cap12-04_balanced_burst_baseline,baseline,7,128,64,7.527237836000495,8.967319323000993,0.5618784350008355,1,176,176,0,0.5608987640007399,0,0,0.5,True,35a387bd665a60a3ad812ad653d438950adc76575144ff7f6bb8a75ac1dad37e,True,True,False,False,False
llama1b,3072,12,77,balanced,burst,study05_a1_s77_llama1b_kv3072_cap12-04_balanced_burst_baseline,baseline,4,512,128,3.8574230359990906,9.365498879998995,3.5633499920004397,1,530,530,0,3.562436849999358,3.3825051870007883,3.5633499920004397,0.5,True,b27bc13cf8d60e65c63ebad6f86270936fe0f40ce6482fa466f1c4185321d0ea,True,True,True,True,False
llama1b,3072,12,77,balanced,burst,study05_a1_s77_llama1b_kv3072_cap12-04_balanced_burst_baseline,baseline,6,512,128,7.577112978000514,9.571416085000237,0.1532121050004207,0,0,0,0,0.15210338900033094,0,0,0.5,False,b27bc13cf8d60e65c63ebad6f86270936fe0f40ce6482fa466f1c4185321d0ea,False,False,False,False,False
llama1b,3072,12,77,balanced,burst,study05_a1_s77_llama1b_kv3072_cap12-04_balanced_burst_baseline,baseline,8,256,64,7.477215943999909,9.652154108000104,1.2403956039997865,1,256,256,0,1.2404317630007426,1.0718924259999767,1.2403956039997865,0.5,True,2147cb95e9e3c0e31e798ff3104db21bbcf50fc2b5489b269bceba058c7ce536,True,True,True,False,False
llama1b,3072,12,77,balanced,burst,study05_a1_s77_llama1b_kv3072_cap12-04_balanced_burst_baseline,baseline,10,256,64,8.868669716001023,10.00314545600122,0.2610074659987731,1,256,256,0,0.2610209060003399,0,0,0.5,False,2147cb95e9e3c0e31e798ff3104db21bbcf50fc2b5489b269bceba058c7ce536,True,False,False,False,False
llama1b,3072,12,77,balanced,burst,study05_a1_s77_llama1b_kv3072_cap12-04_balanced_burst_baseline,baseline,9,1024,256,8.667589418000716,12.323417375000645,0.04788846699921123,0,0,0,0,0.047566019999067066,0,0,0.5,False,ba42046bf337c8816baf0e99082fe59be82c5861173dd16c8f6699fe75370e61,False,False,False,False,False
llama1b,3072,12,77,balanced,burst,study05_a1_s77_llama1b_kv3072_cap12-04_balanced_burst_baseline,baseline,11,128,256,9.079622139001003,12.682945381000536,0.020343255000625504,0,0,0,0,0.02037546000065049,0,0,0.5,False,b72590f97ced50e685891449e70110503671d435507ae8afb945e50ee279fa03,False,False,False,False,False
llama1b,3072,12,77,balanced,burst,study05_a1_s77_llama1b_kv3072_cap12-04_balanced_burst_baseline,baseline,5,128,512,7.627002672999879,15.034890938000899,0.15280944799997087,0,0,0,0,0.1521027810013038,0,0,0.5,False,c2faf8e6eb235a22a3ddd76bb74ab50407488f3d81509edf3919ebbfa3cd09b9,False,False,False,False,False
llama1b,3072,12,77,generation,stagger,study05_a1_s77_llama1b_kv3072_cap12-05_generation_stagger_adaptive_resume,adaptive_resume,0,512,64,0.0671944080004323,0.9250152109998453,0.018107096999301575,0,0,0,0,0.01808675900065282,0,0,0.5,False,7bc3f35a21678b9442a9428d42b64926474b14f235d6b8ada18a501c6d8067d7,False,False,False,False,False
llama1b,3072,12,77,generation,stagger,study05_a1_s77_llama1b_kv3072_cap12-05_generation_stagger_adaptive_resume,adaptive_resume,1,256,64,0.039184789999126224,0.8955057789989951,0.019016868998733116,0,0,0,0,0.018923059000371723,0,0,0.5,False,2147cb95e9e3c0e31e798ff3104db21bbcf50fc2b5489b269bceba058c7ce536,False,False,False,False,False
llama1b,3072,12,77,generation,stagger,study05_a1_s77_llama1b_kv3072_cap12-05_generation_stagger_adaptive_resume,adaptive_resume,4,256,256,0.06097202100136201,3.8774412570001004,0.06452327899933152,0,0,0,0,0.06449849399905361,0,0,0.5,False,0a1b94b501ef8cfb8e4e1c6fb3b68cfd11d2cb4d24184ce7130f5cba0d1ad422,False,False,False,False,False
llama1b,3072,12,77,generation,stagger,study05_a1_s77_llama1b_kv3072_cap12-05_generation_stagger_adaptive_resume,adaptive_resume,2,256,768,0.0445828519987117,11.52152975899844,0.08143681900037336,0,0,0,0,0.08142137600043498,0,0,0.5,False,ff2c625d728a9a95e9e96a47a6f55459f435d876cddb130d6cef7559e5698664,False,False,False,False,False
llama1b,3072,12,77,generation,stagger,study05_a1_s77_llama1b_kv3072_cap12-05_generation_stagger_adaptive_resume,adaptive_resume,3,512,768,0.08080430100017111,11.63327500700143,0.14517205799893418,0,0,0,0,0.14486352700077987,0,0,0.5,False,5817b4dcffa7efb08ba38ddb4f9539dd96ab162946ef6ae2bd78d83a83799a46,False,False,False,False,False
llama1b,3072,12,77,generation,stagger,study05_a1_s77_llama1b_kv3072_cap12-05_generation_stagger_adaptive_resume,adaptive_resume,7,512,256,0.09165117600059602,11.254691166999692,6.617158244000166,2,1407,1407,0,6.617073755000092,6.462190004998774,6.617158244000166,0.5,True,c54e21bfabaac286f2960213cbbcbb0b16f7c55c5b3540f0cef69a8cadd19db2,True,True,True,True,True
llama1b,3072,12,77,generation,stagger,study05_a1_s77_llama1b_kv3072_cap12-05_generation_stagger_adaptive_resume,adaptive_resume,5,128,768,0.043410336000306415,12.075232358998619,0.5047932689994923,1,813,813,0,0.5045728950008197,0,0,0.5,True,9397f4f97720ee715c2d8c280a316e97d88baa87e2b6a55a47f753d2ce9c1703,True,True,False,False,False
llama1b,3072,12,77,generation,stagger,study05_a1_s77_llama1b_kv3072_cap12-05_generation_stagger_adaptive_resume,adaptive_resume,11,256,64,9.537820949999514,10.461263459999827,0.01922288999958255,0,0,0,0,0.019373543000256177,0,0,0.5,False,2147cb95e9e3c0e31e798ff3104db21bbcf50fc2b5489b269bceba058c7ce536,False,False,False,False,False
llama1b,3072,12,77,generation,stagger,study05_a1_s77_llama1b_kv3072_cap12-05_generation_stagger_adaptive_resume,adaptive_resume,10,128,64,10.003061804998651,10.926357483000174,0.019305533000078867,0,0,0,0,0.019382229000257212,0,0,0.5,False,35a387bd665a60a3ad812ad653d438950adc76575144ff7f6bb8a75ac1dad37e,False,False,False,False,False
llama1b,3072,12,77,generation,stagger,study05_a1_s77_llama1b_kv3072_cap12-05_generation_stagger_adaptive_resume,adaptive_resume,8,512,256,0.08780571799979953,13.43380765999973,9.596981214999687,1,553,553,0,9.5970619790005,9.441956115999346,9.596981214999687,0.5,True,c54e21bfabaac286f2960213cbbcbb0b16f7c55c5b3540f0cef69a8cadd19db2,True,True,True,True,True
llama1b,3072,12,77,generation,stagger,study05_a1_s77_llama1b_kv3072_cap12-05_generation_stagger_adaptive_resume,adaptive_resume,6,128,768,0.042840409001655644,15.003098360000877,3.4350344949998544,1,590,590,0,3.434852257001694,3.270632392001062,3.4350344949998544,0.5,True,9397f4f97720ee715c2d8c280a316e97d88baa87e2b6a55a47f753d2ce9c1703,True,True,True,True,False
llama1b,3072,12,77,generation,stagger,study05_a1_s77_llama1b_kv3072_cap12-05_generation_stagger_adaptive_resume,adaptive_resume,9,128,256,10.095807321000393,13.760049720000097,0.020966034000593936,0,0,0,0,0.021095552001497708,0,0,0.5,False,b72590f97ced50e685891449e70110503671d435507ae8afb945e50ee279fa03,False,False,False,False,False
llama1b,3072,12,77,balanced,burst,study05_a1_s77_llama1b_kv3072_cap12-06_balanced_burst_slai_port,slai_port,4,512,128,0.14678671199908422,2.0499529690005147,0.08149485500143783,0,0,0,0,0.08159059700119542,0,0,0.5,False,b27bc13cf8d60e65c63ebad6f86270936fe0f40ce6482fa466f1c4185321d0ea,False,False,False,False,False
llama1b,3072,12,77,balanced,burst,study05_a1_s77_llama1b_kv3072_cap12-06_balanced_burst_slai_port,slai_port,6,512,128,0.12648396199983836,2.2259901050001645,0.3281814040001336,1,624,624,0,0.328006464000282,0,0,0.5,False,b27bc13cf8d60e65c63ebad6f86270936fe0f40ce6482fa466f1c4185321d0ea,True,False,False,False,False
llama1b,3072,12,77,balanced,burst,study05_a1_s77_llama1b_kv3072_cap12-06_balanced_burst_slai_port,slai_port,8,256,64,2.323314310000569,3.236361470000702,0.02152331399884133,0,0,0,0,0.02145355300126539,0,0,0.5,False,2147cb95e9e3c0e31e798ff3104db21bbcf50fc2b5489b269bceba058c7ce536,False,False,False,False,False
llama1b,3072,12,77,balanced,burst,study05_a1_s77_llama1b_kv3072_cap12-06_balanced_burst_slai_port,slai_port,7,128,64,2.373419705001652,3.286460249000811,0.021231283999441075,0,0,0,0,0.021384796000347706,0,0,0.5,False,35a387bd665a60a3ad812ad653d438950adc76575144ff7f6bb8a75ac1dad37e,False,False,False,False,False
llama1b,3072,12,77,balanced,burst,study05_a1_s77_llama1b_kv3072_cap12-06_balanced_burst_slai_port,slai_port,1,512,128,0.08090564799931599,3.8530552789998183,1.5130151429984835,1,528,528,0,1.5129581569999573,1.4305300439991697,1.5130151429984835,0.5,True,b27bc13cf8d60e65c63ebad6f86270936fe0f40ce6482fa466f1c4185321d0ea,True,True,True,False,False
llama1b,3072,12,77,balanced,burst,study05_a1_s77_llama1b_kv3072_cap12-06_balanced_burst_slai_port,slai_port,0,256,256,0.040151888999389485,4.274240687000201,0.18204391799918085,0,0,0,0,0.1812119480000547,0,0,0.5,False,0a1b94b501ef8cfb8e4e1c6fb3b68cfd11d2cb4d24184ce7130f5cba0d1ad422,False,False,False,False,False
llama1b,3072,12,77,balanced,burst,study05_a1_s77_llama1b_kv3072_cap12-06_balanced_burst_slai_port,slai_port,10,256,64,3.454502821999995,4.391460607999761,0.020760333001817344,0,0,0,0,0.020517988999927184,0,0,0.5,False,2147cb95e9e3c0e31e798ff3104db21bbcf50fc2b5489b269bceba058c7ce536,False,False,False,False,False
llama1b,3072,12,77,balanced,burst,study05_a1_s77_llama1b_kv3072_cap12-06_balanced_burst_slai_port,slai_port,11,128,256,2.17367688000013,6.073076180000498,0.11577748699892254,0,0,0,0,0.1149260799993499,0,0,0.5,False,b72590f97ced50e685891449e70110503671d435507ae8afb945e50ee279fa03,False,False,False,False,False
llama1b,3072,12,77,balanced,burst,study05_a1_s77_llama1b_kv3072_cap12-06_balanced_burst_slai_port,slai_port,2,1024,512,0.15877521100082959,8.122260690000985,0.20902668700000504,1,1168,1168,0,0.20858216599845036,0,0,0.5,False,5dd5903d66b0fc3e836ddc82a1a2ff989ed28091968f3b056246c006c012648f,False,False,False,False,False
llama1b,3072,12,77,balanced,burst,study05_a1_s77_llama1b_kv3072_cap12-06_balanced_burst_slai_port,slai_port,5,128,512,0.09696630899998127,11.219308960999115,1.4632112229992345,3,1088,1088,0,1.4630635970006551,2.499168827000176,2.733862241000679,0.5,True,c2faf8e6eb235a22a3ddd76bb74ab50407488f3d81509edf3919ebbfa3cd09b9,True,True,True,False,False
llama1b,3072,12,77,balanced,burst,study05_a1_s77_llama1b_kv3072_cap12-06_balanced_burst_slai_port,slai_port,9,1024,256,7.941811374999816,11.614807746000224,0.14075184300054389,0,0,0,0,0.14061261099959665,0,0,0.5,False,ba42046bf337c8816baf0e99082fe59be82c5861173dd16c8f6699fe75370e61,False,False,False,False,False
llama1b,3072,12,77,balanced,burst,study05_a1_s77_llama1b_kv3072_cap12-06_balanced_burst_slai_port,slai_port,3,1024,512,4.87152389000039,13.89968921199943,1.6315046529998654,1,1360,1360,0,1.6317897089993494,1.4735773789998348,1.6315046529998654,0.5,True,5dd5903d66b0fc3e836ddc82a1a2ff989ed28091968f3b056246c006c012648f,True,True,True,False,False
llama1b,3072,12,77,generation,stagger,study05_a1_s77_llama1b_kv3072_cap12-07_generation_stagger_guard256,guard256,0,512,64,0.05752530899917474,0.899820094999086,0.0175974439989659,0,0,0,0,0.017490121999799157,0,0,0.5,False,7bc3f35a21678b9442a9428d42b64926474b14f235d6b8ada18a501c6d8067d7,False,False,False,False,False
llama1b,3072,12,77,generation,stagger,study05_a1_s77_llama1b_kv3072_cap12-07_generation_stagger_guard256,guard256,1,256,64,0.0405628139997134,0.8705009229997813,0.017023401000187732,0,0,0,0,0.016801880999992136,0,0,0.5,False,2147cb95e9e3c0e31e798ff3104db21bbcf50fc2b5489b269bceba058c7ce536,False,False,False,False,False
llama1b,3072,12,77,generation,stagger,study05_a1_s77_llama1b_kv3072_cap12-07_generation_stagger_guard256,guard256,4,256,256,0.056905949999418226,3.621393953999359,0.021364140000514453,0,0,0,0,0.021403284999905736,0,0,0.5,False,0a1b94b501ef8cfb8e4e1c6fb3b68cfd11d2cb4d24184ce7130f5cba0d1ad422,False,False,False,False,False
llama1b,3072,12,77,generation,stagger,study05_a1_s77_llama1b_kv3072_cap12-07_generation_stagger_guard256,guard256,2,256,768,0.047176596001008875,12.869131452000147,0.3831906160012295,4,3672,3672,0,0.3829660299998068,0,0,0.5,False,ff2c625d728a9a95e9e96a47a6f55459f435d876cddb130d6cef7559e5698664,True,False,False,False,False
llama1b,3072,12,77,generation,stagger,study05_a1_s77_llama1b_kv3072_cap12-07_generation_stagger_guard256,guard256,3,512,768,0.08368753899958392,13.344876944000134,0.4025376409990713,5,5743,5743,0,0.4030396309990465,0,0,0.5,False,5817b4dcffa7efb08ba38ddb4f9539dd96ab162946ef6ae2bd78d83a83799a46,True,False,False,False,False
llama1b,3072,12,77,generation,stagger,study05_a1_s77_llama1b_kv3072_cap12-07_generation_stagger_guard256,guard256,5,128,768,0.047496679000687436,13.369086991999211,0.3680795569998736,5,3563,3563,0,0.36799364400030754,0,0,0.5,False,9397f4f97720ee715c2d8c280a316e97d88baa87e2b6a55a47f753d2ce9c1703,True,False,False,False,False
llama1b,3072,12,77,generation,stagger,study05_a1_s77_llama1b_kv3072_cap12-07_generation_stagger_guard256,guard256,6,128,768,0.042104652000489295,13.347130956999536,0.3462450749993877,5,3366,3366,0,0.34590232699883927,0,0,0.5,False,9397f4f97720ee715c2d8c280a316e97d88baa87e2b6a55a47f753d2ce9c1703,True,False,False,False,False
llama1b,3072,12,77,generation,stagger,study05_a1_s77_llama1b_kv3072_cap12-07_generation_stagger_guard256,guard256,10,128,64,11.616254065000248,12.493373658000564,0.016642145999867353,0,0,0,0,0.016678670999681344,0,0,0.5,False,35a387bd665a60a3ad812ad653d438950adc76575144ff7f6bb8a75ac1dad37e,False,False,False,False,False
llama1b,3072,12,77,generation,stagger,study05_a1_s77_llama1b_kv3072_cap12-07_generation_stagger_guard256,guard256,11,256,64,11.151465600998563,12.028710815999148,0.016836643000715412,0,0,0,0,0.016679410999131505,0,0,0.5,False,2147cb95e9e3c0e31e798ff3104db21bbcf50fc2b5489b269bceba058c7ce536,False,False,False,False,False
llama1b,3072,12,77,generation,stagger,study05_a1_s77_llama1b_kv3072_cap12-07_generation_stagger_guard256,guard256,7,512,256,12.381384935000824,16.007655805000468,0.06038650699883874,0,0,0,0,0.0599254029984877,0,0,0.5,False,c54e21bfabaac286f2960213cbbcbb0b16f7c55c5b3540f0cef69a8cadd19db2,False,False,False,False,False
llama1b,3072,12,77,generation,stagger,study05_a1_s77_llama1b_kv3072_cap12-07_generation_stagger_guard256,guard256,8,512,256,12.501670750001722,16.07613118900008,0.059402468001280795,0,0,0,0,0.05855433000033372,0,0,0.5,False,c54e21bfabaac286f2960213cbbcbb0b16f7c55c5b3540f0cef69a8cadd19db2,False,False,False,False,False
llama1b,3072,12,77,generation,stagger,study05_a1_s77_llama1b_kv3072_cap12-07_generation_stagger_guard256,guard256,9,128,256,11.709445014999801,15.223531069999808,0.017087174999687704,0,0,0,0,0.016929247000007308,0,0,0.5,False,b72590f97ced50e685891449e70110503671d435507ae8afb945e50ee279fa03,False,False,False,False,False
llama1b,3072,12,77,generation,stagger,study05_a1_s77_llama1b_kv3072_cap12-08_generation_stagger_slai_port,slai_port,0,512,64,0.06529208599931735,0.9110039419992972,0.017152824000731925,0,0,0,0,0.017404377000275417,0,0,0.5,False,7bc3f35a21678b9442a9428d42b64926474b14f235d6b8ada18a501c6d8067d7,False,False,False,False,False
llama1b,3072,12,77,generation,stagger,study05_a1_s77_llama1b_kv3072_cap12-08_generation_stagger_slai_port,slai_port,1,256,64,0.04514700899926538,0.9024233099989942,0.018695714001296437,0,0,0,0,0.01855668499956664,0,0,0.5,False,2147cb95e9e3c0e31e798ff3104db21bbcf50fc2b5489b269bceba058c7ce536,False,False,False,False,False
llama1b,3072,12,77,generation,stagger,study05_a1_s77_llama1b_kv3072_cap12-08_generation_stagger_slai_port,slai_port,4,256,256,0.05867881199992553,3.959306144000948,0.0811101460003556,0,0,0,0,0.08107057599954715,0,0,0.5,False,0a1b94b501ef8cfb8e4e1c6fb3b68cfd11d2cb4d24184ce7130f5cba0d1ad422,False,False,False,False,False
llama1b,3072,12,77,generation,stagger,study05_a1_s77_llama1b_kv3072_cap12-08_generation_stagger_slai_port,slai_port,8,512,256,0.09347659699960786,4.539530313999421,0.60258013100065,1,624,624,0,0.6024874220001948,0,0,0.5,True,c54e21bfabaac286f2960213cbbcbb0b16f7c55c5b3540f0cef69a8cadd19db2,True,True,False,False,False
llama1b,3072,12,77,generation,stagger,study05_a1_s77_llama1b_kv3072_cap12-08_generation_stagger_slai_port,slai_port,7,512,256,0.08818324099956953,5.27099107200047,1.1249679120010114,2,1408,1408,0,1.124450297000294,1.0331488130013895,1.1249679120010114,0.5,True,c54e21bfabaac286f2960213cbbcbb0b16f7c55c5b3540f0cef69a8cadd19db2,True,True,True,False,False
llama1b,3072,12,77,generation,stagger,study05_a1_s77_llama1b_kv3072_cap12-08_generation_stagger_slai_port,slai_port,10,128,64,3.7473521669999172,4.648174056001153,0.0202621509997698,0,0,0,0,0.020132429999648593,0,0,0.5,False,35a387bd665a60a3ad812ad653d438950adc76575144ff7f6bb8a75ac1dad37e,False,False,False,False,False
llama1b,3072,12,77,generation,stagger,study05_a1_s77_llama1b_kv3072_cap12-08_generation_stagger_slai_port,slai_port,11,256,64,3.282628155000566,4.183788732001631,0.020425905000593048,0,0,0,0,0.02013323000028322,0,0,0.5,False,2147cb95e9e3c0e31e798ff3104db21bbcf50fc2b5489b269bceba058c7ce536,False,False,False,False,False
llama1b,3072,12,77,generation,stagger,study05_a1_s77_llama1b_kv3072_cap12-08_generation_stagger_slai_port,slai_port,9,128,256,3.84093172699977,7.525453737000134,0.06079060299998673,0,0,0,0,0.060711588001140626,0,0,0.5,False,b72590f97ced50e685891449e70110503671d435507ae8afb945e50ee279fa03,False,False,False,False,False
llama1b,3072,12,77,generation,stagger,study05_a1_s77_llama1b_kv3072_cap12-08_generation_stagger_slai_port,slai_port,3,512,768,0.07991295799911313,12.686429986999428,0.8921435069987638,2,1616,1616,0,0.8919681919996947,0,0,0.5,True,5817b4dcffa7efb08ba38ddb4f9539dd96ab162946ef6ae2bd78d83a83799a46,True,True,False,False,False
llama1b,3072,12,77,generation,stagger,study05_a1_s77_llama1b_kv3072_cap12-08_generation_stagger_slai_port,slai_port,6,128,768,0.05123784699935641,11.983243384000161,0.4237736920003954,1,336,336,0,0.42366607899930386,0,0,0.5,False,9397f4f97720ee715c2d8c280a316e97d88baa87e2b6a55a47f753d2ce9c1703,True,False,False,False,False
llama1b,3072,12,77,generation,stagger,study05_a1_s77_llama1b_kv3072_cap12-08_generation_stagger_slai_port,slai_port,5,128,768,0.051048653998805094,12.434971960999974,0.787113350999789,1,512,512,0,0.7877578139996331,0,0,0.5,True,9397f4f97720ee715c2d8c280a316e97d88baa87e2b6a55a47f753d2ce9c1703,True,True,False,False,False
llama1b,3072,12,77,generation,stagger,study05_a1_s77_llama1b_kv3072_cap12-08_generation_stagger_slai_port,slai_port,2,256,768,0.050037840999721084,17.381072349999158,4.75210620299913,2,1136,1136,0,4.751853652998761,5.721708742999908,5.87569863599856,0.5,True,ff2c625d728a9a95e9e96a47a6f55459f435d876cddb130d6cef7559e5698664,True,True,True,True,False
llama1b,3072,12,77,generation,stagger,study05_a1_s77_llama1b_kv3072_cap12-09_generation_stagger_baseline,baseline,0,512,64,0.06285194600059185,0.917601609000485,0.019795053000052576,0,0,0,0,0.01959854000051564,0,0,0.5,False,7bc3f35a21678b9442a9428d42b64926474b14f235d6b8ada18a501c6d8067d7,False,False,False,False,False
llama1b,3072,12,77,generation,stagger,study05_a1_s77_llama1b_kv3072_cap12-09_generation_stagger_baseline,baseline,1,256,64,0.043858602999534924,0.8929591039996012,0.01734733300145308,0,0,0,0,0.017761250999683398,0,0,0.5,False,2147cb95e9e3c0e31e798ff3104db21bbcf50fc2b5489b269bceba058c7ce536,False,False,False,False,False
llama1b,3072,12,77,generation,stagger,study05_a1_s77_llama1b_kv3072_cap12-09_generation_stagger_baseline,baseline,4,256,256,0.06819306100078393,3.8353577310008404,0.06107895400054986,0,0,0,0,0.06059485900004802,0,0,0.5,False,0a1b94b501ef8cfb8e4e1c6fb3b68cfd11d2cb4d24184ce7130f5cba0d1ad422,False,False,False,False,False
llama1b,3072,12,77,generation,stagger,study05_a1_s77_llama1b_kv3072_cap12-09_generation_stagger_baseline,baseline,2,256,768,0.04203688799861993,11.171131537999827,0.06676715800131205,0,0,0,0,0.06652274599946395,0,0,0.5,False,ff2c625d728a9a95e9e96a47a6f55459f435d876cddb130d6cef7559e5698664,False,False,False,False,False
llama1b,3072,12,77,generation,stagger,study05_a1_s77_llama1b_kv3072_cap12-09_generation_stagger_baseline,baseline,3,512,768,0.07951358299942513,11.27706550899893,0.13880935399902228,0,0,0,0,0.13821518499935337,0,0,0.5,False,5817b4dcffa7efb08ba38ddb4f9539dd96ab162946ef6ae2bd78d83a83799a46,False,False,False,False,False
llama1b,3072,12,77,generation,stagger,study05_a1_s77_llama1b_kv3072_cap12-09_generation_stagger_baseline,baseline,7,512,256,0.09035259400116047,10.891907045999687,6.383616228999017,2,1408,1408,0,6.382938840999486,6.204830588998448,6.383616228999017,0.5,True,c54e21bfabaac286f2960213cbbcbb0b16f7c55c5b3540f0cef69a8cadd19db2,True,True,True,True,True
llama1b,3072,12,77,generation,stagger,study05_a1_s77_llama1b_kv3072_cap12-09_generation_stagger_baseline,baseline,5,128,768,0.04324725900005433,11.759907741999996,0.47427485399930447,1,812,812,0,0.47403227999893716,0,0,0.5,False,9397f4f97720ee715c2d8c280a316e97d88baa87e2b6a55a47f753d2ce9c1703,True,False,False,False,False
llama1b,3072,12,77,generation,stagger,study05_a1_s77_llama1b_kv3072_cap12-09_generation_stagger_baseline,baseline,10,128,64,8.735633674999917,10.123881753001115,0.5158053100003599,1,131,131,0,0.5154487990002963,0,0,0.5,True,35a387bd665a60a3ad812ad653d438950adc76575144ff7f6bb8a75ac1dad37e,True,True,False,False,False
llama1b,3072,12,77,generation,stagger,study05_a1_s77_llama1b_kv3072_cap12-09_generation_stagger_baseline,baseline,11,256,64,8.827300941999056,9.717701517998648,0.017717102000460727,0,0,0,0,0.017486848999396898,0,0,0.5,False,2147cb95e9e3c0e31e798ff3104db21bbcf50fc2b5489b269bceba058c7ce536,False,False,False,False,False
llama1b,3072,12,77,generation,stagger,study05_a1_s77_llama1b_kv3072_cap12-09_generation_stagger_baseline,baseline,8,512,256,0.09078581600078905,13.032888744000957,9.311797319998732,1,550,550,0,9.31116216800001,9.132740215998638,9.311797319998732,0.5,True,c54e21bfabaac286f2960213cbbcbb0b16f7c55c5b3540f0cef69a8cadd19db2,True,True,True,True,True
llama1b,3072,12,77,generation,stagger,study05_a1_s77_llama1b_kv3072_cap12-09_generation_stagger_baseline,baseline,9,128,256,8.828433659999064,12.494125027998962,0.10652126599961775,1,160,160,0,0.10615398899972206,0,0,0.5,False,b72590f97ced50e685891449e70110503671d435507ae8afb945e50ee279fa03,False,False,False,False,False
llama1b,3072,12,77,generation,stagger,study05_a1_s77_llama1b_kv3072_cap12-09_generation_stagger_baseline,baseline,6,128,768,0.05166424900016864,14.52477772400016,3.284989001998838,1,588,588,0,3.284843710000132,3.130693691999113,3.284989001998838,0.5,True,9397f4f97720ee715c2d8c280a316e97d88baa87e2b6a55a47f753d2ce9c1703,True,True,True,True,False
llama1b,3072,12,77,balanced,stagger,study05_a1_s77_llama1b_kv3072_cap12-10_balanced_stagger_guard256,guard256,1,512,128,0.08152539000002434,1.9490155380008218,0.10937540099985199,0,0,0,0,0.10836849800034543,0,0,0.5,False,b27bc13cf8d60e65c63ebad6f86270936fe0f40ce6482fa466f1c4185321d0ea,False,False,False,False,False
llama1b,3072,12,77,balanced,stagger,study05_a1_s77_llama1b_kv3072_cap12-10_balanced_stagger_guard256,guard256,0,256,256,0.041391852999367984,3.718623987999308,0.10934808499951032,0,0,0,0,0.10837033600000723,0,0,0.5,False,0a1b94b501ef8cfb8e4e1c6fb3b68cfd11d2cb4d24184ce7130f5cba0d1ad422,False,False,False,False,False
llama1b,3072,12,77,balanced,stagger,study05_a1_s77_llama1b_kv3072_cap12-10_balanced_stagger_guard256,guard256,2,1024,512,0.12812620799923025,7.364560595000512,0.1143720090003626,0,0,0,0,0.11331056100061687,0,0,0.5,False,5dd5903d66b0fc3e836ddc82a1a2ff989ed28091968f3b056246c006c012648f,False,False,False,False,False
llama1b,3072,12,77,balanced,stagger,study05_a1_s77_llama1b_kv3072_cap12-10_balanced_stagger_guard256,guard256,4,512,128,5.83258707099958,7.602885579999565,0.017321237000942347,0,0,0,0,0.01708983100070327,0,0,0.5,False,b27bc13cf8d60e65c63ebad6f86270936fe0f40ce6482fa466f1c4185321d0ea,False,False,False,False,False
llama1b,3072,12,77,balanced,stagger,study05_a1_s77_llama1b_kv3072_cap12-10_balanced_stagger_guard256,guard256,3,1024,512,3.0511920290009584,10.310581235000427,0.07261980700059212,0,0,0,0,0.07139249900137656,0,0,0.5,False,5dd5903d66b0fc3e836ddc82a1a2ff989ed28091968f3b056246c006c012648f,False,False,False,False,False
llama1b,3072,12,77,balanced,stagger,study05_a1_s77_llama1b_kv3072_cap12-10_balanced_stagger_guard256,guard256,6,512,128,6.637295397000344,8.440578501000346,0.0473199719999684,0,0,0,0,0.0469284160008101,0,0,0.5,False,b27bc13cf8d60e65c63ebad6f86270936fe0f40ce6482fa466f1c4185321d0ea,False,False,False,False,False
llama1b,3072,12,77,balanced,stagger,study05_a1_s77_llama1b_kv3072_cap12-10_balanced_stagger_guard256,guard256,7,128,64,7.5947979709999345,8.564457225000297,0.11429867599872523,0,0,0,0,0.11326806099896203,0,0,0.5,False,35a387bd665a60a3ad812ad653d438950adc76575144ff7f6bb8a75ac1dad37e,False,False,False,False,False
llama1b,3072,12,77,balanced,stagger,study05_a1_s77_llama1b_kv3072_cap12-10_balanced_stagger_guard256,guard256,8,256,64,7.464453373999277,8.434373885000241,0.11439278599937097,0,0,0,0,0.11326863099930051,0,0,0.5,False,2147cb95e9e3c0e31e798ff3104db21bbcf50fc2b5489b269bceba058c7ce536,False,False,False,False,False
llama1b,3072,12,77,balanced,stagger,study05_a1_s77_llama1b_kv3072_cap12-10_balanced_stagger_guard256,guard256,10,256,64,7.402814674000183,8.27457360599874,0.017084144999898854,0,0,0,0,0.01686345600137429,0,0,0.5,False,2147cb95e9e3c0e31e798ff3104db21bbcf50fc2b5489b269bceba058c7ce536,False,False,False,False,False
llama1b,3072,12,77,balanced,stagger,study05_a1_s77_llama1b_kv3072_cap12-10_balanced_stagger_guard256,guard256,5,128,512,5.057079326999883,12.394097022999631,0.11422367100021802,0,0,0,0,0.11325674199906643,0,0,0.5,False,c2faf8e6eb235a22a3ddd76bb74ab50407488f3d81509edf3919ebbfa3cd09b9,False,False,False,False,False
llama1b,3072,12,77,balanced,stagger,study05_a1_s77_llama1b_kv3072_cap12-10_balanced_stagger_guard256,guard256,9,1024,256,7.923922072001005,11.509708146999401,0.04618860700065852,0,0,0,0,0.0458838980011933,0,0,0.5,False,ba42046bf337c8816baf0e99082fe59be82c5861173dd16c8f6699fe75370e61,False,False,False,False,False
llama1b,3072,12,77,balanced,stagger,study05_a1_s77_llama1b_kv3072_cap12-10_balanced_stagger_guard256,guard256,11,128,256,6.80611592799869,10.344214537999505,0.019674368000778486,0,0,0,0,0.01953035699989414,0,0,0.5,False,b72590f97ced50e685891449e70110503671d435507ae8afb945e50ee279fa03,False,False,False,False,False
llama1b,3072,12,77,generation,stagger,study05_a1_s77_llama1b_kv3072_cap12-11_generation_stagger_guard128,guard128,0,512,64,0.06254196900044917,0.9071494929994515,0.017463145000874647,0,0,0,0,0.017442111000491423,0,0,0.5,False,7bc3f35a21678b9442a9428d42b64926474b14f235d6b8ada18a501c6d8067d7,False,False,False,False,False
llama1b,3072,12,77,generation,stagger,study05_a1_s77_llama1b_kv3072_cap12-11_generation_stagger_guard128,guard128,1,256,64,0.043666497000231175,0.881936293999388,0.016312001000187593,0,0,0,0,0.01619431600011012,0,0,0.5,False,2147cb95e9e3c0e31e798ff3104db21bbcf50fc2b5489b269bceba058c7ce536,False,False,False,False,False
llama1b,3072,12,77,generation,stagger,study05_a1_s77_llama1b_kv3072_cap12-11_generation_stagger_guard128,guard128,4,256,256,0.061662922000323306,3.7762526250007795,0.0764910529996996,0,0,0,0,0.07630327799961378,0,0,0.5,False,0a1b94b501ef8cfb8e4e1c6fb3b68cfd11d2cb4d24184ce7130f5cba0d1ad422,False,False,False,False,False
llama1b,3072,12,77,generation,stagger,study05_a1_s77_llama1b_kv3072_cap12-11_generation_stagger_guard128,guard128,7,512,256,0.0932817190005153,4.036314671000582,0.3434444180002174,1,673,673,0,0.34331433000079414,0,0,0.5,False,c54e21bfabaac286f2960213cbbcbb0b16f7c55c5b3540f0cef69a8cadd19db2,True,False,False,False,False
llama1b,3072,12,77,generation,stagger,study05_a1_s77_llama1b_kv3072_cap12-11_generation_stagger_guard128,guard128,2,256,768,0.03906653199919674,13.52641293600027,0.3794485460002761,5,4505,4505,0,0.37930153799970867,0,0,0.5,False,ff2c625d728a9a95e9e96a47a6f55459f435d876cddb130d6cef7559e5698664,True,False,False,False,False
llama1b,3072,12,77,generation,stagger,study05_a1_s77_llama1b_kv3072_cap12-11_generation_stagger_guard128,guard128,3,512,768,0.0907647519998136,13.79939604900028,0.3973830930008262,6,6673,6673,0,0.3976167279997753,0,0,0.5,False,5817b4dcffa7efb08ba38ddb4f9539dd96ab162946ef6ae2bd78d83a83799a46,True,False,False,False,False
llama1b,3072,12,77,generation,stagger,study05_a1_s77_llama1b_kv3072_cap12-11_generation_stagger_guard128,guard128,5,128,768,0.052218618999177124,13.966900915998849,0.3536028529997566,6,3967,3967,0,0.35356373699869437,0,0,0.5,False,9397f4f97720ee715c2d8c280a316e97d88baa87e2b6a55a47f753d2ce9c1703,True,False,False,False,False
llama1b,3072,12,77,generation,stagger,study05_a1_s77_llama1b_kv3072_cap12-11_generation_stagger_guard128,guard128,6,128,768,0.0452629089995753,13.877663049001058,0.3598782969984313,6,3758,3758,0,0.35975224600042566,0,0,0.5,False,9397f4f97720ee715c2d8c280a316e97d88baa87e2b6a55a47f753d2ce9c1703,True,False,False,False,False
llama1b,3072,12,77,generation,stagger,study05_a1_s77_llama1b_kv3072_cap12-11_generation_stagger_guard128,guard128,11,256,64,11.412307899998268,12.278457435999371,0.016352038999684737,0,0,0,0,0.01695472699975653,0,0,0.5,False,2147cb95e9e3c0e31e798ff3104db21bbcf50fc2b5489b269bceba058c7ce536,False,False,False,False,False
llama1b,3072,12,77,generation,stagger,study05_a1_s77_llama1b_kv3072_cap12-11_generation_stagger_guard128,guard128,10,128,64,11.876965077000932,12.743497338000452,0.016566082000281313,0,0,0,0,0.016954582000835217,0,0,0.5,False,35a387bd665a60a3ad812ad653d438950adc76575144ff7f6bb8a75ac1dad37e,False,False,False,False,False
llama1b,3072,12,77,generation,stagger,study05_a1_s77_llama1b_kv3072_cap12-11_generation_stagger_guard128,guard128,8,512,256,12.380472737999298,15.92099003399926,0.047313561000919435,0,0,0,0,0.0465613399992435,0,0,0.5,False,c54e21bfabaac286f2960213cbbcbb0b16f7c55c5b3540f0cef69a8cadd19db2,False,False,False,False,False
llama1b,3072,12,77,generation,stagger,study05_a1_s77_llama1b_kv3072_cap12-11_generation_stagger_guard128,guard128,9,128,256,11.263487378000718,14.804012955999497,0.0472863770010008,0,0,0,0,0.04656260900082998,0,0,0.5,False,b72590f97ced50e685891449e70110503671d435507ae8afb945e50ee279fa03,False,False,False,False,False
llama1b,3072,12,77,balanced,burst,study05_a1_s77_llama1b_kv3072_cap12-12_balanced_burst_guard128,guard128,1,512,128,0.08440958599931037,1.958472967000489,0.11190205099956074,0,0,0,0,0.11146240500056592,0,0,0.5,False,b27bc13cf8d60e65c63ebad6f86270936fe0f40ce6482fa466f1c4185321d0ea,False,False,False,False,False
llama1b,3072,12,77,balanced,burst,study05_a1_s77_llama1b_kv3072_cap12-12_balanced_burst_guard128,guard128,0,256,256,0.03855824499987648,3.8623837729992374,0.11220776300069701,0,0,0,0,0.11148155600130849,0,0,0.5,False,0a1b94b501ef8cfb8e4e1c6fb3b68cfd11d2cb4d24184ce7130f5cba0d1ad422,False,False,False,False,False
llama1b,3072,12,77,balanced,burst,study05_a1_s77_llama1b_kv3072_cap12-12_balanced_burst_guard128,guard128,2,1024,512,0.16189299700090487,7.480989237001268,0.14972948399918096,0,0,0,0,0.1486762059994362,0,0,0.5,False,5dd5903d66b0fc3e836ddc82a1a2ff989ed28091968f3b056246c006c012648f,False,False,False,False,False
llama1b,3072,12,77,balanced,burst,study05_a1_s77_llama1b_kv3072_cap12-12_balanced_burst_guard128,guard128,3,1024,512,1.9858598029986751,9.2175727369995,0.14969019099953584,0,0,0,0,0.14871592700001202,0,0,0.5,False,5dd5903d66b0fc3e836ddc82a1a2ff989ed28091968f3b056246c006c012648f,False,False,False,False,False
llama1b,3072,12,77,balanced,burst,study05_a1_s77_llama1b_kv3072_cap12-12_balanced_burst_guard128,guard128,4,512,128,7.461870805000217,9.279932003000795,0.09502946500106191,0,0,0,0,0.09366553800100519,0,0,0.5,False,b27bc13cf8d60e65c63ebad6f86270936fe0f40ce6482fa466f1c4185321d0ea,False,False,False,False,False
llama1b,3072,12,77,balanced,burst,study05_a1_s77_llama1b_kv3072_cap12-12_balanced_burst_guard128,guard128,7,128,64,9.129547841999738,10.08678840599896,0.11303922499973851,0,0,0,0,0.11213049500111083,0,0,0.5,False,35a387bd665a60a3ad812ad653d438950adc76575144ff7f6bb8a75ac1dad37e,False,False,False,False,False
llama1b,3072,12,77,balanced,burst,study05_a1_s77_llama1b_kv3072_cap12-12_balanced_burst_guard128,guard128,8,256,64,9.079728335000254,10.037287805000233,0.11304384100003517,0,0,0,0,0.11213158999998996,0,0,0.5,False,2147cb95e9e3c0e31e798ff3104db21bbcf50fc2b5489b269bceba058c7ce536,False,False,False,False,False
llama1b,3072,12,77,balanced,burst,study05_a1_s77_llama1b_kv3072_cap12-12_balanced_burst_guard128,guard128,6,512,128,9.179351564000171,11.050651935998758,0.11282692200074962,0,0,0,0,0.11213068700089934,0,0,0.5,False,b27bc13cf8d60e65c63ebad6f86270936fe0f40ce6482fa466f1c4185321d0ea,False,False,False,False,False
llama1b,3072,12,77,balanced,burst,study05_a1_s77_llama1b_kv3072_cap12-12_balanced_burst_guard128,guard128,10,256,64,9.997049495001193,10.864723063001293,0.020150836999164312,0,0,0,0,0.01981515599982231,0,0,0.5,False,2147cb95e9e3c0e31e798ff3104db21bbcf50fc2b5489b269bceba058c7ce536,False,False,False,False,False
llama1b,3072,12,77,balanced,burst,study05_a1_s77_llama1b_kv3072_cap12-12_balanced_burst_guard128,guard128,9,1024,256,9.15714043600019,12.682302790999529,0.04368994200012821,0,0,0,0,0.043257305998849915,0,0,0.5,False,ba42046bf337c8816baf0e99082fe59be82c5861173dd16c8f6699fe75370e61,False,False,False,False,False
llama1b,3072,12,77,balanced,burst,study05_a1_s77_llama1b_kv3072_cap12-12_balanced_burst_guard128,guard128,11,128,256,9.947052760000588,13.766274865000014,0.2928605659999448,0,0,0,0,0.29223484199974337,0,0,0.5,False,b72590f97ced50e685891449e70110503671d435507ae8afb945e50ee279fa03,True,False,False,False,False
llama1b,3072,12,77,balanced,burst,study05_a1_s77_llama1b_kv3072_cap12-12_balanced_burst_guard128,guard128,5,128,512,7.411854871001196,15.073726164000618,0.292903658000796,0,0,0,0,0.2922158439996565,0,0,0.5,False,c2faf8e6eb235a22a3ddd76bb74ab50407488f3d81509edf3919ebbfa3cd09b9,True,False,False,False,False
llama1b,3072,12,77,generation,burst,study05_a1_s77_llama1b_kv3072_cap12-13_generation_burst_growth_only,growth_only,0,512,64,0.06649639299939736,1.1275800580006035,0.06852779099972395,0,0,0,0,0.06822314899909543,0,0,0.5,False,7bc3f35a21678b9442a9428d42b64926474b14f235d6b8ada18a501c6d8067d7,False,False,False,False,False
llama1b,3072,12,77,generation,burst,study05_a1_s77_llama1b_kv3072_cap12-13_generation_burst_growth_only,growth_only,1,256,64,0.06724189600026875,1.1041306240003905,0.06869023000035668,0,0,0,0,0.06821465000030003,0,0,0.5,False,2147cb95e9e3c0e31e798ff3104db21bbcf50fc2b5489b269bceba058c7ce536,False,False,False,False,False
llama1b,3072,12,77,generation,burst,study05_a1_s77_llama1b_kv3072_cap12-13_generation_burst_growth_only,growth_only,4,256,256,0.1193650629993499,3.908305257000393,0.0576795779998065,0,0,0,0,0.05663948900109972,0,0,0.5,False,0a1b94b501ef8cfb8e4e1c6fb3b68cfd11d2cb4d24184ce7130f5cba0d1ad422,False,False,False,False,False
llama1b,3072,12,77,generation,burst,study05_a1_s77_llama1b_kv3072_cap12-13_generation_burst_growth_only,growth_only,2,256,768,0.07217295800001011,11.1677403220001,0.07194557199909468,0,0,0,0,0.07196948199998587,0,0,0.5,False,ff2c625d728a9a95e9e96a47a6f55459f435d876cddb130d6cef7559e5698664,False,False,False,False,False
llama1b,3072,12,77,generation,burst,study05_a1_s77_llama1b_kv3072_cap12-13_generation_burst_growth_only,growth_only,3,512,768,0.10653225399983057,11.289353606998702,0.15621315799944568,0,0,0,0,0.15525137499935227,0,0,0.5,False,5817b4dcffa7efb08ba38ddb4f9539dd96ab162946ef6ae2bd78d83a83799a46,False,False,False,False,False
llama1b,3072,12,77,generation,burst,study05_a1_s77_llama1b_kv3072_cap12-13_generation_burst_growth_only,growth_only,7,512,256,0.8798002370003815,11.750156866999532,6.4733422589997645,2,1388,1388,0,6.473203225999896,6.37508847600111,6.4733422589997645,0.5,True,c54e21bfabaac286f2960213cbbcbb0b16f7c55c5b3540f0cef69a8cadd19db2,True,True,True,True,True
llama1b,3072,12,77,generation,burst,study05_a1_s77_llama1b_kv3072_cap12-13_generation_burst_growth_only,growth_only,5,128,768,0.06921293799859995,12.019613693999418,0.8197558799984108,1,844,844,0,0.8190250299994659,0,0,0.5,True,9397f4f97720ee715c2d8c280a316e97d88baa87e2b6a55a47f753d2ce9c1703,True,True,False,False,False
llama1b,3072,12,77,generation,burst,study05_a1_s77_llama1b_kv3072_cap12-13_generation_burst_growth_only,growth_only,10,128,64,11.700625253999533,12.619473885000843,0.03549731200109818,0,0,0,0,0.03526205700109131,0,0,0.5,False,35a387bd665a60a3ad812ad653d438950adc76575144ff7f6bb8a75ac1dad37e,False,False,False,False,False
llama1b,3072,12,77,generation,burst,study05_a1_s77_llama1b_kv3072_cap12-13_generation_burst_growth_only,growth_only,11,256,64,11.772009940999851,12.667025905999253,0.017455038001571666,0,0,0,0,0.017010940000545816,0,0,0.5,False,2147cb95e9e3c0e31e798ff3104db21bbcf50fc2b5489b269bceba058c7ce536,False,False,False,False,False
llama1b,3072,12,77,generation,burst,study05_a1_s77_llama1b_kv3072_cap12-13_generation_burst_growth_only,growth_only,6,128,768,0.059761103000710136,15.083034657000098,3.858470209999723,1,624,624,0,3.8579411569990043,3.686380282000755,3.858470209999723,0.5,True,9397f4f97720ee715c2d8c280a316e97d88baa87e2b6a55a47f753d2ce9c1703,True,True,True,True,False
llama1b,3072,12,77,generation,burst,study05_a1_s77_llama1b_kv3072_cap12-13_generation_burst_growth_only,growth_only,8,512,256,11.800477462000345,15.381910538999364,0.035195034000935266,0,0,0,0,0.035273334999146755,0,0,0.5,False,c54e21bfabaac286f2960213cbbcbb0b16f7c55c5b3540f0cef69a8cadd19db2,False,False,False,False,False
llama1b,3072,12,77,generation,burst,study05_a1_s77_llama1b_kv3072_cap12-13_generation_burst_growth_only,growth_only,9,128,256,11.750705776999894,15.332183702999828,0.035345849000805174,0,0,0,0,0.035256396999102435,0,0,0.5,False,b72590f97ced50e685891449e70110503671d435507ae8afb945e50ee279fa03,False,False,False,False,False
llama1b,3072,12,77,balanced,burst,study05_a1_s77_llama1b_kv3072_cap12-14_balanced_burst_guard256,guard256,1,512,128,0.08488367300014943,1.965715075000844,0.11495702100000926,0,0,0,0,0.11417660599909141,0,0,0.5,False,b27bc13cf8d60e65c63ebad6f86270936fe0f40ce6482fa466f1c4185321d0ea,False,False,False,False,False
llama1b,3072,12,77,balanced,burst,study05_a1_s77_llama1b_kv3072_cap12-14_balanced_burst_guard256,guard256,0,256,256,0.044830831000581384,3.742018390999874,0.11464406800041615,0,0,0,0,0.1141752980001911,0,0,0.5,False,0a1b94b501ef8cfb8e4e1c6fb3b68cfd11d2cb4d24184ce7130f5cba0d1ad422,False,False,False,False,False
llama1b,3072,12,77,balanced,burst,study05_a1_s77_llama1b_kv3072_cap12-14_balanced_burst_guard256,guard256,2,1024,512,0.1648480900003051,7.373780280000574,0.1196892719999596,0,0,0,0,0.11878131500088784,0,0,0.5,False,5dd5903d66b0fc3e836ddc82a1a2ff989ed28091968f3b056246c006c012648f,False,False,False,False,False
llama1b,3072,12,77,balanced,burst,study05_a1_s77_llama1b_kv3072_cap12-14_balanced_burst_guard256,guard256,4,512,128,7.361529059000532,9.158212824000657,0.018116909999662312,0,0,0,0,0.01816956000038772,0,0,0.5,False,b27bc13cf8d60e65c63ebad6f86270936fe0f40ce6482fa466f1c4185321d0ea,False,False,False,False,False
llama1b,3072,12,77,balanced,burst,study05_a1_s77_llama1b_kv3072_cap12-14_balanced_burst_guard256,guard256,3,1024,512,3.7244473009996,10.974698328000159,0.07322578999992402,0,0,0,0,0.07186221099982504,0,0,0.5,False,5dd5903d66b0fc3e836ddc82a1a2ff989ed28091968f3b056246c006c012648f,False,False,False,False,False
llama1b,3072,12,77,balanced,burst,study05_a1_s77_llama1b_kv3072_cap12-14_balanced_burst_guard256,guard256,6,512,128,9.136328210999636,10.941101923001042,0.04573842500030878,0,0,0,0,0.04499365099945862,0,0,0.5,False,b27bc13cf8d60e65c63ebad6f86270936fe0f40ce6482fa466f1c4185321d0ea,False,False,False,False,False
llama1b,3072,12,77,balanced,burst,study05_a1_s77_llama1b_kv3072_cap12-14_balanced_burst_guard256,guard256,7,128,64,10.835981909998736,11.811995070998819,0.11620461599886767,0,0,0,0,0.11514585400072974,0,0,0.5,False,35a387bd665a60a3ad812ad653d438950adc76575144ff7f6bb8a75ac1dad37e,False,False,False,False,False
llama1b,3072,12,77,balanced,burst,study05_a1_s77_llama1b_kv3072_cap12-14_balanced_burst_guard256,guard256,8,256,64,10.78608843299844,11.762167615999715,0.11621902299884823,0,0,0,0,0.11514632900070865,0,0,0.5,False,2147cb95e9e3c0e31e798ff3104db21bbcf50fc2b5489b269bceba058c7ce536,False,False,False,False,False
llama1b,3072,12,77,balanced,burst,study05_a1_s77_llama1b_kv3072_cap12-14_balanced_burst_guard256,guard256,10,256,64,11.721770930000275,12.608979612999974,0.018600931000037235,0,0,0,0,0.01836690100026317,0,0,0.5,False,2147cb95e9e3c0e31e798ff3104db21bbcf50fc2b5489b269bceba058c7ce536,False,False,False,False,False
llama1b,3072,12,77,balanced,burst,study05_a1_s77_llama1b_kv3072_cap12-14_balanced_burst_guard256,guard256,5,128,512,7.311657429001571,14.670083340000929,0.11623930599853338,0,0,0,0,0.11513466399992467,0,0,0.5,False,c2faf8e6eb235a22a3ddd76bb74ab50407488f3d81509edf3919ebbfa3cd09b9,False,False,False,False,False
llama1b,3072,12,77,balanced,burst,study05_a1_s77_llama1b_kv3072_cap12-14_balanced_burst_guard256,guard256,9,1024,256,10.922330249999504,14.498233450998669,0.04467535600088013,0,0,0,0,0.04425417499987816,0,0,0.5,False,ba42046bf337c8816baf0e99082fe59be82c5861173dd16c8f6699fe75370e61,False,False,False,False,False
llama1b,3072,12,77,balanced,burst,study05_a1_s77_llama1b_kv3072_cap12-14_balanced_burst_guard256,guard256,11,128,256,11.6719026640003,15.176641549000124,0.018605719998959103,0,0,0,0,0.018368950999501976,0,0,0.5,False,b72590f97ced50e685891449e70110503671d435507ae8afb945e50ee279fa03,False,False,False,False,False
llama1b,3072,12,77,generation,stagger,study05_a1_s77_llama1b_kv3072_cap12-15_generation_stagger_growth_only,growth_only,0,512,64,0.06364477400165924,0.9044650610012468,0.01771088100031193,0,0,0,0,0.017848226998467,0,0,0.5,False,7bc3f35a21678b9442a9428d42b64926474b14f235d6b8ada18a501c6d8067d7,False,False,False,False,False
llama1b,3072,12,77,generation,stagger,study05_a1_s77_llama1b_kv3072_cap12-15_generation_stagger_growth_only,growth_only,1,256,64,0.040226303000963526,0.8763530859996536,0.015634125000360655,0,0,0,0,0.01575774299999466,0,0,0.5,False,2147cb95e9e3c0e31e798ff3104db21bbcf50fc2b5489b269bceba058c7ce536,False,False,False,False,False
llama1b,3072,12,77,generation,stagger,study05_a1_s77_llama1b_kv3072_cap12-15_generation_stagger_growth_only,growth_only,4,256,256,0.062490969999998924,3.676438529000734,0.06219429399970977,0,0,0,0,0.06135766199986392,0,0,0.5,False,0a1b94b501ef8cfb8e4e1c6fb3b68cfd11d2cb4d24184ce7130f5cba0d1ad422,False,False,False,False,False
llama1b,3072,12,77,generation,stagger,study05_a1_s77_llama1b_kv3072_cap12-15_generation_stagger_growth_only,growth_only,2,256,768,0.05285932900005719,10.947343982001257,0.0748373320002429,0,0,0,0,0.0745544979999977,0,0,0.5,False,ff2c625d728a9a95e9e96a47a6f55459f435d876cddb130d6cef7559e5698664,False,False,False,False,False
llama1b,3072,12,77,generation,stagger,study05_a1_s77_llama1b_kv3072_cap12-15_generation_stagger_growth_only,growth_only,3,512,768,0.09169489700070699,11.065602848000708,0.13702265500069188,0,0,0,0,0.13659476800057746,0,0,0.5,False,5817b4dcffa7efb08ba38ddb4f9539dd96ab162946ef6ae2bd78d83a83799a46,False,False,False,False,False
llama1b,3072,12,77,generation,stagger,study05_a1_s77_llama1b_kv3072_cap12-15_generation_stagger_growth_only,growth_only,7,512,256,0.08726272300009441,10.60095639499923,6.235524732999693,2,1405,1405,0,6.235442467001121,6.14477011100098,6.235524732999693,0.5,True,c54e21bfabaac286f2960213cbbcbb0b16f7c55c5b3540f0cef69a8cadd19db2,True,True,True,True,True
llama1b,3072,12,77,generation,stagger,study05_a1_s77_llama1b_kv3072_cap12-15_generation_stagger_growth_only,growth_only,5,128,768,0.0514774999992369,11.456051629000285,0.4610816000003979,1,812,812,0,0.46173332199941797,0,0,0.5,False,9397f4f97720ee715c2d8c280a316e97d88baa87e2b6a55a47f753d2ce9c1703,True,False,False,False,False
llama1b,3072,12,77,generation,stagger,study05_a1_s77_llama1b_kv3072_cap12-15_generation_stagger_growth_only,growth_only,10,128,64,9.023070520999681,9.921448766999674,0.03453944899956696,0,0,0,0,0.03400444499857258,0,0,0.5,False,35a387bd665a60a3ad812ad653d438950adc76575144ff7f6bb8a75ac1dad37e,False,False,False,False,False
llama1b,3072,12,77,generation,stagger,study05_a1_s77_llama1b_kv3072_cap12-15_generation_stagger_growth_only,growth_only,11,256,64,8.886664647001453,9.765523320000284,0.017944290999366785,0,0,0,0,0.017800804000216885,0,0,0.5,False,2147cb95e9e3c0e31e798ff3104db21bbcf50fc2b5489b269bceba058c7ce536,False,False,False,False,False
llama1b,3072,12,77,generation,stagger,study05_a1_s77_llama1b_kv3072_cap12-15_generation_stagger_growth_only,growth_only,6,128,768,0.040033781000602175,14.242206556000383,3.2651976569995895,1,587,587,0,3.265319008000006,3.111767497999608,3.2651976569995895,0.5,True,9397f4f97720ee715c2d8c280a316e97d88baa87e2b6a55a47f753d2ce9c1703,True,True,True,True,False
llama1b,3072,12,77,generation,stagger,study05_a1_s77_llama1b_kv3072_cap12-15_generation_stagger_growth_only,growth_only,9,128,256,9.116257691999635,12.660909215999709,0.03475377199902141,0,0,0,0,0.034003377999397344,0,0,0.5,False,b72590f97ced50e685891449e70110503671d435507ae8afb945e50ee279fa03,False,False,False,False,False
llama1b,3072,12,77,generation,stagger,study05_a1_s77_llama1b_kv3072_cap12-15_generation_stagger_growth_only,growth_only,8,512,256,10.233313684999302,13.778185667999423,0.03462175499953446,0,0,0,0,0.03400217499984137,0,0,0.5,False,c54e21bfabaac286f2960213cbbcbb0b16f7c55c5b3540f0cef69a8cadd19db2,False,False,False,False,False
llama1b,3072,12,77,generation,burst,study05_a1_s77_llama1b_kv3072_cap12-16_generation_burst_slai_port,slai_port,0,512,64,0.058141661998888594,1.2049875849988894,0.06370911699923454,0,0,0,0,0.06279429999995045,0,0,0.5,False,7bc3f35a21678b9442a9428d42b64926474b14f235d6b8ada18a501c6d8067d7,False,False,False,False,False
llama1b,3072,12,77,generation,burst,study05_a1_s77_llama1b_kv3072_cap12-16_generation_burst_slai_port,slai_port,1,256,64,0.05242205500144337,1.2318857019999996,0.06369759200060798,0,0,0,0,0.06279724199885095,0,0,0.5,False,2147cb95e9e3c0e31e798ff3104db21bbcf50fc2b5489b269bceba058c7ce536,False,False,False,False,False
llama1b,3072,12,77,generation,burst,study05_a1_s77_llama1b_kv3072_cap12-16_generation_burst_slai_port,slai_port,10,128,64,0.04480191200127592,1.037078637000377,0.061223295000672806,0,0,0,0,0.06120857700079796,0,0,0.5,False,35a387bd665a60a3ad812ad653d438950adc76575144ff7f6bb8a75ac1dad37e,False,False,False,False,False
llama1b,3072,12,77,generation,burst,study05_a1_s77_llama1b_kv3072_cap12-16_generation_burst_slai_port,slai_port,11,256,64,0.7846646230009355,1.6787428540010296,0.016582730000664014,0,0,0,0,0.01627298500170582,0,0,0.5,False,2147cb95e9e3c0e31e798ff3104db21bbcf50fc2b5489b269bceba058c7ce536,False,False,False,False,False
llama1b,3072,12,77,generation,burst,study05_a1_s77_llama1b_kv3072_cap12-16_generation_burst_slai_port,slai_port,9,128,256,0.04278447900105675,3.8169454840008257,0.06044492300134152,0,0,0,0,0.06120648800060735,0,0,0.5,False,b72590f97ced50e685891449e70110503671d435507ae8afb945e50ee279fa03,False,False,False,False,False
llama1b,3072,12,77,generation,burst,study05_a1_s77_llama1b_kv3072_cap12-16_generation_burst_slai_port,slai_port,7,512,256,0.0906607980014087,4.168496623000465,0.3536438110004383,1,544,544,0,0.3526179870004853,0,0,0.5,False,c54e21bfabaac286f2960213cbbcbb0b16f7c55c5b3540f0cef69a8cadd19db2,True,False,False,False,False
llama1b,3072,12,77,generation,burst,study05_a1_s77_llama1b_kv3072_cap12-16_generation_burst_slai_port,slai_port,4,256,256,0.10344532400085882,4.857100223000089,0.8594255640000483,1,464,464,0,0.8593591219996597,0,0,0.5,True,0a1b94b501ef8cfb8e4e1c6fb3b68cfd11d2cb4d24184ce7130f5cba0d1ad422,True,True,False,False,False
llama1b,3072,12,77,generation,burst,study05_a1_s77_llama1b_kv3072_cap12-16_generation_burst_slai_port,slai_port,8,512,256,4.221296309000536,8.36982541999896,0.508869617999153,1,512,512,0,0.5093179200011946,0,0,0.5,True,c54e21bfabaac286f2960213cbbcbb0b16f7c55c5b3540f0cef69a8cadd19db2,True,True,False,False,False
llama1b,3072,12,77,generation,burst,study05_a1_s77_llama1b_kv3072_cap12-16_generation_burst_slai_port,slai_port,6,128,768,0.051742118999754894,11.50960160700015,0.11512695600140432,2,400,400,0,0.11478737000106776,0,0,0.5,False,9397f4f97720ee715c2d8c280a316e97d88baa87e2b6a55a47f753d2ce9c1703,False,False,False,False,False
llama1b,3072,12,77,generation,burst,study05_a1_s77_llama1b_kv3072_cap12-16_generation_burst_slai_port,slai_port,3,512,768,0.09929649100013194,11.902990965001663,0.5252167290000216,1,1056,1056,0,0.5253635620010755,0,0,0.5,True,5817b4dcffa7efb08ba38ddb4f9539dd96ab162946ef6ae2bd78d83a83799a46,True,True,False,False,False
llama1b,3072,12,77,generation,burst,study05_a1_s77_llama1b_kv3072_cap12-16_generation_burst_slai_port,slai_port,5,128,768,0.0762866130007751,12.897642587000519,0.7062129950008966,3,720,720,0,0.7060213229997316,0,0,0.5,True,9397f4f97720ee715c2d8c280a316e97d88baa87e2b6a55a47f753d2ce9c1703,True,True,False,False,False
llama1b,3072,12,77,generation,burst,study05_a1_s77_llama1b_kv3072_cap12-16_generation_burst_slai_port,slai_port,2,256,768,0.0702614439996978,16.5515482360006,2.9012237990009453,2,1312,1312,0,2.9014515059989208,5.086281374000464,5.2623453910000535,0.5,True,ff2c625d728a9a95e9e96a47a6f55459f435d876cddb130d6cef7559e5698664,True,True,True,True,False
llama1b,3072,12,77,generation,burst,study05_a1_s77_llama1b_kv3072_cap12-17_generation_burst_adaptive_resume,adaptive_resume,0,512,64,0.06540782199954265,1.1528887910008052,0.06305840399909357,0,0,0,0,0.062094480999803636,0,0,0.5,False,7bc3f35a21678b9442a9428d42b64926474b14f235d6b8ada18a501c6d8067d7,False,False,False,False,False
llama1b,3072,12,77,generation,burst,study05_a1_s77_llama1b_kv3072_cap12-17_generation_burst_adaptive_resume,adaptive_resume,1,256,64,0.06759882499864034,1.1773149749988079,0.06345420999969065,0,0,0,0,0.062105716999212746,0,0,0.5,False,2147cb95e9e3c0e31e798ff3104db21bbcf50fc2b5489b269bceba058c7ce536,False,False,False,False,False
llama1b,3072,12,77,generation,burst,study05_a1_s77_llama1b_kv3072_cap12-17_generation_burst_adaptive_resume,adaptive_resume,4,256,256,0.10148362500149233,3.7923176860003878,0.06316507699921203,0,0,0,0,0.062113179001244134,0,0,0.5,False,0a1b94b501ef8cfb8e4e1c6fb3b68cfd11d2cb4d24184ce7130f5cba0d1ad422,False,False,False,False,False
llama1b,3072,12,77,generation,burst,study05_a1_s77_llama1b_kv3072_cap12-17_generation_burst_adaptive_resume,adaptive_resume,2,256,768,0.07419008600118104,11.052225632000045,0.07355823000034434,0,0,0,0,0.0739732220008591,0,0,0.5,False,ff2c625d728a9a95e9e96a47a6f55459f435d876cddb130d6cef7559e5698664,False,False,False,False,False
llama1b,3072,12,77,generation,burst,study05_a1_s77_llama1b_kv3072_cap12-17_generation_burst_adaptive_resume,adaptive_resume,3,512,768,0.09908178800105816,11.173431584000355,0.1540834579991497,0,0,0,0,0.153046216999428,0,0,0.5,False,5817b4dcffa7efb08ba38ddb4f9539dd96ab162946ef6ae2bd78d83a83799a46,False,False,False,False,False
llama1b,3072,12,77,generation,burst,study05_a1_s77_llama1b_kv3072_cap12-17_generation_burst_adaptive_resume,adaptive_resume,7,512,256,0.09035938600027293,11.133048724001128,6.62547550599993,3,2031,2031,0,6.625605834000453,6.534047450000799,6.62547550599993,0.5,True,c54e21bfabaac286f2960213cbbcbb0b16f7c55c5b3540f0cef69a8cadd19db2,True,True,True,True,True
llama1b,3072,12,77,generation,burst,study05_a1_s77_llama1b_kv3072_cap12-17_generation_burst_adaptive_resume,adaptive_resume,5,128,768,0.07445228699907602,11.83338415399885,0.8134275490010623,1,843,843,0,0.8124864599994908,0,0,0.5,True,9397f4f97720ee715c2d8c280a316e97d88baa87e2b6a55a47f753d2ce9c1703,True,True,False,False,False
llama1b,3072,12,77,generation,burst,study05_a1_s77_llama1b_kv3072_cap12-17_generation_burst_adaptive_resume,adaptive_resume,10,128,64,11.71042037100051,12.59434132699971,0.019557534000341548,0,0,0,0,0.019302816999697825,0,0,0.5,False,35a387bd665a60a3ad812ad653d438950adc76575144ff7f6bb8a75ac1dad37e,False,False,False,False,False
llama1b,3072,12,77,generation,burst,study05_a1_s77_llama1b_kv3072_cap12-17_generation_burst_adaptive_resume,adaptive_resume,11,256,64,11.66000166699996,12.544122614001026,0.019334705000801478,0,0,0,0,0.019304278001072817,0,0,0.5,False,2147cb95e9e3c0e31e798ff3104db21bbcf50fc2b5489b269bceba058c7ce536,False,False,False,False,False
llama1b,3072,12,77,generation,burst,study05_a1_s77_llama1b_kv3072_cap12-17_generation_burst_adaptive_resume,adaptive_resume,6,128,768,0.06252771800063783,14.925304164999034,3.8540675770000234,1,624,624,0,3.8532083919999423,3.682274366999991,3.8540675770000234,0.5,True,9397f4f97720ee715c2d8c280a316e97d88baa87e2b6a55a47f753d2ce9c1703,True,True,True,True,False
llama1b,3072,12,77,generation,burst,study05_a1_s77_llama1b_kv3072_cap12-17_generation_burst_adaptive_resume,adaptive_resume,9,128,256,11.760227157999907,15.2829373149998,0.01959519899901352,0,0,0,0,0.01930177899885166,0,0,0.5,False,b72590f97ced50e685891449e70110503671d435507ae8afb945e50ee279fa03,False,False,False,False,False
llama1b,3072,12,77,generation,burst,study05_a1_s77_llama1b_kv3072_cap12-17_generation_burst_adaptive_resume,adaptive_resume,8,512,256,11.810483974000817,15.333035359999485,0.019451027001196053,0,0,0,0,0.019299299998237984,0,0,0.5,False,c54e21bfabaac286f2960213cbbcbb0b16f7c55c5b3540f0cef69a8cadd19db2,False,False,False,False,False
llama1b,3072,12,77,balanced,stagger,study05_a1_s77_llama1b_kv3072_cap12-18_balanced_stagger_slai_port,slai_port,1,512,128,0.08881113700044807,2.071330542999931,0.11723466900002677,0,0,0,0,0.11689947500053677,0,0,0.5,False,b27bc13cf8d60e65c63ebad6f86270936fe0f40ce6482fa466f1c4185321d0ea,False,False,False,False,False
llama1b,3072,12,77,balanced,stagger,study05_a1_s77_llama1b_kv3072_cap12-18_balanced_stagger_slai_port,slai_port,0,256,256,0.03755234999880486,4.799611377999099,0.9675619480003661,1,336,336,0,0.9676919319990702,0,0,0.5,True,0a1b94b501ef8cfb8e4e1c6fb3b68cfd11d2cb4d24184ce7130f5cba0d1ad422,True,True,False,False,False
llama1b,3072,12,77,balanced,stagger,study05_a1_s77_llama1b_kv3072_cap12-18_balanced_stagger_slai_port,slai_port,7,128,64,1.3794492760007415,3.1178465970006073,0.8622044319999986,1,160,160,0,0.8627051059993391,0,0,0.5,True,35a387bd665a60a3ad812ad653d438950adc76575144ff7f6bb8a75ac1dad37e,True,True,False,False,False
llama1b,3072,12,77,balanced,stagger,study05_a1_s77_llama1b_kv3072_cap12-18_balanced_stagger_slai_port,slai_port,3,1024,512,0.15000459700058855,8.594008238000242,1.2852767579988722,1,1216,1216,0,1.2848373079996236,1.128463412000201,1.2852767579988722,0.5,True,5dd5903d66b0fc3e836ddc82a1a2ff989ed28091968f3b056246c006c012648f,True,True,True,False,False
llama1b,3072,12,77,balanced,stagger,study05_a1_s77_llama1b_kv3072_cap12-18_balanced_stagger_slai_port,slai_port,8,256,64,5.913404951001212,6.79768957700071,0.01693188100034604,0,0,0,0,0.017248463998839725,0,0,0.5,False,2147cb95e9e3c0e31e798ff3104db21bbcf50fc2b5489b269bceba058c7ce536,False,False,False,False,False
llama1b,3072,12,77,balanced,stagger,study05_a1_s77_llama1b_kv3072_cap12-18_balanced_stagger_slai_port,slai_port,10,256,64,4.821367241000189,5.7057002969995665,0.01683376000073622,0,0,0,0,0.017265755999687826,0,0,0.5,False,2147cb95e9e3c0e31e798ff3104db21bbcf50fc2b5489b269bceba058c7ce536,False,False,False,False,False
llama1b,3072,12,77,balanced,stagger,study05_a1_s77_llama1b_kv3072_cap12-18_balanced_stagger_slai_port,slai_port,5,128,512,0.043532205001611146,7.5666546920001565,0.21252455600006215,0,0,0,0,0.2114761679986259,0,0,0.5,False,c2faf8e6eb235a22a3ddd76bb74ab50407488f3d81509edf3919ebbfa3cd09b9,False,False,False,False,False
llama1b,3072,12,77,balanced,stagger,study05_a1_s77_llama1b_kv3072_cap12-18_balanced_stagger_slai_port,slai_port,2,1024,512,0.13962454200009233,11.052284822000729,3.3719031180007732,1,1392,1392,0,3.3704634049991,3.143261793999045,3.3719031180007732,0.5,True,5dd5903d66b0fc3e836ddc82a1a2ff989ed28091968f3b056246c006c012648f,True,True,True,True,False
llama1b,3072,12,77,balanced,stagger,study05_a1_s77_llama1b_kv3072_cap12-18_balanced_stagger_slai_port,slai_port,4,512,128,8.30123369300054,10.230226444000436,0.10942200600038632,0,0,0,0,0.10834976700061816,0,0,0.5,False,b27bc13cf8d60e65c63ebad6f86270936fe0f40ce6482fa466f1c4185321d0ea,False,False,False,False,False
llama1b,3072,12,77,balanced,stagger,study05_a1_s77_llama1b_kv3072_cap12-18_balanced_stagger_slai_port,slai_port,6,512,128,7.38072349399954,9.256486233000032,0.10927189299945894,0,0,0,0,0.10836678600026062,0,0,0.5,False,b27bc13cf8d60e65c63ebad6f86270936fe0f40ce6482fa466f1c4185321d0ea,False,False,False,False,False
llama1b,3072,12,77,balanced,stagger,study05_a1_s77_llama1b_kv3072_cap12-18_balanced_stagger_slai_port,slai_port,11,128,256,4.224471122000978,7.997306175000631,0.10927528100000927,0,0,0,0,0.10835278699960327,0,0,0.5,False,b72590f97ced50e685891449e70110503671d435507ae8afb945e50ee279fa03,False,False,False,False,False
llama1b,3072,12,77,balanced,stagger,study05_a1_s77_llama1b_kv3072_cap12-18_balanced_stagger_slai_port,slai_port,9,1024,256,7.868974408000213,11.375570918000449,0.017893342999741435,0,0,0,0,0.017196377000800567,0,0,0.5,False,ba42046bf337c8816baf0e99082fe59be82c5861173dd16c8f6699fe75370e61,False,False,False,False,False
llama1b,3072,12,77,balanced,burst,study05_a1_s77_llama1b_kv3072_cap12-19_balanced_burst_growth_only,growth_only,1,512,128,0.08477834099903703,1.9521574520003924,0.11697909100075776,0,0,0,0,0.11575487600021006,0,0,0.5,False,b27bc13cf8d60e65c63ebad6f86270936fe0f40ce6482fa466f1c4185321d0ea,False,False,False,False,False
llama1b,3072,12,77,balanced,burst,study05_a1_s77_llama1b_kv3072_cap12-19_balanced_burst_growth_only,growth_only,0,256,256,0.044174239001222304,3.8514672640012577,0.11711245500009682,0,0,0,0,0.11583435400098097,0,0,0.5,False,0a1b94b501ef8cfb8e4e1c6fb3b68cfd11d2cb4d24184ce7130f5cba0d1ad422,False,False,False,False,False
llama1b,3072,12,77,balanced,burst,study05_a1_s77_llama1b_kv3072_cap12-19_balanced_burst_growth_only,growth_only,2,1024,512,0.16721840699938184,7.403218164999998,0.11657270499927108,0,0,0,0,0.1158416970010876,0,0,0.5,False,5dd5903d66b0fc3e836ddc82a1a2ff989ed28091968f3b056246c006c012648f,False,False,False,False,False
llama1b,3072,12,77,balanced,burst,study05_a1_s77_llama1b_kv3072_cap12-19_balanced_burst_growth_only,growth_only,3,1024,512,1.9843279550004809,9.187772228999165,0.07271356499950343,0,0,0,0,0.07171393899989198,0,0,0.5,False,5dd5903d66b0fc3e836ddc82a1a2ff989ed28091968f3b056246c006c012648f,False,False,False,False,False
llama1b,3072,12,77,balanced,burst,study05_a1_s77_llama1b_kv3072_cap12-19_balanced_burst_growth_only,growth_only,4,512,128,7.391517365000254,9.250664916999085,0.09902765100014221,0,0,0,0,0.09760875499887334,0,0,0.5,False,b27bc13cf8d60e65c63ebad6f86270936fe0f40ce6482fa466f1c4185321d0ea,False,False,False,False,False
llama1b,3072,12,77,balanced,burst,study05_a1_s77_llama1b_kv3072_cap12-19_balanced_burst_growth_only,growth_only,7,128,64,9.10040968100111,10.080848753999817,0.11506762200042431,0,0,0,0,0.11412634500084096,0,0,0.5,False,35a387bd665a60a3ad812ad653d438950adc76575144ff7f6bb8a75ac1dad37e,False,False,False,False,False
llama1b,3072,12,77,balanced,burst,study05_a1_s77_llama1b_kv3072_cap12-19_balanced_burst_growth_only,growth_only,8,256,64,9.05058916300004,10.031155040000158,0.11526649400002498,0,0,0,0,0.11412749299961433,0,0,0.5,False,2147cb95e9e3c0e31e798ff3104db21bbcf50fc2b5489b269bceba058c7ce536,False,False,False,False,False
llama1b,3072,12,77,balanced,burst,study05_a1_s77_llama1b_kv3072_cap12-19_balanced_burst_growth_only,growth_only,6,512,128,9.15051383699938,11.061776021000696,0.11546961000021838,0,0,0,0,0.1141262569999526,0,0,0.5,False,b27bc13cf8d60e65c63ebad6f86270936fe0f40ce6482fa466f1c4185321d0ea,False,False,False,False,False
llama1b,3072,12,77,balanced,burst,study05_a1_s77_llama1b_kv3072_cap12-19_balanced_burst_growth_only,growth_only,10,256,64,9.99437640999895,10.874970951999785,0.018698813999435515,0,0,0,0,0.01835200599998643,0,0,0.5,False,2147cb95e9e3c0e31e798ff3104db21bbcf50fc2b5489b269bceba058c7ce536,False,False,False,False,False
llama1b,3072,12,77,balanced,burst,study05_a1_s77_llama1b_kv3072_cap12-19_balanced_burst_growth_only,growth_only,9,1024,256,9.13142743500066,12.719006371000432,0.04619037999873399,0,0,0,0,0.046263088001069264,0,0,0.5,False,ba42046bf337c8816baf0e99082fe59be82c5861173dd16c8f6699fe75370e61,False,False,False,False,False
llama1b,3072,12,77,balanced,burst,study05_a1_s77_llama1b_kv3072_cap12-19_balanced_burst_growth_only,growth_only,11,128,256,9.944414343000972,13.485809063000488,0.018785055999614997,0,0,0,0,0.018603902000904782,0,0,0.5,False,b72590f97ced50e685891449e70110503671d435507ae8afb945e50ee279fa03,False,False,False,False,False
llama1b,3072,12,77,balanced,burst,study05_a1_s77_llama1b_kv3072_cap12-19_balanced_burst_growth_only,growth_only,5,128,512,7.3415172820004955,14.65864539300128,0.11526236600002449,0,0,0,0,0.11412310699961381,0,0,0.5,False,c2faf8e6eb235a22a3ddd76bb74ab50407488f3d81509edf3919ebbfa3cd09b9,False,False,False,False,False
llama1b,3072,12,77,generation,burst,study05_a1_s77_llama1b_kv3072_cap12-20_generation_burst_baseline,baseline,0,512,64,0.06519573299920012,1.1590571480010112,0.06147302499994112,0,0,0,0,0.0607929800007696,0,0,0.5,False,7bc3f35a21678b9442a9428d42b64926474b14f235d6b8ada18a501c6d8067d7,False,False,False,False,False
llama1b,3072,12,77,generation,burst,study05_a1_s77_llama1b_kv3072_cap12-20_generation_burst_baseline,baseline,1,256,64,0.07222944800014375,1.2396640530005243,0.11516078699969512,0,0,0,0,0.11437205500078562,0,0,0.5,False,2147cb95e9e3c0e31e798ff3104db21bbcf50fc2b5489b269bceba058c7ce536,False,False,False,False,False
llama1b,3072,12,77,generation,burst,study05_a1_s77_llama1b_kv3072_cap12-20_generation_burst_baseline,baseline,4,256,256,0.10547736399894347,3.9027369579998776,0.11531293299958634,0,0,0,0,0.11439592600072501,0,0,0.5,False,0a1b94b501ef8cfb8e4e1c6fb3b68cfd11d2cb4d24184ce7130f5cba0d1ad422,False,False,False,False,False
llama1b,3072,12,77,generation,burst,study05_a1_s77_llama1b_kv3072_cap12-20_generation_burst_baseline,baseline,2,256,768,0.07338679999884334,11.274049710998952,0.11508202999903006,0,0,0,0,0.11439485600021726,0,0,0.5,False,ff2c625d728a9a95e9e96a47a6f55459f435d876cddb130d6cef7559e5698664,False,False,False,False,False
llama1b,3072,12,77,generation,burst,study05_a1_s77_llama1b_kv3072_cap12-20_generation_burst_baseline,baseline,3,512,768,0.09891087199866888,11.393828943999324,0.1554605609999271,0,0,0,0,0.15453498100032448,0,0,0.5,False,5817b4dcffa7efb08ba38ddb4f9539dd96ab162946ef6ae2bd78d83a83799a46,False,False,False,False,False
llama1b,3072,12,77,generation,burst,study05_a1_s77_llama1b_kv3072_cap12-20_generation_burst_baseline,baseline,7,512,256,0.09189766999952553,11.447847852999985,6.813099244998739,3,2030,2030,0,6.813415344999157,6.643449559000146,6.813099244998739,0.5,True,c54e21bfabaac286f2960213cbbcbb0b16f7c55c5b3540f0cef69a8cadd19db2,True,True,True,True,True
llama1b,3072,12,77,generation,burst,study05_a1_s77_llama1b_kv3072_cap12-20_generation_burst_baseline,baseline,5,128,768,0.07886924599915801,12.18099610399986,0.8218315439989965,1,843,843,0,0.8210710610001115,0,0,0.5,True,9397f4f97720ee715c2d8c280a316e97d88baa87e2b6a55a47f753d2ce9c1703,True,True,False,False,False
llama1b,3072,12,77,generation,burst,study05_a1_s77_llama1b_kv3072_cap12-20_generation_burst_baseline,baseline,10,128,64,0.8440138050009409,12.126988100000744,10.41626514499876,1,135,135,0,10.415928848000476,10.352267022999513,10.41626514499876,0.5,True,35a387bd665a60a3ad812ad653d438950adc76575144ff7f6bb8a75ac1dad37e,True,True,True,True,True
llama1b,3072,12,77,generation,burst,study05_a1_s77_llama1b_kv3072_cap12-20_generation_burst_baseline,baseline,11,256,64,11.310790097999416,12.192028605000814,0.01788464300079795,0,0,0,0,0.017413554998711334,0,0,0.5,False,2147cb95e9e3c0e31e798ff3104db21bbcf50fc2b5489b269bceba058c7ce536,False,False,False,False,False
llama1b,3072,12,77,generation,burst,study05_a1_s77_llama1b_kv3072_cap12-20_generation_burst_baseline,baseline,8,512,256,0.8894451970008959,14.148413037000864,9.65211330099919,1,565,565,0,9.65220130600028,9.482368510000015,9.65211330099919,0.5,True,c54e21bfabaac286f2960213cbbcbb0b16f7c55c5b3540f0cef69a8cadd19db2,True,True,True,True,True
llama1b,3072,12,77,generation,burst,study05_a1_s77_llama1b_kv3072_cap12-20_generation_burst_baseline,baseline,9,128,256,0.8939069480002217,14.428323281001212,9.959110686999338,1,157,157,0,9.959141604000251,9.789276780000364,9.959110686999338,0.5,True,b72590f97ced50e685891449e70110503671d435507ae8afb945e50ee279fa03,True,True,True,True,True
llama1b,3072,12,77,generation,burst,study05_a1_s77_llama1b_kv3072_cap12-20_generation_burst_baseline,baseline,6,128,768,0.05330781700104126,15.155253761000495,3.895087519000299,1,624,624,0,3.894563918000131,3.7245464560000983,3.895087519000299,0.5,True,9397f4f97720ee715c2d8c280a316e97d88baa87e2b6a55a47f753d2ce9c1703,True,True,True,True,False
llama1b,3072,12,77,balanced,stagger,study05_a1_s77_llama1b_kv3072_cap12-21_balanced_stagger_growth_only,growth_only,1,512,128,0.09188633300072979,1.9626563080000778,0.1102012770006695,0,0,0,0,0.10898553600054584,0,0,0.5,False,b27bc13cf8d60e65c63ebad6f86270936fe0f40ce6482fa466f1c4185321d0ea,False,False,False,False,False
llama1b,3072,12,77,balanced,stagger,study05_a1_s77_llama1b_kv3072_cap12-21_balanced_stagger_growth_only,growth_only,0,256,256,0.04227532500044617,3.8528455260002374,0.11426071599998977,0,0,0,0,0.11364560599940887,0,0,0.5,False,0a1b94b501ef8cfb8e4e1c6fb3b68cfd11d2cb4d24184ce7130f5cba0d1ad422,False,False,False,False,False
llama1b,3072,12,77,balanced,stagger,study05_a1_s77_llama1b_kv3072_cap12-21_balanced_stagger_growth_only,growth_only,2,1024,512,0.12998083100137592,7.3824503350006125,0.11416638999980933,0,0,0,0,0.113643315000445,0,0,0.5,False,5dd5903d66b0fc3e836ddc82a1a2ff989ed28091968f3b056246c006c012648f,False,False,False,False,False
llama1b,3072,12,77,balanced,stagger,study05_a1_s77_llama1b_kv3072_cap12-21_balanced_stagger_growth_only,growth_only,3,1024,512,1.537839544000235,8.744724587000746,0.07449258800079406,0,0,0,0,0.07388237200029835,0,0,0.5,False,5dd5903d66b0fc3e836ddc82a1a2ff989ed28091968f3b056246c006c012648f,False,False,False,False,False
llama1b,3072,12,77,balanced,stagger,study05_a1_s77_llama1b_kv3072_cap12-21_balanced_stagger_growth_only,growth_only,4,512,128,5.8521750660002,7.713918284000101,0.09779034099847195,0,0,0,0,0.09691057700001693,0,0,0.5,False,b27bc13cf8d60e65c63ebad6f86270936fe0f40ce6482fa466f1c4185321d0ea,False,False,False,False,False
llama1b,3072,12,77,balanced,stagger,study05_a1_s77_llama1b_kv3072_cap12-21_balanced_stagger_growth_only,growth_only,7,128,64,6.081250147999526,7.0723303529994155,0.11639169800037052,0,0,0,0,0.11548277200017765,0,0,0.5,False,35a387bd665a60a3ad812ad653d438950adc76575144ff7f6bb8a75ac1dad37e,False,False,False,False,False
llama1b,3072,12,77,balanced,stagger,study05_a1_s77_llama1b_kv3072_cap12-21_balanced_stagger_growth_only,growth_only,8,256,64,5.950684032000936,6.942910536999989,0.11602652800138458,0,0,0,0,0.11548304500138329,0,0,0.5,False,2147cb95e9e3c0e31e798ff3104db21bbcf50fc2b5489b269bceba058c7ce536,False,False,False,False,False
llama1b,3072,12,77,balanced,stagger,study05_a1_s77_llama1b_kv3072_cap12-21_balanced_stagger_growth_only,growth_only,6,512,128,6.333310741998503,8.25439249899864,0.11625254099999438,0,0,0,0,0.11547979899842176,0,0,0.5,False,b27bc13cf8d60e65c63ebad6f86270936fe0f40ce6482fa466f1c4185321d0ea,False,False,False,False,False
llama1b,3072,12,77,balanced,stagger,study05_a1_s77_llama1b_kv3072_cap12-21_balanced_stagger_growth_only,growth_only,10,256,64,5.9120789090011385,6.793349252000553,0.01837323699874105,0,0,0,0,0.01800318599998718,0,0,0.5,False,2147cb95e9e3c0e31e798ff3104db21bbcf50fc2b5489b269bceba058c7ce536,False,False,False,False,False
llama1b,3072,12,77,balanced,stagger,study05_a1_s77_llama1b_kv3072_cap12-21_balanced_stagger_growth_only,growth_only,9,1024,256,6.157327356000678,9.7498319740007,0.04556818499986548,0,0,0,0,0.045144521000111126,0,0,0.5,False,ba42046bf337c8816baf0e99082fe59be82c5861173dd16c8f6699fe75370e61,False,False,False,False,False
llama1b,3072,12,77,balanced,stagger,study05_a1_s77_llama1b_kv3072_cap12-21_balanced_stagger_growth_only,growth_only,11,128,256,5.3150559030000295,8.86651403599899,0.018307321000975207,0,0,0,0,0.018006832000537543,0,0,0.5,False,b72590f97ced50e685891449e70110503671d435507ae8afb945e50ee279fa03,False,False,False,False,False
llama1b,3072,12,77,balanced,stagger,study05_a1_s77_llama1b_kv3072_cap12-21_balanced_stagger_growth_only,growth_only,5,128,512,5.076735430999179,12.393259390999447,0.11627857799976482,0,0,0,0,0.11543841999991855,0,0,0.5,False,c2faf8e6eb235a22a3ddd76bb74ab50407488f3d81509edf3919ebbfa3cd09b9,False,False,False,False,False
llama1b,3072,12,77,generation,burst,study05_a1_s77_llama1b_kv3072_cap12-22_generation_burst_guard128,guard128,0,512,64,0.06231718900016858,1.0880006269999285,0.06219386399970972,0,0,0,0,0.061596920000738464,0,0,0.5,False,7bc3f35a21678b9442a9428d42b64926474b14f235d6b8ada18a501c6d8067d7,False,False,False,False,False
llama1b,3072,12,77,generation,burst,study05_a1_s77_llama1b_kv3072_cap12-22_generation_burst_guard128,guard128,1,256,64,0.06524496500060195,1.0660731570005737,0.06203046699920378,0,0,0,0,0.06160192300012568,0,0,0.5,False,2147cb95e9e3c0e31e798ff3104db21bbcf50fc2b5489b269bceba058c7ce536,False,False,False,False,False
llama1b,3072,12,77,generation,burst,study05_a1_s77_llama1b_kv3072_cap12-22_generation_burst_guard128,guard128,4,256,256,0.10034728299979179,3.8336899930000072,0.07364125700041768,0,0,0,0,0.07376323399876128,0,0,0.5,False,0a1b94b501ef8cfb8e4e1c6fb3b68cfd11d2cb4d24184ce7130f5cba0d1ad422,False,False,False,False,False
llama1b,3072,12,77,generation,burst,study05_a1_s77_llama1b_kv3072_cap12-22_generation_burst_guard128,guard128,7,512,256,0.8431386009997368,4.807368526000573,0.3432239940011641,1,664,664,0,0.3432698979995621,0,0,0.5,False,c54e21bfabaac286f2960213cbbcbb0b16f7c55c5b3540f0cef69a8cadd19db2,True,False,False,False,False
llama1b,3072,12,77,generation,burst,study05_a1_s77_llama1b_kv3072_cap12-22_generation_burst_guard128,guard128,2,256,768,0.06722878300024604,14.930442868000682,0.4729283790002228,7,6281,6281,0,0.4728840260013385,0,0,0.5,False,ff2c625d728a9a95e9e96a47a6f55459f435d876cddb130d6cef7559e5698664,True,False,False,False,False
llama1b,3072,12,77,generation,burst,study05_a1_s77_llama1b_kv3072_cap12-22_generation_burst_guard128,guard128,5,128,768,0.07252233199869806,15.151612089999617,0.4551268129998789,8,5813,5813,0,0.4550840590000007,0,0,0.5,False,9397f4f97720ee715c2d8c280a316e97d88baa87e2b6a55a47f753d2ce9c1703,True,False,False,False,False
llama1b,3072,12,77,generation,burst,study05_a1_s77_llama1b_kv3072_cap12-22_generation_burst_guard128,guard128,6,128,768,0.062361659000089276,15.115729154000292,0.4398667059995205,10,7423,7423,0,0.4397348200000124,0,0,0.5,False,9397f4f97720ee715c2d8c280a316e97d88baa87e2b6a55a47f753d2ce9c1703,True,False,False,False,False
llama1b,3072,12,77,generation,burst,study05_a1_s77_llama1b_kv3072_cap12-22_generation_burst_guard128,guard128,3,512,768,0.0939857960001973,15.692829908000931,0.4189770930006489,10,11504,11504,0,0.41883271199912997,0,0,0.5,False,5817b4dcffa7efb08ba38ddb4f9539dd96ab162946ef6ae2bd78d83a83799a46,True,False,False,False,False
llama1b,3072,12,77,generation,burst,study05_a1_s77_llama1b_kv3072_cap12-22_generation_burst_guard128,guard128,10,128,64,15.160142962999089,16.028130324999438,0.019238548999055638,0,0,0,0,0.019069842999670072,0,0,0.5,False,35a387bd665a60a3ad812ad653d438950adc76575144ff7f6bb8a75ac1dad37e,False,False,False,False,False
llama1b,3072,12,77,generation,burst,study05_a1_s77_llama1b_kv3072_cap12-22_generation_burst_guard128,guard128,11,256,64,15.110310505999223,15.97825378699963,0.019351075001395657,0,0,0,0,0.019064689999140683,0,0,0.5,False,2147cb95e9e3c0e31e798ff3104db21bbcf50fc2b5489b269bceba058c7ce536,False,False,False,False,False
llama1b,3072,12,77,generation,burst,study05_a1_s77_llama1b_kv3072_cap12-22_generation_burst_guard128,guard128,8,512,256,15.26035079200119,18.750061383001594,0.01942041800066363,0,0,0,0,0.019049075999646448,0,0,0.5,False,c54e21bfabaac286f2960213cbbcbb0b16f7c55c5b3540f0cef69a8cadd19db2,False,False,False,False,False
llama1b,3072,12,77,generation,burst,study05_a1_s77_llama1b_kv3072_cap12-22_generation_burst_guard128,guard128,9,128,256,15.210438275000342,18.70026260099985,0.01932147600018652,0,0,0,0,0.01906855800007179,0,0,0.5,False,b72590f97ced50e685891449e70110503671d435507ae8afb945e50ee279fa03,False,False,False,False,False
llama1b,3072,12,77,generation,burst,study05_a1_s77_llama1b_kv3072_cap12-23_generation_burst_guard256,guard256,0,512,64,0.06350696499976038,1.0362815930002398,0.06172396400143043,0,0,0,0,0.06091539899898635,0,0,0.5,False,7bc3f35a21678b9442a9428d42b64926474b14f235d6b8ada18a501c6d8067d7,False,False,False,False,False
llama1b,3072,12,77,generation,burst,study05_a1_s77_llama1b_kv3072_cap12-23_generation_burst_guard256,guard256,1,256,64,0.06648648599912121,1.0543304099992383,0.06182497299960232,0,0,0,0,0.060932250000405475,0,0,0.5,False,2147cb95e9e3c0e31e798ff3104db21bbcf50fc2b5489b269bceba058c7ce536,False,False,False,False,False
llama1b,3072,12,77,generation,burst,study05_a1_s77_llama1b_kv3072_cap12-23_generation_burst_guard256,guard256,4,256,256,0.9039795190001314,4.479432654999982,0.02187402199888311,0,0,0,0,0.02196929199999431,0,0,0.5,False,0a1b94b501ef8cfb8e4e1c6fb3b68cfd11d2cb4d24184ce7130f5cba0d1ad422,False,False,False,False,False
llama1b,3072,12,77,generation,burst,study05_a1_s77_llama1b_kv3072_cap12-23_generation_burst_guard256,guard256,2,256,768,0.06849773999965691,13.538080439999248,0.4721205369987729,5,4624,4624,0,0.4721008319993416,0,0,0.5,False,ff2c625d728a9a95e9e96a47a6f55459f435d876cddb130d6cef7559e5698664,True,False,False,False,False
llama1b,3072,12,77,generation,burst,study05_a1_s77_llama1b_kv3072_cap12-23_generation_burst_guard256,guard256,3,512,768,0.09770804499930819,13.990202341999975,0.41709998099941004,6,7034,7034,0,0.41725235100057034,0,0,0.5,False,5817b4dcffa7efb08ba38ddb4f9539dd96ab162946ef6ae2bd78d83a83799a46,True,False,False,False,False
llama1b,3072,12,77,generation,burst,study05_a1_s77_llama1b_kv3072_cap12-23_generation_burst_guard256,guard256,5,128,768,0.8541430320001382,14.782402528000603,0.3792771640000865,6,4304,4304,0,0.3797243730004993,0,0,0.5,False,9397f4f97720ee715c2d8c280a316e97d88baa87e2b6a55a47f753d2ce9c1703,True,False,False,False,False
llama1b,3072,12,77,generation,burst,study05_a1_s77_llama1b_kv3072_cap12-23_generation_burst_guard256,guard256,6,128,768,0.8405443329993432,14.733863404999283,0.36254938000092807,7,5014,5014,0,0.36246387399842206,0,0,0.5,False,9397f4f97720ee715c2d8c280a316e97d88baa87e2b6a55a47f753d2ce9c1703,True,False,False,False,False
llama1b,3072,12,77,generation,burst,study05_a1_s77_llama1b_kv3072_cap12-23_generation_burst_guard256,guard256,10,128,64,14.65663249300087,15.543209408000621,0.017439512999771978,0,0,0,0,0.01741524700082664,0,0,0.5,False,35a387bd665a60a3ad812ad653d438950adc76575144ff7f6bb8a75ac1dad37e,False,False,False,False,False
llama1b,3072,12,77,generation,burst,study05_a1_s77_llama1b_kv3072_cap12-23_generation_burst_guard256,guard256,11,256,64,14.60679177700149,15.493513826000708,0.017698658999506733,0,0,0,0,0.017414124000424636,0,0,0.5,False,2147cb95e9e3c0e31e798ff3104db21bbcf50fc2b5489b269bceba058c7ce536,False,False,False,False,False
llama1b,3072,12,77,generation,burst,study05_a1_s77_llama1b_kv3072_cap12-23_generation_burst_guard256,guard256,7,512,256,13.866875906000132,17.519613209000454,0.11057693299881066,0,0,0,0,0.10935248500027228,0,0,0.5,False,c54e21bfabaac286f2960213cbbcbb0b16f7c55c5b3540f0cef69a8cadd19db2,False,False,False,False,False
llama1b,3072,12,77,generation,burst,study05_a1_s77_llama1b_kv3072_cap12-23_generation_burst_guard256,guard256,8,512,256,14.756821893999586,18.292502066000452,0.018613632000779035,0,0,0,0,0.018641753000338213,0,0,0.5,False,c54e21bfabaac286f2960213cbbcbb0b16f7c55c5b3540f0cef69a8cadd19db2,False,False,False,False,False
llama1b,3072,12,77,generation,burst,study05_a1_s77_llama1b_kv3072_cap12-23_generation_burst_guard256,guard256,9,128,256,14.706718494999222,18.24277309399986,0.01848834100019303,0,0,0,0,0.018641742999534472,0,0,0.5,False,b72590f97ced50e685891449e70110503671d435507ae8afb945e50ee279fa03,False,False,False,False,False
qwen1.5b,3072,6,77,generation,burst,study06_a1_s77_qwen1.5b_kv3072_cap6-00_generation_burst_guard128,guard128,0,512,64,0.07653923100042448,1.4279601010002807,0.11515283500011719,0,0,0,0,0.11417418499877385,0,0,0.5,False,590daf2e29135ee2485dfb19d82e58965a788053018e5ec50255ebd1cd82336c,False,False,False,False,False
qwen1.5b,3072,6,77,generation,burst,study06_a1_s77_qwen1.5b_kv3072_cap6-00_generation_burst_guard128,guard128,1,256,64,0.10682979600096587,1.4307542710012058,0.11519348500041815,0,0,0,0,0.11418728300122893,0,0,0.5,False,2b0e70ae4eb67c19b8dc49541418178a1cf1910fc4dd263f7accff3eb0e1e13b,False,False,False,False,False
qwen1.5b,3072,6,77,generation,burst,study06_a1_s77_qwen1.5b_kv3072_cap6-00_generation_burst_guard128,guard128,4,256,256,0.1742882210000971,5.231025925999347,0.10790372299925366,0,0,0,0,0.10766462199899252,0,0,0.5,False,4b4e7b7ccba06f00fbf940068bf4cae0c51f6ce6b01a519cc18c3116385ddcac,False,False,False,False,False
qwen1.5b,3072,6,77,generation,burst,study06_a1_s77_qwen1.5b_kv3072_cap6-00_generation_burst_guard128,guard128,7,512,256,1.2393769339996652,6.523739612999634,0.3799809780011856,1,673,673,0,0.3801319960002729,0,0,0.5,False,656e05bc9171a2e86b23b91b5ba98d7a0be5e68c9709b7846c75f1b71a7e4fed,True,False,False,False,False
qwen1.5b,3072,6,77,generation,burst,study06_a1_s77_qwen1.5b_kv3072_cap6-00_generation_burst_guard128,guard128,2,256,768,0.19016505800027517,21.484695213001032,0.5656354519996967,11,10098,10098,0,0.5658862740001496,0,0,0.5,True,492875ae243db7dba3a1837f2cf56e86de6b9f5da806c48bae78c311f6e3a690,True,True,False,False,False
qwen1.5b,3072,6,77,generation,burst,study06_a1_s77_qwen1.5b_kv3072_cap6-00_generation_burst_guard128,guard128,3,512,768,0.13992892399983248,21.837253642999713,0.48086531899934926,12,13874,13874,0,0.4810327659997711,0,0,0.5,False,a22a9f02ec8840c7abdc59173464be27ce341cac5e82d014d4c7366c5493ea5b,True,False,False,False,False
qwen1.5b,3072,6,77,generation,burst,study06_a1_s77_qwen1.5b_kv3072_cap6-00_generation_burst_guard128,guard128,5,128,768,0.12448346200108062,21.95674751900151,0.5312965729990538,11,8161,8161,0,0.5311159670000052,0,0,0.5,True,28ec60118a0ce239757f7d525fcbf290def53574bdb9bd990d4970a30c2ae421,True,True,False,False,False
qwen1.5b,3072,6,77,generation,burst,study06_a1_s77_qwen1.5b_kv3072_cap6-00_generation_burst_guard128,guard128,6,128,768,1.1804350889997295,22.762246409,0.512223581001308,12,8312,8312,0,0.5123525939998217,0,0,0.5,True,28ec60118a0ce239757f7d525fcbf290def53574bdb9bd990d4970a30c2ae421,True,True,False,False,False
qwen1.5b,3072,6,77,generation,burst,study06_a1_s77_qwen1.5b_kv3072_cap6-00_generation_burst_guard128,guard128,11,256,64,21.742838882000797,22.853954154999883,0.02366288200028066,0,0,0,0,0.02369721099967137,0,0,0.5,False,99b39f389d58c69381582ff9765b946050cc1b056e37d1975914a1bc4e29233b,False,False,False,False,False
qwen1.5b,3072,6,77,generation,burst,study06_a1_s77_qwen1.5b_kv3072_cap6-00_generation_burst_guard128,guard128,10,128,64,21.79292463099955,22.90400224199948,0.023683154000536888,0,0,0,0,0.02369791800083476,0,0,0.5,False,cc72bcd794559d6d60ee051bdda3f65dad186ba0ec91ebb3b078f82c7ded15df,False,False,False,False,False
qwen1.5b,3072,6,77,generation,burst,study06_a1_s77_qwen1.5b_kv3072_cap6-00_generation_burst_guard128,guard128,9,128,256,21.658565883999472,26.45884523099994,0.06728015699991374,0,0,0,0,0.06716390799920191,0,0,0.5,False,bf62b27947e9283e7065364bab8cd45fdaf6d8df88e55b44cac41a47a5d2821b,False,False,False,False,False
qwen1.5b,3072,6,77,generation,burst,study06_a1_s77_qwen1.5b_kv3072_cap6-00_generation_burst_guard128,guard128,8,512,256,21.70871771899874,26.50916001800033,0.06740383699980157,0,0,0,0,0.06715070199970796,0,0,0.5,False,656e05bc9171a2e86b23b91b5ba98d7a0be5e68c9709b7846c75f1b71a7e4fed,False,False,False,False,False
qwen1.5b,3072,6,77,generation,burst,study06_a1_s77_qwen1.5b_kv3072_cap6-01_generation_burst_baseline,baseline,0,512,64,0.09863464899899554,1.5498391969995282,0.10303469700011192,0,0,0,0,0.10192635500061442,0,0,0.5,False,590daf2e29135ee2485dfb19d82e58965a788053018e5ec50255ebd1cd82336c,False,False,False,False,False
qwen1.5b,3072,6,77,generation,burst,study06_a1_s77_qwen1.5b_kv3072_cap6-01_generation_burst_baseline,baseline,1,256,64,0.12289682300070126,1.5528713580006297,0.10300502900099673,0,0,0,0,0.10192874900167226,0,0,0.5,False,2b0e70ae4eb67c19b8dc49541418178a1cf1910fc4dd263f7accff3eb0e1e13b,False,False,False,False,False
qwen1.5b,3072,6,77,generation,burst,study06_a1_s77_qwen1.5b_kv3072_cap6-01_generation_burst_baseline,baseline,4,256,256,0.18170185000053607,5.002801934000672,0.0922635890001402,0,0,0,0,0.09202628999992157,0,0,0.5,False,4b4e7b7ccba06f00fbf940068bf4cae0c51f6ce6b01a519cc18c3116385ddcac,False,False,False,False,False
qwen1.5b,3072,6,77,generation,burst,study06_a1_s77_qwen1.5b_kv3072_cap6-01_generation_burst_baseline,baseline,2,256,768,0.1276288499993825,14.05334863600001,0.10299964899968472,0,0,0,0,0.10280542799955583,0,0,0.5,False,492875ae243db7dba3a1837f2cf56e86de6b9f5da806c48bae78c311f6e3a690,False,False,False,False,False
qwen1.5b,3072,6,77,generation,burst,study06_a1_s77_qwen1.5b_kv3072_cap6-01_generation_burst_baseline,baseline,3,512,768,0.18067856100060453,14.022148378000566,0.10287129399875994,0,0,0,0,0.10280923000027542,0,0,0.5,False,a22a9f02ec8840c7abdc59173464be27ce341cac5e82d014d4c7366c5493ea5b,False,False,False,False,False
qwen1.5b,3072,6,77,generation,burst,study06_a1_s77_qwen1.5b_kv3072_cap6-01_generation_burst_baseline,baseline,7,512,256,1.3648378460002277,14.537272616000337,7.958736563999992,2,1422,1422,0,7.958046189000015,7.540060497000013,7.958736563999992,0.5,True,656e05bc9171a2e86b23b91b5ba98d7a0be5e68c9709b7846c75f1b71a7e4fed,True,True,True,True,True
qwen1.5b,3072,6,77,generation,burst,study06_a1_s77_qwen1.5b_kv3072_cap6-01_generation_burst_baseline,baseline,5,128,768,0.16222990399910486,15.22966218900001,1.0386300899990601,1,845,845,0,1.0386106919995655,0.8099398969989124,1.0386300899990601,0.5,True,28ec60118a0ce239757f7d525fcbf290def53574bdb9bd990d4970a30c2ae421,True,True,True,False,False
qwen1.5b,3072,6,77,generation,burst,study06_a1_s77_qwen1.5b_kv3072_cap6-01_generation_burst_baseline,baseline,10,128,64,14.089980101000037,15.277944999999818,0.09951840299981995,1,144,144,0,0.0992589899997256,0,0,0.5,False,cc72bcd794559d6d60ee051bdda3f65dad186ba0ec91ebb3b078f82c7ded15df,False,False,False,False,False
qwen1.5b,3072,6,77,generation,burst,study06_a1_s77_qwen1.5b_kv3072_cap6-01_generation_burst_baseline,baseline,11,256,64,14.419256243001655,15.51790240200171,0.019865424001181964,0,0,0,0,0.019736645999728353,0,0,0.5,False,99b39f389d58c69381582ff9765b946050cc1b056e37d1975914a1bc4e29233b,False,False,False,False,False
qwen1.5b,3072,6,77,generation,burst,study06_a1_s77_qwen1.5b_kv3072_cap6-01_generation_burst_baseline,baseline,9,128,256,14.14018093300001,18.60201418199904,0.061982007000551675,0,0,0,0,0.0616536340003222,0,0,0.5,False,bf62b27947e9283e7065364bab8cd45fdaf6d8df88e55b44cac41a47a5d2821b,False,False,False,False,False
qwen1.5b,3072,6,77,generation,burst,study06_a1_s77_qwen1.5b_kv3072_cap6-01_generation_burst_baseline,baseline,8,512,256,14.19036971100104,18.652372506001484,0.06197645899919735,0,0,0,0,0.06165300999964529,0,0,0.5,False,656e05bc9171a2e86b23b91b5ba98d7a0be5e68c9709b7846c75f1b71a7e4fed,False,False,False,False,False
qwen1.5b,3072,6,77,generation,burst,study06_a1_s77_qwen1.5b_kv3072_cap6-01_generation_burst_baseline,baseline,6,128,768,1.303312136000386,19.708054459000778,4.59641785399981,1,581,581,0,4.596843328999967,4.367643637999208,4.59641785399981,0.5,True,28ec60118a0ce239757f7d525fcbf290def53574bdb9bd990d4970a30c2ae421,True,True,True,True,False
qwen1.5b,3072,6,77,generation,burst,study06_a1_s77_qwen1.5b_kv3072_cap6-02_generation_burst_slai_port,slai_port,0,512,64,0.08280405400000745,1.3869558379992668,0.12404604400035169,0,0,0,0,0.12361857399992005,0,0,0.5,False,590daf2e29135ee2485dfb19d82e58965a788053018e5ec50255ebd1cd82336c,False,False,False,False,False
qwen1.5b,3072,6,77,generation,burst,study06_a1_s77_qwen1.5b_kv3072_cap6-02_generation_burst_slai_port,slai_port,1,256,64,0.10576227999990806,1.3899734289989283,0.12389077900115808,0,0,0,0,0.12365529399903608,0,0,0.5,False,2b0e70ae4eb67c19b8dc49541418178a1cf1910fc4dd263f7accff3eb0e1e13b,False,False,False,False,False
qwen1.5b,3072,6,77,generation,burst,study06_a1_s77_qwen1.5b_kv3072_cap6-02_generation_burst_slai_port,slai_port,4,256,256,0.18066013600036968,4.667910152000331,0.03762969600029464,0,0,0,0,0.03703811099876475,0,0,0.5,False,4b4e7b7ccba06f00fbf940068bf4cae0c51f6ce6b01a519cc18c3116385ddcac,False,False,False,False,False
qwen1.5b,3072,6,77,generation,burst,study06_a1_s77_qwen1.5b_kv3072_cap6-02_generation_burst_slai_port,slai_port,9,128,256,1.0453748469990387,5.508858451999913,0.029902109999966342,0,0,0,0,0.02971472100034589,0,0,0.5,False,bf62b27947e9283e7065364bab8cd45fdaf6d8df88e55b44cac41a47a5d2821b,False,False,False,False,False
qwen1.5b,3072,6,77,generation,burst,study06_a1_s77_qwen1.5b_kv3072_cap6-02_generation_burst_slai_port,slai_port,10,128,64,4.416916391000996,5.567410244000712,0.05282386500039138,0,0,0,0,0.052521039999192,0,0,0.5,False,cc72bcd794559d6d60ee051bdda3f65dad186ba0ec91ebb3b078f82c7ded15df,False,False,False,False,False
qwen1.5b,3072,6,77,generation,burst,study06_a1_s77_qwen1.5b_kv3072_cap6-02_generation_burst_slai_port,slai_port,11,256,64,5.4818458879999525,6.565746660999139,0.01991010100027779,0,0,0,0,0.020167939999737428,0,0,0.5,False,99b39f389d58c69381582ff9765b946050cc1b056e37d1975914a1bc4e29233b,False,False,False,False,False
qwen1.5b,3072,6,77,generation,burst,study06_a1_s77_qwen1.5b_kv3072_cap6-02_generation_burst_slai_port,slai_port,3,512,768,0.14873967099993024,13.922624823999286,0.11828651100040588,0,0,0,0,0.11767791499914892,0,0,0.5,False,a22a9f02ec8840c7abdc59173464be27ce341cac5e82d014d4c7366c5493ea5b,False,False,False,False,False
qwen1.5b,3072,6,77,generation,burst,study06_a1_s77_qwen1.5b_kv3072_cap6-02_generation_burst_slai_port,slai_port,6,128,768,1.1396717130010074,14.929041958001108,0.11818368400054169,0,0,0,0,0.11768578000010166,0,0,0.5,False,28ec60118a0ce239757f7d525fcbf290def53574bdb9bd990d4970a30c2ae421,False,False,False,False,False
qwen1.5b,3072,6,77,generation,burst,study06_a1_s77_qwen1.5b_kv3072_cap6-02_generation_burst_slai_port,slai_port,2,256,768,0.198527123000531,15.902562007000597,2.0348001120000845,1,992,992,0,2.033901856999364,1.8097351050000725,2.0348001120000845,0.5,True,492875ae243db7dba3a1837f2cf56e86de6b9f5da806c48bae78c311f6e3a690,True,True,True,True,False
qwen1.5b,3072,6,77,generation,burst,study06_a1_s77_qwen1.5b_kv3072_cap6-02_generation_burst_slai_port,slai_port,5,128,768,0.13081267200141156,18.099942724000357,4.077429385999494,1,640,640,0,4.077192251999804,3.960051325000677,4.077429385999494,0.5,True,28ec60118a0ce239757f7d525fcbf290def53574bdb9bd990d4970a30c2ae421,True,True,True,True,False
qwen1.5b,3072,6,77,generation,burst,study06_a1_s77_qwen1.5b_kv3072_cap6-02_generation_burst_slai_port,slai_port,7,512,256,6.871432668000125,18.000501358001202,4.084763028000452,2,1056,1056,0,4.084143897000104,6.217986939000184,6.42945977600175,0.5,True,656e05bc9171a2e86b23b91b5ba98d7a0be5e68c9709b7846c75f1b71a7e4fed,True,True,True,True,False
qwen1.5b,3072,6,77,generation,burst,study06_a1_s77_qwen1.5b_kv3072_cap6-02_generation_burst_slai_port,slai_port,8,512,256,15.052769501000512,19.556663855000807,0.027430064001237042,0,0,0,0,0.027296063999528997,0,0,0.5,False,656e05bc9171a2e86b23b91b5ba98d7a0be5e68c9709b7846c75f1b71a7e4fed,False,False,False,False,False
qwen1.5b,3072,6,77,generation,stagger,study06_a1_s77_qwen1.5b_kv3072_cap6-03_generation_stagger_slai_port,slai_port,0,512,64,0.08997937199819717,1.1541687569988426,0.02533936200052267,0,0,0,0,0.025412547000087216,0,0,0.5,False,590daf2e29135ee2485dfb19d82e58965a788053018e5ec50255ebd1cd82336c,False,False,False,False,False
qwen1.5b,3072,6,77,generation,stagger,study06_a1_s77_qwen1.5b_kv3072_cap6-03_generation_stagger_slai_port,slai_port,1,256,64,0.05245232400011446,1.146587945999272,0.026511471000048914,0,0,0,0,0.026495435000470025,0,0,0.5,False,2b0e70ae4eb67c19b8dc49541418178a1cf1910fc4dd263f7accff3eb0e1e13b,False,False,False,False,False
qwen1.5b,3072,6,77,generation,stagger,study06_a1_s77_qwen1.5b_kv3072_cap6-03_generation_stagger_slai_port,slai_port,4,256,256,0.07647940599963476,4.7091821689991775,0.08532312399984221,0,0,0,0,0.08490692299892544,0,0,0.5,False,4b4e7b7ccba06f00fbf940068bf4cae0c51f6ce6b01a519cc18c3116385ddcac,False,False,False,False,False
qwen1.5b,3072,6,77,generation,stagger,study06_a1_s77_qwen1.5b_kv3072_cap6-03_generation_stagger_slai_port,slai_port,7,512,256,0.11359060700124246,4.788500157999806,0.11595575799947255,0,0,0,0,0.11586237200026517,0,0,0.5,False,656e05bc9171a2e86b23b91b5ba98d7a0be5e68c9709b7846c75f1b71a7e4fed,False,False,False,False,False
qwen1.5b,3072,6,77,generation,stagger,study06_a1_s77_qwen1.5b_kv3072_cap6-03_generation_stagger_slai_port,slai_port,10,128,64,3.2170830750001187,4.376046514998961,0.03074804099924222,0,0,0,0,0.031079657001100713,0,0,0.5,False,cc72bcd794559d6d60ee051bdda3f65dad186ba0ec91ebb3b078f82c7ded15df,False,False,False,False,False
qwen1.5b,3072,6,77,generation,stagger,study06_a1_s77_qwen1.5b_kv3072_cap6-03_generation_stagger_slai_port,slai_port,11,256,64,3.9863351120002335,5.134833375999733,0.02552368699980434,0,0,0,0,0.025699051999254152,0,0,0.5,False,99b39f389d58c69381582ff9765b946050cc1b056e37d1975914a1bc4e29233b,False,False,False,False,False
qwen1.5b,3072,6,77,generation,stagger,study06_a1_s77_qwen1.5b_kv3072_cap6-03_generation_stagger_slai_port,slai_port,9,128,256,2.5827410359997884,7.400721740001245,0.08436708400040516,0,0,0,0,0.08376694400067208,0,0,0.5,False,bf62b27947e9283e7065364bab8cd45fdaf6d8df88e55b44cac41a47a5d2821b,False,False,False,False,False
qwen1.5b,3072,6,77,generation,stagger,study06_a1_s77_qwen1.5b_kv3072_cap6-03_generation_stagger_slai_port,slai_port,5,128,768,0.07205493800029217,14.406103409000934,0.2629999790005968,1,400,400,0,0.2626152990014816,0,0,0.5,False,28ec60118a0ce239757f7d525fcbf290def53574bdb9bd990d4970a30c2ae421,True,False,False,False,False
qwen1.5b,3072,6,77,generation,stagger,study06_a1_s77_qwen1.5b_kv3072_cap6-03_generation_stagger_slai_port,slai_port,2,256,768,0.0669161730002088,15.734962414999245,1.3208375860012893,1,736,736,0,1.320558493000135,1.194953558000634,1.3208375860012893,0.5,True,492875ae243db7dba3a1837f2cf56e86de6b9f5da806c48bae78c311f6e3a690,True,True,True,False,False
qwen1.5b,3072,6,77,generation,stagger,study06_a1_s77_qwen1.5b_kv3072_cap6-03_generation_stagger_slai_port,slai_port,6,128,768,0.06680196200068167,15.149983624000015,0.775083683000048,1,480,480,0,0.7748383379985171,0,0,0.5,True,28ec60118a0ce239757f7d525fcbf290def53574bdb9bd990d4970a30c2ae421,True,True,False,False,False
qwen1.5b,3072,6,77,generation,stagger,study06_a1_s77_qwen1.5b_kv3072_cap6-03_generation_stagger_slai_port,slai_port,3,512,768,0.11922160600079224,19.66353259599964,4.433027105000292,2,1760,1760,0,4.432576256000175,4.258795012001428,4.433027105000292,0.5,True,a22a9f02ec8840c7abdc59173464be27ce341cac5e82d014d4c7366c5493ea5b,True,True,True,True,False
qwen1.5b,3072,6,77,generation,stagger,study06_a1_s77_qwen1.5b_kv3072_cap6-03_generation_stagger_slai_port,slai_port,8,512,256,13.972589252000034,18.413779029999205,0.027343923000444192,0,0,0,0,0.0275037359988346,0,0,0.5,False,656e05bc9171a2e86b23b91b5ba98d7a0be5e68c9709b7846c75f1b71a7e4fed,False,False,False,False,False
qwen1.5b,3072,6,77,generation,burst,study06_a1_s77_qwen1.5b_kv3072_cap6-04_generation_burst_adaptive_resume,adaptive_resume,0,512,64,0.08816122399912274,1.3931622380005138,0.08889698700113513,0,0,0,0,0.08881560800000443,0,0,0.5,False,590daf2e29135ee2485dfb19d82e58965a788053018e5ec50255ebd1cd82336c,False,False,False,False,False
qwen1.5b,3072,6,77,generation,burst,study06_a1_s77_qwen1.5b_kv3072_cap6-04_generation_burst_adaptive_resume,adaptive_resume,1,256,64,0.1127059710015601,1.3955101410010684,0.08916207500078599,0,0,0,0,0.08881041799941158,0,0,0.5,False,2b0e70ae4eb67c19b8dc49541418178a1cf1910fc4dd263f7accff3eb0e1e13b,False,False,False,False,False
qwen1.5b,3072,6,77,generation,burst,study06_a1_s77_qwen1.5b_kv3072_cap6-04_generation_burst_adaptive_resume,adaptive_resume,4,256,256,0.16861572599918873,4.731517635000273,0.08312676100104,0,0,0,0,0.08213057200009644,0,0,0.5,False,4b4e7b7ccba06f00fbf940068bf4cae0c51f6ce6b01a519cc18c3116385ddcac,False,False,False,False,False
qwen1.5b,3072,6,77,generation,burst,study06_a1_s77_qwen1.5b_kv3072_cap6-04_generation_burst_adaptive_resume,adaptive_resume,2,256,768,0.1205742439997266,13.763644347998707,0.10418490799929714,0,0,0,0,0.10397143799855257,0,0,0.5,False,492875ae243db7dba3a1837f2cf56e86de6b9f5da806c48bae78c311f6e3a690,False,False,False,False,False
qwen1.5b,3072,6,77,generation,burst,study06_a1_s77_qwen1.5b_kv3072_cap6-04_generation_burst_adaptive_resume,adaptive_resume,3,512,768,0.15946368100048858,13.73104857600083,0.1037356839988206,0,0,0,0,0.10397070500039263,0,0,0.5,False,a22a9f02ec8840c7abdc59173464be27ce341cac5e82d014d4c7366c5493ea5b,False,False,False,False,False
qwen1.5b,3072,6,77,generation,burst,study06_a1_s77_qwen1.5b_kv3072_cap6-04_generation_burst_adaptive_resume,adaptive_resume,7,512,256,1.1992604639999627,14.146804646999954,7.841203759999189,2,1422,1422,0,7.841035027000544,7.516080183999293,7.841203759999189,0.5,True,656e05bc9171a2e86b23b91b5ba98d7a0be5e68c9709b7846c75f1b71a7e4fed,True,True,True,True,True
qwen1.5b,3072,6,77,generation,burst,study06_a1_s77_qwen1.5b_kv3072_cap6-04_generation_burst_adaptive_resume,adaptive_resume,5,128,768,0.151880256998993,14.849141262999183,1.0454197029994248,1,845,845,0,1.0454588259999582,0.8141315169996233,1.0454197029994248,0.5,True,28ec60118a0ce239757f7d525fcbf290def53574bdb9bd990d4970a30c2ae421,True,True,True,False,False
qwen1.5b,3072,6,77,generation,burst,study06_a1_s77_qwen1.5b_kv3072_cap6-04_generation_burst_adaptive_resume,adaptive_resume,11,256,64,14.650293888000306,15.754061973000717,0.020897620999676292,0,0,0,0,0.020732085999043193,0,0,0.5,False,99b39f389d58c69381582ff9765b946050cc1b056e37d1975914a1bc4e29233b,False,False,False,False,False
qwen1.5b,3072,6,77,generation,burst,study06_a1_s77_qwen1.5b_kv3072_cap6-04_generation_burst_adaptive_resume,adaptive_resume,10,128,64,14.700463860999662,15.804182526000659,0.020888196000669268,0,0,0,0,0.020732039998620166,0,0,0.5,False,cc72bcd794559d6d60ee051bdda3f65dad186ba0ec91ebb3b078f82c7ded15df,False,False,False,False,False
qwen1.5b,3072,6,77,generation,burst,study06_a1_s77_qwen1.5b_kv3072_cap6-04_generation_burst_adaptive_resume,adaptive_resume,8,512,256,14.202067498999895,18.669483121999292,0.0829317389998323,0,0,0,0,0.08244093800021801,0,0,0.5,False,656e05bc9171a2e86b23b91b5ba98d7a0be5e68c9709b7846c75f1b71a7e4fed,False,False,False,False,False
qwen1.5b,3072,6,77,generation,burst,study06_a1_s77_qwen1.5b_kv3072_cap6-04_generation_burst_adaptive_resume,adaptive_resume,9,128,256,14.750047520001317,19.148277564001546,0.023533909999969183,0,0,0,0,0.02213265600039449,0,0,0.5,False,bf62b27947e9283e7065364bab8cd45fdaf6d8df88e55b44cac41a47a5d2821b,False,False,False,False,False
qwen1.5b,3072,6,77,generation,burst,study06_a1_s77_qwen1.5b_kv3072_cap6-04_generation_burst_adaptive_resume,adaptive_resume,6,128,768,1.1458435299991834,19.4016776619992,4.583980800000063,1,581,581,0,4.584438162999504,4.352624687999196,4.583980800000063,0.5,True,28ec60118a0ce239757f7d525fcbf290def53574bdb9bd990d4970a30c2ae421,True,True,True,True,False
qwen1.5b,3072,6,77,generation,stagger,study06_a1_s77_qwen1.5b_kv3072_cap6-05_generation_stagger_adaptive_resume,adaptive_resume,0,512,64,0.08242281300044851,1.1291290510016552,0.019993910998891806,0,0,0,0,0.020104365999941365,0,0,0.5,False,590daf2e29135ee2485dfb19d82e58965a788053018e5ec50255ebd1cd82336c,False,False,False,False,False
qwen1.5b,3072,6,77,generation,stagger,study06_a1_s77_qwen1.5b_kv3072_cap6-05_generation_stagger_adaptive_resume,adaptive_resume,1,256,64,0.058653117001085775,1.092022482000175,0.01970325600086653,0,0,0,0,0.019631401999504305,0,0,0.5,False,2b0e70ae4eb67c19b8dc49541418178a1cf1910fc4dd263f7accff3eb0e1e13b,False,False,False,False,False
qwen1.5b,3072,6,77,generation,stagger,study06_a1_s77_qwen1.5b_kv3072_cap6-05_generation_stagger_adaptive_resume,adaptive_resume,4,256,256,0.08282213900019997,4.651395400000183,0.08672248000038962,0,0,0,0,0.08690315900093992,0,0,0.5,False,4b4e7b7ccba06f00fbf940068bf4cae0c51f6ce6b01a519cc18c3116385ddcac,False,False,False,False,False
qwen1.5b,3072,6,77,generation,stagger,study06_a1_s77_qwen1.5b_kv3072_cap6-05_generation_stagger_adaptive_resume,adaptive_resume,2,256,768,0.05403011199996399,13.713450376000765,0.10276341700046032,0,0,0,0,0.10213691799981461,0,0,0.5,False,492875ae243db7dba3a1837f2cf56e86de6b9f5da806c48bae78c311f6e3a690,False,False,False,False,False
qwen1.5b,3072,6,77,generation,stagger,study06_a1_s77_qwen1.5b_kv3072_cap6-05_generation_stagger_adaptive_resume,adaptive_resume,3,512,768,0.12302988600094977,13.907048677001512,0.2063073049994273,0,0,0,0,0.20615660200019192,0,0,0.5,False,a22a9f02ec8840c7abdc59173464be27ce341cac5e82d014d4c7366c5493ea5b,False,False,False,False,False
qwen1.5b,3072,6,77,generation,stagger,study06_a1_s77_qwen1.5b_kv3072_cap6-05_generation_stagger_adaptive_resume,adaptive_resume,7,512,256,0.11217727300027036,13.402091312000266,7.91475877800076,2,1427,1427,0,7.915395952999461,7.787403989001177,7.91475877800076,0.5,True,656e05bc9171a2e86b23b91b5ba98d7a0be5e68c9709b7846c75f1b71a7e4fed,True,True,True,True,True
qwen1.5b,3072,6,77,generation,stagger,study06_a1_s77_qwen1.5b_kv3072_cap6-05_generation_stagger_adaptive_resume,adaptive_resume,5,128,768,0.0594079389993567,14.518932089998998,0.7582578530000319,1,817,817,0,0.758330874999956,0,0,0.5,True,28ec60118a0ce239757f7d525fcbf290def53574bdb9bd990d4970a30c2ae421,True,True,False,False,False
qwen1.5b,3072,6,77,generation,stagger,study06_a1_s77_qwen1.5b_kv3072_cap6-05_generation_stagger_adaptive_resume,adaptive_resume,11,256,64,11.977786096000273,13.066396204001649,0.01998609800102713,0,0,0,0,0.019732562999706715,0,0,0.5,False,99b39f389d58c69381582ff9765b946050cc1b056e37d1975914a1bc4e29233b,False,False,False,False,False
qwen1.5b,3072,6,77,generation,stagger,study06_a1_s77_qwen1.5b_kv3072_cap6-05_generation_stagger_adaptive_resume,adaptive_resume,10,128,64,12.4427809050012,13.531472230999498,0.02003224500003853,0,0,0,0,0.01973141099915665,0,0,0.5,False,cc72bcd794559d6d60ee051bdda3f65dad186ba0ec91ebb3b078f82c7ded15df,False,False,False,False,False
qwen1.5b,3072,6,77,generation,stagger,study06_a1_s77_qwen1.5b_kv3072_cap6-05_generation_stagger_adaptive_resume,adaptive_resume,6,128,768,0.06367292899994936,18.034892378000222,4.290442177998557,1,595,595,0,4.290523752999434,4.060841677999633,4.290442177998557,0.5,True,28ec60118a0ce239757f7d525fcbf290def53574bdb9bd990d4970a30c2ae421,True,True,True,True,False
qwen1.5b,3072,6,77,generation,stagger,study06_a1_s77_qwen1.5b_kv3072_cap6-05_generation_stagger_adaptive_resume,adaptive_resume,9,128,256,11.939200541999526,16.361786764999124,0.06040283299989824,0,0,0,0,0.05964521900023101,0,0,0.5,False,bf62b27947e9283e7065364bab8cd45fdaf6d8df88e55b44cac41a47a5d2821b,False,False,False,False,False
qwen1.5b,3072,6,77,generation,stagger,study06_a1_s77_qwen1.5b_kv3072_cap6-05_generation_stagger_adaptive_resume,adaptive_resume,8,512,256,13.056444853000357,17.479032526998708,0.06030259399994975,0,0,0,0,0.059644090999427135,0,0,0.5,False,656e05bc9171a2e86b23b91b5ba98d7a0be5e68c9709b7846c75f1b71a7e4fed,False,False,False,False,False
qwen1.5b,3072,6,77,generation,stagger,study06_a1_s77_qwen1.5b_kv3072_cap6-06_generation_stagger_guard128,guard128,0,512,64,0.0821452659984061,1.1384356189992104,0.020527881999441888,0,0,0,0,0.020597336000719224,0,0,0.5,False,590daf2e29135ee2485dfb19d82e58965a788053018e5ec50255ebd1cd82336c,False,False,False,False,False
qwen1.5b,3072,6,77,generation,stagger,study06_a1_s77_qwen1.5b_kv3072_cap6-06_generation_stagger_guard128,guard128,1,256,64,0.051651249999849824,1.0976907719996234,0.02019988999927591,0,0,0,0,0.020188120999591774,0,0,0.5,False,2b0e70ae4eb67c19b8dc49541418178a1cf1910fc4dd263f7accff3eb0e1e13b,False,False,False,False,False
qwen1.5b,3072,6,77,generation,stagger,study06_a1_s77_qwen1.5b_kv3072_cap6-06_generation_stagger_guard128,guard128,4,256,256,0.07400492700071482,5.07569134699952,0.34092499899998074,1,504,504,0,0.3408520449993375,0,0,0.5,False,4b4e7b7ccba06f00fbf940068bf4cae0c51f6ce6b01a519cc18c3116385ddcac,True,False,False,False,False
qwen1.5b,3072,6,77,generation,stagger,study06_a1_s77_qwen1.5b_kv3072_cap6-06_generation_stagger_guard128,guard128,7,512,256,0.10915768599988951,5.182640336000986,0.38409467699966626,1,684,684,0,0.38447690599969064,0,0,0.5,False,656e05bc9171a2e86b23b91b5ba98d7a0be5e68c9709b7846c75f1b71a7e4fed,True,False,False,False,False
qwen1.5b,3072,6,77,generation,stagger,study06_a1_s77_qwen1.5b_kv3072_cap6-06_generation_stagger_guard128,guard128,2,256,768,0.05264476199954515,18.684702594000555,0.56261577999976,9,7269,8292,1023,0.5628740709998965,0,0,0.5,True,492875ae243db7dba3a1837f2cf56e86de6b9f5da806c48bae78c311f6e3a690,True,True,False,False,False
qwen1.5b,3072,6,77,generation,stagger,study06_a1_s77_qwen1.5b_kv3072_cap6-06_generation_stagger_guard128,guard128,3,512,768,0.11438097300015215,19.140228283000397,0.47707758899923647,9,10065,10065,0,0.47739948100024776,0,0,0.5,False,a22a9f02ec8840c7abdc59173464be27ce341cac5e82d014d4c7366c5493ea5b,True,False,False,False,False
qwen1.5b,3072,6,77,generation,stagger,study06_a1_s77_qwen1.5b_kv3072_cap6-06_generation_stagger_guard128,guard128,5,128,768,0.06330821299889067,19.353582714998993,0.49350945800142654,9,6202,6202,0,0.49347429999943415,0,0,0.5,False,28ec60118a0ce239757f7d525fcbf290def53574bdb9bd990d4970a30c2ae421,True,False,False,False,False
qwen1.5b,3072,6,77,generation,stagger,study06_a1_s77_qwen1.5b_kv3072_cap6-06_generation_stagger_guard128,guard128,6,128,768,0.05928529700031504,19.12164270300127,0.47460308500012616,10,6838,6838,0,0.4746427290010615,0,0,0.5,False,28ec60118a0ce239757f7d525fcbf290def53574bdb9bd990d4970a30c2ae421,True,False,False,False,False
qwen1.5b,3072,6,77,generation,stagger,study06_a1_s77_qwen1.5b_kv3072_cap6-06_generation_stagger_guard128,guard128,10,128,64,17.279645705000803,18.353654751999784,0.020465719000640092,0,0,0,0,0.02018929299993033,0,0,0.5,False,cc72bcd794559d6d60ee051bdda3f65dad186ba0ec91ebb3b078f82c7ded15df,False,False,False,False,False
qwen1.5b,3072,6,77,generation,stagger,study06_a1_s77_qwen1.5b_kv3072_cap6-06_generation_stagger_guard128,guard128,11,256,64,16.814710036998804,17.889058595999813,0.020138873000178137,0,0,0,0,0.020189475999359274,0,0,0.5,False,99b39f389d58c69381582ff9765b946050cc1b056e37d1975914a1bc4e29233b,False,False,False,False,False
qwen1.5b,3072,6,77,generation,stagger,study06_a1_s77_qwen1.5b_kv3072_cap6-06_generation_stagger_guard128,guard128,9,128,256,16.63435944699995,21.052472033999948,0.06190639300075418,0,0,0,0,0.06138475599982485,0,0,0.5,False,bf62b27947e9283e7065364bab8cd45fdaf6d8df88e55b44cac41a47a5d2821b,False,False,False,False,False
qwen1.5b,3072,6,77,generation,stagger,study06_a1_s77_qwen1.5b_kv3072_cap6-06_generation_stagger_guard128,guard128,8,512,256,17.751640385999053,22.170226700000057,0.06206398100039223,0,0,0,0,0.06138366899904213,0,0,0.5,False,656e05bc9171a2e86b23b91b5ba98d7a0be5e68c9709b7846c75f1b71a7e4fed,False,False,False,False,False
qwen1.5b,3072,6,77,generation,stagger,study06_a1_s77_qwen1.5b_kv3072_cap6-07_generation_stagger_guard256,guard256,0,512,64,0.08220353400065505,1.1351150760001474,0.022312086000965792,0,0,0,0,0.02254834599989408,0,0,0.5,False,590daf2e29135ee2485dfb19d82e58965a788053018e5ec50255ebd1cd82336c,False,False,False,False,False
qwen1.5b,3072,6,77,generation,stagger,study06_a1_s77_qwen1.5b_kv3072_cap6-07_generation_stagger_guard256,guard256,1,256,64,0.05361336100031622,1.1010634249996656,0.01881723100086674,0,0,0,0,0.01893461799954821,0,0,0.5,False,2b0e70ae4eb67c19b8dc49541418178a1cf1910fc4dd263f7accff3eb0e1e13b,False,False,False,False,False
qwen1.5b,3072,6,77,generation,stagger,study06_a1_s77_qwen1.5b_kv3072_cap6-07_generation_stagger_guard256,guard256,4,256,256,0.08077227000103449,4.529735562000496,0.03521785700104374,0,0,0,0,0.0351099500003329,0,0,0.5,False,4b4e7b7ccba06f00fbf940068bf4cae0c51f6ce6b01a519cc18c3116385ddcac,False,False,False,False,False
qwen1.5b,3072,6,77,generation,stagger,study06_a1_s77_qwen1.5b_kv3072_cap6-07_generation_stagger_guard256,guard256,2,256,768,0.054256815999906394,18.013822398999764,0.5614822309998999,7,6454,6454,0,0.5613837510009034,0,0,0.5,True,492875ae243db7dba3a1837f2cf56e86de6b9f5da806c48bae78c311f6e3a690,True,True,False,False,False
qwen1.5b,3072,6,77,generation,stagger,study06_a1_s77_qwen1.5b_kv3072_cap6-07_generation_stagger_guard256,guard256,3,512,768,0.1205774250011018,18.673565688000963,0.47272326500024064,9,10406,10406,0,0.47274778800056083,0,0,0.5,False,a22a9f02ec8840c7abdc59173464be27ce341cac5e82d014d4c7366c5493ea5b,True,False,False,False,False
qwen1.5b,3072,6,77,generation,stagger,study06_a1_s77_qwen1.5b_kv3072_cap6-07_generation_stagger_guard256,guard256,5,128,768,0.07184789900020405,18.722392969000794,0.506510289000289,8,5803,5803,0,0.5058320059997641,0,0,0.5,True,28ec60118a0ce239757f7d525fcbf290def53574bdb9bd990d4970a30c2ae421,True,True,False,False,False
qwen1.5b,3072,6,77,generation,stagger,study06_a1_s77_qwen1.5b_kv3072_cap6-07_generation_stagger_guard256,guard256,6,128,768,0.06662026699996204,18.652816492000056,0.48727356500057795,9,6393,6393,0,0.4862855570008833,0,0,0.5,False,28ec60118a0ce239757f7d525fcbf290def53574bdb9bd990d4970a30c2ae421,True,False,False,False,False
qwen1.5b,3072,6,77,generation,stagger,study06_a1_s77_qwen1.5b_kv3072_cap6-07_generation_stagger_guard256,guard256,10,128,64,16.950381902001027,18.035825972001476,0.02008602699970652,0,0,0,0,0.020357806999527384,0,0,0.5,False,cc72bcd794559d6d60ee051bdda3f65dad186ba0ec91ebb3b078f82c7ded15df,False,False,False,False,False
qwen1.5b,3072,6,77,generation,stagger,study06_a1_s77_qwen1.5b_kv3072_cap6-07_generation_stagger_guard256,guard256,11,256,64,16.485409263999827,17.57110767099948,0.020194652999634854,0,0,0,0,0.02035828800035233,0,0,0.5,False,99b39f389d58c69381582ff9765b946050cc1b056e37d1975914a1bc4e29233b,False,False,False,False,False
qwen1.5b,3072,6,77,generation,stagger,study06_a1_s77_qwen1.5b_kv3072_cap6-07_generation_stagger_guard256,guard256,7,512,256,17.73856473699925,22.272182396998687,0.08456349900006899,0,0,0,0,0.0841720329990494,0,0,0.5,False,656e05bc9171a2e86b23b91b5ba98d7a0be5e68c9709b7846c75f1b71a7e4fed,False,False,False,False,False
qwen1.5b,3072,6,77,generation,stagger,study06_a1_s77_qwen1.5b_kv3072_cap6-07_generation_stagger_guard256,guard256,8,512,256,17.88282389899905,22.332802592000007,0.08355315500011784,0,0,0,0,0.08296379199964576,0,0,0.5,False,656e05bc9171a2e86b23b91b5ba98d7a0be5e68c9709b7846c75f1b71a7e4fed,False,False,False,False,False
qwen1.5b,3072,6,77,generation,stagger,study06_a1_s77_qwen1.5b_kv3072_cap6-07_generation_stagger_guard256,guard256,9,128,256,17.043439793998914,21.404497194000214,0.023550896999950055,0,0,0,0,0.023406559999784804,0,0,0.5,False,bf62b27947e9283e7065364bab8cd45fdaf6d8df88e55b44cac41a47a5d2821b,False,False,False,False,False
qwen1.5b,3072,6,77,generation,burst,study06_a1_s77_qwen1.5b_kv3072_cap6-08_generation_burst_growth_only,growth_only,0,512,64,0.08384739200118929,1.385734458001025,0.08829727199918125,0,0,0,0,0.08797624100043322,0,0,0.5,False,590daf2e29135ee2485dfb19d82e58965a788053018e5ec50255ebd1cd82336c,False,False,False,False,False
qwen1.5b,3072,6,77,generation,burst,study06_a1_s77_qwen1.5b_kv3072_cap6-08_generation_burst_growth_only,growth_only,1,256,64,0.11046472300040477,1.3855849080009648,0.08830489400133956,0,0,0,0,0.08796996000091895,0,0,0.5,False,2b0e70ae4eb67c19b8dc49541418178a1cf1910fc4dd263f7accff3eb0e1e13b,False,False,False,False,False
qwen1.5b,3072,6,77,generation,burst,study06_a1_s77_qwen1.5b_kv3072_cap6-08_generation_burst_growth_only,growth_only,4,256,256,0.161240284998712,4.7249879319988395,0.08806326699959754,0,0,0,0,0.08761717800007318,0,0,0.5,False,4b4e7b7ccba06f00fbf940068bf4cae0c51f6ce6b01a519cc18c3116385ddcac,False,False,False,False,False
qwen1.5b,3072,6,77,generation,burst,study06_a1_s77_qwen1.5b_kv3072_cap6-08_generation_burst_growth_only,growth_only,2,256,768,0.11430565399859915,13.81856160999996,0.09703751400047622,0,0,0,0,0.09629817700079002,0,0,0.5,False,492875ae243db7dba3a1837f2cf56e86de6b9f5da806c48bae78c311f6e3a690,False,False,False,False,False
qwen1.5b,3072,6,77,generation,burst,study06_a1_s77_qwen1.5b_kv3072_cap6-08_generation_burst_growth_only,growth_only,3,512,768,0.15282882300016354,13.785883414999262,0.09662650000063877,0,0,0,0,0.09630112400009239,0,0,0.5,False,a22a9f02ec8840c7abdc59173464be27ce341cac5e82d014d4c7366c5493ea5b,False,False,False,False,False
qwen1.5b,3072,6,77,generation,burst,study06_a1_s77_qwen1.5b_kv3072_cap6-08_generation_burst_growth_only,growth_only,7,512,256,1.1938219069998013,14.194852915999945,7.909195737000118,2,1422,1422,0,7.909314980999625,7.593216496999958,7.909195737000118,0.5,True,656e05bc9171a2e86b23b91b5ba98d7a0be5e68c9709b7846c75f1b71a7e4fed,True,True,True,True,True
qwen1.5b,3072,6,77,generation,burst,study06_a1_s77_qwen1.5b_kv3072_cap6-08_generation_burst_growth_only,growth_only,5,128,768,0.14660330200058524,14.939869625000938,1.0417347459988378,1,845,845,0,1.0415976459989906,0.8156463989998883,1.0417347459988378,0.5,True,28ec60118a0ce239757f7d525fcbf290def53574bdb9bd990d4970a30c2ae421,True,True,True,False,False
qwen1.5b,3072,6,77,generation,burst,study06_a1_s77_qwen1.5b_kv3072_cap6-08_generation_burst_growth_only,growth_only,10,128,64,14.183260280000468,15.325846181000088,0.052409150999665144,0,0,0,0,0.05234960900088481,0,0,0.5,False,cc72bcd794559d6d60ee051bdda3f65dad186ba0ec91ebb3b078f82c7ded15df,False,False,False,False,False
qwen1.5b,3072,6,77,generation,burst,study06_a1_s77_qwen1.5b_kv3072_cap6-08_generation_burst_growth_only,growth_only,11,256,64,14.712668734000545,15.819572313001117,0.022183328999744845,0,0,0,0,0.022118249000413925,0,0,0.5,False,99b39f389d58c69381582ff9765b946050cc1b056e37d1975914a1bc4e29233b,False,False,False,False,False
qwen1.5b,3072,6,77,generation,burst,study06_a1_s77_qwen1.5b_kv3072_cap6-08_generation_burst_growth_only,growth_only,9,128,256,14.233493281999472,18.688150919999316,0.05285522200028936,0,0,0,0,0.05236554399925808,0,0,0.5,False,bf62b27947e9283e7065364bab8cd45fdaf6d8df88e55b44cac41a47a5d2821b,False,False,False,False,False
qwen1.5b,3072,6,77,generation,burst,study06_a1_s77_qwen1.5b_kv3072_cap6-08_generation_burst_growth_only,growth_only,8,512,256,14.283618666999246,18.738498077998884,0.05281445299988263,0,0,0,0,0.052365747000294505,0,0,0.5,False,656e05bc9171a2e86b23b91b5ba98d7a0be5e68c9709b7846c75f1b71a7e4fed,False,False,False,False,False
qwen1.5b,3072,6,77,generation,burst,study06_a1_s77_qwen1.5b_kv3072_cap6-08_generation_burst_growth_only,growth_only,6,128,768,1.1354375680002704,19.466466579999178,4.632951364001201,1,581,581,0,4.633079107999947,4.406942993000484,4.632951364001201,0.5,True,28ec60118a0ce239757f7d525fcbf290def53574bdb9bd990d4970a30c2ae421,True,True,True,True,False
qwen1.5b,3072,6,77,generation,stagger,study06_a1_s77_qwen1.5b_kv3072_cap6-09_generation_stagger_baseline,baseline,0,512,64,0.08422167400021863,1.1406505600007222,0.020287782999730553,0,0,0,0,0.020331828998678247,0,0,0.5,False,590daf2e29135ee2485dfb19d82e58965a788053018e5ec50255ebd1cd82336c,False,False,False,False,False
qwen1.5b,3072,6,77,generation,stagger,study06_a1_s77_qwen1.5b_kv3072_cap6-09_generation_stagger_baseline,baseline,1,256,64,0.051138603001163574,1.0873510140008875,0.020567302000927157,0,0,0,0,0.020865911999862874,0,0,0.5,False,2b0e70ae4eb67c19b8dc49541418178a1cf1910fc4dd263f7accff3eb0e1e13b,False,False,False,False,False
qwen1.5b,3072,6,77,generation,stagger,study06_a1_s77_qwen1.5b_kv3072_cap6-09_generation_stagger_baseline,baseline,4,256,256,0.0754780600000231,4.639137234998998,0.08965645599892014,0,0,0,0,0.08972247199926642,0,0,0.5,False,4b4e7b7ccba06f00fbf940068bf4cae0c51f6ce6b01a519cc18c3116385ddcac,False,False,False,False,False
qwen1.5b,3072,6,77,generation,stagger,study06_a1_s77_qwen1.5b_kv3072_cap6-09_generation_stagger_baseline,baseline,2,256,768,0.06012486299914599,13.6912412699985,0.09874546300125076,0,0,0,0,0.09851145500033454,0,0,0.5,False,492875ae243db7dba3a1837f2cf56e86de6b9f5da806c48bae78c311f6e3a690,False,False,False,False,False
qwen1.5b,3072,6,77,generation,stagger,study06_a1_s77_qwen1.5b_kv3072_cap6-09_generation_stagger_baseline,baseline,3,512,768,0.1233278159998008,13.869711080000343,0.20758099499835225,0,0,0,0,0.2074292079996667,0,0,0.5,False,a22a9f02ec8840c7abdc59173464be27ce341cac5e82d014d4c7366c5493ea5b,False,False,False,False,False
qwen1.5b,3072,6,77,generation,stagger,study06_a1_s77_qwen1.5b_kv3072_cap6-09_generation_stagger_baseline,baseline,7,512,256,0.11584162600047421,13.472937947999526,7.976524253999742,2,1426,1426,0,7.975144681999154,7.750765583999964,7.976524253999742,0.5,True,656e05bc9171a2e86b23b91b5ba98d7a0be5e68c9709b7846c75f1b71a7e4fed,True,True,True,True,True
qwen1.5b,3072,6,77,generation,stagger,study06_a1_s77_qwen1.5b_kv3072_cap6-09_generation_stagger_baseline,baseline,5,128,768,0.06767345200023556,14.576869918000739,0.7685847469983855,1,817,817,0,0.7685099699992861,0,0,0.5,True,28ec60118a0ce239757f7d525fcbf290def53574bdb9bd990d4970a30c2ae421,True,True,False,False,False
qwen1.5b,3072,6,77,generation,stagger,study06_a1_s77_qwen1.5b_kv3072_cap6-09_generation_stagger_baseline,baseline,10,128,64,11.375388858001315,12.809471967000718,0.3473859829991852,1,137,137,0,0.347088853999594,0,0,0.5,False,cc72bcd794559d6d60ee051bdda3f65dad186ba0ec91ebb3b078f82c7ded15df,True,False,False,False,False
qwen1.5b,3072,6,77,generation,stagger,study06_a1_s77_qwen1.5b_kv3072_cap6-09_generation_stagger_baseline,baseline,11,256,64,11.414440054999432,12.515355211000497,0.021002289000534802,0,0,0,0,0.02043734300059441,0,0,0.5,False,99b39f389d58c69381582ff9765b946050cc1b056e37d1975914a1bc4e29233b,False,False,False,False,False
qwen1.5b,3072,6,77,generation,stagger,study06_a1_s77_qwen1.5b_kv3072_cap6-09_generation_stagger_baseline,baseline,8,512,256,12.585668973999418,17.059704618999604,0.06377729700034251,0,0,0,0,0.06331374700130254,0,0,0.5,False,656e05bc9171a2e86b23b91b5ba98d7a0be5e68c9709b7846c75f1b71a7e4fed,False,False,False,False,False
qwen1.5b,3072,6,77,generation,stagger,study06_a1_s77_qwen1.5b_kv3072_cap6-09_generation_stagger_baseline,baseline,9,128,256,11.46812864399908,15.942657503999726,0.06349623000096472,0,0,0,0,0.06331427300028736,0,0,0.5,False,bf62b27947e9283e7065364bab8cd45fdaf6d8df88e55b44cac41a47a5d2821b,False,False,False,False,False
qwen1.5b,3072,6,77,generation,stagger,study06_a1_s77_qwen1.5b_kv3072_cap6-09_generation_stagger_baseline,baseline,6,128,768,0.06311545700009447,18.060910057998626,4.2953688589987,1,594,594,0,4.295804518998921,4.065776284998719,4.2953688589987,0.5,True,28ec60118a0ce239757f7d525fcbf290def53574bdb9bd990d4970a30c2ae421,True,True,True,True,False
qwen1.5b,3072,6,77,generation,stagger,study06_a1_s77_qwen1.5b_kv3072_cap6-10_generation_stagger_growth_only,growth_only,0,512,64,0.0832252400014113,1.1296324360009748,0.01900345000103698,0,0,0,0,0.019026858999495744,0,0,0.5,False,590daf2e29135ee2485dfb19d82e58965a788053018e5ec50255ebd1cd82336c,False,False,False,False,False
qwen1.5b,3072,6,77,generation,stagger,study06_a1_s77_qwen1.5b_kv3072_cap6-10_generation_stagger_growth_only,growth_only,1,256,64,0.052662369000245235,1.1116923589997896,0.01991544500015152,0,0,0,0,0.020256068999515264,0,0,0.5,False,2b0e70ae4eb67c19b8dc49541418178a1cf1910fc4dd263f7accff3eb0e1e13b,False,False,False,False,False
qwen1.5b,3072,6,77,generation,stagger,study06_a1_s77_qwen1.5b_kv3072_cap6-10_generation_stagger_growth_only,growth_only,4,256,256,0.08484712899917213,4.615905708000355,0.08246169999983977,0,0,0,0,0.08201649299917335,0,0,0.5,False,4b4e7b7ccba06f00fbf940068bf4cae0c51f6ce6b01a519cc18c3116385ddcac,False,False,False,False,False
qwen1.5b,3072,6,77,generation,stagger,study06_a1_s77_qwen1.5b_kv3072_cap6-10_generation_stagger_growth_only,growth_only,2,256,768,0.05690549300015846,13.661644306001108,0.10028273100033402,0,0,0,0,0.10007049300111248,0,0,0.5,False,492875ae243db7dba3a1837f2cf56e86de6b9f5da806c48bae78c311f6e3a690,False,False,False,False,False
qwen1.5b,3072,6,77,generation,stagger,study06_a1_s77_qwen1.5b_kv3072_cap6-10_generation_stagger_growth_only,growth_only,3,512,768,0.11237029600124515,13.8433929060011,0.21011025100051484,0,0,0,0,0.2099175749990536,0,0,0.5,False,a22a9f02ec8840c7abdc59173464be27ce341cac5e82d014d4c7366c5493ea5b,False,False,False,False,False
qwen1.5b,3072,6,77,generation,stagger,study06_a1_s77_qwen1.5b_kv3072_cap6-10_generation_stagger_growth_only,growth_only,7,512,256,0.10601950000091165,13.389346707001096,7.887808348001272,2,1423,1423,0,7.88809209000101,7.76526228000148,7.887808348001272,0.5,True,656e05bc9171a2e86b23b91b5ba98d7a0be5e68c9709b7846c75f1b71a7e4fed,True,True,True,True,True
qwen1.5b,3072,6,77,generation,stagger,study06_a1_s77_qwen1.5b_kv3072_cap6-10_generation_stagger_growth_only,growth_only,5,128,768,0.05493342800036771,14.510265536000588,0.7619808729996294,1,817,817,0,0.7622688589999598,0,0,0.5,True,28ec60118a0ce239757f7d525fcbf290def53574bdb9bd990d4970a30c2ae421,True,True,False,False,False
qwen1.5b,3072,6,77,generation,stagger,study06_a1_s77_qwen1.5b_kv3072_cap6-10_generation_stagger_growth_only,growth_only,10,128,64,11.853933577000134,12.981127265000396,0.051860470999599784,0,0,0,0,0.052050188000066555,0,0,0.5,False,cc72bcd794559d6d60ee051bdda3f65dad186ba0ec91ebb3b078f82c7ded15df,False,False,False,False,False
qwen1.5b,3072,6,77,generation,stagger,study06_a1_s77_qwen1.5b_kv3072_cap6-10_generation_stagger_growth_only,growth_only,11,256,64,11.962753941999836,13.049073604999649,0.0215999109987024,0,0,0,0,0.021604667999781668,0,0,0.5,False,99b39f389d58c69381582ff9765b946050cc1b056e37d1975914a1bc4e29233b,False,False,False,False,False
qwen1.5b,3072,6,77,generation,stagger,study06_a1_s77_qwen1.5b_kv3072_cap6-10_generation_stagger_growth_only,growth_only,6,128,768,0.06346429000041098,18.06320765700002,4.324671231001048,1,593,593,0,4.324474458999248,4.095705857000212,4.324671231001048,0.5,True,28ec60118a0ce239757f7d525fcbf290def53574bdb9bd990d4970a30c2ae421,True,True,True,True,False
qwen1.5b,3072,6,77,generation,stagger,study06_a1_s77_qwen1.5b_kv3072_cap6-10_generation_stagger_growth_only,growth_only,8,512,256,13.064018592998764,17.490493287999925,0.05184869699951378,0,0,0,0,0.0520520670015685,0,0,0.5,False,656e05bc9171a2e86b23b91b5ba98d7a0be5e68c9709b7846c75f1b71a7e4fed,False,False,False,False,False
qwen1.5b,3072,6,77,generation,stagger,study06_a1_s77_qwen1.5b_kv3072_cap6-10_generation_stagger_growth_only,growth_only,9,128,256,11.946982668998317,16.373506931999145,0.0515919120007311,0,0,0,0,0.05205100199964363,0,0,0.5,False,bf62b27947e9283e7065364bab8cd45fdaf6d8df88e55b44cac41a47a5d2821b,False,False,False,False,False
qwen1.5b,3072,6,77,generation,burst,study06_a1_s77_qwen1.5b_kv3072_cap6-11_generation_burst_guard256,guard256,0,512,64,0.08996716700130492,1.3303454610013432,0.08935461500004749,0,0,0,0,0.08927646700067271,0,0,0.5,False,590daf2e29135ee2485dfb19d82e58965a788053018e5ec50255ebd1cd82336c,False,False,False,False,False
qwen1.5b,3072,6,77,generation,burst,study06_a1_s77_qwen1.5b_kv3072_cap6-11_generation_burst_guard256,guard256,1,256,64,0.1165385160002188,1.365823996000472,0.08935942099924432,0,0,0,0,0.08926912899914896,0,0,0.5,False,2b0e70ae4eb67c19b8dc49541418178a1cf1910fc4dd263f7accff3eb0e1e13b,False,False,False,False,False
qwen1.5b,3072,6,77,generation,burst,study06_a1_s77_qwen1.5b_kv3072_cap6-11_generation_burst_guard256,guard256,4,256,256,1.2155013089995919,5.685599536000154,0.03245872799925564,0,0,0,0,0.03248755899949174,0,0,0.5,False,4b4e7b7ccba06f00fbf940068bf4cae0c51f6ce6b01a519cc18c3116385ddcac,False,False,False,False,False
qwen1.5b,3072,6,77,generation,burst,study06_a1_s77_qwen1.5b_kv3072_cap6-11_generation_burst_guard256,guard256,2,256,768,0.12254780699913681,18.668731861998822,0.5633827219990053,8,7450,7450,0,0.5630663639985869,0,0,0.5,True,492875ae243db7dba3a1837f2cf56e86de6b9f5da806c48bae78c311f6e3a690,True,True,False,False,False
qwen1.5b,3072,6,77,generation,burst,study06_a1_s77_qwen1.5b_kv3072_cap6-11_generation_burst_guard256,guard256,3,512,768,0.1618602340004145,19.31783316899964,0.47900401199876796,9,10550,10550,0,0.47880277299918816,0,0,0.5,False,a22a9f02ec8840c7abdc59173464be27ce341cac5e82d014d4c7366c5493ea5b,True,False,False,False,False
qwen1.5b,3072,6,77,generation,burst,study06_a1_s77_qwen1.5b_kv3072_cap6-11_generation_burst_guard256,guard256,6,128,768,1.1687705739986995,20.32149097599904,0.4867158130000462,11,7993,7993,0,0.4865045939986885,0,0,0.5,False,28ec60118a0ce239757f7d525fcbf290def53574bdb9bd990d4970a30c2ae421,True,False,False,False,False
qwen1.5b,3072,6,77,generation,burst,study06_a1_s77_qwen1.5b_kv3072_cap6-11_generation_burst_guard256,guard256,5,128,768,1.1657181749997108,20.4697175780002,0.5077813710013288,9,6470,6470,0,0.5079323829995701,0,0,0.5,True,28ec60118a0ce239757f7d525fcbf290def53574bdb9bd990d4970a30c2ae421,True,True,False,False,False
qwen1.5b,3072,6,77,generation,burst,study06_a1_s77_qwen1.5b_kv3072_cap6-11_generation_burst_guard256,guard256,10,128,64,20.328853408000214,21.418943785998636,0.02022270700035733,0,0,0,0,0.01983872599885217,0,0,0.5,False,cc72bcd794559d6d60ee051bdda3f65dad186ba0ec91ebb3b078f82c7ded15df,False,False,False,False,False
qwen1.5b,3072,6,77,generation,burst,study06_a1_s77_qwen1.5b_kv3072_cap6-11_generation_burst_guard256,guard256,11,256,64,20.278826654999648,21.36912211299932,0.02023337999889918,0,0,0,0,0.019841519000692642,0,0,0.5,False,99b39f389d58c69381582ff9765b946050cc1b056e37d1975914a1bc4e29233b,False,False,False,False,False
qwen1.5b,3072,6,77,generation,burst,study06_a1_s77_qwen1.5b_kv3072_cap6-11_generation_burst_guard256,guard256,7,512,256,19.222495668000192,23.76973093400011,0.08742528800030414,0,0,0,0,0.08739355100078683,0,0,0.5,False,656e05bc9171a2e86b23b91b5ba98d7a0be5e68c9709b7846c75f1b71a7e4fed,False,False,False,False,False
qwen1.5b,3072,6,77,generation,burst,study06_a1_s77_qwen1.5b_kv3072_cap6-11_generation_burst_guard256,guard256,8,512,256,20.32024503899993,24.779042293999737,0.08750566299931961,0,0,0,0,0.08739981699909549,0,0,0.5,False,656e05bc9171a2e86b23b91b5ba98d7a0be5e68c9709b7846c75f1b71a7e4fed,False,False,False,False,False
qwen1.5b,3072,6,77,generation,burst,study06_a1_s77_qwen1.5b_kv3072_cap6-11_generation_burst_guard256,guard256,9,128,256,20.37896925700079,24.749214711000604,0.02167813800042495,0,0,0,0,0.02163484300035634,0,0,0.5,False,bf62b27947e9283e7065364bab8cd45fdaf6d8df88e55b44cac41a47a5d2821b,False,False,False,False,False
llama1b,12288,12,77,generation,stagger,study07_a1_s77_llama1b_kv12288_cap12-00_generation_stagger_guard128,guard128,0,512,64,0.0634556920012983,0.8991898370004492,0.01606636399992567,0,0,0,0,0.015886260000115726,0,0,0.5,False,7bc3f35a21678b9442a9428d42b64926474b14f235d6b8ada18a501c6d8067d7,False,False,False,False,False
llama1b,12288,12,77,generation,stagger,study07_a1_s77_llama1b_kv12288_cap12-00_generation_stagger_guard128,guard128,1,256,64,0.038372066999727394,0.8710767789998499,0.016265195999949356,0,0,0,0,0.01596036900082254,0,0,0.5,False,2147cb95e9e3c0e31e798ff3104db21bbcf50fc2b5489b269bceba058c7ce536,False,False,False,False,False
llama1b,12288,12,77,generation,stagger,study07_a1_s77_llama1b_kv12288_cap12-00_generation_stagger_guard128,guard128,10,128,64,0.05019028099923162,0.9711991019994457,0.035905699000068125,0,0,0,0,0.035303623000800144,0,0,0.5,False,35a387bd665a60a3ad812ad653d438950adc76575144ff7f6bb8a75ac1dad37e,False,False,False,False,False
llama1b,12288,12,77,generation,stagger,study07_a1_s77_llama1b_kv12288_cap12-00_generation_stagger_guard128,guard128,11,256,64,0.06358835799983353,0.9784193559989944,0.01695560900043347,0,0,0,0,0.017203423001774354,0,0,0.5,False,2147cb95e9e3c0e31e798ff3104db21bbcf50fc2b5489b269bceba058c7ce536,False,False,False,False,False
llama1b,12288,12,77,generation,stagger,study07_a1_s77_llama1b_kv12288_cap12-00_generation_stagger_guard128,guard128,4,256,256,0.057320943000377156,3.824936416000128,0.0640886520013737,0,0,0,0,0.0633235440000135,0,0,0.5,False,0a1b94b501ef8cfb8e4e1c6fb3b68cfd11d2cb4d24184ce7130f5cba0d1ad422,False,False,False,False,False
llama1b,12288,12,77,generation,stagger,study07_a1_s77_llama1b_kv12288_cap12-00_generation_stagger_guard128,guard128,7,512,256,0.08469030800006294,3.8221350940002594,0.06381881600100314,0,0,0,0,0.06332768299944291,0,0,0.5,False,c54e21bfabaac286f2960213cbbcbb0b16f7c55c5b3540f0cef69a8cadd19db2,False,False,False,False,False
llama1b,12288,12,77,generation,stagger,study07_a1_s77_llama1b_kv12288_cap12-00_generation_stagger_guard128,guard128,8,512,256,0.08446301200092421,3.7874732029995357,0.035295354999107076,0,0,0,0,0.03530232699995395,0,0,0.5,False,c54e21bfabaac286f2960213cbbcbb0b16f7c55c5b3540f0cef69a8cadd19db2,False,False,False,False,False
llama1b,12288,12,77,generation,stagger,study07_a1_s77_llama1b_kv12288_cap12-00_generation_stagger_guard128,guard128,9,128,256,0.04743403400061652,3.759218053999575,0.0356242050002038,0,0,0,0,0.03530337199845235,0,0,0.5,False,b72590f97ced50e685891449e70110503671d435507ae8afb945e50ee279fa03,False,False,False,False,False
llama1b,12288,12,77,generation,stagger,study07_a1_s77_llama1b_kv12288_cap12-00_generation_stagger_guard128,guard128,2,256,768,0.0391590429990174,11.147146343000713,0.06394624799941084,0,0,0,0,0.06331055000009655,0,0,0.5,False,ff2c625d728a9a95e9e96a47a6f55459f435d876cddb130d6cef7559e5698664,False,False,False,False,False
llama1b,12288,12,77,generation,stagger,study07_a1_s77_llama1b_kv12288_cap12-00_generation_stagger_guard128,guard128,3,512,768,0.0859511049984576,11.15021556099964,0.06379442700017535,0,0,0,0,0.06331977700028801,0,0,0.5,False,5817b4dcffa7efb08ba38ddb4f9539dd96ab162946ef6ae2bd78d83a83799a46,False,False,False,False,False
llama1b,12288,12,77,generation,stagger,study07_a1_s77_llama1b_kv12288_cap12-00_generation_stagger_guard128,guard128,5,128,768,0.047009175999846775,11.083128398999179,0.06400671399933344,0,0,0,0,0.06332583500079636,0,0,0.5,False,9397f4f97720ee715c2d8c280a316e97d88baa87e2b6a55a47f753d2ce9c1703,False,False,False,False,False
llama1b,12288,12,77,generation,stagger,study07_a1_s77_llama1b_kv12288_cap12-00_generation_stagger_guard128,guard128,6,128,768,0.04002030300034676,11.06204425299984,0.0639383790003194,0,0,0,0,0.0633271259994217,0,0,0.5,False,9397f4f97720ee715c2d8c280a316e97d88baa87e2b6a55a47f753d2ce9c1703,False,False,False,False,False
llama1b,12288,12,77,generation,burst,study07_a1_s77_llama1b_kv12288_cap12-01_generation_burst_baseline,baseline,0,512,64,0.06081683599950338,1.2782585360000667,0.0618761160003487,0,0,0,0,0.06178325600012613,0,0,0.5,False,7bc3f35a21678b9442a9428d42b64926474b14f235d6b8ada18a501c6d8067d7,False,False,False,False,False
llama1b,12288,12,77,generation,burst,study07_a1_s77_llama1b_kv12288_cap12-01_generation_burst_baseline,baseline,1,256,64,0.061661232000915334,1.2570836850009073,0.06188196500079357,0,0,0,0,0.06177024399949005,0,0,0.5,False,2147cb95e9e3c0e31e798ff3104db21bbcf50fc2b5489b269bceba058c7ce536,False,False,False,False,False
llama1b,12288,12,77,generation,burst,study07_a1_s77_llama1b_kv12288_cap12-01_generation_burst_baseline,baseline,10,128,64,0.06911435800066101,1.028596774000107,0.03764131099887891,0,0,0,0,0.037217285000224365,0,0,0.5,False,35a387bd665a60a3ad812ad653d438950adc76575144ff7f6bb8a75ac1dad37e,False,False,False,False,False
llama1b,12288,12,77,generation,burst,study07_a1_s77_llama1b_kv12288_cap12-01_generation_burst_baseline,baseline,11,256,64,0.0729423789998691,1.0096325240010628,0.019963021999501507,0,0,0,0,0.020079013000213308,0,0,0.5,False,2147cb95e9e3c0e31e798ff3104db21bbcf50fc2b5489b269bceba058c7ce536,False,False,False,False,False
llama1b,12288,12,77,generation,burst,study07_a1_s77_llama1b_kv12288_cap12-01_generation_burst_baseline,baseline,4,256,256,0.09480087300107698,3.997426682000878,0.06192694899982598,0,0,0,0,0.06177726699934283,0,0,0.5,False,0a1b94b501ef8cfb8e4e1c6fb3b68cfd11d2cb4d24184ce7130f5cba0d1ad422,False,False,False,False,False
llama1b,12288,12,77,generation,burst,study07_a1_s77_llama1b_kv12288_cap12-01_generation_burst_baseline,baseline,7,512,256,0.08076133000031405,3.9190118869992148,0.06191885999942315,0,0,0,0,0.061776286998792784,0,0,0.5,False,c54e21bfabaac286f2960213cbbcbb0b16f7c55c5b3540f0cef69a8cadd19db2,False,False,False,False,False
llama1b,12288,12,77,generation,burst,study07_a1_s77_llama1b_kv12288_cap12-01_generation_burst_baseline,baseline,8,512,256,0.11178298000049836,3.8962397539999074,0.03849470599925553,0,0,0,0,0.03785567700106185,0,0,0.5,False,c54e21bfabaac286f2960213cbbcbb0b16f7c55c5b3540f0cef69a8cadd19db2,False,False,False,False,False
llama1b,12288,12,77,generation,burst,study07_a1_s77_llama1b_kv12288_cap12-01_generation_burst_baseline,baseline,9,128,256,0.11954344900004799,3.8736737340004765,0.037651855000149226,0,0,0,0,0.03722010300043621,0,0,0.5,False,b72590f97ced50e685891449e70110503671d435507ae8afb945e50ee279fa03,False,False,False,False,False
llama1b,12288,12,77,generation,burst,study07_a1_s77_llama1b_kv12288_cap12-01_generation_burst_baseline,baseline,2,256,768,0.06351975500001572,11.247766905999015,0.0615540279995912,0,0,0,0,0.061769129999447614,0,0,0.5,False,ff2c625d728a9a95e9e96a47a6f55459f435d876cddb130d6cef7559e5698664,False,False,False,False,False
llama1b,12288,12,77,generation,burst,study07_a1_s77_llama1b_kv12288_cap12-01_generation_burst_baseline,baseline,3,512,768,0.08985281300010683,11.22568267799943,0.06200544000057562,0,0,0,0,0.061776856000506086,0,0,0.5,False,5817b4dcffa7efb08ba38ddb4f9539dd96ab162946ef6ae2bd78d83a83799a46,False,False,False,False,False
llama1b,12288,12,77,generation,burst,study07_a1_s77_llama1b_kv12288_cap12-01_generation_burst_baseline,baseline,5,128,768,0.06665835800049535,11.167208314000163,0.06172906800020428,0,0,0,0,0.06177689500145789,0,0,0.5,False,9397f4f97720ee715c2d8c280a316e97d88baa87e2b6a55a47f753d2ce9c1703,False,False,False,False,False
llama1b,12288,12,77,generation,burst,study07_a1_s77_llama1b_kv12288_cap12-01_generation_burst_baseline,baseline,6,128,768,0.05558117399959883,11.136696952999046,0.061915288999443874,0,0,0,0,0.061777417000485,0,0,0.5,False,9397f4f97720ee715c2d8c280a316e97d88baa87e2b6a55a47f753d2ce9c1703,False,False,False,False,False
llama1b,12288,12,77,generation,stagger,study07_a1_s77_llama1b_kv12288_cap12-02_generation_stagger_baseline,baseline,0,512,64,0.06331311100075254,0.9219837170003302,0.01641322800060152,0,0,0,0,0.016502088999914122,0,0,0.5,False,7bc3f35a21678b9442a9428d42b64926474b14f235d6b8ada18a501c6d8067d7,False,False,False,False,False
llama1b,12288,12,77,generation,stagger,study07_a1_s77_llama1b_kv12288_cap12-02_generation_stagger_baseline,baseline,1,256,64,0.04404998599966348,0.895362536999528,0.016248162999545457,0,0,0,0,0.01660412699857261,0,0,0.5,False,2147cb95e9e3c0e31e798ff3104db21bbcf50fc2b5489b269bceba058c7ce536,False,False,False,False,False
llama1b,12288,12,77,generation,stagger,study07_a1_s77_llama1b_kv12288_cap12-02_generation_stagger_baseline,baseline,10,128,64,0.04618636700070056,0.9846918969997205,0.03902338099942426,0,0,0,0,0.03911463499935053,0,0,0.5,False,35a387bd665a60a3ad812ad653d438950adc76575144ff7f6bb8a75ac1dad37e,False,False,False,False,False
llama1b,12288,12,77,generation,stagger,study07_a1_s77_llama1b_kv12288_cap12-02_generation_stagger_baseline,baseline,11,256,64,0.07081595000090601,0.9803601879993948,0.017456468000091263,0,0,0,0,0.016933744998823386,0,0,0.5,False,2147cb95e9e3c0e31e798ff3104db21bbcf50fc2b5489b269bceba058c7ce536,False,False,False,False,False
llama1b,12288,12,77,generation,stagger,study07_a1_s77_llama1b_kv12288_cap12-02_generation_stagger_baseline,baseline,4,256,256,0.06065061399931437,3.8697084599989466,0.0617198220006685,0,0,0,0,0.06129487700127356,0,0,0.5,False,0a1b94b501ef8cfb8e4e1c6fb3b68cfd11d2cb4d24184ce7130f5cba0d1ad422,False,False,False,False,False
llama1b,12288,12,77,generation,stagger,study07_a1_s77_llama1b_kv12288_cap12-02_generation_stagger_baseline,baseline,7,512,256,0.08375630499904219,3.8420601499983604,0.06135792399982165,0,0,0,0,0.061288613000215264,0,0,0.5,False,c54e21bfabaac286f2960213cbbcbb0b16f7c55c5b3540f0cef69a8cadd19db2,False,False,False,False,False
llama1b,12288,12,77,generation,stagger,study07_a1_s77_llama1b_kv12288_cap12-02_generation_stagger_baseline,baseline,8,512,256,0.09543720699912228,3.811530496999694,0.03963377099898935,0,0,0,0,0.03911436000089452,0,0,0.5,False,c54e21bfabaac286f2960213cbbcbb0b16f7c55c5b3540f0cef69a8cadd19db2,False,False,False,False,False
llama1b,12288,12,77,generation,stagger,study07_a1_s77_llama1b_kv12288_cap12-02_generation_stagger_baseline,baseline,9,128,256,0.03964754699882178,3.72337603699998,0.039033904000461916,0,0,0,0,0.03911454999979469,0,0,0.5,False,b72590f97ced50e685891449e70110503671d435507ae8afb945e50ee279fa03,False,False,False,False,False
llama1b,12288,12,77,generation,stagger,study07_a1_s77_llama1b_kv12288_cap12-02_generation_stagger_baseline,baseline,2,256,768,0.05100769700038654,11.16168610600107,0.06266854299974511,0,0,0,0,0.0622776199998043,0,0,0.5,False,ff2c625d728a9a95e9e96a47a6f55459f435d876cddb130d6cef7559e5698664,False,False,False,False,False
llama1b,12288,12,77,generation,stagger,study07_a1_s77_llama1b_kv12288_cap12-02_generation_stagger_baseline,baseline,3,512,768,0.08152918499945372,11.153763440001057,0.06120548599938047,0,0,0,0,0.06129273700025806,0,0,0.5,False,5817b4dcffa7efb08ba38ddb4f9539dd96ab162946ef6ae2bd78d83a83799a46,False,False,False,False,False
llama1b,12288,12,77,generation,stagger,study07_a1_s77_llama1b_kv12288_cap12-02_generation_stagger_baseline,baseline,5,128,768,0.053125557000385015,11.10458683899924,0.061710482001217315,0,0,0,0,0.06129683200015279,0,0,0.5,False,9397f4f97720ee715c2d8c280a316e97d88baa87e2b6a55a47f753d2ce9c1703,False,False,False,False,False
llama1b,12288,12,77,generation,stagger,study07_a1_s77_llama1b_kv12288_cap12-02_generation_stagger_baseline,baseline,6,128,768,0.04612380400067195,11.076902712999072,0.06157522200010135,0,0,0,0,0.06128769600036321,0,0,0.5,False,9397f4f97720ee715c2d8c280a316e97d88baa87e2b6a55a47f753d2ce9c1703,False,False,False,False,False
llama1b,12288,12,77,generation,burst,study07_a1_s77_llama1b_kv12288_cap12-03_generation_burst_guard128,guard128,0,512,64,0.06193665399950987,1.262751214999298,0.06651075499939907,0,0,0,0,0.06546759199954977,0,0,0.5,False,7bc3f35a21678b9442a9428d42b64926474b14f235d6b8ada18a501c6d8067d7,False,False,False,False,False
llama1b,12288,12,77,generation,burst,study07_a1_s77_llama1b_kv12288_cap12-03_generation_burst_guard128,guard128,1,256,64,0.06077295899922319,1.2429234399987763,0.0664573489993927,0,0,0,0,0.06548342000132834,0,0,0.5,False,2147cb95e9e3c0e31e798ff3104db21bbcf50fc2b5489b269bceba058c7ce536,False,False,False,False,False
llama1b,12288,12,77,generation,burst,study07_a1_s77_llama1b_kv12288_cap12-03_generation_burst_guard128,guard128,10,128,64,0.0721582700007275,1.0036175250006636,0.03655370399974345,0,0,0,0,0.03525911099859513,0,0,0.5,False,35a387bd665a60a3ad812ad653d438950adc76575144ff7f6bb8a75ac1dad37e,False,False,False,False,False
llama1b,12288,12,77,generation,burst,study07_a1_s77_llama1b_kv12288_cap12-03_generation_burst_guard128,guard128,11,256,64,0.07322864799971285,0.981471409999358,0.01766825499908009,0,0,0,0,0.01698000999931537,0,0,0.5,False,2147cb95e9e3c0e31e798ff3104db21bbcf50fc2b5489b269bceba058c7ce536,False,False,False,False,False
llama1b,12288,12,77,generation,burst,study07_a1_s77_llama1b_kv12288_cap12-03_generation_burst_guard128,guard128,4,256,256,0.09686894600054075,3.928651471000194,0.066953931000171,0,0,0,0,0.0654852010011382,0,0,0.5,False,0a1b94b501ef8cfb8e4e1c6fb3b68cfd11d2cb4d24184ce7130f5cba0d1ad422,False,False,False,False,False
llama1b,12288,12,77,generation,burst,study07_a1_s77_llama1b_kv12288_cap12-03_generation_burst_guard128,guard128,7,512,256,0.08488664600008633,3.8494531579999602,0.06647824100036814,0,0,0,0,0.06548067699986859,0,0,0.5,False,c54e21bfabaac286f2960213cbbcbb0b16f7c55c5b3540f0cef69a8cadd19db2,False,False,False,False,False
llama1b,12288,12,77,generation,burst,study07_a1_s77_llama1b_kv12288_cap12-03_generation_burst_guard128,guard128,8,512,256,0.11651166799856583,3.8283454869997513,0.038688212998749805,0,0,0,0,0.03853201399942918,0,0,0.5,False,c54e21bfabaac286f2960213cbbcbb0b16f7c55c5b3540f0cef69a8cadd19db2,False,False,False,False,False
llama1b,12288,12,77,generation,burst,study07_a1_s77_llama1b_kv12288_cap12-03_generation_burst_guard128,guard128,9,128,256,0.12198276199887914,3.8074537759985105,0.03625112500048999,0,0,0,0,0.03526623699872289,0,0,0.5,False,b72590f97ced50e685891449e70110503671d435507ae8afb945e50ee279fa03,False,False,False,False,False
llama1b,12288,12,77,generation,burst,study07_a1_s77_llama1b_kv12288_cap12-03_generation_burst_guard128,guard128,2,256,768,0.06492939100098738,11.236336904001291,0.06663723900055629,0,0,0,0,0.06548356599887484,0,0,0.5,False,ff2c625d728a9a95e9e96a47a6f55459f435d876cddb130d6cef7559e5698664,False,False,False,False,False
llama1b,12288,12,77,generation,burst,study07_a1_s77_llama1b_kv12288_cap12-03_generation_burst_guard128,guard128,3,512,768,0.0912687130003178,11.21466104799947,0.0667160100001638,0,0,0,0,0.06548441499944602,0,0,0.5,False,5817b4dcffa7efb08ba38ddb4f9539dd96ab162946ef6ae2bd78d83a83799a46,False,False,False,False,False
llama1b,12288,12,77,generation,burst,study07_a1_s77_llama1b_kv12288_cap12-03_generation_burst_guard128,guard128,5,128,768,0.06893600199873617,11.155462117998468,0.06680659799894784,0,0,0,0,0.06548621300134982,0,0,0.5,False,9397f4f97720ee715c2d8c280a316e97d88baa87e2b6a55a47f753d2ce9c1703,False,False,False,False,False
llama1b,12288,12,77,generation,burst,study07_a1_s77_llama1b_kv12288_cap12-03_generation_burst_guard128,guard128,6,128,768,0.05790768499900878,11.124376194999058,0.06659018500067759,0,0,0,0,0.06547994299944548,0,0,0.5,False,9397f4f97720ee715c2d8c280a316e97d88baa87e2b6a55a47f753d2ce9c1703,False,False,False,False,False
llama1b,3072,12,381,long,stagger,study08_a1_s381_llama1b_kv3072_cap12-00_long_stagger_guard_relaxed,guard_relaxed,0,256,64,0.04849512600048911,0.9907008999998652,0.06050745100037602,0,0,0,0,0.05957379699975718,0,0,1.0,False,c3f03bc4d51ebae25202c36e5817a03529f68f149f75eecdbc70a07fc3c07a1e,False,False,False,False,False
llama1b,3072,12,381,long,stagger,study08_a1_s381_llama1b_kv3072_cap12-00_long_stagger_guard_relaxed,guard_relaxed,4,512,64,0.08913803300129075,1.0129253180002706,0.019481956000163336,0,0,0,0,0.019691401001182385,0,0,1.0,False,041016b6c3176eec49523d885fdbd7406b04a21e701f86d1a6f21c658ec24211,False,False,False,False,False
llama1b,3072,12,381,long,stagger,study08_a1_s381_llama1b_kv3072_cap12-00_long_stagger_guard_relaxed,guard_relaxed,2,128,256,0.0538717519993952,3.8027324119993864,0.0618575399985275,0,0,0,0,0.06175963700115972,0,0,1.0,False,d0f4de4a54841d78fd5f8abdcf6a40d46ce003a5dcad44426f73f12e9e0bde94,False,False,False,False,False
llama1b,3072,12,381,long,stagger,study08_a1_s381_llama1b_kv3072_cap12-00_long_stagger_guard_relaxed,guard_relaxed,3,512,256,0.08199000699823955,3.784801306999725,0.06190103399967484,0,0,0,0,0.061760123000567546,0,0,1.0,False,4d8619df501f5edc0203d21967bdbc3ce2912a8f00785ec5f5a1dcdf178c5ab4,False,False,False,False,False
llama1b,3072,12,381,long,stagger,study08_a1_s381_llama1b_kv3072_cap12-00_long_stagger_guard_relaxed,guard_relaxed,6,256,256,0.050937640999109135,3.6138020460002735,0.02179720499952964,0,0,0,0,0.021765430999948876,0,0,1.0,False,ed1b1deb76a8e15efeddce1d6e260f212e4c77d8d76e883756296bda3d6121fb,False,False,False,False,False
llama1b,3072,12,381,long,stagger,study08_a1_s381_llama1b_kv3072_cap12-00_long_stagger_guard_relaxed,guard_relaxed,7,128,64,0.04638137999972969,0.9401413420000608,0.01922734199979459,0,0,0,0,0.01846811399991566,0,0,1.0,False,8b8501f1b24723ead2a4fbbde0fde269428ad4dd41285c76cf1bb93616f371fc,False,False,False,False,False
llama1b,3072,12,381,long,stagger,study08_a1_s381_llama1b_kv3072_cap12-00_long_stagger_guard_relaxed,guard_relaxed,9,512,256,4.608288323001034,15.146447857001476,0.8366780479991576,9,5825,5825,0,0.8363041459997476,0,0,1.0,False,4d8619df501f5edc0203d21967bdbc3ce2912a8f00785ec5f5a1dcdf178c5ab4,True,True,False,False,False
llama1b,3072,12,381,long,stagger,study08_a1_s381_llama1b_kv3072_cap12-00_long_stagger_guard_relaxed,guard_relaxed,1,512,1536,0.0910222030015575,39.168195224001465,0.810276750000412,22,41116,41116,0,0.810018422000212,0,0,1.0,False,b0f16ff7bb74c0c9508a5c29b7a4d6406a747f7b72fde496b18b1f607a15c5be,True,True,False,False,False
llama1b,3072,12,381,long,stagger,study08_a1_s381_llama1b_kv3072_cap12-00_long_stagger_guard_relaxed,guard_relaxed,11,128,64,27.317878439000197,28.49352683899997,0.16221808000045712,1,158,158,0,0.16207883700008097,0,0,1.0,False,8b8501f1b24723ead2a4fbbde0fde269428ad4dd41285c76cf1bb93616f371fc,False,False,False,False,False
llama1b,3072,12,381,long,stagger,study08_a1_s381_llama1b_kv3072_cap12-00_long_stagger_guard_relaxed,guard_relaxed,5,128,1536,0.05120045600051526,39.70559090700044,0.7938046950002899,25,32251,32251,0,0.7933544440002152,0,0,1.0,False,4502d16355644e9736e3c0b5387c996c63eb19ae8576d6ae4715f7f9b1f4951e,True,True,False,False,False
llama1b,3072,12,381,long,stagger,study08_a1_s381_llama1b_kv3072_cap12-00_long_stagger_guard_relaxed,guard_relaxed,8,256,1536,0.057941445000324165,43.86456756100051,0.7356902560004528,31,34023,34023,0,0.7356564060009987,0,0,1.0,False,40b6a6a571a0e97bba71a382363484132d4f26638e8ab0c398269564b906c685,True,True,False,False,False
llama1b,3072,12,381,long,stagger,study08_a1_s381_llama1b_kv3072_cap12-00_long_stagger_guard_relaxed,guard_relaxed,10,256,1536,4.277583398999923,46.06491545100107,0.7290266300005896,31,25749,25749,0,0.7287665190015105,0,0,1.0,False,40b6a6a571a0e97bba71a382363484132d4f26638e8ab0c398269564b906c685,True,True,False,False,False
llama1b,3072,12,381,long,burst,study08_a1_s381_llama1b_kv3072_cap12-01_long_burst_baseline,baseline,0,256,64,0.04557598499923188,1.1731139049988997,0.0646244020008453,0,0,0,0,0.0640555840000161,0,0,0.5,False,c3f03bc4d51ebae25202c36e5817a03529f68f149f75eecdbc70a07fc3c07a1e,False,False,False,False,False
llama1b,3072,12,381,long,burst,study08_a1_s381_llama1b_kv3072_cap12-01_long_burst_baseline,baseline,4,512,64,0.1317551040010585,1.1220386260010855,0.03881146899948362,0,0,0,0,0.0388982570002554,0,0,0.5,False,041016b6c3176eec49523d885fdbd7406b04a21e701f86d1a6f21c658ec24211,False,False,False,False,False
llama1b,3072,12,381,long,burst,study08_a1_s381_llama1b_kv3072_cap12-01_long_burst_baseline,baseline,7,128,64,0.07262651800010644,1.0639571730007447,0.060878352998770424,0,0,0,0,0.06064877999961027,0,0,0.5,False,8b8501f1b24723ead2a4fbbde0fde269428ad4dd41285c76cf1bb93616f371fc,False,False,False,False,False
llama1b,3072,12,381,long,burst,study08_a1_s381_llama1b_kv3072_cap12-01_long_burst_baseline,baseline,2,128,256,0.07275158799893688,3.961590986000374,0.06469241800004966,0,0,0,0,0.06405275100041763,0,0,0.5,False,d0f4de4a54841d78fd5f8abdcf6a40d46ce003a5dcad44426f73f12e9e0bde94,False,False,False,False,False
llama1b,3072,12,381,long,burst,study08_a1_s381_llama1b_kv3072_cap12-01_long_burst_baseline,baseline,3,512,256,0.10102904999985185,3.9707516910002596,0.06445711000014853,0,0,0,0,0.06405295199874672,0,0,0.5,False,4d8619df501f5edc0203d21967bdbc3ce2912a8f00785ec5f5a1dcdf178c5ab4,False,False,False,False,False
llama1b,3072,12,381,long,burst,study08_a1_s381_llama1b_kv3072_cap12-01_long_burst_baseline,baseline,6,256,256,0.0975536550013203,3.9535026460016525,0.08919191100176249,0,0,0,0,0.08891857299931871,0,0,0.5,False,ed1b1deb76a8e15efeddce1d6e260f212e4c77d8d76e883756296bda3d6121fb,False,False,False,False,False
llama1b,3072,12,381,long,burst,study08_a1_s381_llama1b_kv3072_cap12-01_long_burst_baseline,baseline,11,128,64,3.7416330139985803,4.633085604998996,0.018943909999507014,0,0,0,0,0.01894617899961304,0,0,0.5,False,8b8501f1b24723ead2a4fbbde0fde269428ad4dd41285c76cf1bb93616f371fc,False,False,False,False,False
llama1b,3072,12,381,long,burst,study08_a1_s381_llama1b_kv3072_cap12-01_long_burst_baseline,baseline,9,512,256,0.9500841050012241,6.693845957001031,2.1238330700016377,1,560,560,0,2.123683179001091,2.018099594000887,2.1238330700016377,0.5,True,4d8619df501f5edc0203d21967bdbc3ce2912a8f00785ec5f5a1dcdf178c5ab4,True,True,True,True,False
llama1b,3072,12,381,long,burst,study08_a1_s381_llama1b_kv3072_cap12-01_long_burst_baseline,baseline,1,512,1536,0.08548224199876131,22.03656829600004,0.08896149700012757,0,0,0,0,0.08891324899923347,0,0,0.5,False,b0f16ff7bb74c0c9508a5c29b7a4d6406a747f7b72fde496b18b1f607a15c5be,False,False,False,False,False
llama1b,3072,12,381,long,burst,study08_a1_s381_llama1b_kv3072_cap12-01_long_burst_baseline,baseline,5,128,1536,0.10863013899870566,26.80367826099973,4.751514008999948,1,1328,1328,0,4.751690619999863,4.532385456999691,4.751514008999948,0.5,True,4502d16355644e9736e3c0b5387c996c63eb19ae8576d6ae4715f7f9b1f4951e,True,True,True,True,False
llama1b,3072,12,381,long,burst,study08_a1_s381_llama1b_kv3072_cap12-01_long_burst_baseline,baseline,8,256,1536,0.07387461400139728,34.16052028100057,11.32691161099865,3,1639,1639,0,11.326879390000613,11.031836120999287,11.32691161099865,0.5,True,40b6a6a571a0e97bba71a382363484132d4f26638e8ab0c398269564b906c685,True,True,True,True,True
llama1b,3072,12,381,long,burst,study08_a1_s381_llama1b_kv3072_cap12-01_long_burst_baseline,baseline,10,256,1536,0.9659103229987522,43.15639521199955,13.660950952000348,4,1735,1735,0,13.660823034000714,20.41577965900069,20.941388894998454,0.5,True,40b6a6a571a0e97bba71a382363484132d4f26638e8ab0c398269564b906c685,True,True,True,True,True
llama1b,3072,12,381,long,burst,study08_a1_s381_llama1b_kv3072_cap12-02_long_burst_guard_relaxed,guard_relaxed,0,256,64,0.0372710929987079,1.0839354789986828,0.06503972900100052,0,0,0,0,0.06422596599986719,0,0,1.0,False,c3f03bc4d51ebae25202c36e5817a03529f68f149f75eecdbc70a07fc3c07a1e,False,False,False,False,False
llama1b,3072,12,381,long,burst,study08_a1_s381_llama1b_kv3072_cap12-02_long_burst_guard_relaxed,guard_relaxed,4,512,64,0.12236159199892427,1.009036034998644,0.023811721001038677,0,0,0,0,0.024164036998627125,0,0,1.0,False,041016b6c3176eec49523d885fdbd7406b04a21e701f86d1a6f21c658ec24211,False,False,False,False,False
llama1b,3072,12,381,long,burst,study08_a1_s381_llama1b_kv3072_cap12-02_long_burst_guard_relaxed,guard_relaxed,7,128,64,0.9219398810000712,1.8211583029988105,0.018872008000471396,0,0,0,0,0.018430060999889974,0,0,1.0,False,8b8501f1b24723ead2a4fbbde0fde269428ad4dd41285c76cf1bb93616f371fc,False,False,False,False,False
llama1b,3072,12,381,long,burst,study08_a1_s381_llama1b_kv3072_cap12-02_long_burst_guard_relaxed,guard_relaxed,2,128,256,0.08087266400070803,3.809247236000374,0.06527066899980127,0,0,0,0,0.06423474800067197,0,0,1.0,False,d0f4de4a54841d78fd5f8abdcf6a40d46ce003a5dcad44426f73f12e9e0bde94,False,False,False,False,False
llama1b,3072,12,381,long,burst,study08_a1_s381_llama1b_kv3072_cap12-02_long_burst_guard_relaxed,guard_relaxed,3,512,256,0.0926369139997405,3.774568344000727,0.06482492500072112,0,0,0,0,0.0642342520004604,0,0,1.0,False,4d8619df501f5edc0203d21967bdbc3ce2912a8f00785ec5f5a1dcdf178c5ab4,False,False,False,False,False
llama1b,3072,12,381,long,burst,study08_a1_s381_llama1b_kv3072_cap12-02_long_burst_guard_relaxed,guard_relaxed,6,256,256,0.971771278000233,4.6463257300001715,0.09082530599880556,0,0,0,0,0.08922236499893188,0,0,1.0,False,ed1b1deb76a8e15efeddce1d6e260f212e4c77d8d76e883756296bda3d6121fb,False,False,False,False,False
llama1b,3072,12,381,long,burst,study08_a1_s381_llama1b_kv3072_cap12-02_long_burst_guard_relaxed,guard_relaxed,9,512,256,3.5798899780002102,7.189527024998824,0.018367000000580447,0,0,0,0,0.01807247899887443,0,0,1.0,False,4d8619df501f5edc0203d21967bdbc3ce2912a8f00785ec5f5a1dcdf178c5ab4,False,False,False,False,False
llama1b,3072,12,381,long,burst,study08_a1_s381_llama1b_kv3072_cap12-02_long_burst_guard_relaxed,guard_relaxed,11,128,64,10.36001301000033,11.343953943000088,0.11357840100026806,1,159,159,0,0.1134419939990039,0,0,1.0,False,8b8501f1b24723ead2a4fbbde0fde269428ad4dd41285c76cf1bb93616f371fc,False,False,False,False,False
llama1b,3072,12,381,long,burst,study08_a1_s381_llama1b_kv3072_cap12-02_long_burst_guard_relaxed,guard_relaxed,1,512,1536,0.09187405299962847,62.67812502000015,0.8456219039999269,54,96914,96914,0,0.8453652139996848,0,0,1.0,False,b0f16ff7bb74c0c9508a5c29b7a4d6406a747f7b72fde496b18b1f607a15c5be,True,True,False,False,False
llama1b,3072,12,381,long,burst,study08_a1_s381_llama1b_kv3072_cap12-02_long_burst_guard_relaxed,guard_relaxed,5,128,1536,0.09663603700028034,63.17653733100087,0.8238432540001668,54,77939,77939,0,0.8234629550006503,0,0,1.0,False,4502d16355644e9736e3c0b5387c996c63eb19ae8576d6ae4715f7f9b1f4951e,True,True,False,False,False
llama1b,3072,12,381,long,burst,study08_a1_s381_llama1b_kv3072_cap12-02_long_burst_guard_relaxed,guard_relaxed,8,256,1536,3.6293531880000955,70.29521401999955,0.8152629220003291,61,83139,83139,0,0.8152097219990537,0,0,1.0,False,40b6a6a571a0e97bba71a382363484132d4f26638e8ab0c398269564b906c685,True,True,False,False,False
llama1b,3072,12,381,long,burst,study08_a1_s381_llama1b_kv3072_cap12-02_long_burst_guard_relaxed,guard_relaxed,10,256,1536,7.189537837000898,73.64164551700014,0.8284762679995765,62,69747,69747,0,0.8282315930009645,0,0,1.0,False,40b6a6a571a0e97bba71a382363484132d4f26638e8ab0c398269564b906c685,True,True,False,False,False
llama1b,3072,12,381,long,stagger,study08_a1_s381_llama1b_kv3072_cap12-03_long_stagger_slai_port,slai_port,0,256,64,0.041093293999438174,0.9329473519992462,0.062371606998567586,0,0,0,0,0.06216836100065848,0,0,0.5,False,c3f03bc4d51ebae25202c36e5817a03529f68f149f75eecdbc70a07fc3c07a1e,False,False,False,False,False
llama1b,3072,12,381,long,stagger,study08_a1_s381_llama1b_kv3072_cap12-03_long_stagger_slai_port,slai_port,4,512,64,0.08504362900021079,0.9602834879988222,0.016276518999802647,0,0,0,0,0.015555652998955338,0,0,0.5,False,041016b6c3176eec49523d885fdbd7406b04a21e701f86d1a6f21c658ec24211,False,False,False,False,False
llama1b,3072,12,381,long,stagger,study08_a1_s381_llama1b_kv3072_cap12-03_long_stagger_slai_port,slai_port,2,128,256,0.05089979900003527,3.6803612590010744,0.06384896099916659,0,0,0,0,0.06276441699992574,0,0,0.5,False,d0f4de4a54841d78fd5f8abdcf6a40d46ce003a5dcad44426f73f12e9e0bde94,False,False,False,False,False
llama1b,3072,12,381,long,stagger,study08_a1_s381_llama1b_kv3072_cap12-03_long_stagger_slai_port,slai_port,3,512,256,0.08907228399948508,3.6842641799994453,0.06379613399985828,0,0,0,0,0.06279541000003519,0,0,0.5,False,4d8619df501f5edc0203d21967bdbc3ce2912a8f00785ec5f5a1dcdf178c5ab4,False,False,False,False,False
llama1b,3072,12,381,long,stagger,study08_a1_s381_llama1b_kv3072_cap12-03_long_stagger_slai_port,slai_port,6,256,256,0.06041579800148611,3.6048662690009223,0.02115456899991841,0,0,0,0,0.021054578999610385,0,0,0.5,False,ed1b1deb76a8e15efeddce1d6e260f212e4c77d8d76e883756296bda3d6121fb,False,False,False,False,False
llama1b,3072,12,381,long,stagger,study08_a1_s381_llama1b_kv3072_cap12-03_long_stagger_slai_port,slai_port,7,128,64,0.04659562000051665,0.931158069999583,0.017444946000978234,0,0,0,0,0.017336567001621006,0,0,0.5,False,8b8501f1b24723ead2a4fbbde0fde269428ad4dd41285c76cf1bb93616f371fc,False,False,False,False,False
llama1b,3072,12,381,long,stagger,study08_a1_s381_llama1b_kv3072_cap12-03_long_stagger_slai_port,slai_port,9,512,256,0.08321179700033099,3.6468878140003653,0.017455422999773873,0,0,0,0,0.01770214999851305,0,0,0.5,False,4d8619df501f5edc0203d21967bdbc3ce2912a8f00785ec5f5a1dcdf178c5ab4,False,False,False,False,False
llama1b,3072,12,381,long,stagger,study08_a1_s381_llama1b_kv3072_cap12-03_long_stagger_slai_port,slai_port,11,128,64,3.1640023899999505,4.721002072999909,0.6831352660010452,1,128,128,0,0.6831603789996734,0,0,0.5,True,8b8501f1b24723ead2a4fbbde0fde269428ad4dd41285c76cf1bb93616f371fc,True,True,False,False,False
llama1b,3072,12,381,long,stagger,study08_a1_s381_llama1b_kv3072_cap12-03_long_stagger_slai_port,slai_port,1,512,1536,0.09179999400112138,21.778227078000782,0.08778774900019926,0,0,0,0,0.08744120799929078,0,0,0.5,False,b0f16ff7bb74c0c9508a5c29b7a4d6406a747f7b72fde496b18b1f607a15c5be,False,False,False,False,False
llama1b,3072,12,381,long,stagger,study08_a1_s381_llama1b_kv3072_cap12-03_long_stagger_slai_port,slai_port,5,128,1536,0.03927014200053236,30.043819570999403,5.417476201999307,2,1456,1456,0,5.417122269000174,8.236221627001214,8.460780314000658,0.5,True,4502d16355644e9736e3c0b5387c996c63eb19ae8576d6ae4715f7f9b1f4951e,True,True,True,True,True
llama1b,3072,12,381,long,stagger,study08_a1_s381_llama1b_kv3072_cap12-03_long_stagger_slai_port,slai_port,10,256,1536,9.487560640000083,31.03635224199934,0.14000026699977752,0,0,0,0,0.1397846309992019,0,0,0.5,False,40b6a6a571a0e97bba71a382363484132d4f26638e8ab0c398269564b906c685,False,False,False,False,False
llama1b,3072,12,381,long,stagger,study08_a1_s381_llama1b_kv3072_cap12-03_long_stagger_slai_port,slai_port,8,256,1536,0.06118265599980077,34.751196702000016,8.00096146299984,2,2960,2960,0,8.001293601000725,12.672462265001741,13.009441023999898,0.5,True,40b6a6a571a0e97bba71a382363484132d4f26638e8ab0c398269564b906c685,True,True,True,True,True
llama1b,3072,12,381,long,burst,study08_a1_s381_llama1b_kv3072_cap12-04_long_burst_guard_fast,guard_fast,0,256,64,0.04498990300089645,1.1000161270003446,0.06487567799922545,0,0,0,0,0.06448889800049074,0,0,0.25,False,c3f03bc4d51ebae25202c36e5817a03529f68f149f75eecdbc70a07fc3c07a1e,False,False,False,False,False
llama1b,3072,12,381,long,burst,study08_a1_s381_llama1b_kv3072_cap12-04_long_burst_guard_fast,guard_fast,4,512,64,0.12128884999947331,1.0102059209984873,0.024750520999077708,0,0,0,0,0.02519370799927856,0,0,0.25,False,041016b6c3176eec49523d885fdbd7406b04a21e701f86d1a6f21c658ec24211,False,False,False,False,False
llama1b,3072,12,381,long,burst,study08_a1_s381_llama1b_kv3072_cap12-04_long_burst_guard_fast,guard_fast,7,128,64,0.9215109799988568,1.799706181998772,0.01700407600037579,0,0,0,0,0.01696098699903814,0,0,0.25,False,8b8501f1b24723ead2a4fbbde0fde269428ad4dd41285c76cf1bb93616f371fc,False,False,False,False,False
llama1b,3072,12,381,long,burst,study08_a1_s381_llama1b_kv3072_cap12-04_long_burst_guard_fast,guard_fast,2,128,256,0.07958835200042813,3.7906955260004906,0.06413625700042758,0,0,0,0,0.06368434899923159,0,0,0.25,False,d0f4de4a54841d78fd5f8abdcf6a40d46ce003a5dcad44426f73f12e9e0bde94,False,False,False,False,False
llama1b,3072,12,381,long,burst,study08_a1_s381_llama1b_kv3072_cap12-04_long_burst_guard_fast,guard_fast,3,512,256,0.09183627200036426,3.7550457500001357,0.06432065100125328,0,0,0,0,0.06368433399984497,0,0,0.25,False,4d8619df501f5edc0203d21967bdbc3ce2912a8f00785ec5f5a1dcdf178c5ab4,False,False,False,False,False
llama1b,3072,12,381,long,burst,study08_a1_s381_llama1b_kv3072_cap12-04_long_burst_guard_fast,guard_fast,6,256,256,0.9713177580015326,4.616851153001335,0.08890520699969784,0,0,0,0,0.0880154410006071,0,0,0.25,False,ed1b1deb76a8e15efeddce1d6e260f212e4c77d8d76e883756296bda3d6121fb,False,False,False,False,False
llama1b,3072,12,381,long,burst,study08_a1_s381_llama1b_kv3072_cap12-04_long_burst_guard_fast,guard_fast,9,512,256,3.5578569600002083,7.134392223999384,0.019432814999163384,0,0,0,0,0.01954858799945214,0,0,0.25,False,4d8619df501f5edc0203d21967bdbc3ce2912a8f00785ec5f5a1dcdf178c5ab4,False,False,False,False,False
llama1b,3072,12,381,long,burst,study08_a1_s381_llama1b_kv3072_cap12-04_long_burst_guard_fast,guard_fast,11,128,64,9.32107869599895,11.025231538000298,0.15381484699901193,2,286,286,0,0.15375027499976568,0,0,0.25,False,8b8501f1b24723ead2a4fbbde0fde269428ad4dd41285c76cf1bb93616f371fc,False,False,False,False,False
llama1b,3072,12,381,long,burst,study08_a1_s381_llama1b_kv3072_cap12-04_long_burst_guard_fast,guard_fast,5,128,1536,0.09591740500036394,188.55679615699955,0.6178349110014096,302,404607,406270,1663,0.6180224479994649,0,0,0.25,True,4502d16355644e9736e3c0b5387c996c63eb19ae8576d6ae4715f7f9b1f4951e,True,True,False,False,False
llama1b,3072,12,381,long,burst,study08_a1_s381_llama1b_kv3072_cap12-04_long_burst_guard_fast,guard_fast,1,512,1536,0.09184238300076686,207.22482117400068,0.7135782280001877,348,588215,590262,2047,0.7135672459990019,0,0,0.25,True,b0f16ff7bb74c0c9508a5c29b7a4d6406a747f7b72fde496b18b1f607a15c5be,True,True,False,False,False
llama1b,3072,12,381,long,burst,study08_a1_s381_llama1b_kv3072_cap12-04_long_burst_guard_fast,guard_fast,8,256,1536,3.607750868999574,235.7038180439995,0.711028018999059,396,543706,543706,0,0.7099766200008162,0,0,0.25,True,40b6a6a571a0e97bba71a382363484132d4f26638e8ab0c398269564b906c685,True,True,False,False,False
llama1b,3072,12,381,long,burst,study08_a1_s381_llama1b_kv3072_cap12-04_long_burst_guard_fast,guard_fast,10,256,1536,7.1352394340010505,238.69746705800026,0.5700673920000554,407,462547,462547,0,0.569905843000015,0,0,0.25,True,40b6a6a571a0e97bba71a382363484132d4f26638e8ab0c398269564b906c685,True,True,False,False,False
llama1b,3072,12,381,long,burst,study08_a1_s381_llama1b_kv3072_cap12-05_long_burst_guard128,guard128,0,256,64,0.039000098000542494,1.1370848450005724,0.06622762599909038,0,0,0,0,0.06599021300098684,0,0,0.5,False,c3f03bc4d51ebae25202c36e5817a03529f68f149f75eecdbc70a07fc3c07a1e,False,False,False,False,False
llama1b,3072,12,381,long,burst,study08_a1_s381_llama1b_kv3072_cap12-05_long_burst_guard128,guard128,4,512,64,0.13278755200008163,1.0620701819989335,0.025589486000171746,0,0,0,0,0.025726077999934205,0,0,0.5,False,041016b6c3176eec49523d885fdbd7406b04a21e701f86d1a6f21c658ec24211,False,False,False,False,False
llama1b,3072,12,381,long,burst,study08_a1_s381_llama1b_kv3072_cap12-05_long_burst_guard128,guard128,7,128,64,0.9709774849998212,1.854414856999938,0.01712720399882528,0,0,0,0,0.017331179000393604,0,0,0.5,False,8b8501f1b24723ead2a4fbbde0fde269428ad4dd41285c76cf1bb93616f371fc,False,False,False,False,False
llama1b,3072,12,381,long,burst,study08_a1_s381_llama1b_kv3072_cap12-05_long_burst_guard128,guard128,2,128,256,0.08564279199890734,3.8280896460000804,0.06618025500029034,0,0,0,0,0.06597833200066816,0,0,0.5,False,d0f4de4a54841d78fd5f8abdcf6a40d46ce003a5dcad44426f73f12e9e0bde94,False,False,False,False,False
llama1b,3072,12,381,long,burst,study08_a1_s381_llama1b_kv3072_cap12-05_long_burst_guard128,guard128,3,512,256,0.09824489400125458,3.7923045530005766,0.06599715599986666,0,0,0,0,0.06597809800041432,0,0,0.5,False,4d8619df501f5edc0203d21967bdbc3ce2912a8f00785ec5f5a1dcdf178c5ab4,False,False,False,False,False
llama1b,3072,12,381,long,burst,study08_a1_s381_llama1b_kv3072_cap12-05_long_burst_guard128,guard128,6,256,256,1.0210085960006836,4.658085581000705,0.08492360800119059,0,0,0,0,0.0843134580009064,0,0,0.5,False,ed1b1deb76a8e15efeddce1d6e260f212e4c77d8d76e883756296bda3d6121fb,False,False,False,False,False
llama1b,3072,12,381,long,burst,study08_a1_s381_llama1b_kv3072_cap12-05_long_burst_guard128,guard128,9,512,256,3.591368944998976,7.180156394999358,0.01725205899856519,0,0,0,0,0.017182438999952865,0,0,0.5,False,4d8619df501f5edc0203d21967bdbc3ce2912a8f00785ec5f5a1dcdf178c5ab4,False,False,False,False,False
llama1b,3072,12,381,long,burst,study08_a1_s381_llama1b_kv3072_cap12-05_long_burst_guard128,guard128,11,128,64,9.805004600000757,11.003295645001344,0.1277626089995465,1,141,141,0,0.12766512400048668,0,0,0.5,False,8b8501f1b24723ead2a4fbbde0fde269428ad4dd41285c76cf1bb93616f371fc,False,False,False,False,False
llama1b,3072,12,381,long,burst,study08_a1_s381_llama1b_kv3072_cap12-05_long_burst_guard128,guard128,5,128,1536,0.10853310799939209,142.1644224089996,0.6145506699995167,200,284052,285715,1663,0.6149802990003082,0,0,0.5,True,4502d16355644e9736e3c0b5387c996c63eb19ae8576d6ae4715f7f9b1f4951e,True,True,False,False,False
llama1b,3072,12,381,long,burst,study08_a1_s381_llama1b_kv3072_cap12-05_long_burst_guard128,guard128,1,512,1536,0.09366972899988468,145.69256914700054,0.7081627019997541,207,371505,371505,0,0.7082301069985988,0,0,0.5,True,b0f16ff7bb74c0c9508a5c29b7a4d6406a747f7b72fde496b18b1f607a15c5be,True,True,False,False,False
llama1b,3072,12,381,long,burst,study08_a1_s381_llama1b_kv3072_cap12-05_long_burst_guard128,guard128,8,256,1536,3.641225236000537,158.6830728010009,0.7062821330000588,227,303402,303402,0,0.7061712680006167,0,0,0.5,True,40b6a6a571a0e97bba71a382363484132d4f26638e8ab0c398269564b906c685,True,True,False,False,False
llama1b,3072,12,381,long,burst,study08_a1_s381_llama1b_kv3072_cap12-05_long_burst_guard128,guard128,10,256,1536,7.181179152999903,160.99243760199897,0.570925107000221,229,257506,257506,0,0.570612755998809,0,0,0.5,True,40b6a6a571a0e97bba71a382363484132d4f26638e8ab0c398269564b906c685,True,True,False,False,False
llama1b,3072,12,381,long,stagger,study08_a1_s381_llama1b_kv3072_cap12-06_long_stagger_guard128,guard128,0,256,64,0.04324776100111194,0.9397754500005249,0.06253667800046969,0,0,0,0,0.06203989500136231,0,0,0.5,False,c3f03bc4d51ebae25202c36e5817a03529f68f149f75eecdbc70a07fc3c07a1e,False,False,False,False,False
llama1b,3072,12,381,long,stagger,study08_a1_s381_llama1b_kv3072_cap12-06_long_stagger_guard128,guard128,4,512,64,0.09083829000155674,0.9744670820000465,0.018407637000564137,0,0,0,0,0.017897388999699615,0,0,0.5,False,041016b6c3176eec49523d885fdbd7406b04a21e701f86d1a6f21c658ec24211,False,False,False,False,False
llama1b,3072,12,381,long,stagger,study08_a1_s381_llama1b_kv3072_cap12-06_long_stagger_guard128,guard128,2,128,256,0.047110771000006935,3.6975131569997757,0.06140028400113806,0,0,0,0,0.060954814000069746,0,0,0.5,False,d0f4de4a54841d78fd5f8abdcf6a40d46ce003a5dcad44426f73f12e9e0bde94,False,False,False,False,False
llama1b,3072,12,381,long,stagger,study08_a1_s381_llama1b_kv3072_cap12-06_long_stagger_guard128,guard128,3,512,256,0.08096062600088771,3.691439178001019,0.06146829200042703,0,0,0,0,0.06095576499865274,0,0,0.5,False,4d8619df501f5edc0203d21967bdbc3ce2912a8f00785ec5f5a1dcdf178c5ab4,False,False,False,False,False
llama1b,3072,12,381,long,stagger,study08_a1_s381_llama1b_kv3072_cap12-06_long_stagger_guard128,guard128,6,256,256,0.056339419999858364,3.617423534000409,0.020919812999636633,0,0,0,0,0.020663457000409835,0,0,0.5,False,ed1b1deb76a8e15efeddce1d6e260f212e4c77d8d76e883756296bda3d6121fb,False,False,False,False,False
llama1b,3072,12,381,long,stagger,study08_a1_s381_llama1b_kv3072_cap12-06_long_stagger_guard128,guard128,7,128,64,0.041898799001501175,0.9327512020008726,0.015929324999888195,0,0,0,0,0.016223270000409684,0,0,0.5,False,8b8501f1b24723ead2a4fbbde0fde269428ad4dd41285c76cf1bb93616f371fc,False,False,False,False,False
llama1b,3072,12,381,long,stagger,study08_a1_s381_llama1b_kv3072_cap12-06_long_stagger_guard128,guard128,11,128,64,3.465722797000126,5.803978477999408,0.28699219100053597,3,478,478,0,0.28674885600048583,0,0,0.5,False,8b8501f1b24723ead2a4fbbde0fde269428ad4dd41285c76cf1bb93616f371fc,True,False,False,False,False
llama1b,3072,12,381,long,stagger,study08_a1_s381_llama1b_kv3072_cap12-06_long_stagger_guard128,guard128,9,512,256,4.052283123999587,21.906211671001074,0.6036730689993419,28,19148,19148,0,0.6035616589997517,0,0,0.5,True,4d8619df501f5edc0203d21967bdbc3ce2912a8f00785ec5f5a1dcdf178c5ab4,True,True,False,False,False
llama1b,3072,12,381,long,stagger,study08_a1_s381_llama1b_kv3072_cap12-06_long_stagger_guard128,guard128,1,512,1536,0.0854688419985905,70.88458006499968,0.6066458460009017,92,173662,173662,0,0.6062919870000769,0,0,0.5,True,b0f16ff7bb74c0c9508a5c29b7a4d6406a747f7b72fde496b18b1f607a15c5be,True,True,False,False,False
llama1b,3072,12,381,long,stagger,study08_a1_s381_llama1b_kv3072_cap12-06_long_stagger_guard128,guard128,5,128,1536,0.043407410999861895,79.5909635249991,0.6085187710013997,106,139487,139487,0,0.6084644429993205,0,0,0.5,True,4502d16355644e9736e3c0b5387c996c63eb19ae8576d6ae4715f7f9b1f4951e,True,True,False,False,False
llama1b,3072,12,381,long,stagger,study08_a1_s381_llama1b_kv3072_cap12-06_long_stagger_guard128,guard128,8,256,1536,0.06124921800073935,85.14260919899971,0.625669688999551,124,137323,137323,0,0.6256745280006726,0,0,0.5,True,40b6a6a571a0e97bba71a382363484132d4f26638e8ab0c398269564b906c685,True,True,False,False,False
llama1b,3072,12,381,long,stagger,study08_a1_s381_llama1b_kv3072_cap12-06_long_stagger_guard128,guard128,10,256,1536,3.7215763439999137,87.98561434700059,0.564829209999516,119,91456,91456,0,0.5643160629988415,0,0,0.5,True,40b6a6a571a0e97bba71a382363484132d4f26638e8ab0c398269564b906c685,True,True,False,False,False
llama1b,3072,12,381,long,stagger,study08_a1_s381_llama1b_kv3072_cap12-07_long_stagger_guard_fast,guard_fast,0,256,64,0.038310593999995035,0.9380712439997296,0.05896131599911314,0,0,0,0,0.0587541089989827,0,0,0.25,False,c3f03bc4d51ebae25202c36e5817a03529f68f149f75eecdbc70a07fc3c07a1e,False,False,False,False,False
llama1b,3072,12,381,long,stagger,study08_a1_s381_llama1b_kv3072_cap12-07_long_stagger_guard_fast,guard_fast,4,512,64,0.08779788699939672,0.9650473189994955,0.018664891000298667,0,0,0,0,0.018808516999342828,0,0,0.25,False,041016b6c3176eec49523d885fdbd7406b04a21e701f86d1a6f21c658ec24211,False,False,False,False,False
llama1b,3072,12,381,long,stagger,study08_a1_s381_llama1b_kv3072_cap12-07_long_stagger_guard_fast,guard_fast,2,128,256,0.050939993001520634,3.6638162350009225,0.06277759200020228,0,0,0,0,0.06190298600085953,0,0,0.25,False,d0f4de4a54841d78fd5f8abdcf6a40d46ce003a5dcad44426f73f12e9e0bde94,False,False,False,False,False
llama1b,3072,12,381,long,stagger,study08_a1_s381_llama1b_kv3072_cap12-07_long_stagger_guard_fast,guard_fast,3,512,256,0.08455081600004632,3.67485709399989,0.06269180099843652,0,0,0,0,0.06190393600081734,0,0,0.25,False,4d8619df501f5edc0203d21967bdbc3ce2912a8f00785ec5f5a1dcdf178c5ab4,False,False,False,False,False
llama1b,3072,12,381,long,stagger,study08_a1_s381_llama1b_kv3072_cap12-07_long_stagger_guard_fast,guard_fast,6,256,256,0.06140577000041958,3.608481978999407,0.02173320300062187,0,0,0,0,0.021679933999621426,0,0,0.25,False,ed1b1deb76a8e15efeddce1d6e260f212e4c77d8d76e883756296bda3d6121fb,False,False,False,False,False
llama1b,3072,12,381,long,stagger,study08_a1_s381_llama1b_kv3072_cap12-07_long_stagger_guard_fast,guard_fast,7,128,64,0.043338590001440025,0.9133833249998133,0.017210943000463885,0,0,0,0,0.01714356500087888,0,0,0.25,False,8b8501f1b24723ead2a4fbbde0fde269428ad4dd41285c76cf1bb93616f371fc,False,False,False,False,False
llama1b,3072,12,381,long,stagger,study08_a1_s381_llama1b_kv3072_cap12-07_long_stagger_guard_fast,guard_fast,11,128,64,3.1787537440013693,8.916126099000394,0.3815909909990296,12,1753,1944,191,0.381033279998519,0,0,0.25,True,8b8501f1b24723ead2a4fbbde0fde269428ad4dd41285c76cf1bb93616f371fc,True,False,False,False,False
llama1b,3072,12,381,long,stagger,study08_a1_s381_llama1b_kv3072_cap12-07_long_stagger_guard_fast,guard_fast,9,512,256,3.7654181239995523,34.7102577429996,0.6061363840017293,48,31995,31995,0,0.6057838039996568,0,0,0.25,True,4d8619df501f5edc0203d21967bdbc3ce2912a8f00785ec5f5a1dcdf178c5ab4,True,True,False,False,False
llama1b,3072,12,381,long,stagger,study08_a1_s381_llama1b_kv3072_cap12-07_long_stagger_guard_fast,guard_fast,1,512,1536,0.08338578199982294,106.42895609599873,0.5812470040000335,179,333076,333076,0,0.5808723119989736,0,0,0.25,True,b0f16ff7bb74c0c9508a5c29b7a4d6406a747f7b72fde496b18b1f607a15c5be,True,True,False,False,False
llama1b,3072,12,381,long,stagger,study08_a1_s381_llama1b_kv3072_cap12-07_long_stagger_guard_fast,guard_fast,5,128,1536,0.05071097500149335,132.77819598600036,0.6929192600000533,252,332495,332495,0,0.6933015529994009,0,0,0.25,True,4502d16355644e9736e3c0b5387c996c63eb19ae8576d6ae4715f7f9b1f4951e,True,True,False,False,False
llama1b,3072,12,381,long,stagger,study08_a1_s381_llama1b_kv3072_cap12-07_long_stagger_guard_fast,guard_fast,8,256,1536,0.06959743500010518,157.42447780899965,0.6372027190009248,293,346229,348020,1791,0.6369124449993251,0,0,0.25,True,40b6a6a571a0e97bba71a382363484132d4f26638e8ab0c398269564b906c685,True,True,False,False,False
llama1b,3072,12,381,long,stagger,study08_a1_s381_llama1b_kv3072_cap12-07_long_stagger_guard_fast,guard_fast,10,256,1536,3.434868637001273,159.34387706400048,0.5347096140012582,262,248639,248639,0,0.5346665590004704,0,0,0.25,True,40b6a6a571a0e97bba71a382363484132d4f26638e8ab0c398269564b906c685,True,True,False,False,False
llama1b,3072,12,381,long,burst,study08_a1_s381_llama1b_kv3072_cap12-08_long_burst_slai_port,slai_port,0,256,64,0.037960720999763,1.1901406469987705,0.06355353199978708,0,0,0,0,0.06357146099981037,0,0,0.5,False,c3f03bc4d51ebae25202c36e5817a03529f68f149f75eecdbc70a07fc3c07a1e,False,False,False,False,False
llama1b,3072,12,381,long,burst,study08_a1_s381_llama1b_kv3072_cap12-08_long_burst_slai_port,slai_port,4,512,64,0.12274566600171966,1.1377383030012425,0.03777481900033308,0,0,0,0,0.03754133800066484,0,0,0.5,False,041016b6c3176eec49523d885fdbd7406b04a21e701f86d1a6f21c658ec24211,False,False,False,False,False
llama1b,3072,12,381,long,burst,study08_a1_s381_llama1b_kv3072_cap12-08_long_burst_slai_port,slai_port,7,128,64,0.0703632419990754,1.0630614290002995,0.04644303999884869,0,0,0,0,0.04535500900055922,0,0,0.5,False,8b8501f1b24723ead2a4fbbde0fde269428ad4dd41285c76cf1bb93616f371fc,False,False,False,False,False
llama1b,3072,12,381,long,burst,study08_a1_s381_llama1b_kv3072_cap12-08_long_burst_slai_port,slai_port,11,128,64,0.04853615499996522,1.0023274539998965,0.04628063500058488,0,0,0,0,0.04535942099937529,0,0,0.5,False,8b8501f1b24723ead2a4fbbde0fde269428ad4dd41285c76cf1bb93616f371fc,False,False,False,False,False
llama1b,3072,12,381,long,burst,study08_a1_s381_llama1b_kv3072_cap12-08_long_burst_slai_port,slai_port,2,128,256,0.08184368900037953,4.038111482999739,0.06616013399980147,0,0,0,0,0.0656490119999944,0,0,0.5,False,d0f4de4a54841d78fd5f8abdcf6a40d46ce003a5dcad44426f73f12e9e0bde94,False,False,False,False,False
llama1b,3072,12,381,long,burst,study08_a1_s381_llama1b_kv3072_cap12-08_long_burst_slai_port,slai_port,6,256,256,0.08327883399942948,4.313382939999428,0.35771354700045777,1,288,288,0,0.3571233980001125,0,0,0.5,False,ed1b1deb76a8e15efeddce1d6e260f212e4c77d8d76e883756296bda3d6121fb,True,False,False,False,False
llama1b,3072,12,381,long,burst,study08_a1_s381_llama1b_kv3072_cap12-08_long_burst_slai_port,slai_port,3,512,256,0.09517379799945047,6.446067447999667,2.311265120000826,1,592,592,0,2.3117805609999778,2.229234443000678,2.311265120000826,0.5,True,4d8619df501f5edc0203d21967bdbc3ce2912a8f00785ec5f5a1dcdf178c5ab4,True,True,True,True,False
llama1b,3072,12,381,long,burst,study08_a1_s381_llama1b_kv3072_cap12-08_long_burst_slai_port,slai_port,9,512,256,1.1805146700007754,6.8775326360009785,1.6799805320006271,2,1392,1392,0,1.6804949840006884,1.5899645810004586,1.6799805320006271,0.5,True,4d8619df501f5edc0203d21967bdbc3ce2912a8f00785ec5f5a1dcdf178c5ab4,True,True,True,False,False
llama1b,3072,12,381,long,burst,study08_a1_s381_llama1b_kv3072_cap12-08_long_burst_slai_port,slai_port,5,128,1536,0.09713464999913413,24.715614943999753,1.6258954940003605,4,1536,1536,0,1.6260371030002716,1.5582774359991163,1.6258954940003605,0.5,True,4502d16355644e9736e3c0b5387c996c63eb19ae8576d6ae4715f7f9b1f4951e,True,True,True,False,False
llama1b,3072,12,381,long,burst,study08_a1_s381_llama1b_kv3072_cap12-08_long_burst_slai_port,slai_port,8,256,1536,0.07394893300079275,33.49087044800035,6.771150857999601,3,2800,2800,0,6.771093028000905,11.34224118199927,11.673037144999398,0.5,True,40b6a6a571a0e97bba71a382363484132d4f26638e8ab0c398269564b906c685,True,True,True,True,True
llama1b,3072,12,381,long,burst,study08_a1_s381_llama1b_kv3072_cap12-08_long_burst_slai_port,slai_port,1,512,1536,0.09262383799978124,34.46427479900012,5.960152342000583,3,4576,4576,0,5.959732962999624,11.39687489500102,11.829324238000481,0.5,True,b0f16ff7bb74c0c9508a5c29b7a4d6406a747f7b72fde496b18b1f607a15c5be,True,True,True,True,True
llama1b,3072,12,381,long,burst,study08_a1_s381_llama1b_kv3072_cap12-08_long_burst_slai_port,slai_port,10,256,1536,0.8981452169991826,40.230633438999575,11.397624152999924,4,3296,3296,0,11.397483757998998,16.376673781000136,16.719239223999466,0.5,True,40b6a6a571a0e97bba71a382363484132d4f26638e8ab0c398269564b906c685,True,True,True,True,True
llama1b,3072,12,381,long,stagger,study08_a1_s381_llama1b_kv3072_cap12-09_long_stagger_baseline,baseline,0,256,64,0.04204266399938206,0.9407607749999443,0.06678290299896616,0,0,0,0,0.06623410999964108,0,0,0.5,False,c3f03bc4d51ebae25202c36e5817a03529f68f149f75eecdbc70a07fc3c07a1e,False,False,False,False,False
llama1b,3072,12,381,long,stagger,study08_a1_s381_llama1b_kv3072_cap12-09_long_stagger_baseline,baseline,4,512,64,0.08128283999940322,0.9526712400001998,0.016924264000408584,0,0,0,0,0.016760114000135218,0,0,0.5,False,041016b6c3176eec49523d885fdbd7406b04a21e701f86d1a6f21c658ec24211,False,False,False,False,False
llama1b,3072,12,381,long,stagger,study08_a1_s381_llama1b_kv3072_cap12-09_long_stagger_baseline,baseline,2,128,256,0.05482511000082013,3.672185741001158,0.060911261000001105,0,0,0,0,0.06043826199856994,0,0,0.5,False,d0f4de4a54841d78fd5f8abdcf6a40d46ce003a5dcad44426f73f12e9e0bde94,False,False,False,False,False
llama1b,3072,12,381,long,stagger,study08_a1_s381_llama1b_kv3072_cap12-09_long_stagger_baseline,baseline,3,512,256,0.08257851800044591,3.657326706999811,0.059011003000705387,0,0,0,0,0.05858216999877186,0,0,0.5,False,4d8619df501f5edc0203d21967bdbc3ce2912a8f00785ec5f5a1dcdf178c5ab4,False,False,False,False,False
llama1b,3072,12,381,long,stagger,study08_a1_s381_llama1b_kv3072_cap12-09_long_stagger_baseline,baseline,6,256,256,0.06553881800027739,3.6202307310013566,0.020504235000771587,0,0,0,0,0.02015609000045515,0,0,0.5,False,ed1b1deb76a8e15efeddce1d6e260f212e4c77d8d76e883756296bda3d6121fb,False,False,False,False,False
llama1b,3072,12,381,long,stagger,study08_a1_s381_llama1b_kv3072_cap12-09_long_stagger_baseline,baseline,7,128,64,0.04652193899892154,0.9302906680004526,0.018583715000204393,0,0,0,0,0.018416030001390027,0,0,0.5,False,8b8501f1b24723ead2a4fbbde0fde269428ad4dd41285c76cf1bb93616f371fc,False,False,False,False,False
llama1b,3072,12,381,long,stagger,study08_a1_s381_llama1b_kv3072_cap12-09_long_stagger_baseline,baseline,1,512,1536,0.08595889400021406,21.612731360999533,0.062136234000718105,0,0,0,0,0.06127258299966343,0,0,0.5,False,b0f16ff7bb74c0c9508a5c29b7a4d6406a747f7b72fde496b18b1f607a15c5be,False,False,False,False,False
llama1b,3072,12,381,long,stagger,study08_a1_s381_llama1b_kv3072_cap12-09_long_stagger_baseline,baseline,11,128,64,9.232641254000555,10.125135812000735,0.018389978000413976,0,0,0,0,0.017217471000549267,0,0,0.5,False,8b8501f1b24723ead2a4fbbde0fde269428ad4dd41285c76cf1bb93616f371fc,False,False,False,False,False
llama1b,3072,12,381,long,stagger,study08_a1_s381_llama1b_kv3072_cap12-09_long_stagger_baseline,baseline,9,512,256,0.09177555299902451,12.769282924999061,9.111412019999989,1,556,556,0,9.110714912998446,8.82610121899961,9.111412019999989,0.5,True,4d8619df501f5edc0203d21967bdbc3ce2912a8f00785ec5f5a1dcdf178c5ab4,True,True,True,True,True
llama1b,3072,12,381,long,stagger,study08_a1_s381_llama1b_kv3072_cap12-09_long_stagger_baseline,baseline,5,128,1536,0.047161839000182226,24.19130329500149,2.51787085199976,1,1168,1168,0,2.5176375869996264,2.2981528569998773,2.51787085199976,0.5,True,4502d16355644e9736e3c0b5387c996c63eb19ae8576d6ae4715f7f9b1f4951e,True,True,True,True,False
llama1b,3072,12,381,long,stagger,study08_a1_s381_llama1b_kv3072_cap12-09_long_stagger_baseline,baseline,8,256,1536,0.06721909100087942,28.053731972000605,6.4294632019991695,1,544,544,0,6.429251712999758,6.2096675249995315,6.4294632019991695,0.5,True,40b6a6a571a0e97bba71a382363484132d4f26638e8ab0c398269564b906c685,True,True,True,True,True
llama1b,3072,12,381,long,stagger,study08_a1_s381_llama1b_kv3072_cap12-09_long_stagger_baseline,baseline,10,256,1536,9.488573430000542,34.026238940999974,1.6106732400003239,3,2215,2215,0,1.610165435999079,2.7044797999988077,2.8471193500008667,0.5,True,40b6a6a571a0e97bba71a382363484132d4f26638e8ab0c398269564b906c685,True,True,True,False,False
llama1b,3072,12,381,long,stagger,study08_a1_s381_llama1b_kv3072_cap12-10_long_stagger_guard256,guard256,0,256,64,0.04264510000029986,0.9412722110009781,0.06387847700170823,0,0,0,0,0.06314582099912514,0,0,0.5,False,c3f03bc4d51ebae25202c36e5817a03529f68f149f75eecdbc70a07fc3c07a1e,False,False,False,False,False
llama1b,3072,12,381,long,stagger,study08_a1_s381_llama1b_kv3072_cap12-10_long_stagger_guard256,guard256,2,128,256,0.05142801400143071,3.602895324000201,0.05973822600026324,0,0,0,0,0.05970137300028,0,0,0.5,False,d0f4de4a54841d78fd5f8abdcf6a40d46ce003a5dcad44426f73f12e9e0bde94,False,False,False,False,False
llama1b,3072,12,381,long,stagger,study08_a1_s381_llama1b_kv3072_cap12-10_long_stagger_guard256,guard256,4,512,64,1.838578595999934,2.714552346000346,0.01659607799956575,0,0,0,0,0.016872893000254408,0,0,0.5,False,041016b6c3176eec49523d885fdbd7406b04a21e701f86d1a6f21c658ec24211,False,False,False,False,False
llama1b,3072,12,381,long,stagger,study08_a1_s381_llama1b_kv3072_cap12-10_long_stagger_guard256,guard256,3,512,256,0.08391701999971701,3.6632830970011128,0.06261837600141007,0,0,0,0,0.06221835399992415,0,0,0.5,False,4d8619df501f5edc0203d21967bdbc3ce2912a8f00785ec5f5a1dcdf178c5ab4,False,False,False,False,False
llama1b,3072,12,381,long,stagger,study08_a1_s381_llama1b_kv3072_cap12-10_long_stagger_guard256,guard256,6,256,256,0.06494152800041775,3.594570343000669,0.019082664000961813,0,0,0,0,0.019001444001332857,0,0,0.5,False,ed1b1deb76a8e15efeddce1d6e260f212e4c77d8d76e883756296bda3d6121fb,False,False,False,False,False
llama1b,3072,12,381,long,stagger,study08_a1_s381_llama1b_kv3072_cap12-10_long_stagger_guard256,guard256,7,128,64,0.5665444559999742,1.4415010220000113,0.01729460100068536,0,0,0,0,0.01708076099930622,0,0,0.5,False,8b8501f1b24723ead2a4fbbde0fde269428ad4dd41285c76cf1bb93616f371fc,False,False,False,False,False
llama1b,3072,12,381,long,stagger,study08_a1_s381_llama1b_kv3072_cap12-10_long_stagger_guard256,guard256,9,512,256,4.330774948999533,15.54829112599873,0.4601683929995488,14,8890,8890,0,0.46023513699947216,0,0,0.5,False,4d8619df501f5edc0203d21967bdbc3ce2912a8f00785ec5f5a1dcdf178c5ab4,True,False,False,False,False
llama1b,3072,12,381,long,stagger,study08_a1_s381_llama1b_kv3072_cap12-10_long_stagger_guard256,guard256,1,512,1536,0.08501450399853638,54.870738317998985,0.5810537490015122,63,117260,119307,2047,0.5808576420004101,0,0,0.5,True,b0f16ff7bb74c0c9508a5c29b7a4d6406a747f7b72fde496b18b1f607a15c5be,True,True,False,False,False
llama1b,3072,12,381,long,stagger,study08_a1_s381_llama1b_kv3072_cap12-10_long_stagger_guard256,guard256,11,128,64,42.50136378100069,43.913412806999986,0.18474452900045435,2,326,326,0,0.18469783999898937,0,0,0.5,False,8b8501f1b24723ead2a4fbbde0fde269428ad4dd41285c76cf1bb93616f371fc,False,False,False,False,False
llama1b,3072,12,381,long,stagger,study08_a1_s381_llama1b_kv3072_cap12-10_long_stagger_guard256,guard256,5,128,1536,1.1612237339995772,62.96810304000064,0.5940654709993396,76,96737,96737,0,0.5942862499996409,0,0,0.5,True,4502d16355644e9736e3c0b5387c996c63eb19ae8576d6ae4715f7f9b1f4951e,True,True,False,False,False
llama1b,3072,12,381,long,stagger,study08_a1_s381_llama1b_kv3072_cap12-10_long_stagger_guard256,guard256,8,256,1536,0.0568428890001087,61.08894730800057,0.6181789719994413,76,79643,79643,0,0.6180168549999507,0,0,0.5,True,40b6a6a571a0e97bba71a382363484132d4f26638e8ab0c398269564b906c685,True,True,False,False,False
llama1b,3072,12,381,long,stagger,study08_a1_s381_llama1b_kv3072_cap12-10_long_stagger_guard256,guard256,10,256,1536,16.19364201099961,68.21318377399984,0.5066876780001621,81,41200,41200,0,0.5066013739997288,0,0,0.5,True,40b6a6a571a0e97bba71a382363484132d4f26638e8ab0c398269564b906c685,True,True,False,False,False
llama1b,3072,12,381,long,burst,study08_a1_s381_llama1b_kv3072_cap12-11_long_burst_guard256,guard256,0,256,64,0.04197260699947947,1.0709525629990821,0.06802807999883953,0,0,0,0,0.067454773999998,0,0,0.5,False,c3f03bc4d51ebae25202c36e5817a03529f68f149f75eecdbc70a07fc3c07a1e,False,False,False,False,False
llama1b,3072,12,381,long,burst,study08_a1_s381_llama1b_kv3072_cap12-11_long_burst_guard256,guard256,4,512,64,0.9544225860008737,1.8639069630007725,0.01886458599983598,0,0,0,0,0.018911703000412672,0,0,0.5,False,041016b6c3176eec49523d885fdbd7406b04a21e701f86d1a6f21c658ec24211,False,False,False,False,False
llama1b,3072,12,381,long,burst,study08_a1_s381_llama1b_kv3072_cap12-11_long_burst_guard256,guard256,2,128,256,0.08155863599859003,3.8926755399988906,0.0675667510004132,0,0,0,0,0.06675340100082394,0,0,0.5,False,d0f4de4a54841d78fd5f8abdcf6a40d46ce003a5dcad44426f73f12e9e0bde94,False,False,False,False,False
llama1b,3072,12,381,long,burst,study08_a1_s381_llama1b_kv3072_cap12-11_long_burst_guard256,guard256,3,512,256,0.09754660099861212,3.8591959309997037,0.06771595300051558,0,0,0,0,0.0667534619988146,0,0,0.5,False,4d8619df501f5edc0203d21967bdbc3ce2912a8f00785ec5f5a1dcdf178c5ab4,False,False,False,False,False
llama1b,3072,12,381,long,burst,study08_a1_s381_llama1b_kv3072_cap12-11_long_burst_guard256,guard256,7,128,64,3.749439141000039,4.672638451000239,0.018800508998538135,0,0,0,0,0.01885552000021562,0,0,0.5,False,8b8501f1b24723ead2a4fbbde0fde269428ad4dd41285c76cf1bb93616f371fc,False,False,False,False,False
llama1b,3072,12,381,long,burst,study08_a1_s381_llama1b_kv3072_cap12-11_long_burst_guard256,guard256,6,256,256,3.7997884470005374,7.504087252000318,0.02194356399922981,0,0,0,0,0.021719917998780147,0,0,0.5,False,ed1b1deb76a8e15efeddce1d6e260f212e4c77d8d76e883756296bda3d6121fb,False,False,False,False,False
llama1b,3072,12,381,long,burst,study08_a1_s381_llama1b_kv3072_cap12-11_long_burst_guard256,guard256,9,512,256,12.838463189998947,23.216565245998936,0.4677717450013006,14,8924,8924,0,0.46734557800118637,0,0,0.5,False,4d8619df501f5edc0203d21967bdbc3ce2912a8f00785ec5f5a1dcdf178c5ab4,True,False,False,False,False
llama1b,3072,12,381,long,burst,study08_a1_s381_llama1b_kv3072_cap12-11_long_burst_guard256,guard256,1,512,1536,0.09102130199971725,65.15309108300062,0.5521325400004571,85,152841,152841,0,0.5519849129996146,0,0,0.5,True,b0f16ff7bb74c0c9508a5c29b7a4d6406a747f7b72fde496b18b1f607a15c5be,True,True,False,False,False
llama1b,3072,12,381,long,burst,study08_a1_s381_llama1b_kv3072_cap12-11_long_burst_guard256,guard256,11,128,64,66.42211025300094,69.47400214499976,0.23739869500059285,10,1616,1616,0,0.23762143200110586,0,0,0.5,False,8b8501f1b24723ead2a4fbbde0fde269428ad4dd41285c76cf1bb93616f371fc,False,False,False,False,False
llama1b,3072,12,381,long,burst,study08_a1_s381_llama1b_kv3072_cap12-11_long_burst_guard256,guard256,5,128,1536,1.8522816129989224,76.62293594699986,0.5684148669988645,100,133488,135151,1663,0.568121328999041,0,0,0.5,True,4502d16355644e9736e3c0b5387c996c63eb19ae8576d6ae4715f7f9b1f4951e,True,True,False,False,False
llama1b,3072,12,381,long,burst,study08_a1_s381_llama1b_kv3072_cap12-11_long_burst_guard256,guard256,8,256,1536,3.6996500619989092,78.4283551919998,0.5721699400000944,105,138825,138825,0,0.5716198949994578,0,0,0.5,True,40b6a6a571a0e97bba71a382363484132d4f26638e8ab0c398269564b906c685,True,True,False,False,False
llama1b,3072,12,381,long,burst,study08_a1_s381_llama1b_kv3072_cap12-11_long_burst_guard256,guard256,10,256,1536,66.47200646199963,94.48130958799993,0.24293119100002514,30,10522,10522,0,0.24278204499933054,0,0,0.5,False,40b6a6a571a0e97bba71a382363484132d4f26638e8ab0c398269564b906c685,False,False,False,False,False
