trial,model,slots,cap,seed,mix,arrival,policy,index,input,output,ttft,completion,max_gap,evictions,replay,wait_s,max_wait_s,wait_covered_gt1_gaps_s,total_gt1_gaps_s,lateness_s,gap_gt_0.5,gap_gt_1,gap_gt_2,gap_gt_5
study00_s23_qwen1.5b_kv12288_cap12-00_generation_burst_fixed,qwen1.5b,12288,12,23,generation,burst,fixed,5,128,64,0.07365956400008145,1.4873107250004978,0.11787341399940487,0,0,0,0,0,0,9.45189995036344e-05,False,False,False,False
study00_s23_qwen1.5b_kv12288_cap12-00_generation_burst_fixed,qwen1.5b,12288,12,23,generation,burst,fixed,6,512,64,0.1276297100002921,1.473805984000137,0.11746110700005374,0,0,0,0,0,0,8.245999943023996e-05,False,False,False,False
study00_s23_qwen1.5b_kv12288_cap12-00_generation_burst_fixed,qwen1.5b,12288,12,23,generation,burst,fixed,7,128,64,0.19580503499946644,1.4580578889999742,0.11788091399921541,0,0,0,0,0,0,0.00016710499985489458,False,False,False,False
study00_s23_qwen1.5b_kv12288_cap12-00_generation_burst_fixed,qwen1.5b,12288,12,23,generation,burst,fixed,11,256,64,0.18428307500016672,1.3121659440002986,0.020415474999936123,0,0,0,0,0,0,7.953599942989165e-05,False,False,False,False
study00_s23_qwen1.5b_kv12288_cap12-00_generation_burst_fixed,qwen1.5b,12288,12,23,generation,burst,fixed,0,512,256,0.08148277399959625,5.070132158999513,0.11763825900015945,0,0,0,0,0,0,8.584599981986685e-05,False,False,False,False
study00_s23_qwen1.5b_kv12288_cap12-00_generation_burst_fixed,qwen1.5b,12288,12,23,generation,burst,fixed,4,128,256,0.0942517109997425,4.977746339999612,0.11795121599971026,0,0,0,0,0,0,9.713699982966117e-05,False,False,False,False
study00_s23_qwen1.5b_kv12288_cap12-00_generation_burst_fixed,qwen1.5b,12288,12,23,generation,burst,fixed,8,512,256,0.14567450300000928,4.868194409000353,0.11808099500012759,0,0,0,0,0,0,0.00015591099927403373,False,False,False,False
study00_s23_qwen1.5b_kv12288_cap12-00_generation_burst_fixed,qwen1.5b,12288,12,23,generation,burst,fixed,9,256,256,0.2347785190004288,4.8507638099999895,0.04894318799961184,0,0,0,0,0,0,8.130399946820743e-05,False,False,False,False
study00_s23_qwen1.5b_kv12288_cap12-00_generation_burst_fixed,qwen1.5b,12288,12,23,generation,burst,fixed,1,256,768,0.10034486200038373,13.797558389999722,0.1179306269996232,0,0,0,0,0,0,8.97499996426604e-05,False,False,False,False
study00_s23_qwen1.5b_kv12288_cap12-00_generation_burst_fixed,qwen1.5b,12288,12,23,generation,burst,fixed,2,256,768,0.12327975599964702,13.78682626400041,0.11775049300013052,0,0,0,0,0,0,8.77489996128078e-05,False,False,False,False
study00_s23_qwen1.5b_kv12288_cap12-00_generation_burst_fixed,qwen1.5b,12288,12,23,generation,burst,fixed,3,128,768,0.11046966499998234,13.757877422000092,0.1176338580007723,0,0,0,0,0,0,0.00014356799929371444,False,False,False,False
study00_s23_qwen1.5b_kv12288_cap12-00_generation_burst_fixed,qwen1.5b,12288,12,23,generation,burst,fixed,10,512,768,0.18525154599956295,13.55311520199939,0.04829826100012724,0,0,0,0,0,0,0.00012125000012019882,False,False,False,False
study00_s23_qwen1.5b_kv12288_cap12-01_generation_burst_baseline,qwen1.5b,12288,12,23,generation,burst,baseline,5,128,64,0.0705123919997277,1.606497257999763,0.11575470600018889,0,0,0,0,0,0,0.0002085819996864302,False,False,False,False
study00_s23_qwen1.5b_kv12288_cap12-01_generation_burst_baseline,qwen1.5b,12288,12,23,generation,burst,baseline,6,512,64,0.12461901400001807,1.5943727350004337,0.1158580430001166,0,0,0,0,0,0,8.8988999050299e-05,False,False,False,False
study00_s23_qwen1.5b_kv12288_cap12-01_generation_burst_baseline,qwen1.5b,12288,12,23,generation,burst,baseline,7,128,64,0.19208212299963634,1.5811134039995522,0.11604080500001146,0,0,0,0,0,0,0.00011598599976420099,False,False,False,False
study00_s23_qwen1.5b_kv12288_cap12-01_generation_burst_baseline,qwen1.5b,12288,12,23,generation,burst,baseline,11,256,64,0.1775816789995588,1.4367280999995273,0.026431661000060558,0,0,0,0,0,0,8.607699983254058e-05,False,False,False,False
study00_s23_qwen1.5b_kv12288_cap12-01_generation_burst_baseline,qwen1.5b,12288,12,23,generation,burst,baseline,0,512,256,0.0896151960005227,5.170197452000139,0.11608088299999508,0,0,0,0,0,0,0.00010618599935696693,False,False,False,False
study00_s23_qwen1.5b_kv12288_cap12-01_generation_burst_baseline,qwen1.5b,12288,12,23,generation,burst,baseline,4,128,256,0.08982668799944804,5.056234773999677,0.11549288399965008,0,0,0,0,0,0,0.00013626299987662405,False,False,False,False
study00_s23_qwen1.5b_kv12288_cap12-01_generation_burst_baseline,qwen1.5b,12288,12,23,generation,burst,baseline,8,512,256,0.142394921000232,4.9393326900008105,0.11598597800002608,0,0,0,0,0,0,9.319999899159992e-05,False,False,False,False
study00_s23_qwen1.5b_kv12288_cap12-01_generation_burst_baseline,qwen1.5b,12288,12,23,generation,burst,baseline,9,256,256,0.22823011000036786,4.923127897000086,0.04892380500041327,0,0,0,0,0,0,8.353499906660344e-05,False,False,False,False
study00_s23_qwen1.5b_kv12288_cap12-01_generation_burst_baseline,qwen1.5b,12288,12,23,generation,burst,baseline,1,256,768,0.1181607870003063,13.92272357299953,0.11568587399960961,0,0,0,0,0,0,9.629599953768497e-05,False,False,False,False
study00_s23_qwen1.5b_kv12288_cap12-01_generation_burst_baseline,qwen1.5b,12288,12,23,generation,burst,baseline,2,256,768,0.11901190400021733,13.887922361000165,0.11597730999983469,0,0,0,0,0,0,8.279699923149919e-05,False,False,False,False
study00_s23_qwen1.5b_kv12288_cap12-01_generation_burst_baseline,qwen1.5b,12288,12,23,generation,burst,baseline,3,128,768,0.10637161399972683,13.854894354999487,0.11597204600002442,0,0,0,0,0,0,9.628099960534708e-05,False,False,False,False
study00_s23_qwen1.5b_kv12288_cap12-01_generation_burst_baseline,qwen1.5b,12288,12,23,generation,burst,baseline,10,512,768,0.17830022599991935,13.646980776999953,0.0497608539999419,0,0,0,0,0,0,7.958599962876178e-05,False,False,False,False
study00_s23_qwen1.5b_kv12288_cap12-02_generation_burst_adaptive,qwen1.5b,12288,12,23,generation,burst,adaptive,5,128,64,0.07974497499981226,1.514702018999742,0.11672533199998725,0,0,0,0,0,0,9.367899929202395e-05,False,False,False,False
study00_s23_qwen1.5b_kv12288_cap12-02_generation_burst_adaptive,qwen1.5b,12288,12,23,generation,burst,adaptive,6,512,64,0.13234517500040965,1.503558322000572,0.11696253799982514,0,0,0,0,0,0,7.750599907008215e-05,False,False,False,False
study00_s23_qwen1.5b_kv12288_cap12-02_generation_burst_adaptive,qwen1.5b,12288,12,23,generation,burst,adaptive,7,128,64,0.20190357600040443,1.4870573839998542,0.1161937750002835,0,0,0,0,0,0,0.00034999299932675365,False,False,False,False
study00_s23_qwen1.5b_kv12288_cap12-02_generation_burst_adaptive,qwen1.5b,12288,12,23,generation,burst,adaptive,11,256,64,0.20113893500001723,1.345040608999625,0.023639285000172094,0,0,0,0,0,0,8.096999972617702e-05,False,False,False,False
study00_s23_qwen1.5b_kv12288_cap12-02_generation_burst_adaptive,qwen1.5b,12288,12,23,generation,burst,adaptive,0,512,256,0.08418360999985453,5.209492837000653,0.11621984999965207,0,0,0,0,0,0,0.00013235199912742246,False,False,False,False
study00_s23_qwen1.5b_kv12288_cap12-02_generation_burst_adaptive,qwen1.5b,12288,12,23,generation,burst,adaptive,4,128,256,0.07848915799968381,5.106855300999996,0.11583066700040945,0,0,0,0,0,0,8.566599972253952e-05,False,False,False,False
study00_s23_qwen1.5b_kv12288_cap12-02_generation_burst_adaptive,qwen1.5b,12288,12,23,generation,burst,adaptive,8,512,256,0.1520872450000752,5.048943314000098,0.11605712499931542,0,0,0,0,0,0,8.846899945635922e-05,False,False,False,False
study00_s23_qwen1.5b_kv12288_cap12-02_generation_burst_adaptive,qwen1.5b,12288,12,23,generation,burst,adaptive,9,256,256,0.2449949480005671,5.0497871930001565,0.055878483999549644,0,0,0,0,0,0,8.943399898270199e-05,False,False,False,False
study00_s23_qwen1.5b_kv12288_cap12-02_generation_burst_adaptive,qwen1.5b,12288,12,23,generation,burst,adaptive,1,256,768,0.10849252800016984,14.482348268999885,0.1171410509996349,0,0,0,0,0,0,9.155599964287553e-05,False,False,False,False
study00_s23_qwen1.5b_kv12288_cap12-02_generation_burst_adaptive,qwen1.5b,12288,12,23,generation,burst,adaptive,2,256,768,0.11260922099972959,14.452232745999936,0.11620200000015757,0,0,0,0,0,0,0.00010670399969966993,False,False,False,False
study00_s23_qwen1.5b_kv12288_cap12-02_generation_burst_adaptive,qwen1.5b,12288,12,23,generation,burst,adaptive,3,128,768,0.09604921099980857,14.420446361999893,0.11653877200023999,0,0,0,0,0,0,0.0001268249994609283,False,False,False,False
study00_s23_qwen1.5b_kv12288_cap12-02_generation_burst_adaptive,qwen1.5b,12288,12,23,generation,burst,adaptive,10,512,768,0.19506800999988627,14.208994848000657,0.056425525000122434,0,0,0,0,0,0,8.990699916466838e-05,False,False,False,False
study00_s23_qwen1.5b_kv12288_cap12-03_generation_stagger_fixed,qwen1.5b,12288,12,23,generation,stagger,fixed,0,512,256,0.08151996599917766,4.632629206999809,0.04962283300028503,0,0,0,0,0,0,0.00010785599988594186,False,False,False,False
study00_s23_qwen1.5b_kv12288_cap12-03_generation_stagger_fixed,qwen1.5b,12288,12,23,generation,stagger,fixed,5,128,64,0.0663931130002311,1.227616367000337,0.0824149939999188,0,0,0,0,0,0,8.370717426053886e-05,False,False,False,False
study00_s23_qwen1.5b_kv12288_cap12-03_generation_stagger_fixed,qwen1.5b,12288,12,23,generation,stagger,fixed,6,512,64,0.11858532400037802,1.2355822019999323,0.03023665999990044,0,0,0,0,0,0,0.00010585527113171622,False,False,False,False
study00_s23_qwen1.5b_kv12288_cap12-03_generation_stagger_fixed,qwen1.5b,12288,12,23,generation,stagger,fixed,7,128,64,0.058454572999835364,1.2638228780006102,0.08249797499956912,0,0,0,0,0,0,8.180216812547769e-05,False,False,False,False
study00_s23_qwen1.5b_kv12288_cap12-03_generation_stagger_fixed,qwen1.5b,12288,12,23,generation,stagger,fixed,4,128,256,0.052471833999334194,4.707034559999556,0.08252853300018614,0,0,0,0,0,0,9.689868373996546e-05,False,False,False,False
study00_s23_qwen1.5b_kv12288_cap12-03_generation_stagger_fixed,qwen1.5b,12288,12,23,generation,stagger,fixed,8,512,256,0.11267656800009718,4.820633626000017,0.08436374099983368,0,0,0,0,0,0,8.276568959963981e-05,False,False,False,False
study00_s23_qwen1.5b_kv12288_cap12-03_generation_stagger_fixed,qwen1.5b,12288,12,23,generation,stagger,fixed,9,256,256,0.08518862799974158,4.755424068999673,0.08463174300050014,0,0,0,0,0,0,8.596898386503682e-05,False,False,False,False
study00_s23_qwen1.5b_kv12288_cap12-03_generation_stagger_fixed,qwen1.5b,12288,12,23,generation,stagger,fixed,11,256,64,0.08841790899987245,1.190823980999994,0.02234464599951025,0,0,0,0,0,0,8.32820574920845e-05,False,False,False,False
study00_s23_qwen1.5b_kv12288_cap12-03_generation_stagger_fixed,qwen1.5b,12288,12,23,generation,stagger,fixed,1,256,768,0.08116371599953709,13.957771786999729,0.08442213999933301,0,0,0,0,0,0,0.00012288314156611024,False,False,False,False
study00_s23_qwen1.5b_kv12288_cap12-03_generation_stagger_fixed,qwen1.5b,12288,12,23,generation,stagger,fixed,2,256,768,0.08642641900041781,13.934204275999946,0.08449638599995524,0,0,0,0,0,0,9.356603397681074e-05,False,False,False,False
study00_s23_qwen1.5b_kv12288_cap12-03_generation_stagger_fixed,qwen1.5b,12288,12,23,generation,stagger,fixed,3,128,768,0.051941934999376826,13.924990153999715,0.08468652200008364,0,0,0,0,0,0,0.00012728302699249738,False,False,False,False
study00_s23_qwen1.5b_kv12288_cap12-03_generation_stagger_fixed,qwen1.5b,12288,12,23,generation,stagger,fixed,10,512,768,0.11013189000004786,13.4303229369998,0.04901214900019113,0,0,0,0,0,0,9.61000315982119e-05,False,False,False,False
study00_s23_qwen1.5b_kv12288_cap12-04_generation_stagger_baseline,qwen1.5b,12288,12,23,generation,stagger,baseline,0,512,256,0.07650774099965929,4.609348539999701,0.049492724000629096,0,0,0,0,0,0,0.00019081299979006872,False,False,False,False
study00_s23_qwen1.5b_kv12288_cap12-04_generation_stagger_baseline,qwen1.5b,12288,12,23,generation,stagger,baseline,5,128,64,0.07381083000018407,1.2319569030005368,0.08233101999940118,0,0,0,0,0,0,8.989717428242727e-05,False,False,False,False
study00_s23_qwen1.5b_kv12288_cap12-04_generation_stagger_baseline,qwen1.5b,12288,12,23,generation,stagger,baseline,6,512,64,0.10790367199933826,1.231142775999615,0.03177082700040046,0,0,0,0,0,0,0.00012810427185350193,False,False,False,False
study00_s23_qwen1.5b_kv12288_cap12-04_generation_stagger_baseline,qwen1.5b,12288,12,23,generation,stagger,baseline,7,128,64,0.057929497999793966,1.2760559179996562,0.07656550299998344,0,0,0,0,0,0,0.0001079231688265736,False,False,False,False
study00_s23_qwen1.5b_kv12288_cap12-04_generation_stagger_baseline,qwen1.5b,12288,12,23,generation,stagger,baseline,4,128,256,0.057749386000068625,4.720781730999988,0.08218326400037768,0,0,0,0,0,0,9.017768342189925e-05,False,False,False,False
study00_s23_qwen1.5b_kv12288_cap12-04_generation_stagger_baseline,qwen1.5b,12288,12,23,generation,stagger,baseline,8,512,256,0.10530632100017101,4.728850137999871,0.08172461800040765,0,0,0,0,0,0,9.039468941018924e-05,False,False,False,False
study00_s23_qwen1.5b_kv12288_cap12-04_generation_stagger_baseline,qwen1.5b,12288,12,23,generation,stagger,baseline,9,256,256,0.08079981399987446,4.677414610999222,0.0815294410003844,0,0,0,0,0,0,8.185898458368257e-05,False,False,False,False
study00_s23_qwen1.5b_kv12288_cap12-04_generation_stagger_baseline,qwen1.5b,12288,12,23,generation,stagger,baseline,11,256,64,0.07727381699987745,1.173701579000408,0.019978162000370503,0,0,0,0,0,0,8.744405713301262e-05,False,False,False,False
study00_s23_qwen1.5b_kv12288_cap12-04_generation_stagger_baseline,qwen1.5b,12288,12,23,generation,stagger,baseline,1,256,768,0.07809621800060995,13.865831697999965,0.08232527399923129,0,0,0,0,0,0,0.00022319114123964257,False,False,False,False
study00_s23_qwen1.5b_kv12288_cap12-04_generation_stagger_baseline,qwen1.5b,12288,12,23,generation,stagger,baseline,2,256,768,0.08168002300044463,13.832823622999967,0.08220892200006347,0,0,0,0,0,0,8.552203446232642e-05,False,False,False,False
study00_s23_qwen1.5b_kv12288_cap12-04_generation_stagger_baseline,qwen1.5b,12288,12,23,generation,stagger,baseline,3,128,768,0.05988519299990003,13.742936028000258,0.08220373099993594,0,0,0,0,0,0,0.00010556302658804029,False,False,False,False
study00_s23_qwen1.5b_kv12288_cap12-04_generation_stagger_baseline,qwen1.5b,12288,12,23,generation,stagger,baseline,10,512,768,0.11920293899947865,13.132262262999575,0.04565125400040415,0,0,0,0,0,0,8.426303172370808e-05,False,False,False,False
study00_s23_qwen1.5b_kv12288_cap12-05_generation_stagger_adaptive,qwen1.5b,12288,12,23,generation,stagger,adaptive,0,512,256,0.08144678799999383,4.556538924000051,0.05029998700047145,0,0,0,0,0,0,0.0001209659994856338,False,False,False,False
study00_s23_qwen1.5b_kv12288_cap12-05_generation_stagger_adaptive,qwen1.5b,12288,12,23,generation,stagger,adaptive,5,128,64,0.0576405789997807,1.341508886000156,0.07667077600035554,0,0,0,0,0,0,9.487917434647386e-05,False,False,False,False
study00_s23_qwen1.5b_kv12288_cap12-05_generation_stagger_adaptive,qwen1.5b,12288,12,23,generation,stagger,adaptive,6,512,64,0.12135037999996712,1.277202338999814,0.02845532599985745,0,0,0,0,0,0,9.287727104556609e-05,False,False,False,False
study00_s23_qwen1.5b_kv12288_cap12-05_generation_stagger_adaptive,qwen1.5b,12288,12,23,generation,stagger,adaptive,7,128,64,0.0746408960003464,1.3265592130001096,0.08623423400058527,0,0,0,0,0,0,9.425316787314841e-05,False,False,False,False
study00_s23_qwen1.5b_kv12288_cap12-05_generation_stagger_adaptive,qwen1.5b,12288,12,23,generation,stagger,adaptive,4,128,256,0.07078593599999294,4.924668994000058,0.08617239999966841,0,0,0,0,0,0,9.580068352832427e-05,False,False,False,False
study00_s23_qwen1.5b_kv12288_cap12-05_generation_stagger_adaptive,qwen1.5b,12288,12,23,generation,stagger,adaptive,8,512,256,0.1261504040003274,5.151615595000294,0.07901502100048674,0,0,0,0,0,0,8.233168873239549e-05,False,False,False,False
study00_s23_qwen1.5b_kv12288_cap12-05_generation_stagger_adaptive,qwen1.5b,12288,12,23,generation,stagger,adaptive,9,256,256,0.08367538699985744,5.087309707999339,0.0789655259995925,0,0,0,0,0,0,0.00011029098403714244,False,False,False,False
study00_s23_qwen1.5b_kv12288_cap12-05_generation_stagger_adaptive,qwen1.5b,12288,12,23,generation,stagger,adaptive,11,256,64,0.08607301399933931,1.216751214999931,0.02199702400048409,0,0,0,0,0,0,7.681905717404902e-05,False,False,False,False
study00_s23_qwen1.5b_kv12288_cap12-05_generation_stagger_adaptive,qwen1.5b,12288,12,23,generation,stagger,adaptive,1,256,768,0.0832482349997008,14.447278220000044,0.08657028900051955,0,0,0,0,0,0,9.086314094891579e-05,False,False,False,False
study00_s23_qwen1.5b_kv12288_cap12-05_generation_stagger_adaptive,qwen1.5b,12288,12,23,generation,stagger,adaptive,2,256,768,0.07371258099919942,14.418308629999956,0.0864316940005665,0,0,0,0,0,0,7.96740344616298e-05,False,False,False,False
study00_s23_qwen1.5b_kv12288_cap12-05_generation_stagger_adaptive,qwen1.5b,12288,12,23,generation,stagger,adaptive,3,128,768,0.06462309300059133,14.386322631999974,0.08660789799978375,0,0,0,0,0,0,7.311302597079461e-05,False,False,False,False
study00_s23_qwen1.5b_kv12288_cap12-05_generation_stagger_adaptive,qwen1.5b,12288,12,23,generation,stagger,adaptive,10,512,768,0.1059815559992785,13.56717897999988,0.050173886000266066,0,0,0,0,0,0,0.0001384380313282918,False,False,False,False
study01_s23_llama1b_kv5120_cap6-00_balanced_burst_baseline,llama1b,5120,6,23,balanced,burst,baseline,3,512,64,0.10686527999951068,1.0760496020002392,0.07121267399998032,0,0,0,0,0,0,8.564599975213749e-05,False,False,False,False
study01_s23_llama1b_kv5120_cap6-00_balanced_burst_baseline,llama1b,5120,6,23,balanced,burst,baseline,2,256,128,0.08306182300020737,2.10547097700055,0.10967632700067043,0,0,0,0,0,0,8.352799923158627e-05,False,False,False,False
study01_s23_llama1b_kv5120_cap6-00_balanced_burst_baseline,llama1b,5120,6,23,balanced,burst,baseline,4,512,128,0.14295289799974853,2.107480664999457,0.10927213299964933,0,0,0,0,0,0,7.653199991181081e-05,False,False,False,False
study01_s23_llama1b_kv5120_cap6-00_balanced_burst_baseline,llama1b,5120,6,23,balanced,burst,baseline,6,1024,128,1.0508534620003047,2.9858535510002184,0.11210019000009197,0,0,0,0,0,0,8.5975999536414e-05,False,False,False,False
study01_s23_llama1b_kv5120_cap6-00_balanced_burst_baseline,llama1b,5120,6,23,balanced,burst,baseline,0,1024,256,0.10531162200004474,4.113348365000093,0.11222810599974764,0,0,0,0,0,0,9.37409995458438e-05,False,False,False,False
study01_s23_llama1b_kv5120_cap6-00_balanced_burst_baseline,llama1b,5120,6,23,balanced,burst,baseline,9,128,64,2.8714558429992394,3.7684372650001023,0.03438540800016199,0,0,0,0,0,0,0.000174565999986942,False,False,False,False
study01_s23_llama1b_kv5120_cap6-00_balanced_burst_baseline,llama1b,5120,6,23,balanced,burst,baseline,5,128,256,0.09331419199952506,3.9687814179997076,0.11211492199981876,0,0,0,0,0,0,7.249999998748535e-05,False,False,False,False
study01_s23_llama1b_kv5120_cap6-00_balanced_burst_baseline,llama1b,5120,6,23,balanced,burst,baseline,11,128,64,3.7040837399999873,4.573801310999443,0.02178585900037433,0,0,0,0,0,0,0.00010860299989867706,False,False,False,False
study01_s23_llama1b_kv5120_cap6-00_balanced_burst_baseline,llama1b,5120,6,23,balanced,burst,baseline,7,512,256,1.9309795580002174,5.625455700000202,0.11202022799989209,0,0,0,0,0,0,7.81989996539445e-05,False,False,False,False
study01_s23_llama1b_kv5120_cap6-00_balanced_burst_baseline,llama1b,5120,6,23,balanced,burst,baseline,1,256,512,0.1331292590002704,7.682081525000285,0.11214245000064693,0,0,0,0,0,0,8.596799962105883e-05,False,False,False,False
study01_s23_llama1b_kv5120_cap6-00_balanced_burst_baseline,llama1b,5120,6,23,balanced,burst,baseline,8,1024,512,2.0337648960003207,9.116010608000579,0.03428753099979076,0,0,0,0,0,0,7.044799949651459e-05,False,False,False,False
study01_s23_llama1b_kv5120_cap6-00_balanced_burst_baseline,llama1b,5120,6,23,balanced,burst,baseline,10,256,512,3.6613627460001226,10.608278446999975,0.022668184999929508,0,0,0,0,0,0,8.267999965028139e-05,False,False,False,False
study01_s23_llama1b_kv5120_cap6-01_balanced_stagger_baseline,llama1b,5120,6,23,balanced,stagger,baseline,3,512,64,0.08354858399980003,1.0025300719998995,0.06171519400049874,0,0,0,0,0,0,8.446595333877482e-05,False,False,False,False
study01_s23_llama1b_kv5120_cap6-01_balanced_stagger_baseline,llama1b,5120,6,23,balanced,stagger,baseline,0,1024,256,0.10805789999994886,3.7509328070000265,0.06171868999990693,0,0,0,0,0,0,0.00016137199963850435,False,False,False,False
study01_s23_llama1b_kv5120_cap6-01_balanced_stagger_baseline,llama1b,5120,6,23,balanced,stagger,baseline,2,256,128,0.06230948300071759,1.9244824400002472,0.06168146599975444,0,0,0,0,0,0,8.06819141225823e-05,False,False,False,False
study01_s23_llama1b_kv5120_cap6-01_balanced_stagger_baseline,llama1b,5120,6,23,balanced,stagger,baseline,4,512,128,0.08126621100018383,1.8606576339998355,0.019563766999453946,0,0,0,0,0,0,7.92271141669687e-05,False,False,False,False
study01_s23_llama1b_kv5120_cap6-01_balanced_stagger_baseline,llama1b,5120,6,23,balanced,stagger,baseline,6,1024,128,0.13808786300069187,1.9176460220005538,0.06171211000037147,0,0,0,0,0,0,9.681160928920463e-05,False,False,False,False
study01_s23_llama1b_kv5120_cap6-01_balanced_stagger_baseline,llama1b,5120,6,23,balanced,stagger,baseline,5,128,256,0.04853268500028207,3.7528131079998275,0.10893820999990567,0,0,0,0,0,0,8.479822226448164e-05,False,False,False,False
study01_s23_llama1b_kv5120_cap6-01_balanced_stagger_baseline,llama1b,5120,6,23,balanced,stagger,baseline,1,256,512,0.057730685000024096,7.423308673000065,0.10894595799982199,0,0,0,0,0,0,9.340416100755977e-05,False,False,False,False
study01_s23_llama1b_kv5120_cap6-01_balanced_stagger_baseline,llama1b,5120,6,23,balanced,stagger,baseline,7,512,256,0.08889086799990764,3.694758290000209,0.10879484300039621,0,0,0,0,0,0,0.00012690579266116941,False,False,False,False
study01_s23_llama1b_kv5120_cap6-01_balanced_stagger_baseline,llama1b,5120,6,23,balanced,stagger,baseline,9,128,64,0.0445492059998287,0.9168148429998837,0.034399044999190664,0,0,0,0,0,0,0.00012073774534115955,False,False,False,False
study01_s23_llama1b_kv5120_cap6-01_balanced_stagger_baseline,llama1b,5120,6,23,balanced,stagger,baseline,11,128,64,0.04185528099969815,0.8970760009997321,0.016183036000256834,0,0,0,0,0,0,0.00010898269801273841,False,False,False,False
study01_s23_llama1b_kv5120_cap6-01_balanced_stagger_baseline,llama1b,5120,6,23,balanced,stagger,baseline,8,1024,512,0.13922276399989642,7.1337416259993915,0.03441446299984818,0,0,0,0,0,0,8.141686596019326e-05,False,False,False,False
study01_s23_llama1b_kv5120_cap6-01_balanced_stagger_baseline,llama1b,5120,6,23,balanced,stagger,baseline,10,256,512,0.05642983099915,7.0249428679999255,0.020273240000278747,0,0,0,0,0,0,0.00011431796493610591,False,False,False,False
study01_s23_llama1b_kv5120_cap6-02_balanced_stagger_adaptive,llama1b,5120,6,23,balanced,stagger,adaptive,3,512,64,0.08342172999982722,1.0074957119995815,0.060673099999803526,0,0,0,0,0,0,7.770795386674578e-05,False,False,False,False
study01_s23_llama1b_kv5120_cap6-02_balanced_stagger_adaptive,llama1b,5120,6,23,balanced,stagger,adaptive,0,1024,256,0.11744279899994581,3.7456679469996743,0.06080714900053863,0,0,0,0,0,0,9.582599977875361e-05,False,False,False,False
study01_s23_llama1b_kv5120_cap6-02_balanced_stagger_adaptive,llama1b,5120,6,23,balanced,stagger,adaptive,2,256,128,0.05837293799959298,1.9504230579996147,0.06062095100060105,0,0,0,0,0,0,0.0001909659147067977,False,False,False,False
study01_s23_llama1b_kv5120_cap6-02_balanced_stagger_adaptive,llama1b,5120,6,23,balanced,stagger,adaptive,4,512,128,0.0822720850001133,1.912431574999573,0.02066964299956453,0,0,0,0,0,0,8.157811431530604e-05,False,False,False,False
study01_s23_llama1b_kv5120_cap6-02_balanced_stagger_adaptive,llama1b,5120,6,23,balanced,stagger,adaptive,6,1024,128,0.13318201699985366,1.9235389810000925,0.05845678700006829,0,0,0,0,0,0,0.00013133060939907182,False,False,False,False
study01_s23_llama1b_kv5120_cap6-02_balanced_stagger_adaptive,llama1b,5120,6,23,balanced,stagger,adaptive,5,128,256,0.03963951400055521,3.8116892349999034,0.11042496400023083,0,0,0,0,0,0,0.00010630222222474117,False,False,False,False
study01_s23_llama1b_kv5120_cap6-02_balanced_stagger_adaptive,llama1b,5120,6,23,balanced,stagger,adaptive,1,256,512,0.05556754000008368,7.5180860010004835,0.1103349850000086,0,0,0,0,0,0,8.880816049938733e-05,False,False,False,False
study01_s23_llama1b_kv5120_cap6-02_balanced_stagger_adaptive,llama1b,5120,6,23,balanced,stagger,adaptive,7,512,256,0.07737305699993158,3.627302361999682,0.1105422050004563,0,0,0,0,0,0,8.503279301574906e-05,False,False,False,False
study01_s23_llama1b_kv5120_cap6-02_balanced_stagger_adaptive,llama1b,5120,6,23,balanced,stagger,adaptive,9,128,64,0.040318888999536284,0.9026423019995491,0.03482855299989751,0,0,0,0,0,0,8.535774569651267e-05,False,False,False,False
study01_s23_llama1b_kv5120_cap6-02_balanced_stagger_adaptive,llama1b,5120,6,23,balanced,stagger,adaptive,11,128,64,0.04190056800052844,0.89069605900022,0.01589899400005379,0,0,0,0,0,0,8.958669758740712e-05,False,False,False,False
study01_s23_llama1b_kv5120_cap6-02_balanced_stagger_adaptive,llama1b,5120,6,23,balanced,stagger,adaptive,8,1024,512,0.127467477999744,7.031278843000109,0.03485007500057691,0,0,0,0,0,0,8.519286604524723e-05,False,False,False,False
study01_s23_llama1b_kv5120_cap6-02_balanced_stagger_adaptive,llama1b,5120,6,23,balanced,stagger,adaptive,10,256,512,0.062332453000635724,6.855787426999996,0.021413778999885835,0,0,0,0,0,0,8.218496414968968e-05,False,False,False,False
study01_s23_llama1b_kv5120_cap6-03_generation_burst_adaptive,llama1b,5120,6,23,generation,burst,adaptive,5,128,64,0.05398465199959901,0.9388398959999904,0.018051916000331403,0,0,0,0,0,0,8.755599992582574e-05,False,False,False,False
study01_s23_llama1b_kv5120_cap6-03_generation_burst_adaptive,llama1b,5120,6,23,generation,burst,adaptive,6,512,64,0.9654999300000782,1.8504146029999902,0.01638991499930853,0,0,0,0,0,0,8.953699962144235e-05,False,False,False,False
study01_s23_llama1b_kv5120_cap6-03_generation_burst_adaptive,llama1b,5120,6,23,generation,burst,adaptive,7,128,64,1.8354957629999262,2.703547555000114,0.016260815000350703,0,0,0,0,0,0,8.822299914751364e-05,False,False,False,False
study01_s23_llama1b_kv5120_cap6-03_generation_burst_adaptive,llama1b,5120,6,23,generation,burst,adaptive,0,512,256,0.061179846999948495,3.8081475870003487,0.062040706000516366,0,0,0,0,0,0,9.26629991226946e-05,False,False,False,False
study01_s23_llama1b_kv5120_cap6-03_generation_burst_adaptive,llama1b,5120,6,23,generation,burst,adaptive,4,128,256,0.051082486000268545,3.7616718489998675,0.06192717799967795,0,0,0,0,0,0,8.392699946851989e-05,False,False,False,False
study01_s23_llama1b_kv5120_cap6-03_generation_burst_adaptive,llama1b,5120,6,23,generation,burst,adaptive,8,512,256,2.7303031390001706,6.405240473999584,0.05940012800056138,0,0,0,0,0,0,0.0001179019996925268,False,False,False,False
study01_s23_llama1b_kv5120_cap6-03_generation_burst_adaptive,llama1b,5120,6,23,generation,burst,adaptive,9,256,256,3.410630987999866,7.073869404000106,0.0594649250006114,0,0,0,0,0,0,8.192199929907273e-05,False,False,False,False
study01_s23_llama1b_kv5120_cap6-03_generation_burst_adaptive,llama1b,5120,6,23,generation,burst,adaptive,11,256,64,6.305925484999534,7.179906720999497,0.01691319800011115,0,0,0,0,0,0,7.93829996836859e-05,False,False,False,False
study01_s23_llama1b_kv5120_cap6-03_generation_burst_adaptive,llama1b,5120,6,23,generation,burst,adaptive,1,256,768,0.0658570100003999,11.147988669999904,0.06170121499962988,0,0,0,0,0,0,9.378299928357314e-05,False,False,False,False
study01_s23_llama1b_kv5120_cap6-03_generation_burst_adaptive,llama1b,5120,6,23,generation,burst,adaptive,2,256,768,0.06679356099994038,11.125563032999708,0.06220917200062104,0,0,0,0,0,0,9.42689997827928e-05,False,False,False,False
study01_s23_llama1b_kv5120_cap6-03_generation_burst_adaptive,llama1b,5120,6,23,generation,burst,adaptive,3,128,768,0.05212661099994875,11.103047599000092,0.06184680699971068,0,0,0,0,0,0,7.772499939162625e-05,False,False,False,False
study01_s23_llama1b_kv5120_cap6-03_generation_burst_adaptive,llama1b,5120,6,23,generation,burst,adaptive,10,512,768,3.536969589000364,14.242928466999729,0.034982963999937056,0,0,0,0,0,0,9.1416999566718e-05,False,False,False,False
study01_s23_llama1b_kv5120_cap6-04_generation_stagger_baseline,llama1b,5120,6,23,generation,stagger,baseline,0,512,256,0.05872230600016337,3.5886709919996065,0.03792305899969506,0,0,0,0,0,0,8.985000022221357e-05,False,False,False,False
study01_s23_llama1b_kv5120_cap6-04_generation_stagger_baseline,llama1b,5120,6,23,generation,stagger,baseline,5,128,64,0.045138377000512264,0.9817247500004669,0.06745938899985049,0,0,0,0,0,0,0.00010766317466526232,False,False,False,False
study01_s23_llama1b_kv5120_cap6-04_generation_stagger_baseline,llama1b,5120,6,23,generation,stagger,baseline,6,512,64,0.09929235999970842,1.0253340279996337,0.022225763000278675,0,0,0,0,0,0,8.041427233429488e-05,False,False,False,False
study01_s23_llama1b_kv5120_cap6-04_generation_stagger_baseline,llama1b,5120,6,23,generation,stagger,baseline,4,128,256,0.0432016790000489,3.7014779860001,0.06717272399964713,0,0,0,0,0,0,8.972968361220524e-05,False,False,False,False
study01_s23_llama1b_kv5120_cap6-04_generation_stagger_baseline,llama1b,5120,6,23,generation,stagger,baseline,7,128,64,0.043947719000243524,0.9624417869999888,0.05418431299949589,0,0,0,0,0,0,9.015016897251371e-05,False,False,False,False
study01_s23_llama1b_kv5120_cap6-04_generation_stagger_baseline,llama1b,5120,6,23,generation,stagger,baseline,1,256,768,0.0756476600008682,10.93741138400037,0.06763178599976527,0,0,0,0,0,0,0.00011095714126857503,False,False,False,False
study01_s23_llama1b_kv5120_cap6-04_generation_stagger_baseline,llama1b,5120,6,23,generation,stagger,baseline,8,512,256,0.08400881399938953,3.732072834000064,0.057668469000418554,0,0,0,0,0,0,8.195369000141284e-05,False,False,False,False
study01_s23_llama1b_kv5120_cap6-04_generation_stagger_baseline,llama1b,5120,6,23,generation,stagger,baseline,2,256,768,0.05911072400067496,10.887156770000729,0.0678981669998393,0,0,0,0,0,0,0.0002461250345026089,False,False,False,False
study01_s23_llama1b_kv5120_cap6-04_generation_stagger_baseline,llama1b,5120,6,23,generation,stagger,baseline,9,256,256,0.22693573200012906,3.8545148169996537,0.05767092399946705,0,0,0,0,0,0,7.649798443498668e-05,False,False,False,False
study01_s23_llama1b_kv5120_cap6-04_generation_stagger_baseline,llama1b,5120,6,23,generation,stagger,baseline,11,256,64,0.06377853399953892,0.9549550539995835,0.02091068399931828,0,0,0,0,0,0,0.00019675805797092494,False,False,False,False
study01_s23_llama1b_kv5120_cap6-04_generation_stagger_baseline,llama1b,5120,6,23,generation,stagger,baseline,3,128,768,0.051057390999631025,10.936355871999695,0.06741398200028925,0,0,0,0,0,0,8.72490274530513e-05,False,False,False,False
study01_s23_llama1b_kv5120_cap6-04_generation_stagger_baseline,llama1b,5120,6,23,generation,stagger,baseline,10,512,768,0.0789882929993837,10.60198827899967,0.032241881000118155,0,0,0,0,0,0,0.00013281103217366308,False,False,False,False
study01_s23_llama1b_kv5120_cap6-05_balanced_burst_fixed,llama1b,5120,6,23,balanced,burst,fixed,3,512,64,0.13837659999990137,1.142400400999577,0.07084897799995815,0,0,0,0,0,0,9.770799952091291e-05,False,False,False,False
study01_s23_llama1b_kv5120_cap6-05_balanced_burst_fixed,llama1b,5120,6,23,balanced,burst,fixed,2,256,128,0.10274804199980281,2.214005926000027,0.1166874150003423,0,0,0,0,0,0,0.00010557099940342041,False,False,False,False
study01_s23_llama1b_kv5120_cap6-05_balanced_burst_fixed,llama1b,5120,6,23,balanced,burst,fixed,4,512,128,0.15914295300080994,2.1558540940004605,0.11661100600031205,0,0,0,0,0,0,0.00010366499900554826,False,False,False,False
study01_s23_llama1b_kv5120_cap6-05_balanced_burst_fixed,llama1b,5120,6,23,balanced,burst,fixed,6,1024,128,1.1256379649994415,2.993160947999968,0.061871906999840576,0,0,0,0,0,0,0.00014276099973353773,False,False,False,False
study01_s23_llama1b_kv5120_cap6-05_balanced_burst_fixed,llama1b,5120,6,23,balanced,burst,fixed,0,1024,256,0.11652639500061923,4.102097994999895,0.11703996599953825,0,0,0,0,0,0,0.00018716899921855656,False,False,False,False
study01_s23_llama1b_kv5120_cap6-05_balanced_burst_fixed,llama1b,5120,6,23,balanced,burst,fixed,5,128,256,0.1332098290004069,4.071874140000546,0.14713809200020478,0,0,0,0,0,0,0.00014988199927756796,False,False,False,False
study01_s23_llama1b_kv5120_cap6-05_balanced_burst_fixed,llama1b,5120,6,23,balanced,burst,fixed,9,128,64,3.8160339870000826,4.743457544999728,0.020013323000057426,0,0,0,0,0,0,8.218099974327542e-05,False,False,False,False
study01_s23_llama1b_kv5120_cap6-05_balanced_burst_fixed,llama1b,5120,6,23,balanced,burst,fixed,11,128,64,3.8073875740001313,4.725297522999426,0.01774261500031571,0,0,0,0,0,0,8.687299959997397e-05,False,False,False,False
study01_s23_llama1b_kv5120_cap6-05_balanced_burst_fixed,llama1b,5120,6,23,balanced,burst,fixed,7,512,256,2.082694275999529,5.795510991999436,0.1474451180001779,0,0,0,0,0,0,0.0001106189996789575,False,False,False,False
study01_s23_llama1b_kv5120_cap6-05_balanced_burst_fixed,llama1b,5120,6,23,balanced,burst,fixed,1,256,512,0.15281573599986586,7.852550614999927,0.14710408100017958,0,0,0,0,0,0,0.0001022999997076085,False,False,False,False
study01_s23_llama1b_kv5120_cap6-05_balanced_burst_fixed,llama1b,5120,6,23,balanced,burst,fixed,8,1024,512,3.8656728559999465,11.13692041000013,0.02479244000005565,0,0,0,0,0,0,0.00013219799948271937,False,False,False,False
study01_s23_llama1b_kv5120_cap6-05_balanced_burst_fixed,llama1b,5120,6,23,balanced,burst,fixed,10,256,512,3.7659499510000387,11.037180150000495,0.024703164999664295,0,0,0,0,0,0,0.00010547099918767344,False,False,False,False
study01_s23_llama1b_kv5120_cap6-06_balanced_burst_adaptive,llama1b,5120,6,23,balanced,burst,adaptive,3,512,64,0.11270774100012204,1.1608371379998061,0.06945372300015151,0,0,0,0,0,0,7.715800038565757e-05,False,False,False,False
study01_s23_llama1b_kv5120_cap6-06_balanced_burst_adaptive,llama1b,5120,6,23,balanced,burst,adaptive,2,256,128,0.08531125500030612,2.269539536000593,0.10853314700034389,0,0,0,0,0,0,9.830699982557589e-05,False,False,False,False
study01_s23_llama1b_kv5120_cap6-06_balanced_burst_adaptive,llama1b,5120,6,23,balanced,burst,adaptive,4,512,128,0.14790876999995817,2.2713243299995156,0.10812323600021045,0,0,0,0,0,0,0.00018807100041157154,False,False,False,False
study01_s23_llama1b_kv5120_cap6-06_balanced_burst_adaptive,llama1b,5120,6,23,balanced,burst,adaptive,6,1024,128,1.1380468060006024,3.224976821999917,0.10642123800062109,0,0,0,0,0,0,0.00012165199968872109,False,False,False,False
study01_s23_llama1b_kv5120_cap6-06_balanced_burst_adaptive,llama1b,5120,6,23,balanced,burst,adaptive,0,1024,256,0.10794173200065416,4.505411600000116,0.10775243799980672,0,0,0,0,0,0,9.880499965220224e-05,False,False,False,False
study01_s23_llama1b_kv5120_cap6-06_balanced_burst_adaptive,llama1b,5120,6,23,balanced,burst,adaptive,5,128,256,0.09840477099987766,4.380593704000603,0.1081722870003432,0,0,0,0,0,0,9.264199979952537e-05,False,False,False,False
study01_s23_llama1b_kv5120_cap6-06_balanced_burst_adaptive,llama1b,5120,6,23,balanced,burst,adaptive,9,128,64,3.1142429849996915,4.1808868969992545,0.03720879499996954,0,0,0,0,0,0,0.00011708000038196387,False,False,False,False
study01_s23_llama1b_kv5120_cap6-06_balanced_burst_adaptive,llama1b,5120,6,23,balanced,burst,adaptive,11,128,64,4.124543972000538,5.207405819000087,0.023309621000407788,0,0,0,0,0,0,0.00015711699979870097,False,False,False,False
study01_s23_llama1b_kv5120_cap6-06_balanced_burst_adaptive,llama1b,5120,6,23,balanced,burst,adaptive,7,512,256,2.09498552200057,6.3256852810000055,0.10657770800025901,0,0,0,0,0,0,0.00011641799974310141,False,False,False,False
study01_s23_llama1b_kv5120_cap6-06_balanced_burst_adaptive,llama1b,5120,6,23,balanced,burst,adaptive,1,256,512,0.1353553449998799,8.617735136999727,0.10830963900025381,0,0,0,0,0,0,0.00016015900037018305,False,False,False,False
study01_s23_llama1b_kv5120_cap6-06_balanced_burst_adaptive,llama1b,5120,6,23,balanced,burst,adaptive,8,1024,512,2.1934736690000136,10.22370470900023,0.037233430999549455,0,0,0,0,0,0,9.31649998164863e-05,False,False,False,False
study01_s23_llama1b_kv5120_cap6-06_balanced_burst_adaptive,llama1b,5120,6,23,balanced,burst,adaptive,10,256,512,4.0623783359997105,11.771938461999525,0.025081053000576503,0,0,0,0,0,0,0.000123454000458878,False,False,False,False
study01_s23_llama1b_kv5120_cap6-07_generation_stagger_fixed,llama1b,5120,6,23,generation,stagger,fixed,0,512,256,0.060341124999467866,3.7173676149996027,0.03539245399952051,0,0,0,0,0,0,9.84739999694284e-05,False,False,False,False
study01_s23_llama1b_kv5120_cap6-07_generation_stagger_fixed,llama1b,5120,6,23,generation,stagger,fixed,5,128,64,0.04286877600043226,0.9666965329997765,0.0604227619996891,0,0,0,0,0,0,8.259217468342683e-05,False,False,False,False
study01_s23_llama1b_kv5120_cap6-07_generation_stagger_fixed,llama1b,5120,6,23,generation,stagger,fixed,6,512,64,0.0852900599993518,0.9681041129997539,0.02128653399995528,0,0,0,0,0,0,0.00011070827210524214,False,False,False,False
study01_s23_llama1b_kv5120_cap6-07_generation_stagger_fixed,llama1b,5120,6,23,generation,stagger,fixed,4,128,256,0.04613796200010256,3.6876755299999786,0.06125396500010538,0,0,0,0,0,0,0.0001242786834048104,False,False,False,False
study01_s23_llama1b_kv5120_cap6-07_generation_stagger_fixed,llama1b,5120,6,23,generation,stagger,fixed,7,128,64,0.046773676999691816,0.9828787110000121,0.06040710700017371,0,0,0,0,0,0,0.00018440616898374174,False,False,False,False
study01_s23_llama1b_kv5120_cap6-07_generation_stagger_fixed,llama1b,5120,6,23,generation,stagger,fixed,8,512,256,0.08150334400033898,3.734151500000735,0.033373291000316385,0,0,0,0,0,0,8.446668934602997e-05,False,False,False,False
study01_s23_llama1b_kv5120_cap6-07_generation_stagger_fixed,llama1b,5120,6,23,generation,stagger,fixed,1,256,768,0.056260221999764326,11.024307921999934,0.06056781299957947,0,0,0,0,0,0,9.753114137273089e-05,False,False,False,False
study01_s23_llama1b_kv5120_cap6-07_generation_stagger_fixed,llama1b,5120,6,23,generation,stagger,fixed,9,256,256,0.2125088009997853,3.8888058499996987,0.06112943300013285,0,0,0,0,0,0,8.053398449892057e-05,False,False,False,False
study01_s23_llama1b_kv5120_cap6-07_generation_stagger_fixed,llama1b,5120,6,23,generation,stagger,fixed,2,256,768,0.05314984199958417,11.044444995999584,0.06176998299997649,0,0,0,0,0,0,9.255503511884644e-05,False,False,False,False
study01_s23_llama1b_kv5120_cap6-07_generation_stagger_fixed,llama1b,5120,6,23,generation,stagger,fixed,11,256,64,0.056561620000138646,1.0142394869999407,0.022371485999428842,0,0,0,0,0,0,0.00011576405777091736,False,False,False,False
study01_s23_llama1b_kv5120_cap6-07_generation_stagger_fixed,llama1b,5120,6,23,generation,stagger,fixed,3,128,768,0.05080974199972843,11.190384964000259,0.061175716999969154,0,0,0,0,0,0,0.00013156902714106522,False,False,False,False
study01_s23_llama1b_kv5120_cap6-07_generation_stagger_fixed,llama1b,5120,6,23,generation,stagger,fixed,10,512,768,1.7887069250000422,12.653394255999956,0.03473692099942127,0,0,0,0,0,0,8.263703163891023e-05,False,False,False,False
study01_s23_llama1b_kv5120_cap6-08_generation_burst_fixed,llama1b,5120,6,23,generation,burst,fixed,5,128,64,0.0577854089997345,0.9384757839998201,0.01723184299953573,0,0,0,0,0,0,0.00020374599989736453,False,False,False,False
study01_s23_llama1b_kv5120_cap6-08_generation_burst_fixed,llama1b,5120,6,23,generation,burst,fixed,6,512,64,0.9685452690000602,1.8804054539996287,0.018760207000013907,0,0,0,0,0,0,9.177200008703146e-05,False,False,False,False
study01_s23_llama1b_kv5120_cap6-08_generation_burst_fixed,llama1b,5120,6,23,generation,burst,fixed,7,128,64,1.8695866389998628,2.7620461050000813,0.019024850000278093,0,0,0,0,0,0,0.00010399800012234062,False,False,False,False
study01_s23_llama1b_kv5120_cap6-08_generation_burst_fixed,llama1b,5120,6,23,generation,burst,fixed,0,512,256,0.06411032199957845,3.890333749000092,0.06404982000003656,0,0,0,0,0,0,0.00011143200026708655,False,False,False,False
study01_s23_llama1b_kv5120_cap6-08_generation_burst_fixed,llama1b,5120,6,23,generation,burst,fixed,4,128,256,0.0650705759999255,3.840074667999943,0.06417539399990346,0,0,0,0,0,0,9.151399972323615e-05,False,False,False,False
study01_s23_llama1b_kv5120_cap6-08_generation_burst_fixed,llama1b,5120,6,23,generation,burst,fixed,8,512,256,2.7866302940001333,6.6849707330002275,0.0654347339996093,0,0,0,0,0,0,8.284699979410615e-05,False,False,False,False
study01_s23_llama1b_kv5120_cap6-08_generation_burst_fixed,llama1b,5120,6,23,generation,burst,fixed,9,256,256,3.4953458600002705,7.4559498990001885,0.0657867729996724,0,0,0,0,0,0,0.00010498800002095576,False,False,False,False
study01_s23_llama1b_kv5120_cap6-08_generation_burst_fixed,llama1b,5120,6,23,generation,burst,fixed,11,256,64,6.589521416000025,7.54259424599968,0.018769364999570826,0,0,0,0,0,0,8.463400008618116e-05,False,False,False,False
study01_s23_llama1b_kv5120_cap6-08_generation_burst_fixed,llama1b,5120,6,23,generation,burst,fixed,1,256,768,0.07108045100085292,11.571661939000478,0.06569057499928022,0,0,0,0,0,0,0.00013696399964828465,False,False,False,False
study01_s23_llama1b_kv5120_cap6-08_generation_burst_fixed,llama1b,5120,6,23,generation,burst,fixed,2,256,768,0.07983556100043643,11.554809256000226,0.06554790500013041,0,0,0,0,0,0,0.00013587100002040997,False,False,False,False
study01_s23_llama1b_kv5120_cap6-08_generation_burst_fixed,llama1b,5120,6,23,generation,burst,fixed,3,128,768,0.07242362099987076,11.537309750000531,0.0655353930005731,0,0,0,0,0,0,0.00010016599990192443,False,False,False,False
study01_s23_llama1b_kv5120_cap6-08_generation_burst_fixed,llama1b,5120,6,23,generation,burst,fixed,10,512,768,3.6235940910000863,14.938288571000157,0.03656866700021055,0,0,0,0,0,0,7.903799996711314e-05,False,False,False,False
study01_s23_llama1b_kv5120_cap6-09_generation_burst_baseline,llama1b,5120,6,23,generation,burst,baseline,5,128,64,0.04477806100021553,0.9389634429999205,0.019852053999784403,0,0,0,0,0,0,0.00010169699908146868,False,False,False,False
study01_s23_llama1b_kv5120_cap6-09_generation_burst_baseline,llama1b,5120,6,23,generation,burst,baseline,6,512,64,0.9648984030000065,1.8653901739999128,0.019349124000655138,0,0,0,0,0,0,9.517399957981176e-05,False,False,False,False
study01_s23_llama1b_kv5120_cap6-09_generation_burst_baseline,llama1b,5120,6,23,generation,burst,baseline,7,128,64,1.8512579799999003,2.7340254499995353,0.019092179999461223,0,0,0,0,0,0,6.999599954721214e-05,False,False,False,False
study01_s23_llama1b_kv5120_cap6-09_generation_burst_baseline,llama1b,5120,6,23,generation,burst,baseline,0,512,256,0.06767501400008769,3.838357532000373,0.06075769500057504,0,0,0,0,0,0,0.00011120699946332024,False,False,False,False
study01_s23_llama1b_kv5120_cap6-09_generation_burst_baseline,llama1b,5120,6,23,generation,burst,baseline,4,128,256,0.042785902000105125,3.7753293390005638,0.06073870900036127,0,0,0,0,0,0,8.352899913005585e-05,False,False,False,False
study01_s23_llama1b_kv5120_cap6-09_generation_burst_baseline,llama1b,5120,6,23,generation,burst,baseline,8,512,256,2.7611064430002443,6.400881696000397,0.058448499999940395,0,0,0,0,0,0,8.36969989904679e-05,False,False,False,False
study01_s23_llama1b_kv5120_cap6-09_generation_burst_baseline,llama1b,5120,6,23,generation,burst,baseline,9,256,256,3.4371308150002733,7.1046823930000755,0.058452890999433293,0,0,0,0,0,0,7.716099917159935e-05,False,False,False,False
study01_s23_llama1b_kv5120_cap6-09_generation_burst_baseline,llama1b,5120,6,23,generation,burst,baseline,11,256,64,6.306531896000706,7.199456304000705,0.019138695000037842,0,0,0,0,0,0,7.763099911239912e-05,False,False,False,False
study01_s23_llama1b_kv5120_cap6-09_generation_burst_baseline,llama1b,5120,6,23,generation,burst,baseline,1,256,768,0.06919403000028979,11.149409356999968,0.06074052599979041,0,0,0,0,0,0,0.00018995599948538888,False,False,False,False
study01_s23_llama1b_kv5120_cap6-09_generation_burst_baseline,llama1b,5120,6,23,generation,burst,baseline,2,256,768,0.0685533249998116,11.12553119200038,0.06065954000041529,0,0,0,0,0,0,8.91469993803129e-05,False,False,False,False
study01_s23_llama1b_kv5120_cap6-09_generation_burst_baseline,llama1b,5120,6,23,generation,burst,baseline,3,128,768,0.05834001400035049,11.101886679000017,0.06071163399974466,0,0,0,0,0,0,0.00012075799950250765,False,False,False,False
study01_s23_llama1b_kv5120_cap6-09_generation_burst_baseline,llama1b,5120,6,23,generation,burst,baseline,10,512,768,3.546996154000226,14.323323287000676,0.03711036000004242,0,0,0,0,0,0,7.662999905733159e-05,False,False,False,False
study01_s23_llama1b_kv5120_cap6-10_balanced_stagger_fixed,llama1b,5120,6,23,balanced,stagger,fixed,3,512,64,0.07670540100025391,1.0303710340003818,0.061359846999948786,0,0,0,0,0,0,9.564395336125742e-05,False,False,False,False
study01_s23_llama1b_kv5120_cap6-10_balanced_stagger_fixed,llama1b,5120,6,23,balanced,stagger,fixed,0,1024,256,0.10401516599995375,3.7909169980002844,0.06150582600002963,0,0,0,0,0,0,0.0001253199998245691,False,False,False,False
study01_s23_llama1b_kv5120_cap6-10_balanced_stagger_fixed,llama1b,5120,6,23,balanced,stagger,fixed,2,256,128,0.06671087999984593,1.9778797469998608,0.0612195880003128,0,0,0,0,0,0,9.965891488628031e-05,False,False,False,False
study01_s23_llama1b_kv5120_cap6-10_balanced_stagger_fixed,llama1b,5120,6,23,balanced,stagger,fixed,4,512,128,0.09323224499985372,1.9087360519997674,0.023588686999573838,0,0,0,0,0,0,0.00011876111444664161,False,False,False,False
study01_s23_llama1b_kv5120_cap6-10_balanced_stagger_fixed,llama1b,5120,6,23,balanced,stagger,fixed,6,1024,128,0.13794866499938507,1.9944671209996159,0.058077665000382694,0,0,0,0,0,0,0.0001226036102863759,False,False,False,False
study01_s23_llama1b_kv5120_cap6-10_balanced_stagger_fixed,llama1b,5120,6,23,balanced,stagger,fixed,5,128,256,0.05480482100028894,3.91797855599998,0.11261207099960302,0,0,0,0,0,0,0.0001120672226484487,False,False,False,False
study01_s23_llama1b_kv5120_cap6-10_balanced_stagger_fixed,llama1b,5120,6,23,balanced,stagger,fixed,1,256,512,0.06379033999928652,7.642374613999891,0.11240049800017005,0,0,0,0,0,0,9.680816138868398e-05,False,False,False,False
study01_s23_llama1b_kv5120_cap6-10_balanced_stagger_fixed,llama1b,5120,6,23,balanced,stagger,fixed,7,512,256,0.08007023300069704,3.8040172580003855,0.11267160199986392,0,0,0,0,0,0,9.058079255108709e-05,False,False,False,False
study01_s23_llama1b_kv5120_cap6-10_balanced_stagger_fixed,llama1b,5120,6,23,balanced,stagger,fixed,9,128,64,0.04042168399973889,0.9390625819996785,0.03176594999968074,0,0,0,0,0,0,9.175874576072829e-05,False,False,False,False
study01_s23_llama1b_kv5120_cap6-10_balanced_stagger_fixed,llama1b,5120,6,23,balanced,stagger,fixed,11,128,64,0.041606418999435846,0.887769854999533,0.016538069000489486,0,0,0,0,0,0,8.338069864421982e-05,False,False,False,False
study01_s23_llama1b_kv5120_cap6-10_balanced_stagger_fixed,llama1b,5120,6,23,balanced,stagger,fixed,8,1024,512,0.14133111299997836,7.231617603999439,0.03176892000010412,0,0,0,0,0,0,8.752786636279097e-05,False,False,False,False
study01_s23_llama1b_kv5120_cap6-10_balanced_stagger_fixed,llama1b,5120,6,23,balanced,stagger,fixed,10,256,512,0.06147654500000499,6.853173080000488,0.02295038900047075,0,0,0,0,0,0,0.00015152396436945992,False,False,False,False
study01_s23_llama1b_kv5120_cap6-11_generation_stagger_adaptive,llama1b,5120,6,23,generation,stagger,adaptive,0,512,256,0.05660738799997489,3.5512109709998185,0.03437592099999165,0,0,0,0,0,0,9.201699958794052e-05,False,False,False,False
study01_s23_llama1b_kv5120_cap6-11_generation_stagger_adaptive,llama1b,5120,6,23,generation,stagger,adaptive,5,128,64,0.05658287999995082,1.0003853620000882,0.06101579400001356,0,0,0,0,0,0,9.917717436813689e-05,False,False,False,False
study01_s23_llama1b_kv5120_cap6-11_generation_stagger_adaptive,llama1b,5120,6,23,generation,stagger,adaptive,6,512,64,0.08180254599938053,0.9690586750002694,0.020525013999758812,0,0,0,0,0,0,8.821827165839125e-05,False,False,False,False
study01_s23_llama1b_kv5120_cap6-11_generation_stagger_adaptive,llama1b,5120,6,23,generation,stagger,adaptive,7,128,64,0.04462251400036621,0.9689987920000931,0.061708813999757695,0,0,0,0,0,0,0.00015642516794400763,False,False,False,False
study01_s23_llama1b_kv5120_cap6-11_generation_stagger_adaptive,llama1b,5120,6,23,generation,stagger,adaptive,4,128,256,0.038868698999976914,3.8598097439999037,0.061678437999944435,0,0,0,0,0,0,0.000230599683607835,False,False,False,False
study01_s23_llama1b_kv5120_cap6-11_generation_stagger_adaptive,llama1b,5120,6,23,generation,stagger,adaptive,8,512,256,0.08853633600028843,3.8031636150008126,0.06154548899939982,0,0,0,0,0,0,0.00011675068899030805,False,False,False,False
study01_s23_llama1b_kv5120_cap6-11_generation_stagger_adaptive,llama1b,5120,6,23,generation,stagger,adaptive,1,256,768,0.05806958199991641,11.063596936999602,0.0617243660008171,0,0,0,0,0,0,9.073514139307237e-05,False,False,False,False
study01_s23_llama1b_kv5120_cap6-11_generation_stagger_adaptive,llama1b,5120,6,23,generation,stagger,adaptive,9,256,256,0.2480611120008689,3.936851320000642,0.061219738000545476,0,0,0,0,0,0,8.685898354787724e-05,False,False,False,False
study01_s23_llama1b_kv5120_cap6-11_generation_stagger_adaptive,llama1b,5120,6,23,generation,stagger,adaptive,2,256,768,0.059096984999996494,11.051886170000216,0.061605089000295266,0,0,0,0,0,0,7.71740345247851e-05,False,False,False,False
study01_s23_llama1b_kv5120_cap6-11_generation_stagger_adaptive,llama1b,5120,6,23,generation,stagger,adaptive,11,256,64,0.05257660000006581,0.958006600999397,0.018006951000643312,0,0,0,0,0,0,7.812405747031903e-05,False,False,False,False
study01_s23_llama1b_kv5120_cap6-11_generation_stagger_adaptive,llama1b,5120,6,23,generation,stagger,adaptive,3,128,768,0.04363266699965607,11.138240577999568,0.061724834000415285,0,0,0,0,0,0,7.394602671118022e-05,False,False,False,False
study01_s23_llama1b_kv5120_cap6-11_generation_stagger_adaptive,llama1b,5120,6,23,generation,stagger,adaptive,10,512,768,0.08396784900014609,10.75000627099962,0.031858463999924425,0,0,0,0,0,0,0.000131691031285186,False,False,False,False
study02_s23_llama1b_kv3072_cap12-00_generation_stagger_fixed,llama1b,3072,12,23,generation,stagger,fixed,0,512,256,0.057023712000045634,3.6521702589998313,0.034913282000161416,0,0,0,0,0,0,0.00011094199999206467,False,False,False,False
study02_s23_llama1b_kv3072_cap12-00_generation_stagger_fixed,llama1b,3072,12,23,generation,stagger,fixed,5,128,64,0.0398178450004707,0.9056059630001982,0.015856895000069926,0,0,0,0,0,0,0.00011502017462383662,False,False,False,False
study02_s23_llama1b_kv3072_cap12-00_generation_stagger_fixed,llama1b,3072,12,23,generation,stagger,fixed,4,128,256,0.0525520779992803,3.6582680399997116,0.021410223000202677,0,0,0,0,0,0,0.00019230468432240855,False,False,False,False
study02_s23_llama1b_kv3072_cap12-00_generation_stagger_fixed,llama1b,3072,12,23,generation,stagger,fixed,1,256,768,0.06296716799988644,10.81496284900004,0.03314903599948593,0,0,0,0,0,0,0.00012242114190447184,False,False,False,False
study02_s23_llama1b_kv3072_cap12-00_generation_stagger_fixed,llama1b,3072,12,23,generation,stagger,fixed,2,256,768,0.05360997000025236,10.787326616000428,0.031160161000116204,0,0,0,0,0,0,0.00012222803463590726,False,False,False,False
study02_s23_llama1b_kv3072_cap12-00_generation_stagger_fixed,llama1b,3072,12,23,generation,stagger,fixed,6,512,64,5.4031633320000765,6.258692276000147,0.016278236000289326,0,0,0,0,0,0,9.686827204014037e-05,False,False,False,False
study02_s23_llama1b_kv3072_cap12-00_generation_stagger_fixed,llama1b,3072,12,23,generation,stagger,fixed,7,128,64,4.661649700000453,5.517305628000031,0.01615646799928072,0,0,0,0,0,0,8.069916842146085e-05,False,False,False,False
study02_s23_llama1b_kv3072_cap12-00_generation_stagger_fixed,llama1b,3072,12,23,generation,stagger,fixed,3,128,768,0.0451823270004752,10.83174807999967,0.11818606999986514,0,0,0,0,0,0,7.416202715537779e-05,False,False,False,False
study02_s23_llama1b_kv3072_cap12-00_generation_stagger_fixed,llama1b,3072,12,23,generation,stagger,fixed,11,256,64,1.1383985879992906,1.9920311879996007,0.017054497999197338,0,0,0,0,0,0,8.136905816868989e-05,False,False,False,False
study02_s23_llama1b_kv3072_cap12-00_generation_stagger_fixed,llama1b,3072,12,23,generation,stagger,fixed,8,512,256,4.058369159999529,7.603485315000398,0.08180213700052263,0,0,0,0,0,0,0.00020133168990987826,False,False,False,False
study02_s23_llama1b_kv3072_cap12-00_generation_stagger_fixed,llama1b,3072,12,23,generation,stagger,fixed,9,256,256,4.795052341999508,8.301312237000275,0.08176706199992623,0,0,0,0,0,0,0.00011703498456672179,False,False,False,False
study02_s23_llama1b_kv3072_cap12-00_generation_stagger_fixed,llama1b,3072,12,23,generation,stagger,fixed,10,512,768,3.97136036899974,14.252775529000246,0.01941653599988058,0,0,0,0,0,0,8.189003180802956e-05,False,False,False,False
study02_s23_llama1b_kv3072_cap12-01_balanced_burst_baseline,llama1b,3072,12,23,balanced,burst,baseline,3,512,64,0.11178967500018189,1.0307535120000466,0.0651995349999197,0,0,0,0,0,0,9.11409993932244e-05,False,False,False,False
study02_s23_llama1b_kv3072_cap12-01_balanced_burst_baseline,llama1b,3072,12,23,balanced,burst,baseline,2,256,128,0.07989779299987276,1.9323882839998987,0.06565111999952933,0,0,0,0,0,0,8.064900011958698e-05,False,False,False,False
study02_s23_llama1b_kv3072_cap12-01_balanced_burst_baseline,llama1b,3072,12,23,balanced,burst,baseline,4,512,128,0.148642344000109,1.8875090219999038,0.023073826000654662,0,0,0,0,0,0,7.990999965840073e-05,False,False,False,False
study02_s23_llama1b_kv3072_cap12-01_balanced_burst_baseline,llama1b,3072,12,23,balanced,burst,baseline,0,1024,256,0.10375630199996522,3.840593937000449,0.11023021900018648,0,0,0,0,0,0,0.00010294699950463837,False,False,False,False
study02_s23_llama1b_kv3072_cap12-01_balanced_burst_baseline,llama1b,3072,12,23,balanced,burst,baseline,5,128,256,0.09840384799917956,4.008913323999877,0.2127329559998543,1,176,0.18600714600052015,0.18600714600052015,0,0,9.316900013800478e-05,False,False,False,False
study02_s23_llama1b_kv3072_cap12-01_balanced_burst_baseline,llama1b,3072,12,23,balanced,burst,baseline,6,1024,128,1.9108570899998085,4.642508509999971,1.0297064099995623,1,1081,0.8661928820001776,0.8661928820001776,0.8516524569995454,1.0297064099995623,0.00013789199983871292,True,True,False,False
study02_s23_llama1b_kv3072_cap12-01_balanced_burst_baseline,llama1b,3072,12,23,balanced,burst,baseline,9,128,64,4.664032541999404,5.530684106999615,0.01700167299986788,0,0,0,0,0,0,7.496600010198362e-05,False,False,False,False
study02_s23_llama1b_kv3072_cap12-01_balanced_burst_baseline,llama1b,3072,12,23,balanced,burst,baseline,11,128,64,4.564351793000242,5.6598948310002015,0.23945637600081682,1,176,0.2178352310002083,0.2178352310002083,0,0,8.537999947288988e-05,False,False,False,False
study02_s23_llama1b_kv3072_cap12-01_balanced_burst_baseline,llama1b,3072,12,23,balanced,burst,baseline,7,512,256,3.6676536760005547,7.295989766000275,0.15558151500044914,0,0,0,0,0,0,0.0002363159996093267,False,False,False,False
study02_s23_llama1b_kv3072_cap12-01_balanced_burst_baseline,llama1b,3072,12,23,balanced,burst,baseline,1,256,512,0.1299608649997026,7.612664362000032,0.15981897900019248,0,0,0,0,0,0,0.00011603799994190644,False,False,False,False
study02_s23_llama1b_kv3072_cap12-01_balanced_burst_baseline,llama1b,3072,12,23,balanced,burst,baseline,8,1024,512,4.714550247999796,11.70652367599996,0.040928991999862774,0,0,0,0,0,0,7.129799960237104e-05,False,False,False,False
study02_s23_llama1b_kv3072_cap12-01_balanced_burst_baseline,llama1b,3072,12,23,balanced,burst,baseline,10,256,512,4.6142802429994845,12.143195527999524,0.6043930879995969,1,400,0.561341218999587,0.561341218999587,0,0,7.042600009299349e-05,True,False,False,False
study02_s23_llama1b_kv3072_cap12-02_generation_stagger_baseline,llama1b,3072,12,23,generation,stagger,baseline,0,512,256,0.06003795100059506,3.5647761000000173,0.03602006799974333,0,0,0,0,0,0,9.087299895327305e-05,False,False,False,False
study02_s23_llama1b_kv3072_cap12-02_generation_stagger_baseline,llama1b,3072,12,23,generation,stagger,baseline,5,128,64,0.041026539000085904,0.9465473820000625,0.05848297200009256,0,0,0,0,0,0,9.490317409266424e-05,False,False,False,False
study02_s23_llama1b_kv3072_cap12-02_generation_stagger_baseline,llama1b,3072,12,23,generation,stagger,baseline,6,512,64,0.08666154999991704,0.956361941999603,0.02096114799951465,0,0,0,0,0,0,9.16232715741927e-05,False,False,False,False
study02_s23_llama1b_kv3072_cap12-02_generation_stagger_baseline,llama1b,3072,12,23,generation,stagger,baseline,4,128,256,0.04906743100036692,3.575903425999968,0.05869336299929273,0,0,0,0,0,0,8.114668297665162e-05,False,False,False,False
study02_s23_llama1b_kv3072_cap12-02_generation_stagger_baseline,llama1b,3072,12,23,generation,stagger,baseline,7,128,64,0.05187539500002458,0.9884171530002277,0.08125798899982328,0,0,0,0,0,0,8.844016795706011e-05,False,False,False,False
study02_s23_llama1b_kv3072_cap12-02_generation_stagger_baseline,llama1b,3072,12,23,generation,stagger,baseline,1,256,768,0.06369069199990918,10.678883017999397,0.08081640399996104,0,0,0,0,0,0,8.256514139209914e-05,False,False,False,False
study02_s23_llama1b_kv3072_cap12-02_generation_stagger_baseline,llama1b,3072,12,23,generation,stagger,baseline,2,256,768,0.061667404000218085,10.743926876999467,0.09427117699942755,0,0,0,0,0,0,9.616703420978201e-05,False,False,False,False
study02_s23_llama1b_kv3072_cap12-02_generation_stagger_baseline,llama1b,3072,12,23,generation,stagger,baseline,8,512,256,0.31535137299943017,5.594214157999886,1.7103816839999126,1,624,1.6172039019993463,1.6172039019993463,1.6019811449996268,1.7103816839999126,9.221668924119797e-05,True,True,False,False
study02_s23_llama1b_kv3072_cap12-02_generation_stagger_baseline,llama1b,3072,12,23,generation,stagger,baseline,11,256,64,0.05807976100004453,0.9237763119999727,0.01930829899993114,0,0,0,0,0,0,3.3557057211197616e-05,False,False,False,False
study02_s23_llama1b_kv3072_cap12-02_generation_stagger_baseline,llama1b,3072,12,23,generation,stagger,baseline,3,128,768,0.04547266800000216,10.795102191000296,0.09419786200032831,0,0,0,0,0,0,8.5061026035671e-05,False,False,False,False
study02_s23_llama1b_kv3072_cap12-02_generation_stagger_baseline,llama1b,3072,12,23,generation,stagger,baseline,9,256,256,0.14827322800010734,6.489363970999875,2.7219537689998106,2,544,2.7778822389991547,2.6274613259993203,2.613673342999391,2.7219537689998106,7.603898337738002e-05,True,True,True,False
study02_s23_llama1b_kv3072_cap12-02_generation_stagger_baseline,llama1b,3072,12,23,generation,stagger,baseline,10,512,768,1.848116459999801,12.077564734999214,0.036501925000266056,0,0,0,0,0,0,7.981303149051655e-05,False,False,False,False
study02_s23_llama1b_kv3072_cap12-03_generation_burst_fixed,llama1b,3072,12,23,generation,burst,fixed,5,128,64,0.0519020650008315,0.9564990440003385,0.05945900200003962,0,0,0,0,0,0,0.0003331499992782483,False,False,False,False
study02_s23_llama1b_kv3072_cap12-03_generation_burst_fixed,llama1b,3072,12,23,generation,burst,fixed,6,512,64,0.0890889940001216,0.9483340140004657,0.017238792000171088,0,0,0,0,0,0,9.321399938921893e-05,False,False,False,False
study02_s23_llama1b_kv3072_cap12-03_generation_burst_fixed,llama1b,3072,12,23,generation,burst,fixed,7,128,64,0.9339373180000621,1.7865359469997202,0.01889173000017763,0,0,0,0,0,0,0.0001121609997425943,False,False,False,False
study02_s23_llama1b_kv3072_cap12-03_generation_burst_fixed,llama1b,3072,12,23,generation,burst,fixed,0,512,256,0.05597619200034387,3.6646335200002795,0.05936616899998626,0,0,0,0,0,0,8.858699948177673e-05,False,False,False,False
study02_s23_llama1b_kv3072_cap12-03_generation_burst_fixed,llama1b,3072,12,23,generation,burst,fixed,4,128,256,0.0499498079998375,3.5854990029993132,0.05925973499961401,0,0,0,0,0,0,0.00010799400006361592,False,False,False,False
study02_s23_llama1b_kv3072_cap12-03_generation_burst_fixed,llama1b,3072,12,23,generation,burst,fixed,8,512,256,3.461703279000176,6.9737119559995335,0.020794873999875563,0,0,0,0,0,0,8.0049999814924e-05,False,False,False,False
study02_s23_llama1b_kv3072_cap12-03_generation_burst_fixed,llama1b,3072,12,23,generation,burst,fixed,1,256,768,0.05998044799980562,10.691498287000286,0.059593715999653796,0,0,0,0,0,0,7.603299964102639e-05,False,False,False,False
study02_s23_llama1b_kv3072_cap12-03_generation_burst_fixed,llama1b,3072,12,23,generation,burst,fixed,2,256,768,0.05991068000002997,10.668143957999746,0.059533718999773555,0,0,0,0,0,0,9.010199973999433e-05,False,False,False,False
study02_s23_llama1b_kv3072_cap12-03_generation_burst_fixed,llama1b,3072,12,23,generation,burst,fixed,3,128,768,0.047331261999715935,10.740730485999848,0.10719252200033225,0,0,0,0,0,0,8.045800004763404e-05,False,False,False,False
study02_s23_llama1b_kv3072_cap12-03_generation_burst_fixed,llama1b,3072,12,23,generation,burst,fixed,11,256,64,10.34050057999957,11.19156413699966,0.018214447999525873,0,0,0,0,0,0,8.734100010765466e-05,False,False,False,False
study02_s23_llama1b_kv3072_cap12-03_generation_burst_fixed,llama1b,3072,12,23,generation,burst,fixed,9,256,256,10.440386412000407,13.851115956000285,0.01812669700029801,0,0,0,0,0,0,8.761499957471441e-05,False,False,False,False
study02_s23_llama1b_kv3072_cap12-03_generation_burst_fixed,llama1b,3072,12,23,generation,burst,fixed,10,512,768,10.390690881999944,20.570909332000156,0.019545774000107485,0,0,0,0,0,0,8.003299990377855e-05,False,False,False,False
study02_s23_llama1b_kv3072_cap12-04_balanced_burst_fixed,llama1b,3072,12,23,balanced,burst,fixed,3,512,64,0.11256366700035869,0.961362304999966,0.017632539000260294,0,0,0,0,0,0,7.770299962428506e-05,False,False,False,False
study02_s23_llama1b_kv3072_cap12-04_balanced_burst_fixed,llama1b,3072,12,23,balanced,burst,fixed,2,256,128,0.08897811999941041,1.844678133999878,0.05456561599930865,0,0,0,0,0,0,0.00010823999982675914,False,False,False,False
study02_s23_llama1b_kv3072_cap12-04_balanced_burst_fixed,llama1b,3072,12,23,balanced,burst,fixed,0,1024,256,0.09990018999997119,3.6852540290001343,0.05923339000037231,0,0,0,0,0,0,9.666899950389052e-05,False,False,False,False
study02_s23_llama1b_kv3072_cap12-04_balanced_burst_fixed,llama1b,3072,12,23,balanced,burst,fixed,4,512,128,1.8196058900002754,3.549213855000744,0.02070870300030947,0,0,0,0,0,0,0.0001025249992380739,False,False,False,False
study02_s23_llama1b_kv3072_cap12-04_balanced_burst_fixed,llama1b,3072,12,23,balanced,burst,fixed,6,1024,128,3.5722919230001935,5.289399797999977,0.019895956000254955,0,0,0,0,0,0,0.00010193899943256035,False,False,False,False
study02_s23_llama1b_kv3072_cap12-04_balanced_burst_fixed,llama1b,3072,12,23,balanced,burst,fixed,5,128,256,3.4707852040000944,7.047609494999961,0.10953005099963775,0,0,0,0,0,0,8.368699946004199e-05,False,False,False,False
study02_s23_llama1b_kv3072_cap12-04_balanced_burst_fixed,llama1b,3072,12,23,balanced,burst,fixed,1,256,512,0.10273522099942056,7.260907939999925,0.10966561399982311,0,0,0,0,0,0,0.00018719500003498701,False,False,False,False
study02_s23_llama1b_kv3072_cap12-04_balanced_burst_fixed,llama1b,3072,12,23,balanced,burst,fixed,9,128,64,7.018891953000093,7.870919232999768,0.017264083999180002,0,0,0,0,0,0,0.00014767799966647344,False,False,False,False
study02_s23_llama1b_kv3072_cap12-04_balanced_burst_fixed,llama1b,3072,12,23,balanced,burst,fixed,7,512,256,5.311426767000739,8.871480212000279,0.144804380000096,0,0,0,0,0,0,9.286299919036844e-05,False,False,False,False
study02_s23_llama1b_kv3072_cap12-04_balanced_burst_fixed,llama1b,3072,12,23,balanced,burst,fixed,11,128,64,8.706166922999728,9.551464121999743,0.015602202999616566,0,0,0,0,0,0,0.00010001899972844619,False,False,False,False
study02_s23_llama1b_kv3072_cap12-04_balanced_burst_fixed,llama1b,3072,12,23,balanced,burst,fixed,8,1024,512,7.06926604399996,13.981587975000366,0.0191955219997908,0,0,0,0,0,0,0.00011799999956563223,False,False,False,False
study02_s23_llama1b_kv3072_cap12-04_balanced_burst_fixed,llama1b,3072,12,23,balanced,burst,fixed,10,256,512,6.969088859999829,13.881837363999693,0.019129532000079053,0,0,0,0,0,0,8.540399994672043e-05,False,False,False,False
study02_s23_llama1b_kv3072_cap12-05_generation_stagger_adaptive,llama1b,3072,12,23,generation,stagger,adaptive,0,512,256,0.05689788299969223,3.5223154719997183,0.037231825000162644,0,0,0,0,0,0,0.0001202749990625307,False,False,False,False
study02_s23_llama1b_kv3072_cap12-05_generation_stagger_adaptive,llama1b,3072,12,23,generation,stagger,adaptive,5,128,64,0.047824314000536106,0.9513869020001948,0.058417170999746304,0,0,0,0,0,0,0.00011353017401027898,False,False,False,False
study02_s23_llama1b_kv3072_cap12-05_generation_stagger_adaptive,llama1b,3072,12,23,generation,stagger,adaptive,6,512,64,0.07856533500034857,0.9475341130000743,0.020365099000628106,0,0,0,0,0,0,0.00020310227088948807,False,False,False,False
study02_s23_llama1b_kv3072_cap12-05_generation_stagger_adaptive,llama1b,3072,12,23,generation,stagger,adaptive,4,128,256,0.046592871000029845,3.57558409900048,0.05845634199977212,0,0,0,0,0,0,0.0001463816829421205,False,False,False,False
study02_s23_llama1b_kv3072_cap12-05_generation_stagger_adaptive,llama1b,3072,12,23,generation,stagger,adaptive,7,128,64,0.041231831000004604,0.970550920000278,0.07838557800005219,0,0,0,0,0,0,9.19551676190622e-05,False,False,False,False
study02_s23_llama1b_kv3072_cap12-05_generation_stagger_adaptive,llama1b,3072,12,23,generation,stagger,adaptive,1,256,768,0.06034951600031491,10.599699422999947,0.07875850000073115,0,0,0,0,0,0,0.0001277511410167631,False,False,False,False
study02_s23_llama1b_kv3072_cap12-05_generation_stagger_adaptive,llama1b,3072,12,23,generation,stagger,adaptive,2,256,768,0.0607561570004691,10.630225584000073,0.0785940510004366,0,0,0,0,0,0,7.897803363665634e-05,False,False,False,False
study02_s23_llama1b_kv3072_cap12-05_generation_stagger_adaptive,llama1b,3072,12,23,generation,stagger,adaptive,8,512,256,0.31171233399982157,5.475518930000362,1.6287929229993097,1,624,1.56947080000009,1.56947080000009,1.5550121489995945,1.6287929229993097,0.00017338968891245088,True,True,False,False
study02_s23_llama1b_kv3072_cap12-05_generation_stagger_adaptive,llama1b,3072,12,23,generation,stagger,adaptive,3,128,768,0.05099599799996213,10.738273031000062,0.0825886039992838,0,0,0,0,0,0,9.586002597350429e-05,False,False,False,False
study02_s23_llama1b_kv3072_cap12-05_generation_stagger_adaptive,llama1b,3072,12,23,generation,stagger,adaptive,11,256,64,0.5822747820002405,1.427040164000573,0.016764783000326133,0,0,0,0,0,0,8.449205651928082e-05,False,False,False,False
study02_s23_llama1b_kv3072_cap12-05_generation_stagger_adaptive,llama1b,3072,12,23,generation,stagger,adaptive,9,256,256,0.14479854199998954,7.139912519999598,3.552624261999881,1,256,3.530911348999325,3.530911348999325,3.4514581409994207,3.552624261999881,7.737298382171076e-05,True,True,True,False
study02_s23_llama1b_kv3072_cap12-05_generation_stagger_adaptive,llama1b,3072,12,23,generation,stagger,adaptive,10,512,768,1.759429423000256,12.020339527000033,0.03130496400081029,0,0,0,0,0,0,8.217903102547552e-05,False,False,False,False
study02_s23_llama1b_kv3072_cap12-06_balanced_stagger_adaptive,llama1b,3072,12,23,balanced,stagger,adaptive,3,512,64,0.08620871599941893,0.9952158599999166,0.061000053000498156,0,0,0,0,0,0,0.00012139595387195001,False,False,False,False
study02_s23_llama1b_kv3072_cap12-06_balanced_stagger_adaptive,llama1b,3072,12,23,balanced,stagger,adaptive,0,1024,256,0.10997501100064255,3.731234429000324,0.06104487699940364,0,0,0,0,0,0,9.104999935516389e-05,False,False,False,False
study02_s23_llama1b_kv3072_cap12-06_balanced_stagger_adaptive,llama1b,3072,12,23,balanced,stagger,adaptive,2,256,128,0.05307670199999848,1.915392410000095,0.060883133999595884,0,0,0,0,0,0,0.00011254391459170066,False,False,False,False
study02_s23_llama1b_kv3072_cap12-06_balanced_stagger_adaptive,llama1b,3072,12,23,balanced,stagger,adaptive,4,512,128,0.0822605149996889,2.3216998529997,0.5358448810002301,1,537,0.47580782900058693,0.47580782900058693,0,0,8.773611467560727e-05,True,False,False,False
study02_s23_llama1b_kv3072_cap12-06_balanced_stagger_adaptive,llama1b,3072,12,23,balanced,stagger,adaptive,6,1024,128,0.13134724700012157,1.8979122119999374,0.06178020200059109,0,0,0,0,0,0,7.784760975226845e-05,False,False,False,False
study02_s23_llama1b_kv3072_cap12-06_balanced_stagger_adaptive,llama1b,3072,12,23,balanced,stagger,adaptive,5,128,256,0.044619248999879346,3.733261137000227,0.10894538599950465,0,0,0,0,0,0,8.480122268750279e-05,False,False,False,False
study02_s23_llama1b_kv3072_cap12-06_balanced_stagger_adaptive,llama1b,3072,12,23,balanced,stagger,adaptive,1,256,512,0.05426579300001322,7.366356316000747,0.10898568199991132,0,0,0,0,0,0,9.688616056380273e-05,False,False,False,False
study02_s23_llama1b_kv3072_cap12-06_balanced_stagger_adaptive,llama1b,3072,12,23,balanced,stagger,adaptive,7,512,256,0.0926860099998521,3.6271809199997733,0.09990745699997206,0,0,0,0,0,0,7.51297926973038e-05,False,False,False,False
study02_s23_llama1b_kv3072_cap12-06_balanced_stagger_adaptive,llama1b,3072,12,23,balanced,stagger,adaptive,9,128,64,0.048154519000490836,0.917830559000322,0.03186645400000998,0,0,0,0,0,0,0.00012318874534145152,False,False,False,False
study02_s23_llama1b_kv3072_cap12-06_balanced_stagger_adaptive,llama1b,3072,12,23,balanced,stagger,adaptive,11,128,64,0.04812604000017018,0.8958449950005161,0.017619299000216415,0,0,0,0,0,0,0.00014478269776319053,False,False,False,False
study02_s23_llama1b_kv3072_cap12-06_balanced_stagger_adaptive,llama1b,3072,12,23,balanced,stagger,adaptive,8,1024,512,0.13016152100044565,7.0488600090002365,0.031837347000873706,0,0,0,0,0,0,9.23768655596291e-05,False,False,False,False
study02_s23_llama1b_kv3072_cap12-06_balanced_stagger_adaptive,llama1b,3072,12,23,balanced,stagger,adaptive,10,256,512,0.06178361300044344,6.875029017000088,0.020891593000669673,0,0,0,0,0,0,0.00011574796436519819,False,False,False,False
study02_s23_llama1b_kv3072_cap12-07_balanced_burst_adaptive,llama1b,3072,12,23,balanced,burst,adaptive,3,512,64,0.10803635800039046,1.0295863890005421,0.07144333400083269,0,0,0,0,0,0,0.00018059299927697392,False,False,False,False
study02_s23_llama1b_kv3072_cap12-07_balanced_burst_adaptive,llama1b,3072,12,23,balanced,burst,adaptive,2,256,128,0.08154734100025962,1.945223968999926,0.07141880699964531,0,0,0,0,0,0,9.575699950800654e-05,False,False,False,False
study02_s23_llama1b_kv3072_cap12-07_balanced_burst_adaptive,llama1b,3072,12,23,balanced,burst,adaptive,4,512,128,0.1434461940007168,1.9004079480000655,0.02055957400079933,0,0,0,0,0,0,0.00010339099917472394,False,False,False,False
study02_s23_llama1b_kv3072_cap12-07_balanced_burst_adaptive,llama1b,3072,12,23,balanced,burst,adaptive,0,1024,256,0.10639340000034281,3.776082934000442,0.07144370199966943,0,0,0,0,0,0,0.0001822239992179675,False,False,False,False
study02_s23_llama1b_kv3072_cap12-07_balanced_burst_adaptive,llama1b,3072,12,23,balanced,burst,adaptive,5,128,256,0.0933880019993012,3.956175703999179,0.21673499700045795,1,176,0.19399510500079487,0.19399510500079487,0,0,8.794899986241944e-05,False,False,False,False
study02_s23_llama1b_kv3072_cap12-07_balanced_burst_adaptive,llama1b,3072,12,23,balanced,burst,adaptive,6,1024,128,3.6466642300001695,5.394103243000245,0.019003750000592845,0,0,0,0,0,0,7.780599953544076e-05,False,False,False,False
study02_s23_llama1b_kv3072_cap12-07_balanced_burst_adaptive,llama1b,3072,12,23,balanced,burst,adaptive,9,128,64,5.4046494580006765,6.27044162600032,0.018857959999877494,0,0,0,0,0,0,9.96639990262227e-05,False,False,False,False
study02_s23_llama1b_kv3072_cap12-07_balanced_burst_adaptive,llama1b,3072,12,23,balanced,burst,adaptive,7,512,256,3.596775477999472,7.2311752589994285,0.14735452999957488,0,0,0,0,0,0,8.098799971772985e-05,False,False,False,False
study02_s23_llama1b_kv3072_cap12-07_balanced_burst_adaptive,llama1b,3072,12,23,balanced,burst,adaptive,1,256,512,0.13147845000003144,7.546925961000852,0.15420655500020075,0,0,0,0,0,0,8.365899902855467e-05,False,False,False,False
study02_s23_llama1b_kv3072_cap12-07_balanced_burst_adaptive,llama1b,3072,12,23,balanced,burst,adaptive,11,128,64,7.0957819420000305,7.944358902999738,0.016718472999855294,0,0,0,0,0,0,7.701299928153382e-05,False,False,False,False
study02_s23_llama1b_kv3072_cap12-07_balanced_burst_adaptive,llama1b,3072,12,23,balanced,burst,adaptive,8,1024,512,5.454790208999839,12.417696636000073,0.04897674000039842,0,0,0,0,0,0,8.734099956198005e-05,False,False,False,False
study02_s23_llama1b_kv3072_cap12-07_balanced_burst_adaptive,llama1b,3072,12,23,balanced,burst,adaptive,10,256,512,5.35455269600061,12.506647144000453,0.2561119920001147,1,368,0.2053711660000772,0.2053711660000772,0,0,0.000100730999292864,False,False,False,False
study02_s23_llama1b_kv3072_cap12-08_balanced_stagger_baseline,llama1b,3072,12,23,balanced,stagger,baseline,3,512,64,0.07984418100022594,0.9838158340007794,0.06159663499965973,0,0,0,0,0,0,9.44239535303204e-05,False,False,False,False
study02_s23_llama1b_kv3072_cap12-08_balanced_stagger_baseline,llama1b,3072,12,23,balanced,stagger,baseline,0,1024,256,0.10597530200084293,3.7418373530008466,0.06167362199994386,0,0,0,0,0,0,7.869499950174941e-05,False,False,False,False
study02_s23_llama1b_kv3072_cap12-08_balanced_stagger_baseline,llama1b,3072,12,23,balanced,stagger,baseline,2,256,128,0.05708099699950253,1.9291711030000442,0.06189671599986468,0,0,0,0,0,0,8.850191509646166e-05,False,False,False,False
study02_s23_llama1b_kv3072_cap12-08_balanced_stagger_baseline,llama1b,3072,12,23,balanced,stagger,baseline,4,512,128,0.09077558300032251,2.3353499439999723,0.5220241189999797,1,537,0.46216108499993425,0.46216108499993425,0,0,7.787011442061953e-05,True,False,False,False
study02_s23_llama1b_kv3072_cap12-08_balanced_stagger_baseline,llama1b,3072,12,23,balanced,stagger,baseline,6,1024,128,0.13058774699948117,1.9014193559996784,0.06051369600027101,0,0,0,0,0,0,8.276761047198988e-05,False,False,False,False
study02_s23_llama1b_kv3072_cap12-08_balanced_stagger_baseline,llama1b,3072,12,23,balanced,stagger,baseline,5,128,256,0.04511019900019164,3.756770349999897,0.11232385099992825,0,0,0,0,0,0,8.069222294082579e-05,False,False,False,False
study02_s23_llama1b_kv3072_cap12-08_balanced_stagger_baseline,llama1b,3072,12,23,balanced,stagger,baseline,1,256,512,0.05909671500012337,7.415099118999933,0.11234619400056545,0,0,0,0,0,0,0.00011261416158092619,False,False,False,False
study02_s23_llama1b_kv3072_cap12-08_balanced_stagger_baseline,llama1b,3072,12,23,balanced,stagger,baseline,7,512,256,0.0822055470007399,3.6308385130005263,0.11251106700001401,0,0,0,0,0,0,8.49707927619292e-05,False,False,False,False
study02_s23_llama1b_kv3072_cap12-08_balanced_stagger_baseline,llama1b,3072,12,23,balanced,stagger,baseline,9,128,64,0.051019335000091814,0.925321785000051,0.033627274000537,0,0,0,0,0,0,0.00012446574593383275,False,False,False,False
study02_s23_llama1b_kv3072_cap12-08_balanced_stagger_baseline,llama1b,3072,12,23,balanced,stagger,baseline,11,128,64,0.03989490099957038,0.8977562979998766,0.016701851999641804,0,0,0,0,0,0,0.00010429669845635203,False,False,False,False
study02_s23_llama1b_kv3072_cap12-08_balanced_stagger_baseline,llama1b,3072,12,23,balanced,stagger,baseline,8,1024,512,0.13647794799999247,7.088690346000476,0.03356388500014873,0,0,0,0,0,0,8.117086583325772e-05,False,False,False,False
study02_s23_llama1b_kv3072_cap12-08_balanced_stagger_baseline,llama1b,3072,12,23,balanced,stagger,baseline,10,256,512,0.057488090000333614,6.959924568000133,0.020324086000073294,0,0,0,0,0,0,7.891896503764428e-05,False,False,False,False
study02_s23_llama1b_kv3072_cap12-09_balanced_stagger_fixed,llama1b,3072,12,23,balanced,stagger,fixed,0,1024,256,0.10985007599992969,3.5764003459999003,0.03656840099938563,0,0,0,0,0,0,9.100399984163232e-05,False,False,False,False
study02_s23_llama1b_kv3072_cap12-09_balanced_stagger_fixed,llama1b,3072,12,23,balanced,stagger,fixed,2,256,128,0.06026399100028357,1.877525398999751,0.10715874899960909,0,0,0,0,0,0,8.163991490528488e-05,False,False,False,False
study02_s23_llama1b_kv3072_cap12-09_balanced_stagger_fixed,llama1b,3072,12,23,balanced,stagger,fixed,3,512,64,1.185099530000116,2.0500994230005745,0.022080598999309586,0,0,0,0,0,0,8.88539533181465e-05,False,False,False,False
study02_s23_llama1b_kv3072_cap12-09_balanced_stagger_fixed,llama1b,3072,12,23,balanced,stagger,fixed,4,512,128,1.0785620739998194,2.8172529909998048,0.022207124000487966,0,0,0,0,0,0,0.00011426211427689736,False,False,False,False
study02_s23_llama1b_kv3072_cap12-09_balanced_stagger_fixed,llama1b,3072,12,23,balanced,stagger,fixed,6,1024,128,0.5474547450003229,2.265064137999616,0.0181962239994391,0,0,0,0,0,0,7.3670609815224e-05,False,False,False,False
study02_s23_llama1b_kv3072_cap12-09_balanced_stagger_fixed,llama1b,3072,12,23,balanced,stagger,fixed,5,128,256,0.0490294660003201,3.6560992929998974,0.11137333100032265,0,0,0,0,0,0,8.285522234885434e-05,False,False,False,False
study02_s23_llama1b_kv3072_cap12-09_balanced_stagger_fixed,llama1b,3072,12,23,balanced,stagger,fixed,1,256,512,0.06311481800003094,7.245217241000319,0.11148767000031512,0,0,0,0,0,0,0.00012478716063057949,False,False,False,False
study02_s23_llama1b_kv3072_cap12-09_balanced_stagger_fixed,llama1b,3072,12,23,balanced,stagger,fixed,7,512,256,1.270960101000128,4.821626105000178,0.10904738400040515,0,0,0,0,0,0,7.980679280361613e-05,False,False,False,False
study02_s23_llama1b_kv3072_cap12-09_balanced_stagger_fixed,llama1b,3072,12,23,balanced,stagger,fixed,9,128,64,0.04876401199999236,0.9273801839999578,0.03548726600001828,0,0,0,0,0,0,8.092774525181312e-05,False,False,False,False
study02_s23_llama1b_kv3072_cap12-09_balanced_stagger_fixed,llama1b,3072,12,23,balanced,stagger,fixed,11,128,64,0.046580486999118875,0.9122272729991892,0.01745436500004871,0,0,0,0,0,0,0.00010965569862619873,False,False,False,False
study02_s23_llama1b_kv3072_cap12-09_balanced_stagger_fixed,llama1b,3072,12,23,balanced,stagger,fixed,8,1024,512,1.04421700399962,7.990959726000256,0.03545209100047941,0,0,0,0,0,0,0.00013219386602969507,False,False,False,False
study02_s23_llama1b_kv3072_cap12-09_balanced_stagger_fixed,llama1b,3072,12,23,balanced,stagger,fixed,10,256,512,0.057268624999778694,6.928962187999787,0.022062635999645863,0,0,0,0,0,0,8.816396503874557e-05,False,False,False,False
study02_s23_llama1b_kv3072_cap12-10_generation_burst_adaptive,llama1b,3072,12,23,generation,burst,adaptive,5,128,64,0.04560996200052614,1.0313879309996992,0.06035570300082327,0,0,0,0,0,0,8.388699916395126e-05,False,False,False,False
study02_s23_llama1b_kv3072_cap12-10_generation_burst_adaptive,llama1b,3072,12,23,generation,burst,adaptive,6,512,64,0.08385396300036518,1.0220903079998607,0.059830282999428164,0,0,0,0,0,0,0.00012663899924514332,False,False,False,False
study02_s23_llama1b_kv3072_cap12-10_generation_burst_adaptive,llama1b,3072,12,23,generation,burst,adaptive,7,128,64,0.0710752049999428,1.0469818109995686,0.05970905199956178,0,0,0,0,0,0,0.00011616099927774792,False,False,False,False
study02_s23_llama1b_kv3072_cap12-10_generation_burst_adaptive,llama1b,3072,12,23,generation,burst,adaptive,0,512,256,0.060457554000095115,3.8371929300001284,0.059894484000324155,0,0,0,0,0,0,0.00019436999900790397,False,False,False,False
study02_s23_llama1b_kv3072_cap12-10_generation_burst_adaptive,llama1b,3072,12,23,generation,burst,adaptive,4,128,256,0.04508167699987098,3.760981000999891,0.06024350300049264,0,0,0,0,0,0,9.865599968178485e-05,False,False,False,False
study02_s23_llama1b_kv3072_cap12-10_generation_burst_adaptive,llama1b,3072,12,23,generation,burst,adaptive,8,512,256,0.09650135999982012,4.756426539000131,0.77567172199997,2,1235,1.0060117800003354,0.7002737029997661,0,0,0.00011956199941776102,True,False,False,False
study02_s23_llama1b_kv3072_cap12-10_generation_burst_adaptive,llama1b,3072,12,23,generation,burst,adaptive,9,256,256,0.9995151990005979,7.169224172999748,2.6786120589995335,1,334,2.638947243000075,2.638947243000075,2.6249555280001005,2.6786120589995335,8.55499991302966e-05,True,True,True,False
study02_s23_llama1b_kv3072_cap12-10_generation_burst_adaptive,llama1b,3072,12,23,generation,burst,adaptive,1,256,768,0.057477299999845854,10.873673226999927,0.07334922900008678,0,0,0,0,0,0,0.00020265899929654274,False,False,False,False
study02_s23_llama1b_kv3072_cap12-10_generation_burst_adaptive,llama1b,3072,12,23,generation,burst,adaptive,2,256,768,0.061362018000181706,10.849971521000043,0.07312818299942592,0,0,0,0,0,0,8.960599952842485e-05,False,False,False,False
study02_s23_llama1b_kv3072_cap12-10_generation_burst_adaptive,llama1b,3072,12,23,generation,burst,adaptive,3,128,768,0.045590515000185405,10.899359492999793,0.08473197199964488,0,0,0,0,0,0,8.404199943468083e-05,False,False,False,False
study02_s23_llama1b_kv3072_cap12-10_generation_burst_adaptive,llama1b,3072,12,23,generation,burst,adaptive,11,256,64,10.499096009999448,11.339885490999222,0.015392991000226175,0,0,0,0,0,0,7.981699964143552e-05,False,False,False,False
study02_s23_llama1b_kv3072_cap12-10_generation_burst_adaptive,llama1b,3072,12,23,generation,burst,adaptive,10,512,768,10.549225181999645,20.690531582000403,0.019978678000370564,0,0,0,0,0,0,7.85429992902209e-05,False,False,False,False
study02_s23_llama1b_kv3072_cap12-11_generation_burst_baseline,llama1b,3072,12,23,generation,burst,baseline,5,128,64,0.046829836999677354,1.0476164799993057,0.06283592100044189,0,0,0,0,0,0,0.00011324000024615088,False,False,False,False
study02_s23_llama1b_kv3072_cap12-11_generation_burst_baseline,llama1b,3072,12,23,generation,burst,baseline,6,512,64,0.08659392000026855,1.0875215500000195,0.06350775099963357,0,0,0,0,0,0,8.10889998319464e-05,False,False,False,False
study02_s23_llama1b_kv3072_cap12-11_generation_burst_baseline,llama1b,3072,12,23,generation,burst,baseline,7,128,64,0.07537262899950292,1.091467501999432,0.0630679070000042,0,0,0,0,0,0,9.130100024773435e-05,False,False,False,False
study02_s23_llama1b_kv3072_cap12-11_generation_burst_baseline,llama1b,3072,12,23,generation,burst,baseline,0,512,256,0.058652376999816624,3.888792397000543,0.0631747159995939,0,0,0,0,0,0,0.0001867479995780741,False,False,False,False
study02_s23_llama1b_kv3072_cap12-11_generation_burst_baseline,llama1b,3072,12,23,generation,burst,baseline,4,128,256,0.04757511700063333,3.9057650460008517,0.1066265649997149,0,0,0,0,0,0,8.242799940488821e-05,False,False,False,False
study02_s23_llama1b_kv3072_cap12-11_generation_burst_baseline,llama1b,3072,12,23,generation,burst,baseline,8,512,256,0.10429854599988175,4.717921932999161,0.6804407619993071,2,1238,0.834166894000191,0.5718158680001579,0,0,8.916900023903107e-05,True,False,False,False
study02_s23_llama1b_kv3072_cap12-11_generation_burst_baseline,llama1b,3072,12,23,generation,burst,baseline,9,256,256,0.10555763699994714,6.036594186999537,1.5102339149998443,2,600,2.151507016999858,1.4035019339999053,1.3878656050001155,1.5102339149998443,8.584700008212875e-05,True,True,False,False
study02_s23_llama1b_kv3072_cap12-11_generation_burst_baseline,llama1b,3072,12,23,generation,burst,baseline,11,256,64,4.667198490000374,6.456129221000083,0.9445499120001841,1,288,0.8439451400008693,0.8439451400008693,0,0,9.106099987543637e-05,True,False,False,False
study02_s23_llama1b_kv3072_cap12-11_generation_burst_baseline,llama1b,3072,12,23,generation,burst,baseline,1,256,768,0.05801604699991003,11.14198553999995,0.10669326299921522,0,0,0,0,0,0,9.85150001724805e-05,False,False,False,False
study02_s23_llama1b_kv3072_cap12-11_generation_burst_baseline,llama1b,3072,12,23,generation,burst,baseline,2,256,768,0.06228681599986885,11.174809770000138,0.10660772000028373,0,0,0,0,0,0,0.00011663299974315477,False,False,False,False
study02_s23_llama1b_kv3072_cap12-11_generation_burst_baseline,llama1b,3072,12,23,generation,burst,baseline,3,128,768,0.05966133800029638,11.16469509000035,0.10638551699958043,0,0,0,0,0,0,8.91289997525524e-05,False,False,False,False
study02_s23_llama1b_kv3072_cap12-11_generation_burst_baseline,llama1b,3072,12,23,generation,burst,baseline,10,512,768,1.0186499279998316,18.037074615000165,2.944822477999878,4,2375,6.471518081000795,2.8749265329997797,5.446831541999927,5.608820729999934,8.565499956603162e-05,True,True,True,False
study03_s23_llama1b_kv5120_cap3-00_balanced_stagger_fixed,llama1b,5120,3,23,balanced,stagger,fixed,0,1024,256,0.10486542399939935,3.607591998999851,0.03706790100022772,0,0,0,0,0,0,9.059100011654664e-05,False,False,False,False
study03_s23_llama1b_kv5120_cap3-00_balanced_stagger_fixed,llama1b,5120,3,23,balanced,stagger,fixed,2,256,128,0.06061822499941627,1.854686724000203,0.05778212499990332,0,0,0,0,0,0,0.00011258991501472693,False,False,False,False
study03_s23_llama1b_kv5120_cap3-00_balanced_stagger_fixed,llama1b,5120,3,23,balanced,stagger,fixed,3,512,64,1.1680869189995065,2.0928058099998452,0.05587276500045846,0,0,0,0,0,0,8.729895384673725e-05,False,False,False,False
study03_s23_llama1b_kv5120_cap3-00_balanced_stagger_fixed,llama1b,5120,3,23,balanced,stagger,fixed,4,512,128,1.3474769539998306,3.1040574359994935,0.020965998000065156,0,0,0,0,0,0,7.836211467449061e-05,False,False,False,False
study03_s23_llama1b_kv5120_cap3-00_balanced_stagger_fixed,llama1b,5120,3,23,balanced,stagger,fixed,6,1024,128,0.8316942759993253,2.590813218999756,0.01891063600032794,0,0,0,0,0,0,0.00018994361027324658,False,False,False,False
study03_s23_llama1b_kv5120_cap3-00_balanced_stagger_fixed,llama1b,5120,3,23,balanced,stagger,fixed,1,256,512,0.06171909499971662,7.345123854000121,0.10251150199928816,0,0,0,0,0,0,8.434516085842336e-05,False,False,False,False
study03_s23_llama1b_kv5120_cap3-00_balanced_stagger_fixed,llama1b,5120,3,23,balanced,stagger,fixed,5,128,256,0.5213702869996268,4.268444059999638,0.11019383300026675,0,0,0,0,0,0,8.963222298419282e-05,False,False,False,False
study03_s23_llama1b_kv5120_cap3-00_balanced_stagger_fixed,llama1b,5120,3,23,balanced,stagger,fixed,7,512,256,1.596068799999557,5.169577765000213,0.11019224800020311,0,0,0,0,0,0,9.393579299565857e-05,False,False,False,False
study03_s23_llama1b_kv5120_cap3-00_balanced_stagger_fixed,llama1b,5120,3,23,balanced,stagger,fixed,9,128,64,0.03943044199968426,0.9243044149998241,0.03428663500017137,0,0,0,0,0,0,0.00011388774593257267,False,False,False,False
study03_s23_llama1b_kv5120_cap3-00_balanced_stagger_fixed,llama1b,5120,3,23,balanced,stagger,fixed,11,128,64,0.050179093000224384,0.9071050279999326,0.01695602499967208,0,0,0,0,0,0,8.280469836918769e-05,False,False,False,False
study03_s23_llama1b_kv5120_cap3-00_balanced_stagger_fixed,llama1b,5120,3,23,balanced,stagger,fixed,8,1024,512,1.14672322000024,8.122377701000005,0.03438315600033093,0,0,0,0,0,0,0.0001229048655844167,False,False,False,False
study03_s23_llama1b_kv5120_cap3-00_balanced_stagger_fixed,llama1b,5120,3,23,balanced,stagger,fixed,10,256,512,0.36478564200024266,7.2490244660002645,0.02029742200011242,0,0,0,0,0,0,8.759996463680864e-05,False,False,False,False
study03_s23_llama1b_kv5120_cap3-01_balanced_burst_adaptive,llama1b,5120,3,23,balanced,burst,adaptive,2,256,128,0.08248694600024464,2.002078562999486,0.03030588199999329,0,0,0,0,0,0,9.509900010015726e-05,False,False,False,False
study03_s23_llama1b_kv5120_cap3-01_balanced_burst_adaptive,llama1b,5120,3,23,balanced,burst,adaptive,3,512,64,2.0261089639998318,2.9547388559994943,0.018705419000070833,0,0,0,0,0,0,0.00010688900019883985,False,False,False,False
study03_s23_llama1b_kv5120_cap3-01_balanced_burst_adaptive,llama1b,5120,3,23,balanced,burst,adaptive,0,1024,256,0.10318720099985512,4.01918327400017,0.06401525700039201,0,0,0,0,0,0,0.00015172700022958452,False,False,False,False
study03_s23_llama1b_kv5120_cap3-01_balanced_burst_adaptive,llama1b,5120,3,23,balanced,burst,adaptive,4,512,128,2.98003419700035,4.765405181999995,0.019805376000476826,0,0,0,0,0,0,0.00014420999996217487,False,False,False,False
study03_s23_llama1b_kv5120_cap3-01_balanced_burst_adaptive,llama1b,5120,3,23,balanced,burst,adaptive,6,1024,128,4.788803114000075,6.524513212999409,0.018291821000275377,0,0,0,0,0,0,0.00010516800030013762,False,False,False,False
study03_s23_llama1b_kv5120_cap3-01_balanced_burst_adaptive,llama1b,5120,3,23,balanced,burst,adaptive,5,128,256,3.8049993849999737,7.452247452999472,0.11015386400049465,0,0,0,0,0,0,8.742400041228393e-05,False,False,False,False
study03_s23_llama1b_kv5120_cap3-01_balanced_burst_adaptive,llama1b,5120,3,23,balanced,burst,adaptive,1,256,512,0.13254402899929119,7.6693058989994825,0.1100050810000539,0,0,0,0,0,0,0.00020664800031226782,False,False,False,False
study03_s23_llama1b_kv5120_cap3-01_balanced_burst_adaptive,llama1b,5120,3,23,balanced,burst,adaptive,9,128,64,7.39730426099959,8.294559236000168,0.021100513999954273,0,0,0,0,0,0,9.435900010429377e-05,False,False,False,False
study03_s23_llama1b_kv5120_cap3-01_balanced_burst_adaptive,llama1b,5120,3,23,balanced,burst,adaptive,7,512,256,6.541717910999978,10.25102358300046,0.10329743200054509,0,0,0,0,0,0,0.00013254499972387146,False,False,False,False
study03_s23_llama1b_kv5120_cap3-01_balanced_burst_adaptive,llama1b,5120,3,23,balanced,burst,adaptive,11,128,64,10.085093274999963,10.9692295320001,0.019912292000299203,0,0,0,0,0,0,0.00011847999958258804,False,False,False,False
study03_s23_llama1b_kv5120_cap3-01_balanced_burst_adaptive,llama1b,5120,3,23,balanced,burst,adaptive,8,1024,512,7.422296122999796,14.562118695999743,0.03319370999997773,0,0,0,0,0,0,0.0001955880003151611,False,False,False,False
study03_s23_llama1b_kv5120_cap3-01_balanced_burst_adaptive,llama1b,5120,3,23,balanced,burst,adaptive,10,256,512,8.293399522999607,15.362730206999913,0.0199159329995382,0,0,0,0,0,0,0.00013523100005841115,False,False,False,False
study03_s23_llama1b_kv5120_cap3-02_generation_burst_baseline,llama1b,5120,3,23,generation,burst,baseline,0,512,256,0.05769532600061211,3.6086549159999777,0.03676348800036067,0,0,0,0,0,0,9.382299958815565e-05,False,False,False,False
study03_s23_llama1b_kv5120_cap3-02_generation_burst_baseline,llama1b,5120,3,23,generation,burst,baseline,1,256,768,0.06318344700048328,10.816955689000679,0.03167110600043088,0,0,0,0,0,0,7.633599961991144e-05,False,False,False,False
study03_s23_llama1b_kv5120_cap3-02_generation_burst_baseline,llama1b,5120,3,23,generation,burst,baseline,2,256,768,0.063517693999529,10.804655205999552,0.022510370000418334,0,0,0,0,0,0,8.207600003515281e-05,False,False,False,False
study03_s23_llama1b_kv5120_cap3-02_generation_burst_baseline,llama1b,5120,3,23,generation,burst,baseline,5,128,64,10.69501695100007,11.584596276999946,0.017699119999633695,0,0,0,0,0,0,8.873899969330523e-05,False,False,False,False
study03_s23_llama1b_kv5120_cap3-02_generation_burst_baseline,llama1b,5120,3,23,generation,burst,baseline,6,512,64,11.607669087999966,12.522766529999899,0.019894035999641346,0,0,0,0,0,0,8.804299995968101e-05,False,False,False,False
study03_s23_llama1b_kv5120_cap3-02_generation_burst_baseline,llama1b,5120,3,23,generation,burst,baseline,7,128,64,12.508171841000149,13.387246215000232,0.018859825000618002,0,0,0,0,0,0,9.117499976124543e-05,False,False,False,False
study03_s23_llama1b_kv5120_cap3-02_generation_burst_baseline,llama1b,5120,3,23,generation,burst,baseline,3,128,768,3.4937726250000196,14.46044378499937,0.05804230700050539,0,0,0,0,0,0,0.00016751900020606225,False,False,False,False
study03_s23_llama1b_kv5120_cap3-02_generation_burst_baseline,llama1b,5120,3,23,generation,burst,baseline,4,128,256,10.704476325000542,14.460617657000512,0.05807267399995908,0,0,0,0,0,0,0.0001203689997055224,False,False,False,False
study03_s23_llama1b_kv5120_cap3-02_generation_burst_baseline,llama1b,5120,3,23,generation,burst,baseline,8,512,256,13.410219972999585,17.134496276999926,0.06144638700061478,0,0,0,0,0,0,8.825800032352671e-05,False,False,False,False
study03_s23_llama1b_kv5120_cap3-02_generation_burst_baseline,llama1b,5120,3,23,generation,burst,baseline,9,256,256,14.210464712999965,17.91112516300018,0.0613503619997573,0,0,0,0,0,0,9.758200012582874e-05,False,False,False,False
study03_s23_llama1b_kv5120_cap3-02_generation_burst_baseline,llama1b,5120,3,23,generation,burst,baseline,11,256,64,17.035113906999868,17.91079261499999,0.01755037699967943,0,0,0,0,0,0,8.442300004385395e-05,False,False,False,False
study03_s23_llama1b_kv5120_cap3-02_generation_burst_baseline,llama1b,5120,3,23,generation,burst,baseline,10,512,768,14.235952736999934,24.910653363000165,0.03421047299980273,0,0,0,0,0,0,0.00010254300013912143,False,False,False,False
study03_s23_llama1b_kv5120_cap3-03_generation_stagger_fixed,llama1b,5120,3,23,generation,stagger,fixed,0,512,256,0.06331767900064733,3.6024462220002533,0.03625398599979235,0,0,0,0,0,0,0.0001281809991269256,False,False,False,False
study03_s23_llama1b_kv5120_cap3-03_generation_stagger_fixed,llama1b,5120,3,23,generation,stagger,fixed,1,256,768,0.06439559200043732,10.732174880000457,0.032580033999693114,0,0,0,0,0,0,0.00011723214084630174,False,False,False,False
study03_s23_llama1b_kv5120_cap3-03_generation_stagger_fixed,llama1b,5120,3,23,generation,stagger,fixed,2,256,768,0.05406769799992617,10.717134536999765,0.025925151999217633,0,0,0,0,0,0,8.403103431409154e-05,False,False,False,False
study03_s23_llama1b_kv5120_cap3-03_generation_stagger_fixed,llama1b,5120,3,23,generation,stagger,fixed,5,128,64,5.886194034000255,6.73788834700008,0.01817620700057887,0,0,0,0,0,0,8.254217430270216e-05,False,False,False,False
study03_s23_llama1b_kv5120_cap3-03_generation_stagger_fixed,llama1b,5120,3,23,generation,stagger,fixed,6,512,64,6.159888870000032,7.060759719000089,0.018358446000092954,0,0,0,0,0,0,9.227627148966633e-05,False,False,False,False
study03_s23_llama1b_kv5120_cap3-03_generation_stagger_fixed,llama1b,5120,3,23,generation,stagger,fixed,7,128,64,6.351028131000021,7.20506629800002,0.01727270799983671,0,0,0,0,0,0,9.172816774594139e-05,False,False,False,False
study03_s23_llama1b_kv5120_cap3-03_generation_stagger_fixed,llama1b,5120,3,23,generation,stagger,fixed,3,128,768,1.1394279739997728,11.895184885999697,0.05941584999982297,0,0,0,0,0,0,7.886402654255775e-05,False,False,False,False
study03_s23_llama1b_kv5120_cap3-03_generation_stagger_fixed,llama1b,5120,3,23,generation,stagger,fixed,4,128,256,6.920116006000171,10.558671486000094,0.0594071260002238,0,0,0,0,0,0,7.911668352633683e-05,False,False,False,False
study03_s23_llama1b_kv5120_cap3-03_generation_stagger_fixed,llama1b,5120,3,23,generation,stagger,fixed,8,512,256,6.674632190000011,10.262775742000485,0.060698536999552744,0,0,0,0,0,0,0.00011428768911692089,False,False,False,False
study03_s23_llama1b_kv5120_cap3-03_generation_stagger_fixed,llama1b,5120,3,23,generation,stagger,fixed,9,256,256,6.925890481999886,10.523723235000034,0.06084257600014098,0,0,0,0,0,0,9.756098405677704e-05,False,False,False,False
study03_s23_llama1b_kv5120_cap3-03_generation_stagger_fixed,llama1b,5120,3,23,generation,stagger,fixed,11,256,64,5.376859963000243,6.271840600999894,0.017989995999414532,0,0,0,0,0,0,0.00013877605724488262,False,False,False,False
study03_s23_llama1b_kv5120_cap3-03_generation_stagger_fixed,llama1b,5120,3,23,generation,stagger,fixed,10,512,768,5.172919783999532,15.697920436999993,0.036804477000259794,0,0,0,0,0,0,0.00012463103136894915,False,False,False,False
study03_s23_llama1b_kv5120_cap3-04_generation_stagger_adaptive,llama1b,5120,3,23,generation,stagger,adaptive,0,512,256,0.05727016199944046,3.577428784999938,0.03699060599956283,0,0,0,0,0,0,9.992600007535657e-05,False,False,False,False
study03_s23_llama1b_kv5120_cap3-04_generation_stagger_adaptive,llama1b,5120,3,23,generation,stagger,adaptive,1,256,768,0.0585326949994851,10.626244344999577,0.034250847000294016,0,0,0,0,0,0,8.362214158258441e-05,False,False,False,False
study03_s23_llama1b_kv5120_cap3-04_generation_stagger_adaptive,llama1b,5120,3,23,generation,stagger,adaptive,2,256,768,0.05823845200029609,10.659022875000119,0.02503789499951381,0,0,0,0,0,0,7.869903431345637e-05,False,False,False,False
study03_s23_llama1b_kv5120_cap3-04_generation_stagger_adaptive,llama1b,5120,3,23,generation,stagger,adaptive,5,128,64,5.826091547000033,6.710312899999735,0.018960847000016656,0,0,0,0,0,0,7.78341749789746e-05,False,False,False,False
study03_s23_llama1b_kv5120_cap3-04_generation_stagger_adaptive,llama1b,5120,3,23,generation,stagger,adaptive,6,512,64,6.130761477000306,7.021746870000243,0.017506109999885666,0,0,0,0,0,0,7.4320271297168e-05,False,False,False,False
study03_s23_llama1b_kv5120_cap3-04_generation_stagger_adaptive,llama1b,5120,3,23,generation,stagger,adaptive,7,128,64,6.316351049000332,7.17655313799969,0.01769179399980203,0,0,0,0,0,0,9.703116850801052e-05,False,False,False,False
study03_s23_llama1b_kv5120_cap3-04_generation_stagger_adaptive,llama1b,5120,3,23,generation,stagger,adaptive,3,128,768,1.1065569049997066,11.859267419999924,0.058308796000346774,0,0,0,0,0,0,0.0001348610268876449,False,False,False,False
study03_s23_llama1b_kv5120_cap3-04_generation_stagger_adaptive,llama1b,5120,3,23,generation,stagger,adaptive,4,128,256,6.815073246999418,10.528946423999514,0.058288967000407865,0,0,0,0,0,0,9.124368397195326e-05,False,False,False,False
study03_s23_llama1b_kv5120_cap3-04_generation_stagger_adaptive,llama1b,5120,3,23,generation,stagger,adaptive,8,512,256,6.646097511000335,10.28996890200051,0.058253317999515275,0,0,0,0,0,0,0.00018285468931544813,False,False,False,False
study03_s23_llama1b_kv5120_cap3-04_generation_stagger_adaptive,llama1b,5120,3,23,generation,stagger,adaptive,9,256,256,6.8871773360006046,10.520871394000096,0.058005909999337746,0,0,0,0,0,0,9.052298390788138e-05,False,False,False,False
study03_s23_llama1b_kv5120_cap3-04_generation_stagger_adaptive,llama1b,5120,3,23,generation,stagger,adaptive,11,256,64,5.40020849100074,6.253323009000269,0.01641750100043282,0,0,0,0,0,0,0.00010542805702939972,False,False,False,False
study03_s23_llama1b_kv5120_cap3-04_generation_stagger_adaptive,llama1b,5120,3,23,generation,stagger,adaptive,10,512,768,5.140397116999338,15.665994074999617,0.034305641999708314,0,0,0,0,0,0,9.096103183026116e-05,False,False,False,False
study03_s23_llama1b_kv5120_cap3-05_generation_burst_adaptive,llama1b,5120,3,23,generation,burst,adaptive,0,512,256,0.05883486600032484,3.6009539830001813,0.037206906999927014,0,0,0,0,0,0,0.00012786199931724695,False,False,False,False
study03_s23_llama1b_kv5120_cap3-05_generation_burst_adaptive,llama1b,5120,3,23,generation,burst,adaptive,1,256,768,0.060088729999733914,10.718392787999619,0.03680839600019681,0,0,0,0,0,0,9.212400000251086e-05,False,False,False,False
study03_s23_llama1b_kv5120_cap3-05_generation_burst_adaptive,llama1b,5120,3,23,generation,burst,adaptive,2,256,768,0.06024776699996437,10.705875161999757,0.0214793479999571,0,0,0,0,0,0,8.866599946485976e-05,False,False,False,False
study03_s23_llama1b_kv5120_cap3-05_generation_burst_adaptive,llama1b,5120,3,23,generation,burst,adaptive,5,128,64,10.594278734,11.480892866000431,0.017477602000326442,0,0,0,0,0,0,8.732099922781345e-05,False,False,False,False
study03_s23_llama1b_kv5120_cap3-05_generation_burst_adaptive,llama1b,5120,3,23,generation,burst,adaptive,6,512,64,11.504056310999658,12.352765194000312,0.017486341999756405,0,0,0,0,0,0,9.816599977052753e-05,False,False,False,False
study03_s23_llama1b_kv5120_cap3-05_generation_burst_adaptive,llama1b,5120,3,23,generation,burst,adaptive,7,128,64,12.337424436999754,13.235423299999638,0.025656334999439423,0,0,0,0,0,0,8.68040000568393e-05,False,False,False,False
study03_s23_llama1b_kv5120_cap3-05_generation_burst_adaptive,llama1b,5120,3,23,generation,burst,adaptive,3,128,768,3.4868977919995814,14.27555174400004,0.06018834800033801,0,0,0,0,0,0,8.517299975208115e-05,False,False,False,False
study03_s23_llama1b_kv5120_cap3-05_generation_burst_adaptive,llama1b,5120,3,23,generation,burst,adaptive,4,128,256,10.605826753999281,14.273555639999358,0.06034311999974307,0,0,0,0,0,0,8.18989999970543e-05,False,False,False,False
study03_s23_llama1b_kv5120_cap3-05_generation_burst_adaptive,llama1b,5120,3,23,generation,burst,adaptive,8,512,256,13.259823166999922,16.790869819999898,0.061431678000190004,0,0,0,0,0,0,8.111899987850446e-05,False,False,False,False
study03_s23_llama1b_kv5120_cap3-05_generation_burst_adaptive,llama1b,5120,3,23,generation,burst,adaptive,9,256,256,14.023508510999818,17.570723388999795,0.06144960900019214,0,0,0,0,0,0,8.264999978563337e-05,False,False,False,False
study03_s23_llama1b_kv5120_cap3-05_generation_burst_adaptive,llama1b,5120,3,23,generation,burst,adaptive,11,256,64,16.691041170000062,17.563750076999895,0.01776845000040339,0,0,0,0,0,0,8.784499932512624e-05,False,False,False,False
study03_s23_llama1b_kv5120_cap3-05_generation_burst_adaptive,llama1b,5120,3,23,generation,burst,adaptive,10,512,768,14.04922291099956,24.577435980999326,0.03508245099965279,0,0,0,0,0,0,0.00011071700009779306,False,False,False,False
study03_s23_llama1b_kv5120_cap3-06_balanced_burst_fixed,llama1b,5120,3,23,balanced,burst,fixed,2,256,128,0.08183004900001833,1.8521562579999227,0.017896272000143654,0,0,0,0,0,0,9.128000001509817e-05,False,False,False,False
study03_s23_llama1b_kv5120_cap3-06_balanced_burst_fixed,llama1b,5120,3,23,balanced,burst,fixed,3,512,64,1.8775491819997114,2.7748241669996787,0.017995659000007436,0,0,0,0,0,0,0.00010607099975457057,False,False,False,False
study03_s23_llama1b_kv5120_cap3-06_balanced_burst_fixed,llama1b,5120,3,23,balanced,burst,fixed,0,1024,256,0.10396200099967245,3.8066204309998284,0.06298534300003666,0,0,0,0,0,0,0.00019644900021376088,False,False,False,False
study03_s23_llama1b_kv5120_cap3-06_balanced_burst_fixed,llama1b,5120,3,23,balanced,burst,fixed,4,512,128,2.7992871729993567,4.526813223999852,0.021841269000105967,0,0,0,0,0,0,9.977900008378837e-05,False,False,False,False
study03_s23_llama1b_kv5120_cap3-06_balanced_burst_fixed,llama1b,5120,3,23,balanced,burst,fixed,6,1024,128,4.554106490999402,6.288796521999757,0.018085276999954658,0,0,0,0,0,0,8.647900012870302e-05,False,False,False,False
study03_s23_llama1b_kv5120_cap3-06_balanced_burst_fixed,llama1b,5120,3,23,balanced,burst,fixed,5,128,256,3.592535931000384,7.217426553000223,0.11127574399961304,0,0,0,0,0,0,8.633899960841518e-05,False,False,False,False
study03_s23_llama1b_kv5120_cap3-06_balanced_burst_fixed,llama1b,5120,3,23,balanced,burst,fixed,1,256,512,0.13195554800040554,7.431789868999658,0.11144108899952698,0,0,0,0,0,0,8.368099970539056e-05,False,False,False,False
study03_s23_llama1b_kv5120_cap3-06_balanced_burst_fixed,llama1b,5120,3,23,balanced,burst,fixed,9,128,64,7.166490489000353,8.040362762000768,0.019678958999975293,0,0,0,0,0,0,0.00010297999942848746,False,False,False,False
study03_s23_llama1b_kv5120_cap3-06_balanced_burst_fixed,llama1b,5120,3,23,balanced,burst,fixed,7,512,256,6.312216386999353,10.008854240999426,0.10930316699977993,0,0,0,0,0,0,0.00010554200016482662,False,False,False,False
study03_s23_llama1b_kv5120_cap3-06_balanced_burst_fixed,llama1b,5120,3,23,balanced,burst,fixed,11,128,64,9.844442495000294,10.698686382000233,0.017670686999736063,0,0,0,0,0,0,7.486999966199726e-05,False,False,False,False
study03_s23_llama1b_kv5120_cap3-06_balanced_burst_fixed,llama1b,5120,3,23,balanced,burst,fixed,8,1024,512,7.191209600999173,14.338900142000057,0.03249774699997943,0,0,0,0,0,0,7.915400019553598e-05,False,False,False,False
study03_s23_llama1b_kv5120_cap3-06_balanced_burst_fixed,llama1b,5120,3,23,balanced,burst,fixed,10,256,512,8.038893370000551,15.130246783000075,0.026188858999375952,0,0,0,0,0,0,7.937299960758537e-05,False,False,False,False
study03_s23_llama1b_kv5120_cap3-07_generation_burst_fixed,llama1b,5120,3,23,generation,burst,fixed,0,512,256,0.06029727999975876,3.685476386999653,0.039941924000231666,0,0,0,0,0,0,9.642599979997613e-05,False,False,False,False
study03_s23_llama1b_kv5120_cap3-07_generation_burst_fixed,llama1b,5120,3,23,generation,burst,fixed,1,256,768,0.06391997399987304,11.100305517999914,0.037089252000441775,0,0,0,0,0,0,0.00021678499997505873,False,False,False,False
study03_s23_llama1b_kv5120_cap3-07_generation_burst_fixed,llama1b,5120,3,23,generation,burst,fixed,2,256,768,0.06415355300032388,11.085212466000485,0.0268352800003413,0,0,0,0,0,0,7.538099944212617e-05,False,False,False,False
study03_s23_llama1b_kv5120_cap3-07_generation_burst_fixed,llama1b,5120,3,23,generation,burst,fixed,5,128,64,10.968484367999736,11.911991525999838,0.019685469000251032,0,0,0,0,0,0,0.00011076499959017383,False,False,False,False
study03_s23_llama1b_kv5120_cap3-07_generation_burst_fixed,llama1b,5120,3,23,generation,burst,fixed,6,512,64,11.942272447000505,12.960153711000203,0.02481104900016362,0,0,0,0,0,0,9.059099938890647e-05,False,False,False,False
study03_s23_llama1b_kv5120_cap3-07_generation_burst_fixed,llama1b,5120,3,23,generation,burst,fixed,7,128,64,12.950348355000642,13.924513505000505,0.020140982000157237,0,0,0,0,0,0,8.752699923203489e-05,False,False,False,False
study03_s23_llama1b_kv5120_cap3-07_generation_burst_fixed,llama1b,5120,3,23,generation,burst,fixed,3,128,768,3.574426200999369,15.04379777899976,0.061887197000032756,0,0,0,0,0,0,0.00011677199981929842,False,False,False,False
study03_s23_llama1b_kv5120_cap3-07_generation_burst_fixed,llama1b,5120,3,23,generation,burst,fixed,4,128,256,10.985162044999925,15.045043895999697,0.06185140700017655,0,0,0,0,0,0,9.224299974447403e-05,False,False,False,False
study03_s23_llama1b_kv5120_cap3-07_generation_burst_fixed,llama1b,5120,3,23,generation,burst,fixed,8,512,256,13.949196161000145,17.918144956000106,0.06948888599981728,0,0,0,0,0,0,0.00017100999921237925,False,False,False,False
study03_s23_llama1b_kv5120_cap3-07_generation_burst_fixed,llama1b,5120,3,23,generation,burst,fixed,9,256,256,14.794818043000305,18.733914328000537,0.06936836800014134,0,0,0,0,0,0,9.125699925788266e-05,False,False,False,False
study03_s23_llama1b_kv5120_cap3-07_generation_burst_fixed,llama1b,5120,3,23,generation,burst,fixed,11,256,64,17.813987687000008,18.724976678999155,0.018229724000775605,0,0,0,0,0,0,9.229200004479132e-05,False,False,False,False
study03_s23_llama1b_kv5120_cap3-07_generation_burst_fixed,llama1b,5120,3,23,generation,burst,fixed,10,512,768,14.832406454000193,26.205244119999406,0.03131396700064215,0,0,0,0,0,0,9.414499982085545e-05,False,False,False,False
study03_s23_llama1b_kv5120_cap3-08_balanced_stagger_adaptive,llama1b,5120,3,23,balanced,stagger,adaptive,0,1024,256,0.10733668800003215,3.7820395650005594,0.03848931300035474,0,0,0,0,0,0,0.00011807799910457106,False,False,False,False
study03_s23_llama1b_kv5120_cap3-08_balanced_stagger_adaptive,llama1b,5120,3,23,balanced,stagger,adaptive,2,256,128,0.06142314900080237,2.0168723650003813,0.059028417999797966,0,0,0,0,0,0,9.977191414600739e-05,False,False,False,False
study03_s23_llama1b_kv5120_cap3-08_balanced_stagger_adaptive,llama1b,5120,3,23,balanced,stagger,adaptive,3,512,64,1.3450791280001795,2.303857427999901,0.06135370999982115,0,0,0,0,0,0,0.00015899395370722047,False,False,False,False
study03_s23_llama1b_kv5120_cap3-08_balanced_stagger_adaptive,llama1b,5120,3,23,balanced,stagger,adaptive,4,512,128,1.5150719029998072,3.3881262869999773,0.031534796000414644,0,0,0,0,0,0,0.00012354511478562813,False,False,False,False
study03_s23_llama1b_kv5120_cap3-08_balanced_stagger_adaptive,llama1b,5120,3,23,balanced,stagger,adaptive,6,1024,128,1.1130820010002935,2.998439163000512,0.022558304999620304,0,0,0,0,0,0,8.479860945698192e-05,False,False,False,False
study03_s23_llama1b_kv5120_cap3-08_balanced_stagger_adaptive,llama1b,5120,3,23,balanced,stagger,adaptive,1,256,512,0.06167250399994373,7.799068266000177,0.10129027299990412,0,0,0,0,0,0,7.750216092106132e-05,False,False,False,False
study03_s23_llama1b_kv5120_cap3-08_balanced_stagger_adaptive,llama1b,5120,3,23,balanced,stagger,adaptive,5,128,256,0.7319150479997916,4.749313280000024,0.10445458799949847,0,0,0,0,0,0,9.774822264674299e-05,False,False,False,False
study03_s23_llama1b_kv5120_cap3-08_balanced_stagger_adaptive,llama1b,5120,3,23,balanced,stagger,adaptive,9,128,64,0.052012180000019725,0.9328366390000156,0.017745373000252584,0,0,0,0,0,0,8.46127449349865e-05,False,False,False,False
study03_s23_llama1b_kv5120_cap3-08_balanced_stagger_adaptive,llama1b,5120,3,23,balanced,stagger,adaptive,7,512,256,2.0030053770005907,5.713957984000444,0.1044924190000529,0,0,0,0,0,0,0.0001333447923235198,False,False,False,False
study03_s23_llama1b_kv5120_cap3-08_balanced_stagger_adaptive,llama1b,5120,3,23,balanced,stagger,adaptive,11,128,64,0.04804422899997007,1.0325226330005535,0.022586194999348663,0,0,0,0,0,0,9.966969782126966e-05,False,False,False,False
study03_s23_llama1b_kv5120_cap3-08_balanced_stagger_adaptive,llama1b,5120,3,23,balanced,stagger,adaptive,8,1024,512,1.5991057960000035,9.092734947000281,0.03556342699994275,0,0,0,0,0,0,0.00011023286590017278,False,False,False,False
study03_s23_llama1b_kv5120_cap3-08_balanced_stagger_adaptive,llama1b,5120,3,23,balanced,stagger,adaptive,10,256,512,0.5054648320001434,8.508865452999999,0.030015536000064458,0,0,0,0,0,0,7.870496457229592e-05,False,False,False,False
study03_s23_llama1b_kv5120_cap3-09_balanced_stagger_baseline,llama1b,5120,3,23,balanced,stagger,baseline,0,1024,256,0.11699211900031514,3.731302868000057,0.035152565999851504,0,0,0,0,0,0,0.00016673699974489864,False,False,False,False
study03_s23_llama1b_kv5120_cap3-09_balanced_stagger_baseline,llama1b,5120,3,23,balanced,stagger,baseline,2,256,128,0.0517270530008318,1.8616321340005015,0.05940101599935588,0,0,0,0,0,0,7.665491441821715e-05,False,False,False,False
study03_s23_llama1b_kv5120_cap3-09_balanced_stagger_baseline,llama1b,5120,3,23,balanced,stagger,baseline,3,512,64,1.2936925809999593,2.196711564999532,0.056148724000195216,0,0,0,0,0,0,8.873295414302262e-05,False,False,False,False
study03_s23_llama1b_kv5120_cap3-09_balanced_stagger_baseline,llama1b,5120,3,23,balanced,stagger,baseline,4,512,128,1.353733454999201,3.1233368929997596,0.12816340700010187,0,0,0,0,0,0,8.693611495047548e-05,False,False,False,False
study03_s23_llama1b_kv5120_cap3-09_balanced_stagger_baseline,llama1b,5120,3,23,balanced,stagger,baseline,6,1024,128,0.8439950669999234,2.5882713279997915,0.01763434100030281,0,0,0,0,0,0,0.0001234566099057588,False,False,False,False
study03_s23_llama1b_kv5120_cap3-09_balanced_stagger_baseline,llama1b,5120,3,23,balanced,stagger,baseline,1,256,512,0.06546922799952881,7.3891156270001375,0.1479075749994081,0,0,0,0,0,0,0.00010141316134693046,False,False,False,False
study03_s23_llama1b_kv5120_cap3-09_balanced_stagger_baseline,llama1b,5120,3,23,balanced,stagger,baseline,5,128,256,0.6259850110000116,4.409773995999785,0.12820567699964158,0,0,0,0,0,0,8.018822281385951e-05,False,False,False,False
study03_s23_llama1b_kv5120_cap3-09_balanced_stagger_baseline,llama1b,5120,3,23,balanced,stagger,baseline,7,512,256,1.5949758050001037,5.25364497999999,0.10434283100039465,0,0,0,0,0,0,0.00010309379255257767,False,False,False,False
study03_s23_llama1b_kv5120_cap3-09_balanced_stagger_baseline,llama1b,5120,3,23,balanced,stagger,baseline,9,128,64,0.04246002600029897,0.9313094200006162,0.034773485000187065,0,0,0,0,0,0,8.952774525283758e-05,False,False,False,False
study03_s23_llama1b_kv5120_cap3-09_balanced_stagger_baseline,llama1b,5120,3,23,balanced,stagger,baseline,11,128,64,0.04679511299946171,0.9697978839994903,0.021803753999847686,0,0,0,0,0,0,0.00012470969858568992,False,False,False,False
study03_s23_llama1b_kv5120_cap3-09_balanced_stagger_baseline,llama1b,5120,3,23,balanced,stagger,baseline,8,1024,512,1.1837648459995762,8.418158962000234,0.03547817300022871,0,0,0,0,0,0,7.722786615005361e-05,False,False,False,False
study03_s23_llama1b_kv5120_cap3-09_balanced_stagger_baseline,llama1b,5120,3,23,balanced,stagger,baseline,10,256,512,0.45388088199979393,7.652233069999966,0.026887539999734145,0,0,0,0,0,0,0.00018111196524017714,False,False,False,False
study03_s23_llama1b_kv5120_cap3-10_generation_stagger_baseline,llama1b,5120,3,23,generation,stagger,baseline,0,512,256,0.055483896000623645,3.680758154000614,0.037016185000538826,0,0,0,0,0,0,0.00013728199974138988,False,False,False,False
study03_s23_llama1b_kv5120_cap3-10_generation_stagger_baseline,llama1b,5120,3,23,generation,stagger,baseline,1,256,768,0.05859464800050773,10.951554876000046,0.03495570100039913,0,0,0,0,0,0,0.00018856814132012234,False,False,False,False
study03_s23_llama1b_kv5120_cap3-10_generation_stagger_baseline,llama1b,5120,3,23,generation,stagger,baseline,2,256,768,0.05972388400005002,10.969712547999734,0.03017453399934311,0,0,0,0,0,0,8.174703482144441e-05,False,False,False,False
study03_s23_llama1b_kv5120_cap3-10_generation_stagger_baseline,llama1b,5120,3,23,generation,stagger,baseline,5,128,64,6.138755015000243,7.015125602000808,0.01706893300070078,0,0,0,0,0,0,8.41171744720981e-05,False,False,False,False
study03_s23_llama1b_kv5120_cap3-10_generation_stagger_baseline,llama1b,5120,3,23,generation,stagger,baseline,6,512,64,6.434924629000307,7.3304160280004,0.018644273999598227,0,0,0,0,0,0,0.00010742927176643491,False,False,False,False
study03_s23_llama1b_kv5120_cap3-10_generation_stagger_baseline,llama1b,5120,3,23,generation,stagger,baseline,7,128,64,6.623655684999903,7.511194460000297,0.018056209999485873,0,0,0,0,0,0,8.487716880267726e-05,False,False,False,False
study03_s23_llama1b_kv5120_cap3-10_generation_stagger_baseline,llama1b,5120,3,23,generation,stagger,baseline,3,128,768,1.2100602439995782,12.209315570999934,0.05863239600057568,0,0,0,0,0,0,8.619202726256603e-05,False,False,False,False
study03_s23_llama1b_kv5120_cap3-10_generation_stagger_baseline,llama1b,5120,3,23,generation,stagger,baseline,4,128,256,7.145319151999502,10.875999572999717,0.05877222399976745,0,0,0,0,0,0,9.527768405703796e-05,False,False,False,False
study03_s23_llama1b_kv5120_cap3-10_generation_stagger_baseline,llama1b,5120,3,23,generation,stagger,baseline,8,512,256,6.98124585000005,10.902038102000006,0.06396271500034345,0,0,0,0,0,0,0.00013617568956370008,False,False,False,False
study03_s23_llama1b_kv5120_cap3-10_generation_stagger_baseline,llama1b,5120,3,23,generation,stagger,baseline,9,256,256,7.23794361399996,11.208008249000159,0.06399670900009369,0,0,0,0,0,0,9.18199842887546e-05,False,False,False,False
study03_s23_llama1b_kv5120_cap3-10_generation_stagger_baseline,llama1b,5120,3,23,generation,stagger,baseline,11,256,64,6.01349719999962,6.975203699999838,0.019202223000320373,0,0,0,0,0,0,8.867205778884113e-05,False,False,False,False
study03_s23_llama1b_kv5120_cap3-10_generation_stagger_baseline,llama1b,5120,3,23,generation,stagger,baseline,10,512,768,5.490727097000672,16.70052511800077,0.03470702300000994,0,0,0,0,0,0,8.218803138504427e-05,False,False,False,False
study03_s23_llama1b_kv5120_cap3-11_balanced_burst_baseline,llama1b,5120,3,23,balanced,burst,baseline,2,256,128,0.09664637599962589,1.9863113069995961,0.02016391199958889,0,0,0,0,0,0,9.990299931814106e-05,False,False,False,False
study03_s23_llama1b_kv5120_cap3-11_balanced_burst_baseline,llama1b,5120,3,23,balanced,burst,baseline,3,512,64,2.010428108999804,2.9073256940000647,0.019370871000319312,0,0,0,0,0,0,8.301599937110549e-05,False,False,False,False
study03_s23_llama1b_kv5120_cap3-11_balanced_burst_baseline,llama1b,5120,3,23,balanced,burst,baseline,0,1024,256,0.11418160700031876,4.19725166400076,0.06251829899974837,0,0,0,0,0,0,0.00012036499902023934,False,False,False,False
study03_s23_llama1b_kv5120_cap3-11_balanced_burst_baseline,llama1b,5120,3,23,balanced,burst,baseline,4,512,128,2.9298728919993664,5.110053903999869,0.03499626899974828,0,0,0,0,0,0,8.708099976501016e-05,False,False,False,False
study03_s23_llama1b_kv5120_cap3-11_balanced_burst_baseline,llama1b,5120,3,23,balanced,burst,baseline,6,1024,128,5.137740003000545,7.020552227000735,0.02063897799962433,0,0,0,0,0,0,8.891299894453475e-05,False,False,False,False
study03_s23_llama1b_kv5120_cap3-11_balanced_burst_baseline,llama1b,5120,3,23,balanced,burst,baseline,5,128,256,3.9961562030002824,8.008102038000288,0.11203020199991442,0,0,0,0,0,0,9.400899944012053e-05,False,False,False,False
study03_s23_llama1b_kv5120_cap3-11_balanced_burst_baseline,llama1b,5120,3,23,balanced,burst,baseline,1,256,512,0.14677597199988668,8.225644731999637,0.11190075299964519,0,0,0,0,0,0,9.293599960073784e-05,False,False,False,False
study03_s23_llama1b_kv5120_cap3-11_balanced_burst_baseline,llama1b,5120,3,23,balanced,burst,baseline,9,128,64,7.9474554580001495,8.917044337000334,0.021369189999859373,0,0,0,0,0,0,0.0001104249993659212,False,False,False,False
study03_s23_llama1b_kv5120_cap3-11_balanced_burst_baseline,llama1b,5120,3,23,balanced,burst,baseline,7,512,256,7.045806191999873,11.050909237999804,0.09917610899992724,0,0,0,0,0,0,0.00011876799944726679,False,False,False,False
study03_s23_llama1b_kv5120_cap3-11_balanced_burst_baseline,llama1b,5120,3,23,balanced,burst,baseline,11,128,64,10.888148621000255,11.85528683099983,0.021093893999932334,0,0,0,0,0,0,0.00017796499942046573,False,False,False,False
study03_s23_llama1b_kv5120_cap3-11_balanced_burst_baseline,llama1b,5120,3,23,balanced,burst,baseline,8,1024,512,7.974643440000364,16.314222229000734,0.0349866540000221,0,0,0,0,0,0,7.707699896852827e-05,False,False,False,False
study03_s23_llama1b_kv5120_cap3-11_balanced_burst_baseline,llama1b,5120,3,23,balanced,burst,baseline,10,256,512,8.917324536999331,17.226917482999852,0.03485663200081035,0,0,0,0,0,0,0.00015241399978549452,False,False,False,False
study04_s23_llama1b_kv12288_cap12-00_generation_burst_adaptive,llama1b,12288,12,23,generation,burst,adaptive,5,128,64,0.05059430599976622,1.1809915690000707,0.061736926999401476,0,0,0,0,0,0,8.238000009441748e-05,False,False,False,False
study04_s23_llama1b_kv12288_cap12-00_generation_burst_adaptive,llama1b,12288,12,23,generation,burst,adaptive,6,512,64,0.09116428299967083,1.1743369420000818,0.06170820699935575,0,0,0,0,0,0,8.58200002766818e-05,False,False,False,False
study04_s23_llama1b_kv12288_cap12-00_generation_burst_adaptive,llama1b,12288,12,23,generation,burst,adaptive,7,128,64,0.08301209499950346,1.1542960029992173,0.06152165399998921,0,0,0,0,0,0,8.444600043727712e-05,False,False,False,False
study04_s23_llama1b_kv12288_cap12-00_generation_burst_adaptive,llama1b,12288,12,23,generation,burst,adaptive,11,256,64,0.10974296599943045,1.0394192859994291,0.018535701000473637,0,0,0,0,0,0,0.00016086300020101696,False,False,False,False
study04_s23_llama1b_kv12288_cap12-00_generation_burst_adaptive,llama1b,12288,12,23,generation,burst,adaptive,0,512,256,0.06637753399991198,4.038966798999354,0.061884936999376805,0,0,0,0,0,0,0.0002105920002577477,False,False,False,False
study04_s23_llama1b_kv12288_cap12-00_generation_burst_adaptive,llama1b,12288,12,23,generation,burst,adaptive,4,128,256,0.0474696720002612,3.953869902000406,0.0615293050004766,0,0,0,0,0,0,0.000128677999600757,False,False,False,False
study04_s23_llama1b_kv12288_cap12-00_generation_burst_adaptive,llama1b,12288,12,23,generation,burst,adaptive,8,512,256,0.09412510899983317,3.881195010999363,0.0593482349995611,0,0,0,0,0,0,0.00012738800032818798,False,False,False,False
study04_s23_llama1b_kv12288_cap12-00_generation_burst_adaptive,llama1b,12288,12,23,generation,burst,adaptive,9,256,256,0.0977185890005785,3.8568125380006677,0.06023343000015302,0,0,0,0,0,0,0.00012398299968480186,False,False,False,False
study04_s23_llama1b_kv12288_cap12-00_generation_burst_adaptive,llama1b,12288,12,23,generation,burst,adaptive,1,256,768,0.07134538399986923,11.165788704000079,0.06209816699993098,0,0,0,0,0,0,0.00011403400021663124,False,False,False,False
study04_s23_llama1b_kv12288_cap12-00_generation_burst_adaptive,llama1b,12288,12,23,generation,burst,adaptive,2,256,768,0.0724743649998345,11.143358475000241,0.061616037000021606,0,0,0,0,0,0,0.00010067799976240521,False,False,False,False
study04_s23_llama1b_kv12288_cap12-00_generation_burst_adaptive,llama1b,12288,12,23,generation,burst,adaptive,3,128,768,0.059854076000192435,11.120144350999908,0.06128988699947513,0,0,0,0,0,0,9.071199983734513e-05,False,False,False,False
study04_s23_llama1b_kv12288_cap12-00_generation_burst_adaptive,llama1b,12288,12,23,generation,burst,adaptive,10,512,768,0.10778286100048717,10.946089476999987,0.035634709000078146,0,0,0,0,0,0,0.00015869799972278997,False,False,False,False
study04_s23_llama1b_kv12288_cap12-01_balanced_stagger_fixed,llama1b,12288,12,23,balanced,stagger,fixed,3,512,64,0.08751109400054702,0.9973098790005679,0.05927404700014449,0,0,0,0,0,0,7.576095308392539e-05,False,False,False,False
study04_s23_llama1b_kv12288_cap12-01_balanced_stagger_fixed,llama1b,12288,12,23,balanced,stagger,fixed,0,1024,256,0.10872766499960562,3.6878837029998977,0.059285796000040136,0,0,0,0,0,0,0.00011804999940068228,False,False,False,False
study04_s23_llama1b_kv12288_cap12-01_balanced_stagger_fixed,llama1b,12288,12,23,balanced,stagger,fixed,2,256,128,0.055741512999702536,1.8720020920000024,0.059142028999303875,0,0,0,0,0,0,0.00010982091473943356,False,False,False,False
study04_s23_llama1b_kv12288_cap12-01_balanced_stagger_fixed,llama1b,12288,12,23,balanced,stagger,fixed,4,512,128,0.08339194400014094,1.8101036830003068,0.020716304999950808,0,0,0,0,0,0,7.247011422961691e-05,False,False,False,False
study04_s23_llama1b_kv12288_cap12-01_balanced_stagger_fixed,llama1b,12288,12,23,balanced,stagger,fixed,6,1024,128,0.13415313699988474,1.8983762220004792,0.06101328499971714,0,0,0,0,0,0,7.866960924474142e-05,False,False,False,False
study04_s23_llama1b_kv12288_cap12-01_balanced_stagger_fixed,llama1b,12288,12,23,balanced,stagger,fixed,5,128,256,0.038319432999742276,3.7272319519997836,0.11078480800006218,0,0,0,0,0,0,7.721222245393733e-05,False,False,False,False
study04_s23_llama1b_kv12288_cap12-01_balanced_stagger_fixed,llama1b,12288,12,23,balanced,stagger,fixed,1,256,512,0.0640675349995945,7.332395366000128,0.11086511000030441,0,0,0,0,0,0,0.00011186716084055082,False,False,False,False
study04_s23_llama1b_kv12288_cap12-01_balanced_stagger_fixed,llama1b,12288,12,23,balanced,stagger,fixed,7,512,256,0.07989893200010556,3.6283076110003094,0.11078004900082306,0,0,0,0,0,0,0.00011148379204595216,False,False,False,False
study04_s23_llama1b_kv12288_cap12-01_balanced_stagger_fixed,llama1b,12288,12,23,balanced,stagger,fixed,9,128,64,0.04483204200005275,0.9162017179996838,0.034317261000069266,0,0,0,0,0,0,0.00012755774506700845,False,False,False,False
study04_s23_llama1b_kv12288_cap12-01_balanced_stagger_fixed,llama1b,12288,12,23,balanced,stagger,fixed,11,128,64,0.04550847100017563,0.8947119360000215,0.01597714099989389,0,0,0,0,0,0,7.754769803014483e-05,False,False,False,False
study04_s23_llama1b_kv12288_cap12-01_balanced_stagger_fixed,llama1b,12288,12,23,balanced,stagger,fixed,8,1024,512,0.14537837899933947,7.058412434999809,0.03429786000015156,0,0,0,0,0,0,7.122186600128089e-05,False,False,False,False
study04_s23_llama1b_kv12288_cap12-01_balanced_stagger_fixed,llama1b,12288,12,23,balanced,stagger,fixed,10,256,512,0.05930932899991603,6.855585224000606,0.019486376999338972,0,0,0,0,0,0,8.753096400226923e-05,False,False,False,False
study04_s23_llama1b_kv12288_cap12-02_balanced_burst_baseline,llama1b,12288,12,23,balanced,burst,baseline,3,512,64,0.11013611100042908,1.3786696120005217,0.12212056299995311,0,0,0,0,0,0,0.00014648399937866596,False,False,False,False
study04_s23_llama1b_kv12288_cap12-02_balanced_burst_baseline,llama1b,12288,12,23,balanced,burst,baseline,9,128,64,0.21249823600010131,1.165023759000178,0.038359635999768216,0,0,0,0,0,0,9.483199919485541e-05,False,False,False,False
study04_s23_llama1b_kv12288_cap12-02_balanced_burst_baseline,llama1b,12288,12,23,balanced,burst,baseline,11,128,64,0.17334610399939265,1.0961798660000568,0.01747726000030525,0,0,0,0,0,0,8.715199983266864e-05,False,False,False,False
study04_s23_llama1b_kv12288_cap12-02_balanced_burst_baseline,llama1b,12288,12,23,balanced,burst,baseline,2,256,128,0.08362853399921732,2.3346914139992805,0.12243623500035028,0,0,0,0,0,0,9.96829998257398e-05,False,False,False,False
study04_s23_llama1b_kv12288_cap12-02_balanced_burst_baseline,llama1b,12288,12,23,balanced,burst,baseline,4,512,128,0.14651239199974952,2.2920822999994925,0.12244840800030943,0,0,0,0,0,0,0.00010488099978828158,False,False,False,False
study04_s23_llama1b_kv12288_cap12-02_balanced_burst_baseline,llama1b,12288,12,23,balanced,burst,baseline,6,1024,128,0.17645921999974234,2.222716477999711,0.12275465599941526,0,0,0,0,0,0,0.00011736799951900245,False,False,False,False
study04_s23_llama1b_kv12288_cap12-02_balanced_burst_baseline,llama1b,12288,12,23,balanced,burst,baseline,0,1024,256,0.10610218699912366,4.244550325999626,0.12226926000039384,0,0,0,0,0,0,9.551499988447176e-05,False,False,False,False
study04_s23_llama1b_kv12288_cap12-02_balanced_burst_baseline,llama1b,12288,12,23,balanced,burst,baseline,5,128,256,0.09669401100018149,4.077985836000153,0.12243132799994783,0,0,0,0,0,0,8.559799971408211e-05,False,False,False,False
study04_s23_llama1b_kv12288_cap12-02_balanced_burst_baseline,llama1b,12288,12,23,balanced,burst,baseline,7,512,256,0.18998598999951355,4.018614741999954,0.12242110100032733,0,0,0,0,0,0,8.061699954847734e-05,False,False,False,False
study04_s23_llama1b_kv12288_cap12-02_balanced_burst_baseline,llama1b,12288,12,23,balanced,burst,baseline,1,256,512,0.13371574499979033,7.7546368000002985,0.12264986699938163,0,0,0,0,0,0,9.154099934675919e-05,False,False,False,False
study04_s23_llama1b_kv12288_cap12-02_balanced_burst_baseline,llama1b,12288,12,23,balanced,burst,baseline,8,1024,512,0.2620774920005715,7.51145004800037,0.03887356699942757,0,0,0,0,0,0,8.174199920174541e-05,False,False,False,False
study04_s23_llama1b_kv12288_cap12-02_balanced_burst_baseline,llama1b,12288,12,23,balanced,burst,baseline,10,256,512,0.20117494799978886,7.416751066999495,0.022203653999895323,0,0,0,0,0,0,0.0001377079997837427,False,False,False,False
study04_s23_llama1b_kv12288_cap12-03_generation_burst_fixed,llama1b,12288,12,23,generation,burst,fixed,5,128,64,0.04283729700000549,1.1322393569998894,0.06206107100024383,0,0,0,0,0,0,7.961499977682251e-05,False,False,False,False
study04_s23_llama1b_kv12288_cap12-03_generation_burst_fixed,llama1b,12288,12,23,generation,burst,fixed,6,512,64,0.08353826499933348,1.1231293450000521,0.06100764500024525,0,0,0,0,0,0,0.00011371000000504061,False,False,False,False
study04_s23_llama1b_kv12288_cap12-03_generation_burst_fixed,llama1b,12288,12,23,generation,burst,fixed,7,128,64,0.06994014400061133,1.1007471910006643,0.06096122500002821,0,0,0,0,0,0,0.00011835599925685836,False,False,False,False
study04_s23_llama1b_kv12288_cap12-03_generation_burst_fixed,llama1b,12288,12,23,generation,burst,fixed,11,256,64,0.11636316500062094,0.9994915100005528,0.01656022099996335,0,0,0,0,0,0,8.04549992607928e-05,False,False,False,False
study04_s23_llama1b_kv12288_cap12-03_generation_burst_fixed,llama1b,12288,12,23,generation,burst,fixed,0,512,256,0.05789367399938783,3.884022258999721,0.061857180000515655,0,0,0,0,0,0,0.00012505999984568916,False,False,False,False
study04_s23_llama1b_kv12288_cap12-03_generation_burst_fixed,llama1b,12288,12,23,generation,burst,fixed,4,128,256,0.04220358800012036,3.811421710999639,0.061985526000171376,0,0,0,0,0,0,9.81119999778346e-05,False,False,False,False
study04_s23_llama1b_kv12288_cap12-03_generation_burst_fixed,llama1b,12288,12,23,generation,burst,fixed,8,512,256,0.09617543099921022,3.7486309719997735,0.06103493199952936,0,0,0,0,0,0,0.00016852400003697365,False,False,False,False
study04_s23_llama1b_kv12288_cap12-03_generation_burst_fixed,llama1b,12288,12,23,generation,burst,fixed,9,256,256,0.10146553599952313,3.7251578079994943,0.06067004699980316,0,0,0,0,0,0,8.413699997616986e-05,False,False,False,False
study04_s23_llama1b_kv12288_cap12-03_generation_burst_fixed,llama1b,12288,12,23,generation,burst,fixed,1,256,768,0.053752505000375095,10.950061694999931,0.062232381000285386,0,0,0,0,0,0,0.00014795099941693202,False,False,False,False
study04_s23_llama1b_kv12288_cap12-03_generation_burst_fixed,llama1b,12288,12,23,generation,burst,fixed,2,256,768,0.0550435679997463,10.927798061999965,0.06238295899947843,0,0,0,0,0,0,0.00012546699999801958,False,False,False,False
study04_s23_llama1b_kv12288_cap12-03_generation_burst_fixed,llama1b,12288,12,23,generation,burst,fixed,3,128,768,0.04169769200052542,10.904317549000552,0.06211519299995416,0,0,0,0,0,0,0.00011378999952282864,False,False,False,False
study04_s23_llama1b_kv12288_cap12-03_generation_burst_fixed,llama1b,12288,12,23,generation,burst,fixed,10,512,768,0.11204387899942958,10.75706833499953,0.03849408600035531,0,0,0,0,0,0,0.00010298300003341865,False,False,False,False
study04_s23_llama1b_kv12288_cap12-04_balanced_stagger_adaptive,llama1b,12288,12,23,balanced,stagger,adaptive,3,512,64,0.0875550420005311,1.0006923159999133,0.06178168399947026,0,0,0,0,0,0,0.00013262095385213613,False,False,False,False
study04_s23_llama1b_kv12288_cap12-04_balanced_stagger_adaptive,llama1b,12288,12,23,balanced,stagger,adaptive,0,1024,256,0.11174645499977487,3.722373644000072,0.06190015000083804,0,0,0,0,0,0,0.0001735599998937687,False,False,False,False
study04_s23_llama1b_kv12288_cap12-04_balanced_stagger_adaptive,llama1b,12288,12,23,balanced,stagger,adaptive,2,256,128,0.06618810700001632,1.9113576419995297,0.06212404300003982,0,0,0,0,0,0,0.00010442091545792564,False,False,False,False
study04_s23_llama1b_kv12288_cap12-04_balanced_stagger_adaptive,llama1b,12288,12,23,balanced,stagger,adaptive,4,512,128,0.08443672099929245,1.8285779349998847,0.021090519000608765,0,0,0,0,0,0,8.274511516148664e-05,False,False,False,False
study04_s23_llama1b_kv12288_cap12-04_balanced_stagger_adaptive,llama1b,12288,12,23,balanced,stagger,adaptive,6,1024,128,0.14207322000038403,2.026379719000033,0.05605531300079747,0,0,0,0,0,0,8.880860979587624e-05,False,False,False,False
study04_s23_llama1b_kv12288_cap12-04_balanced_stagger_adaptive,llama1b,12288,12,23,balanced,stagger,adaptive,5,128,256,0.04316059699976904,3.9038785680004366,0.11066388899962476,0,0,0,0,0,0,8.426722287779853e-05,False,False,False,False
study04_s23_llama1b_kv12288_cap12-04_balanced_stagger_adaptive,llama1b,12288,12,23,balanced,stagger,adaptive,1,256,512,0.06221271300000808,7.578337399000702,0.11063820700019278,0,0,0,0,0,0,9.787416102924329e-05,False,False,False,False
study04_s23_llama1b_kv12288_cap12-04_balanced_stagger_adaptive,llama1b,12288,12,23,balanced,stagger,adaptive,7,512,256,0.0737537009999869,4.074340342000141,0.09557639300055598,0,0,0,0,0,0,8.018479335358819e-05,False,False,False,False
study04_s23_llama1b_kv12288_cap12-04_balanced_stagger_adaptive,llama1b,12288,12,23,balanced,stagger,adaptive,9,128,64,0.05968930300059583,0.9816532720005853,0.034251559999574965,0,0,0,0,0,0,9.792374559225436e-05,False,False,False,False
study04_s23_llama1b_kv12288_cap12-04_balanced_stagger_adaptive,llama1b,12288,12,23,balanced,stagger,adaptive,11,128,64,0.05089375100033067,0.937879740000426,0.019152157000462466,0,0,0,0,0,0,8.877969839105049e-05,False,False,False,False
study04_s23_llama1b_kv12288_cap12-04_balanced_stagger_adaptive,llama1b,12288,12,23,balanced,stagger,adaptive,8,1024,512,0.12659239000004163,7.669540548999976,0.034327692999795545,0,0,0,0,0,0,0.00022741186587182938,False,False,False,False
study04_s23_llama1b_kv12288_cap12-04_balanced_stagger_adaptive,llama1b,12288,12,23,balanced,stagger,adaptive,10,256,512,0.062022265000450716,7.462323238000863,0.023242411999490287,0,0,0,0,0,0,7.30739645504741e-05,False,False,False,False
study04_s23_llama1b_kv12288_cap12-05_balanced_stagger_baseline,llama1b,12288,12,23,balanced,stagger,baseline,3,512,64,0.0895107670003199,1.0829714439996678,0.06401128000015888,0,0,0,0,0,0,7.703295327443627e-05,False,False,False,False
study04_s23_llama1b_kv12288_cap12-05_balanced_stagger_baseline,llama1b,12288,12,23,balanced,stagger,baseline,0,1024,256,0.12061477400038711,4.007410508999783,0.0639496430003419,0,0,0,0,0,0,0.00012450799931684742,False,False,False,False
study04_s23_llama1b_kv12288_cap12-05_balanced_stagger_baseline,llama1b,12288,12,23,balanced,stagger,baseline,2,256,128,0.05670126000040909,2.061382568999761,0.0642496200007372,0,0,0,0,0,0,8.978791422942223e-05,False,False,False,False
study04_s23_llama1b_kv12288_cap12-05_balanced_stagger_baseline,llama1b,12288,12,23,balanced,stagger,baseline,4,512,128,0.0905358050003997,1.9524423809998552,0.027940101000240247,0,0,0,0,0,0,7.684511389172144e-05,False,False,False,False
study04_s23_llama1b_kv12288_cap12-05_balanced_stagger_baseline,llama1b,12288,12,23,balanced,stagger,baseline,6,1024,128,0.13317208999978902,1.9354675109998425,0.0605802300005962,0,0,0,0,0,0,7.614360958285715e-05,False,False,False,False
study04_s23_llama1b_kv12288_cap12-05_balanced_stagger_baseline,llama1b,12288,12,23,balanced,stagger,baseline,5,128,256,0.04353218899996136,3.862334653000289,0.11607650599944463,0,0,0,0,0,0,0.00010780522224607125,False,False,False,False
study04_s23_llama1b_kv12288_cap12-05_balanced_stagger_baseline,llama1b,12288,12,23,balanced,stagger,baseline,1,256,512,0.060575060999326524,7.795449002999703,0.11580133799998293,0,0,0,0,0,0,0.00011517416088324683,False,False,False,False
study04_s23_llama1b_kv12288_cap12-05_balanced_stagger_baseline,llama1b,12288,12,23,balanced,stagger,baseline,7,512,256,0.09259199299958709,3.8876679799996054,0.11599807200036594,0,0,0,0,0,0,0.0002039187926703434,False,False,False,False
study04_s23_llama1b_kv12288_cap12-05_balanced_stagger_baseline,llama1b,12288,12,23,balanced,stagger,baseline,9,128,64,0.05409127399980207,0.9737531290002153,0.035423361000539444,0,0,0,0,0,0,0.00013784474496247867,False,False,False,False
study04_s23_llama1b_kv12288_cap12-05_balanced_stagger_baseline,llama1b,12288,12,23,balanced,stagger,baseline,11,128,64,0.04436312400048337,0.9481320520008012,0.02133232300002419,0,0,0,0,0,0,0.00012094769744308564,False,False,False,False
study04_s23_llama1b_kv12288_cap12-05_balanced_stagger_baseline,llama1b,12288,12,23,balanced,stagger,baseline,8,1024,512,0.1404064299995298,7.546915955000259,0.03515469000012672,0,0,0,0,0,0,9.8718865793046e-05,False,False,False,False
study04_s23_llama1b_kv12288_cap12-05_balanced_stagger_baseline,llama1b,12288,12,23,balanced,stagger,baseline,10,256,512,0.06181915300021501,7.222249086999909,0.02372594799999206,0,0,0,0,0,0,8.328896429787847e-05,False,False,False,False
study04_s23_llama1b_kv12288_cap12-06_balanced_burst_fixed,llama1b,12288,12,23,balanced,burst,fixed,3,512,64,0.12385923700003332,1.4400287870003012,0.12936389400056214,0,0,0,0,0,0,8.541699899067279e-05,False,False,False,False
study04_s23_llama1b_kv12288_cap12-06_balanced_burst_fixed,llama1b,12288,12,23,balanced,burst,fixed,9,128,64,0.22147202500036656,1.2126023740001983,0.03997928500029957,0,0,0,0,0,0,8.634999885542838e-05,False,False,False,False
study04_s23_llama1b_kv12288_cap12-06_balanced_burst_fixed,llama1b,12288,12,23,balanced,burst,fixed,11,128,64,0.18424603099992964,1.1455083900000318,0.01861603900033515,0,0,0,0,0,0,0.0001351969996903346,False,False,False,False
study04_s23_llama1b_kv12288_cap12-06_balanced_burst_fixed,llama1b,12288,12,23,balanced,burst,fixed,2,256,128,0.0940562019995923,2.423402294999505,0.1291699889998199,0,0,0,0,0,0,6.509399954665596e-05,False,False,False,False
study04_s23_llama1b_kv12288_cap12-06_balanced_burst_fixed,llama1b,12288,12,23,balanced,burst,fixed,4,512,128,0.13916559200060874,2.364763898000092,0.12902026000028854,0,0,0,0,0,0,0.00016110499909699483,False,False,False,False
study04_s23_llama1b_kv12288_cap12-06_balanced_burst_fixed,llama1b,12288,12,23,balanced,burst,fixed,6,1024,128,0.17356320100043376,2.293814012999974,0.12909806500010745,0,0,0,0,0,0,6.949999915373262e-05,False,False,False,False
study04_s23_llama1b_kv12288_cap12-06_balanced_burst_fixed,llama1b,12288,12,23,balanced,burst,fixed,0,1024,256,0.11446231000081752,4.321480671000245,0.1297409159997187,0,0,0,0,0,0,0.00011241799893468851,False,False,False,False
study04_s23_llama1b_kv12288_cap12-06_balanced_burst_fixed,llama1b,12288,12,23,balanced,burst,fixed,5,128,256,0.11542873899998085,4.154763197000648,0.12886672700005875,0,0,0,0,0,0,9.113299893215299e-05,False,False,False,False
study04_s23_llama1b_kv12288_cap12-06_balanced_burst_fixed,llama1b,12288,12,23,balanced,burst,fixed,7,512,256,0.19245062099980714,4.0834336049993,0.12917440099954547,0,0,0,0,0,0,0.00012888799974458687,False,False,False,False
study04_s23_llama1b_kv12288_cap12-06_balanced_burst_fixed,llama1b,12288,12,23,balanced,burst,fixed,1,256,512,0.1439295249992938,7.854879201999211,0.12943156300025294,0,0,0,0,0,0,0.00012230099964653796,False,False,False,False
study04_s23_llama1b_kv12288_cap12-06_balanced_burst_fixed,llama1b,12288,12,23,balanced,burst,fixed,8,1024,512,0.2717653390000123,7.5978056990006735,0.03940008700010367,0,0,0,0,0,0,0.00022186999885887015,False,False,False,False
study04_s23_llama1b_kv12288_cap12-06_balanced_burst_fixed,llama1b,12288,12,23,balanced,burst,fixed,10,256,512,0.2111834130000716,7.503155044999403,0.023381919999337697,0,0,0,0,0,0,0.00010599599954730365,False,False,False,False
study04_s23_llama1b_kv12288_cap12-07_generation_stagger_baseline,llama1b,12288,12,23,generation,stagger,baseline,0,512,256,0.05688435799947911,3.659270129000106,0.035353631999896606,0,0,0,0,0,0,0.00011509399973874679,False,False,False,False
study04_s23_llama1b_kv12288_cap12-07_generation_stagger_baseline,llama1b,12288,12,23,generation,stagger,baseline,5,128,64,0.05202168499999971,1.001831322999351,0.06119751799997175,0,0,0,0,0,0,8.357317476814785e-05,False,False,False,False
study04_s23_llama1b_kv12288_cap12-07_generation_stagger_baseline,llama1b,12288,12,23,generation,stagger,baseline,6,512,64,0.07947870300085924,0.9896382300003097,0.027098302000013064,0,0,0,0,0,0,9.056127098183708e-05,False,False,False,False
study04_s23_llama1b_kv12288_cap12-07_generation_stagger_baseline,llama1b,12288,12,23,generation,stagger,baseline,7,128,64,0.05920551999952295,1.025382534999153,0.05936286300038773,0,0,0,0,0,0,8.07161686964264e-05,False,False,False,False
study04_s23_llama1b_kv12288_cap12-07_generation_stagger_baseline,llama1b,12288,12,23,generation,stagger,baseline,4,128,256,0.05435888100055308,3.834058620000178,0.06121852399974159,0,0,0,0,0,0,0.00010890268321261942,False,False,False,False
study04_s23_llama1b_kv12288_cap12-07_generation_stagger_baseline,llama1b,12288,12,23,generation,stagger,baseline,8,512,256,0.08640492599988647,3.7971843479999734,0.06260759100041469,0,0,0,0,0,0,0.00012110068937154495,False,False,False,False
study04_s23_llama1b_kv12288_cap12-07_generation_stagger_baseline,llama1b,12288,12,23,generation,stagger,baseline,9,256,256,0.05852170500020293,3.7389642360003563,0.06255200399937166,0,0,0,0,0,0,9.46909834853571e-05,False,False,False,False
study04_s23_llama1b_kv12288_cap12-07_generation_stagger_baseline,llama1b,12288,12,23,generation,stagger,baseline,1,256,768,0.06185565699979634,11.125807254999927,0.06289059000027919,0,0,0,0,0,0,7.82911411166265e-05,False,False,False,False
study04_s23_llama1b_kv12288_cap12-07_generation_stagger_baseline,llama1b,12288,12,23,generation,stagger,baseline,2,256,768,0.0518836690007447,11.12458591900031,0.06265979100044206,0,0,0,0,0,0,7.550603397465938e-05,False,False,False,False
study04_s23_llama1b_kv12288_cap12-07_generation_stagger_baseline,llama1b,12288,12,23,generation,stagger,baseline,11,256,64,0.06431803400028002,0.9727179940000497,0.018447253999511304,0,0,0,0,0,0,8.293305709017318e-05,False,False,False,False
study04_s23_llama1b_kv12288_cap12-07_generation_stagger_baseline,llama1b,12288,12,23,generation,stagger,baseline,3,128,768,0.053054374000566895,11.191761086000042,0.06279188200005592,0,0,0,0,0,0,7.735002618280973e-05,False,False,False,False
study04_s23_llama1b_kv12288_cap12-07_generation_stagger_baseline,llama1b,12288,12,23,generation,stagger,baseline,10,512,768,0.08469082699957653,11.028007573999275,0.03964690100019652,0,0,0,0,0,0,5.949703169960685e-05,False,False,False,False
study04_s23_llama1b_kv12288_cap12-08_balanced_burst_adaptive,llama1b,12288,12,23,balanced,burst,adaptive,3,512,64,0.11369467500026076,1.4439723129999038,0.12709128700043948,0,0,0,0,0,0,8.935899913919965e-05,False,False,False,False
study04_s23_llama1b_kv12288_cap12-08_balanced_burst_adaptive,llama1b,12288,12,23,balanced,burst,adaptive,9,128,64,0.22697837299983803,1.2352604950001478,0.04417488699982641,0,0,0,0,0,0,9.346899951195864e-05,False,False,False,False
study04_s23_llama1b_kv12288_cap12-08_balanced_burst_adaptive,llama1b,12288,12,23,balanced,burst,adaptive,11,128,64,0.19016870599989488,1.1669407589997718,0.02212947299994994,0,0,0,0,0,0,7.152599955584371e-05,False,False,False,False
study04_s23_llama1b_kv12288_cap12-08_balanced_burst_adaptive,llama1b,12288,12,23,balanced,burst,adaptive,2,256,128,0.08281765599986102,2.43048968399944,0.12677360300040164,0,0,0,0,0,0,0.00012512999946920345,False,False,False,False
study04_s23_llama1b_kv12288_cap12-08_balanced_burst_adaptive,llama1b,12288,12,23,balanced,burst,adaptive,4,512,128,0.15229969700067159,2.3911414170006537,0.1273835699994379,0,0,0,0,0,0,0.00010927299881585695,False,False,False,False
study04_s23_llama1b_kv12288_cap12-08_balanced_burst_adaptive,llama1b,12288,12,23,balanced,burst,adaptive,6,1024,128,0.1842279200000121,2.3186955279998074,0.1272843329998068,0,0,0,0,0,0,7.342999942916428e-05,False,False,False,False
study04_s23_llama1b_kv12288_cap12-08_balanced_burst_adaptive,llama1b,12288,12,23,balanced,burst,adaptive,0,1024,256,0.10515875100008998,4.387129833000472,0.12699554400023771,0,0,0,0,0,0,0.00018488299883756554,False,False,False,False
study04_s23_llama1b_kv12288_cap12-08_balanced_burst_adaptive,llama1b,12288,12,23,balanced,burst,adaptive,5,128,256,0.10215088499990088,4.222353189000387,0.12728061200050433,0,0,0,0,0,0,0.00013790699904348003,False,False,False,False
study04_s23_llama1b_kv12288_cap12-08_balanced_burst_adaptive,llama1b,12288,12,23,balanced,burst,adaptive,7,512,256,0.1995041720001609,4.172855804000392,0.12723673399977997,0,0,0,0,0,0,8.801599906288482e-05,False,False,False,False
study04_s23_llama1b_kv12288_cap12-08_balanced_burst_adaptive,llama1b,12288,12,23,balanced,burst,adaptive,1,256,512,0.132729432000815,8.141257278000012,0.1267805359993872,0,0,0,0,0,0,9.378599879709959e-05,False,False,False,False
study04_s23_llama1b_kv12288_cap12-08_balanced_burst_adaptive,llama1b,12288,12,23,balanced,burst,adaptive,8,1024,512,0.27667717399981484,7.912479214999621,0.04432016000009753,0,0,0,0,0,0,9.031799945657948e-05,False,False,False,False
study04_s23_llama1b_kv12288_cap12-08_balanced_burst_adaptive,llama1b,12288,12,23,balanced,burst,adaptive,10,256,512,0.22127144899968698,7.814922180999929,0.022080559000642097,0,0,0,0,0,0,0.00013014699925406603,False,False,False,False
study04_s23_llama1b_kv12288_cap12-09_generation_stagger_adaptive,llama1b,12288,12,23,generation,stagger,adaptive,0,512,256,0.06383019400072953,3.7666668560004837,0.03925201699985337,0,0,0,0,0,0,0.00010219099931418896,False,False,False,False
study04_s23_llama1b_kv12288_cap12-09_generation_stagger_adaptive,llama1b,12288,12,23,generation,stagger,adaptive,5,128,64,0.05408873000033054,1.0181727940007477,0.06202996499996516,0,0,0,0,0,0,8.642217419740916e-05,False,False,False,False
study04_s23_llama1b_kv12288_cap12-09_generation_stagger_adaptive,llama1b,12288,12,23,generation,stagger,adaptive,6,512,64,0.08373774600022443,1.004421708999871,0.02178449500024726,0,0,0,0,0,0,0.00011896527164090287,False,False,False,False
study04_s23_llama1b_kv12288_cap12-09_generation_stagger_adaptive,llama1b,12288,12,23,generation,stagger,adaptive,7,128,64,0.04638230599994131,1.0215903490006895,0.06229342300048302,0,0,0,0,0,0,8.587516825286912e-05,False,False,False,False
study04_s23_llama1b_kv12288_cap12-09_generation_stagger_adaptive,llama1b,12288,12,23,generation,stagger,adaptive,4,128,256,0.042317508999985876,3.8205598250006005,0.06219838600009098,0,0,0,0,0,0,0.00013149868344797255,False,False,False,False
study04_s23_llama1b_kv12288_cap12-09_generation_stagger_adaptive,llama1b,12288,12,23,generation,stagger,adaptive,8,512,256,0.09391939799934335,3.839941823999652,0.057755074999477074,0,0,0,0,0,0,8.244268983226277e-05,False,False,False,False
study04_s23_llama1b_kv12288_cap12-09_generation_stagger_adaptive,llama1b,12288,12,23,generation,stagger,adaptive,9,256,256,0.06513967199953186,3.787794985999426,0.05772902100034116,0,0,0,0,0,0,9.438398445826834e-05,False,False,False,False
study04_s23_llama1b_kv12288_cap12-09_generation_stagger_adaptive,llama1b,12288,12,23,generation,stagger,adaptive,1,256,768,0.062388424000346276,11.272058872999878,0.062172491999263,0,0,0,0,0,0,8.125414115928153e-05,False,False,False,False
study04_s23_llama1b_kv12288_cap12-09_generation_stagger_adaptive,llama1b,12288,12,23,generation,stagger,adaptive,2,256,768,0.055005524000080186,11.241954163000628,0.06190933899961237,0,0,0,0,0,0,9.11420341457303e-05,False,False,False,False
study04_s23_llama1b_kv12288_cap12-09_generation_stagger_adaptive,llama1b,12288,12,23,generation,stagger,adaptive,11,256,64,0.06512116100020648,0.9270911479998176,0.018176004999986617,0,0,0,0,0,0,9.254305732397938e-05,False,False,False,False
study04_s23_llama1b_kv12288_cap12-09_generation_stagger_adaptive,llama1b,12288,12,23,generation,stagger,adaptive,3,128,768,0.05007323199970415,11.151670305999687,0.06197282599987375,0,0,0,0,0,0,7.123202721848187e-05,False,False,False,False
study04_s23_llama1b_kv12288_cap12-09_generation_stagger_adaptive,llama1b,12288,12,23,generation,stagger,adaptive,10,512,768,0.07712935899962758,10.617096809999566,0.03210820000003878,0,0,0,0,0,0,9.511803197881363e-05,False,False,False,False
study04_s23_llama1b_kv12288_cap12-10_generation_burst_baseline,llama1b,12288,12,23,generation,burst,baseline,5,128,64,0.05287128500003746,1.1643966159999763,0.0636553249996723,0,0,0,0,0,0,0.00012527099988801638,False,False,False,False
study04_s23_llama1b_kv12288_cap12-10_generation_burst_baseline,llama1b,12288,12,23,generation,burst,baseline,6,512,64,0.09344608100036567,1.1553127570005017,0.06363642399992386,0,0,0,0,0,0,0.00011487599949755456,False,False,False,False
study04_s23_llama1b_kv12288_cap12-10_generation_burst_baseline,llama1b,12288,12,23,generation,burst,baseline,7,128,64,0.08784559800005809,1.133386024000174,0.06326094999985798,0,0,0,0,0,0,8.252999978136666e-05,False,False,False,False
study04_s23_llama1b_kv12288_cap12-10_generation_burst_baseline,llama1b,12288,12,23,generation,burst,baseline,11,256,64,0.1180139699999927,1.0159006379999482,0.016688288999830547,0,0,0,0,0,0,0.00013886100005033875,False,False,False,False
study04_s23_llama1b_kv12288_cap12-10_generation_burst_baseline,llama1b,12288,12,23,generation,burst,baseline,0,512,256,0.059130897999239096,3.994264545999613,0.0638144859995009,0,0,0,0,0,0,9.943700024450663e-05,False,False,False,False
study04_s23_llama1b_kv12288_cap12-10_generation_burst_baseline,llama1b,12288,12,23,generation,burst,baseline,4,128,256,0.05079278799985332,3.9266309720005665,0.06356547599989426,0,0,0,0,0,0,8.601999961682649e-05,False,False,False,False
study04_s23_llama1b_kv12288_cap12-10_generation_burst_baseline,llama1b,12288,12,23,generation,burst,baseline,8,512,256,0.09591025000008813,3.8564164220006205,0.0634391539997523,0,0,0,0,0,0,9.250899947799152e-05,False,False,False,False
study04_s23_llama1b_kv12288_cap12-10_generation_burst_baseline,llama1b,12288,12,23,generation,burst,baseline,9,256,256,0.10272103799979959,3.8365540220002003,0.06335830399984843,0,0,0,0,0,0,0.00013106799979140105,False,False,False,False
study04_s23_llama1b_kv12288_cap12-10_generation_burst_baseline,llama1b,12288,12,23,generation,burst,baseline,1,256,768,0.060842251000394754,11.402888614999938,0.06319191100010357,0,0,0,0,0,0,8.76409996635602e-05,False,False,False,False
study04_s23_llama1b_kv12288_cap12-10_generation_burst_baseline,llama1b,12288,12,23,generation,burst,baseline,2,256,768,0.06084930999986682,11.379868345999967,0.0632417639999403,0,0,0,0,0,0,8.747200026845703e-05,False,False,False,False
study04_s23_llama1b_kv12288_cap12-10_generation_burst_baseline,llama1b,12288,12,23,generation,burst,baseline,3,128,768,0.051052453000011155,11.360711915000138,0.06363344300007157,0,0,0,0,0,0,7.843999956091974e-05,False,False,False,False
study04_s23_llama1b_kv12288_cap12-10_generation_burst_baseline,llama1b,12288,12,23,generation,burst,baseline,10,512,768,0.1161930090001988,11.208377749000647,0.03607311700034188,0,0,0,0,0,0,9.592599963070825e-05,False,False,False,False
study04_s23_llama1b_kv12288_cap12-11_generation_stagger_fixed,llama1b,12288,12,23,generation,stagger,fixed,0,512,256,0.060905213999831176,3.690829446999487,0.03613309499996831,0,0,0,0,0,0,0.0001972069994735648,False,False,False,False
study04_s23_llama1b_kv12288_cap12-11_generation_stagger_fixed,llama1b,12288,12,23,generation,stagger,fixed,5,128,64,0.05003851699984807,1.01517935100037,0.06096619300024031,0,0,0,0,0,0,8.150717387955808e-05,False,False,False,False
study04_s23_llama1b_kv12288_cap12-11_generation_stagger_fixed,llama1b,12288,12,23,generation,stagger,fixed,6,512,64,0.08470567999938794,0.9991331119999813,0.02009073699991859,0,0,0,0,0,0,9.142227142611148e-05,False,False,False,False
study04_s23_llama1b_kv12288_cap12-11_generation_stagger_fixed,llama1b,12288,12,23,generation,stagger,fixed,7,128,64,0.04293005099953007,1.0036975639995944,0.05791779800074437,0,0,0,0,0,0,0.00010903616842483643,False,False,False,False
study04_s23_llama1b_kv12288_cap12-11_generation_stagger_fixed,llama1b,12288,12,23,generation,stagger,fixed,4,128,256,0.05064963699987857,3.830224547999933,0.06034592200012412,0,0,0,0,0,0,8.899468365441976e-05,False,False,False,False
study04_s23_llama1b_kv12288_cap12-11_generation_stagger_fixed,llama1b,12288,12,23,generation,stagger,fixed,8,512,256,0.07690179899964278,3.824278996999965,0.06063474199982011,0,0,0,0,0,0,8.08526893667505e-05,False,False,False,False
study04_s23_llama1b_kv12288_cap12-11_generation_stagger_fixed,llama1b,12288,12,23,generation,stagger,fixed,9,256,256,0.06487320700034616,3.7863014109998403,0.06056344000080571,0,0,0,0,0,0,0.00010825098378308695,False,False,False,False
study04_s23_llama1b_kv12288_cap12-11_generation_stagger_fixed,llama1b,12288,12,23,generation,stagger,fixed,1,256,768,0.0558540689999063,11.202471216000049,0.06070508700031496,0,0,0,0,0,0,0.0001399361408490063,False,False,False,False
study04_s23_llama1b_kv12288_cap12-11_generation_stagger_fixed,llama1b,12288,12,23,generation,stagger,fixed,2,256,768,0.05402916200000618,11.188455660000727,0.06076481899981445,0,0,0,0,0,0,8.894203376474952e-05,False,False,False,False
study04_s23_llama1b_kv12288_cap12-11_generation_stagger_fixed,llama1b,12288,12,23,generation,stagger,fixed,11,256,64,0.06688649199986685,0.958797532999597,0.02730562899978395,0,0,0,0,0,0,0.00011691105700961657,False,False,False,False
study04_s23_llama1b_kv12288_cap12-11_generation_stagger_fixed,llama1b,12288,12,23,generation,stagger,fixed,3,128,768,0.043849208999745315,11.186622025999895,0.06075878400042711,0,0,0,0,0,0,8.492902652212919e-05,False,False,False,False
study04_s23_llama1b_kv12288_cap12-11_generation_stagger_fixed,llama1b,12288,12,23,generation,stagger,fixed,10,512,768,0.09111194599972805,10.865976205999686,0.03841274099977454,0,0,0,0,0,0,8.760303096266853e-05,False,False,False,False
study05_s23_llama1b_kv3072_cap3-00_generation_stagger_adaptive,llama1b,3072,3,23,generation,stagger,adaptive,0,512,256,0.05709226899944042,3.573778809000032,0.03445765800006484,0,0,0,0,0,0,9.815599969442701e-05,False,False,False,False
study05_s23_llama1b_kv3072_cap3-00_generation_stagger_adaptive,llama1b,3072,3,23,generation,stagger,adaptive,1,256,768,0.06424410799991165,10.560252510999817,0.034499581000090984,0,0,0,0,0,0,0.00020089914142734644,False,False,False,False
study05_s23_llama1b_kv3072_cap3-00_generation_stagger_adaptive,llama1b,3072,3,23,generation,stagger,adaptive,2,256,768,0.0593019309999363,10.5411565659997,0.020186058999570378,0,0,0,0,0,0,7.597403448234008e-05,False,False,False,False
study05_s23_llama1b_kv3072_cap3-00_generation_stagger_adaptive,llama1b,3072,3,23,generation,stagger,adaptive,5,128,64,5.711749451999822,6.573802242000056,0.016619813999568578,0,0,0,0,0,0,7.934917396390517e-05,False,False,False,False
study05_s23_llama1b_kv3072_cap3-00_generation_stagger_adaptive,llama1b,3072,3,23,generation,stagger,adaptive,6,512,64,5.991808288999891,6.859118447000583,0.01789633899988985,0,0,0,0,0,0,8.259427110779427e-05,False,False,False,False
study05_s23_llama1b_kv3072_cap3-00_generation_stagger_adaptive,llama1b,3072,3,23,generation,stagger,adaptive,7,128,64,6.1543157050000445,7.042105816000003,0.025199652999617683,0,0,0,0,0,0,8.732116842224968e-05,False,False,False,False
study05_s23_llama1b_kv3072_cap3-00_generation_stagger_adaptive,llama1b,3072,3,23,generation,stagger,adaptive,3,128,768,1.1029487690002497,11.739633987000161,0.0581919320002271,0,0,0,0,0,0,8.213402652179624e-05,False,False,False,False
study05_s23_llama1b_kv3072_cap3-00_generation_stagger_adaptive,llama1b,3072,3,23,generation,stagger,adaptive,4,128,256,6.748130912000306,10.404450557000018,0.058214360999954806,0,0,0,0,0,0,8.24146832094641e-05,False,False,False,False
study05_s23_llama1b_kv3072_cap3-00_generation_stagger_adaptive,llama1b,3072,3,23,generation,stagger,adaptive,8,512,256,6.512661032999858,10.099145688000135,0.0535767820001638,0,0,0,0,0,0,8.354668907095686e-05,False,False,False,False
study05_s23_llama1b_kv3072_cap3-00_generation_stagger_adaptive,llama1b,3072,3,23,generation,stagger,adaptive,9,256,256,6.768252362999192,10.358334868999918,0.05343202999938512,0,0,0,0,0,0,0.00010378798414212298,False,False,False,False
study05_s23_llama1b_kv3072_cap3-00_generation_stagger_adaptive,llama1b,3072,3,23,generation,stagger,adaptive,11,256,64,5.212386709000384,6.076165780000338,0.017260468999666045,0,0,0,0,0,0,9.364805700684542e-05,False,False,False,False
study05_s23_llama1b_kv3072_cap3-00_generation_stagger_adaptive,llama1b,3072,3,23,generation,stagger,adaptive,10,512,768,5.0116654149996975,15.61433863900038,0.03421055200033152,0,0,0,0,0,0,9.222703117472975e-05,False,False,False,False
study05_s23_llama1b_kv3072_cap3-01_generation_burst_adaptive,llama1b,3072,3,23,generation,burst,adaptive,0,512,256,0.05867678899994644,3.781034546999763,0.038942301999668416,0,0,0,0,0,0,0.00012437700024747755,False,False,False,False
study05_s23_llama1b_kv3072_cap3-01_generation_burst_adaptive,llama1b,3072,3,23,generation,burst,adaptive,1,256,768,0.06405505000020639,10.942413845999909,0.03722172200014029,0,0,0,0,0,0,0.00011352600013196656,False,False,False,False
study05_s23_llama1b_kv3072_cap3-01_generation_burst_adaptive,llama1b,3072,3,23,generation,burst,adaptive,2,256,768,0.06751718899977277,10.928802667999662,0.02888719000020501,0,0,0,0,0,0,0.0001482190004025996,False,False,False,False
study05_s23_llama1b_kv3072_cap3-01_generation_burst_adaptive,llama1b,3072,3,23,generation,burst,adaptive,5,128,64,10.815465998000036,11.671586856999966,0.016659911999340693,0,0,0,0,0,0,9.339000007457798e-05,False,False,False,False
study05_s23_llama1b_kv3072_cap3-01_generation_burst_adaptive,llama1b,3072,3,23,generation,burst,adaptive,6,512,64,11.696681075000015,12.554036626000197,0.01732682600049884,0,0,0,0,0,0,0.0001195389997519225,False,False,False,False
study05_s23_llama1b_kv3072_cap3-01_generation_burst_adaptive,llama1b,3072,3,23,generation,burst,adaptive,7,128,64,12.539939324999978,13.384400993999407,0.01535189599962905,0,0,0,0,0,0,0.00013524500027412012,False,False,False,False
study05_s23_llama1b_kv3072_cap3-01_generation_burst_adaptive,llama1b,3072,3,23,generation,burst,adaptive,3,128,768,3.667170896999778,14.414932528999998,0.05945619399972202,0,0,0,0,0,0,0.00010093300043079179,False,False,False,False
study05_s23_llama1b_kv3072_cap3-01_generation_burst_adaptive,llama1b,3072,3,23,generation,burst,adaptive,4,128,256,10.829148055000587,14.413592347999838,0.059312310000677826,0,0,0,0,0,0,0.00014306699977167936,False,False,False,False
study05_s23_llama1b_kv3072_cap3-01_generation_burst_adaptive,llama1b,3072,3,23,generation,burst,adaptive,8,512,256,13.411349394000354,16.91098345499995,0.061504592999881424,0,0,0,0,0,0,9.70369997957965e-05,False,False,False,False
study05_s23_llama1b_kv3072_cap3-01_generation_burst_adaptive,llama1b,3072,3,23,generation,burst,adaptive,9,256,256,14.163428049000686,17.673365028999797,0.06152496600043378,0,0,0,0,0,0,0.00010113999978783594,False,False,False,False
study05_s23_llama1b_kv3072_cap3-01_generation_burst_adaptive,llama1b,3072,3,23,generation,burst,adaptive,11,256,64,16.813505369000268,17.665814248999595,0.017764158999852953,0,0,0,0,0,0,7.793599997962808e-05,False,False,False,False
study05_s23_llama1b_kv3072_cap3-01_generation_burst_adaptive,llama1b,3072,3,23,generation,burst,adaptive,10,512,768,14.18888415299989,24.46696844500002,0.032005258000026515,0,0,0,0,0,0,0.00011866800014104228,False,False,False,False
study05_s23_llama1b_kv3072_cap3-02_balanced_stagger_fixed,llama1b,3072,3,23,balanced,stagger,fixed,0,1024,256,0.09527978999994957,3.6971903670000756,0.0342023680004786,0,0,0,0,0,0,7.942600041133119e-05,False,False,False,False
study05_s23_llama1b_kv3072_cap3-02_balanced_stagger_fixed,llama1b,3072,3,23,balanced,stagger,fixed,2,256,128,0.052582647999770415,1.9256652710000708,0.05958696399920882,0,0,0,0,0,0,7.547791549677996e-05,False,False,False,False
study05_s23_llama1b_kv3072_cap3-02_balanced_stagger_fixed,llama1b,3072,3,23,balanced,stagger,fixed,3,512,64,1.256453307000811,2.159131103000618,0.05937095199988107,0,0,0,0,0,0,7.811295367643467e-05,False,False,False,False
study05_s23_llama1b_kv3072_cap3-02_balanced_stagger_fixed,llama1b,3072,3,23,balanced,stagger,fixed,4,512,128,1.421853965000082,3.1488657979998607,0.018378845000370347,0,0,0,0,0,0,0.0001128061151227655,False,False,False,False
study05_s23_llama1b_kv3072_cap3-02_balanced_stagger_fixed,llama1b,3072,3,23,balanced,stagger,fixed,6,1024,128,0.8768693949996305,2.6993198820000543,0.018882969000515004,0,0,0,0,0,0,7.554961040767694e-05,False,False,False,False
study05_s23_llama1b_kv3072_cap3-02_balanced_stagger_fixed,llama1b,3072,3,23,balanced,stagger,fixed,1,256,512,0.06585106199963775,7.486869006999768,0.10750976499912213,0,0,0,0,0,0,0.00010121316164302119,False,False,False,False
study05_s23_llama1b_kv3072_cap3-02_balanced_stagger_fixed,llama1b,3072,3,23,balanced,stagger,fixed,5,128,256,0.5865285359996051,4.407076720999612,0.11246383900015644,0,0,0,0,0,0,8.823022325898933e-05,False,False,False,False
study05_s23_llama1b_kv3072_cap3-02_balanced_stagger_fixed,llama1b,3072,3,23,balanced,stagger,fixed,9,128,64,0.04198688500036951,0.9177152410002236,0.01861299099982716,0,0,0,0,0,0,8.956574576046705e-05,False,False,False,False
study05_s23_llama1b_kv3072_cap3-02_balanced_stagger_fixed,llama1b,3072,3,23,balanced,stagger,fixed,7,512,256,1.7044118750000052,5.394849477000207,0.11248882899963064,0,0,0,0,0,0,0.00015131179285443608,False,False,False,False
study05_s23_llama1b_kv3072_cap3-02_balanced_stagger_fixed,llama1b,3072,3,23,balanced,stagger,fixed,11,128,64,0.046132064000630635,0.9205701480004791,0.019448168000053556,0,0,0,0,0,0,0.00011988869818324588,False,False,False,False
study05_s23_llama1b_kv3072_cap3-02_balanced_stagger_fixed,llama1b,3072,3,23,balanced,stagger,fixed,8,1024,512,1.2898899580004581,8.450341224000113,0.03471654999975726,0,0,0,0,0,0,0.00010243186608960286,False,False,False,False
study05_s23_llama1b_kv3072_cap3-02_balanced_stagger_fixed,llama1b,3072,3,23,balanced,stagger,fixed,10,256,512,0.5892858869992779,7.648523162999481,0.02146573099980742,0,0,0,0,0,0,0.0001215349654657416,False,False,False,False
study05_s23_llama1b_kv3072_cap3-03_balanced_burst_baseline,llama1b,3072,3,23,balanced,burst,baseline,2,256,128,0.08752906400059146,1.9010670920006305,0.019645831999696384,0,0,0,0,0,0,7.926099933683317e-05,False,False,False,False
study05_s23_llama1b_kv3072_cap3-03_balanced_burst_baseline,llama1b,3072,3,23,balanced,burst,baseline,3,512,64,1.9254820020005354,2.832167475999995,0.01924608000081207,0,0,0,0,0,0,7.292599966601809e-05,False,False,False,False
study05_s23_llama1b_kv3072_cap3-03_balanced_burst_baseline,llama1b,3072,3,23,balanced,burst,baseline,0,1024,256,0.09901290499965398,3.8920989959997314,0.06310614500034717,0,0,0,0,0,0,8.573400009481702e-05,False,False,False,False
study05_s23_llama1b_kv3072_cap3-03_balanced_burst_baseline,llama1b,3072,3,23,balanced,burst,baseline,4,512,128,2.8591443719997187,4.688946178999686,0.023669712999435433,0,0,0,0,0,0,7.463399997503783e-05,False,False,False,False
study05_s23_llama1b_kv3072_cap3-03_balanced_burst_baseline,llama1b,3072,3,23,balanced,burst,baseline,6,1024,128,4.71251026400023,6.518423129999974,0.020628166999813402,0,0,0,0,0,0,9.613899983373919e-05,False,False,False,False
study05_s23_llama1b_kv3072_cap3-03_balanced_burst_baseline,llama1b,3072,3,23,balanced,burst,baseline,5,128,256,3.6803137810002227,7.454638401000011,0.10617656100021122,0,0,0,0,0,0,8.119799986161524e-05,False,False,False,False
study05_s23_llama1b_kv3072_cap3-03_balanced_burst_baseline,llama1b,3072,3,23,balanced,burst,baseline,1,256,512,0.10171175800041965,7.671741501000724,0.10635794900008477,0,0,0,0,0,0,0.00015324999931180805,False,False,False,False
study05_s23_llama1b_kv3072_cap3-03_balanced_burst_baseline,llama1b,3072,3,23,balanced,burst,baseline,9,128,64,7.411841775000539,8.324194047000674,0.01976614300019719,0,0,0,0,0,0,8.267999946837135e-05,False,False,False,False
study05_s23_llama1b_kv3072_cap3-03_balanced_burst_baseline,llama1b,3072,3,23,balanced,burst,baseline,7,512,256,6.544562276999386,10.341391658999783,0.11330627400002413,0,0,0,0,0,0,8.456400009887455e-05,False,False,False,False
study05_s23_llama1b_kv3072_cap3-03_balanced_burst_baseline,llama1b,3072,3,23,balanced,burst,baseline,11,128,64,10.179556351000429,11.086152464000406,0.0182472090000374,0,0,0,0,0,0,9.859499932640681e-05,False,False,False,False
study05_s23_llama1b_kv3072_cap3-03_balanced_burst_baseline,llama1b,3072,3,23,balanced,burst,baseline,8,1024,512,7.434966173999783,14.805896515000313,0.035128425999573665,0,0,0,0,0,0,9.754499988046117e-05,False,False,False,False
study05_s23_llama1b_kv3072_cap3-03_balanced_burst_baseline,llama1b,3072,3,23,balanced,burst,baseline,10,256,512,8.325277958999322,15.614443615999335,0.027224111000577977,0,0,0,0,0,0,8.714500017958926e-05,False,False,False,False
study05_s23_llama1b_kv3072_cap3-04_balanced_burst_adaptive,llama1b,3072,3,23,balanced,burst,adaptive,2,256,128,0.09826545600026293,1.8945535600005314,0.018915198000286182,0,0,0,0,0,0,0.00010540599978411946,False,False,False,False
study05_s23_llama1b_kv3072_cap3-04_balanced_burst_adaptive,llama1b,3072,3,23,balanced,burst,adaptive,3,512,64,1.9200525879996349,2.8347513149992665,0.018896324000706954,0,0,0,0,0,0,9.497600021857178e-05,False,False,False,False
study05_s23_llama1b_kv3072_cap3-04_balanced_burst_adaptive,llama1b,3072,3,23,balanced,burst,adaptive,0,1024,256,0.10235229499994603,3.891072905999863,0.059962104999613075,0,0,0,0,0,0,0.0001331650000793161,False,False,False,False
study05_s23_llama1b_kv3072_cap3-04_balanced_burst_adaptive,llama1b,3072,3,23,balanced,burst,adaptive,4,512,128,2.8606208629998946,4.68327363499975,0.023547021000013046,0,0,0,0,0,0,7.90399997640523e-05,False,False,False,False
study05_s23_llama1b_kv3072_cap3-04_balanced_burst_adaptive,llama1b,3072,3,23,balanced,burst,adaptive,6,1024,128,4.709918303999984,6.514541208000082,0.01899471300021105,0,0,0,0,0,0,0.00012046100000584481,False,False,False,False
study05_s23_llama1b_kv3072_cap3-04_balanced_burst_adaptive,llama1b,3072,3,23,balanced,burst,adaptive,5,128,256,3.679399791999458,7.427390720999938,0.1122044880003159,0,0,0,0,0,0,0.00011992700001428602,False,False,False,False
study05_s23_llama1b_kv3072_cap3-04_balanced_burst_adaptive,llama1b,3072,3,23,balanced,burst,adaptive,1,256,512,0.11164177600039693,7.643262907999997,0.11204167800042342,0,0,0,0,0,0,8.828799964248624e-05,False,False,False,False
study05_s23_llama1b_kv3072_cap3-04_balanced_burst_adaptive,llama1b,3072,3,23,balanced,burst,adaptive,9,128,64,7.373720051999953,8.232295536000493,0.01787625900033163,0,0,0,0,0,0,0.00013072599977020927,False,False,False,False
study05_s23_llama1b_kv3072_cap3-04_balanced_burst_adaptive,llama1b,3072,3,23,balanced,burst,adaptive,7,512,256,6.538324854000166,10.233701504000237,0.10600444400006381,0,0,0,0,0,0,0.0001009179999527654,False,False,False,False
study05_s23_llama1b_kv3072_cap3-04_balanced_burst_adaptive,llama1b,3072,3,23,balanced,burst,adaptive,11,128,64,10.072312394999244,11.027573643999858,0.018222901999251917,0,0,0,0,0,0,8.384600023414457e-05,False,False,False,False
study05_s23_llama1b_kv3072_cap3-04_balanced_burst_adaptive,llama1b,3072,3,23,balanced,burst,adaptive,8,1024,512,7.399359646000448,14.723120057000415,0.031890833000034036,0,0,0,0,0,0,8.841199960440971e-05,False,False,False,False
study05_s23_llama1b_kv3072_cap3-04_balanced_burst_adaptive,llama1b,3072,3,23,balanced,burst,adaptive,10,256,512,8.229881234999993,15.508860025999638,0.02399402100036241,0,0,0,0,0,0,7.814099990355317e-05,False,False,False,False
study05_s23_llama1b_kv3072_cap3-05_generation_stagger_baseline,llama1b,3072,3,23,generation,stagger,baseline,0,512,256,0.05826858999989781,3.6644807800003036,0.035841083000377694,0,0,0,0,0,0,0.00010760199984360952,False,False,False,False
study05_s23_llama1b_kv3072_cap3-05_generation_stagger_baseline,llama1b,3072,3,23,generation,stagger,baseline,1,256,768,0.054892792000828194,10.862640705000558,0.03299418799997511,0,0,0,0,0,0,8.786614126582437e-05,False,False,False,False
study05_s23_llama1b_kv3072_cap3-05_generation_stagger_baseline,llama1b,3072,3,23,generation,stagger,baseline,2,256,768,0.055292087999987416,10.85767498000041,0.021873736000088684,0,0,0,0,0,0,0.00010562203471853326,False,False,False,False
study05_s23_llama1b_kv3072_cap3-05_generation_stagger_baseline,llama1b,3072,3,23,generation,stagger,baseline,5,128,64,6.034432284999639,6.903633918999731,0.017391024000062316,0,0,0,0,0,0,0.00011027517523665153,False,False,False,False
study05_s23_llama1b_kv3072_cap3-05_generation_stagger_baseline,llama1b,3072,3,23,generation,stagger,baseline,6,512,64,6.3242453490001935,7.173734972000602,0.01658173500072735,0,0,0,0,0,0,8.018927153052857e-05,False,False,False,False
study05_s23_llama1b_kv3072_cap3-05_generation_stagger_baseline,llama1b,3072,3,23,generation,stagger,baseline,7,128,64,6.468440501000259,7.327587773000232,0.01648038399980578,0,0,0,0,0,0,8.727816842224456e-05,False,False,False,False
study05_s23_llama1b_kv3072_cap3-05_generation_stagger_baseline,llama1b,3072,3,23,generation,stagger,baseline,3,128,768,1.1944926890000716,12.024555703999795,0.061328466000304616,0,0,0,0,0,0,9.109602724199917e-05,False,False,False,False
study05_s23_llama1b_kv3072_cap3-05_generation_stagger_baseline,llama1b,3072,3,23,generation,stagger,baseline,4,128,256,7.051623301999825,10.672904072000165,0.06134667900005297,0,0,0,0,0,0,8.524968369627572e-05,False,False,False,False
study05_s23_llama1b_kv3072_cap3-05_generation_stagger_baseline,llama1b,3072,3,23,generation,stagger,baseline,8,512,256,6.799361632,10.422744168999998,0.060057919999962905,0,0,0,0,0,0,7.537168957760798e-05,False,False,False,False
study05_s23_llama1b_kv3072_cap3-05_generation_stagger_baseline,llama1b,3072,3,23,generation,stagger,baseline,9,256,256,7.054339983999853,10.691399585,0.06020371799968416,0,0,0,0,0,0,0.00011944198412283669,False,False,False,False
study05_s23_llama1b_kv3072_cap3-05_generation_stagger_baseline,llama1b,3072,3,23,generation,stagger,baseline,11,256,64,5.536646694999945,6.425285566999264,0.017366486000355508,0,0,0,0,0,0,0.00011642605804595973,False,False,False,False
study05_s23_llama1b_kv3072_cap3-05_generation_stagger_baseline,llama1b,3072,3,23,generation,stagger,baseline,10,512,768,5.284468954999284,16.02398231999996,0.03203795199988235,0,0,0,0,0,0,7.425103210323414e-05,False,False,False,False
study05_s23_llama1b_kv3072_cap3-06_generation_burst_fixed,llama1b,3072,3,23,generation,burst,fixed,0,512,256,0.05858178099970246,3.6459696239999175,0.038488221999614325,0,0,0,0,0,0,9.127199973590905e-05,False,False,False,False
study05_s23_llama1b_kv3072_cap3-06_generation_burst_fixed,llama1b,3072,3,23,generation,burst,fixed,1,256,768,0.06020522900053038,10.959992779999993,0.03639261799980886,0,0,0,0,0,0,0.00015997399914340071,False,False,False,False
study05_s23_llama1b_kv3072_cap3-06_generation_burst_fixed,llama1b,3072,3,23,generation,burst,fixed,2,256,768,0.06207037000058335,10.946009128000696,0.026636493999831146,0,0,0,0,0,0,8.148599899868159e-05,False,False,False,False
study05_s23_llama1b_kv3072_cap3-06_generation_burst_fixed,llama1b,3072,3,23,generation,burst,fixed,5,128,64,10.832634153999606,11.741609146999508,0.020018299999719602,0,0,0,0,0,0,0.0001212799998029368,False,False,False,False
study05_s23_llama1b_kv3072_cap3-06_generation_burst_fixed,llama1b,3072,3,23,generation,burst,fixed,6,512,64,11.763313724,12.67916307699943,0.01918026899875258,0,0,0,0,0,0,0.00010436299926364079,False,False,False,False
study05_s23_llama1b_kv3072_cap3-06_generation_burst_fixed,llama1b,3072,3,23,generation,burst,fixed,7,128,64,12.667591545000505,13.557504503999553,0.018088183998770546,0,0,0,0,0,0,0.00010461899946673237,False,False,False,False
study05_s23_llama1b_kv3072_cap3-06_generation_burst_fixed,llama1b,3072,3,23,generation,burst,fixed,3,128,768,3.5341654800004108,14.625640919000034,0.05911483199997747,0,0,0,0,0,0,8.553999905414056e-05,False,False,False,False
study05_s23_llama1b_kv3072_cap3-06_generation_burst_fixed,llama1b,3072,3,23,generation,burst,fixed,4,128,256,10.846367587999339,14.627847464000297,0.05908813200039731,0,0,0,0,0,0,7.77109997215919e-05,False,False,False,False
study05_s23_llama1b_kv3072_cap3-06_generation_burst_fixed,llama1b,3072,3,23,generation,burst,fixed,8,512,256,13.581506838999303,17.285030051999456,0.059674980999261606,0,0,0,0,0,0,8.540199960405115e-05,False,False,False,False
study05_s23_llama1b_kv3072_cap3-06_generation_burst_fixed,llama1b,3072,3,23,generation,burst,fixed,9,256,256,14.37768237400087,18.099048175999997,0.0596773729994311,0,0,0,0,0,0,0.00011803599936682785,False,False,False,False
study05_s23_llama1b_kv3072_cap3-06_generation_burst_fixed,llama1b,3072,3,23,generation,burst,fixed,11,256,64,17.18234266300078,18.10092172200075,0.019836251998640364,0,0,0,0,0,0,8.285099938798446e-05,False,False,False,False
study05_s23_llama1b_kv3072_cap3-06_generation_burst_fixed,llama1b,3072,3,23,generation,burst,fixed,10,512,768,14.405595946000176,25.264192217000527,0.03354157600006147,0,0,0,0,0,0,0.00010063699937745696,False,False,False,False
study05_s23_llama1b_kv3072_cap3-07_balanced_stagger_adaptive,llama1b,3072,3,23,balanced,stagger,adaptive,0,1024,256,0.1126168160008092,3.8058251759994164,0.03715637099958258,0,0,0,0,0,0,9.160799891105853e-05,False,False,False,False
study05_s23_llama1b_kv3072_cap3-07_balanced_stagger_adaptive,llama1b,3072,3,23,balanced,stagger,adaptive,2,256,128,0.06552928500059352,1.9470778819995758,0.05986323099932633,0,0,0,0,0,0,8.564091397511575e-05,False,False,False,False
study05_s23_llama1b_kv3072_cap3-07_balanced_stagger_adaptive,llama1b,3072,3,23,balanced,stagger,adaptive,3,512,64,1.3699353779993544,2.3401941190004436,0.05970842100032314,0,0,0,0,0,0,7.958895352855322e-05,False,False,False,False
study05_s23_llama1b_kv3072_cap3-07_balanced_stagger_adaptive,llama1b,3072,3,23,balanced,stagger,adaptive,4,512,128,1.4453020580003795,3.313841080000202,0.021661285998561652,0,0,0,0,0,0,9.325711404173376e-05,False,False,False,False
study05_s23_llama1b_kv3072_cap3-07_balanced_stagger_adaptive,llama1b,3072,3,23,balanced,stagger,adaptive,6,1024,128,1.0403538299997308,2.862475515001279,0.017703288000120665,0,0,0,0,0,0,0.00011044560880435483,False,False,False,False
study05_s23_llama1b_kv3072_cap3-07_balanced_stagger_adaptive,llama1b,3072,3,23,balanced,stagger,adaptive,1,256,512,0.06797654099864303,7.703997585998877,0.1080535469991446,0,0,0,0,0,0,8.014816113288692e-05,False,False,False,False
study05_s23_llama1b_kv3072_cap3-07_balanced_stagger_adaptive,llama1b,3072,3,23,balanced,stagger,adaptive,5,128,256,0.7689628240004822,4.68449886900089,0.113428032000229,0,0,0,0,0,0,0.00014551822131991798,False,False,False,False
study05_s23_llama1b_kv3072_cap3-07_balanced_stagger_adaptive,llama1b,3072,3,23,balanced,stagger,adaptive,9,128,64,0.04868761400030053,0.9227053679987876,0.017524222001156886,0,0,0,0,0,0,8.947074540088806e-05,False,False,False,False
study05_s23_llama1b_kv3072_cap3-07_balanced_stagger_adaptive,llama1b,3072,3,23,balanced,stagger,adaptive,7,512,256,1.8677368889984791,5.593745913998646,0.11359079999965616,0,0,0,0,0,0,8.343979303671034e-05,False,False,False,False
study05_s23_llama1b_kv3072_cap3-07_balanced_stagger_adaptive,llama1b,3072,3,23,balanced,stagger,adaptive,11,128,64,0.04709758999888436,0.9443768959990848,0.0199851960005617,0,0,0,0,0,0,7.879269805144418e-05,False,False,False,False
study05_s23_llama1b_kv3072_cap3-07_balanced_stagger_adaptive,llama1b,3072,3,23,balanced,stagger,adaptive,8,1024,512,1.5073999050000566,8.757977289998962,0.034877465999670676,0,0,0,0,0,0,0.00012059186594370885,False,False,False,False
study05_s23_llama1b_kv3072_cap3-07_balanced_stagger_adaptive,llama1b,3072,3,23,balanced,stagger,adaptive,10,256,512,0.49554532799993467,7.572905229999378,0.02210107499922742,0,0,0,0,0,0,8.582296478465423e-05,False,False,False,False
study05_s23_llama1b_kv3072_cap3-08_generation_stagger_fixed,llama1b,3072,3,23,generation,stagger,fixed,0,512,256,0.05643175600016548,3.6215554970003723,0.03752646599969012,0,0,0,0,0,0,0.0001357849996566074,False,False,False,False
study05_s23_llama1b_kv3072_cap3-08_generation_stagger_fixed,llama1b,3072,3,23,generation,stagger,fixed,1,256,768,0.061760476000927156,10.90427485300097,0.033422921998862876,0,0,0,0,0,0,0.00012859014169369631,False,False,False,False
study05_s23_llama1b_kv3072_cap3-08_generation_stagger_fixed,llama1b,3072,3,23,generation,stagger,fixed,2,256,768,0.05560628500097664,10.89661208600046,0.022070090999477543,0,0,0,0,0,0,0.0001526310346183779,False,False,False,False
study05_s23_llama1b_kv3072_cap3-08_generation_stagger_fixed,llama1b,3072,3,23,generation,stagger,fixed,5,128,64,6.06548002999989,6.91459161199964,0.016391101000408526,0,0,0,0,0,0,0.00016196017570813126,False,False,False,False
study05_s23_llama1b_kv3072_cap3-08_generation_stagger_fixed,llama1b,3072,3,23,generation,stagger,fixed,6,512,64,6.335625806999815,7.219882346000304,0.025721588001033524,0,0,0,0,0,0,9.463527155340046e-05,False,False,False,False
study05_s23_llama1b_kv3072_cap3-08_generation_stagger_fixed,llama1b,3072,3,23,generation,stagger,fixed,7,128,64,6.514844777999315,7.377419844000542,0.016593692998867482,0,0,0,0,0,0,6.87541687796056e-05,False,False,False,False
study05_s23_llama1b_kv3072_cap3-08_generation_stagger_fixed,llama1b,3072,3,23,generation,stagger,fixed,3,128,768,1.1514272539989179,12.095545451000362,0.06326933300078963,0,0,0,0,0,0,0.00011515002751982806,False,False,False,False
study05_s23_llama1b_kv3072_cap3-08_generation_stagger_fixed,llama1b,3072,3,23,generation,stagger,fixed,4,128,256,7.094152686999223,10.766366062000088,0.06308404300034454,0,0,0,0,0,0,8.829068473303892e-05,False,False,False,False
study05_s23_llama1b_kv3072_cap3-08_generation_stagger_fixed,llama1b,3072,3,23,generation,stagger,fixed,8,512,256,6.85250894300043,10.536029386999871,0.06113801399988006,0,0,0,0,0,0,9.492569015101537e-05,False,False,False,False
study05_s23_llama1b_kv3072_cap3-08_generation_stagger_fixed,llama1b,3072,3,23,generation,stagger,fixed,9,256,256,7.123666871000751,10.83068366400039,0.06087291100084258,0,0,0,0,0,0,8.307398401274924e-05,False,False,False,False
study05_s23_llama1b_kv3072_cap3-08_generation_stagger_fixed,llama1b,3072,3,23,generation,stagger,fixed,11,256,64,5.6483900610001,6.596328531000836,0.02390810299948498,0,0,0,0,0,0,8.135205698422965e-05,False,False,False,False
study05_s23_llama1b_kv3072_cap3-08_generation_stagger_fixed,llama1b,3072,3,23,generation,stagger,fixed,10,512,768,5.378698862999954,16.185904104000656,0.03334625000024971,0,0,0,0,0,0,8.789303153378114e-05,False,False,False,False
study05_s23_llama1b_kv3072_cap3-09_generation_burst_baseline,llama1b,3072,3,23,generation,burst,baseline,0,512,256,0.05849147599838034,3.568572135998693,0.0398193960008939,0,0,0,0,0,0,8.7468000856461e-05,False,False,False,False
study05_s23_llama1b_kv3072_cap3-09_generation_burst_baseline,llama1b,3072,3,23,generation,burst,baseline,1,256,768,0.06262977500045963,10.584277560999908,0.035932719001721125,0,0,0,0,0,0,9.279099976992888e-05,False,False,False,False
study05_s23_llama1b_kv3072_cap3-09_generation_burst_baseline,llama1b,3072,3,23,generation,burst,baseline,2,256,768,0.06402987799992843,10.569066833000761,0.021802675999424537,0,0,0,0,0,0,8.239099988713305e-05,False,False,False,False
study05_s23_llama1b_kv3072_cap3-09_generation_burst_baseline,llama1b,3072,3,23,generation,burst,baseline,5,128,64,10.456489410000358,11.302950302000681,0.016527518000657437,0,0,0,0,0,0,0.00012009999954898376,False,False,False,False
study05_s23_llama1b_kv3072_cap3-09_generation_burst_baseline,llama1b,3072,3,23,generation,burst,baseline,6,512,64,11.32443467900157,12.185584306000237,0.018358814999373863,0,0,0,0,0,0,8.04589992184912e-05,False,False,False,False
study05_s23_llama1b_kv3072_cap3-09_generation_burst_baseline,llama1b,3072,3,23,generation,burst,baseline,7,128,64,12.169847868999568,13.04446893200111,0.01841320200037444,0,0,0,0,0,0,0.00011596299955268785,False,False,False,False
study05_s23_llama1b_kv3072_cap3-09_generation_burst_baseline,llama1b,3072,3,23,generation,burst,baseline,3,128,768,3.4540820500005793,14.100043887001448,0.061365842000668636,0,0,0,0,0,0,7.357399917962137e-05,False,False,False,False
study05_s23_llama1b_kv3072_cap3-09_generation_burst_baseline,llama1b,3072,3,23,generation,burst,baseline,4,128,256,10.468932864001545,14.103452258001198,0.06159968999963894,0,0,0,0,0,0,8.634899932075113e-05,False,False,False,False
study05_s23_llama1b_kv3072_cap3-09_generation_burst_baseline,llama1b,3072,3,23,generation,burst,baseline,8,512,256,13.069044675999976,16.682993697999336,0.061680946999331354,0,0,0,0,0,0,9.240700055668238e-05,False,False,False,False
study05_s23_llama1b_kv3072_cap3-09_generation_burst_baseline,llama1b,3072,3,23,generation,burst,baseline,9,256,256,13.8533229450004,17.45640762000039,0.061786411999491975,0,0,0,0,0,0,0.00017443699907743193,False,False,False,False
study05_s23_llama1b_kv3072_cap3-09_generation_burst_baseline,llama1b,3072,3,23,generation,burst,baseline,11,256,64,16.5824894999987,17.45123298499857,0.01708751200021652,0,0,0,0,0,0,8.82190008268946e-05,False,False,False,False
study05_s23_llama1b_kv3072_cap3-09_generation_burst_baseline,llama1b,3072,3,23,generation,burst,baseline,10,512,768,13.879783118998603,24.383505952999258,0.034889728000052855,0,0,0,0,0,0,0.0001068540004780516,False,False,False,False
study05_s23_llama1b_kv3072_cap3-10_balanced_burst_fixed,llama1b,3072,3,23,balanced,burst,fixed,2,256,128,0.0894591769992985,1.8755163779987924,0.018071552000037627,0,0,0,0,0,0,0.0001249649998499025,False,False,False,False
study05_s23_llama1b_kv3072_cap3-10_balanced_burst_fixed,llama1b,3072,3,23,balanced,burst,fixed,3,512,64,1.899971935999929,2.779541110001446,0.019287668999822927,0,0,0,0,0,0,0.00013855999859513357,False,False,False,False
study05_s23_llama1b_kv3072_cap3-10_balanced_burst_fixed,llama1b,3072,3,23,balanced,burst,fixed,0,1024,256,0.11213336200125923,3.7569033700001455,0.06108753300031822,0,0,0,0,0,0,0.00011741599882952869,False,False,False,False
study05_s23_llama1b_kv3072_cap3-10_balanced_burst_fixed,llama1b,3072,3,23,balanced,burst,fixed,4,512,128,3.6432847720006976,5.3729289380007685,0.01886170299985679,0,0,0,0,0,0,8.89579994691192e-05,False,False,False,False
study05_s23_llama1b_kv3072_cap3-10_balanced_burst_fixed,llama1b,3072,3,23,balanced,burst,fixed,5,128,256,3.5934883800000534,7.162627171001077,0.10852880000129517,0,0,0,0,0,0,9.218199920724146e-05,False,False,False,False
study05_s23_llama1b_kv3072_cap3-10_balanced_burst_fixed,llama1b,3072,3,23,balanced,burst,fixed,1,256,512,0.1395092709990422,7.367159145998812,0.10884955099936633,0,0,0,0,0,0,0.000150457000199819,False,False,False,False
study05_s23_llama1b_kv3072_cap3-10_balanced_burst_fixed,llama1b,3072,3,23,balanced,burst,fixed,6,1024,128,5.397509690999868,7.117536747000486,0.017025277000357164,0,0,0,0,0,0,0.0001133389989262934,False,False,False,False
study05_s23_llama1b_kv3072_cap3-10_balanced_burst_fixed,llama1b,3072,3,23,balanced,burst,fixed,9,128,64,7.13301285200032,7.9933595590009645,0.017288119001023006,0,0,0,0,0,0,0.00024298199859912328,False,False,False,False
study05_s23_llama1b_kv3072_cap3-10_balanced_burst_fixed,llama1b,3072,3,23,balanced,burst,fixed,7,512,256,7.2330547209985525,10.775113712999882,0.03500252499907219,0,0,0,0,0,0,0.00011701700022964667,False,False,False,False
study05_s23_llama1b_kv3072_cap3-10_balanced_burst_fixed,llama1b,3072,3,23,balanced,burst,fixed,11,128,64,10.611756177000643,11.474083028000678,0.018206214999736403,0,0,0,0,0,0,0.000419956998666704,False,False,False,False
study05_s23_llama1b_kv3072_cap3-10_balanced_burst_fixed,llama1b,3072,3,23,balanced,burst,fixed,8,1024,512,7.183261815000151,14.250787735998529,0.03499451199968462,0,0,0,0,0,0,9.520300009169258e-05,False,False,False,False
study05_s23_llama1b_kv3072_cap3-10_balanced_burst_fixed,llama1b,3072,3,23,balanced,burst,fixed,10,256,512,7.993546621999485,15.037679081999158,0.021020492999014095,0,0,0,0,0,0,0.00010787199971673544,False,False,False,False
study05_s23_llama1b_kv3072_cap3-11_balanced_stagger_baseline,llama1b,3072,3,23,balanced,stagger,baseline,0,1024,256,0.10863793400130817,3.6775936640005966,0.03745513299872982,0,0,0,0,0,0,0.00019528999837348238,False,False,False,False
study05_s23_llama1b_kv3072_cap3-11_balanced_stagger_baseline,llama1b,3072,3,23,balanced,stagger,baseline,2,256,128,0.06142383499900461,1.8677403290002985,0.059894904001339455,0,0,0,0,0,0,0.0001646709140268321,False,False,False,False
study05_s23_llama1b_kv3072_cap3-11_balanced_stagger_baseline,llama1b,3072,3,23,balanced,stagger,baseline,3,512,64,1.238646415000403,2.1446457109996118,0.05919379700026184,0,0,0,0,0,0,9.425595257850361e-05,False,False,False,False
study05_s23_llama1b_kv3072_cap3-11_balanced_stagger_baseline,llama1b,3072,3,23,balanced,stagger,baseline,4,512,128,1.3629323980003392,3.1121316289991228,0.019740821000596043,0,0,0,0,0,0,8.074611401909237e-05,False,False,False,False
study05_s23_llama1b_kv3072_cap3-11_balanced_stagger_baseline,llama1b,3072,3,23,balanced,stagger,baseline,6,1024,128,0.8438743869992322,2.618133524998484,0.0178802150003321,0,0,0,0,0,0,9.415660962730499e-05,False,False,False,False
study05_s23_llama1b_kv3072_cap3-11_balanced_stagger_baseline,llama1b,3072,3,23,balanced,stagger,baseline,1,256,512,0.06233101599900692,7.483131713999683,0.11208102199998393,0,0,0,0,0,0,8.107316090033567e-05,False,False,False,False
study05_s23_llama1b_kv3072_cap3-11_balanced_stagger_baseline,llama1b,3072,3,23,balanced,stagger,baseline,5,128,256,0.5727565689994663,4.413234222998653,0.11204901600103767,0,0,0,0,0,0,0.00012255922264969854,False,False,False,False
study05_s23_llama1b_kv3072_cap3-11_balanced_stagger_baseline,llama1b,3072,3,23,balanced,stagger,baseline,9,128,64,0.05403836000004958,0.972453921000124,0.01897892399938428,0,0,0,0,0,0,0.00012539574428416245,False,False,False,False
study05_s23_llama1b_kv3072_cap3-11_balanced_stagger_baseline,llama1b,3072,3,23,balanced,stagger,baseline,7,512,256,1.6253422999998293,5.482322699999713,0.10808972399900085,0,0,0,0,0,0,8.992479221259231e-05,False,False,False,False
study05_s23_llama1b_kv3072_cap3-11_balanced_stagger_baseline,llama1b,3072,3,23,balanced,stagger,baseline,11,128,64,0.06132181800057879,0.9278606350017071,0.017568492999998853,0,0,0,0,0,0,9.093969646656319e-05,False,False,False,False
study05_s23_llama1b_kv3072_cap3-11_balanced_stagger_baseline,llama1b,3072,3,23,balanced,stagger,baseline,8,1024,512,1.2815050939989305,8.657232823999948,0.03724379800041788,0,0,0,0,0,0,7.579686536729469e-05,False,False,False,False
study05_s23_llama1b_kv3072_cap3-11_balanced_stagger_baseline,llama1b,3072,3,23,balanced,stagger,baseline,10,256,512,0.5501338100002613,7.885676939000405,0.03451881799992407,0,0,0,0,0,0,9.026896415065266e-05,False,False,False,False
study06_s23_qwen1.5b_kv3072_cap6-00_generation_burst_baseline,qwen1.5b,3072,6,23,generation,burst,baseline,5,128,64,0.07843387399952917,1.2093764229994122,0.0222307300009561,0,0,0,0,0,0,0.00011856600031023845,False,False,False,False
study06_s23_qwen1.5b_kv3072_cap6-00_generation_burst_baseline,qwen1.5b,3072,6,23,generation,burst,baseline,6,512,64,1.2662056619992654,2.3854658709988144,0.021786916999189998,0,0,0,0,0,0,0.00010721300095606345,False,False,False,False
study06_s23_qwen1.5b_kv3072_cap6-00_generation_burst_baseline,qwen1.5b,3072,6,23,generation,burst,baseline,7,128,64,2.3862916520010913,3.486047469999903,0.02693271200041636,0,0,0,0,0,0,9.733100014269747e-05,False,False,False,False
study06_s23_qwen1.5b_kv3072_cap6-00_generation_burst_baseline,qwen1.5b,3072,6,23,generation,burst,baseline,0,512,256,0.0790372080009547,4.888858278000043,0.08170461900044756,0,0,0,0,0,0,0.0001235130002896767,False,False,False,False
study06_s23_qwen1.5b_kv3072_cap6-00_generation_burst_baseline,qwen1.5b,3072,6,23,generation,burst,baseline,4,128,256,0.0955834300002607,4.890315403999921,0.11184381699968071,0,0,0,0,0,0,9.133500025199082e-05,False,False,False,False
study06_s23_qwen1.5b_kv3072_cap6-00_generation_burst_baseline,qwen1.5b,3072,6,23,generation,burst,baseline,8,512,256,3.5278530690011394,8.465440329000558,0.36724741099897074,1,552,0.25544315799925243,0.25544315799925243,0,0,9.072700013346147e-05,False,False,False,False
study06_s23_qwen1.5b_kv3072_cap6-00_generation_burst_baseline,qwen1.5b,3072,6,23,generation,burst,baseline,9,256,256,4.569247740999344,10.116143446999558,1.0010500050011615,1,419,0.9383998319990496,0.9383998319990496,0.9181526339998527,1.0010500050011615,9.240800027326967e-05,True,True,False,False
study06_s23_qwen1.5b_kv3072_cap6-00_generation_burst_baseline,qwen1.5b,3072,6,23,generation,burst,baseline,1,256,768,0.09897374399952241,14.271226930000921,0.11200919400107523,0,0,0,0,0,0,8.681300023453964e-05,False,False,False,False
study06_s23_qwen1.5b_kv3072_cap6-00_generation_burst_baseline,qwen1.5b,3072,6,23,generation,burst,baseline,2,256,768,0.12647239500074647,14.352553110000372,0.11185212999953364,0,0,0,0,0,0,0.00012755299976560663,False,False,False,False
study06_s23_qwen1.5b_kv3072_cap6-00_generation_burst_baseline,qwen1.5b,3072,6,23,generation,burst,baseline,3,128,768,0.11344598299911013,14.318101645998468,0.1121410889991239,0,0,0,0,0,0,8.460700119028441e-05,False,False,False,False
study06_s23_qwen1.5b_kv3072_cap6-00_generation_burst_baseline,qwen1.5b,3072,6,23,generation,burst,baseline,11,256,64,13.902509053999893,15.000416166998548,0.020271585999580566,0,0,0,0,0,0,0.0001240570010849762,False,False,False,False
study06_s23_qwen1.5b_kv3072_cap6-00_generation_burst_baseline,qwen1.5b,3072,6,23,generation,burst,baseline,10,512,768,4.69106863199886,25.834065183998973,4.680057655001292,2,1149,7.646785697001178,4.595971116999863,7.606579610999688,7.841217044000587,8.60070013004588e-05,True,True,True,False
study06_s23_qwen1.5b_kv3072_cap6-01_generation_burst_fixed,qwen1.5b,3072,6,23,generation,burst,fixed,5,128,64,0.08462100299948361,1.2368325560000812,0.027208961999349413,0,0,0,0,0,0,8.180599979823455e-05,False,False,False,False
study06_s23_qwen1.5b_kv3072_cap6-01_generation_burst_fixed,qwen1.5b,3072,6,23,generation,burst,fixed,0,512,256,0.07739041999957408,4.790212240999608,0.057391811000343296,0,0,0,0,0,0,0.00011697899935825262,False,False,False,False
study06_s23_qwen1.5b_kv3072_cap6-01_generation_burst_fixed,qwen1.5b,3072,6,23,generation,burst,fixed,4,128,256,0.08478686300077243,4.6906859959999565,0.02850645199941937,0,0,0,0,0,0,8.323599904541679e-05,False,False,False,False
study06_s23_qwen1.5b_kv3072_cap6-01_generation_burst_fixed,qwen1.5b,3072,6,23,generation,burst,fixed,7,128,64,4.658942374000617,5.74313409000024,0.020430569999007275,0,0,0,0,0,0,0.00010268999940304946,False,False,False,False
study06_s23_qwen1.5b_kv3072_cap6-01_generation_burst_fixed,qwen1.5b,3072,6,23,generation,burst,fixed,6,512,64,4.708756337999148,5.793266893000691,0.020318831999247777,0,0,0,0,0,0,9.409699960083451e-05,False,False,False,False
study06_s23_qwen1.5b_kv3072_cap6-01_generation_burst_fixed,qwen1.5b,3072,6,23,generation,burst,fixed,1,256,768,0.10641675300030329,13.89281953200043,0.09640476200002013,0,0,0,0,0,0,8.824899960017951e-05,False,False,False,False
study06_s23_qwen1.5b_kv3072_cap6-01_generation_burst_fixed,qwen1.5b,3072,6,23,generation,burst,fixed,2,256,768,0.1334749980014749,13.863877355001023,0.09648926299996674,0,0,0,0,0,0,7.681499882891685e-05,False,False,False,False
study06_s23_qwen1.5b_kv3072_cap6-01_generation_burst_fixed,qwen1.5b,3072,6,23,generation,burst,fixed,3,128,768,0.08340386099916941,13.81424825799877,0.09647514300013427,0,0,0,0,0,0,7.535400036429163e-05,False,False,False,False
study06_s23_qwen1.5b_kv3072_cap6-01_generation_burst_fixed,qwen1.5b,3072,6,23,generation,burst,fixed,11,256,64,13.640351588999692,14.766224285000135,0.02453689800131542,0,0,0,0,0,0,0.00011492599987827923,False,False,False,False
study06_s23_qwen1.5b_kv3072_cap6-01_generation_burst_fixed,qwen1.5b,3072,6,23,generation,burst,fixed,9,256,256,13.740591589999894,18.149311236000358,0.024014513999645715,0,0,0,0,0,0,9.877899974525262e-05,False,False,False,False
study06_s23_qwen1.5b_kv3072_cap6-01_generation_burst_fixed,qwen1.5b,3072,6,23,generation,burst,fixed,8,512,256,13.790700536999793,18.200102079001226,0.024256327000330202,0,0,0,0,0,0,7.941399926492121e-05,False,False,False,False
study06_s23_qwen1.5b_kv3072_cap6-01_generation_burst_fixed,qwen1.5b,3072,6,23,generation,burst,fixed,10,512,768,13.690505521999512,26.991453702999934,0.028324853999947663,0,0,0,0,0,0,8.407899986195844e-05,False,False,False,False
study06_s23_qwen1.5b_kv3072_cap6-02_generation_stagger_fixed,qwen1.5b,3072,6,23,generation,stagger,fixed,0,512,256,0.09578398099984042,4.966235883000991,0.05864542800009076,0,0,0,0,0,0,9.702599891170394e-05,False,False,False,False
study06_s23_qwen1.5b_kv3072_cap6-02_generation_stagger_fixed,qwen1.5b,3072,6,23,generation,stagger,fixed,5,128,64,0.0653797740014852,1.1886890790010511,0.021527933999095694,0,0,0,0,0,0,8.303217366822935e-05,False,False,False,False
study06_s23_qwen1.5b_kv3072_cap6-02_generation_stagger_fixed,qwen1.5b,3072,6,23,generation,stagger,fixed,4,128,256,0.05552983300003689,4.645609172999684,0.029360713000642136,0,0,0,0,0,0,9.955668291539155e-05,False,False,False,False
study06_s23_qwen1.5b_kv3072_cap6-02_generation_stagger_fixed,qwen1.5b,3072,6,23,generation,stagger,fixed,1,256,768,0.10205038400090416,14.535175323000658,0.05380597399926046,0,0,0,0,0,0,0.00010376214050628052,False,False,False,False
study06_s23_qwen1.5b_kv3072_cap6-02_generation_stagger_fixed,qwen1.5b,3072,6,23,generation,stagger,fixed,2,256,768,0.09325256699958118,14.467381788999774,0.032399198000348406,0,0,0,0,0,0,8.187703435613702e-05,False,False,False,False
study06_s23_qwen1.5b_kv3072_cap6-02_generation_stagger_fixed,qwen1.5b,3072,6,23,generation,stagger,fixed,6,512,64,9.134059235999302,10.21126862500023,0.020384286999615142,0,0,0,0,0,0,7.804927142451845e-05,False,False,False,False
study06_s23_qwen1.5b_kv3072_cap6-02_generation_stagger_fixed,qwen1.5b,3072,6,23,generation,stagger,fixed,7,128,64,8.392356522999762,9.469797698999173,0.020509226000285707,0,0,0,0,0,0,8.742316825305352e-05,False,False,False,False
study06_s23_qwen1.5b_kv3072_cap6-02_generation_stagger_fixed,qwen1.5b,3072,6,23,generation,stagger,fixed,3,128,768,0.06425816299997678,14.409236723999129,0.16961043999981484,0,0,0,0,0,0,9.098302707277739e-05,False,False,False,False
study06_s23_qwen1.5b_kv3072_cap6-02_generation_stagger_fixed,qwen1.5b,3072,6,23,generation,stagger,fixed,11,256,64,4.752935354999863,5.950990328999978,0.025119755000559962,0,0,0,0,0,0,0.00011102505650129046,False,False,False,False
study06_s23_qwen1.5b_kv3072_cap6-02_generation_stagger_fixed,qwen1.5b,3072,6,23,generation,stagger,fixed,8,512,256,7.788927188001253,12.562046373999692,0.1155823250010144,0,0,0,0,0,0,0.00010790468886234805,False,False,False,False
study06_s23_qwen1.5b_kv3072_cap6-02_generation_stagger_fixed,qwen1.5b,3072,6,23,generation,stagger,fixed,9,256,256,8.767127610999523,13.533985165000558,0.11574784100048419,0,0,0,0,0,0,8.830798414027896e-05,False,False,False,False
study06_s23_qwen1.5b_kv3072_cap6-02_generation_stagger_fixed,qwen1.5b,3072,6,23,generation,stagger,fixed,10,512,768,7.5861309449992405,21.287713805999374,0.030638046000603936,0,0,0,0,0,0,9.29130311959625e-05,False,False,False,False
study06_s23_qwen1.5b_kv3072_cap6-03_generation_stagger_adaptive,qwen1.5b,3072,6,23,generation,stagger,adaptive,0,512,256,0.08443700399948284,4.941981603000386,0.05390838200037251,0,0,0,0,0,0,9.220199899573345e-05,False,False,False,False
study06_s23_qwen1.5b_kv3072_cap6-03_generation_stagger_adaptive,qwen1.5b,3072,6,23,generation,stagger,adaptive,5,128,64,0.06356361500002095,1.2450592269997287,0.08150609299991629,0,0,0,0,0,0,9.88531741565879e-05,False,False,False,False
study06_s23_qwen1.5b_kv3072_cap6-03_generation_stagger_adaptive,qwen1.5b,3072,6,23,generation,stagger,adaptive,6,512,64,0.10872039300011238,1.2501202620005643,0.030498466001517954,0,0,0,0,0,0,0.00010283627077178892,False,False,False,False
study06_s23_qwen1.5b_kv3072_cap6-03_generation_stagger_adaptive,qwen1.5b,3072,6,23,generation,stagger,adaptive,7,128,64,0.07622865900157194,1.2654800560012518,0.08256193000124767,0,0,0,0,0,0,8.97831669419702e-05,False,False,False,False
study06_s23_qwen1.5b_kv3072_cap6-03_generation_stagger_adaptive,qwen1.5b,3072,6,23,generation,stagger,adaptive,4,128,256,0.058400038000399945,4.75474092299919,0.08247228599975642,0,0,0,0,0,0,0.0001271796831936456,False,False,False,False
study06_s23_qwen1.5b_kv3072_cap6-03_generation_stagger_adaptive,qwen1.5b,3072,6,23,generation,stagger,adaptive,1,256,768,0.08660965099988971,14.4263719949995,0.08256833300038124,0,0,0,0,0,0,8.45681406732024e-05,False,False,False,False
study06_s23_qwen1.5b_kv3072_cap6-03_generation_stagger_adaptive,qwen1.5b,3072,6,23,generation,stagger,adaptive,2,256,768,0.08725949800100352,14.37895528700028,0.08241009899938945,0,0,0,0,0,0,9.19040333632326e-05,False,False,False,False
study06_s23_qwen1.5b_kv3072_cap6-03_generation_stagger_adaptive,qwen1.5b,3072,6,23,generation,stagger,adaptive,8,512,256,0.11302871500083711,8.467341204001059,3.5549189719986316,1,725,3.324781145000088,3.324781145000088,3.3074304169986135,3.5549189719986316,0.0001222526881026198,True,True,True,False
study06_s23_qwen1.5b_kv3072_cap6-03_generation_stagger_adaptive,qwen1.5b,3072,6,23,generation,stagger,adaptive,3,128,768,0.06587604400010605,14.300268921999304,0.22761582999919483,0,0,0,0,0,0,0.00010454902639756014,False,False,False,False
study06_s23_qwen1.5b_kv3072_cap6-03_generation_stagger_adaptive,qwen1.5b,3072,6,23,generation,stagger,adaptive,11,256,64,3.595493291000821,4.685049908999645,0.019743474000279093,0,0,0,0,0,0,8.044205660340253e-05,False,False,False,False
study06_s23_qwen1.5b_kv3072_cap6-03_generation_stagger_adaptive,qwen1.5b,3072,6,23,generation,stagger,adaptive,9,256,256,0.5700194910004939,10.637588420999236,5.159854235000239,2,608,5.289831478999986,4.933594624999387,4.912167062999288,5.159854235000239,7.672498339861278e-05,True,True,True,True
study06_s23_qwen1.5b_kv3072_cap6-03_generation_stagger_adaptive,qwen1.5b,3072,6,23,generation,stagger,adaptive,10,512,768,5.654315204999875,18.82533953100028,0.04847245299970382,0,0,0,0,0,0,9.537803104819886e-05,False,False,False,False
study06_s23_qwen1.5b_kv3072_cap6-04_generation_burst_adaptive,qwen1.5b,3072,6,23,generation,burst,adaptive,5,128,64,0.08618831500098167,1.2182246840002335,0.02418865999970876,0,0,0,0,0,0,0.00010698499863792676,False,False,False,False
study06_s23_qwen1.5b_kv3072_cap6-04_generation_burst_adaptive,qwen1.5b,3072,6,23,generation,burst,adaptive,6,512,64,1.2733377549993747,2.41761301599945,0.02130766099980974,0,0,0,0,0,0,0.00011192199890497356,False,False,False,False
study06_s23_qwen1.5b_kv3072_cap6-04_generation_burst_adaptive,qwen1.5b,3072,6,23,generation,burst,adaptive,7,128,64,2.4202090359995054,3.564927823999824,0.024257197999759228,0,0,0,0,0,0,7.770099946352582e-05,False,False,False,False
study06_s23_qwen1.5b_kv3072_cap6-04_generation_burst_adaptive,qwen1.5b,3072,6,23,generation,burst,adaptive,0,512,256,0.08125805999952718,4.982596322000973,0.08560182499968505,0,0,0,0,0,0,9.29749985516537e-05,False,False,False,False
study06_s23_qwen1.5b_kv3072_cap6-04_generation_burst_adaptive,qwen1.5b,3072,6,23,generation,burst,adaptive,4,128,256,0.08347116400000232,4.967962273000012,0.11086335700019845,0,0,0,0,0,0,9.247099915227208e-05,False,False,False,False
study06_s23_qwen1.5b_kv3072_cap6-04_generation_burst_adaptive,qwen1.5b,3072,6,23,generation,burst,adaptive,8,512,256,3.6126105559997086,8.538413852998929,0.37497611200160463,1,552,0.2606925100008084,0.2606925100008084,0,0,9.391599960506536e-05,False,False,False,False
study06_s23_qwen1.5b_kv3072_cap6-04_generation_burst_adaptive,qwen1.5b,3072,6,23,generation,burst,adaptive,9,256,256,4.663759878001656,10.143728873001237,1.0137289479989704,1,418,0.9507005870000285,0.9507005870000285,0.930266715999096,1.0137289479989704,0.00019361699814907096,True,True,False,False
study06_s23_qwen1.5b_kv3072_cap6-04_generation_burst_adaptive,qwen1.5b,3072,6,23,generation,burst,adaptive,1,256,768,0.1117594850002206,14.142443201000788,0.11078934500073956,0,0,0,0,0,0,0.00011895199822901936,False,False,False,False
study06_s23_qwen1.5b_kv3072_cap6-04_generation_burst_adaptive,qwen1.5b,3072,6,23,generation,burst,adaptive,2,256,768,0.11286743199889315,14.112036234999323,0.11098190099983185,0,0,0,0,0,0,0.0001288629995542523,False,False,False,False
study06_s23_qwen1.5b_kv3072_cap6-04_generation_burst_adaptive,qwen1.5b,3072,6,23,generation,burst,adaptive,3,128,768,0.09777513699918927,14.14733146799881,0.11051938400123618,0,0,0,0,0,0,0.00011467899967099182,False,False,False,False
study06_s23_qwen1.5b_kv3072_cap6-04_generation_burst_adaptive,qwen1.5b,3072,6,23,generation,burst,adaptive,11,256,64,13.804744936998759,14.920764348999,0.02210460100104683,0,0,0,0,0,0,8.840499976936478e-05,False,False,False,False
study06_s23_qwen1.5b_kv3072_cap6-04_generation_burst_adaptive,qwen1.5b,3072,6,23,generation,burst,adaptive,10,512,768,13.797214845999406,27.148137181999118,0.05763595100142993,0,0,0,0,0,0,8.008399890968576e-05,False,False,False,False
study06_s23_qwen1.5b_kv3072_cap6-05_generation_stagger_baseline,qwen1.5b,3072,6,23,generation,stagger,baseline,0,512,256,0.07798342700152716,4.76035611000043,0.05174498099950142,0,0,0,0,0,0,9.983599920815323e-05,False,False,False,False
study06_s23_qwen1.5b_kv3072_cap6-05_generation_stagger_baseline,qwen1.5b,3072,6,23,generation,stagger,baseline,5,128,64,0.06404382400069153,1.2544912569992448,0.07922457899985602,0,0,0,0,0,0,0.00013475717462618775,False,False,False,False
study06_s23_qwen1.5b_kv3072_cap6-05_generation_stagger_baseline,qwen1.5b,3072,6,23,generation,stagger,baseline,6,512,64,0.10420706799959589,1.2298894499999733,0.029807005999828107,0,0,0,0,0,0,9.085227199712165e-05,False,False,False,False
study06_s23_qwen1.5b_kv3072_cap6-05_generation_stagger_baseline,qwen1.5b,3072,6,23,generation,stagger,baseline,7,128,64,0.06550352400154225,1.2514398800012714,0.08565054000064265,0,0,0,0,0,0,8.320016789298279e-05,False,False,False,False
study06_s23_qwen1.5b_kv3072_cap6-05_generation_stagger_baseline,qwen1.5b,3072,6,23,generation,stagger,baseline,4,128,256,0.056541713998740306,4.841430862999914,0.08589766700060864,0,0,0,0,0,0,8.261368428819083e-05,False,False,False,False
study06_s23_qwen1.5b_kv3072_cap6-05_generation_stagger_baseline,qwen1.5b,3072,6,23,generation,stagger,baseline,1,256,768,0.08003000600001542,14.221199622999848,0.08559401999991678,0,0,0,0,0,0,5.164214236136333e-05,False,False,False,False
study06_s23_qwen1.5b_kv3072_cap6-05_generation_stagger_baseline,qwen1.5b,3072,6,23,generation,stagger,baseline,2,256,768,0.0753338079994137,14.292143458000282,0.14304281099975924,0,0,0,0,0,0,0.00010834603501497231,False,False,False,False
study06_s23_qwen1.5b_kv3072_cap6-05_generation_stagger_baseline,qwen1.5b,3072,6,23,generation,stagger,baseline,8,512,256,0.1114263210001809,8.03255656699912,3.099201361001178,1,727,2.954364498000359,2.954364498000359,2.9360812320010155,3.099201361001178,9.692368993974299e-05,True,True,True,False
study06_s23_qwen1.5b_kv3072_cap6-05_generation_stagger_baseline,qwen1.5b,3072,6,23,generation,stagger,baseline,11,256,64,2.6227919030006888,3.8725529160001315,0.032554807999986224,0,0,0,0,0,0,9.664005719756119e-05,False,False,False,False
study06_s23_qwen1.5b_kv3072_cap6-05_generation_stagger_baseline,qwen1.5b,3072,6,23,generation,stagger,baseline,3,128,768,0.06930413400004909,14.592757558999438,0.14308798199999728,0,0,0,0,0,0,8.510802781236393e-05,False,False,False,False
study06_s23_qwen1.5b_kv3072_cap6-05_generation_stagger_baseline,qwen1.5b,3072,6,23,generation,stagger,baseline,9,256,256,0.5551965009999549,10.700872620000155,4.659948221000377,2,598,4.997322074001204,4.515191693000816,4.496699498000453,4.659948221000377,9.209398502907362e-05,True,True,True,False
study06_s23_qwen1.5b_kv3072_cap6-05_generation_stagger_baseline,qwen1.5b,3072,6,23,generation,stagger,baseline,10,512,768,5.45581558899903,19.527651018999677,0.0326247949997196,0,0,0,0,0,0,9.239603257071849e-05,False,False,False,False
study07_s23_llama1b_kv5120_cap12-00_generation_stagger_baseline,llama1b,5120,12,23,generation,stagger,baseline,0,512,256,0.0554286829992634,3.5888954469992314,0.034839810999983456,0,0,0,0,0,0,9.030799992615357e-05,False,False,False,False
study07_s23_llama1b_kv5120_cap12-00_generation_stagger_baseline,llama1b,5120,12,23,generation,stagger,baseline,5,128,64,0.037531394000325236,1.0036309839997557,0.058575339999151765,0,0,0,0,0,0,9.204917517102729e-05,False,False,False,False
study07_s23_llama1b_kv5120_cap12-00_generation_stagger_baseline,llama1b,5120,12,23,generation,stagger,baseline,6,512,64,0.08457604099930904,0.9740706249995128,0.020867660001385957,0,0,0,0,0,0,8.585627208113067e-05,False,False,False,False
study07_s23_llama1b_kv5120_cap12-00_generation_stagger_baseline,llama1b,5120,12,23,generation,stagger,baseline,7,128,64,0.0480500209996535,0.9946937019994948,0.058960980000847485,0,0,0,0,0,0,0.00011300816916559597,False,False,False,False
study07_s23_llama1b_kv5120_cap12-00_generation_stagger_baseline,llama1b,5120,12,23,generation,stagger,baseline,4,128,256,0.054081198999483604,3.7765092390000063,0.059171951999815064,0,0,0,0,0,0,0.00011999468414458647,False,False,False,False
study07_s23_llama1b_kv5120_cap12-00_generation_stagger_baseline,llama1b,5120,12,23,generation,stagger,baseline,8,512,256,0.08888679099982255,3.7670727750009974,0.05898458500087145,0,0,0,0,0,0,0.00011743568947686356,False,False,False,False
study07_s23_llama1b_kv5120_cap12-00_generation_stagger_baseline,llama1b,5120,12,23,generation,stagger,baseline,1,256,768,0.056086795000737766,10.985031125001115,0.059209512000961695,0,0,0,0,0,0,8.389314099038758e-05,False,False,False,False
study07_s23_llama1b_kv5120_cap12-00_generation_stagger_baseline,llama1b,5120,12,23,generation,stagger,baseline,9,256,256,0.05938386400157469,3.708628755000973,0.059025827000368736,0,0,0,0,0,0,0.00010620698357133307,False,False,False,False
study07_s23_llama1b_kv5120_cap12-00_generation_stagger_baseline,llama1b,5120,12,23,generation,stagger,baseline,2,256,768,0.055934848000106285,10.972959486000036,0.05911057099910977,0,0,0,0,0,0,8.811803429342735e-05,False,False,False,False
study07_s23_llama1b_kv5120_cap12-00_generation_stagger_baseline,llama1b,5120,12,23,generation,stagger,baseline,11,256,64,0.05930740800067724,0.9611882360004529,0.018662684999071644,0,0,0,0,0,0,7.825405791450635e-05,False,False,False,False
study07_s23_llama1b_kv5120_cap12-00_generation_stagger_baseline,llama1b,5120,12,23,generation,stagger,baseline,3,128,768,0.05128515599972161,11.026149122000788,0.05926551900120103,0,0,0,0,0,0,0.0001366200269301565,False,False,False,False
study07_s23_llama1b_kv5120_cap12-00_generation_stagger_baseline,llama1b,5120,12,23,generation,stagger,baseline,10,512,768,0.0774776660000498,10.666147371000989,0.03362625200134062,0,0,0,0,0,0,8.892503153390408e-05,False,False,False,False
study07_s23_llama1b_kv5120_cap12-01_balanced_burst_adaptive,llama1b,5120,12,23,balanced,burst,adaptive,3,512,64,0.11831492199962668,1.2292206620004436,0.16056969899909745,0,0,0,0,0,0,0.0001731159987684583,False,False,False,False
study07_s23_llama1b_kv5120_cap12-01_balanced_burst_adaptive,llama1b,5120,12,23,balanced,burst,adaptive,2,256,128,0.08142950399997062,2.158157606001623,0.1601818409999396,0,0,0,0,0,0,7.886099811002523e-05,False,False,False,False
study07_s23_llama1b_kv5120_cap12-01_balanced_burst_adaptive,llama1b,5120,12,23,balanced,burst,adaptive,4,512,128,0.15953183099918533,2.1165530199996283,0.16025853200153506,0,0,0,0,0,0,0.0001566509989061049,False,False,False,False
study07_s23_llama1b_kv5120_cap12-01_balanced_burst_adaptive,llama1b,5120,12,23,balanced,burst,adaptive,6,1024,128,0.2342785399996501,2.145414079999682,0.11226144499960355,0,0,0,0,0,0,0.0001303179989917691,False,False,False,False
study07_s23_llama1b_kv5120_cap12-01_balanced_burst_adaptive,llama1b,5120,12,23,balanced,burst,adaptive,9,128,64,1.9953243280015158,2.962076968000474,0.04885340300097596,0,0,0,0,0,0,0.00011836699814010698,False,False,False,False
study07_s23_llama1b_kv5120_cap12-01_balanced_burst_adaptive,llama1b,5120,12,23,balanced,burst,adaptive,11,128,64,1.9576547569995455,2.889133619999484,0.027229622000959353,0,0,0,0,0,0,8.05459996626734e-05,False,False,False,False
study07_s23_llama1b_kv5120_cap12-01_balanced_burst_adaptive,llama1b,5120,12,23,balanced,burst,adaptive,0,1024,256,0.10425687699898845,4.229174185999,0.16007150199948228,0,0,0,0,0,0,0.00021886399918003008,False,False,False,False
study07_s23_llama1b_kv5120_cap12-01_balanced_burst_adaptive,llama1b,5120,12,23,balanced,burst,adaptive,5,128,256,0.10941249400093511,4.064488594000068,0.1603921320001973,0,0,0,0,0,0,0.00012030999823764432,False,False,False,False
study07_s23_llama1b_kv5120_cap12-01_balanced_burst_adaptive,llama1b,5120,12,23,balanced,burst,adaptive,7,512,256,0.18466977999923984,3.9926189839989092,0.11230200599857199,0,0,0,0,0,0,0.00014259399940780293,False,False,False,False
study07_s23_llama1b_kv5120_cap12-01_balanced_burst_adaptive,llama1b,5120,12,23,balanced,burst,adaptive,1,256,512,0.13124488799985556,7.869629994000206,0.1601889339999616,0,0,0,0,0,0,0.0001303719993302338,False,False,False,False
study07_s23_llama1b_kv5120_cap12-01_balanced_burst_adaptive,llama1b,5120,12,23,balanced,burst,adaptive,8,1024,512,2.0452567629999976,9.376792429000488,0.04844505999972171,0,0,0,0,0,0,0.00011264999884585958,False,False,False,False
study07_s23_llama1b_kv5120_cap12-01_balanced_burst_adaptive,llama1b,5120,12,23,balanced,burst,adaptive,10,256,512,2.0079088269994827,9.296640388000014,0.02708816199992725,0,0,0,0,0,0,9.383099859405775e-05,False,False,False,False
study07_s23_llama1b_kv5120_cap12-02_generation_stagger_fixed,llama1b,5120,12,23,generation,stagger,fixed,0,512,256,0.06394567300048948,3.697127104000174,0.03672735600048327,0,0,0,0,0,0,8.232899926952086e-05,False,False,False,False
study07_s23_llama1b_kv5120_cap12-02_generation_stagger_fixed,llama1b,5120,12,23,generation,stagger,fixed,5,128,64,0.046509994001098676,1.0051177850000386,0.05693652199988719,0,0,0,0,0,0,8.110717356224484e-05,False,False,False,False
study07_s23_llama1b_kv5120_cap12-02_generation_stagger_fixed,llama1b,5120,12,23,generation,stagger,fixed,6,512,64,0.08288968200031377,1.0208391209998808,0.025814239001192618,0,0,0,0,0,0,0.00012005727100650176,False,False,False,False
study07_s23_llama1b_kv5120_cap12-02_generation_stagger_fixed,llama1b,5120,12,23,generation,stagger,fixed,7,128,64,0.04678625899941835,1.0284480799982703,0.05837541199980478,0,0,0,0,0,0,7.420116892831174e-05,False,False,False,False
study07_s23_llama1b_kv5120_cap12-02_generation_stagger_fixed,llama1b,5120,12,23,generation,stagger,fixed,4,128,256,0.04434000899891544,3.826224151000133,0.0588066179989255,0,0,0,0,0,0,0.00010127068388854354,False,False,False,False
study07_s23_llama1b_kv5120_cap12-02_generation_stagger_fixed,llama1b,5120,12,23,generation,stagger,fixed,8,512,256,0.09112882299996272,3.9355410629996186,0.03584964299989224,0,0,0,0,0,0,9.788168981295087e-05,False,False,False,False
study07_s23_llama1b_kv5120_cap12-02_generation_stagger_fixed,llama1b,5120,12,23,generation,stagger,fixed,9,256,256,0.06942695700126933,3.8859161540003697,0.02222497500042664,0,0,0,0,0,0,9.197898306201324e-05,False,False,False,False
study07_s23_llama1b_kv5120_cap12-02_generation_stagger_fixed,llama1b,5120,12,23,generation,stagger,fixed,1,256,768,0.06485987799896975,11.379183334998743,0.05838055300046108,0,0,0,0,0,0,8.225614147666649e-05,False,False,False,False
study07_s23_llama1b_kv5120_cap12-02_generation_stagger_fixed,llama1b,5120,12,23,generation,stagger,fixed,2,256,768,0.06355097999949066,11.365450949999286,0.05850995500077261,0,0,0,0,0,0,8.621803437780517e-05,False,False,False,False
study07_s23_llama1b_kv5120_cap12-02_generation_stagger_fixed,llama1b,5120,12,23,generation,stagger,fixed,11,256,64,0.06458144699900004,0.9487810709997575,0.016869724000571296,0,0,0,0,0,0,9.488005762037233e-05,False,False,False,False
study07_s23_llama1b_kv5120_cap12-02_generation_stagger_fixed,llama1b,5120,12,23,generation,stagger,fixed,3,128,768,0.05084103499939374,11.336825595999471,0.05840377100139449,0,0,0,0,0,0,0.00017348602723066264,False,False,False,False
study07_s23_llama1b_kv5120_cap12-02_generation_stagger_fixed,llama1b,5120,12,23,generation,stagger,fixed,10,512,768,2.0220597450006608,12.620651307001026,0.03171491399916704,0,0,0,0,0,0,0.00011448603088126674,False,False,False,False
study07_s23_llama1b_kv5120_cap12-03_balanced_burst_baseline,llama1b,5120,12,23,balanced,burst,baseline,3,512,64,0.11505069799932244,1.2495985599998676,0.11462905100052012,0,0,0,0,0,0,7.595399947601944e-05,False,False,False,False
study07_s23_llama1b_kv5120_cap12-03_balanced_burst_baseline,llama1b,5120,12,23,balanced,burst,baseline,2,256,128,0.08888812500117638,2.1958186629999545,0.1146767659993202,0,0,0,0,0,0,8.449799897788934e-05,False,False,False,False
study07_s23_llama1b_kv5120_cap12-03_balanced_burst_baseline,llama1b,5120,12,23,balanced,burst,baseline,4,512,128,0.13031022200084408,2.13903625400053,0.11459266299971205,0,0,0,0,0,0,7.906599857959717e-05,False,False,False,False
study07_s23_llama1b_kv5120_cap12-03_balanced_burst_baseline,llama1b,5120,12,23,balanced,burst,baseline,6,1024,128,0.16990268699919397,2.1970283319988084,0.1420805540001311,0,0,0,0,0,0,0.0001235140000062085,False,False,False,False
study07_s23_llama1b_kv5120_cap12-03_balanced_burst_baseline,llama1b,5120,12,23,balanced,burst,baseline,9,128,64,2.0466169280007307,2.951434620001237,0.025576306999937515,0,0,0,0,0,0,0.00018733999859249506,False,False,False,False
study07_s23_llama1b_kv5120_cap12-03_balanced_burst_baseline,llama1b,5120,12,23,balanced,burst,baseline,11,128,64,1.9878691880003316,2.8769519640009094,0.016784809999080608,0,0,0,0,0,0,0.00013176299871697772,False,False,False,False
study07_s23_llama1b_kv5120_cap12-03_balanced_burst_baseline,llama1b,5120,12,23,balanced,burst,baseline,0,1024,256,0.1095435630013526,4.22892578200117,0.14239142800033733,0,0,0,0,0,0,7.943999844428618e-05,False,False,False,False
study07_s23_llama1b_kv5120_cap12-03_balanced_burst_baseline,llama1b,5120,12,23,balanced,burst,baseline,5,128,256,0.10529706900160818,4.069931812000505,0.1423478270007763,0,0,0,0,0,0,0.00011680099851218984,False,False,False,False
study07_s23_llama1b_kv5120_cap12-03_balanced_burst_baseline,llama1b,5120,12,23,balanced,burst,baseline,7,512,256,0.18305579499974556,3.999979178999638,0.14228493199880177,0,0,0,0,0,0,9.560899925414867e-05,False,False,False,False
study07_s23_llama1b_kv5120_cap12-03_balanced_burst_baseline,llama1b,5120,12,23,balanced,burst,baseline,1,256,512,0.13894766500015976,7.7984855430004245,0.14267118699899584,0,0,0,0,0,0,8.651299976918103e-05,False,False,False,False
study07_s23_llama1b_kv5120_cap12-03_balanced_burst_baseline,llama1b,5120,12,23,balanced,burst,baseline,10,256,512,1.9965186339995853,9.199547969001287,0.026119830001334776,0,0,0,0,0,0,7.969899888848886e-05,False,False,False,False
study07_s23_llama1b_kv5120_cap12-03_balanced_burst_baseline,llama1b,5120,12,23,balanced,burst,baseline,8,1024,512,2.0973159879995364,9.299822904999019,0.026109624001037446,0,0,0,0,0,0,7.66339995607046e-05,False,False,False,False
study07_s23_llama1b_kv5120_cap12-04_generation_burst_baseline,llama1b,5120,12,23,generation,burst,baseline,5,128,64,0.04784633000053873,1.1868579600013618,0.06249636500069755,0,0,0,0,0,0,0.0001101099987863563,False,False,False,False
study07_s23_llama1b_kv5120_cap12-04_generation_burst_baseline,llama1b,5120,12,23,generation,burst,baseline,6,512,64,0.09164957999928447,1.1801960289994895,0.06135846899996977,0,0,0,0,0,0,0.00010878599932762079,False,False,False,False
study07_s23_llama1b_kv5120_cap12-04_generation_burst_baseline,llama1b,5120,12,23,generation,burst,baseline,7,128,64,0.08209015400097996,1.1584362240009796,0.06154002000039327,0,0,0,0,0,0,9.474499929634783e-05,False,False,False,False
study07_s23_llama1b_kv5120_cap12-04_generation_burst_baseline,llama1b,5120,12,23,generation,burst,baseline,11,256,64,0.11851765599931241,1.0450285200004146,0.019610628000009456,0,0,0,0,0,0,9.264699947375554e-05,False,False,False,False
study07_s23_llama1b_kv5120_cap12-04_generation_burst_baseline,llama1b,5120,12,23,generation,burst,baseline,0,512,256,0.05807448100131296,4.076437757001258,0.06242991299950518,0,0,0,0,0,0,0.00019174799854226876,False,False,False,False
study07_s23_llama1b_kv5120_cap12-04_generation_burst_baseline,llama1b,5120,12,23,generation,burst,baseline,4,128,256,0.04747347900047316,3.987038825000127,0.06260909900083789,0,0,0,0,0,0,9.299899902542874e-05,False,False,False,False
study07_s23_llama1b_kv5120_cap12-04_generation_burst_baseline,llama1b,5120,12,23,generation,burst,baseline,8,512,256,0.09287811300055182,3.909881342000517,0.061405997001202195,0,0,0,0,0,0,8.192399909601189e-05,False,False,False,False
study07_s23_llama1b_kv5120_cap12-04_generation_burst_baseline,llama1b,5120,12,23,generation,burst,baseline,9,256,256,0.10334130199953506,3.8872012510000786,0.06165691299975151,0,0,0,0,0,0,7.697999972150482e-05,False,False,False,False
study07_s23_llama1b_kv5120_cap12-04_generation_burst_baseline,llama1b,5120,12,23,generation,burst,baseline,1,256,768,0.06424881300154084,11.344760472000416,0.0625593349996052,0,0,0,0,0,0,9.590099871274738e-05,False,False,False,False
study07_s23_llama1b_kv5120_cap12-04_generation_burst_baseline,llama1b,5120,12,23,generation,burst,baseline,2,256,768,0.06897656300134258,11.321451552001236,0.06256979299905652,0,0,0,0,0,0,0.0001352129987935713,False,False,False,False
study07_s23_llama1b_kv5120_cap12-04_generation_burst_baseline,llama1b,5120,12,23,generation,burst,baseline,3,128,768,0.061283637000087765,11.299072214998887,0.06260373199984315,0,0,0,0,0,0,9.258999998562611e-05,False,False,False,False
study07_s23_llama1b_kv5120_cap12-04_generation_burst_baseline,llama1b,5120,12,23,generation,burst,baseline,10,512,768,0.11505598999974609,11.139113578999968,0.03908839899850136,0,0,0,0,0,0,9.03469990589656e-05,False,False,False,False
study07_s23_llama1b_kv5120_cap12-05_balanced_stagger_fixed,llama1b,5120,12,23,balanced,stagger,fixed,3,512,64,0.09239784700002929,1.0393277249986568,0.062036571000135154,0,0,0,0,0,0,0.00010429495509667319,False,False,False,False
study07_s23_llama1b_kv5120_cap12-05_balanced_stagger_fixed,llama1b,5120,12,23,balanced,stagger,fixed,0,1024,256,0.10620705099972838,3.817169324000133,0.061929379000503104,0,0,0,0,0,0,0.00010446499982208479,False,False,False,False
study07_s23_llama1b_kv5120_cap12-05_balanced_stagger_fixed,llama1b,5120,12,23,balanced,stagger,fixed,2,256,128,0.0650324680009362,1.9363116879994777,0.06204197099941666,0,0,0,0,0,0,0.00010067291507676046,False,False,False,False
study07_s23_llama1b_kv5120_cap12-05_balanced_stagger_fixed,llama1b,5120,12,23,balanced,stagger,fixed,4,512,128,0.09534840299966163,1.8910734949986363,0.026476052998987143,0,0,0,0,0,0,8.375211588074194e-05,False,False,False,False
study07_s23_llama1b_kv5120_cap12-05_balanced_stagger_fixed,llama1b,5120,12,23,balanced,stagger,fixed,6,1024,128,0.13394745999903535,1.9924006959990948,0.05939693399886892,0,0,0,0,0,0,8.628461102233587e-05,False,False,False,False
study07_s23_llama1b_kv5120_cap12-05_balanced_stagger_fixed,llama1b,5120,12,23,balanced,stagger,fixed,5,128,256,0.046506314998623566,3.9377075919983326,0.11337137699956656,0,0,0,0,0,0,7.733422389222255e-05,False,False,False,False
study07_s23_llama1b_kv5120_cap12-05_balanced_stagger_fixed,llama1b,5120,12,23,balanced,stagger,fixed,1,256,512,0.05982551600027364,7.658804258999226,0.11319451199960895,0,0,0,0,0,0,9.588316162123522e-05,False,False,False,False
study07_s23_llama1b_kv5120_cap12-05_balanced_stagger_fixed,llama1b,5120,12,23,balanced,stagger,fixed,7,512,256,0.09052027500001714,3.82794446600019,0.11263980900002935,0,0,0,0,0,0,8.224679246549016e-05,False,False,False,False
study07_s23_llama1b_kv5120_cap12-05_balanced_stagger_fixed,llama1b,5120,12,23,balanced,stagger,fixed,9,128,64,0.04740504900109954,0.9759023149999848,0.034266873000888154,0,0,0,0,0,0,0.00010315374576208569,False,False,False,False
study07_s23_llama1b_kv5120_cap12-05_balanced_stagger_fixed,llama1b,5120,12,23,balanced,stagger,fixed,11,128,64,0.04709437500059721,0.9401214869994874,0.02026513300006627,0,0,0,0,0,0,9.280869898375954e-05,False,False,False,False
study07_s23_llama1b_kv5120_cap12-05_balanced_stagger_fixed,llama1b,5120,12,23,balanced,stagger,fixed,8,1024,512,0.14395186499859847,7.442934796999907,0.0342590639993432,0,0,0,0,0,0,0.0001049388673166618,False,False,False,False
study07_s23_llama1b_kv5120_cap12-05_balanced_stagger_fixed,llama1b,5120,12,23,balanced,stagger,fixed,10,256,512,0.05500880499857885,7.218628956999964,0.021568914000454242,0,0,0,0,0,0,0.00012757196574142426,False,False,False,False
study07_s23_llama1b_kv5120_cap12-06_generation_burst_adaptive,llama1b,5120,12,23,generation,burst,adaptive,5,128,64,0.051888101999793435,1.1922451890004595,0.0663950139987719,0,0,0,0,0,0,7.382100011454895e-05,False,False,False,False
study07_s23_llama1b_kv5120_cap12-06_generation_burst_adaptive,llama1b,5120,12,23,generation,burst,adaptive,6,512,64,0.09274397900117037,1.1863248450008541,0.06606894399919838,0,0,0,0,0,0,9.962899930537894e-05,False,False,False,False
study07_s23_llama1b_kv5120_cap12-06_generation_burst_adaptive,llama1b,5120,12,23,generation,burst,adaptive,7,128,64,0.08175451300121495,1.1636049220014684,0.06634345299971756,0,0,0,0,0,0,0.00011782099900298215,False,False,False,False
study07_s23_llama1b_kv5120_cap12-06_generation_burst_adaptive,llama1b,5120,12,23,generation,burst,adaptive,11,256,64,0.11736443700101518,1.0525063999994018,0.019737018999876454,0,0,0,0,0,0,0.00013198199958419643,False,False,False,False
study07_s23_llama1b_kv5120_cap12-06_generation_burst_adaptive,llama1b,5120,12,23,generation,burst,adaptive,0,512,256,0.060687612000037916,4.115373382999678,0.06651319699994929,0,0,0,0,0,0,9.620099990570452e-05,False,False,False,False
study07_s23_llama1b_kv5120_cap12-06_generation_burst_adaptive,llama1b,5120,12,23,generation,burst,adaptive,4,128,256,0.05067483499988157,4.0349830349987315,0.06578024999907939,0,0,0,0,0,0,8.829300059004508e-05,False,False,False,False
study07_s23_llama1b_kv5120_cap12-06_generation_burst_adaptive,llama1b,5120,12,23,generation,burst,adaptive,8,512,256,0.09848525399866048,3.958437850998962,0.06440803699842945,0,0,0,0,0,0,7.79630005126597e-05,False,False,False,False
study07_s23_llama1b_kv5120_cap12-06_generation_burst_adaptive,llama1b,5120,12,23,generation,burst,adaptive,9,256,256,0.10143351199985773,3.937576980000813,0.06486404799943557,0,0,0,0,0,0,0.0001190339997265144,False,False,False,False
study07_s23_llama1b_kv5120_cap12-06_generation_burst_adaptive,llama1b,5120,12,23,generation,burst,adaptive,1,256,768,0.06655828600014502,11.413865344999067,0.06647858700125653,0,0,0,0,0,0,8.98150003195014e-05,False,False,False,False
study07_s23_llama1b_kv5120_cap12-06_generation_burst_adaptive,llama1b,5120,12,23,generation,burst,adaptive,2,256,768,0.07153896400086523,11.397522919000039,0.06642167500103824,0,0,0,0,0,0,0.00012740099955407813,False,False,False,False
study07_s23_llama1b_kv5120_cap12-06_generation_burst_adaptive,llama1b,5120,12,23,generation,burst,adaptive,3,128,768,0.06192097100029059,11.373319798000011,0.06651836599849048,0,0,0,0,0,0,0.0001647419991058774,False,False,False,False
study07_s23_llama1b_kv5120_cap12-06_generation_burst_adaptive,llama1b,5120,12,23,generation,burst,adaptive,10,512,768,0.11627759799921478,11.205521289999524,0.03374214299947198,0,0,0,0,0,0,7.573000038973987e-05,False,False,False,False
study07_s23_llama1b_kv5120_cap12-07_balanced_burst_fixed,llama1b,5120,12,23,balanced,burst,fixed,3,512,64,0.12388957199982542,1.085312585999418,0.06597800999952597,0,0,0,0,0,0,8.95890003448363e-05,False,False,False,False
study07_s23_llama1b_kv5120_cap12-07_balanced_burst_fixed,llama1b,5120,12,23,balanced,burst,fixed,2,256,128,0.09274438799911877,2.109116608999102,0.1091760780000186,0,0,0,0,0,0,0.00010990699993271291,False,False,False,False
study07_s23_llama1b_kv5120_cap12-07_balanced_burst_fixed,llama1b,5120,12,23,balanced,burst,fixed,4,512,128,0.14001709700096399,2.0534245950002514,0.10932933500043873,0,0,0,0,0,0,0.00011036299911210135,False,False,False,False
study07_s23_llama1b_kv5120_cap12-07_balanced_burst_fixed,llama1b,5120,12,23,balanced,burst,fixed,6,1024,128,1.0615068360002624,2.8898955780005053,0.058950368998921476,0,0,0,0,0,0,0.00012674699901249475,False,False,False,False
study07_s23_llama1b_kv5120_cap12-07_balanced_burst_fixed,llama1b,5120,12,23,balanced,burst,fixed,0,1024,256,0.11128471099982562,3.998127131999354,0.10915308200128493,0,0,0,0,0,0,8.229500053857919e-05,False,False,False,False
study07_s23_llama1b_kv5120_cap12-07_balanced_burst_fixed,llama1b,5120,12,23,balanced,burst,fixed,5,128,256,0.1148623930002941,3.976924434000466,0.15857498800141911,0,0,0,0,0,0,0.00013195300016377587,False,False,False,False
study07_s23_llama1b_kv5120_cap12-07_balanced_burst_fixed,llama1b,5120,12,23,balanced,burst,fixed,9,128,64,3.7215198859994416,4.60946369299927,0.021145814998817514,0,0,0,0,0,0,9.227199989253476e-05,False,False,False,False
study07_s23_llama1b_kv5120_cap12-07_balanced_burst_fixed,llama1b,5120,12,23,balanced,burst,fixed,11,128,64,3.621785192999596,4.509642241999245,0.020974965000277734,0,0,0,0,0,0,8.003200055095583e-05,False,False,False,False
study07_s23_llama1b_kv5120_cap12-07_balanced_burst_fixed,llama1b,5120,12,23,balanced,burst,fixed,7,512,256,1.9780628160006017,5.659335402999204,0.1585083929985558,0,0,0,0,0,0,0.00011208099967913165,False,False,False,False
study07_s23_llama1b_kv5120_cap12-07_balanced_burst_fixed,llama1b,5120,12,23,balanced,burst,fixed,1,256,512,0.14264628900127718,7.653829914001108,0.15876645500065933,0,0,0,0,0,0,0.0001327059992036056,False,False,False,False
study07_s23_llama1b_kv5120_cap12-07_balanced_burst_fixed,llama1b,5120,12,23,balanced,burst,fixed,8,1024,512,3.7713570480009366,10.818112416000076,0.02067910000005213,0,0,0,0,0,0,8.032699915927477e-05,False,False,False,False
study07_s23_llama1b_kv5120_cap12-07_balanced_burst_fixed,llama1b,5120,12,23,balanced,burst,fixed,10,256,512,3.6714253860009194,10.718469937000918,0.02127046900022833,0,0,0,0,0,0,0.00010644199937814847,False,False,False,False
study07_s23_llama1b_kv5120_cap12-08_balanced_stagger_baseline,llama1b,5120,12,23,balanced,stagger,baseline,3,512,64,0.08253746300033526,1.050998783999603,0.060688179000862874,0,0,0,0,0,0,0.00010857095353200563,False,False,False,False
study07_s23_llama1b_kv5120_cap12-08_balanced_stagger_baseline,llama1b,5120,12,23,balanced,stagger,baseline,0,1024,256,0.11085419099981664,3.8646331140007533,0.061201083999549155,0,0,0,0,0,0,0.00023180799871624913,False,False,False,False
study07_s23_llama1b_kv5120_cap12-08_balanced_stagger_baseline,llama1b,5120,12,23,balanced,stagger,baseline,2,256,128,0.06044878200009407,1.9808187939997879,0.061281618000066373,0,0,0,0,0,0,7.684391378370847e-05,False,False,False,False
study07_s23_llama1b_kv5120_cap12-08_balanced_stagger_baseline,llama1b,5120,12,23,balanced,stagger,baseline,4,512,128,0.09653830800016294,1.9308858519998466,0.023091598999599228,0,0,0,0,0,0,7.717211452629158e-05,False,False,False,False
study07_s23_llama1b_kv5120_cap12-08_balanced_stagger_baseline,llama1b,5120,12,23,balanced,stagger,baseline,6,1024,128,0.1376892759999464,1.9450523079995037,0.06149411600017629,0,0,0,0,0,0,9.054060966917632e-05,False,False,False,False
study07_s23_llama1b_kv5120_cap12-08_balanced_stagger_baseline,llama1b,5120,12,23,balanced,stagger,baseline,5,128,256,0.051842607999788015,3.895405891998962,0.11275568199926056,0,0,0,0,0,0,7.432122255934814e-05,False,False,False,False
study07_s23_llama1b_kv5120_cap12-08_balanced_stagger_baseline,llama1b,5120,12,23,balanced,stagger,baseline,1,256,512,0.057332742000653525,7.705797640999663,0.11264632299935329,0,0,0,0,0,0,0.00014871316044307026,False,False,False,False
study07_s23_llama1b_kv5120_cap12-08_balanced_stagger_baseline,llama1b,5120,12,23,balanced,stagger,baseline,7,512,256,0.08943339500001457,3.832356318998791,0.09897014600028342,0,0,0,0,0,0,0.00011702079306186164,False,False,False,False
study07_s23_llama1b_kv5120_cap12-08_balanced_stagger_baseline,llama1b,5120,12,23,balanced,stagger,baseline,9,128,64,0.04263713999898755,0.936047735000102,0.03262504300073488,0,0,0,0,0,0,0.00011762974546769556,False,False,False,False
study07_s23_llama1b_kv5120_cap12-08_balanced_stagger_baseline,llama1b,5120,12,23,balanced,stagger,baseline,11,128,64,0.0406232679997629,0.9525252589992306,0.018760392000331194,0,0,0,0,0,0,9.528769777844559e-05,False,False,False,False
study07_s23_llama1b_kv5120_cap12-08_balanced_stagger_baseline,llama1b,5120,12,23,balanced,stagger,baseline,8,1024,512,0.11979051900016202,7.436163433001639,0.03265720899980806,0,0,0,0,0,0,8.106586466993804e-05,False,False,False,False
study07_s23_llama1b_kv5120_cap12-08_balanced_stagger_baseline,llama1b,5120,12,23,balanced,stagger,baseline,10,256,512,0.06708170599995356,7.299391251999623,0.023020618998998543,0,0,0,0,0,0,8.477796446726416e-05,False,False,False,False
study07_s23_llama1b_kv5120_cap12-09_balanced_stagger_adaptive,llama1b,5120,12,23,balanced,stagger,adaptive,3,512,64,0.08186298100008571,1.0457039969987818,0.060337316999721224,0,0,0,0,0,0,7.732395519921553e-05,False,False,False,False
study07_s23_llama1b_kv5120_cap12-09_balanced_stagger_adaptive,llama1b,5120,12,23,balanced,stagger,adaptive,0,1024,256,0.10053989700099919,3.887317378001171,0.060401033000744064,0,0,0,0,0,0,9.647099977883045e-05,False,False,False,False
study07_s23_llama1b_kv5120_cap12-09_balanced_stagger_adaptive,llama1b,5120,12,23,balanced,stagger,adaptive,2,256,128,0.05454518499936967,1.9952067829999578,0.06035940499896242,0,0,0,0,0,0,0.00011674791560745135,False,False,False,False
study07_s23_llama1b_kv5120_cap12-09_balanced_stagger_adaptive,llama1b,5120,12,23,balanced,stagger,adaptive,4,512,128,0.08157928099899436,1.9244590130001598,0.02225359300064156,0,0,0,0,0,0,8.485711556360798e-05,False,False,False,False
study07_s23_llama1b_kv5120_cap12-09_balanced_stagger_adaptive,llama1b,5120,12,23,balanced,stagger,adaptive,6,1024,128,0.1272177169994393,2.0416745570000785,0.06001366899909044,0,0,0,0,0,0,8.927061127650404e-05,False,False,False,False
study07_s23_llama1b_kv5120_cap12-09_balanced_stagger_adaptive,llama1b,5120,12,23,balanced,stagger,adaptive,5,128,256,0.04804930599857471,3.9787556029987172,0.10892407399842341,0,0,0,0,0,0,0.00010475622402239537,False,False,False,False
study07_s23_llama1b_kv5120_cap12-09_balanced_stagger_adaptive,llama1b,5120,12,23,balanced,stagger,adaptive,1,256,512,0.054314740000336315,7.783530624999912,0.1089451679999911,0,0,0,0,0,0,8.361416176783099e-05,False,False,False,False
study07_s23_llama1b_kv5120_cap12-09_balanced_stagger_adaptive,llama1b,5120,12,23,balanced,stagger,adaptive,7,512,256,0.0839110979995894,3.908693097999276,0.10676940899975307,0,0,0,0,0,0,0.0001119647937803947,False,False,False,False
study07_s23_llama1b_kv5120_cap12-09_balanced_stagger_adaptive,llama1b,5120,12,23,balanced,stagger,adaptive,9,128,64,0.04726827800004685,0.9957187319996592,0.032148475000212784,0,0,0,0,0,0,0.0001271977461456686,False,False,False,False
study07_s23_llama1b_kv5120_cap12-09_balanced_stagger_adaptive,llama1b,5120,12,23,balanced,stagger,adaptive,11,128,64,0.04796718299985514,0.9922409680002602,0.020101688998693135,0,0,0,0,0,0,8.26346983480164e-05,False,False,False,False
study07_s23_llama1b_kv5120_cap12-09_balanced_stagger_adaptive,llama1b,5120,12,23,balanced,stagger,adaptive,8,1024,512,0.13816288800080656,7.759041058001458,0.032145670000318205,0,0,0,0,0,0,0.00010070986611054877,False,False,False,False
study07_s23_llama1b_kv5120_cap12-09_balanced_stagger_adaptive,llama1b,5120,12,23,balanced,stagger,adaptive,10,256,512,0.06408208100037882,7.609275415001321,0.02822988399930182,0,0,0,0,0,0,0.0001031659646386629,False,False,False,False
study07_s23_llama1b_kv5120_cap12-10_generation_stagger_adaptive,llama1b,5120,12,23,generation,stagger,adaptive,0,512,256,0.06249795899930177,3.9360924730008264,0.03720777000125963,0,0,0,0,0,0,0.0002872280001611216,False,False,False,False
study07_s23_llama1b_kv5120_cap12-10_generation_stagger_adaptive,llama1b,5120,12,23,generation,stagger,adaptive,5,128,64,0.048751152000477305,1.0631557990000147,0.053534939001110615,0,0,0,0,0,0,8.576117436653874e-05,False,False,False,False
study07_s23_llama1b_kv5120_cap12-10_generation_stagger_adaptive,llama1b,5120,12,23,generation,stagger,adaptive,6,512,64,0.07889998300015577,1.0455723750001198,0.022111550000772695,0,0,0,0,0,0,0.00010492527278138652,False,False,False,False
study07_s23_llama1b_kv5120_cap12-10_generation_stagger_adaptive,llama1b,5120,12,23,generation,stagger,adaptive,7,128,64,0.057147015000737156,1.1063898539996444,0.06007638800110726,0,0,0,0,0,0,0.00010252816903744133,False,False,False,False
study07_s23_llama1b_kv5120_cap12-10_generation_stagger_adaptive,llama1b,5120,12,23,generation,stagger,adaptive,4,128,256,0.05295726199983619,4.089149031000488,0.05976696699872264,0,0,0,0,0,0,0.00023863768409526642,False,False,False,False
study07_s23_llama1b_kv5120_cap12-10_generation_stagger_adaptive,llama1b,5120,12,23,generation,stagger,adaptive,8,512,256,0.08844594999936817,4.181863928999519,0.06479530700016767,0,0,0,0,0,0,9.086668987556834e-05,False,False,False,False
study07_s23_llama1b_kv5120_cap12-10_generation_stagger_adaptive,llama1b,5120,12,23,generation,stagger,adaptive,9,256,256,0.06942501600133255,4.145137503001024,0.06532241600143607,0,0,0,0,0,0,8.997898420393113e-05,False,False,False,False
study07_s23_llama1b_kv5120_cap12-10_generation_stagger_adaptive,llama1b,5120,12,23,generation,stagger,adaptive,1,256,768,0.05853422200016212,12.018198626999947,0.06507358500130067,0,0,0,0,0,0,9.326614236632169e-05,False,False,False,False
study07_s23_llama1b_kv5120_cap12-10_generation_stagger_adaptive,llama1b,5120,12,23,generation,stagger,adaptive,2,256,768,0.06547618600052374,12.028606572999706,0.06507089499973517,0,0,0,0,0,0,8.185303460994664e-05,False,False,False,False
study07_s23_llama1b_kv5120_cap12-10_generation_stagger_adaptive,llama1b,5120,12,23,generation,stagger,adaptive,11,256,64,0.0674750039997889,0.9640470300000743,0.017348732000755263,0,0,0,0,0,0,0.00010912005800278735,False,False,False,False
study07_s23_llama1b_kv5120_cap12-10_generation_stagger_adaptive,llama1b,5120,12,23,generation,stagger,adaptive,3,128,768,0.04335677199924248,12.033303012998658,0.06503298200004792,0,0,0,0,0,0,9.654202785602806e-05,False,False,False,False
study07_s23_llama1b_kv5120_cap12-10_generation_stagger_adaptive,llama1b,5120,12,23,generation,stagger,adaptive,10,512,768,0.10070773699953861,11.413817713999379,0.031068816000697552,0,0,0,0,0,0,0.0001039270320433161,False,False,False,False
study07_s23_llama1b_kv5120_cap12-11_generation_burst_fixed,llama1b,5120,12,23,generation,burst,fixed,5,128,64,0.05202332199951343,1.1751101889985875,0.06878190499992343,0,0,0,0,0,0,9.197100007440895e-05,False,False,False,False
study07_s23_llama1b_kv5120_cap12-11_generation_burst_fixed,llama1b,5120,12,23,generation,burst,fixed,6,512,64,0.09018016499976511,1.168081619998702,0.06858576900049229,0,0,0,0,0,0,0.00020074099957123615,False,False,False,False
study07_s23_llama1b_kv5120_cap12-11_generation_burst_fixed,llama1b,5120,12,23,generation,burst,fixed,7,128,64,0.08023710099951131,1.1496208249991469,0.06919501599986688,0,0,0,0,0,0,0.00012085800008204695,False,False,False,False
study07_s23_llama1b_kv5120_cap12-11_generation_burst_fixed,llama1b,5120,12,23,generation,burst,fixed,11,256,64,0.9996728639998764,1.888155946000552,0.01718530399921292,0,0,0,0,0,0,0.00022053499851604208,False,False,False,False
study07_s23_llama1b_kv5120_cap12-11_generation_burst_fixed,llama1b,5120,12,23,generation,burst,fixed,0,512,256,0.05821720999847457,4.028078992998417,0.06904042099995422,0,0,0,0,0,0,0.00010598900007607881,False,False,False,False
study07_s23_llama1b_kv5120_cap12-11_generation_burst_fixed,llama1b,5120,12,23,generation,burst,fixed,4,128,256,0.05176480100089975,3.955622845000107,0.06835272100033762,0,0,0,0,0,0,9.006199870781328e-05,False,False,False,False
study07_s23_llama1b_kv5120_cap12-11_generation_burst_fixed,llama1b,5120,12,23,generation,burst,fixed,8,512,256,0.09093543100061652,3.8804410379998444,0.06881607200011786,0,0,0,0,0,0,0.00010372599863328613,False,False,False,False
study07_s23_llama1b_kv5120_cap12-11_generation_burst_fixed,llama1b,5120,12,23,generation,burst,fixed,9,256,256,0.09693697200054885,3.8580073330012965,0.06894895400000678,0,0,0,0,0,0,0.00018428499861328218,False,False,False,False
study07_s23_llama1b_kv5120_cap12-11_generation_burst_fixed,llama1b,5120,12,23,generation,burst,fixed,1,256,768,0.06209543300064979,11.207040146000509,0.06894621200081019,0,0,0,0,0,0,0.00021238099834590407,False,False,False,False
study07_s23_llama1b_kv5120_cap12-11_generation_burst_fixed,llama1b,5120,12,23,generation,burst,fixed,2,256,768,0.06300375299906591,11.184618569999657,0.06931075600004988,0,0,0,0,0,0,7.486399990738746e-05,False,False,False,False
study07_s23_llama1b_kv5120_cap12-11_generation_burst_fixed,llama1b,5120,12,23,generation,burst,fixed,3,128,768,0.05084903100032534,11.160873574999641,0.06941029799963871,0,0,0,0,0,0,8.379899882127173e-05,False,False,False,False
study07_s23_llama1b_kv5120_cap12-11_generation_burst_fixed,llama1b,5120,12,23,generation,burst,fixed,10,512,768,0.11580920000051265,11.005226752000453,0.03414479700040829,0,0,0,0,0,0,0.00011192799865966663,False,False,False,False
study08_s77_qwen1.5b_kv3072_cap6-00_generation_stagger_adaptive,qwen1.5b,3072,6,77,generation,stagger,adaptive,0,512,64,0.07966161399963312,1.1431361830000242,0.02097187100116571,0,0,0,0,0,0,8.165399958670605e-05,False,False,False,False
study08_s77_qwen1.5b_kv3072_cap6-00_generation_stagger_adaptive,qwen1.5b,3072,6,77,generation,stagger,adaptive,1,256,64,0.06176563600092777,1.225924787000622,0.028474056998675223,0,0,0,0,0,0,0.0002169385771091381,False,False,False,False
study08_s77_qwen1.5b_kv3072_cap6-00_generation_stagger_adaptive,qwen1.5b,3072,6,77,generation,stagger,adaptive,4,256,256,0.0771507900008146,4.645278792000681,0.07948694500009879,0,0,0,0,0,0,8.976293167783922e-05,False,False,False,False
study08_s77_qwen1.5b_kv3072_cap6-00_generation_stagger_adaptive,qwen1.5b,3072,6,77,generation,stagger,adaptive,2,256,768,0.05332683699998597,14.027138037999975,0.08909717900132819,0,0,0,0,0,0,8.900751389218087e-05,False,False,False,False
study08_s77_qwen1.5b_kv3072_cap6-00_generation_stagger_adaptive,qwen1.5b,3072,6,77,generation,stagger,adaptive,3,512,768,0.11660907700024836,14.146276110999679,0.12782321400118235,0,0,0,0,0,0,0.00017532766319172666,False,False,False,False
study08_s77_qwen1.5b_kv3072_cap6-00_generation_stagger_adaptive,qwen1.5b,3072,6,77,generation,stagger,adaptive,5,128,768,0.06243331199948443,14.87393796499964,0.7543133199997101,1,819,0.626417350000338,0.626417350000338,0,0,7.493658085166999e-05,True,False,False,False
study08_s77_qwen1.5b_kv3072_cap6-00_generation_stagger_adaptive,qwen1.5b,3072,6,77,generation,stagger,adaptive,7,512,256,0.1207264379991102,14.983802196000397,10.166922611999325,1,683,9.977213831998597,9.977213831998597,9.96088326699828,10.166922611999325,0.00018271434047978374,True,True,True,True
study08_s77_qwen1.5b_kv3072_cap6-00_generation_stagger_adaptive,qwen1.5b,3072,6,77,generation,stagger,adaptive,10,128,64,12.888115362000462,13.975474382999892,0.02134692799882032,0,0,0,0,0,0,9.12433150519476e-05,False,False,False,False
study08_s77_qwen1.5b_kv3072_cap6-00_generation_stagger_adaptive,qwen1.5b,3072,6,77,generation,stagger,adaptive,11,256,64,12.423114715998963,13.510677107999072,0.021335378000003402,0,0,0,0,0,0,0.0001157122617430062,False,False,False,False
study08_s77_qwen1.5b_kv3072_cap6-00_generation_stagger_adaptive,qwen1.5b,3072,6,77,generation,stagger,adaptive,6,128,768,0.059644605998983025,18.809407527000076,5.067258459999721,1,594,4.879401176998726,4.879401176998726,4.861427330999504,5.067258459999721,8.781868283502803e-05,True,True,True,True
study08_s77_qwen1.5b_kv3072_cap6-00_generation_stagger_adaptive,qwen1.5b,3072,6,77,generation,stagger,adaptive,9,128,256,12.981316241999593,17.314705501999924,0.021330718000172055,0,0,0,0,0,0,8.67936129420599e-05,False,False,False,False
study08_s77_qwen1.5b_kv3072_cap6-00_generation_stagger_adaptive,qwen1.5b,3072,6,77,generation,stagger,adaptive,8,512,256,14.098379288001524,18.431997501000296,0.02132146899930376,0,0,0,0,0,0,7.942594168852679e-05,False,False,False,False
study08_s77_qwen1.5b_kv3072_cap6-01_generation_burst_fixed,qwen1.5b,3072,6,77,generation,burst,fixed,0,512,64,0.07594242300001497,1.4317383589987003,0.08753559700016922,0,0,0,0,0,0,0.0001964130005944753,False,False,False,False
study08_s77_qwen1.5b_kv3072_cap6-01_generation_burst_fixed,qwen1.5b,3072,6,77,generation,burst,fixed,1,256,64,0.09532122900054674,1.4288865340004122,0.0872156300010829,0,0,0,0,0,0,9.327100015070477e-05,False,False,False,False
study08_s77_qwen1.5b_kv3072_cap6-01_generation_burst_fixed,qwen1.5b,3072,6,77,generation,burst,fixed,4,256,256,0.1594480490002752,4.94019992199901,0.08508709800116776,0,0,0,0,0,0,8.50130007165606e-05,False,False,False,False
study08_s77_qwen1.5b_kv3072_cap6-01_generation_burst_fixed,qwen1.5b,3072,6,77,generation,burst,fixed,2,256,768,0.1168990730002406,14.332239803999983,0.0872275300007459,0,0,0,0,0,0,7.932299959065303e-05,False,False,False,False
study08_s77_qwen1.5b_kv3072_cap6-01_generation_burst_fixed,qwen1.5b,3072,6,77,generation,burst,fixed,3,512,768,0.15461086300092575,14.298983745000442,0.08512506899933214,0,0,0,0,0,0,8.006300013219114e-05,False,False,False,False
study08_s77_qwen1.5b_kv3072_cap6-01_generation_burst_fixed,qwen1.5b,3072,6,77,generation,burst,fixed,5,128,768,0.14772437499959779,15.308024901998579,1.0122398250005062,1,845,0.8899176119994081,0.8899176119994081,0.8716812069997104,1.0122398250005062,0.0001222200007759966,True,True,False,False
study08_s77_qwen1.5b_kv3072_cap6-01_generation_burst_fixed,qwen1.5b,3072,6,77,generation,burst,fixed,7,512,256,1.2344151849993068,16.065253840999503,10.257015773999228,1,674,9.977481054000236,9.977481054000236,9.958091696000338,10.257015773999228,0.00014861200033916555,True,True,True,True
study08_s77_qwen1.5b_kv3072_cap6-01_generation_burst_fixed,qwen1.5b,3072,6,77,generation,burst,fixed,10,128,64,15.191468384000473,16.30287111100006,0.0461818800013134,0,0,0,0,0,0,9.399299960932694e-05,False,False,False,False
study08_s77_qwen1.5b_kv3072_cap6-01_generation_burst_fixed,qwen1.5b,3072,6,77,generation,burst,fixed,11,256,64,15.930514889998449,17.000284766998448,0.019986177001555916,0,0,0,0,0,0,9.83880010607674e-05,False,False,False,False
study08_s77_qwen1.5b_kv3072_cap6-01_generation_burst_fixed,qwen1.5b,3072,6,77,generation,burst,fixed,9,128,256,15.241661087999091,19.713117045999752,0.04657330100053514,0,0,0,0,0,0,0.0001044580010784446,False,False,False,False
study08_s77_qwen1.5b_kv3072_cap6-01_generation_burst_fixed,qwen1.5b,3072,6,77,generation,burst,fixed,8,512,256,15.291566546000467,19.763542946000598,0.04646172899992962,0,0,0,0,0,0,0.00012655200007427592,False,False,False,False
study08_s77_qwen1.5b_kv3072_cap6-01_generation_burst_fixed,qwen1.5b,3072,6,77,generation,burst,fixed,6,128,768,1.1787891699987085,19.967323586999555,4.827500088000306,1,582,4.548830427000212,4.548830427000212,4.528340396000203,4.827500088000306,8.898100095389161e-05,True,True,True,False
study08_s77_qwen1.5b_kv3072_cap6-02_generation_burst_baseline,qwen1.5b,3072,6,77,generation,burst,baseline,0,512,64,0.08425873899977887,1.426705967000089,0.08716070399896125,0,0,0,0,0,0,9.214399869961198e-05,False,False,False,False
study08_s77_qwen1.5b_kv3072_cap6-02_generation_burst_baseline,qwen1.5b,3072,6,77,generation,burst,baseline,1,256,64,0.10746697499962465,1.4263608069995826,0.08705731500049296,0,0,0,0,0,0,8.467599873256126e-05,False,False,False,False
study08_s77_qwen1.5b_kv3072_cap6-02_generation_burst_baseline,qwen1.5b,3072,6,77,generation,burst,baseline,4,256,256,0.15751605199875485,4.94711678800013,0.08840358199995535,0,0,0,0,0,0,8.510799925715018e-05,False,False,False,False
study08_s77_qwen1.5b_kv3072_cap6-02_generation_burst_baseline,qwen1.5b,3072,6,77,generation,burst,baseline,2,256,768,0.11319418199855136,14.296021522999581,0.0955446200005099,0,0,0,0,0,0,9.079399969777469e-05,False,False,False,False
study08_s77_qwen1.5b_kv3072_cap6-02_generation_burst_baseline,qwen1.5b,3072,6,77,generation,burst,baseline,3,512,768,0.15051400199990894,14.264750301999811,0.09542437299933226,0,0,0,0,0,0,0.00017105799961425472,False,False,False,False
study08_s77_qwen1.5b_kv3072_cap6-02_generation_burst_baseline,qwen1.5b,3072,6,77,generation,burst,baseline,7,512,256,1.2322317540001677,14.798716838000473,8.167685267000707,2,1422,8.33234342400101,7.759561069000483,7.740944761000719,8.167685267000707,8.687199842821736e-05,True,True,True,True
study08_s77_qwen1.5b_kv3072_cap6-02_generation_burst_baseline,qwen1.5b,3072,6,77,generation,burst,baseline,5,128,768,0.14166388100056793,15.524169790000087,1.087626167000053,1,845,0.883106424998914,0.883106424998914,0.862492371999906,1.087626167000053,8.235699897340965e-05,True,True,False,False
study08_s77_qwen1.5b_kv3072_cap6-02_generation_burst_baseline,qwen1.5b,3072,6,77,generation,burst,baseline,10,128,64,14.340818008999122,15.572053428999425,0.10166017499977897,1,144,0.03559547299846599,0.03559547299846599,0,0,8.698899910086766e-05,False,False,False,False
study08_s77_qwen1.5b_kv3072_cap6-02_generation_burst_baseline,qwen1.5b,3072,6,77,generation,burst,baseline,11,256,64,14.682263640999736,15.81554009699903,0.023396016000333475,0,0,0,0,0,0,8.98339996637798e-05,False,False,False,False
study08_s77_qwen1.5b_kv3072_cap6-02_generation_burst_baseline,qwen1.5b,3072,6,77,generation,burst,baseline,9,128,256,14.390581798999847,19.097489612999198,0.0638770410005236,0,0,0,0,0,0,0.0001235499992617295,False,False,False,False
study08_s77_qwen1.5b_kv3072_cap6-02_generation_burst_baseline,qwen1.5b,3072,6,77,generation,burst,baseline,8,512,256,14.440709975000573,19.147943231999307,0.06379173699860985,0,0,0,0,0,0,8.762399884287841e-05,False,False,False,False
study08_s77_qwen1.5b_kv3072_cap6-02_generation_burst_baseline,qwen1.5b,3072,6,77,generation,burst,baseline,6,128,768,1.1761235530011618,20.28019041400148,4.719339432000197,1,581,4.5130914759993175,4.5130914759993175,4.494084840000141,4.719339432000197,7.747899799137592e-05,True,True,True,False
study08_s77_qwen1.5b_kv3072_cap6-03_generation_stagger_baseline,qwen1.5b,3072,6,77,generation,stagger,baseline,0,512,64,0.09065359700070985,1.230533326001023,0.021891162999963854,0,0,0,0,0,0,8.755699855100829e-05,False,False,False,False
study08_s77_qwen1.5b_kv3072_cap6-03_generation_stagger_baseline,qwen1.5b,3072,6,77,generation,stagger,baseline,1,256,64,0.05736454899852106,1.1472171469995374,0.022637026999291265,0,0,0,0,0,0,0.0001357575784319831,False,False,False,False
study08_s77_qwen1.5b_kv3072_cap6-03_generation_stagger_baseline,qwen1.5b,3072,6,77,generation,stagger,baseline,4,256,256,0.08742710899969097,4.959777770000073,0.08527043499998399,0,0,0,0,0,0,9.315593263004018e-05,False,False,False,False
study08_s77_qwen1.5b_kv3072_cap6-03_generation_stagger_baseline,qwen1.5b,3072,6,77,generation,stagger,baseline,2,256,768,0.05708333500115259,14.382511537000028,0.10590769199916394,0,0,0,0,0,0,9.122351410395524e-05,False,False,False,False
study08_s77_qwen1.5b_kv3072_cap6-03_generation_stagger_baseline,qwen1.5b,3072,6,77,generation,stagger,baseline,3,512,768,0.11914641899966227,14.605944655999338,0.2030284379998193,0,0,0,0,0,0,0.00010289166343691036,False,False,False,False
study08_s77_qwen1.5b_kv3072_cap6-03_generation_stagger_baseline,qwen1.5b,3072,6,77,generation,stagger,baseline,7,512,256,0.12146767299964267,14.162906892999672,8.414811160999307,2,1432,9.165988402999574,8.225486260000253,9.126436687000023,9.464970896000523,9.89573399410304e-05,True,True,True,True
study08_s77_qwen1.5b_kv3072_cap6-03_generation_stagger_baseline,qwen1.5b,3072,6,77,generation,stagger,baseline,5,128,768,0.06622332600090886,15.3811455390005,0.7771688279990485,1,819,0.5742281469993031,0.5742281469993031,0,0,0.00012347558003256154,True,False,False,False
study08_s77_qwen1.5b_kv3072_cap6-03_generation_stagger_baseline,qwen1.5b,3072,6,77,generation,stagger,baseline,10,128,64,12.097027382998931,13.769296819000374,0.3551541630004067,1,135,0.2867644799989648,0.2867644799989648,0,0,0.00011341131526609871,False,False,False,False
study08_s77_qwen1.5b_kv3072_cap6-03_generation_stagger_baseline,qwen1.5b,3072,6,77,generation,stagger,baseline,11,256,64,12.105770334001136,13.498043690000486,0.027110336999612628,0,0,0,0,0,0,9.823626102178906e-05,False,False,False,False
study08_s77_qwen1.5b_kv3072_cap6-03_generation_stagger_baseline,qwen1.5b,3072,6,77,generation,stagger,baseline,8,512,256,13.307507415000146,18.38055115700081,0.06669881400011946,0,0,0,0,0,0,9.931794232542757e-05,False,False,False,False
study08_s77_qwen1.5b_kv3072_cap6-03_generation_stagger_baseline,qwen1.5b,3072,6,77,generation,stagger,baseline,9,128,256,12.19028615299976,17.263784288999886,0.06633593600054155,0,0,0,0,0,0,0.00010835461457325835,False,False,False,False
study08_s77_qwen1.5b_kv3072_cap6-03_generation_stagger_baseline,qwen1.5b,3072,6,77,generation,stagger,baseline,6,128,768,0.08059912399949098,19.29818227299984,4.446742458001609,1,599,4.246123509999961,4.246123509999961,4.2252040690000285,4.446742458001609,0.0001005846833441737,True,True,True,False
study08_s77_qwen1.5b_kv3072_cap6-04_generation_stagger_fixed,qwen1.5b,3072,6,77,generation,stagger,fixed,0,512,64,0.08588320900162216,1.1939205520011456,0.024601350000011735,0,0,0,0,0,0,0.00011944399921048898,False,False,False,False
study08_s77_qwen1.5b_kv3072_cap6-04_generation_stagger_fixed,qwen1.5b,3072,6,77,generation,stagger,fixed,1,256,64,0.05109080699912738,1.1368220479998854,0.024147901000105776,0,0,0,0,0,0,7.732257840387113e-05,False,False,False,False
study08_s77_qwen1.5b_kv3072_cap6-04_generation_stagger_fixed,qwen1.5b,3072,6,77,generation,stagger,fixed,4,256,256,0.08433755800069775,5.106507235001118,0.07831869999972696,0,0,0,0,0,0,9.966793288462839e-05,False,False,False,False
study08_s77_qwen1.5b_kv3072_cap6-04_generation_stagger_fixed,qwen1.5b,3072,6,77,generation,stagger,fixed,2,256,768,0.05221483000059379,14.231218793000153,0.07934634199955326,0,0,0,0,0,0,0.00010075951512034109,False,False,False,False
study08_s77_qwen1.5b_kv3072_cap6-04_generation_stagger_fixed,qwen1.5b,3072,6,77,generation,stagger,fixed,3,512,768,0.12195033999887528,14.299470012998427,0.11895993899997848,0,0,0,0,0,0,9.750466447266959e-05,False,False,False,False
study08_s77_qwen1.5b_kv3072_cap6-04_generation_stagger_fixed,qwen1.5b,3072,6,77,generation,stagger,fixed,5,128,768,0.06535948799864855,14.859453751998444,0.6686786839982233,1,821,0.5466247570002452,0.5466247570002452,0,0,0.00011648158214683235,True,False,False,False
study08_s77_qwen1.5b_kv3072_cap6-04_generation_stagger_fixed,qwen1.5b,3072,6,77,generation,stagger,fixed,7,512,256,0.12623606699889933,14.898703318998741,9.886666111000523,1,687,9.702807375999328,9.702807375999328,9.683920363999277,9.886666111000523,0.00027726334148514553,True,True,True,True
study08_s77_qwen1.5b_kv3072_cap6-04_generation_stagger_fixed,qwen1.5b,3072,6,77,generation,stagger,fixed,10,128,64,13.304034592001699,14.38215937700079,0.020445875001314562,0,0,0,0,0,0,0.00010900731454643875,False,False,False,False
study08_s77_qwen1.5b_kv3072_cap6-04_generation_stagger_fixed,qwen1.5b,3072,6,77,generation,stagger,fixed,11,256,64,12.839086664000206,13.917737134999697,0.02045310299945413,0,0,0,0,0,0,0.00010820226203822614,False,False,False,False
study08_s77_qwen1.5b_kv3072_cap6-04_generation_stagger_fixed,qwen1.5b,3072,6,77,generation,stagger,fixed,6,128,768,0.05479605199980142,18.781597027000316,4.763067277999653,1,598,4.577842359998613,4.577842359998613,4.560381407998648,4.763067277999653,9.66296837878744e-05,True,True,True,False
study08_s77_qwen1.5b_kv3072_cap6-04_generation_stagger_fixed,qwen1.5b,3072,6,77,generation,stagger,fixed,8,512,256,14.0341528379995,18.423295107999365,0.06296252199899754,0,0,0,0,0,0,8.76419439315157e-05,False,False,False,False
study08_s77_qwen1.5b_kv3072_cap6-04_generation_stagger_fixed,qwen1.5b,3072,6,77,generation,stagger,fixed,9,128,256,12.917025458000353,17.30624966600044,0.06291536000026099,0,0,0,0,0,0,0.00020127961456317678,False,False,False,False
study08_s77_qwen1.5b_kv3072_cap6-05_generation_burst_adaptive,qwen1.5b,3072,6,77,generation,burst,adaptive,0,512,64,0.08072388500113448,1.3728060490011558,0.0890886249999312,0,0,0,0,0,0,0.00011517399980220944,False,False,False,False
study08_s77_qwen1.5b_kv3072_cap6-05_generation_burst_adaptive,qwen1.5b,3072,6,77,generation,burst,adaptive,1,256,64,0.10357761399973242,1.3717629210004816,0.08893352700033574,0,0,0,0,0,0,9.73460002569454e-05,False,False,False,False
study08_s77_qwen1.5b_kv3072_cap6-05_generation_burst_adaptive,qwen1.5b,3072,6,77,generation,burst,adaptive,4,256,256,0.16921820700008539,4.661797757000386,0.08492431599916017,0,0,0,0,0,0,0.00011785600036090527,False,False,False,False
study08_s77_qwen1.5b_kv3072_cap6-05_generation_burst_adaptive,qwen1.5b,3072,6,77,generation,burst,adaptive,2,256,768,0.12679493199902936,13.688743696000529,0.10118920500099193,0,0,0,0,0,0,0.000115584000377561,False,False,False,False
study08_s77_qwen1.5b_kv3072_cap6-05_generation_burst_adaptive,qwen1.5b,3072,6,77,generation,burst,adaptive,3,512,768,0.16564754800128867,13.641578775999733,0.10099049400014337,0,0,0,0,0,0,9.45429997954994e-05,False,False,False,False
study08_s77_qwen1.5b_kv3072_cap6-05_generation_burst_adaptive,qwen1.5b,3072,6,77,generation,burst,adaptive,5,128,768,0.15247670999997354,14.580925539999953,1.011324467999657,1,845,0.8091305190009734,0.8091305190009734,0.7912654900010239,1.011324467999657,7.960800030559767e-05,True,True,False,False
study08_s77_qwen1.5b_kv3072_cap6-05_generation_burst_adaptive,qwen1.5b,3072,6,77,generation,burst,adaptive,7,512,256,1.1762422070005414,14.981006812000487,8.803350743999545,2,1423,9.170545482000307,8.608567928000411,8.590563236999515,8.803350743999545,0.00012011300023001548,True,True,True,True
study08_s77_qwen1.5b_kv3072_cap6-05_generation_burst_adaptive,qwen1.5b,3072,6,77,generation,burst,adaptive,11,256,64,14.862244152998755,15.927895093998814,0.019205481999961194,0,0,0,0,0,0,8.075400110096886e-05,False,False,False,False
study08_s77_qwen1.5b_kv3072_cap6-05_generation_burst_adaptive,qwen1.5b,3072,6,77,generation,burst,adaptive,10,128,64,14.912149361000047,15.978014682999856,0.01908751399969333,0,0,0,0,0,0,9.572599992679898e-05,False,False,False,False
study08_s77_qwen1.5b_kv3072_cap6-05_generation_burst_adaptive,qwen1.5b,3072,6,77,generation,burst,adaptive,8,512,256,14.642923112000062,19.02583902399965,0.06202788399968995,0,0,0,0,0,0,0.00013500399982147027,False,False,False,False
study08_s77_qwen1.5b_kv3072_cap6-05_generation_burst_adaptive,qwen1.5b,3072,6,77,generation,burst,adaptive,9,128,256,14.592836728999828,18.976170619000186,0.061916673999803606,0,0,0,0,0,0,7.780600099066559e-05,False,False,False,False
study08_s77_qwen1.5b_kv3072_cap6-05_generation_burst_adaptive,qwen1.5b,3072,6,77,generation,burst,adaptive,6,128,768,1.1215898139998899,19.211423819999254,4.5178287899998395,1,582,4.318613870000263,4.318613870000263,4.297692367001218,4.5178287899998395,0.00013169400081092242,True,True,True,False
study09_s77_llama1b_kv5120_cap6-00_generation_burst_adaptive,llama1b,5120,6,77,generation,burst,adaptive,0,512,64,0.057311246999233845,1.0375050129987358,0.05834134300130245,0,0,0,0,0,0,0.00017936400035978295,False,False,False,False
study09_s77_llama1b_kv5120_cap6-00_generation_burst_adaptive,llama1b,5120,6,77,generation,burst,adaptive,1,256,64,0.058480848998442525,1.0245255819991144,0.0583916510004201,0,0,0,0,0,0,8.195700065698197e-05,False,False,False,False
study09_s77_llama1b_kv5120_cap6-00_generation_burst_adaptive,llama1b,5120,6,77,generation,burst,adaptive,4,256,256,0.08187707399883948,3.7725438100005704,0.060644445999059826,0,0,0,0,0,0,0.00012435900025592472,False,False,False,False
study09_s77_llama1b_kv5120_cap6-00_generation_burst_adaptive,llama1b,5120,6,77,generation,burst,adaptive,7,512,256,0.800194414001453,4.5073921410003095,0.05799090800064732,0,0,0,0,0,0,0.00010359899933970462,False,False,False,False
study09_s77_llama1b_kv5120_cap6-00_generation_burst_adaptive,llama1b,5120,6,77,generation,burst,adaptive,8,512,256,3.6454045930004213,7.383375719000469,0.026016562998847803,0,0,0,0,0,0,0.0001830929992138186,False,False,False,False
study09_s77_llama1b_kv5120_cap6-00_generation_burst_adaptive,llama1b,5120,6,77,generation,burst,adaptive,9,128,256,4.450512182000239,8.20140552399971,0.02606036200086237,0,0,0,0,0,0,0.00010723099949244697,False,False,False,False
study09_s77_llama1b_kv5120_cap6-00_generation_burst_adaptive,llama1b,5120,6,77,generation,burst,adaptive,10,128,64,7.318593915000747,8.273697382001046,0.037670906000130344,0,0,0,0,0,0,8.035899918468203e-05,False,False,False,False
study09_s77_llama1b_kv5120_cap6-00_generation_burst_adaptive,llama1b,5120,6,77,generation,burst,adaptive,11,256,64,8.156742241999382,9.081848687999809,0.018495746999178664,0,0,0,0,0,0,7.21780008461348e-05,False,False,False,False
study09_s77_llama1b_kv5120_cap6-00_generation_burst_adaptive,llama1b,5120,6,77,generation,burst,adaptive,2,256,768,0.05913254699953541,11.395767886999238,0.0608778589994472,0,0,0,0,0,0,9.324500060756136e-05,False,False,False,False
study09_s77_llama1b_kv5120_cap6-00_generation_burst_adaptive,llama1b,5120,6,77,generation,burst,adaptive,3,512,768,0.08236566400046286,11.373365126999488,0.060995751000518794,0,0,0,0,0,0,7.851799964553319e-05,False,False,False,False
study09_s77_llama1b_kv5120_cap6-00_generation_burst_adaptive,llama1b,5120,6,77,generation,burst,adaptive,5,128,768,0.06908247799947276,11.334647455998493,0.061107714998797746,0,0,0,0,0,0,0.00010597000073175877,False,False,False,False
study09_s77_llama1b_kv5120_cap6-00_generation_burst_adaptive,llama1b,5120,6,77,generation,burst,adaptive,6,128,768,0.7740689719994407,12.104811572000472,0.06078558300032455,0,0,0,0,0,0,7.636600021210249e-05,False,False,False,False
study09_s77_llama1b_kv5120_cap6-01_generation_stagger_fixed,llama1b,5120,6,77,generation,stagger,fixed,0,512,64,0.06650535500011756,0.9470496410012856,0.020447760000024573,0,0,0,0,0,0,8.755199814913794e-05,False,False,False,False
study09_s77_llama1b_kv5120_cap6-01_generation_stagger_fixed,llama1b,5120,6,77,generation,stagger,fixed,1,256,64,0.03781656299906899,0.8618016709988296,0.016533801999685238,0,0,0,0,0,0,0.00012089757733035889,False,False,False,False
study09_s77_llama1b_kv5120_cap6-01_generation_stagger_fixed,llama1b,5120,6,77,generation,stagger,fixed,4,256,256,0.0637337860007392,3.6663186280002265,0.0579615440001362,0,0,0,0,0,0,0.00010574193140477917,False,False,False,False
study09_s77_llama1b_kv5120_cap6-01_generation_stagger_fixed,llama1b,5120,6,77,generation,stagger,fixed,7,512,256,0.0894352040013473,3.7080022930003906,0.058216633999109035,0,0,0,0,0,0,0.00042676733930324673,False,False,False,False
study09_s77_llama1b_kv5120_cap6-01_generation_stagger_fixed,llama1b,5120,6,77,generation,stagger,fixed,8,512,256,2.5985327100006543,6.5303409099997225,0.02319429800081707,0,0,0,0,0,0,0.00017235594208031557,False,False,False,False
study09_s77_llama1b_kv5120_cap6-01_generation_stagger_fixed,llama1b,5120,6,77,generation,stagger,fixed,9,128,256,2.1621920649995445,6.117636581000625,0.02310910600135685,0,0,0,0,0,0,0.00012381861292531937,False,False,False,False
study09_s77_llama1b_kv5120_cap6-01_generation_stagger_fixed,llama1b,5120,6,77,generation,stagger,fixed,10,128,64,6.06195101099911,7.013080088998322,0.01884638699993957,0,0,0,0,0,0,8.899531517858605e-05,False,False,False,False
study09_s77_llama1b_kv5120_cap6-01_generation_stagger_fixed,llama1b,5120,6,77,generation,stagger,fixed,2,256,768,0.039290880999033106,11.439087917999132,0.06430564699985553,0,0,0,0,0,0,9.018151511908101e-05,False,False,False,False
study09_s77_llama1b_kv5120_cap6-01_generation_stagger_fixed,llama1b,5120,6,77,generation,stagger,fixed,3,512,768,0.09555752000051143,11.46374547600135,0.058500306000496494,0,0,0,0,0,0,8.704366186984558e-05,False,False,False,False
study09_s77_llama1b_kv5120_cap6-01_generation_stagger_fixed,llama1b,5120,6,77,generation,stagger,fixed,5,128,768,0.05202387200006342,11.390958404999765,0.05847993600036716,0,0,0,0,0,0,8.30575809160905e-05,False,False,False,False
study09_s77_llama1b_kv5120_cap6-01_generation_stagger_fixed,llama1b,5120,6,77,generation,stagger,fixed,11,256,64,7.945967674999338,8.813067143999433,0.01660398299827648,0,0,0,0,0,0,6.94012608279948e-05,False,False,False,False
study09_s77_llama1b_kv5120_cap6-01_generation_stagger_fixed,llama1b,5120,6,77,generation,stagger,fixed,6,128,768,0.041604752999774064,11.391341336999176,0.0583041999998386,0,0,0,0,0,0,0.00022850168253452097,False,False,False,False
study09_s77_llama1b_kv5120_cap6-02_generation_burst_baseline,llama1b,5120,6,77,generation,burst,baseline,0,512,64,0.05795525000030466,1.107803087999855,0.06431422199966619,0,0,0,0,0,0,8.533399886800908e-05,False,False,False,False
study09_s77_llama1b_kv5120_cap6-02_generation_burst_baseline,llama1b,5120,6,77,generation,burst,baseline,1,256,64,0.06859752399941499,1.0969266819993209,0.06403256299927307,0,0,0,0,0,0,9.298299955844136e-05,False,False,False,False
study09_s77_llama1b_kv5120_cap6-02_generation_burst_baseline,llama1b,5120,6,77,generation,burst,baseline,4,256,256,0.13134228700073436,3.7561135739997553,0.06170915200164018,0,0,0,0,0,0,7.423399874822989e-05,False,False,False,False
study09_s77_llama1b_kv5120_cap6-02_generation_burst_baseline,llama1b,5120,6,77,generation,burst,baseline,7,512,256,0.8727305170014006,4.474043703001371,0.05915578000167443,0,0,0,0,0,0,0.00010996499840981722,False,False,False,False
study09_s77_llama1b_kv5120_cap6-02_generation_burst_baseline,llama1b,5120,6,77,generation,burst,baseline,8,512,256,3.632205583000541,7.2846100040005695,0.019796160000623786,0,0,0,0,0,0,0.00011020599922628715,False,False,False,False
study09_s77_llama1b_kv5120_cap6-02_generation_burst_baseline,llama1b,5120,6,77,generation,burst,baseline,9,128,256,4.410203071000069,8.12268261400095,0.021972566999465926,0,0,0,0,0,0,9.434599887753192e-05,False,False,False,False
study09_s77_llama1b_kv5120_cap6-02_generation_burst_baseline,llama1b,5120,6,77,generation,burst,baseline,10,128,64,7.228453379000712,8.177523850999933,0.03344996200030437,0,0,0,0,0,0,7.959699905768503e-05,False,False,False,False
study09_s77_llama1b_kv5120_cap6-02_generation_burst_baseline,llama1b,5120,6,77,generation,burst,baseline,11,256,64,8.071720224999808,8.979029815998729,0.017856165999546647,0,0,0,0,0,0,0.00010106800000353466,False,False,False,False
study09_s77_llama1b_kv5120_cap6-02_generation_burst_baseline,llama1b,5120,6,77,generation,burst,baseline,2,256,768,0.07446954399893002,11.289517107999927,0.06400330200085591,0,0,0,0,0,0,9.010199973999433e-05,False,False,False,False
study09_s77_llama1b_kv5120_cap6-02_generation_burst_baseline,llama1b,5120,6,77,generation,burst,baseline,3,512,768,0.1096039859985467,11.266627977000098,0.06157870999959414,0,0,0,0,0,0,0.00014678999978057217,False,False,False,False
study09_s77_llama1b_kv5120_cap6-02_generation_burst_baseline,llama1b,5120,6,77,generation,burst,baseline,5,128,768,0.08155818399973214,11.193390705999263,0.061595186998602,0,0,0,0,0,0,0.00010436099910293706,False,False,False,False
study09_s77_llama1b_kv5120_cap6-02_generation_burst_baseline,llama1b,5120,6,77,generation,burst,baseline,6,128,768,0.8464433339995594,11.92730647999997,0.061268899000424426,0,0,0,0,0,0,7.90709993452321e-05,False,False,False,False
study09_s77_llama1b_kv5120_cap6-03_balanced_burst_baseline,llama1b,5120,6,77,balanced,burst,baseline,1,512,128,0.0907565399993473,2.2061128770001233,0.12220244199852459,0,0,0,0,0,0,8.586700023442695e-05,False,False,False,False
study09_s77_llama1b_kv5120_cap6-03_balanced_burst_baseline,llama1b,5120,6,77,balanced,burst,baseline,4,512,128,0.27149570699839387,2.15874199999962,0.05928200899870717,0,0,0,0,0,0,0.00010169200031667769,False,False,False,False
study09_s77_llama1b_kv5120_cap6-03_balanced_burst_baseline,llama1b,5120,6,77,balanced,burst,baseline,7,128,64,2.0465973789996497,2.937722672999371,0.018881160000091768,0,0,0,0,0,0,0.00010191400033360276,False,False,False,False
study09_s77_llama1b_kv5120_cap6-03_balanced_burst_baseline,llama1b,5120,6,77,balanced,burst,baseline,0,256,256,0.04518733700024313,4.134521207000944,0.12238571499983664,0,0,0,0,0,0,9.884799874271266e-05,False,False,False,False
study09_s77_llama1b_kv5120_cap6-03_balanced_burst_baseline,llama1b,5120,6,77,balanced,burst,baseline,6,512,128,2.0298983869997755,3.986069176999081,0.09746131899919419,0,0,0,0,0,0,0.00015630399975630205,False,False,False,False
study09_s77_llama1b_kv5120_cap6-03_balanced_burst_baseline,llama1b,5120,6,77,balanced,burst,baseline,8,256,64,2.936651639998672,3.9858466049990966,0.09696372299913492,0,0,0,0,0,0,0.00017719000024951637,False,False,False,False
study09_s77_llama1b_kv5120_cap6-03_balanced_burst_baseline,llama1b,5120,6,77,balanced,burst,baseline,10,256,64,3.839257366998936,4.7419251009996515,0.020095038998988457,0,0,0,0,0,0,0.00014955900041968562,False,False,False,False
study09_s77_llama1b_kv5120_cap6-03_balanced_burst_baseline,llama1b,5120,6,77,balanced,burst,baseline,9,1024,256,3.806789035001202,7.505243012001301,0.03796078899904387,0,0,0,0,0,0,0.00014472199909504324,False,False,False,False
study09_s77_llama1b_kv5120_cap6-03_balanced_burst_baseline,llama1b,5120,6,77,balanced,burst,baseline,2,1024,512,0.18147803300053056,7.935020307000741,0.11656885400043393,0,0,0,0,0,0,0.00016417499900853172,False,False,False,False
study09_s77_llama1b_kv5120_cap6-03_balanced_burst_baseline,llama1b,5120,6,77,balanced,burst,baseline,3,1024,512,0.24783231199944566,7.897631760000877,0.09720606500013673,0,0,0,0,0,0,0.00011614899958656277,False,False,False,False
study09_s77_llama1b_kv5120_cap6-03_balanced_burst_baseline,llama1b,5120,6,77,balanced,burst,baseline,5,128,512,0.22167724500104669,7.809639424000125,0.09706241700041573,0,0,0,0,0,0,0.0002142489993275376,False,False,False,False
study09_s77_llama1b_kv5120_cap6-03_balanced_burst_baseline,llama1b,5120,6,77,balanced,burst,baseline,11,128,256,3.8744633619990054,8.32821436499944,0.8752970919995278,1,317,0.8398449480009731,0.8398449480009731,0,0,9.788999996085401e-05,True,False,False,False
study09_s77_llama1b_kv5120_cap6-04_balanced_burst_adaptive,llama1b,5120,6,77,balanced,burst,adaptive,1,512,128,0.09362850399884337,2.1640445229986653,0.11528789600015443,0,0,0,0,0,0,0.0001166470003226977,False,False,False,False
study09_s77_llama1b_kv5120_cap6-04_balanced_burst_adaptive,llama1b,5120,6,77,balanced,burst,adaptive,4,512,128,0.2588131100001192,2.1176607980014523,0.058737377999932505,0,0,0,0,0,0,8.476699877063565e-05,False,False,False,False
study09_s77_llama1b_kv5120_cap6-04_balanced_burst_adaptive,llama1b,5120,6,77,balanced,burst,adaptive,7,128,64,2.006165630000396,2.8857369779998407,0.017154215998743894,0,0,0,0,0,0,0.0001569729996844793,False,False,False,False
study09_s77_llama1b_kv5120_cap6-04_balanced_burst_adaptive,llama1b,5120,6,77,balanced,burst,adaptive,0,256,256,0.037968917000398505,4.025734110000485,0.11523380099970382,0,0,0,0,0,0,0.00019167499885952566,False,False,False,False
study09_s77_llama1b_kv5120_cap6-04_balanced_burst_adaptive,llama1b,5120,6,77,balanced,burst,adaptive,6,512,128,1.9891144989996974,3.8936180410000816,0.10808675500084064,0,0,0,0,0,0,0.000188944000183211,False,False,False,False
study09_s77_llama1b_kv5120_cap6-04_balanced_burst_adaptive,llama1b,5120,6,77,balanced,burst,adaptive,8,256,64,2.885569771000519,3.885940253001536,0.1082277100013016,0,0,0,0,0,0,0.00011128999867648925,False,False,False,False
study09_s77_llama1b_kv5120_cap6-04_balanced_burst_adaptive,llama1b,5120,6,77,balanced,burst,adaptive,10,256,64,3.7452723320002406,4.638388770999882,0.02045483899928513,0,0,0,0,0,0,7.650099905731622e-05,False,False,False,False
study09_s77_llama1b_kv5120_cap6-04_balanced_burst_adaptive,llama1b,5120,6,77,balanced,burst,adaptive,9,1024,256,3.6995287819991063,7.349332231999142,0.03738944999895466,0,0,0,0,0,0,9.351199951196376e-05,False,False,False,False
study09_s77_llama1b_kv5120_cap6-04_balanced_burst_adaptive,llama1b,5120,6,77,balanced,burst,adaptive,2,1024,512,0.1681595150002977,7.790768803000901,0.11514756700125872,0,0,0,0,0,0,9.380999872518614e-05,False,False,False,False
study09_s77_llama1b_kv5120_cap6-04_balanced_burst_adaptive,llama1b,5120,6,77,balanced,burst,adaptive,3,1024,512,0.2331301699996402,7.755634250001094,0.10823189400070987,0,0,0,0,0,0,6.923699911565162e-05,False,False,False,False
study09_s77_llama1b_kv5120_cap6-04_balanced_burst_adaptive,llama1b,5120,6,77,balanced,burst,adaptive,5,128,512,0.20852411600026244,7.667692828999861,0.1083760319997964,0,0,0,0,0,0,8.145999890984967e-05,False,False,False,False
study09_s77_llama1b_kv5120_cap6-04_balanced_burst_adaptive,llama1b,5120,6,77,balanced,burst,adaptive,11,128,256,3.7744212729994615,8.151140691999899,0.838306637999267,1,317,0.8003294409991213,0.8003294409991213,0,0,8.083599932429131e-05,True,False,False,False
study09_s77_llama1b_kv5120_cap6-05_generation_stagger_adaptive,llama1b,5120,6,77,generation,stagger,adaptive,0,512,64,0.058306683000409976,0.8936578390002978,0.01693636700110801,0,0,0,0,0,0,7.726600051682908e-05,False,False,False,False
study09_s77_llama1b_kv5120_cap6-05_generation_stagger_adaptive,llama1b,5120,6,77,generation,stagger,adaptive,1,256,64,0.03972563699971943,0.9055556040002557,0.018612004998431075,0,0,0,0,0,0,9.793657777179554e-05,False,False,False,False
study09_s77_llama1b_kv5120_cap6-05_generation_stagger_adaptive,llama1b,5120,6,77,generation,stagger,adaptive,4,256,256,0.05331661700074619,3.744283997000821,0.05999200999940513,0,0,0,0,0,0,9.162193339129487e-05,False,False,False,False
study09_s77_llama1b_kv5120_cap6-05_generation_stagger_adaptive,llama1b,5120,6,77,generation,stagger,adaptive,7,512,256,0.08908434900149587,3.7734211270017113,0.05788630399911199,0,0,0,0,0,0,0.00010227934027984276,False,False,False,False
study09_s77_llama1b_kv5120_cap6-05_generation_stagger_adaptive,llama1b,5120,6,77,generation,stagger,adaptive,8,512,256,2.6740143499991973,6.206231460999334,0.024064221999651636,0,0,0,0,0,0,0.0001286549435768336,False,False,False,False
study09_s77_llama1b_kv5120_cap6-05_generation_stagger_adaptive,llama1b,5120,6,77,generation,stagger,adaptive,9,128,256,2.227765397999974,5.747631428001114,0.020196757999656256,0,0,0,0,0,0,9.451861355636026e-05,False,False,False,False
study09_s77_llama1b_kv5120_cap6-05_generation_stagger_adaptive,llama1b,5120,6,77,generation,stagger,adaptive,10,128,64,5.033253335999689,5.925544345000162,0.03570211400074186,0,0,0,0,0,0,0.00010146331611071702,False,False,False,False
study09_s77_llama1b_kv5120_cap6-05_generation_stagger_adaptive,llama1b,5120,6,77,generation,stagger,adaptive,11,256,64,5.2401804010005435,6.112235721000616,0.01734546199986653,0,0,0,0,0,0,0.0001006622617412134,False,False,False,False
study09_s77_llama1b_kv5120_cap6-05_generation_stagger_adaptive,llama1b,5120,6,77,generation,stagger,adaptive,2,256,768,0.04318353300004674,10.961254108999128,0.06070702800025174,0,0,0,0,0,0,9.838151571228693e-05,False,False,False,False
study09_s77_llama1b_kv5120_cap6-05_generation_stagger_adaptive,llama1b,5120,6,77,generation,stagger,adaptive,3,512,768,0.08437566999964474,10.957570515000043,0.059721420000641956,0,0,0,0,0,0,0.00012745666422242508,False,False,False,False
study09_s77_llama1b_kv5120_cap6-05_generation_stagger_adaptive,llama1b,5120,6,77,generation,stagger,adaptive,5,128,768,0.04230553399975179,10.874057222999909,0.05976202600140823,0,0,0,0,0,0,9.739558117161096e-05,False,False,False,False
study09_s77_llama1b_kv5120_cap6-05_generation_stagger_adaptive,llama1b,5120,6,77,generation,stagger,adaptive,6,128,768,0.04356535299848474,10.84785530499903,0.059961390999887954,0,0,0,0,0,0,7.544668452563741e-05,False,False,False,False
study09_s77_llama1b_kv5120_cap6-06_balanced_burst_fixed,llama1b,5120,6,77,balanced,burst,fixed,1,512,128,0.08877755700086709,2.088235560000612,0.1125620640013949,0,0,0,0,0,0,7.161899993661514e-05,False,False,False,False
study09_s77_llama1b_kv5120_cap6-06_balanced_burst_fixed,llama1b,5120,6,77,balanced,burst,fixed,4,512,128,0.2497631870010082,1.9933265340005164,0.017423534000045038,0,0,0,0,0,0,0.00011039699966203242,False,False,False,False
study09_s77_llama1b_kv5120_cap6-06_balanced_burst_fixed,llama1b,5120,6,77,balanced,burst,fixed,0,256,256,0.03836293299900717,3.90760292899904,0.11276619900127116,0,0,0,0,0,0,8.666500070830807e-05,False,False,False,False
study09_s77_llama1b_kv5120_cap6-06_balanced_burst_fixed,llama1b,5120,6,77,balanced,burst,fixed,6,512,128,1.9701609029998508,3.736302610999701,0.019443273999058874,0,0,0,0,0,0,0.00011534799996293366,False,False,False,False
study09_s77_llama1b_kv5120_cap6-06_balanced_burst_fixed,llama1b,5120,6,77,balanced,burst,fixed,8,256,64,3.6944545389997074,4.569282570000723,0.016341573998943204,0,0,0,0,0,0,0.0001185830002213839,False,False,False,False
study09_s77_llama1b_kv5120_cap6-06_balanced_burst_fixed,llama1b,5120,6,77,balanced,burst,fixed,7,128,64,3.7445471190003445,4.61943658599921,0.016296251000312623,0,0,0,0,0,0,8.866300086080026e-05,False,False,False,False
study09_s77_llama1b_kv5120_cap6-06_balanced_burst_fixed,llama1b,5120,6,77,balanced,burst,fixed,2,1024,512,0.1662296280010196,7.548496377999982,0.11252421700010018,0,0,0,0,0,0,0.00010900599991145454,False,False,False,False
study09_s77_llama1b_kv5120_cap6-06_balanced_burst_fixed,llama1b,5120,6,77,balanced,burst,fixed,3,1024,512,0.2286014220007928,7.514620079000451,0.07140789899858646,0,0,0,0,0,0,0.00011363200028424725,False,False,False,False
study09_s77_llama1b_kv5120_cap6-06_balanced_burst_fixed,llama1b,5120,6,77,balanced,burst,fixed,5,128,512,0.19959713599928364,7.547747008000442,0.13317256499976793,0,0,0,0,0,0,8.177100062312093e-05,False,False,False,False
study09_s77_llama1b_kv5120_cap6-06_balanced_burst_fixed,llama1b,5120,6,77,balanced,burst,fixed,10,256,64,7.298138944999664,8.234868675999678,0.025546209000822273,0,0,0,0,0,0,0.00010954100071103312,False,False,False,False
study09_s77_llama1b_kv5120_cap6-06_balanced_burst_fixed,llama1b,5120,6,77,balanced,burst,fixed,9,1024,256,7.349054635998982,11.080057182000019,0.024675063001268427,0,0,0,0,0,0,0.0001479610007663612,False,False,False,False
study09_s77_llama1b_kv5120_cap6-06_balanced_burst_fixed,llama1b,5120,6,77,balanced,burst,fixed,11,128,256,7.273568736000016,10.98359733899997,0.020866434000708978,0,0,0,0,0,0,0.00011087800085074484,False,False,False,False
study09_s77_llama1b_kv5120_cap6-07_generation_burst_fixed,llama1b,5120,6,77,generation,burst,fixed,0,512,64,0.05627096799980791,1.0727982899989001,0.060076017000028514,0,0,0,0,0,0,0.0001967150001291884,False,False,False,False
study09_s77_llama1b_kv5120_cap6-07_generation_burst_fixed,llama1b,5120,6,77,generation,burst,fixed,1,256,64,0.051527744999475544,1.0633297209988086,0.06017897499987157,0,0,0,0,0,0,9.570000038365556e-05,False,False,False,False
study09_s77_llama1b_kv5120_cap6-07_generation_burst_fixed,llama1b,5120,6,77,generation,burst,fixed,4,256,256,0.0966820909998205,3.825463719000254,0.06585646900020947,0,0,0,0,0,0,0.00011909700042450622,False,False,False,False
study09_s77_llama1b_kv5120_cap6-07_generation_burst_fixed,llama1b,5120,6,77,generation,burst,fixed,7,512,256,0.8462860519994138,4.548562238000159,0.06074938799974916,0,0,0,0,0,0,7.545299959016427e-05,False,False,False,False
study09_s77_llama1b_kv5120_cap6-07_generation_burst_fixed,llama1b,5120,6,77,generation,burst,fixed,8,512,256,3.7035809389999486,7.376226770998983,0.020131346998823574,0,0,0,0,0,0,0.0001572840006701659,False,False,False,False
study09_s77_llama1b_kv5120_cap6-07_generation_burst_fixed,llama1b,5120,6,77,generation,burst,fixed,9,128,256,4.485738892999507,8.17873457800124,0.023709719000180485,0,0,0,0,0,0,0.00020252299946149632,False,False,False,False
study09_s77_llama1b_kv5120_cap6-07_generation_burst_fixed,llama1b,5120,6,77,generation,burst,fixed,10,128,64,7.318030685999474,8.231286913998701,0.018428630000926205,0,0,0,0,0,0,0.00011814900062745437,False,False,False,False
study09_s77_llama1b_kv5120_cap6-07_generation_burst_fixed,llama1b,5120,6,77,generation,burst,fixed,2,256,768,0.06508953099910286,11.295923073999802,0.06594418699933158,0,0,0,0,0,0,0.00022129000026324674,False,False,False,False
study09_s77_llama1b_kv5120_cap6-07_generation_burst_fixed,llama1b,5120,6,77,generation,burst,fixed,3,512,768,0.09235103699938918,11.295164846000262,0.0659484040006646,0,0,0,0,0,0,0.00010396199977547038,False,False,False,False
study09_s77_llama1b_kv5120_cap6-07_generation_burst_fixed,llama1b,5120,6,77,generation,burst,fixed,5,128,768,0.06701805600096122,11.236372661000132,0.06576970499918389,0,0,0,0,0,0,7.80789996497333e-05,False,False,False,False
study09_s77_llama1b_kv5120_cap6-07_generation_burst_fixed,llama1b,5120,6,77,generation,burst,fixed,6,128,768,0.8131386519999069,11.931187739000961,0.06596388200159709,0,0,0,0,0,0,0.00012073599937134638,False,False,False,False
study09_s77_llama1b_kv5120_cap6-07_generation_burst_fixed,llama1b,5120,6,77,generation,burst,fixed,11,256,64,10.894966457000919,11.738741320001282,0.016580563000388793,0,0,0,0,0,0,9.761799919938419e-05,False,False,False,False
study09_s77_llama1b_kv5120_cap6-08_balanced_stagger_fixed,llama1b,5120,6,77,balanced,stagger,fixed,1,512,128,0.0912430200005474,2.1241891970003053,0.11175821399956476,0,0,0,0,0,0,0.00011187573931703554,False,False,False,False
study09_s77_llama1b_kv5120_cap6-08_balanced_stagger_fixed,llama1b,5120,6,77,balanced,stagger,fixed,0,256,256,0.036395225000887876,4.015988611001376,0.11163491099978273,0,0,0,0,0,0,8.609099859313574e-05,False,False,False,False
study09_s77_llama1b_kv5120_cap6-08_balanced_stagger_fixed,llama1b,5120,6,77,balanced,stagger,fixed,4,512,128,0.16319063999981154,2.0276955289991747,0.02162091100035468,0,0,0,0,0,0,0.00011627214326681568,False,False,False,False
study09_s77_llama1b_kv5120_cap6-08_balanced_stagger_fixed,llama1b,5120,6,77,balanced,stagger,fixed,7,128,64,0.8195689260010113,1.7313485460017546,0.019226595999498386,0,0,0,0,0,0,7.279703413498595e-05,False,False,False,False
study09_s77_llama1b_kv5120_cap6-08_balanced_stagger_fixed,llama1b,5120,6,77,balanced,stagger,fixed,6,512,128,1.071569603000171,2.9135740920009994,0.019305396999698132,0,0,0,0,0,0,7.532577356039738e-05,False,False,False,False
study09_s77_llama1b_kv5120_cap6-08_balanced_stagger_fixed,llama1b,5120,6,77,balanced,stagger,fixed,8,256,64,2.581592194001132,3.4825822610000614,0.01704762400004256,0,0,0,0,0,0,9.47720726611756e-05,False,False,False,False
study09_s77_llama1b_kv5120_cap6-08_balanced_stagger_fixed,llama1b,5120,6,77,balanced,stagger,fixed,2,1024,512,0.1319183069990686,7.780929680000554,0.11171041299894569,0,0,0,0,0,0,0.0001272797445699414,False,False,False,False
study09_s77_llama1b_kv5120_cap6-08_balanced_stagger_fixed,llama1b,5120,6,77,balanced,stagger,fixed,3,1024,512,0.13847738900039985,7.822157048000008,0.14929157700134965,0,0,0,0,0,0,0.0001160587091562082,False,False,False,False
study09_s77_llama1b_kv5120_cap6-08_balanced_stagger_fixed,llama1b,5120,6,77,balanced,stagger,fixed,10,256,64,3.8084427480007434,4.7078324550002435,0.01887775499926647,0,0,0,0,0,0,0.00011023955602595947,False,False,False,False
study09_s77_llama1b_kv5120_cap6-08_balanced_stagger_fixed,llama1b,5120,6,77,balanced,stagger,fixed,5,128,512,0.05096961699928215,7.591444615,0.14881305299968517,0,0,0,0,0,0,8.515136156628245e-05,False,False,False,False
study09_s77_llama1b_kv5120_cap6-08_balanced_stagger_fixed,llama1b,5120,6,77,balanced,stagger,fixed,9,1024,256,4.638731740000367,8.233279197998854,0.01928613400014001,0,0,0,0,0,0,9.729247705703159e-05,False,False,False,False
study09_s77_llama1b_kv5120_cap6-08_balanced_stagger_fixed,llama1b,5120,6,77,balanced,stagger,fixed,11,128,256,3.211527080000451,6.806468890999895,0.01929706000009901,0,0,0,0,0,0,9.65487853701319e-05,False,False,False,False
study09_s77_llama1b_kv5120_cap6-09_generation_stagger_baseline,llama1b,5120,6,77,generation,stagger,baseline,0,512,64,0.062248201998954755,0.928186998999081,0.018306440999367624,0,0,0,0,0,0,0.0001982079993467778,False,False,False,False
study09_s77_llama1b_kv5120_cap6-09_generation_stagger_baseline,llama1b,5120,6,77,generation,stagger,baseline,1,256,64,0.038303125998936594,0.8758353539997188,0.016413368000939954,0,0,0,0,0,0,0.000136067577882093,False,False,False,False
study09_s77_llama1b_kv5120_cap6-09_generation_stagger_baseline,llama1b,5120,6,77,generation,stagger,baseline,4,256,256,0.06635013899904152,3.7653064539990737,0.060912783001185744,0,0,0,0,0,0,7.695993292422543e-05,False,False,False,False
study09_s77_llama1b_kv5120_cap6-09_generation_stagger_baseline,llama1b,5120,6,77,generation,stagger,baseline,7,512,256,0.0896171439999307,3.777597620999586,0.06209386600130529,0,0,0,0,0,0,8.239933951603717e-05,False,False,False,False
study09_s77_llama1b_kv5120_cap6-09_generation_stagger_baseline,llama1b,5120,6,77,generation,stagger,baseline,8,512,256,2.701616966000074,6.432827130998703,0.024467837998599862,0,0,0,0,0,0,0.00011145694264413919,False,False,False,False
study09_s77_llama1b_kv5120_cap6-09_generation_stagger_baseline,llama1b,5120,6,77,generation,stagger,baseline,9,128,256,2.2327072529988072,5.982554930998958,0.02287443900058861,0,0,0,0,0,0,0.0001237586135598434,False,False,False,False
study09_s77_llama1b_kv5120_cap6-09_generation_stagger_baseline,llama1b,5120,6,77,generation,stagger,baseline,10,128,64,5.261861503000546,6.226933715000996,0.03531062499860127,0,0,0,0,0,0,0.0002088843137757479,False,False,False,False
study09_s77_llama1b_kv5120_cap6-09_generation_stagger_baseline,llama1b,5120,6,77,generation,stagger,baseline,11,256,64,5.475241039999673,6.408772946000681,0.02059305900002073,0,0,0,0,0,0,9.195826102104121e-05,False,False,False,False
study09_s77_llama1b_kv5120_cap6-09_generation_stagger_baseline,llama1b,5120,6,77,generation,stagger,baseline,2,256,768,0.03978225299943006,11.382290052999451,0.0627578400017228,0,0,0,0,0,0,8.794951507651305e-05,False,False,False,False
study09_s77_llama1b_kv5120_cap6-09_generation_stagger_baseline,llama1b,5120,6,77,generation,stagger,baseline,3,512,768,0.0802245849990868,11.396563319000052,0.062315786999533884,0,0,0,0,0,0,8.017066315924026e-05,False,False,False,False
study09_s77_llama1b_kv5120_cap6-09_generation_stagger_baseline,llama1b,5120,6,77,generation,stagger,baseline,5,128,768,0.046450577001451165,11.348884927001563,0.06245368200143275,0,0,0,0,0,0,0.00010296557956479546,False,False,False,False
study09_s77_llama1b_kv5120_cap6-09_generation_stagger_baseline,llama1b,5120,6,77,generation,stagger,baseline,6,128,768,0.03914163199988252,11.317002470999796,0.06222961499952362,0,0,0,0,0,0,8.201668325735767e-05,False,False,False,False
study09_s77_llama1b_kv5120_cap6-10_balanced_stagger_adaptive,llama1b,5120,6,77,balanced,stagger,adaptive,1,512,128,0.09483087499938847,2.226144240999929,0.11451439699885668,0,0,0,0,0,0,9.105074081627862e-05,False,False,False,False
study09_s77_llama1b_kv5120_cap6-10_balanced_stagger_adaptive,llama1b,5120,6,77,balanced,stagger,adaptive,0,256,256,0.0420945389996632,4.166451835999396,0.11457913699996425,0,0,0,0,0,0,0.00011364700003468897,False,False,False,False
study09_s77_llama1b_kv5120_cap6-10_balanced_stagger_adaptive,llama1b,5120,6,77,balanced,stagger,adaptive,4,512,128,0.0857771370010596,2.0373115910006163,0.06514124600107607,0,0,0,0,0,0,7.917514404498505e-05,False,False,False,False
study09_s77_llama1b_kv5120_cap6-10_balanced_stagger_adaptive,llama1b,5120,6,77,balanced,stagger,adaptive,7,128,64,0.6275513639993733,1.5780788110005233,0.03344170400123403,0,0,0,0,0,0,9.470703616809573e-05,False,False,False,False
study09_s77_llama1b_kv5120_cap6-10_balanced_stagger_adaptive,llama1b,5120,6,77,balanced,stagger,adaptive,8,256,64,0.6593798829999287,1.675830619999033,0.11233504399933736,0,0,0,0,0,0,1.811807476714833e-05,False,False,False,False
study09_s77_llama1b_kv5120_cap6-10_balanced_stagger_adaptive,llama1b,5120,6,77,balanced,stagger,adaptive,6,512,128,0.09810879999895405,2.128846182999041,0.11240934199850017,0,0,0,0,0,0,7.438377533697249e-05,False,False,False,False
study09_s77_llama1b_kv5120_cap6-10_balanced_stagger_adaptive,llama1b,5120,6,77,balanced,stagger,adaptive,10,256,64,0.6351517639996018,1.5740161310004623,0.02281428800051799,0,0,0,0,0,0,9.183855735628299e-05,False,False,False,False
study09_s77_llama1b_kv5120_cap6-10_balanced_stagger_adaptive,llama1b,5120,6,77,balanced,stagger,adaptive,2,1024,512,0.13538738500028558,8.04182990300069,0.11486117099957482,0,0,0,0,0,0,7.980074509306156e-05,False,False,False,False
study09_s77_llama1b_kv5120_cap6-10_balanced_stagger_adaptive,llama1b,5120,6,77,balanced,stagger,adaptive,3,1024,512,0.14817130000119505,7.971951707000699,0.1122074060003797,0,0,0,0,0,0,0.0002588747103999811,False,False,False,False
study09_s77_llama1b_kv5120_cap6-10_balanced_stagger_adaptive,llama1b,5120,6,77,balanced,stagger,adaptive,9,1024,256,1.3126606610003364,5.093125061001047,0.0370993090000411,0,0,0,0,0,0,7.64274771603013e-05,False,False,False,False
study09_s77_llama1b_kv5120_cap6-10_balanced_stagger_adaptive,llama1b,5120,6,77,balanced,stagger,adaptive,11,128,256,0.09798562899959506,4.067140843999368,0.27159147199927247,1,332,0.2366392409985565,0.2366392409985565,0,0,8.381178682803636e-05,False,False,False,False
study09_s77_llama1b_kv5120_cap6-10_balanced_stagger_adaptive,llama1b,5120,6,77,balanced,stagger,adaptive,5,128,512,0.04321376000007149,7.673339130000386,0.11221972900057153,0,0,0,0,0,0,9.030836205337067e-05,False,False,False,False
study09_s77_llama1b_kv5120_cap6-11_balanced_stagger_baseline,llama1b,5120,6,77,balanced,stagger,baseline,1,512,128,0.08645846500076004,2.1631948220001505,0.11669316199913737,0,0,0,0,0,0,8.447173990600021e-05,False,False,False,False
study09_s77_llama1b_kv5120_cap6-11_balanced_stagger_baseline,llama1b,5120,6,77,balanced,stagger,baseline,0,256,256,0.04372476100070344,4.082780673001253,0.1166102930001216,0,0,0,0,0,0,0.00013075099923298694,False,False,False,False
study09_s77_llama1b_kv5120_cap6-11_balanced_stagger_baseline,llama1b,5120,6,77,balanced,stagger,baseline,4,512,128,0.08349912499943457,2.0009011729998747,0.06132519399943703,0,0,0,0,0,0,0.00012036814360572023,False,False,False,False
study09_s77_llama1b_kv5120_cap6-11_balanced_stagger_baseline,llama1b,5120,6,77,balanced,stagger,baseline,7,128,64,0.5501871629985544,1.501240619998498,0.038979582001047675,0,0,0,0,0,0,7.753203635640915e-05,False,False,False,False
study09_s77_llama1b_kv5120_cap6-11_balanced_stagger_baseline,llama1b,5120,6,77,balanced,stagger,baseline,8,256,64,0.6312658810002176,1.6624500190009712,0.11509986099918024,0,0,0,0,0,0,0.00013427207330041213,False,False,False,False
study09_s77_llama1b_kv5120_cap6-11_balanced_stagger_baseline,llama1b,5120,6,77,balanced,stagger,baseline,6,512,128,0.08382780099964293,2.1108455789999425,0.11509317899981397,0,0,0,0,0,0,7.778677527392475e-05,False,False,False,False
study09_s77_llama1b_kv5120_cap6-11_balanced_stagger_baseline,llama1b,5120,6,77,balanced,stagger,baseline,10,256,64,0.6218054979999579,1.5903518200011604,0.024517500000001746,0,0,0,0,0,0,0.00010024755619397752,False,False,False,False
study09_s77_llama1b_kv5120_cap6-11_balanced_stagger_baseline,llama1b,5120,6,77,balanced,stagger,baseline,2,1024,512,0.132792108999638,8.051708213999518,0.11631433299953642,0,0,0,0,0,0,0.00011996374554201772,False,False,False,False
study09_s77_llama1b_kv5120_cap6-11_balanced_stagger_baseline,llama1b,5120,6,77,balanced,stagger,baseline,3,1024,512,0.14194494799994573,7.98336288199971,0.1149857679993147,0,0,0,0,0,0,8.148971048460574e-05,False,False,False,False
study09_s77_llama1b_kv5120_cap6-11_balanced_stagger_baseline,llama1b,5120,6,77,balanced,stagger,baseline,9,1024,256,1.2398364220007352,5.085257889000786,0.035942290000093635,0,0,0,0,0,0,8.358447650547163e-05,False,False,False,False
study09_s77_llama1b_kv5120_cap6-11_balanced_stagger_baseline,llama1b,5120,6,77,balanced,stagger,baseline,11,128,256,0.07986840600096912,4.118591055001161,0.27494831700096256,1,330,0.23889163399871904,0.23889163399871904,0,0,0.00011874178577464534,False,False,False,False
study09_s77_llama1b_kv5120_cap6-11_balanced_stagger_baseline,llama1b,5120,6,77,balanced,stagger,baseline,5,128,512,0.04409265600043,7.788435100999777,0.11480895900058385,0,0,0,0,0,0,9.9408362223663e-05,False,False,False,False
study10_s77_llama1b_kv3072_cap3-00_generation_burst_baseline,llama1b,3072,3,77,generation,burst,baseline,0,512,64,0.05829265300053521,0.9835772290007299,0.03688074000092456,0,0,0,0,0,0,0.00010387799920863472,False,False,False,False
study10_s77_llama1b_kv3072_cap3-00_generation_burst_baseline,llama1b,3072,3,77,generation,burst,baseline,1,256,64,0.05668225599947618,1.007270456999322,0.0568531159988197,0,0,0,0,0,0,9.699000038380923e-05,False,False,False,False
study10_s77_llama1b_kv3072_cap3-00_generation_burst_baseline,llama1b,3072,3,77,generation,burst,baseline,4,256,256,0.9101773040001717,4.439762206000523,0.01863778200095112,0,0,0,0,0,0,0.00011800899919761632,False,False,False,False
study10_s77_llama1b_kv3072_cap3-00_generation_burst_baseline,llama1b,3072,3,77,generation,burst,baseline,2,256,768,0.05762769600005413,10.939702481000495,0.056972288999531884,0,0,0,0,0,0,0.0001097749995096764,False,False,False,False
study10_s77_llama1b_kv3072_cap3-00_generation_burst_baseline,llama1b,3072,3,77,generation,burst,baseline,3,512,768,0.9070934760002274,11.770884755000225,0.038579485000809655,0,0,0,0,0,0,9.46300002396816e-05,False,False,False,False
study10_s77_llama1b_kv3072_cap3-00_generation_burst_baseline,llama1b,3072,3,77,generation,burst,baseline,7,512,256,11.64594351300002,15.236086323999189,0.019240861000071163,0,0,0,0,0,0,8.087200003498163e-05,False,False,False,False
study10_s77_llama1b_kv3072_cap3-00_generation_burst_baseline,llama1b,3072,3,77,generation,burst,baseline,5,128,768,4.426701151000088,15.41089681700032,0.059512559999348014,0,0,0,0,0,0,0.00010123500032932498,False,False,False,False
study10_s77_llama1b_kv3072_cap3-00_generation_burst_baseline,llama1b,3072,3,77,generation,burst,baseline,8,512,256,15.260877121001613,18.96222446200045,0.024022404999413993,0,0,0,0,0,0,8.242399926527977e-05,False,False,False,False
study10_s77_llama1b_kv3072_cap3-00_generation_burst_baseline,llama1b,3072,3,77,generation,burst,baseline,9,128,256,15.253129931999865,18.948385007999605,0.02411503300027107,0,0,0,0,0,0,9.760900029504027e-05,False,False,False,False
study10_s77_llama1b_kv3072_cap3-00_generation_burst_baseline,llama1b,3072,3,77,generation,burst,baseline,10,128,64,18.898616485001185,19.848130202000903,0.03762150600050518,0,0,0,0,0,0,7.958499918458983e-05,False,False,False,False
study10_s77_llama1b_kv3072_cap3-00_generation_burst_baseline,llama1b,3072,3,77,generation,burst,baseline,11,256,64,18.90146979200108,19.824345209000967,0.03059567399941443,0,0,0,0,0,0,8.58079994940919e-05,False,False,False,False
study10_s77_llama1b_kv3072_cap3-00_generation_burst_baseline,llama1b,3072,3,77,generation,burst,baseline,6,128,768,10.777367734999643,21.84144731000015,0.0596467119994486,0,0,0,0,0,0,0.00010430400034233678,False,False,False,False
study10_s77_llama1b_kv3072_cap3-01_balanced_burst_adaptive,llama1b,3072,3,77,balanced,burst,adaptive,1,512,128,0.08176620799895318,1.9733529889999772,0.11413451299995359,0,0,0,0,0,0,8.412800088990202e-05,False,False,False,False
study10_s77_llama1b_kv3072_cap3-01_balanced_burst_adaptive,llama1b,3072,3,77,balanced,burst,adaptive,0,256,256,0.041678322000734624,3.8878188920007233,0.11416998899949249,0,0,0,0,0,0,0.00024315200062119402,False,False,False,False
study10_s77_llama1b_kv3072_cap3-01_balanced_burst_adaptive,llama1b,3072,3,77,balanced,burst,adaptive,2,1024,512,0.1622813900012261,7.412470402001418,0.10302137899998343,0,0,0,0,0,0,8.725999978195786e-05,False,False,False,False
study10_s77_llama1b_kv3072_cap3-01_balanced_burst_adaptive,llama1b,3072,3,77,balanced,burst,adaptive,4,512,128,3.7631225870009075,8.638065225999526,3.1513013990006584,1,547,3.0712861709998833,3.0712861709998833,3.059727185000156,3.1513013990006584,0.00022904600045875467,True,True,True,False
study10_s77_llama1b_kv3072_cap3-01_balanced_burst_adaptive,llama1b,3072,3,77,balanced,burst,adaptive,3,1024,512,1.9924051250000048,9.198987832000057,0.07289584700083651,0,0,0,0,0,0,7.693600091440711e-05,False,False,False,False
study10_s77_llama1b_kv3072_cap3-01_balanced_burst_adaptive,llama1b,3072,3,77,balanced,burst,adaptive,7,128,64,9.036824155000431,9.887686346999544,0.017051143999196938,0,0,0,0,0,0,8.915800062819779e-05,False,False,False,False
study10_s77_llama1b_kv3072_cap3-01_balanced_burst_adaptive,llama1b,3072,3,77,balanced,burst,adaptive,6,512,128,8.610584505999213,10.360504198999479,0.03147612500106334,0,0,0,0,0,0,8.316500061478216e-05,False,False,False,False
study10_s77_llama1b_kv3072_cap3-01_balanced_burst_adaptive,llama1b,3072,3,77,balanced,burst,adaptive,8,256,64,9.883575372999985,10.834587821998866,0.11054582100041443,0,0,0,0,0,0,0.00010611500110824235,False,False,False,False
study10_s77_llama1b_kv3072_cap3-01_balanced_burst_adaptive,llama1b,3072,3,77,balanced,burst,adaptive,10,256,64,10.782952110999759,11.641650355999445,0.018320608998692478,0,0,0,0,0,0,8.381000043300446e-05,False,False,False,False
study10_s77_llama1b_kv3072_cap3-01_balanced_burst_adaptive,llama1b,3072,3,77,balanced,burst,adaptive,9,1024,256,10.337322108998706,13.932175789999746,0.03342838800017489,0,0,0,0,0,0,7.837100092727978e-05,False,False,False,False
study10_s77_llama1b_kv3072_cap3-01_balanced_burst_adaptive,llama1b,3072,3,77,balanced,burst,adaptive,5,128,512,7.353342438000254,14.596983749999708,0.11053555400030746,0,0,0,0,0,0,8.277699998870958e-05,False,False,False,False
study10_s77_llama1b_kv3072_cap3-01_balanced_burst_adaptive,llama1b,3072,3,77,balanced,burst,adaptive,11,128,256,11.626722346998577,15.178462957999727,0.022519127000123262,0,0,0,0,0,0,8.533300133417576e-05,False,False,False,False
study10_s77_llama1b_kv3072_cap3-02_balanced_burst_fixed,llama1b,3072,3,77,balanced,burst,fixed,1,512,128,0.0897126739982923,1.92511684299825,0.11006347500006086,0,0,0,0,0,0,0.0002148089999536723,False,False,False,False
study10_s77_llama1b_kv3072_cap3-02_balanced_burst_fixed,llama1b,3072,3,77,balanced,burst,fixed,0,256,256,0.038255509000009624,3.6362606330003473,0.11005912300061027,0,0,0,0,0,0,0.00014522399942507036,False,False,False,False
study10_s77_llama1b_kv3072_cap3-02_balanced_burst_fixed,llama1b,3072,3,77,balanced,burst,fixed,2,1024,512,0.16565545400044357,7.039214697999341,0.017609148999326862,0,0,0,0,0,0,7.968999889271244e-05,False,False,False,False
study10_s77_llama1b_kv3072_cap3-02_balanced_burst_fixed,llama1b,3072,3,77,balanced,burst,fixed,4,512,128,7.114995227000691,8.831520333000299,0.017977683999561123,0,0,0,0,0,0,7.799399900249027e-05,False,False,False,False
study10_s77_llama1b_kv3072_cap3-02_balanced_burst_fixed,llama1b,3072,3,77,balanced,burst,fixed,6,512,128,8.8043917039995,10.538581054999668,0.017547873001603875,0,0,0,0,0,0,0.00023969899957587693,False,False,False,False
study10_s77_llama1b_kv3072_cap3-02_balanced_burst_fixed,llama1b,3072,3,77,balanced,burst,fixed,7,128,64,10.523683216999416,11.38864896799896,0.017366660000334377,0,0,0,0,0,0,8.087899950620647e-05,False,False,False,False
study10_s77_llama1b_kv3072_cap3-02_balanced_burst_fixed,llama1b,3072,3,77,balanced,burst,fixed,8,256,64,11.389213170999938,12.241745125000307,0.018182342000727658,0,0,0,0,0,0,7.366899953920036e-05,False,False,False,False
study10_s77_llama1b_kv3072_cap3-02_balanced_burst_fixed,llama1b,3072,3,77,balanced,burst,fixed,3,1024,512,7.165089349000482,14.185575949999475,0.056853145999411936,0,0,0,0,0,0,0.00011395199871910844,False,False,False,False
study10_s77_llama1b_kv3072_cap3-02_balanced_burst_fixed,llama1b,3072,3,77,balanced,burst,fixed,5,128,512,7.0651957870013575,14.086057561000416,0.05702661200120929,0,0,0,0,0,0,7.597099829581566e-05,False,False,False,False
study10_s77_llama1b_kv3072_cap3-02_balanced_burst_fixed,llama1b,3072,3,77,balanced,burst,fixed,10,256,64,13.984080616000938,14.827378803000101,0.015957494000758743,0,0,0,0,0,0,0.00012571999832289293,False,False,False,False
study10_s77_llama1b_kv3072_cap3-02_balanced_burst_fixed,llama1b,3072,3,77,balanced,burst,fixed,9,1024,256,14.034270365000339,17.817759802999717,0.022510381000756752,0,0,0,0,0,0,9.438299894098945e-05,False,False,False,False
study10_s77_llama1b_kv3072_cap3-02_balanced_burst_fixed,llama1b,3072,3,77,balanced,burst,fixed,11,128,256,13.934204352000961,17.71812497800056,0.02228616199863609,0,0,0,0,0,0,0.00021782799849456858,False,False,False,False
study10_s77_llama1b_kv3072_cap3-03_generation_stagger_fixed,llama1b,3072,3,77,generation,stagger,fixed,0,512,64,0.07768098100132192,1.1338191550003103,0.03435536399956618,0,0,0,0,0,0,0.00011713199819496367,False,False,False,False
study10_s77_llama1b_kv3072_cap3-03_generation_stagger_fixed,llama1b,3072,3,77,generation,stagger,fixed,1,256,64,0.045905699000286404,0.9607222310005454,0.020626474999517086,0,0,0,0,0,0,0.00011197357711778544,False,False,False,False
study10_s77_llama1b_kv3072_cap3-03_generation_stagger_fixed,llama1b,3072,3,77,generation,stagger,fixed,4,256,256,0.05743716500001028,4.173893600998781,0.02851563200056262,0,0,0,0,0,0,8.868393262950747e-05,False,False,False,False
study10_s77_llama1b_kv3072_cap3-03_generation_stagger_fixed,llama1b,3072,3,77,generation,stagger,fixed,2,256,768,0.050729178999972646,11.662551834000624,0.06533608800054935,0,0,0,0,0,0,9.785851442201121e-05,False,False,False,False
study10_s77_llama1b_kv3072_cap3-03_generation_stagger_fixed,llama1b,3072,3,77,generation,stagger,fixed,3,512,768,0.10377996799979883,11.636405375000322,0.03687581099984527,0,0,0,0,0,0,9.518066176505968e-05,False,False,False,False
study10_s77_llama1b_kv3072_cap3-03_generation_stagger_fixed,llama1b,3072,3,77,generation,stagger,fixed,7,512,256,10.669505161000416,14.134438020000744,0.018735434001428075,0,0,0,0,0,0,0.00013398233924721836,False,False,False,False
study10_s77_llama1b_kv3072_cap3-03_generation_stagger_fixed,llama1b,3072,3,77,generation,stagger,fixed,5,128,768,4.021683655000743,14.916828023000562,0.059926571000687545,0,0,0,0,0,0,0.00010439957986108084,False,False,False,False
study10_s77_llama1b_kv3072_cap3-03_generation_stagger_fixed,llama1b,3072,3,77,generation,stagger,fixed,8,512,256,13.740012375999868,17.270048418999068,0.021190333000049577,0,0,0,0,0,0,0.00010192294251609724,False,False,False,False
study10_s77_llama1b_kv3072_cap3-03_generation_stagger_fixed,llama1b,3072,3,77,generation,stagger,fixed,9,128,256,12.89156375499988,16.42541305299892,0.021968102000755607,0,0,0,0,0,0,8.247061363952923e-05,False,False,False,False
study10_s77_llama1b_kv3072_cap3-03_generation_stagger_fixed,llama1b,3072,3,77,generation,stagger,fixed,10,128,64,16.097735486999227,16.97243015499953,0.03247953800018877,0,0,0,0,0,0,0.00010167331479937758,False,False,False,False
study10_s77_llama1b_kv3072_cap3-03_generation_stagger_fixed,llama1b,3072,3,77,generation,stagger,fixed,11,256,64,15.915246384000056,16.76815968200026,0.01746832800017728,0,0,0,0,0,0,0.00010750426123440349,False,False,False,False
study10_s77_llama1b_kv3072_cap3-03_generation_stagger_fixed,llama1b,3072,3,77,generation,stagger,fixed,6,128,768,10.42537631399864,20.986047349999353,0.059833763998540235,0,0,0,0,0,0,0.00012103968302934476,False,False,False,False
study10_s77_llama1b_kv3072_cap3-04_generation_burst_fixed,llama1b,3072,3,77,generation,burst,fixed,0,512,64,0.058775084999069804,0.9491615099996125,0.033100115000706865,0,0,0,0,0,0,9.037000017997343e-05,False,False,False,False
study10_s77_llama1b_kv3072_cap3-04_generation_burst_fixed,llama1b,3072,3,77,generation,burst,fixed,1,256,64,0.05566581699895323,0.9730602409999847,0.05930804699892178,0,0,0,0,0,0,8.997400000225475e-05,False,False,False,False
study10_s77_llama1b_kv3072_cap3-04_generation_burst_fixed,llama1b,3072,3,77,generation,burst,fixed,4,256,256,0.8726221279994206,4.335192594000546,0.018046541001240257,0,0,0,0,0,0,0.00017965499937416807,False,False,False,False
study10_s77_llama1b_kv3072_cap3-04_generation_burst_fixed,llama1b,3072,3,77,generation,burst,fixed,2,256,768,0.05457714899966959,10.554344911999578,0.0595324799996888,0,0,0,0,0,0,9.509900010015726e-05,False,False,False,False
study10_s77_llama1b_kv3072_cap3-04_generation_burst_fixed,llama1b,3072,3,77,generation,burst,fixed,3,512,768,0.8732446449994313,11.346254056999896,0.03575529899899266,0,0,0,0,0,0,7.637599956067387e-05,False,False,False,False
study10_s77_llama1b_kv3072_cap3-04_generation_burst_fixed,llama1b,3072,3,77,generation,burst,fixed,7,512,256,11.221297792000769,14.706379396000557,0.01911898199978168,0,0,0,0,0,0,9.435099891558218e-05,False,False,False,False
study10_s77_llama1b_kv3072_cap3-04_generation_burst_fixed,llama1b,3072,3,77,generation,burst,fixed,5,128,768,4.320563539999057,14.881660170000032,0.0604507719999674,0,0,0,0,0,0,8.024999988265336e-05,False,False,False,False
study10_s77_llama1b_kv3072_cap3-04_generation_burst_fixed,llama1b,3072,3,77,generation,burst,fixed,8,512,256,14.732039120999616,18.18838159599909,0.02261500900021929,0,0,0,0,0,0,0.0001177379996079031,False,False,False,False
study10_s77_llama1b_kv3072_cap3-04_generation_burst_fixed,llama1b,3072,3,77,generation,burst,fixed,9,128,256,14.71912987700125,18.17379280000023,0.020267290999981924,0,0,0,0,0,0,9.389099868711837e-05,False,False,False,False
study10_s77_llama1b_kv3072_cap3-04_generation_burst_fixed,llama1b,3072,3,77,generation,burst,fixed,10,128,64,18.123576033000063,18.997897654000553,0.03661811300116824,0,0,0,0,0,0,8.970799899543636e-05,False,False,False,False
study10_s77_llama1b_kv3072_cap3-04_generation_burst_fixed,llama1b,3072,3,77,generation,burst,fixed,11,256,64,18.124797798000145,18.973717966999175,0.01693917200100259,0,0,0,0,0,0,7.208600000008225e-05,False,False,False,False
study10_s77_llama1b_kv3072_cap3-04_generation_burst_fixed,llama1b,3072,3,77,generation,burst,fixed,6,128,768,10.388206024999818,20.890487553999264,0.06077075000030163,0,0,0,0,0,0,0.0001014029996440069,False,False,False,False
study10_s77_llama1b_kv3072_cap3-05_generation_burst_adaptive,llama1b,3072,3,77,generation,burst,adaptive,0,512,64,0.05657702399912523,0.9484876959995745,0.03901218999999401,0,0,0,0,0,0,0.00010452099922986235,False,False,False,False
study10_s77_llama1b_kv3072_cap3-05_generation_burst_adaptive,llama1b,3072,3,77,generation,burst,adaptive,1,256,64,0.06060268900000665,0.9751227440010553,0.0595012969988602,0,0,0,0,0,0,0.00010404599852335827,False,False,False,False
study10_s77_llama1b_kv3072_cap3-05_generation_burst_adaptive,llama1b,3072,3,77,generation,burst,adaptive,4,256,256,0.8775050090007426,4.315133893000166,0.018086919000779744,0,0,0,0,0,0,8.462699843220234e-05,False,False,False,False
study10_s77_llama1b_kv3072_cap3-05_generation_burst_adaptive,llama1b,3072,3,77,generation,burst,adaptive,2,256,768,0.0611862369987648,11.088229296999998,0.059920315999988816,0,0,0,0,0,0,0.00018241699981444426,False,False,False,False
study10_s77_llama1b_kv3072_cap3-05_generation_burst_adaptive,llama1b,3072,3,77,generation,burst,adaptive,3,512,768,0.8750910470007511,11.981726806001461,0.03774688100020285,0,0,0,0,0,0,8.004299852470975e-05,False,False,False,False
study10_s77_llama1b_kv3072_cap3-05_generation_burst_adaptive,llama1b,3072,3,77,generation,burst,adaptive,7,512,256,11.856468992998998,15.583745885998724,0.026770534999741358,0,0,0,0,0,0,0.00011113099972132057,False,False,False,False
study10_s77_llama1b_kv3072_cap3-05_generation_burst_adaptive,llama1b,3072,3,77,generation,burst,adaptive,5,128,768,4.298861616000067,15.759573584000464,0.06008536300032574,0,0,0,0,0,0,6.937999933143146e-05,False,False,False,False
study10_s77_llama1b_kv3072_cap3-05_generation_burst_adaptive,llama1b,3072,3,77,generation,burst,adaptive,8,512,256,15.609484804999738,19.181282370998815,0.02507895900089352,0,0,0,0,0,0,8.727399981578454e-05,False,False,False,False
study10_s77_llama1b_kv3072_cap3-05_generation_burst_adaptive,llama1b,3072,3,77,generation,burst,adaptive,9,128,256,15.603743032999773,19.16716242199982,0.02151579900055367,0,0,0,0,0,0,6.358599857775316e-05,False,False,False,False
study10_s77_llama1b_kv3072_cap3-05_generation_burst_adaptive,llama1b,3072,3,77,generation,burst,adaptive,10,128,64,19.11692834600035,20.02300425700014,0.03618539499984763,0,0,0,0,0,0,9.020899960887618e-05,False,False,False,False
study10_s77_llama1b_kv3072_cap3-05_generation_burst_adaptive,llama1b,3072,3,77,generation,burst,adaptive,11,256,64,19.11799039499965,20.005060534998847,0.017550855000081356,0,0,0,0,0,0,8.773800000194676e-05,False,False,False,False
study10_s77_llama1b_kv3072_cap3-05_generation_burst_adaptive,llama1b,3072,3,77,generation,burst,adaptive,6,128,768,10.92364800500036,21.97105928899873,0.060077371999796014,0,0,0,0,0,0,8.15369996416404e-05,False,False,False,False
study10_s77_llama1b_kv3072_cap3-06_balanced_stagger_adaptive,llama1b,3072,3,77,balanced,stagger,adaptive,1,512,128,0.10263770199890132,1.9954976469998655,0.10941658099909546,0,0,0,0,0,0,8.984774126030715e-05,False,False,False,False
study10_s77_llama1b_kv3072_cap3-06_balanced_stagger_adaptive,llama1b,3072,3,77,balanced,stagger,adaptive,0,256,256,0.03733662299964635,3.9455321459990955,0.1184183249988564,0,0,0,0,0,0,8.898899977793917e-05,False,False,False,False
study10_s77_llama1b_kv3072_cap3-06_balanced_stagger_adaptive,llama1b,3072,3,77,balanced,stagger,adaptive,2,1024,512,0.14019606900001236,7.473643395000181,0.11824354599957587,0,0,0,0,0,0,0.0001539697451653499,False,False,False,False
study10_s77_llama1b_kv3072_cap3-06_balanced_stagger_adaptive,llama1b,3072,3,77,balanced,stagger,adaptive,4,512,128,1.7394002160017408,7.025995206000516,3.5271564570011833,1,561,3.45441061999918,3.45441061999918,3.440449351999632,3.5271564570011833,0.00015789514282760209,True,True,True,False
study10_s77_llama1b_kv3072_cap3-06_balanced_stagger_adaptive,llama1b,3072,3,77,balanced,stagger,adaptive,3,1024,512,1.5746377079995,8.913087615999757,0.06707613999969908,0,0,0,0,0,0,0.00010275571023332652,False,False,False,False
study10_s77_llama1b_kv3072_cap3-06_balanced_stagger_adaptive,llama1b,3072,3,77,balanced,stagger,adaptive,7,128,64,6.1703671570012375,7.043873728000108,0.017622956998820882,0,0,0,0,0,0,0.00011148203475297436,False,False,False,False
study10_s77_llama1b_kv3072_cap3-06_balanced_stagger_adaptive,llama1b,3072,3,77,balanced,stagger,adaptive,6,512,128,6.060439564000262,7.869929553000475,0.03297577900048054,0,0,0,0,0,0,8.862877430226845e-05,False,False,False,False
study10_s77_llama1b_kv3072_cap3-06_balanced_stagger_adaptive,llama1b,3072,3,77,balanced,stagger,adaptive,8,256,64,6.965060992999497,7.961820053000338,0.11078068300048471,0,0,0,0,0,0,7.522107432977876e-05,False,False,False,False
study10_s77_llama1b_kv3072_cap3-06_balanced_stagger_adaptive,llama1b,3072,3,77,balanced,stagger,adaptive,10,256,64,6.921157946000676,7.827646155999901,0.018322732001252007,0,0,0,0,0,0,8.372255587474342e-05,False,False,False,False
study10_s77_llama1b_kv3072_cap3-06_balanced_stagger_adaptive,llama1b,3072,3,77,balanced,stagger,adaptive,9,1024,256,7.35104935399977,11.0290179980002,0.03534309299902816,0,0,0,0,0,0,9.162847692945064e-05,False,False,False,False
study10_s77_llama1b_kv3072_cap3-06_balanced_stagger_adaptive,llama1b,3072,3,77,balanced,stagger,adaptive,5,128,512,5.16427961699992,12.612928542999725,0.11119165800118935,0,0,0,0,0,0,9.175736173627769e-05,False,False,False,False
study10_s77_llama1b_kv3072_cap3-06_balanced_stagger_adaptive,llama1b,3072,3,77,balanced,stagger,adaptive,11,128,256,7.2671811079999316,10.85642610299874,0.018452291000357945,0,0,0,0,0,0,0.00010138478697818698,False,False,False,False
study10_s77_llama1b_kv3072_cap3-07_generation_stagger_baseline,llama1b,3072,3,77,generation,stagger,baseline,0,512,64,0.06152183700032765,0.9422845980006969,0.01723207699978957,0,0,0,0,0,0,8.074699871940538e-05,False,False,False,False
study10_s77_llama1b_kv3072_cap3-07_generation_stagger_baseline,llama1b,3072,3,77,generation,stagger,baseline,1,256,64,0.04109501399943838,0.9079293009999674,0.01732780899874342,0,0,0,0,0,0,0.00019124757822708283,False,False,False,False
study10_s77_llama1b_kv3072_cap3-07_generation_stagger_baseline,llama1b,3072,3,77,generation,stagger,baseline,4,256,256,0.06106795200139459,3.7147667680001177,0.023688859000685625,0,0,0,0,0,0,8.090993207865438e-05,False,False,False,False
study10_s77_llama1b_kv3072_cap3-07_generation_stagger_baseline,llama1b,3072,3,77,generation,stagger,baseline,2,256,768,0.047159920000922284,10.871978896000655,0.06077961699884327,0,0,0,0,0,0,8.63965146744583e-05,False,False,False,False
study10_s77_llama1b_kv3072_cap3-07_generation_stagger_baseline,llama1b,3072,3,77,generation,stagger,baseline,3,512,768,0.09033537899995281,10.87408182299987,0.03515988199978892,0,0,0,0,0,0,0.00011546466371337161,False,False,False,False
study10_s77_llama1b_kv3072_cap3-07_generation_stagger_baseline,llama1b,3072,3,77,generation,stagger,baseline,7,512,256,9.907688916000552,13.516400023001552,0.019431794999036356,0,0,0,0,0,0,8.185533981208692e-05,False,False,False,False
study10_s77_llama1b_kv3072_cap3-07_generation_stagger_baseline,llama1b,3072,3,77,generation,stagger,baseline,5,128,768,3.5528617090003536,14.395720896000057,0.05939369100087788,0,0,0,0,0,0,0.00012044958020140939,False,False,False,False
study10_s77_llama1b_kv3072_cap3-07_generation_stagger_baseline,llama1b,3072,3,77,generation,stagger,baseline,8,512,256,13.123159332000796,16.78181553000104,0.022837693999463227,0,0,0,0,0,0,9.741694196563344e-05,False,False,False,False
study10_s77_llama1b_kv3072_cap3-07_generation_stagger_baseline,llama1b,3072,3,77,generation,stagger,baseline,9,128,256,12.370834297000329,15.986086375000014,0.022872487001222908,0,0,0,0,0,0,0.00012694661440626476,False,False,False,False
study10_s77_llama1b_kv3072_cap3-07_generation_stagger_baseline,llama1b,3072,3,77,generation,stagger,baseline,10,128,64,15.605661448000319,16.55008556499888,0.031834457999138976,0,0,0,0,0,0,7.947831532550964e-05,False,False,False,False
study10_s77_llama1b_kv3072_cap3-07_generation_stagger_baseline,llama1b,3072,3,77,generation,stagger,baseline,11,256,64,15.475540576999265,16.416459269999905,0.020208223000736325,0,0,0,0,0,0,9.030226216300008e-05,False,False,False,False
study10_s77_llama1b_kv3072_cap3-07_generation_stagger_baseline,llama1b,3072,3,77,generation,stagger,baseline,6,128,768,9.633805990000837,20.625677840000208,0.05956885900013731,0,0,0,0,0,0,8.984468232764442e-05,False,False,False,False
study10_s77_llama1b_kv3072_cap3-08_generation_stagger_adaptive,llama1b,3072,3,77,generation,stagger,adaptive,0,512,64,0.058399465000547934,0.9181155109999963,0.01923392699973192,0,0,0,0,0,0,0.00010526999903959222,False,False,False,False
study10_s77_llama1b_kv3072_cap3-08_generation_stagger_adaptive,llama1b,3072,3,77,generation,stagger,adaptive,1,256,64,0.040658105001057265,0.9541319580002892,0.031038051998621086,0,0,0,0,0,0,0.00013212157686637305,False,False,False,False
study10_s77_llama1b_kv3072_cap3-08_generation_stagger_adaptive,llama1b,3072,3,77,generation,stagger,adaptive,4,256,256,0.06400704699990456,3.696747209000023,0.022922422000192455,0,0,0,0,0,0,7.50549326067329e-05,False,False,False,False
study10_s77_llama1b_kv3072_cap3-08_generation_stagger_adaptive,llama1b,3072,3,77,generation,stagger,adaptive,2,256,768,0.042600867000146536,11.009632544999477,0.057285787999717286,0,0,0,0,0,0,4.143651538823789e-05,False,False,False,False
study10_s77_llama1b_kv3072_cap3-08_generation_stagger_adaptive,llama1b,3072,3,77,generation,stagger,adaptive,3,512,768,0.08822781500020938,11.000991550001345,0.03360741599863104,0,0,0,0,0,0,9.771266227298625e-05,False,False,False,False
study10_s77_llama1b_kv3072_cap3-08_generation_stagger_adaptive,llama1b,3072,3,77,generation,stagger,adaptive,7,512,256,10.037544079001236,13.658770964000723,0.020506003000264172,0,0,0,0,0,0,0.00010909233962497211,False,False,False,False
study10_s77_llama1b_kv3072_cap3-08_generation_stagger_adaptive,llama1b,3072,3,77,generation,stagger,adaptive,5,128,768,3.540542121998442,14.4959537729992,0.06294365599933371,0,0,0,0,0,0,9.661358125612196e-05,False,False,False,False
study10_s77_llama1b_kv3072_cap3-08_generation_stagger_adaptive,llama1b,3072,3,77,generation,stagger,adaptive,8,512,256,13.266644114999508,16.895787782999832,0.018367983000644017,0,0,0,0,0,0,7.416494230128023e-05,False,False,False,False
study10_s77_llama1b_kv3072_cap3-08_generation_stagger_adaptive,llama1b,3072,3,77,generation,stagger,adaptive,9,128,256,12.469985674999407,16.09494035699936,0.02654412400079309,0,0,0,0,0,0,9.698761336629502e-05,False,False,False,False
study10_s77_llama1b_kv3072_cap3-08_generation_stagger_adaptive,llama1b,3072,3,77,generation,stagger,adaptive,10,128,64,15.72522180300075,16.628603937000662,0.033488532000774285,0,0,0,0,0,0,7.959831405646156e-05,False,False,False,False
study10_s77_llama1b_kv3072_cap3-08_generation_stagger_adaptive,llama1b,3072,3,77,generation,stagger,adaptive,11,256,64,15.587256164000792,16.469422834999932,0.019927567000195268,0,0,0,0,0,0,8.970426030163736e-05,False,False,False,False
study10_s77_llama1b_kv3072_cap3-08_generation_stagger_adaptive,llama1b,3072,3,77,generation,stagger,adaptive,6,128,768,9.773725643999569,20.757382355001027,0.06291056400004891,0,0,0,0,0,0,9.623768247646325e-05,False,False,False,False
study10_s77_llama1b_kv3072_cap3-09_balanced_burst_baseline,llama1b,3072,3,77,balanced,burst,baseline,1,512,128,0.09687431199927232,1.9762723069998174,0.11125055400043493,0,0,0,0,0,0,0.00013443499956337923,False,False,False,False
study10_s77_llama1b_kv3072_cap3-09_balanced_burst_baseline,llama1b,3072,3,77,balanced,burst,baseline,0,256,256,0.042312981000577565,3.9045958440001414,0.11351825400015514,0,0,0,0,0,0,9.613299880584236e-05,False,False,False,False
study10_s77_llama1b_kv3072_cap3-09_balanced_burst_baseline,llama1b,3072,3,77,balanced,burst,baseline,2,1024,512,0.17327964500145754,7.630171867000172,0.11339517399937904,0,0,0,0,0,0,0.00019020699837710153,False,False,False,False
study10_s77_llama1b_kv3072_cap3-09_balanced_burst_baseline,llama1b,3072,3,77,balanced,burst,baseline,4,512,128,3.7816908200002217,8.871578203999889,3.3097157680003875,1,548,3.233198224001171,3.233198224001171,3.2157359890006774,3.3097157680003875,0.0001011349984764709,True,True,True,False
study10_s77_llama1b_kv3072_cap3-09_balanced_burst_baseline,llama1b,3072,3,77,balanced,burst,baseline,3,1024,512,2.007582922000438,9.454554832000213,0.07820765900032711,0,0,0,0,0,0,8.443299848293062e-05,False,False,False,False
study10_s77_llama1b_kv3072_cap3-09_balanced_burst_baseline,llama1b,3072,3,77,balanced,burst,baseline,7,128,64,9.288987060999716,10.162291669999831,0.018720656998993945,0,0,0,0,0,0,8.612399906265944e-05,False,False,False,False
study10_s77_llama1b_kv3072_cap3-09_balanced_burst_baseline,llama1b,3072,3,77,balanced,burst,baseline,6,512,128,8.847017142999903,10.626972043000933,0.03329107399986242,0,0,0,0,0,0,8.797299888096966e-05,False,False,False,False
study10_s77_llama1b_kv3072_cap3-09_balanced_burst_baseline,llama1b,3072,3,77,balanced,burst,baseline,8,256,64,10.161067353999897,11.111446659000649,0.10984880100113514,0,0,0,0,0,0,0.00010090399846374165,False,False,False,False
study10_s77_llama1b_kv3072_cap3-09_balanced_burst_baseline,llama1b,3072,3,77,balanced,burst,baseline,10,256,64,11.060675728000206,11.9064923549995,0.01570032900053775,0,0,0,0,0,0,8.57599989103619e-05,False,False,False,False
study10_s77_llama1b_kv3072_cap3-09_balanced_burst_baseline,llama1b,3072,3,77,balanced,burst,baseline,9,1024,256,10.603211358000408,14.112624707000577,0.035993284998767194,0,0,0,0,0,0,0.00010924499911196817,False,False,False,False
study10_s77_llama1b_kv3072_cap3-09_balanced_burst_baseline,llama1b,3072,3,77,balanced,burst,baseline,5,128,512,7.573363835999771,14.783109742000306,0.10999880700001086,0,0,0,0,0,0,9.954999950423371e-05,False,False,False,False
study10_s77_llama1b_kv3072_cap3-09_balanced_burst_baseline,llama1b,3072,3,77,balanced,burst,baseline,11,128,256,11.89233176199923,15.354961474999072,0.018582390001029125,0,0,0,0,0,0,8.799499955780554e-05,False,False,False,False
study10_s77_llama1b_kv3072_cap3-10_balanced_stagger_fixed,llama1b,3072,3,77,balanced,stagger,fixed,1,512,128,0.08531657699859352,1.971944891000021,0.10112535200096318,0,0,0,0,0,0,8.19387407728911e-05,False,False,False,False
study10_s77_llama1b_kv3072_cap3-10_balanced_stagger_fixed,llama1b,3072,3,77,balanced,stagger,fixed,0,256,256,0.03930985299848544,3.7806676579984924,0.1010140179987502,0,0,0,0,0,0,8.279299981950317e-05,False,False,False,False
study10_s77_llama1b_kv3072_cap3-10_balanced_stagger_fixed,llama1b,3072,3,77,balanced,stagger,fixed,2,1024,512,0.12462431800122431,7.2593560430013895,0.02531529599946225,0,0,0,0,0,0,9.09087440368328e-05,False,False,False,False
study10_s77_llama1b_kv3072_cap3-10_balanced_stagger_fixed,llama1b,3072,3,77,balanced,stagger,fixed,4,512,128,5.817217820000224,7.66149227599999,0.019178470998667763,0,0,0,0,0,0,9.021714277723802e-05,False,False,False,False
study10_s77_llama1b_kv3072_cap3-10_balanced_stagger_fixed,llama1b,3072,3,77,balanced,stagger,fixed,6,512,128,6.692546926000432,8.552782147000471,0.025950070001272252,0,0,0,0,0,0,8.234177394195186e-05,False,False,False,False
study10_s77_llama1b_kv3072_cap3-10_balanced_stagger_fixed,llama1b,3072,3,77,balanced,stagger,fixed,7,128,64,8.337363414999345,9.236001276000025,0.016553147001104662,0,0,0,0,0,0,9.187903515250895e-05,False,False,False,False
study10_s77_llama1b_kv3072_cap3-10_balanced_stagger_fixed,llama1b,3072,3,77,balanced,stagger,fixed,8,256,64,9.154910126000686,10.04871741900024,0.01917687700006354,0,0,0,0,0,0,8.163707378061602e-05,False,False,False,False
study10_s77_llama1b_kv3072_cap3-10_balanced_stagger_fixed,llama1b,3072,3,77,balanced,stagger,fixed,5,128,512,5.041730059001566,12.459578435000367,0.05855409899959341,0,0,0,0,0,0,0.00012166636057653335,False,False,False,False
study10_s77_llama1b_kv3072_cap3-10_balanced_stagger_fixed,llama1b,3072,3,77,balanced,stagger,fixed,3,1024,512,7.3003490310002235,14.718104260000473,0.05859269199936534,0,0,0,0,0,0,8.829171040081185e-05,False,False,False,False
study10_s77_llama1b_kv3072_cap3-10_balanced_stagger_fixed,llama1b,3072,3,77,balanced,stagger,fixed,10,256,64,10.868882439999652,11.759929347999787,0.01833552500102087,0,0,0,0,0,0,0.00013092955640914283,False,False,False,False
study10_s77_llama1b_kv3072_cap3-10_balanced_stagger_fixed,llama1b,3072,3,77,balanced,stagger,fixed,11,128,256,10.271975558000122,13.890566890999253,0.023890685999504058,0,0,0,0,0,0,9.580078600457398e-05,False,False,False,False
study10_s77_llama1b_kv3072_cap3-10_balanced_stagger_fixed,llama1b,3072,3,77,balanced,stagger,fixed,9,1024,256,11.699197807000019,15.317745192000075,0.023905009000372957,0,0,0,0,0,0,9.818747623224766e-05,False,False,False,False
study10_s77_llama1b_kv3072_cap3-11_balanced_stagger_baseline,llama1b,3072,3,77,balanced,stagger,baseline,1,512,128,0.09929221300080826,1.9820150670002477,0.09906274700006179,0,0,0,0,0,0,0.00019230574093409558,False,False,False,False
study10_s77_llama1b_kv3072_cap3-11_balanced_stagger_baseline,llama1b,3072,3,77,balanced,stagger,baseline,0,256,256,0.03857515100025921,3.862992950998887,0.1113446670005942,0,0,0,0,0,0,8.766000064497348e-05,False,False,False,False
study10_s77_llama1b_kv3072_cap3-11_balanced_stagger_baseline,llama1b,3072,3,77,balanced,stagger,baseline,2,1024,512,0.11951174200112291,7.545917045999886,0.11136548799913726,0,0,0,0,0,0,0.00010803774524448251,False,False,False,False
study10_s77_llama1b_kv3072_cap3-11_balanced_stagger_baseline,llama1b,3072,3,77,balanced,stagger,baseline,4,512,128,1.6604129079987615,7.129498897998928,3.6290722910016484,1,562,3.5576826199994684,3.5576826199994684,3.5398921060004795,3.6290722910016484,7.710514501768628e-05,True,True,True,False
study10_s77_llama1b_kv3072_cap3-11_balanced_stagger_baseline,llama1b,3072,3,77,balanced,stagger,baseline,3,1024,512,1.5536621499995817,9.01850059500066,0.07062561699967773,0,0,0,0,0,0,0.0001240357107434864,False,False,False,False
study10_s77_llama1b_kv3072_cap3-11_balanced_stagger_baseline,llama1b,3072,3,77,balanced,stagger,baseline,7,128,64,6.276136218999454,7.156132498999796,0.017012914000588353,0,0,0,0,0,0,6.896903641884222e-05,False,False,False,False
study10_s77_llama1b_kv3072_cap3-11_balanced_stagger_baseline,llama1b,3072,3,77,balanced,stagger,baseline,6,512,128,6.157420126000943,7.957731352000337,0.03178071100046509,0,0,0,0,0,0,7.84787752317051e-05,False,False,False,False
study10_s77_llama1b_kv3072_cap3-11_balanced_stagger_baseline,llama1b,3072,3,77,balanced,stagger,baseline,8,256,64,7.075249879000694,8.044199313000718,0.11081193599966355,0,0,0,0,0,0,9.577207481870076e-05,False,False,False,False
study10_s77_llama1b_kv3072_cap3-11_balanced_stagger_baseline,llama1b,3072,3,77,balanced,stagger,baseline,10,256,64,7.00357418800013,7.885637064000548,0.017168448999655084,0,0,0,0,0,0,0.00011791555670370713,False,False,False,False
study10_s77_llama1b_kv3072_cap3-11_balanced_stagger_baseline,llama1b,3072,3,77,balanced,stagger,baseline,9,1024,256,7.43775536999965,11.06431751999844,0.03715117699903203,0,0,0,0,0,0,0.00022473547853163467,False,False,False,False
study10_s77_llama1b_kv3072_cap3-11_balanced_stagger_baseline,llama1b,3072,3,77,balanced,stagger,baseline,5,128,512,5.2394074620005995,12.639929560000382,0.11080472899993765,0,0,0,0,0,0,9.752036218113602e-05,False,False,False,False
study10_s77_llama1b_kv3072_cap3-11_balanced_stagger_baseline,llama1b,3072,3,77,balanced,stagger,baseline,11,128,256,7.329347020000569,10.857117110999752,0.018744745999356383,0,0,0,0,0,0,9.403778691385867e-05,False,False,False,False
study11_s77_qwen1.5b_kv12288_cap12-00_generation_stagger_adaptive,qwen1.5b,12288,12,77,generation,stagger,adaptive,0,512,64,0.0778803440007323,1.275784741001189,0.027444913999715936,0,0,0,0,0,0,0.00011607399937929586,False,False,False,False
study11_s77_qwen1.5b_kv12288_cap12-00_generation_stagger_adaptive,qwen1.5b,12288,12,77,generation,stagger,adaptive,1,256,64,0.06684088000110933,1.128066300001592,0.021950051999738207,0,0,0,0,0,0,0.00013036257773335613,False,False,False,False
study11_s77_qwen1.5b_kv12288_cap12-00_generation_stagger_adaptive,qwen1.5b,12288,12,77,generation,stagger,adaptive,10,128,64,0.06397870699947816,1.3477052399994136,0.051830140999300056,0,0,0,0,0,0,0.00011405631617567025,False,False,False,False
study11_s77_qwen1.5b_kv12288_cap12-00_generation_stagger_adaptive,qwen1.5b,12288,12,77,generation,stagger,adaptive,11,256,64,0.0963035780005157,1.420865190000768,0.03577269299967156,0,0,0,0,0,0,9.028826140156099e-05,False,False,False,False
study11_s77_qwen1.5b_kv12288_cap12-00_generation_stagger_adaptive,qwen1.5b,12288,12,77,generation,stagger,adaptive,4,256,256,0.08186662099979003,5.091391162999571,0.08697757499976433,0,0,0,0,0,0,0.00012168293426206844,False,False,False,False
study11_s77_qwen1.5b_kv12288_cap12-00_generation_stagger_adaptive,qwen1.5b,12288,12,77,generation,stagger,adaptive,7,512,256,0.11581534600009036,5.08536088999972,0.06668715699925087,0,0,0,0,0,0,7.808434194789271e-05,False,False,False,False
study11_s77_qwen1.5b_kv12288_cap12-00_generation_stagger_adaptive,qwen1.5b,12288,12,77,generation,stagger,adaptive,8,512,256,0.10202915300033055,5.035140453999702,0.05204715699983353,0,0,0,0,0,0,9.207094302254859e-05,False,False,False,False
study11_s77_qwen1.5b_kv12288_cap12-00_generation_stagger_adaptive,qwen1.5b,12288,12,77,generation,stagger,adaptive,9,128,256,0.06870545699894137,5.044497540999146,0.05196583299948543,0,0,0,0,0,0,8.646261507827546e-05,False,False,False,False
study11_s77_qwen1.5b_kv12288_cap12-00_generation_stagger_adaptive,qwen1.5b,12288,12,77,generation,stagger,adaptive,2,256,768,0.05536628700065194,14.480982744998983,0.08697861499967985,0,0,0,0,0,0,0.00019024651599819364,False,False,False,False
study11_s77_qwen1.5b_kv12288_cap12-00_generation_stagger_adaptive,qwen1.5b,12288,12,77,generation,stagger,adaptive,3,512,768,0.11499731000003521,14.444503442000496,0.08703074600089167,0,0,0,0,0,0,0.0001456396642880442,False,False,False,False
study11_s77_qwen1.5b_kv12288_cap12-00_generation_stagger_adaptive,qwen1.5b,12288,12,77,generation,stagger,adaptive,5,128,768,0.0527181390007172,14.346185524000248,0.08684101500148245,0,0,0,0,0,0,9.396458153076992e-05,False,False,False,False
study11_s77_qwen1.5b_kv12288_cap12-00_generation_stagger_adaptive,qwen1.5b,12288,12,77,generation,stagger,adaptive,6,128,768,0.0663505949996761,14.324096399001064,0.08738573099981295,0,0,0,0,0,0,8.811868330038664e-05,False,False,False,False
study11_s77_qwen1.5b_kv12288_cap12-01_generation_stagger_baseline,qwen1.5b,12288,12,77,generation,stagger,baseline,0,512,64,0.08443352299946127,1.1508908239993616,0.0226569450005627,0,0,0,0,0,0,7.539800026279408e-05,False,False,False,False
study11_s77_qwen1.5b_kv12288_cap12-01_generation_stagger_baseline,qwen1.5b,12288,12,77,generation,stagger,baseline,1,256,64,0.05029616699903272,1.1437374889992498,0.026821605000804993,0,0,0,0,0,0,7.815757821361125e-05,False,False,False,False
study11_s77_qwen1.5b_kv12288_cap12-01_generation_stagger_baseline,qwen1.5b,12288,12,77,generation,stagger,baseline,10,128,64,0.05700833599985344,1.248961187000532,0.050855865998528316,0,0,0,0,0,0,8.24803154104714e-05,False,False,False,False
study11_s77_qwen1.5b_kv12288_cap12-01_generation_stagger_baseline,qwen1.5b,12288,12,77,generation,stagger,baseline,11,256,64,0.08758480300093652,1.2463642660004552,0.027983250000033877,0,0,0,0,0,0,7.233126167438542e-05,False,False,False,False
study11_s77_qwen1.5b_kv12288_cap12-01_generation_stagger_baseline,qwen1.5b,12288,12,77,generation,stagger,baseline,4,256,256,0.08395907700105454,4.852374968000731,0.08259128200006671,0,0,0,0,0,0,0.00011494993225191763,False,False,False,False
study11_s77_qwen1.5b_kv12288_cap12-01_generation_stagger_baseline,qwen1.5b,12288,12,77,generation,stagger,baseline,7,512,256,0.1096202410008118,4.801544861000366,0.07479717900059768,0,0,0,0,0,0,0.0001156183406409994,False,False,False,False
study11_s77_qwen1.5b_kv12288_cap12-01_generation_stagger_baseline,qwen1.5b,12288,12,77,generation,stagger,baseline,8,512,256,0.1025102160001552,4.7440484869985085,0.050181642998722964,0,0,0,0,0,0,9.192094369936399e-05,False,False,False,False
study11_s77_qwen1.5b_kv12288_cap12-01_generation_stagger_baseline,qwen1.5b,12288,12,77,generation,stagger,baseline,9,128,256,0.060119130999737536,4.693477570999676,0.05014823700003035,0,0,0,0,0,0,9.030361493067574e-05,False,False,False,False
study11_s77_qwen1.5b_kv12288_cap12-01_generation_stagger_baseline,qwen1.5b,12288,12,77,generation,stagger,baseline,2,256,768,0.05478227799903834,14.01101310499871,0.08252123000056599,0,0,0,0,0,0,0.0001222895157151349,False,False,False,False
study11_s77_qwen1.5b_kv12288_cap12-01_generation_stagger_baseline,qwen1.5b,12288,12,77,generation,stagger,baseline,3,512,768,0.11940398600017943,13.99636003500018,0.08288063100008003,0,0,0,0,0,0,7.19656639831534e-05,False,False,False,False
study11_s77_qwen1.5b_kv12288_cap12-01_generation_stagger_baseline,qwen1.5b,12288,12,77,generation,stagger,baseline,5,128,768,0.0569684470010543,13.882115059999705,0.08249016199988546,0,0,0,0,0,0,9.229158057877385e-05,False,False,False,False
study11_s77_qwen1.5b_kv12288_cap12-01_generation_stagger_baseline,qwen1.5b,12288,12,77,generation,stagger,baseline,6,128,768,0.0643858410003304,13.860593324001456,0.08257261899962032,0,0,0,0,0,0,8.706468262342781e-05,False,False,False,False
study11_s77_qwen1.5b_kv12288_cap12-02_generation_burst_adaptive,qwen1.5b,12288,12,77,generation,burst,adaptive,0,512,64,0.07833866200053308,1.6961808590003784,0.11348911200002476,0,0,0,0,0,0,0.00011017299948434811,False,False,False,False
study11_s77_qwen1.5b_kv12288_cap12-02_generation_burst_adaptive,qwen1.5b,12288,12,77,generation,burst,adaptive,1,256,64,0.10764455500066106,1.6819853800006968,0.11359554900082003,0,0,0,0,0,0,8.32969992188709e-05,False,False,False,False
study11_s77_qwen1.5b_kv12288_cap12-02_generation_burst_adaptive,qwen1.5b,12288,12,77,generation,burst,adaptive,10,128,64,0.1529100980005751,1.37901089800107,0.07855173499956436,0,0,0,0,0,0,9.895099901768845e-05,False,False,False,False
study11_s77_qwen1.5b_kv12288_cap12-02_generation_burst_adaptive,qwen1.5b,12288,12,77,generation,burst,adaptive,11,256,64,0.18055055799959518,1.349775017999491,0.027146853999511222,0,0,0,0,0,0,0.00017815999963199936,False,False,False,False
study11_s77_qwen1.5b_kv12288_cap12-02_generation_burst_adaptive,qwen1.5b,12288,12,77,generation,burst,adaptive,4,256,256,0.17446850499982247,5.281417620000866,0.0969960060010635,0,0,0,0,0,0,8.743699872865163e-05,False,False,False,False
study11_s77_qwen1.5b_kv12288_cap12-02_generation_burst_adaptive,qwen1.5b,12288,12,77,generation,burst,adaptive,7,512,256,0.16038238799956162,5.173667437999029,0.07984800899976108,0,0,0,0,0,0,8.84389995917112e-05,False,False,False,False
study11_s77_qwen1.5b_kv12288_cap12-02_generation_burst_adaptive,qwen1.5b,12288,12,77,generation,burst,adaptive,8,512,256,0.19034980399919732,5.1445843929996045,0.07774499300103344,0,0,0,0,0,0,9.000099962575003e-05,False,False,False,False
study11_s77_qwen1.5b_kv12288_cap12-02_generation_burst_adaptive,qwen1.5b,12288,12,77,generation,burst,adaptive,9,128,256,0.2026993509989552,5.113584561999232,0.07808263799961424,0,0,0,0,0,0,0.00012327699987507712,False,False,False,False
study11_s77_qwen1.5b_kv12288_cap12-02_generation_burst_adaptive,qwen1.5b,12288,12,77,generation,burst,adaptive,3,512,768,0.14292912999917462,15.280071429999225,0.09713582999938808,0,0,0,0,0,0,8.53990000905247e-05,False,False,False,False
study11_s77_qwen1.5b_kv12288_cap12-02_generation_burst_adaptive,qwen1.5b,12288,12,77,generation,burst,adaptive,2,256,768,0.19279894800092734,15.330449903000044,0.09709437799938314,0,0,0,0,0,0,7.761799897706978e-05,False,False,False,False
study11_s77_qwen1.5b_kv12288_cap12-02_generation_burst_adaptive,qwen1.5b,12288,12,77,generation,burst,adaptive,5,128,768,0.12422542100102874,15.22095644699948,0.0973812079992058,0,0,0,0,0,0,8.732899914321024e-05,False,False,False,False
study11_s77_qwen1.5b_kv12288_cap12-02_generation_burst_adaptive,qwen1.5b,12288,12,77,generation,burst,adaptive,6,128,768,0.11311607300012838,15.174820731001091,0.09711406600035843,0,0,0,0,0,0,8.12449990916786e-05,False,False,False,False
study11_s77_qwen1.5b_kv12288_cap12-03_generation_burst_baseline,qwen1.5b,12288,12,77,generation,burst,baseline,0,512,64,0.09293164100017748,1.7649913290006225,0.09074260099987441,0,0,0,0,0,0,0.00011449399971752428,False,False,False,False
study11_s77_qwen1.5b_kv12288_cap12-03_generation_burst_baseline,qwen1.5b,12288,12,77,generation,burst,baseline,1,256,64,0.12978803599980893,1.753879665000568,0.09076171100059582,0,0,0,0,0,0,9.683400021458233e-05,False,False,False,False
study11_s77_qwen1.5b_kv12288_cap12-03_generation_burst_baseline,qwen1.5b,12288,12,77,generation,burst,baseline,10,128,64,0.1634618110001611,1.4345618019997346,0.053131553999264725,0,0,0,0,0,0,0.00010162699982174672,False,False,False,False
study11_s77_qwen1.5b_kv12288_cap12-03_generation_burst_baseline,qwen1.5b,12288,12,77,generation,burst,baseline,11,256,64,0.16671672399934323,1.4018213089984783,0.02820065100058855,0,0,0,0,0,0,0.00010824900091388479,False,False,False,False
study11_s77_qwen1.5b_kv12288_cap12-03_generation_burst_baseline,qwen1.5b,12288,12,77,generation,burst,baseline,4,256,256,0.17876373099898046,5.378370493999682,0.09102443099982338,0,0,0,0,0,0,0.00010613100021145128,False,False,False,False
study11_s77_qwen1.5b_kv12288_cap12-03_generation_burst_baseline,qwen1.5b,12288,12,77,generation,burst,baseline,7,512,256,0.16991461799989338,5.263016205000895,0.08661626700086344,0,0,0,0,0,0,8.422099963351082e-05,False,False,False,False
study11_s77_qwen1.5b_kv12288_cap12-03_generation_burst_baseline,qwen1.5b,12288,12,77,generation,burst,baseline,8,512,256,0.20591430199965544,5.230624843999976,0.056897467000453616,0,0,0,0,0,0,8.856600070428211e-05,False,False,False,False
study11_s77_qwen1.5b_kv12288_cap12-03_generation_burst_baseline,qwen1.5b,12288,12,77,generation,burst,baseline,9,128,256,0.21342423900023277,5.19938455800002,0.053271614999175654,0,0,0,0,0,0,8.087099995462976e-05,False,False,False,False
study11_s77_qwen1.5b_kv12288_cap12-03_generation_burst_baseline,qwen1.5b,12288,12,77,generation,burst,baseline,2,256,768,0.13432931200077292,14.931249604000186,0.09049448999940068,0,0,0,0,0,0,0.00017867399983514942,False,False,False,False
study11_s77_qwen1.5b_kv12288_cap12-03_generation_burst_baseline,qwen1.5b,12288,12,77,generation,burst,baseline,3,512,768,0.1728344549992471,14.90065080199929,0.09086427600050229,0,0,0,0,0,0,9.17730008950235e-05,False,False,False,False
study11_s77_qwen1.5b_kv12288_cap12-03_generation_burst_baseline,qwen1.5b,12288,12,77,generation,burst,baseline,6,128,768,0.12934211200081336,14.76898871100093,0.09075875700000324,0,0,0,0,0,0,0.00013946899998695805,False,False,False,False
study11_s77_qwen1.5b_kv12288_cap12-03_generation_burst_baseline,qwen1.5b,12288,12,77,generation,burst,baseline,5,128,768,0.17913041800056817,14.819299444001444,0.09080608300064341,0,0,0,0,0,0,0.00012721699931717012,False,False,False,False
study11_s77_qwen1.5b_kv12288_cap12-04_generation_burst_fixed,qwen1.5b,12288,12,77,generation,burst,fixed,0,512,64,0.08907383599944296,1.8190883799998119,0.08924677800132486,0,0,0,0,0,0,0.00012406299902067985,False,False,False,False
study11_s77_qwen1.5b_kv12288_cap12-04_generation_burst_fixed,qwen1.5b,12288,12,77,generation,burst,fixed,1,256,64,0.11607047400138981,1.8085750250011188,0.08933169999909296,0,0,0,0,0,0,0.00010488199877727034,False,False,False,False
study11_s77_qwen1.5b_kv12288_cap12-04_generation_burst_fixed,qwen1.5b,12288,12,77,generation,burst,fixed,10,128,64,0.1510970390008879,1.4916875100007019,0.05238286399981007,0,0,0,0,0,0,9.084299927053507e-05,False,False,False,False
study11_s77_qwen1.5b_kv12288_cap12-04_generation_burst_fixed,qwen1.5b,12288,12,77,generation,burst,fixed,11,256,64,0.15333972299958987,1.459318657998665,0.03068053199967835,0,0,0,0,0,0,0.00012616800013343088,False,False,False,False
study11_s77_qwen1.5b_kv12288_cap12-04_generation_burst_fixed,qwen1.5b,12288,12,77,generation,burst,fixed,4,256,256,0.16322037700047076,5.168000925001252,0.08809159500015085,0,0,0,0,0,0,9.032799862324081e-05,False,False,False,False
study11_s77_qwen1.5b_kv12288_cap12-04_generation_burst_fixed,qwen1.5b,12288,12,77,generation,burst,fixed,7,512,256,0.156029445999593,5.051505090001228,0.08804789000168967,0,0,0,0,0,0,0.0001414749989634978,False,False,False,False
study11_s77_qwen1.5b_kv12288_cap12-04_generation_burst_fixed,qwen1.5b,12288,12,77,generation,burst,fixed,8,512,256,0.1940568779991736,5.018771347999063,0.05699041200023203,0,0,0,0,0,0,9.549800015518084e-05,False,False,False,False
study11_s77_qwen1.5b_kv12288_cap12-04_generation_burst_fixed,qwen1.5b,12288,12,77,generation,burst,fixed,9,128,256,0.20076640299885185,4.984981906998655,0.052790431000175886,0,0,0,0,0,0,0.00013236100021457586,False,False,False,False
study11_s77_qwen1.5b_kv12288_cap12-04_generation_burst_fixed,qwen1.5b,12288,12,77,generation,burst,fixed,2,256,768,0.11959685200054082,14.487131333000434,0.0892494510007964,0,0,0,0,0,0,8.182299861800302e-05,False,False,False,False
study11_s77_qwen1.5b_kv12288_cap12-04_generation_burst_fixed,qwen1.5b,12288,12,77,generation,burst,fixed,3,512,768,0.15892775999964215,14.453370989000177,0.0885156949989323,0,0,0,0,0,0,0.00010383299886596031,False,False,False,False
study11_s77_qwen1.5b_kv12288_cap12-04_generation_burst_fixed,qwen1.5b,12288,12,77,generation,burst,fixed,6,128,768,0.12012466799933463,14.323324102999322,0.08834178800134396,0,0,0,0,0,0,9.842300023588102e-05,False,False,False,False
study11_s77_qwen1.5b_kv12288_cap12-04_generation_burst_fixed,qwen1.5b,12288,12,77,generation,burst,fixed,5,128,768,0.16993361200002255,14.37362388800102,0.08831367299899284,0,0,0,0,0,0,0.00010042899884865619,False,False,False,False
study11_s77_qwen1.5b_kv12288_cap12-05_generation_stagger_fixed,qwen1.5b,12288,12,77,generation,stagger,fixed,0,512,64,0.07733641300001182,1.309410163999928,0.02617996499975561,0,0,0,0,0,0,0.00010713200026657432,False,False,False,False
study11_s77_qwen1.5b_kv12288_cap12-05_generation_stagger_fixed,qwen1.5b,12288,12,77,generation,stagger,fixed,1,256,64,0.08330356099941127,1.200056436999148,0.021110050998686347,0,0,0,0,0,0,9.17295783844363e-05,False,False,False,False
study11_s77_qwen1.5b_kv12288_cap12-05_generation_stagger_fixed,qwen1.5b,12288,12,77,generation,stagger,fixed,10,128,64,0.07253459400089923,1.351793183999689,0.051964866999696824,0,0,0,0,0,0,0.0001262853146331011,False,False,False,False
study11_s77_qwen1.5b_kv12288_cap12-05_generation_stagger_fixed,qwen1.5b,12288,12,77,generation,stagger,fixed,11,256,64,0.08416107900120551,1.2731151620009769,0.025022011999681126,0,0,0,0,0,0,0.00012789826110992664,False,False,False,False
study11_s77_qwen1.5b_kv12288_cap12-05_generation_stagger_fixed,qwen1.5b,12288,12,77,generation,stagger,fixed,4,256,256,0.08399392800129135,5.3827388509998855,0.09326198099915928,0,0,0,0,0,0,0.00011650993212519722,False,False,False,False
study11_s77_qwen1.5b_kv12288_cap12-05_generation_stagger_fixed,qwen1.5b,12288,12,77,generation,stagger,fixed,7,512,256,0.10665167499973904,5.335385562999363,0.09381735900024069,0,0,0,0,0,0,8.713234084911647e-05,False,False,False,False
study11_s77_qwen1.5b_kv12288_cap12-05_generation_stagger_fixed,qwen1.5b,12288,12,77,generation,stagger,fixed,8,512,256,0.12456235200079391,5.314880052001172,0.05134448200078623,0,0,0,0,0,0,0.00014488994241546038,False,False,False,False
study11_s77_qwen1.5b_kv12288_cap12-05_generation_stagger_fixed,qwen1.5b,12288,12,77,generation,stagger,fixed,9,128,256,0.06453716300165979,5.092104959001517,0.05213048199948389,0,0,0,0,0,0,0.00012333561303101703,False,False,False,False
study11_s77_qwen1.5b_kv12288_cap12-05_generation_stagger_fixed,qwen1.5b,12288,12,77,generation,stagger,fixed,2,256,768,0.05814107900005183,14.97142971699941,0.09365403899937519,0,0,0,0,0,0,0.0001236245156941429,False,False,False,False
study11_s77_qwen1.5b_kv12288_cap12-05_generation_stagger_fixed,qwen1.5b,12288,12,77,generation,stagger,fixed,3,512,768,0.11265939000077196,14.924155296999743,0.0934415399988211,0,0,0,0,0,0,0.0001458746631670671,False,False,False,False
study11_s77_qwen1.5b_kv12288_cap12-05_generation_stagger_fixed,qwen1.5b,12288,12,77,generation,stagger,fixed,5,128,768,0.0715080019999732,14.790276813000673,0.09325878499839746,0,0,0,0,0,0,8.356958095845357e-05,False,False,False,False
study11_s77_qwen1.5b_kv12288_cap12-05_generation_stagger_fixed,qwen1.5b,12288,12,77,generation,stagger,fixed,6,128,768,0.06373173899919493,14.73551587199836,0.09352976700029103,0,0,0,0,0,0,7.816868393373255e-05,False,False,False,False
study12_s77_llama1b_kv12288_cap12-00_generation_stagger_fixed,llama1b,12288,12,77,generation,stagger,fixed,0,512,64,0.05640927800050122,0.882312551000723,0.017298759999903268,0,0,0,0,0,0,9.581300037098117e-05,False,False,False,False
study12_s77_llama1b_kv12288_cap12-00_generation_stagger_fixed,llama1b,12288,12,77,generation,stagger,fixed,1,256,64,0.049244881000049645,0.9083506200004194,0.017653500999585958,0,0,0,0,0,0,8.928057836299352e-05,False,False,False,False
study12_s77_llama1b_kv12288_cap12-00_generation_stagger_fixed,llama1b,12288,12,77,generation,stagger,fixed,10,128,64,0.05413113800022984,1.0571725310001057,0.03445200199894316,0,0,0,0,0,0,0.00012714331556384906,False,False,False,False
study12_s77_llama1b_kv12288_cap12-00_generation_stagger_fixed,llama1b,12288,12,77,generation,stagger,fixed,11,256,64,0.06799984200006293,1.0005207020003581,0.01885587799915811,0,0,0,0,0,0,0.00015510926210726694,False,False,False,False
study12_s77_llama1b_kv12288_cap12-00_generation_stagger_fixed,llama1b,12288,12,77,generation,stagger,fixed,4,256,256,0.05530999199982034,3.907342640999559,0.061173867999968934,0,0,0,0,0,0,8.702393381376794e-05,False,False,False,False
study12_s77_llama1b_kv12288_cap12-00_generation_stagger_fixed,llama1b,12288,12,77,generation,stagger,fixed,7,512,256,0.09067255000081786,3.9150447669999267,0.05456950700136076,0,0,0,0,0,0,8.559734116619921e-05,False,False,False,False
study12_s77_llama1b_kv12288_cap12-00_generation_stagger_fixed,llama1b,12288,12,77,generation,stagger,fixed,8,512,256,0.07806397099921014,3.8701604639991274,0.034173646999988705,0,0,0,0,0,0,8.251094407896176e-05,False,False,False,False
study12_s77_llama1b_kv12288_cap12-00_generation_stagger_fixed,llama1b,12288,12,77,generation,stagger,fixed,9,128,256,0.04461280100076692,3.8145667640001193,0.03518086999974912,0,0,0,0,0,0,9.380061478303503e-05,False,False,False,False
study12_s77_llama1b_kv12288_cap12-00_generation_stagger_fixed,llama1b,12288,12,77,generation,stagger,fixed,2,256,768,0.04161390700028278,11.269067432000156,0.06136027100001229,0,0,0,0,0,0,8.107651636590774e-05,False,False,False,False
study12_s77_llama1b_kv12288_cap12-00_generation_stagger_fixed,llama1b,12288,12,77,generation,stagger,fixed,3,512,768,0.09291124300034426,11.268284163001226,0.06147868399966683,0,0,0,0,0,0,0.00014057566327219106,False,False,False,False
study12_s77_llama1b_kv12288_cap12-00_generation_stagger_fixed,llama1b,12288,12,77,generation,stagger,fixed,5,128,768,0.05259714800013171,11.17669227100123,0.06099592999999004,0,0,0,0,0,0,7.45395809573779e-05,False,False,False,False
study12_s77_llama1b_kv12288_cap12-00_generation_stagger_fixed,llama1b,12288,12,77,generation,stagger,fixed,6,128,768,0.043639101000735536,11.145963474000382,0.061153161001129774,0,0,0,0,0,0,8.529268317314376e-05,False,False,False,False
study12_s77_llama1b_kv12288_cap12-01_balanced_stagger_fixed,llama1b,12288,12,77,balanced,stagger,fixed,1,512,128,0.0859525300002133,2.0609468530001323,0.11528550000002724,0,0,0,0,0,0,8.86717409640525e-05,False,False,False,False
study12_s77_llama1b_kv12288_cap12-01_balanced_stagger_fixed,llama1b,12288,12,77,balanced,stagger,fixed,0,256,256,0.03563033099999302,4.172807450000619,0.11528529699899082,0,0,0,0,0,0,9.287600005336571e-05,False,False,False,False
study12_s77_llama1b_kv12288_cap12-01_balanced_stagger_fixed,llama1b,12288,12,77,balanced,stagger,fixed,4,512,128,0.08440928799973335,2.1534292309988814,0.11459803899924736,0,0,0,0,0,0,8.114714501816778e-05,False,False,False,False
study12_s77_llama1b_kv12288_cap12-01_balanced_stagger_fixed,llama1b,12288,12,77,balanced,stagger,fixed,7,128,64,0.052001329999256996,1.117243561999203,0.11444131400094193,0,0,0,0,0,0,7.87650365046133e-05,False,False,False,False
study12_s77_llama1b_kv12288_cap12-01_balanced_stagger_fixed,llama1b,12288,12,77,balanced,stagger,fixed,8,256,64,0.06288733099972887,1.0732999550000386,0.11490008200053126,0,0,0,0,0,0,0.00012802807566858476,False,False,False,False
study12_s77_llama1b_kv12288_cap12-01_balanced_stagger_fixed,llama1b,12288,12,77,balanced,stagger,fixed,6,512,128,0.07970695299991348,2.0952778169994417,0.11458204399968963,0,0,0,0,0,0,8.822577538092347e-05,False,False,False,False
study12_s77_llama1b_kv12288_cap12-01_balanced_stagger_fixed,llama1b,12288,12,77,balanced,stagger,fixed,10,256,64,0.05571494699870527,0.9718993689984927,0.022330050000164192,0,0,0,0,0,0,8.440355822258994e-05,False,False,False,False
study12_s77_llama1b_kv12288_cap12-01_balanced_stagger_fixed,llama1b,12288,12,77,balanced,stagger,fixed,9,1024,256,0.14661847299976216,3.9141694709996955,0.03383470999870042,0,0,0,0,0,0,9.049647798686777e-05,False,False,False,False
study12_s77_llama1b_kv12288_cap12-01_balanced_stagger_fixed,llama1b,12288,12,77,balanced,stagger,fixed,2,1024,512,0.13555636599994614,7.937194660000387,0.1151488600007724,0,0,0,0,0,0,9.520774541216248e-05,False,False,False,False
study12_s77_llama1b_kv12288_cap12-01_balanced_stagger_fixed,llama1b,12288,12,77,balanced,stagger,fixed,3,1024,512,0.13936283300063224,7.842720597000152,0.1143771109982481,0,0,0,0,0,0,7.313971056821522e-05,False,False,False,False
study12_s77_llama1b_kv12288_cap12-01_balanced_stagger_fixed,llama1b,12288,12,77,balanced,stagger,fixed,11,128,256,0.045599134000440245,3.750205514999834,0.02032538400089834,0,0,0,0,0,0,0.00015467278732295142,False,False,False,False
study12_s77_llama1b_kv12288_cap12-01_balanced_stagger_fixed,llama1b,12288,12,77,balanced,stagger,fixed,5,128,512,0.04371709000042756,7.559652201000063,0.11433436999868718,0,0,0,0,0,0,9.054536182073747e-05,False,False,False,False
study12_s77_llama1b_kv12288_cap12-02_generation_burst_fixed,llama1b,12288,12,77,generation,burst,fixed,0,512,64,0.0643396159994154,1.3811216949998197,0.08020217200100888,0,0,0,0,0,0,0.00011199900109204464,False,False,False,False
study12_s77_llama1b_kv12288_cap12-02_generation_burst_fixed,llama1b,12288,12,77,generation,burst,fixed,1,256,64,0.06849495099959313,1.3646377549994213,0.08021066899891593,0,0,0,0,0,0,0.0001044070006173542,False,False,False,False
study12_s77_llama1b_kv12288_cap12-02_generation_burst_fixed,llama1b,12288,12,77,generation,burst,fixed,10,128,64,0.09781446499982849,1.1521485390003363,0.040404048000709736,0,0,0,0,0,0,0.00012722400060738437,False,False,False,False
study12_s77_llama1b_kv12288_cap12-02_generation_burst_fixed,llama1b,12288,12,77,generation,burst,fixed,11,256,64,0.08839748999889707,1.1206968319984298,0.02429956800006039,0,0,0,0,0,0,0.00021818600107503805,False,False,False,False
study12_s77_llama1b_kv12288_cap12-02_generation_burst_fixed,llama1b,12288,12,77,generation,burst,fixed,4,256,256,0.12939193999955023,4.562711270998989,0.0805558829997608,0,0,0,0,0,0,9.304400082327247e-05,False,False,False,False
study12_s77_llama1b_kv12288_cap12-02_generation_burst_fixed,llama1b,12288,12,77,generation,burst,fixed,7,512,256,0.10563251100029447,4.471614449001208,0.08057427799940342,0,0,0,0,0,0,9.759999957165144e-05,False,False,False,False
study12_s77_llama1b_kv12288_cap12-02_generation_burst_fixed,llama1b,12288,12,77,generation,burst,fixed,8,512,256,0.1508049910007685,4.457521158999953,0.040376802999162464,0,0,0,0,0,0,0.00012864500022258252,False,False,False,False
study12_s77_llama1b_kv12288_cap12-02_generation_burst_fixed,llama1b,12288,12,77,generation,burst,fixed,9,128,256,0.09998943899881851,4.407764698999017,0.04030125700046483,0,0,0,0,0,0,0.00010197200099354431,False,False,False,False
study12_s77_llama1b_kv12288_cap12-02_generation_burst_fixed,llama1b,12288,12,77,generation,burst,fixed,2,256,768,0.07534123200093745,12.537347778001276,0.08066293199954089,0,0,0,0,0,0,8.360299980267327e-05,False,False,False,False
study12_s77_llama1b_kv12288_cap12-02_generation_burst_fixed,llama1b,12288,12,77,generation,burst,fixed,3,512,768,0.11300327599929005,12.5147093329997,0.08059872199919482,0,0,0,0,0,0,0.00012736900098386794,False,False,False,False
study12_s77_llama1b_kv12288_cap12-02_generation_burst_fixed,llama1b,12288,12,77,generation,burst,fixed,5,128,768,0.07905086200116784,12.44298067100135,0.08062564399915573,0,0,0,0,0,0,8.621199958724901e-05,False,False,False,False
study12_s77_llama1b_kv12288_cap12-02_generation_burst_fixed,llama1b,12288,12,77,generation,burst,fixed,6,128,768,0.07151834400065127,12.412224407000394,0.08015621000049578,0,0,0,0,0,0,0.00011139700036433275,False,False,False,False
study12_s77_llama1b_kv12288_cap12-03_generation_burst_baseline,llama1b,12288,12,77,generation,burst,baseline,0,512,64,0.05892394399961631,1.2858810830002767,0.06758624600115581,0,0,0,0,0,0,8.616899867774919e-05,False,False,False,False
study12_s77_llama1b_kv12288_cap12-03_generation_burst_baseline,llama1b,12288,12,77,generation,burst,baseline,1,256,64,0.06213561699951242,1.2642764269985491,0.06801682399964193,0,0,0,0,0,0,8.33799997053547e-05,False,False,False,False
study12_s77_llama1b_kv12288_cap12-03_generation_burst_baseline,llama1b,12288,12,77,generation,burst,baseline,10,128,64,0.07039454799996747,1.0356187259985745,0.04202643499957048,0,0,0,0,0,0,8.365299981960561e-05,False,False,False,False
study12_s77_llama1b_kv12288_cap12-03_generation_burst_baseline,llama1b,12288,12,77,generation,burst,baseline,11,256,64,0.07697919599922898,1.015179124999122,0.01800522300072771,0,0,0,0,0,0,7.179099993659399e-05,False,False,False,False
study12_s77_llama1b_kv12288_cap12-03_generation_burst_baseline,llama1b,12288,12,77,generation,burst,baseline,4,256,256,0.10296548900078051,4.0231236279996665,0.06813291599974036,0,0,0,0,0,0,0.00011883199913426123,False,False,False,False
study12_s77_llama1b_kv12288_cap12-03_generation_burst_baseline,llama1b,12288,12,77,generation,burst,baseline,7,512,256,0.09055828999953519,3.945709084000555,0.06742332300018461,0,0,0,0,0,0,8.27819989353551e-05,False,False,False,False
study12_s77_llama1b_kv12288_cap12-03_generation_burst_baseline,llama1b,12288,12,77,generation,burst,baseline,8,512,256,0.12549732700063032,3.926838224000676,0.04150723000020662,0,0,0,0,0,0,0.00012714999829765983,False,False,False,False
study12_s77_llama1b_kv12288_cap12-03_generation_burst_baseline,llama1b,12288,12,77,generation,burst,baseline,9,128,256,0.09837830899959954,3.8909259449992533,0.042308534000767395,0,0,0,0,0,0,7.907199942563947e-05,False,False,False,False
study12_s77_llama1b_kv12288_cap12-03_generation_burst_baseline,llama1b,12288,12,77,generation,burst,baseline,2,256,768,0.06821805300023698,11.391538519999813,0.06783765299951483,0,0,0,0,0,0,0.00011047699845220804,False,False,False,False
study12_s77_llama1b_kv12288_cap12-03_generation_burst_baseline,llama1b,12288,12,77,generation,burst,baseline,3,512,768,0.09631772700049623,11.36873210900012,0.06819607699981134,0,0,0,0,0,0,8.045699869396739e-05,False,False,False,False
study12_s77_llama1b_kv12288_cap12-03_generation_burst_baseline,llama1b,12288,12,77,generation,burst,baseline,5,128,768,0.07460791500125197,11.310240140001042,0.06759833599971898,0,0,0,0,0,0,0.00010179599848925136,False,False,False,False
study12_s77_llama1b_kv12288_cap12-03_generation_burst_baseline,llama1b,12288,12,77,generation,burst,baseline,6,128,768,0.06274462199871778,11.277762284998971,0.06770683499962615,0,0,0,0,0,0,0.00012974199962623167,False,False,False,False
study12_s77_llama1b_kv12288_cap12-04_balanced_burst_adaptive,llama1b,12288,12,77,balanced,burst,adaptive,7,128,64,0.18812450399855152,1.282441100998767,0.13863111600039701,0,0,0,0,0,0,8.50350010295764e-05,False,False,False,False
study12_s77_llama1b_kv12288_cap12-04_balanced_burst_adaptive,llama1b,12288,12,77,balanced,burst,adaptive,8,256,64,0.2770083200011868,1.2477622610003891,0.03657107199978782,0,0,0,0,0,0,8.828099962554514e-05,False,False,False,False
study12_s77_llama1b_kv12288_cap12-04_balanced_burst_adaptive,llama1b,12288,12,77,balanced,burst,adaptive,10,256,64,0.21329601000070397,1.1628298859995994,0.024528482999812695,0,0,0,0,0,0,0.00021544199989875779,False,False,False,False
study12_s77_llama1b_kv12288_cap12-04_balanced_burst_adaptive,llama1b,12288,12,77,balanced,burst,adaptive,1,512,128,0.09057181099888112,2.4491779999989376,0.13882191500124463,0,0,0,0,0,0,8.684400127094427e-05,False,False,False,False
study12_s77_llama1b_kv12288_cap12-04_balanced_burst_adaptive,llama1b,12288,12,77,balanced,burst,adaptive,4,512,128,0.26103199099998164,2.356163575001119,0.13877411500106973,0,0,0,0,0,0,0.00010855500004253171,False,False,False,False
study12_s77_llama1b_kv12288_cap12-04_balanced_burst_adaptive,llama1b,12288,12,77,balanced,burst,adaptive,6,512,128,0.23775100499915425,2.2714737609985605,0.13939095500063559,0,0,0,0,0,0,9.813400101843506e-05,False,False,False,False
study12_s77_llama1b_kv12288_cap12-04_balanced_burst_adaptive,llama1b,12288,12,77,balanced,burst,adaptive,0,256,256,0.03605465699911292,4.314489489999687,0.13936409999951138,0,0,0,0,0,0,0.00011022500075341668,False,False,False,False
study12_s77_llama1b_kv12288_cap12-04_balanced_burst_adaptive,llama1b,12288,12,77,balanced,burst,adaptive,9,1024,256,0.22728691500014975,4.0100244690002,0.03607429600015166,0,0,0,0,0,0,8.23729995317879e-05,False,False,False,False
study12_s77_llama1b_kv12288_cap12-04_balanced_burst_adaptive,llama1b,12288,12,77,balanced,burst,adaptive,11,128,256,0.18787400200017146,3.9389207049989636,0.019530235000274843,0,0,0,0,0,0,8.462300065725792e-05,False,False,False,False
study12_s77_llama1b_kv12288_cap12-04_balanced_burst_adaptive,llama1b,12288,12,77,balanced,burst,adaptive,2,1024,512,0.16906517899951723,8.130312710998624,0.13881338800092635,0,0,0,0,0,0,8.009200100786429e-05,False,False,False,False
study12_s77_llama1b_kv12288_cap12-04_balanced_burst_adaptive,llama1b,12288,12,77,balanced,burst,adaptive,3,1024,512,0.236832439999489,8.09706933400048,0.1390984080007911,0,0,0,0,0,0,8.873300030243225e-05,False,False,False,False
study12_s77_llama1b_kv12288_cap12-04_balanced_burst_adaptive,llama1b,12288,12,77,balanced,burst,adaptive,5,128,512,0.21062446199903206,8.001483381000071,0.13907717999973102,0,0,0,0,0,0,8.949500079324935e-05,False,False,False,False
study12_s77_llama1b_kv12288_cap12-05_generation_stagger_adaptive,llama1b,12288,12,77,generation,stagger,adaptive,0,512,64,0.06230252599925734,0.9644039029990381,0.018041314000583952,0,0,0,0,0,0,0.0001608460006536916,False,False,False,False
study12_s77_llama1b_kv12288_cap12-05_generation_stagger_adaptive,llama1b,12288,12,77,generation,stagger,adaptive,1,256,64,0.043665618999511935,1.0263687660008145,0.021388025999840465,0,0,0,0,0,0,0.00014159757851728294,False,False,False,False
study12_s77_llama1b_kv12288_cap12-05_generation_stagger_adaptive,llama1b,12288,12,77,generation,stagger,adaptive,10,128,64,0.05552306500067061,1.0897757370003092,0.03718286100047408,0,0,0,0,0,0,0.0007318623155301296,False,False,False,False
study12_s77_llama1b_kv12288_cap12-05_generation_stagger_adaptive,llama1b,12288,12,77,generation,stagger,adaptive,11,256,64,0.07133522399999492,1.0668481100001372,0.01892156900066766,0,0,0,0,0,0,9.488926231160377e-05,False,False,False,False
study12_s77_llama1b_kv12288_cap12-05_generation_stagger_adaptive,llama1b,12288,12,77,generation,stagger,adaptive,4,256,256,0.057966627999121556,4.09675814000002,0.06353988600130833,0,0,0,0,0,0,9.336393406833565e-05,False,False,False,False
study12_s77_llama1b_kv12288_cap12-05_generation_stagger_adaptive,llama1b,12288,12,77,generation,stagger,adaptive,7,512,256,0.08277583499875618,4.06731883700013,0.06374592899919662,0,0,0,0,0,0,0.0001008293419717532,False,False,False,False
study12_s77_llama1b_kv12288_cap12-05_generation_stagger_adaptive,llama1b,12288,12,77,generation,stagger,adaptive,8,512,256,0.09373606300141546,4.0302577359998395,0.03704131199992844,0,0,0,0,0,0,7.866794333821758e-05,False,False,False,False
study12_s77_llama1b_kv12288_cap12-05_generation_stagger_adaptive,llama1b,12288,12,77,generation,stagger,adaptive,9,128,256,0.05636237199905736,3.981191606999346,0.037506388000110746,0,0,0,0,0,0,0.00010133661512234937,False,False,False,False
study12_s77_llama1b_kv12288_cap12-05_generation_stagger_adaptive,llama1b,12288,12,77,generation,stagger,adaptive,2,256,768,0.04231475000051432,11.702378519999911,0.06363975400017807,0,0,0,0,0,0,0.00010066751609327795,False,False,False,False
study12_s77_llama1b_kv12288_cap12-05_generation_stagger_adaptive,llama1b,12288,12,77,generation,stagger,adaptive,3,512,768,0.0922539629991661,11.691010806998747,0.06368915799976094,0,0,0,0,0,0,9.090766466224309e-05,False,False,False,False
study12_s77_llama1b_kv12288_cap12-05_generation_stagger_adaptive,llama1b,12288,12,77,generation,stagger,adaptive,5,128,768,0.05784392199893773,11.599976288998732,0.06396143399979337,0,0,0,0,0,0,8.232358231197168e-05,False,False,False,False
study12_s77_llama1b_kv12288_cap12-05_generation_stagger_adaptive,llama1b,12288,12,77,generation,stagger,adaptive,6,128,768,0.04332265300035942,11.54399235299934,0.0635724650001066,0,0,0,0,0,0,0.0001947976842648913,False,False,False,False
study12_s77_llama1b_kv12288_cap12-06_balanced_stagger_adaptive,llama1b,12288,12,77,balanced,stagger,adaptive,1,512,128,0.0858927519984718,2.165010329999859,0.11551146300007531,0,0,0,0,0,0,0.00010386374219262251,False,False,False,False
study12_s77_llama1b_kv12288_cap12-06_balanced_stagger_adaptive,llama1b,12288,12,77,balanced,stagger,adaptive,0,256,256,0.03982306799844082,4.201435806999143,0.11641210000016144,0,0,0,0,0,0,8.48440013214713e-05,False,False,False,False
study12_s77_llama1b_kv12288_cap12-06_balanced_stagger_adaptive,llama1b,12288,12,77,balanced,stagger,adaptive,4,512,128,0.08493638199979614,2.1082620069992117,0.11623484000119788,0,0,0,0,0,0,8.100314472203607e-05,False,False,False,False
study12_s77_llama1b_kv12288_cap12-06_balanced_stagger_adaptive,llama1b,12288,12,77,balanced,stagger,adaptive,7,128,64,0.053031743000246934,1.0913659100006043,0.11628790499889874,0,0,0,0,0,0,8.367803593412049e-05,False,False,False,False
study12_s77_llama1b_kv12288_cap12-06_balanced_stagger_adaptive,llama1b,12288,12,77,balanced,stagger,adaptive,8,256,64,0.06131205099882209,1.0751290560001507,0.11635577200104308,0,0,0,0,0,0,8.971207524099967e-05,False,False,False,False
study12_s77_llama1b_kv12288_cap12-06_balanced_stagger_adaptive,llama1b,12288,12,77,balanced,stagger,adaptive,6,512,128,0.0811972080009582,2.066570691000379,0.11653219999971043,0,0,0,0,0,0,0.00011718777559588389,False,False,False,False
study12_s77_llama1b_kv12288_cap12-06_balanced_stagger_adaptive,llama1b,12288,12,77,balanced,stagger,adaptive,10,256,64,0.06399142900045263,0.9754842729998927,0.021787296000184142,0,0,0,0,0,0,8.789655811725083e-05,False,False,False,False
study12_s77_llama1b_kv12288_cap12-06_balanced_stagger_adaptive,llama1b,12288,12,77,balanced,stagger,adaptive,9,1024,256,0.1464470999999321,3.8786442590007937,0.034168217000114964,0,0,0,0,0,0,0.0002862934778198323,False,False,False,False
study12_s77_llama1b_kv12288_cap12-06_balanced_stagger_adaptive,llama1b,12288,12,77,balanced,stagger,adaptive,2,1024,512,0.12384186499912175,7.969656593999389,0.11646470000050613,0,0,0,0,0,0,0.0001013937463858472,False,False,False,False
study12_s77_llama1b_kv12288_cap12-06_balanced_stagger_adaptive,llama1b,12288,12,77,balanced,stagger,adaptive,3,1024,512,0.14597194099951594,7.89102383700083,0.11658913800056325,0,0,0,0,0,0,7.872271109765627e-05,False,False,False,False
study12_s77_llama1b_kv12288_cap12-06_balanced_stagger_adaptive,llama1b,12288,12,77,balanced,stagger,adaptive,11,128,256,0.04850724499920034,3.806407866999507,0.022167229999467963,0,0,0,0,0,0,8.312078731442796e-05,False,False,False,False
study12_s77_llama1b_kv12288_cap12-06_balanced_stagger_adaptive,llama1b,12288,12,77,balanced,stagger,adaptive,5,128,512,0.045992150999154546,7.744099771000037,0.11621976499918674,0,0,0,0,0,0,7.378336355312598e-05,False,False,False,False
study12_s77_llama1b_kv12288_cap12-07_balanced_burst_baseline,llama1b,12288,12,77,balanced,burst,baseline,7,128,64,0.1940123880012834,1.274092206000205,0.13912435099882714,0,0,0,0,0,0,8.187499988704383e-05,False,False,False,False
study12_s77_llama1b_kv12288_cap12-07_balanced_burst_baseline,llama1b,12288,12,77,balanced,burst,baseline,8,256,64,0.2836880970007769,1.239609186000962,0.03620527599923662,0,0,0,0,0,0,9.383500000692546e-05,False,False,False,False
study12_s77_llama1b_kv12288_cap12-07_balanced_burst_baseline,llama1b,12288,12,77,balanced,burst,baseline,10,256,64,0.22003074100030062,1.153923625999596,0.02399769699877652,0,0,0,0,0,0,8.996600081445649e-05,False,False,False,False
study12_s77_llama1b_kv12288_cap12-07_balanced_burst_baseline,llama1b,12288,12,77,balanced,burst,baseline,1,512,128,0.09729280999999901,2.4441796259998227,0.13904010099940933,0,0,0,0,0,0,9.643500125093574e-05,False,False,False,False
study12_s77_llama1b_kv12288_cap12-07_balanced_burst_baseline,llama1b,12288,12,77,balanced,burst,baseline,4,512,128,0.26759620099983294,2.355755534999844,0.13966909499868052,0,0,0,0,0,0,8.935900114009909e-05,False,False,False,False
study12_s77_llama1b_kv12288_cap12-07_balanced_burst_baseline,llama1b,12288,12,77,balanced,burst,baseline,6,512,128,0.24414990300101636,2.269921973000237,0.1393472620002285,0,0,0,0,0,0,8.72180000441869e-05,False,False,False,False
study12_s77_llama1b_kv12288_cap12-07_balanced_burst_baseline,llama1b,12288,12,77,balanced,burst,baseline,0,256,256,0.03882320100092329,4.284980024000106,0.13986741900043853,0,0,0,0,0,0,0.00013068800035398453,False,False,False,False
study12_s77_llama1b_kv12288_cap12-07_balanced_burst_baseline,llama1b,12288,12,77,balanced,burst,baseline,9,1024,256,0.2334088370007521,3.9765193390012428,0.03669236300083867,0,0,0,0,0,0,0.00011672799955703139,False,False,False,False
study12_s77_llama1b_kv12288_cap12-07_balanced_burst_baseline,llama1b,12288,12,77,balanced,burst,baseline,11,128,256,0.19437615999959235,3.904839638998965,0.01985619000151928,0,0,0,0,0,0,7.603100057163026e-05,False,False,False,False
study12_s77_llama1b_kv12288_cap12-07_balanced_burst_baseline,llama1b,12288,12,77,balanced,burst,baseline,2,1024,512,0.1764384109992534,7.859788936999394,0.1390992919987184,0,0,0,0,0,0,0.00023698900113230947,False,False,False,False
study12_s77_llama1b_kv12288_cap12-07_balanced_burst_baseline,llama1b,12288,12,77,balanced,burst,baseline,3,1024,512,0.24090796600103204,7.823073898000075,0.13916277600037574,0,0,0,0,0,0,8.574599960409213e-05,False,False,False,False
study12_s77_llama1b_kv12288_cap12-07_balanced_burst_baseline,llama1b,12288,12,77,balanced,burst,baseline,5,128,512,0.21731194499989215,7.727169071999015,0.13938271699953475,0,0,0,0,0,0,0.000130841001009685,False,False,False,False
study12_s77_llama1b_kv12288_cap12-08_balanced_burst_fixed,llama1b,12288,12,77,balanced,burst,fixed,7,128,64,0.18952470699878177,1.2715248489985242,0.13781605300027877,0,0,0,0,0,0,0.00013173600054866563,False,False,False,False
study12_s77_llama1b_kv12288_cap12-08_balanced_burst_fixed,llama1b,12288,12,77,balanced,burst,fixed,8,256,64,0.27749362900067354,1.236312146000273,0.03764802499972575,0,0,0,0,0,0,8.24489994556421e-05,False,False,False,False
study12_s77_llama1b_kv12288_cap12-08_balanced_burst_fixed,llama1b,12288,12,77,balanced,burst,fixed,10,256,64,0.21543229999952018,1.1501225809988682,0.025058887998966384,0,0,0,0,0,0,8.984300075098872e-05,False,False,False,False
study12_s77_llama1b_kv12288_cap12-08_balanced_burst_fixed,llama1b,12288,12,77,balanced,burst,fixed,1,512,128,0.09301043099912931,2.4275738680007635,0.13767604699933145,0,0,0,0,0,0,8.145600004354214e-05,False,False,False,False
study12_s77_llama1b_kv12288_cap12-08_balanced_burst_fixed,llama1b,12288,12,77,balanced,burst,fixed,4,512,128,0.26335058900076547,2.3342595920003077,0.13791064500037464,0,0,0,0,0,0,0.00013486099924192585,False,False,False,False
study12_s77_llama1b_kv12288_cap12-08_balanced_burst_fixed,llama1b,12288,12,77,balanced,burst,fixed,6,512,128,0.23925083999893104,2.2497381739995035,0.13763965299949632,0,0,0,0,0,0,0.00023279700071721088,False,False,False,False
study12_s77_llama1b_kv12288_cap12-08_balanced_burst_fixed,llama1b,12288,12,77,balanced,burst,fixed,0,256,256,0.03656859200054896,4.23799699600022,0.13784950599983858,0,0,0,0,0,0,9.194199992634822e-05,False,False,False,False
study12_s77_llama1b_kv12288_cap12-08_balanced_burst_fixed,llama1b,12288,12,77,balanced,burst,fixed,9,1024,256,0.22762178800076072,3.9317893229999754,0.0378109659995971,0,0,0,0,0,0,0.00014708899907417416,False,False,False,False
study12_s77_llama1b_kv12288_cap12-08_balanced_burst_fixed,llama1b,12288,12,77,balanced,burst,fixed,11,128,256,0.19029784799931804,3.8607599400002073,0.01900142100021185,0,0,0,0,0,0,8.571200050933037e-05,False,False,False,False
study12_s77_llama1b_kv12288_cap12-08_balanced_burst_fixed,llama1b,12288,12,77,balanced,burst,fixed,2,1024,512,0.17396945400105324,7.828059164001388,0.13792378899961477,0,0,0,0,0,0,7.699199923080768e-05,False,False,False,False
study12_s77_llama1b_kv12288_cap12-08_balanced_burst_fixed,llama1b,12288,12,77,balanced,burst,fixed,3,1024,512,0.23726526999962516,7.789397275000738,0.13795235600082378,0,0,0,0,0,0,9.23730000067513e-05,False,False,False,False
study12_s77_llama1b_kv12288_cap12-08_balanced_burst_fixed,llama1b,12288,12,77,balanced,burst,fixed,5,128,512,0.21306180899955507,7.6941968589999306,0.13783234199945582,0,0,0,0,0,0,8.03319999249652e-05,False,False,False,False
study12_s77_llama1b_kv12288_cap12-09_generation_burst_adaptive,llama1b,12288,12,77,generation,burst,adaptive,0,512,64,0.05564253599914082,1.233952975999273,0.06271548299991991,0,0,0,0,0,0,0.0001164679997600615,False,False,False,False
study12_s77_llama1b_kv12288_cap12-09_generation_burst_adaptive,llama1b,12288,12,77,generation,burst,adaptive,1,256,64,0.052270526000938844,1.2124538910011324,0.06277857799977937,0,0,0,0,0,0,8.34469985420555e-05,False,False,False,False
study12_s77_llama1b_kv12288_cap12-09_generation_burst_adaptive,llama1b,12288,12,77,generation,burst,adaptive,10,128,64,0.06588370300050883,0.989551049999136,0.0378203130003385,0,0,0,0,0,0,7.575599920528475e-05,False,False,False,False
study12_s77_llama1b_kv12288_cap12-09_generation_burst_adaptive,llama1b,12288,12,77,generation,burst,adaptive,11,256,64,0.0696223770009965,0.9683566650001012,0.017032334999385057,0,0,0,0,0,0,8.48719984787305e-05,False,False,False,False
study12_s77_llama1b_kv12288_cap12-09_generation_burst_adaptive,llama1b,12288,12,77,generation,burst,adaptive,4,256,256,0.0986598130002676,3.881730121000146,0.062493294000887545,0,0,0,0,0,0,8.918199891921885e-05,False,False,False,False
study12_s77_llama1b_kv12288_cap12-09_generation_burst_adaptive,llama1b,12288,12,77,generation,burst,adaptive,7,512,256,0.08511694699882355,3.802693942998303,0.06273644300017622,0,0,0,0,0,0,0.00011733600003932532,False,False,False,False
study12_s77_llama1b_kv12288_cap12-09_generation_burst_adaptive,llama1b,12288,12,77,generation,burst,adaptive,8,512,256,0.11300456299977668,3.7793255870001303,0.038032360998840886,0,0,0,0,0,0,9.008299966806188e-05,False,False,False,False
study12_s77_llama1b_kv12288_cap12-09_generation_burst_adaptive,llama1b,12288,12,77,generation,burst,adaptive,9,128,256,0.11614225400080613,3.757056720000037,0.03801795700019284,0,0,0,0,0,0,9.629899868740521e-05,False,False,False,False
study12_s77_llama1b_kv12288_cap12-09_generation_burst_adaptive,llama1b,12288,12,77,generation,burst,adaptive,2,256,768,0.06765082899983099,11.444062411999766,0.06271512000057555,0,0,0,0,0,0,8.501999982399311e-05,False,False,False,False
study12_s77_llama1b_kv12288_cap12-09_generation_burst_adaptive,llama1b,12288,12,77,generation,burst,adaptive,3,512,768,0.09542650900039007,11.423168798000916,0.06258741000056034,0,0,0,0,0,0,0.00015579799910481196,False,False,False,False
study12_s77_llama1b_kv12288_cap12-09_generation_burst_adaptive,llama1b,12288,12,77,generation,burst,adaptive,5,128,768,0.07160653100072523,11.362706597001306,0.06270822099941142,0,0,0,0,0,0,8.615599836048204e-05,False,False,False,False
study12_s77_llama1b_kv12288_cap12-09_generation_burst_adaptive,llama1b,12288,12,77,generation,burst,adaptive,6,128,768,0.058578187999955844,11.332027534999725,0.06242330300119647,0,0,0,0,0,0,7.522899904865987e-05,False,False,False,False
study12_s77_llama1b_kv12288_cap12-10_balanced_stagger_baseline,llama1b,12288,12,77,balanced,stagger,baseline,1,512,128,0.07944871399922704,2.227317655999286,0.12141860100018675,0,0,0,0,0,0,9.307573986472306e-05,False,False,False,False
study12_s77_llama1b_kv12288_cap12-10_balanced_stagger_baseline,llama1b,12288,12,77,balanced,stagger,baseline,0,256,256,0.04553608999958669,4.465032238000276,0.12161919700156432,0,0,0,0,0,0,0.0001754749991960125,False,False,False,False
study12_s77_llama1b_kv12288_cap12-10_balanced_stagger_baseline,llama1b,12288,12,77,balanced,stagger,baseline,4,512,128,0.09042410099937115,2.3252001809996727,0.11605107499963196,0,0,0,0,0,0,8.25801430512918e-05,False,False,False,False
study12_s77_llama1b_kv12288_cap12-10_balanced_stagger_baseline,llama1b,12288,12,77,balanced,stagger,baseline,7,128,64,0.05950225699962175,1.196172714999193,0.11565561499992327,0,0,0,0,0,0,8.893903532136704e-05,False,False,False,False
study12_s77_llama1b_kv12288_cap12-10_balanced_stagger_baseline,llama1b,12288,12,77,balanced,stagger,baseline,8,256,64,0.0701991400001134,1.1941380169992044,0.11572263800007931,0,0,0,0,0,0,9.560507340156121e-05,False,False,False,False
study12_s77_llama1b_kv12288_cap12-10_balanced_stagger_baseline,llama1b,12288,12,77,balanced,stagger,baseline,6,512,128,0.09024435699939204,2.2997754999996687,0.1151657989994419,0,0,0,0,0,0,8.095577495703665e-05,False,False,False,False
study12_s77_llama1b_kv12288_cap12-10_balanced_stagger_baseline,llama1b,12288,12,77,balanced,stagger,baseline,10,256,64,0.05651089700040757,1.0935608580002736,0.022004287000527256,0,0,0,0,0,0,9.53075556857641e-05,False,False,False,False
study12_s77_llama1b_kv12288_cap12-10_balanced_stagger_baseline,llama1b,12288,12,77,balanced,stagger,baseline,9,1024,256,0.14601461600068433,4.071235458000956,0.03527746299914725,0,0,0,0,0,0,0.0002242214757819383,False,False,False,False
study12_s77_llama1b_kv12288_cap12-10_balanced_stagger_baseline,llama1b,12288,12,77,balanced,stagger,baseline,2,1024,512,0.1456556190005358,8.366153066999686,0.12133768900093855,0,0,0,0,0,0,0.00011275274403943492,False,False,False,False
study12_s77_llama1b_kv12288_cap12-10_balanced_stagger_baseline,llama1b,12288,12,77,balanced,stagger,baseline,3,1024,512,0.14883715599899006,8.257067683998685,0.11558115700063354,0,0,0,0,0,0,0.00010339471029685576,False,False,False,False
study12_s77_llama1b_kv12288_cap12-10_balanced_stagger_baseline,llama1b,12288,12,77,balanced,stagger,baseline,11,128,256,0.04776184000002104,3.878559939999832,0.02095357300095202,0,0,0,0,0,0,0.00012294678541557857,False,False,False,False
study12_s77_llama1b_kv12288_cap12-10_balanced_stagger_baseline,llama1b,12288,12,77,balanced,stagger,baseline,5,128,512,0.05427539799893566,7.985924904998683,0.11588023799959046,0,0,0,0,0,0,9.473036167317872e-05,False,False,False,False
study12_s77_llama1b_kv12288_cap12-11_generation_stagger_baseline,llama1b,12288,12,77,generation,stagger,baseline,0,512,64,0.06472769399988465,0.966888580000159,0.018096285999490647,0,0,0,0,0,0,0.00012448099914763588,False,False,False,False
study12_s77_llama1b_kv12288_cap12-11_generation_stagger_baseline,llama1b,12288,12,77,generation,stagger,baseline,1,256,64,0.039784022999810986,0.899913237999499,0.01806185300119978,0,0,0,0,0,0,8.653557783389054e-05,False,False,False,False
study12_s77_llama1b_kv12288_cap12-11_generation_stagger_baseline,llama1b,12288,12,77,generation,stagger,baseline,10,128,64,0.05431189299997641,0.9881080160012061,0.03604212800019013,0,0,0,0,0,0,7.462331437313452e-05,False,False,False,False
study12_s77_llama1b_kv12288_cap12-11_generation_stagger_baseline,llama1b,12288,12,77,generation,stagger,baseline,11,256,64,0.05837673300084134,0.9755740670007071,0.018362007000177982,0,0,0,0,0,0,9.703226102164564e-05,False,False,False,False
study12_s77_llama1b_kv12288_cap12-11_generation_stagger_baseline,llama1b,12288,12,77,generation,stagger,baseline,4,256,256,0.05062074699890218,3.8904096349997417,0.06294097699901613,0,0,0,0,0,0,9.485793373009699e-05,False,False,False,False
study12_s77_llama1b_kv12288_cap12-11_generation_stagger_baseline,llama1b,12288,12,77,generation,stagger,baseline,7,512,256,0.09059185500154854,3.8648727030013106,0.06301244300084363,0,0,0,0,0,0,8.013133985418364e-05,False,False,False,False
study12_s77_llama1b_kv12288_cap12-11_generation_stagger_baseline,llama1b,12288,12,77,generation,stagger,baseline,8,512,256,0.08534261999921,3.809791341998789,0.036124887999903876,0,0,0,0,0,0,0.00011503394346945583,False,False,False,False
study12_s77_llama1b_kv12288_cap12-11_generation_stagger_baseline,llama1b,12288,12,77,generation,stagger,baseline,9,128,256,0.051822194000124,3.7354219400003785,0.035702647001016885,0,0,0,0,0,0,8.169361412591059e-05,False,False,False,False
study12_s77_llama1b_kv12288_cap12-11_generation_stagger_baseline,llama1b,12288,12,77,generation,stagger,baseline,2,256,768,0.04254533700077445,11.461848594999537,0.06320335399868782,0,0,0,0,0,0,8.430051501262525e-05,False,False,False,False
study12_s77_llama1b_kv12288_cap12-11_generation_stagger_baseline,llama1b,12288,12,77,generation,stagger,baseline,3,512,768,0.08586765299878607,11.4535324569988,0.06295242399937706,0,0,0,0,0,0,9.692966373231471e-05,False,False,False,False
study12_s77_llama1b_kv12288_cap12-11_generation_stagger_baseline,llama1b,12288,12,77,generation,stagger,baseline,5,128,768,0.04215926199867681,11.370052451999072,0.06319979799991415,0,0,0,0,0,0,8.900558167823647e-05,False,False,False,False
study12_s77_llama1b_kv12288_cap12-11_generation_stagger_baseline,llama1b,12288,12,77,generation,stagger,baseline,6,128,768,0.04038784600015788,11.339458514999933,0.06305135499860626,0,0,0,0,0,0,9.188568302587186e-05,False,False,False,False
study13r01_s77_llama1b_kv3072_cap12-00_balanced_burst_baseline,llama1b,3072,12,77,balanced,burst,baseline,1,512,128,0.08453169099993829,1.9269540059995052,0.1063536239998939,0,0,0,0,0,0,9.079499905055577e-05,False,False,False,False
study13r01_s77_llama1b_kv3072_cap12-00_balanced_burst_baseline,llama1b,3072,12,77,balanced,burst,baseline,0,256,256,0.03611448500123515,3.678023127000415,0.10649206300149672,0,0,0,0,0,0,7.488699884561356e-05,False,False,False,False
study13r01_s77_llama1b_kv3072_cap12-00_balanced_burst_baseline,llama1b,3072,12,77,balanced,burst,baseline,2,1024,512,0.15452888599975267,7.01866466699903,0.10562169200056815,0,0,0,0,0,0,8.407399982388042e-05,False,False,False,False
study13r01_s77_llama1b_kv3072_cap12-00_balanced_burst_baseline,llama1b,3072,12,77,balanced,burst,baseline,3,1024,512,0.22458964500037837,8.13147085500168,1.0930369229990902,1,1072,0.9884017179992952,0.9884017179992952,0.9728077019990451,1.0930369229990902,7.239299848149638e-05,True,True,False,False
study13r01_s77_llama1b_kv3072_cap12-00_balanced_burst_baseline,llama1b,3072,12,77,balanced,burst,baseline,7,128,64,6.935822442999779,8.270514453999567,0.5247961450004368,1,176,0.37871922299927974,0.37871922299927974,0,0,7.712799961151484e-05,True,False,False,False
study13r01_s77_llama1b_kv3072_cap12-00_balanced_burst_baseline,llama1b,3072,12,77,balanced,burst,baseline,4,512,128,3.5527935099999013,8.642439134000597,3.2881467239985795,1,531,3.133418838999205,3.133418838999205,3.1202135709991126,3.2881467239985795,8.229299855883054e-05,True,True,True,False
study13r01_s77_llama1b_kv3072_cap12-00_balanced_burst_baseline,llama1b,3072,12,77,balanced,burst,baseline,6,512,128,6.986274250999486,8.836810644999787,0.14412548200016317,0,0,0,0,0,0,0.00011808699964599434,False,False,False,False
study13r01_s77_llama1b_kv3072_cap12-00_balanced_burst_baseline,llama1b,3072,12,77,balanced,burst,baseline,8,256,64,6.88613224600158,8.905580869000914,1.1543265379987133,1,256,1.1483477909987414,1.1483477909987414,0.9943970899985288,1.1543265379987133,0.00011418899848647523,True,True,False,False
study13r01_s77_llama1b_kv3072_cap12-00_balanced_burst_baseline,llama1b,3072,12,77,balanced,burst,baseline,10,256,64,8.17167190300097,9.205682110999987,0.2280025599993678,1,256,0.2033171200000652,0.2033171200000652,0,0,7.332699897233397e-05,False,False,False,False
study13r01_s77_llama1b_kv3072_cap12-00_balanced_burst_baseline,llama1b,3072,12,77,balanced,burst,baseline,9,1024,256,7.990422787999705,11.339753812999334,0.040647826999702374,0,0,0,0,0,0,8.49949999974231e-05,False,False,False,False
study13r01_s77_llama1b_kv3072_cap12-00_balanced_burst_baseline,llama1b,3072,12,77,balanced,burst,baseline,11,128,256,8.349790152000423,11.632370277999144,0.016034812999350834,0,0,0,0,0,0,9.272499955836899e-05,False,False,False,False
study13r01_s77_llama1b_kv3072_cap12-00_balanced_burst_baseline,llama1b,3072,12,77,balanced,burst,baseline,5,128,512,7.035986894001326,13.76135592600076,0.14387374099896988,0,0,0,0,0,0,8.476399852952454e-05,False,False,False,False
study13r01_s77_llama1b_kv3072_cap12-01_generation_stagger_fixed,llama1b,3072,12,77,generation,stagger,fixed,0,512,64,0.05469243199877383,0.8342172519987798,0.015035177999379812,0,0,0,0,0,0,0.00023239999973156955,False,False,False,False
study13r01_s77_llama1b_kv3072_cap12-01_generation_stagger_fixed,llama1b,3072,12,77,generation,stagger,fixed,1,256,64,0.03910540499964554,0.8287319150003896,0.01658940800007258,0,0,0,0,0,0,7.493957677495722e-05,False,False,False,False
study13r01_s77_llama1b_kv3072_cap12-01_generation_stagger_fixed,llama1b,3072,12,77,generation,stagger,fixed,4,256,256,0.05164385600073729,3.4650242240004445,0.058782437999980175,0,0,0,0,0,0,0.00012404093206264122,False,False,False,False
study13r01_s77_llama1b_kv3072_cap12-01_generation_stagger_fixed,llama1b,3072,12,77,generation,stagger,fixed,2,256,768,0.04056351200051722,10.285603063999588,0.06018945699906908,0,0,0,0,0,0,7.971251441984961e-05,False,False,False,False
study13r01_s77_llama1b_kv3072_cap12-01_generation_stagger_fixed,llama1b,3072,12,77,generation,stagger,fixed,3,512,768,0.07880570499946771,10.346956587000022,0.08301691700035008,0,0,0,0,0,0,8.296466362489596e-05,False,False,False,False
study13r01_s77_llama1b_kv3072_cap12-01_generation_stagger_fixed,llama1b,3072,12,77,generation,stagger,fixed,5,128,768,0.04155606600033934,10.664073787000234,0.3544518769995193,1,809,0.26962493999963044,0.26962493999963044,0,0,8.266557960467935e-05,False,False,False,False
study13r01_s77_llama1b_kv3072_cap12-01_generation_stagger_fixed,llama1b,3072,12,77,generation,stagger,fixed,7,512,256,0.08467429300071672,10.733952200000203,7.2825438089985255,1,670,7.162748446000478,7.162748446000478,7.1474644869995245,7.2825438089985255,8.15123402562179e-05,True,True,True,True
study13r01_s77_llama1b_kv3072_cap12-01_generation_stagger_fixed,llama1b,3072,12,77,generation,stagger,fixed,10,128,64,9.1121072370006,9.925828793999244,0.01561819600101444,0,0,0,0,0,0,9.23273145021497e-05,False,False,False,False
study13r01_s77_llama1b_kv3072_cap12-01_generation_stagger_fixed,llama1b,3072,12,77,generation,stagger,fixed,11,256,64,8.647479311999632,9.46111567799926,0.015719417999207508,0,0,0,0,0,0,7.497226148434066e-05,False,False,False,False
study13r01_s77_llama1b_kv3072_cap12-01_generation_stagger_fixed,llama1b,3072,12,77,generation,stagger,fixed,6,128,768,0.04883551100101613,13.683474378000028,3.444634452000173,1,581,3.3258938279996073,3.3258938279996073,3.3095105619995593,3.444634452000173,0.00010199868203297768,True,True,True,False
study13r01_s77_llama1b_kv3072_cap12-01_generation_stagger_fixed,llama1b,3072,12,77,generation,stagger,fixed,9,128,256,8.683512996998616,11.988699121999161,0.043414062000010745,0,0,0,0,0,0,0.0001192056139611708,False,False,False,False
study13r01_s77_llama1b_kv3072_cap12-01_generation_stagger_fixed,llama1b,3072,12,77,generation,stagger,fixed,8,512,256,9.800858344000517,13.106096896999588,0.04353041600006691,0,0,0,0,0,0,7.720394244969953e-05,False,False,False,False
study13r01_s77_llama1b_kv3072_cap12-02_generation_burst_fixed,llama1b,3072,12,77,generation,burst,fixed,0,512,64,0.05489459399905172,1.0047567849996994,0.05981762899864407,0,0,0,0,0,0,7.981000089785084e-05,False,False,False,False
study13r01_s77_llama1b_kv3072_cap12-02_generation_burst_fixed,llama1b,3072,12,77,generation,burst,fixed,1,256,64,0.047852431000137585,0.9803677019990573,0.0598043999998481,0,0,0,0,0,0,8.730500048841072e-05,False,False,False,False
study13r01_s77_llama1b_kv3072_cap12-02_generation_burst_fixed,llama1b,3072,12,77,generation,burst,fixed,4,256,256,0.08449468499929935,3.495731162998709,0.06152823499905935,0,0,0,0,0,0,8.38420008221763e-05,False,False,False,False
study13r01_s77_llama1b_kv3072_cap12-02_generation_burst_fixed,llama1b,3072,12,77,generation,burst,fixed,2,256,768,0.061993682000320405,10.244556892999753,0.061637809998501325,0,0,0,0,0,0,7.792500073264264e-05,False,False,False,False
study13r01_s77_llama1b_kv3072_cap12-02_generation_burst_fixed,llama1b,3072,12,77,generation,burst,fixed,3,512,768,0.08540050999908999,10.291685317999509,0.0823196490000555,0,0,0,0,0,0,8.226700047087032e-05,False,False,False,False
study13r01_s77_llama1b_kv3072_cap12-02_generation_burst_fixed,llama1b,3072,12,77,generation,burst,fixed,5,128,768,0.06973645099969872,10.914609116000065,0.7083385079986328,1,842,0.6215731779993803,0.6215731779993803,0,0,0.0001429940002708463,True,False,False,False
study13r01_s77_llama1b_kv3072_cap12-02_generation_burst_fixed,llama1b,3072,12,77,generation,burst,fixed,10,128,64,10.822236535999764,11.638518802999897,0.01550798900098016,0,0,0,0,0,0,6.59830002405215e-05,False,False,False,False
study13r01_s77_llama1b_kv3072_cap12-02_generation_burst_fixed,llama1b,3072,12,77,generation,burst,fixed,7,512,256,0.7552976440001657,12.266968979000012,8.199430091000977,1,666,8.055789374999222,8.055789374999222,8.041176687000188,8.199430091000977,8.630000083936773e-05,True,True,True,True
study13r01_s77_llama1b_kv3072_cap12-02_generation_burst_fixed,llama1b,3072,12,77,generation,burst,fixed,11,256,64,12.117999828000393,12.933298588999605,0.016399960000853753,0,0,0,0,0,0,8.189799991664692e-05,False,False,False,False
study13r01_s77_llama1b_kv3072_cap12-02_generation_burst_fixed,llama1b,3072,12,77,generation,burst,fixed,6,128,768,0.05623354899944388,13.873319463998996,3.6049785670002166,1,624,3.5393970770001033,3.5393970770001033,3.525337846000184,3.6049785670002166,6.66530006128152e-05,True,True,True,False
study13r01_s77_llama1b_kv3072_cap12-02_generation_burst_fixed,llama1b,3072,12,77,generation,burst,fixed,9,128,256,10.872057080001468,14.186721824000415,0.036405253000339144,0,0,0,0,0,0,0.00011487299962026354,False,False,False,False
study13r01_s77_llama1b_kv3072_cap12-02_generation_burst_fixed,llama1b,3072,12,77,generation,burst,fixed,8,512,256,10.92229701100041,14.236994463000883,0.03639912299877324,0,0,0,0,0,0,8.53340003231784e-05,False,False,False,False
study13r01_s77_llama1b_kv3072_cap12-03_balanced_stagger_adaptive,llama1b,3072,12,77,balanced,stagger,adaptive,1,512,128,0.08033657600026345,1.8066068280004401,0.10357165099958365,0,0,0,0,0,0,7.715574087807653e-05,False,False,False,False
study13r01_s77_llama1b_kv3072_cap12-03_balanced_stagger_adaptive,llama1b,3072,12,77,balanced,stagger,adaptive,0,256,256,0.03507528000045568,3.562674603001142,0.10976444500010984,0,0,0,0,0,0,0.00012321199938014615,False,False,False,False
study13r01_s77_llama1b_kv3072_cap12-03_balanced_stagger_adaptive,llama1b,3072,12,77,balanced,stagger,adaptive,2,1024,512,0.12195411999891803,6.90377969599831,0.10977119900053367,0,0,0,0,0,0,0.0001170417464300133,False,False,False,False
study13r01_s77_llama1b_kv3072_cap12-03_balanced_stagger_adaptive,llama1b,3072,12,77,balanced,stagger,adaptive,4,512,128,1.3659254949998285,6.334846313999151,3.3380046370002674,1,563,3.266624607000267,3.266624607000267,3.252915203000157,3.3380046370002674,0.00010431714464020914,True,True,True,False
study13r01_s77_llama1b_kv3072_cap12-03_balanced_stagger_adaptive,llama1b,3072,12,77,balanced,stagger,adaptive,3,1024,512,1.373184014000799,8.200076814000568,0.09260486599850992,0,0,0,0,0,0,0.00021697271060650003,False,False,False,False
study13r01_s77_llama1b_kv3072_cap12-03_balanced_stagger_adaptive,llama1b,3072,12,77,balanced,stagger,adaptive,8,256,64,5.017081010000766,5.9725702600007935,0.1401423840015923,0,0,0,0,0,0,8.194807367489787e-05,False,False,False,False
study13r01_s77_llama1b_kv3072_cap12-03_balanced_stagger_adaptive,llama1b,3072,12,77,balanced,stagger,adaptive,7,128,64,5.147235598999032,6.103003934998924,0.13999880200026382,0,0,0,0,0,0,6.46650364606316e-05,False,False,False,False
study13r01_s77_llama1b_kv3072_cap12-03_balanced_stagger_adaptive,llama1b,3072,12,77,balanced,stagger,adaptive,10,256,64,4.35426354899937,5.179095150999274,0.016077330999905826,0,0,0,0,0,0,7.766855714308463e-05,False,False,False,False
study13r01_s77_llama1b_kv3072_cap12-03_balanced_stagger_adaptive,llama1b,3072,12,77,balanced,stagger,adaptive,6,512,128,5.399156646000847,7.189152003000345,0.13996459000009054,0,0,0,0,0,0,7.627877485072432e-05,False,False,False,False
study13r01_s77_llama1b_kv3072_cap12-03_balanced_stagger_adaptive,llama1b,3072,12,77,balanced,stagger,adaptive,9,1024,256,5.183971602000383,8.487342567999804,0.016560403999392292,0,0,0,0,0,0,0.00013465747708263365,False,False,False,False
study13r01_s77_llama1b_kv3072_cap12-03_balanced_stagger_adaptive,llama1b,3072,12,77,balanced,stagger,adaptive,11,128,256,3.7573321939999005,7.060783382999944,0.016559140000026673,0,0,0,0,0,0,7.162278612860007e-05,False,False,False,False
study13r01_s77_llama1b_kv3072_cap12-03_balanced_stagger_adaptive,llama1b,3072,12,77,balanced,stagger,adaptive,5,128,512,0.5906925479994243,11.288532208000106,3.9619264909997582,1,131,3.891601195999101,3.891601195999101,3.8769750299998123,3.9619264909997582,7.743736219989472e-05,True,True,True,False
study13r01_s77_llama1b_kv3072_cap12-04_balanced_stagger_baseline,llama1b,3072,12,77,balanced,stagger,baseline,1,512,128,0.08065357700070308,1.9158122500011814,0.11110912500043924,0,0,0,0,0,0,8.684573935635598e-05,False,False,False,False
study13r01_s77_llama1b_kv3072_cap12-04_balanced_stagger_baseline,llama1b,3072,12,77,balanced,stagger,baseline,0,256,256,0.035526600000594044,3.6826387569999497,0.11108922300081758,0,0,0,0,0,0,7.921699943835847e-05,False,False,False,False
study13r01_s77_llama1b_kv3072_cap12-04_balanced_stagger_baseline,llama1b,3072,12,77,balanced,stagger,baseline,2,1024,512,0.12156625199895643,7.038924750999286,0.11112901699925715,0,0,0,0,0,0,8.487474509366599e-05,False,False,False,False
study13r01_s77_llama1b_kv3072_cap12-04_balanced_stagger_baseline,llama1b,3072,12,77,balanced,stagger,baseline,3,1024,512,0.1346408520003024,7.914205174000017,0.9347536009991018,1,1055,0.828103892999934,0.828103892999934,0,0,7.190771086418302e-05,True,False,False,False
study13r01_s77_llama1b_kv3072_cap12-04_balanced_stagger_baseline,llama1b,3072,12,77,balanced,stagger,baseline,4,512,128,1.4837757069999498,6.734328237000227,3.45823498900063,1,559,3.327506364999863,3.327506364999863,3.3132793589993526,3.45823498900063,7.835314273352267e-05,True,True,True,False
study13r01_s77_llama1b_kv3072_cap12-04_balanced_stagger_baseline,llama1b,3072,12,77,balanced,stagger,baseline,7,128,64,4.2683810600010474,5.510240572999464,0.39351219499985746,1,176,0.24979679500029306,0.24979679500029306,0,0,7.417903498119216e-05,False,False,False,False
study13r01_s77_llama1b_kv3072_cap12-04_balanced_stagger_baseline,llama1b,3072,12,77,balanced,stagger,baseline,6,512,128,4.520287978999477,6.351653042998805,0.14385585300078674,0,0,0,0,0,0,7.472677489284152e-05,False,False,False,False
study13r01_s77_llama1b_kv3072_cap12-04_balanced_stagger_baseline,llama1b,3072,12,77,balanced,stagger,baseline,8,256,64,5.164008761999867,6.021486740999535,0.0449151239990897,0,0,0,0,0,0,8.024807346318497e-05,False,False,False,False
study13r01_s77_llama1b_kv3072_cap12-04_balanced_stagger_baseline,llama1b,3072,12,77,balanced,stagger,baseline,10,256,64,4.27450889100146,5.096150798000963,0.015766321999763022,0,0,0,0,0,0,7.67075559373609e-05,False,False,False,False
study13r01_s77_llama1b_kv3072_cap12-04_balanced_stagger_baseline,llama1b,3072,12,77,balanced,stagger,baseline,9,1024,256,4.901964286000293,8.224011693000648,0.04482488999929046,0,0,0,0,0,0,7.872747648374201e-05,False,False,False,False
study13r01_s77_llama1b_kv3072_cap12-04_balanced_stagger_baseline,llama1b,3072,12,77,balanced,stagger,baseline,11,128,256,3.6778627160001633,6.963513939001132,0.017404322999936994,0,0,0,0,0,0,7.752178513520391e-05,False,False,False,False
study13r01_s77_llama1b_kv3072_cap12-04_balanced_stagger_baseline,llama1b,3072,12,77,balanced,stagger,baseline,5,128,512,0.708367287999863,11.46719453500009,4.07992473000013,1,128,4.003067806999752,4.003067806999752,3.9350278849997267,4.07992473000013,7.369636128995438e-05,True,True,True,False
study13r01_s77_llama1b_kv3072_cap12-05_generation_stagger_baseline,llama1b,3072,12,77,generation,stagger,baseline,0,512,64,0.054058378000263474,0.8340105629995378,0.014097107999987202,0,0,0,0,0,0,8.637700011604466e-05,False,False,False,False
study13r01_s77_llama1b_kv3072_cap12-05_generation_stagger_baseline,llama1b,3072,12,77,generation,stagger,baseline,1,256,64,0.04051016400080698,0.8828874400005589,0.018208684001365327,0,0,0,0,0,0,7.492457738833558e-05,False,False,False,False
study13r01_s77_llama1b_kv3072_cap12-05_generation_stagger_baseline,llama1b,3072,12,77,generation,stagger,baseline,4,256,256,0.057055520001085824,3.6285828150012094,0.06261905199971807,0,0,0,0,0,0,8.221293239607519e-05,False,False,False,False
study13r01_s77_llama1b_kv3072_cap12-05_generation_stagger_baseline,llama1b,3072,12,77,generation,stagger,baseline,2,256,768,0.042066458001499996,10.639041846001419,0.07271311600015906,0,0,0,0,0,0,7.895551469472295e-05,False,False,False,False
study13r01_s77_llama1b_kv3072_cap12-05_generation_stagger_baseline,llama1b,3072,12,77,generation,stagger,baseline,3,512,768,0.08215171399933752,10.763861609000742,0.1342562400004681,0,0,0,0,0,0,9.652366347845387e-05,False,False,False,False
study13r01_s77_llama1b_kv3072_cap12-05_generation_stagger_baseline,llama1b,3072,12,77,generation,stagger,baseline,7,512,256,0.0889208789994882,10.399026193999816,6.099065899999914,2,1400,6.608281213999362,5.951274344000922,5.93611597600102,6.099065899999914,7.993434148279022e-05,True,True,True,True
study13r01_s77_llama1b_kv3072_cap12-05_generation_stagger_baseline,llama1b,3072,12,77,generation,stagger,baseline,5,128,768,0.03820599000027869,11.158675280999887,0.41759599600118236,1,811,0.28097176699884585,0.28097176699884585,0,0,7.294758142251112e-05,False,False,False,False
study13r01_s77_llama1b_kv3072_cap12-05_generation_stagger_baseline,llama1b,3072,12,77,generation,stagger,baseline,10,128,64,8.206931482000073,9.53524602699872,0.49307680699894263,1,135,0.43520878000163066,0.43520878000163066,0,0,8.048331606591574e-05,False,False,False,False
study13r01_s77_llama1b_kv3072_cap12-05_generation_stagger_baseline,llama1b,3072,12,77,generation,stagger,baseline,11,256,64,8.328373097001531,9.177944459001083,0.01757136000014725,0,0,0,0,0,0,8.351826114694205e-05,False,False,False,False
study13r01_s77_llama1b_kv3072_cap12-05_generation_stagger_baseline,llama1b,3072,12,77,generation,stagger,baseline,8,512,256,0.08892763800031389,12.421857802999511,8.882065563000651,1,545,8.733104808001372,8.733104808001372,8.718988599001023,8.882065563000651,0.00010534894357405733,True,True,True,True
study13r01_s77_llama1b_kv3072_cap12-05_generation_stagger_baseline,llama1b,3072,12,77,generation,stagger,baseline,9,128,256,8.300020200998915,11.847084150998853,0.1559101130005729,1,160,0.09698718100116821,0.09698718100116821,0,0,7.851761497157383e-05,False,False,False,False
study13r01_s77_llama1b_kv3072_cap12-05_generation_stagger_baseline,llama1b,3072,12,77,generation,stagger,baseline,6,128,768,0.04940648299998429,13.849060713999279,3.166936949999581,1,582,3.0316848940001364,3.0316848940001364,3.0188557829987985,3.166936949999581,7.185068435600073e-05,True,True,True,False
study13r01_s77_llama1b_kv3072_cap12-06_balanced_burst_adaptive,llama1b,3072,12,77,balanced,burst,adaptive,1,512,128,0.0894537690001016,2.0002615100002004,0.10900905999915267,0,0,0,0,0,0,8.651499883853553e-05,False,False,False,False
study13r01_s77_llama1b_kv3072_cap12-06_balanced_burst_adaptive,llama1b,3072,12,77,balanced,burst,adaptive,0,256,256,0.039721390001432155,3.8091144140016695,0.10912204300075246,0,0,0,0,0,0,9.260299884772394e-05,False,False,False,False
study13r01_s77_llama1b_kv3072_cap12-06_balanced_burst_adaptive,llama1b,3072,12,77,balanced,burst,adaptive,2,1024,512,0.1612684639985673,7.212069795999923,0.1089554300015152,0,0,0,0,0,0,0.00010969500035570845,False,False,False,False
study13r01_s77_llama1b_kv3072_cap12-06_balanced_burst_adaptive,llama1b,3072,12,77,balanced,burst,adaptive,3,1024,512,0.22035985099864774,8.327497586999016,1.1446928090008441,1,1072,1.0362708590000693,1.0362708590000693,1.0242586189997382,1.1446928090008441,7.55460001528041e-05,True,True,False,False
study13r01_s77_llama1b_kv3072_cap12-06_balanced_burst_adaptive,llama1b,3072,12,77,balanced,burst,adaptive,7,128,64,7.108004402998631,8.209111647998725,0.2663591990003624,1,189,0.21081783199952042,0.21081783199952042,0,0,8.129000016193766e-05,False,False,False,False
study13r01_s77_llama1b_kv3072_cap12-06_balanced_burst_adaptive,llama1b,3072,12,77,balanced,burst,adaptive,4,512,128,7.258123776000502,8.995515280999825,0.05119293999996444,0,0,0,0,0,0,8.7630999405508e-05,False,False,False,False
study13r01_s77_llama1b_kv3072_cap12-06_balanced_burst_adaptive,llama1b,3072,12,77,balanced,burst,adaptive,6,512,128,7.157903219000218,8.895774284999789,0.05090173600001435,0,0,0,0,0,0,8.065199945117563e-05,False,False,False,False
study13r01_s77_llama1b_kv3072_cap12-06_balanced_burst_adaptive,llama1b,3072,12,77,balanced,burst,adaptive,8,256,64,8.14573762299915,9.104839194000306,0.13491270300073666,0,0,0,0,0,0,7.099600006765794e-05,False,False,False,False
study13r01_s77_llama1b_kv3072_cap12-06_balanced_burst_adaptive,llama1b,3072,12,77,balanced,burst,adaptive,10,256,64,8.844948986999952,9.67483879700012,0.018120095000995207,0,0,0,0,0,0,7.187200026237406e-05,False,False,False,False
study13r01_s77_llama1b_kv3072_cap12-06_balanced_burst_adaptive,llama1b,3072,12,77,balanced,burst,adaptive,11,128,256,8.795038555001156,12.176689487001568,0.01809020500149927,0,0,0,0,0,0,6.691499875155493e-05,False,False,False,False
study13r01_s77_llama1b_kv3072_cap12-06_balanced_burst_adaptive,llama1b,3072,12,77,balanced,burst,adaptive,9,1024,256,8.895214404999933,12.27705473199967,0.018245135001052404,0,0,0,0,0,0,7.272499969984692e-05,False,False,False,False
study13r01_s77_llama1b_kv3072_cap12-06_balanced_burst_adaptive,llama1b,3072,12,77,balanced,burst,adaptive,5,128,512,7.207621809000557,14.048719861999416,0.13478179899902898,0,0,0,0,0,0,8.395099939662032e-05,False,False,False,False
study13r01_s77_llama1b_kv3072_cap12-07_balanced_burst_fixed,llama1b,3072,12,77,balanced,burst,fixed,1,512,128,0.08432534799976565,1.8116500929991162,0.10925977000079001,0,0,0,0,0,0,8.43869995151153e-05,False,False,False,False
study13r01_s77_llama1b_kv3072_cap12-07_balanced_burst_fixed,llama1b,3072,12,77,balanced,burst,fixed,0,256,256,0.03551969400177768,3.4522208500002307,0.10923363999972935,0,0,0,0,0,0,0.00011204199836356565,False,False,False,False
study13r01_s77_llama1b_kv3072_cap12-07_balanced_burst_fixed,llama1b,3072,12,77,balanced,burst,fixed,2,1024,512,0.1574825210009294,6.6837723620010365,0.017421584998373874,0,0,0,0,0,0,0.00010240499832434025,False,False,False,False
study13r01_s77_llama1b_kv3072_cap12-07_balanced_burst_fixed,llama1b,3072,12,77,balanced,burst,fixed,4,512,128,6.756743297999492,8.386355545000697,0.016544160000194097,0,0,0,0,0,0,7.666799938305102e-05,False,False,False,False
study13r01_s77_llama1b_kv3072_cap12-07_balanced_burst_fixed,llama1b,3072,12,77,balanced,burst,fixed,7,128,64,8.322153201999754,9.134076733000256,0.015849806999540306,0,0,0,0,0,0,0.00011072399902328778,False,False,False,False
study13r01_s77_llama1b_kv3072_cap12-07_balanced_burst_fixed,llama1b,3072,12,77,balanced,burst,fixed,6,512,128,8.37212424000063,10.007074174000081,0.015847917000428424,0,0,0,0,0,0,7.61859984776958e-05,False,False,False,False
study13r01_s77_llama1b_kv3072_cap12-07_balanced_burst_fixed,llama1b,3072,12,77,balanced,burst,fixed,8,256,64,9.955314022001403,10.762840346000303,0.015298254000299494,0,0,0,0,0,0,7.557499848187543e-05,False,False,False,False
study13r01_s77_llama1b_kv3072_cap12-07_balanced_burst_fixed,llama1b,3072,12,77,balanced,burst,fixed,5,128,512,6.707052403999114,13.349786874998244,0.07147686900134431,0,0,0,0,0,0,7.558600009360816e-05,False,False,False,False
study13r01_s77_llama1b_kv3072_cap12-07_balanced_burst_fixed,llama1b,3072,12,77,balanced,burst,fixed,3,1024,512,6.8069402880009875,13.450037768001494,0.07176523500129406,0,0,0,0,0,0,0.00011282499835940651,False,False,False,False
study13r01_s77_llama1b_kv3072_cap12-07_balanced_burst_fixed,llama1b,3072,12,77,balanced,burst,fixed,10,256,64,13.243590537998898,14.054838709998876,0.016136217000166653,0,0,0,0,0,0,7.207599992398173e-05,False,False,False,False
study13r01_s77_llama1b_kv3072_cap12-07_balanced_burst_fixed,llama1b,3072,12,77,balanced,burst,fixed,9,1024,256,13.293436199001007,16.555366683000102,0.016146415000548586,0,0,0,0,0,0,7.297699885383535e-05,False,False,False,False
study13r01_s77_llama1b_kv3072_cap12-07_balanced_burst_fixed,llama1b,3072,12,77,balanced,burst,fixed,11,128,256,13.193477752000035,16.45548846299971,0.016143052000188618,0,0,0,0,0,0,0.00012534699926614046,False,False,False,False
study13r01_s77_llama1b_kv3072_cap12-08_generation_burst_baseline,llama1b,3072,12,77,generation,burst,baseline,0,512,64,0.05677165900124237,1.067304022000826,0.0608560500004387,0,0,0,0,0,0,7.625099897268228e-05,False,False,False,False
study13r01_s77_llama1b_kv3072_cap12-08_generation_burst_baseline,llama1b,3072,12,77,generation,burst,baseline,1,256,64,0.061999441000807565,1.1410131270004058,0.11088673400081461,0,0,0,0,0,0,9.110599894483762e-05,False,False,False,False
study13r01_s77_llama1b_kv3072_cap12-08_generation_burst_baseline,llama1b,3072,12,77,generation,burst,baseline,4,256,256,0.08258404899970628,3.5930848860007245,0.1113070660012454,0,0,0,0,0,0,8.540399976481039e-05,False,False,False,False
study13r01_s77_llama1b_kv3072_cap12-08_generation_burst_baseline,llama1b,3072,12,77,generation,burst,baseline,2,256,768,0.06096109600002819,10.365826748999098,0.11135548099991865,0,0,0,0,0,0,8.220199961214703e-05,False,False,False,False
study13r01_s77_llama1b_kv3072_cap12-08_generation_burst_baseline,llama1b,3072,12,77,generation,burst,baseline,3,512,768,0.08252760800132819,10.473460461000286,0.1445796940006403,0,0,0,0,0,0,7.779599909552015e-05,False,False,False,False
study13r01_s77_llama1b_kv3072_cap12-08_generation_burst_baseline,llama1b,3072,12,77,generation,burst,baseline,7,512,256,0.0782605100012006,10.48927375400126,6.241075613999783,3,2032,6.767077846001484,6.089798171000439,6.0763999200007675,6.241075613999783,8.30029988719283e-05,True,True,True,True
study13r01_s77_llama1b_kv3072_cap12-08_generation_burst_baseline,llama1b,3072,12,77,generation,burst,baseline,5,128,768,0.0672233650002454,11.2253291800007,0.7652600470009929,1,842,0.6197908220001409,0.6197908220001409,0,0,7.557299977634102e-05,True,False,False,False
study13r01_s77_llama1b_kv3072_cap12-08_generation_burst_baseline,llama1b,3072,12,77,generation,burst,baseline,10,128,64,0.7422795410002436,11.0893136650011,9.536520301000564,1,137,9.492501190999974,9.492501190999974,9.478398982999352,9.536520301000564,0.00010347599891247228,True,True,True,True
study13r01_s77_llama1b_kv3072_cap12-08_generation_burst_baseline,llama1b,3072,12,77,generation,burst,baseline,11,256,64,10.346282881000661,11.169678819000183,0.01660678000007465,0,0,0,0,0,0,8.247399928218435e-05,False,False,False,False
study13r01_s77_llama1b_kv3072_cap12-08_generation_burst_baseline,llama1b,3072,12,77,generation,burst,baseline,8,512,256,0.7911537159998261,13.046141908998834,8.88247266200051,1,565,8.731108051000774,8.731108051000774,8.717696264000551,8.88247266200051,0.00011629400032686643,True,True,True,True
study13r01_s77_llama1b_kv3072_cap12-08_generation_burst_baseline,llama1b,3072,12,77,generation,burst,baseline,9,128,256,0.792155171999184,13.309725222999987,9.166687388000355,1,157,9.016198153000005,9.016198153000005,9.002131189001375,9.166687388000355,7.586199972137164e-05,True,True,True,True
study13r01_s77_llama1b_kv3072_cap12-08_generation_burst_baseline,llama1b,3072,12,77,generation,burst,baseline,6,128,768,0.053283762999853934,13.997709638000742,3.5814127389985515,1,624,3.437276266000481,3.437276266000481,3.422825149998971,3.5814127389985515,7.577399919678207e-05,True,True,True,False
study13r01_s77_llama1b_kv3072_cap12-09_balanced_stagger_fixed,llama1b,3072,12,77,balanced,stagger,fixed,1,512,128,0.08350319300006959,1.843240842999876,0.10221603899844922,0,0,0,0,0,0,0.00012266974067198788,False,False,False,False
study13r01_s77_llama1b_kv3072_cap12-09_balanced_stagger_fixed,llama1b,3072,12,77,balanced,stagger,fixed,0,256,256,0.03675890600061393,3.5062270680009533,0.10216259000117134,0,0,0,0,0,0,8.150599933287594e-05,False,False,False,False
study13r01_s77_llama1b_kv3072_cap12-09_balanced_stagger_fixed,llama1b,3072,12,77,balanced,stagger,fixed,2,1024,512,0.11782351100009691,6.741424334999465,0.017317157000434236,0,0,0,0,0,0,7.562474560018906e-05,False,False,False,False
study13r01_s77_llama1b_kv3072_cap12-09_balanced_stagger_fixed,llama1b,3072,12,77,balanced,stagger,fixed,4,512,128,5.294839115998911,6.962768310999309,0.017219384000782156,0,0,0,0,0,0,0.00011085714459868612,False,False,False,False
study13r01_s77_llama1b_kv3072_cap12-09_balanced_stagger_fixed,llama1b,3072,12,77,balanced,stagger,fixed,7,128,64,5.7530029619993,6.578342355000132,0.017465861999880872,0,0,0,0,0,0,8.807203585003975e-05,False,False,False,False
study13r01_s77_llama1b_kv3072_cap12-09_balanced_stagger_fixed,llama1b,3072,12,77,balanced,stagger,fixed,6,512,128,6.005295458999171,7.669789232999392,0.018798903998686,0,0,0,0,0,0,6.992477565370692e-05,False,False,False,False
study13r01_s77_llama1b_kv3072_cap12-09_balanced_stagger_fixed,llama1b,3072,12,77,balanced,stagger,fixed,8,256,64,7.331437627000923,8.158632976001172,0.017092121999667143,0,0,0,0,0,0,7.685807384349985e-05,False,False,False,False
study13r01_s77_llama1b_kv3072_cap12-09_balanced_stagger_fixed,llama1b,3072,12,77,balanced,stagger,fixed,3,1024,512,6.777695695000148,13.551416300999335,0.07034854599987739,0,0,0,0,0,0,7.747471156283048e-05,False,False,False,False
study13r01_s77_llama1b_kv3072_cap12-09_balanced_stagger_fixed,llama1b,3072,12,77,balanced,stagger,fixed,5,128,512,4.519276024000646,11.293409238000095,0.07053069100038556,0,0,0,0,0,0,9.069836247643792e-05,False,False,False,False
study13r01_s77_llama1b_kv3072_cap12-09_balanced_stagger_fixed,llama1b,3072,12,77,balanced,stagger,fixed,10,256,64,9.697205398000733,10.51543614900038,0.016367779000574956,0,0,0,0,0,0,9.325055697573248e-05,False,False,False,False
study13r01_s77_llama1b_kv3072_cap12-09_balanced_stagger_fixed,llama1b,3072,12,77,balanced,stagger,fixed,11,128,256,9.100477428000886,12.408369492999554,0.016843142000652733,0,0,0,0,0,0,7.8945786446738e-05,False,False,False,False
study13r01_s77_llama1b_kv3072_cap12-09_balanced_stagger_fixed,llama1b,3072,12,77,balanced,stagger,fixed,9,1024,256,10.527559584999835,13.835646853000071,0.016861005999089684,0,0,0,0,0,0,8.589247756329854e-05,False,False,False,False
study13r01_s77_llama1b_kv3072_cap12-10_generation_stagger_adaptive,llama1b,3072,12,77,generation,stagger,adaptive,0,512,64,0.05589816000065184,0.8444007899997814,0.016328276000422193,0,0,0,0,0,0,0.00011055399954784662,False,False,False,False
study13r01_s77_llama1b_kv3072_cap12-10_generation_stagger_adaptive,llama1b,3072,12,77,generation,stagger,adaptive,1,256,64,0.04131067799971788,0.8234632200001215,0.016184874999453314,0,0,0,0,0,0,9.164357838442605e-05,False,False,False,False
study13r01_s77_llama1b_kv3072_cap12-10_generation_stagger_adaptive,llama1b,3072,12,77,generation,stagger,adaptive,4,256,256,0.060476257000118494,3.517427475999284,0.05700909799998044,0,0,0,0,0,0,7.735593419333497e-05,False,False,False,False
study13r01_s77_llama1b_kv3072_cap12-10_generation_stagger_adaptive,llama1b,3072,12,77,generation,stagger,adaptive,2,256,768,0.04078826199838659,10.235966441998244,0.06274415699954261,0,0,0,0,0,0,7.452051657663716e-05,False,False,False,False
study13r01_s77_llama1b_kv3072_cap12-10_generation_stagger_adaptive,llama1b,3072,12,77,generation,stagger,adaptive,3,512,768,0.08768175800105382,10.282225349001237,0.08478840499992657,0,0,0,0,0,0,7.391766334885475e-05,False,False,False,False
study13r01_s77_llama1b_kv3072_cap12-10_generation_stagger_adaptive,llama1b,3072,12,77,generation,stagger,adaptive,5,128,768,0.039379264000672265,10.602941041999657,0.36994114799927047,1,810,0.28649786400092125,0.28649786400092125,0,0,7.573658148629647e-05,False,False,False,False
study13r01_s77_llama1b_kv3072_cap12-10_generation_stagger_adaptive,llama1b,3072,12,77,generation,stagger,adaptive,7,512,256,0.08737034799924004,10.679810733998238,7.143205802000011,1,671,7.021174887999223,7.021174887999223,7.0087453670003015,7.143205802000011,7.020534205270934e-05,True,True,True,True
study13r01_s77_llama1b_kv3072_cap12-10_generation_stagger_adaptive,llama1b,3072,12,77,generation,stagger,adaptive,10,128,64,8.54184157599957,9.38664547100052,0.03366846400058421,0,0,0,0,0,0,8.647831587627053e-05,False,False,False,False
study13r01_s77_llama1b_kv3072_cap12-10_generation_stagger_adaptive,llama1b,3072,12,77,generation,stagger,adaptive,11,256,64,8.587392567998904,9.396986415000356,0.01447713100060355,0,0,0,0,0,0,7.804226266916459e-05,False,False,False,False
study13r01_s77_llama1b_kv3072_cap12-10_generation_stagger_adaptive,llama1b,3072,12,77,generation,stagger,adaptive,8,512,256,0.08319164000022283,12.648696406000454,9.247533811998437,1,544,9.166607089999161,9.166607089999161,9.15422142999887,9.247533811998437,7.7470942809299e-05,True,True,True,True
study13r01_s77_llama1b_kv3072_cap12-10_generation_stagger_adaptive,llama1b,3072,12,77,generation,stagger,adaptive,6,128,768,0.050412115999279195,13.641414276000432,3.4402907389994652,1,581,3.3218369299993356,3.3218369299993356,3.3059029189989815,3.4402907389994652,7.875468410301067e-05,True,True,True,False
study13r01_s77_llama1b_kv3072_cap12-10_generation_stagger_adaptive,llama1b,3072,12,77,generation,stagger,adaptive,9,128,256,8.634933262001141,11.945294630000717,0.03363174799960689,0,0,0,0,0,0,8.346561357619464e-05,False,False,False,False
study13r01_s77_llama1b_kv3072_cap12-11_generation_burst_adaptive,llama1b,3072,12,77,generation,burst,adaptive,0,512,64,0.05367136300083075,1.0687663310000062,0.061821457000405644,0,0,0,0,0,0,7.989899859239813e-05,False,False,False,False
study13r01_s77_llama1b_kv3072_cap12-11_generation_burst_adaptive,llama1b,3072,12,77,generation,burst,adaptive,1,256,64,0.04704163299902575,1.0925189659992611,0.06194690699885541,0,0,0,0,0,0,0.00010566899909462968,False,False,False,False
study13r01_s77_llama1b_kv3072_cap12-11_generation_burst_adaptive,llama1b,3072,12,77,generation,burst,adaptive,4,256,256,0.08852598299927195,3.531130747000134,0.06085724900003697,0,0,0,0,0,0,0.0001138409996201406,False,False,False,False
study13r01_s77_llama1b_kv3072_cap12-11_generation_burst_adaptive,llama1b,3072,12,77,generation,burst,adaptive,2,256,768,0.060105889999249484,10.223568141000214,0.061769159001414664,0,0,0,0,0,0,7.538199897680342e-05,False,False,False,False
study13r01_s77_llama1b_kv3072_cap12-11_generation_burst_adaptive,llama1b,3072,12,77,generation,burst,adaptive,3,512,768,0.08701025000118534,10.272139361000882,0.08328781999989587,0,0,0,0,0,0,9.28489986108394e-05,False,False,False,False
study13r01_s77_llama1b_kv3072_cap12-11_generation_burst_adaptive,llama1b,3072,12,77,generation,burst,adaptive,5,128,768,0.0740056659997208,10.8965737360013,0.7016895300002943,1,842,0.6154441319995385,0.6154441319995385,0,0,7.978799840202555e-05,True,False,False,False
study13r01_s77_llama1b_kv3072_cap12-11_generation_burst_adaptive,llama1b,3072,12,77,generation,burst,adaptive,7,512,256,0.0804481230006786,11.66535607500009,8.210771044001376,2,1271,8.08041733799837,8.06697366699882,8.052156749999995,8.210771044001376,8.604999893574439e-05,True,True,True,True
study13r01_s77_llama1b_kv3072_cap12-11_generation_burst_adaptive,llama1b,3072,12,77,generation,burst,adaptive,10,128,64,10.804196445000343,11.640962737999871,0.03238838200013561,0,0,0,0,0,0,0.00010549799844739027,False,False,False,False
study13r01_s77_llama1b_kv3072_cap12-11_generation_burst_adaptive,llama1b,3072,12,77,generation,burst,adaptive,11,256,64,11.513138864000211,12.323526232001313,0.014410322999538039,0,0,0,0,0,0,8.205799822458282e-05,False,False,False,False
study13r01_s77_llama1b_kv3072_cap12-11_generation_burst_adaptive,llama1b,3072,12,77,generation,burst,adaptive,6,128,768,0.056877684000937734,13.831453386999783,3.592167184999198,1,624,3.5234514929998113,3.5234514929998113,3.511212388999411,3.592167184999198,8.252899824578996e-05,True,True,True,False
study13r01_s77_llama1b_kv3072_cap12-11_generation_burst_adaptive,llama1b,3072,12,77,generation,burst,adaptive,9,128,256,10.8543042959991,14.143957807000334,0.032874126998649444,0,0,0,0,0,0,8.272799896075211e-05,False,False,False,False
study13r01_s77_llama1b_kv3072_cap12-11_generation_burst_adaptive,llama1b,3072,12,77,generation,burst,adaptive,8,512,256,10.904334447999645,14.194047090999447,0.03288373999930627,0,0,0,0,0,0,0.00015143599885047987,False,False,False,False
study14_s77_llama1b_kv5120_cap3-00_balanced_burst_fixed,llama1b,5120,3,77,balanced,burst,fixed,1,512,128,0.09083185800045612,1.9364868699994986,0.10824346399931528,0,0,0,0,0,0,0.00010371199932705799,False,False,False,False
study14_s77_llama1b_kv5120_cap3-00_balanced_burst_fixed,llama1b,5120,3,77,balanced,burst,fixed,0,256,256,0.03842203599924687,3.8146350299994083,0.11336040800051705,0,0,0,0,0,0,0.00015451099898200482,False,False,False,False
study14_s77_llama1b_kv5120_cap3-00_balanced_burst_fixed,llama1b,5120,3,77,balanced,burst,fixed,4,512,128,3.690468069999042,5.46440200699908,0.01811786899997969,0,0,0,0,0,0,8.851499915180083e-05,False,False,False,False
study14_s77_llama1b_kv5120_cap3-00_balanced_burst_fixed,llama1b,5120,3,77,balanced,burst,fixed,2,1024,512,0.1645538190005027,7.427773416000491,0.11327669999991485,0,0,0,0,0,0,9.265999906346578e-05,False,False,False,False
study14_s77_llama1b_kv5120_cap3-00_balanced_burst_fixed,llama1b,5120,3,77,balanced,burst,fixed,3,1024,512,1.9645799150002858,9.180818716999056,0.062347326000235626,0,0,0,0,0,0,8.033899903236996e-05,False,False,False,False
study14_s77_llama1b_kv5120_cap3-00_balanced_burst_fixed,llama1b,5120,3,77,balanced,burst,fixed,6,512,128,7.304981129000225,9.067210404000434,0.020395075000124052,0,0,0,0,0,0,8.421599814023573e-05,False,False,False,False
study14_s77_llama1b_kv5120_cap3-00_balanced_burst_fixed,llama1b,5120,3,77,balanced,burst,fixed,7,128,64,9.017042249999577,9.903555458999108,0.03762433999872883,0,0,0,0,0,0,9.186699971902579e-05,False,False,False,False
study14_s77_llama1b_kv5120_cap3-00_balanced_burst_fixed,llama1b,5120,3,77,balanced,burst,fixed,8,256,64,9.019530358000338,9.978792312000223,0.10801813500074786,0,0,0,0,0,0,8.858899818731114e-05,False,False,False,False
study14_s77_llama1b_kv5120_cap3-00_balanced_burst_fixed,llama1b,5120,3,77,balanced,burst,fixed,10,256,64,9.92956099499861,10.80078442299964,0.017033342001013807,0,0,0,0,0,0,7.720299981883727e-05,False,False,False,False
study14_s77_llama1b_kv5120_cap3-00_balanced_burst_fixed,llama1b,5120,3,77,balanced,burst,fixed,5,128,512,5.451417706000939,12.733431814000141,0.10801717399954214,0,0,0,0,0,0,0.00018048999845632352,False,False,False,False
study14_s77_llama1b_kv5120_cap3-00_balanced_burst_fixed,llama1b,5120,3,77,balanced,burst,fixed,9,1024,256,9.928762187999382,13.478537390999918,0.03524868000022252,0,0,0,0,0,0,7.6324999827182e-05,False,False,False,False
study14_s77_llama1b_kv5120_cap3-00_balanced_burst_fixed,llama1b,5120,3,77,balanced,burst,fixed,11,128,256,10.788897300999452,14.294448814000134,0.018694935999519657,0,0,0,0,0,0,7.601499892184727e-05,False,False,False,False
study14_s77_llama1b_kv5120_cap3-01_generation_burst_baseline,llama1b,5120,3,77,generation,burst,baseline,0,512,64,0.05947894000019005,0.9802413889992749,0.03794302500136837,0,0,0,0,0,0,0.00020037300055264495,False,False,False,False
study14_s77_llama1b_kv5120_cap3-01_generation_burst_baseline,llama1b,5120,3,77,generation,burst,baseline,1,256,64,0.06297463999908359,1.003552795998985,0.05774333500085049,0,0,0,0,0,0,0.00023992600035853406,False,False,False,False
study14_s77_llama1b_kv5120_cap3-01_generation_burst_baseline,llama1b,5120,3,77,generation,burst,baseline,4,256,256,0.9060209649996978,4.450024879999546,0.01890167700003076,0,0,0,0,0,0,0.00011981000061495051,False,False,False,False
study14_s77_llama1b_kv5120_cap3-01_generation_burst_baseline,llama1b,5120,3,77,generation,burst,baseline,2,256,768,0.0654300019996299,10.791864320999593,0.0576317579998431,0,0,0,0,0,0,0.00013355000046430532,False,False,False,False
study14_s77_llama1b_kv5120_cap3-01_generation_burst_baseline,llama1b,5120,3,77,generation,burst,baseline,3,512,768,0.9035180800001399,11.604237886000192,0.038654494999718736,0,0,0,0,0,0,0.0001270339995244063,False,False,False,False
study14_s77_llama1b_kv5120_cap3-01_generation_burst_baseline,llama1b,5120,3,77,generation,burst,baseline,7,512,256,11.479949793001651,14.991657453001608,0.01855013800013694,0,0,0,0,0,0,0.00010381599931857943,False,False,False,False
study14_s77_llama1b_kv5120_cap3-01_generation_burst_baseline,llama1b,5120,3,77,generation,burst,baseline,5,128,768,4.433184076999169,15.166192173999661,0.05999659299959603,0,0,0,0,0,0,6.849000055808574e-05,False,False,False,False
study14_s77_llama1b_kv5120_cap3-01_generation_burst_baseline,llama1b,5120,3,77,generation,burst,baseline,8,512,256,15.01664608000101,18.54404578499998,0.02229316699958872,0,0,0,0,0,0,8.53929992444824e-05,False,False,False,False
study14_s77_llama1b_kv5120_cap3-01_generation_burst_baseline,llama1b,5120,3,77,generation,burst,baseline,9,128,256,15.003393555000002,18.531688867000412,0.021379496000008658,0,0,0,0,0,0,8.106699970084064e-05,False,False,False,False
study14_s77_llama1b_kv5120_cap3-01_generation_burst_baseline,llama1b,5120,3,77,generation,burst,baseline,10,128,64,18.481452511001407,19.387610273000973,0.03596893400026602,0,0,0,0,0,0,0.00011060699944209773,False,False,False,False
study14_s77_llama1b_kv5120_cap3-01_generation_burst_baseline,llama1b,5120,3,77,generation,burst,baseline,11,256,64,18.48390742400079,19.364622292001513,0.018585182000606437,0,0,0,0,0,0,8.475899921900343e-05,False,False,False,False
study14_s77_llama1b_kv5120_cap3-01_generation_burst_baseline,llama1b,5120,3,77,generation,burst,baseline,6,128,768,10.630522655999812,21.335490168999968,0.060187961000337964,0,0,0,0,0,0,8.703100065754477e-05,False,False,False,False
study14_s77_llama1b_kv5120_cap3-02_generation_stagger_adaptive,llama1b,5120,3,77,generation,stagger,adaptive,0,512,64,0.055790464000892825,0.8936738980009977,0.016472104000058607,0,0,0,0,0,0,8.078099926933646e-05,False,False,False,False
study14_s77_llama1b_kv5120_cap3-02_generation_stagger_adaptive,llama1b,5120,3,77,generation,stagger,adaptive,1,256,64,0.03870068700052798,0.8696097020001616,0.018079883000609698,0,0,0,0,0,0,9.073057849007249e-05,False,False,False,False
study14_s77_llama1b_kv5120_cap3-02_generation_stagger_adaptive,llama1b,5120,3,77,generation,stagger,adaptive,4,256,256,0.06351081499997235,3.5622954499995103,0.017922621000252548,0,0,0,0,0,0,8.197893396122424e-05,False,False,False,False
study14_s77_llama1b_kv5120_cap3-02_generation_stagger_adaptive,llama1b,5120,3,77,generation,stagger,adaptive,2,256,768,0.04194686700066086,10.723646411999653,0.06149536199882277,0,0,0,0,0,0,8.213851513927395e-05,False,False,False,False
study14_s77_llama1b_kv5120_cap3-02_generation_stagger_adaptive,llama1b,5120,3,77,generation,stagger,adaptive,3,512,768,0.08199467899976298,10.719509468999604,0.03418324099948222,0,0,0,0,0,0,8.064866447066166e-05,False,False,False,False
study14_s77_llama1b_kv5120_cap3-02_generation_stagger_adaptive,llama1b,5120,3,77,generation,stagger,adaptive,7,512,256,9.756323098001303,13.270745875001012,0.017854433001048164,0,0,0,0,0,0,7.361234012837059e-05,False,False,False,False
study14_s77_llama1b_kv5120_cap3-02_generation_stagger_adaptive,llama1b,5120,3,77,generation,stagger,adaptive,5,128,768,3.3994772370006103,14.123518385000352,0.061773935000019264,0,0,0,0,0,0,0.00014488258056388759,False,False,False,False
study14_s77_llama1b_kv5120_cap3-02_generation_stagger_adaptive,llama1b,5120,3,77,generation,stagger,adaptive,8,512,256,12.8772845959993,16.43694208799934,0.02072570999916934,0,0,0,0,0,0,7.572794350707568e-05,False,False,False,False
study14_s77_llama1b_kv5120_cap3-02_generation_stagger_adaptive,llama1b,5120,3,77,generation,stagger,adaptive,9,128,256,12.097490885000298,15.664848395999798,0.021077667001009104,0,0,0,0,0,0,0.00012038161425742544,False,False,False,False
study14_s77_llama1b_kv5120_cap3-02_generation_stagger_adaptive,llama1b,5120,3,77,generation,stagger,adaptive,10,128,64,15.264174461999573,16.15931642599935,0.03534448400023393,0,0,0,0,0,0,7.469131547299668e-05,False,False,False,False
study14_s77_llama1b_kv5120_cap3-02_generation_stagger_adaptive,llama1b,5120,3,77,generation,stagger,adaptive,11,256,64,15.156300194999858,16.027124426000228,0.018494140998882358,0,0,0,0,0,0,8.026826186569025e-05,False,False,False,False
study14_s77_llama1b_kv5120_cap3-02_generation_stagger_adaptive,llama1b,5120,3,77,generation,stagger,adaptive,6,128,768,9.487203753000358,20.205389531000037,0.06194511099965894,0,0,0,0,0,0,8.199268351116729e-05,False,False,False,False
study14_s77_llama1b_kv5120_cap3-03_balanced_burst_baseline,llama1b,5120,3,77,balanced,burst,baseline,1,512,128,0.0915697509990423,1.947858120998717,0.11065128199879837,0,0,0,0,0,0,0.00013000799954170084,False,False,False,False
study14_s77_llama1b_kv5120_cap3-03_balanced_burst_baseline,llama1b,5120,3,77,balanced,burst,baseline,0,256,256,0.036240871999325464,3.8296477789990604,0.11356091599918727,0,0,0,0,0,0,7.916799950180575e-05,False,False,False,False
study14_s77_llama1b_kv5120_cap3-03_balanced_burst_baseline,llama1b,5120,3,77,balanced,burst,baseline,4,512,128,3.7048998629998096,5.484964907000176,0.017601076000573812,0,0,0,0,0,0,0.00018282499950145192,False,False,False,False
study14_s77_llama1b_kv5120_cap3-03_balanced_burst_baseline,llama1b,5120,3,77,balanced,burst,baseline,2,1024,512,0.16697523900074884,7.456283818999509,0.11343422699974326,0,0,0,0,0,0,0.00011615699841058258,False,False,False,False
study14_s77_llama1b_kv5120_cap3-03_balanced_burst_baseline,llama1b,5120,3,77,balanced,burst,baseline,3,1024,512,1.9756937549991562,9.227877141000135,0.06149864300095942,0,0,0,0,0,0,8.76499994774127e-05,False,False,False,False
study14_s77_llama1b_kv5120_cap3-03_balanced_burst_baseline,llama1b,5120,3,77,balanced,burst,baseline,6,512,128,7.333821481999621,9.113605982000081,0.0210175510001136,0,0,0,0,0,0,8.826699850028596e-05,False,False,False,False
study14_s77_llama1b_kv5120_cap3-03_balanced_burst_baseline,llama1b,5120,3,77,balanced,burst,baseline,7,128,64,9.06348806599999,9.948949487999926,0.03692347499963944,0,0,0,0,0,0,9.28459980059082e-05,False,False,False,False
study14_s77_llama1b_kv5120_cap3-03_balanced_burst_baseline,llama1b,5120,3,77,balanced,burst,baseline,8,256,64,9.065673613999024,10.026818996999282,0.11216430000058608,0,0,0,0,0,0,8.988199951998066e-05,False,False,False,False
study14_s77_llama1b_kv5120_cap3-03_balanced_burst_baseline,llama1b,5120,3,77,balanced,burst,baseline,10,256,64,9.979448543001126,10.857830616001593,0.01814187700074399,0,0,0,0,0,0,0.00010644299800333101,False,False,False,False
study14_s77_llama1b_kv5120_cap3-03_balanced_burst_baseline,llama1b,5120,3,77,balanced,burst,baseline,5,128,512,5.471690614998806,12.785926265998569,0.1124268879993906,0,0,0,0,0,0,0.00015356199946836568,False,False,False,False
study14_s77_llama1b_kv5120_cap3-03_balanced_burst_baseline,llama1b,5120,3,77,balanced,burst,baseline,9,1024,256,9.976788997000767,13.530715732000317,0.03923905699957686,0,0,0,0,0,0,8.430299822065335e-05,False,False,False,False
study14_s77_llama1b_kv5120_cap3-03_balanced_burst_baseline,llama1b,5120,3,77,balanced,burst,baseline,11,128,256,10.842040996998549,14.318706103000295,0.01758407000124862,0,0,0,0,0,0,0.00010796299939097587,False,False,False,False
study14_s77_llama1b_kv5120_cap3-04_balanced_stagger_adaptive,llama1b,5120,3,77,balanced,stagger,adaptive,1,512,128,0.09010391099945991,1.9860028929997497,0.10637992999909329,0,0,0,0,0,0,0.00010505974045837974,False,False,False,False
study14_s77_llama1b_kv5120_cap3-04_balanced_stagger_adaptive,llama1b,5120,3,77,balanced,stagger,adaptive,0,256,256,0.040202332000262686,3.8701528670007974,0.11372318500070833,0,0,0,0,0,0,0.00017400299839209765,False,False,False,False
study14_s77_llama1b_kv5120_cap3-04_balanced_stagger_adaptive,llama1b,5120,3,77,balanced,stagger,adaptive,4,512,128,1.668954816999758,3.4480228560005344,0.017438318998756586,0,0,0,0,0,0,0.00019550114257826934,False,False,False,False
study14_s77_llama1b_kv5120_cap3-04_balanced_stagger_adaptive,llama1b,5120,3,77,balanced,stagger,adaptive,2,1024,512,0.13657163899915759,7.472744474998763,0.11370947900104511,0,0,0,0,0,0,9.164774486181138e-05,False,False,False,False
study14_s77_llama1b_kv5120_cap3-04_balanced_stagger_adaptive,llama1b,5120,3,77,balanced,stagger,adaptive,3,1024,512,1.5592625310000585,8.80183226400004,0.06195094399845402,0,0,0,0,0,0,0.00010848971053012413,False,False,False,False
study14_s77_llama1b_kv5120_cap3-04_balanced_stagger_adaptive,llama1b,5120,3,77,balanced,stagger,adaptive,6,512,128,4.88837523499933,6.66498847100047,0.020151464001173736,0,0,0,0,0,0,0.0001095677743259138,False,False,False,False
study14_s77_llama1b_kv5120_cap3-04_balanced_stagger_adaptive,llama1b,5120,3,77,balanced,stagger,adaptive,7,128,64,6.058818594001423,6.958762206000756,0.031591306998961954,0,0,0,0,0,0,7.941503417807638e-05,False,False,False,False
study14_s77_llama1b_kv5120_cap3-04_balanced_stagger_adaptive,llama1b,5120,3,77,balanced,stagger,adaptive,8,256,64,6.330021072999443,7.297747561999131,0.11377142799938156,0,0,0,0,0,0,8.482707369639186e-05,False,False,False,False
study14_s77_llama1b_kv5120_cap3-04_balanced_stagger_adaptive,llama1b,5120,3,77,balanced,stagger,adaptive,10,256,64,6.257487503000448,7.123903960999087,0.01666883999860147,0,0,0,0,0,0,8.932155623497806e-05,False,False,False,False
study14_s77_llama1b_kv5120_cap3-04_balanced_stagger_adaptive,llama1b,5120,3,77,balanced,stagger,adaptive,5,128,512,2.7101030869998795,10.025825984999756,0.11373682900011772,0,0,0,0,0,0,8.627336152411402e-05,False,False,False,False
study14_s77_llama1b_kv5120_cap3-04_balanced_stagger_adaptive,llama1b,5120,3,77,balanced,stagger,adaptive,9,1024,256,6.695445805999043,10.302706096999827,0.03584092100027192,0,0,0,0,0,0,8.983947720420105e-05,False,False,False,False
study14_s77_llama1b_kv5120_cap3-04_balanced_stagger_adaptive,llama1b,5120,3,77,balanced,stagger,adaptive,11,128,256,6.564466341000298,10.160685082000782,0.019548963000488584,0,0,0,0,0,0,8.962178450211411e-05,False,False,False,False
study14_s77_llama1b_kv5120_cap3-05_balanced_stagger_baseline,llama1b,5120,3,77,balanced,stagger,baseline,1,512,128,0.08930753599997843,1.9746045410010993,0.10710920200108376,0,0,0,0,0,0,9.039874043548224e-05,False,False,False,False
study14_s77_llama1b_kv5120_cap3-05_balanced_stagger_baseline,llama1b,5120,3,77,balanced,stagger,baseline,0,256,256,0.04273732300134725,3.8865869480014226,0.10868566099998134,0,0,0,0,0,0,0.00010900199958996382,False,False,False,False
study14_s77_llama1b_kv5120_cap3-05_balanced_stagger_baseline,llama1b,5120,3,77,balanced,stagger,baseline,4,512,128,1.6825357969992183,3.4728314929998305,0.01742559600097593,0,0,0,0,0,0,9.975214516844133e-05,False,False,False,False
study14_s77_llama1b_kv5120_cap3-05_balanced_stagger_baseline,llama1b,5120,3,77,balanced,stagger,baseline,2,1024,512,0.129378446001283,7.499779089001095,0.10885421100101667,0,0,0,0,0,0,8.66517449458204e-05,False,False,False,False
study14_s77_llama1b_kv5120_cap3-05_balanced_stagger_baseline,llama1b,5120,3,77,balanced,stagger,baseline,3,1024,512,1.544528320999234,8.88361756499944,0.06063244200049667,0,0,0,0,0,0,8.919071135271572e-05,False,False,False,False
study14_s77_llama1b_kv5120_cap3-05_balanced_stagger_baseline,llama1b,5120,3,77,balanced,stagger,baseline,6,512,128,4.911457906000578,6.725620942001115,0.02174615200055996,0,0,0,0,0,0,0.00011327077472822467,False,False,False,False
study14_s77_llama1b_kv5120_cap3-05_balanced_stagger_baseline,llama1b,5120,3,77,balanced,stagger,baseline,7,128,64,6.140161547000389,7.038835318000565,0.03425102199980756,0,0,0,0,0,0,9.057403576573364e-05,False,False,False,False
study14_s77_llama1b_kv5120_cap3-05_balanced_stagger_baseline,llama1b,5120,3,77,balanced,stagger,baseline,8,256,64,6.394578805000492,7.36413031200027,0.10998931200083462,0,0,0,0,0,0,9.322707399350705e-05,False,False,False,False
study14_s77_llama1b_kv5120_cap3-05_balanced_stagger_baseline,llama1b,5120,3,77,balanced,stagger,baseline,10,256,64,6.323732446999202,7.190657215998726,0.017278081000767997,0,0,0,0,0,0,0.00010531755805587295,False,False,False,False
study14_s77_llama1b_kv5120_cap3-05_balanced_stagger_baseline,llama1b,5120,3,77,balanced,stagger,baseline,5,128,512,2.735231835000377,10.109574427000553,0.10994835900055477,0,0,0,0,0,0,0.00010869536178059747,False,False,False,False
study14_s77_llama1b_kv5120_cap3-05_balanced_stagger_baseline,llama1b,5120,3,77,balanced,stagger,baseline,9,1024,256,6.772377362000043,10.322799973999281,0.032777145999716595,0,0,0,0,0,0,8.826947834617016e-05,False,False,False,False
study14_s77_llama1b_kv5120_cap3-05_balanced_stagger_baseline,llama1b,5120,3,77,balanced,stagger,baseline,11,128,256,6.628704561000632,10.107031034000101,0.017670237999482197,0,0,0,0,0,0,0.0001044547863440215,False,False,False,False
study14_s77_llama1b_kv5120_cap3-06_balanced_burst_adaptive,llama1b,5120,3,77,balanced,burst,adaptive,1,512,128,0.0960759509998752,1.966695585000707,0.11257323599966185,0,0,0,0,0,0,8.261500006483125e-05,False,False,False,False
study14_s77_llama1b_kv5120_cap3-06_balanced_burst_adaptive,llama1b,5120,3,77,balanced,burst,adaptive,0,256,256,0.040947202000097604,3.876654490999499,0.11303545400005532,0,0,0,0,0,0,0.00010918500083789695,False,False,False,False
study14_s77_llama1b_kv5120_cap3-06_balanced_burst_adaptive,llama1b,5120,3,77,balanced,burst,adaptive,4,512,128,3.753906873998858,5.543782832999568,0.018308002998310258,0,0,0,0,0,0,0.00020903000113320358,False,False,False,False
study14_s77_llama1b_kv5120_cap3-06_balanced_burst_adaptive,llama1b,5120,3,77,balanced,burst,adaptive,2,1024,512,0.17275538299873006,7.6322752949999995,0.11304091599959065,0,0,0,0,0,0,7.948100064822383e-05,False,False,False,False
study14_s77_llama1b_kv5120_cap3-06_balanced_burst_adaptive,llama1b,5120,3,77,balanced,burst,adaptive,3,1024,512,1.9954646070000308,9.497158502001184,0.06221051099964825,0,0,0,0,0,0,7.836599943400469e-05,False,False,False,False
study14_s77_llama1b_kv5120_cap3-06_balanced_burst_adaptive,llama1b,5120,3,77,balanced,burst,adaptive,6,512,128,7.508459349999612,9.386452046999693,0.02424681599950418,0,0,0,0,0,0,7.89920006354361e-05,False,False,False,False
study14_s77_llama1b_kv5120_cap3-06_balanced_burst_adaptive,llama1b,5120,3,77,balanced,burst,adaptive,7,128,64,9.336727996000263,10.247004320999622,0.03796760099976382,0,0,0,0,0,0,0.00012839800037905968,False,False,False,False
study14_s77_llama1b_kv5120_cap3-06_balanced_burst_adaptive,llama1b,5120,3,77,balanced,burst,adaptive,8,256,64,9.337461043000076,10.31347482000092,0.10198583099918324,0,0,0,0,0,0,7.775699996270813e-05,False,False,False,False
study14_s77_llama1b_kv5120_cap3-06_balanced_burst_adaptive,llama1b,5120,3,77,balanced,burst,adaptive,10,256,64,10.266606047000096,11.127933301999292,0.016739185000915313,0,0,0,0,0,0,9.028600106830709e-05,False,False,False,False
study14_s77_llama1b_kv5120_cap3-06_balanced_burst_adaptive,llama1b,5120,3,77,balanced,burst,adaptive,5,128,512,5.5305564739992406,13.072834863000026,0.10214615400036564,0,0,0,0,0,0,8.992000039143022e-05,False,False,False,False
study14_s77_llama1b_kv5120_cap3-06_balanced_burst_adaptive,llama1b,5120,3,77,balanced,burst,adaptive,9,1024,256,10.26326232000065,13.825836128000446,0.036315371999080526,0,0,0,0,0,0,8.805100042080793e-05,False,False,False,False
study14_s77_llama1b_kv5120_cap3-06_balanced_burst_adaptive,llama1b,5120,3,77,balanced,burst,adaptive,11,128,256,11.11562621899975,14.698199720000048,0.026658961998691666,0,0,0,0,0,0,9.04580003406874e-05,False,False,False,False
study14_s77_llama1b_kv5120_cap3-07_generation_burst_adaptive,llama1b,5120,3,77,generation,burst,adaptive,0,512,64,0.06055602699962037,0.9832158669996716,0.039990075998503016,0,0,0,0,0,0,8.107599933282472e-05,False,False,False,False
study14_s77_llama1b_kv5120_cap3-07_generation_burst_adaptive,llama1b,5120,3,77,generation,burst,adaptive,1,256,64,0.06460718200105475,1.0115593620012078,0.05965097199987213,0,0,0,0,0,0,8.960599843703398e-05,False,False,False,False
study14_s77_llama1b_kv5120_cap3-07_generation_burst_adaptive,llama1b,5120,3,77,generation,burst,adaptive,4,256,256,0.9145568730000377,4.479066485000658,0.020611989999451907,0,0,0,0,0,0,7.358299881160546e-05,False,False,False,False
study14_s77_llama1b_kv5120_cap3-07_generation_burst_adaptive,llama1b,5120,3,77,generation,burst,adaptive,2,256,768,0.0703313909998542,10.911312522001026,0.05938149200119369,0,0,0,0,0,0,0.00010369199881096747,False,False,False,False
study14_s77_llama1b_kv5120_cap3-07_generation_burst_adaptive,llama1b,5120,3,77,generation,burst,adaptive,3,512,768,0.911457194999457,11.733888675000344,0.037012710999988485,0,0,0,0,0,0,8.116299941318683e-05,False,False,False,False
study14_s77_llama1b_kv5120_cap3-07_generation_burst_adaptive,llama1b,5120,3,77,generation,burst,adaptive,7,512,256,11.609440659000029,15.098002012000507,0.01793051900131104,0,0,0,0,0,0,9.523099870417662e-05,False,False,False,False
study14_s77_llama1b_kv5120_cap3-07_generation_burst_adaptive,llama1b,5120,3,77,generation,burst,adaptive,5,128,768,4.464646579001055,15.272865585000545,0.06259512300130154,0,0,0,0,0,0,0.00011862399878737051,False,False,False,False
study14_s77_llama1b_kv5120_cap3-07_generation_burst_adaptive,llama1b,5120,3,77,generation,burst,adaptive,8,512,256,15.122765428999628,18.691006416000164,0.022112888998890412,0,0,0,0,0,0,8.80429994140064e-05,False,False,False,False
study14_s77_llama1b_kv5120_cap3-07_generation_burst_adaptive,llama1b,5120,3,77,generation,burst,adaptive,9,128,256,15.110513562000051,18.68084725799963,0.023462082999685663,0,0,0,0,0,0,8.708499881321385e-05,False,False,False,False
study14_s77_llama1b_kv5120_cap3-07_generation_burst_adaptive,llama1b,5120,3,77,generation,burst,adaptive,10,128,64,18.630711910000173,19.52736621800068,0.037784224999995786,0,0,0,0,0,0,8.28159991215216e-05,False,False,False,False
study14_s77_llama1b_kv5120_cap3-07_generation_burst_adaptive,llama1b,5120,3,77,generation,burst,adaptive,11,256,64,18.63325119000001,19.504072409999935,0.01669821199902799,0,0,0,0,0,0,8.027899930307392e-05,False,False,False,False
study14_s77_llama1b_kv5120_cap3-07_generation_burst_adaptive,llama1b,5120,3,77,generation,burst,adaptive,6,128,768,10.747505547999026,21.459894174999135,0.062472724999679485,0,0,0,0,0,0,9.16309993044262e-05,False,False,False,False
study14_s77_llama1b_kv5120_cap3-08_generation_stagger_fixed,llama1b,5120,3,77,generation,stagger,fixed,0,512,64,0.05671883700051694,0.9206233990007604,0.020388806000482873,0,0,0,0,0,0,0.0001098869997804286,False,False,False,False
study14_s77_llama1b_kv5120_cap3-08_generation_stagger_fixed,llama1b,5120,3,77,generation,stagger,fixed,1,256,64,0.03907603999869025,0.8985099609999452,0.017208121998919523,0,0,0,0,0,0,0.00012470957885368783,False,False,False,False
study14_s77_llama1b_kv5120_cap3-08_generation_stagger_fixed,llama1b,5120,3,77,generation,stagger,fixed,4,256,256,0.06364828200094053,3.671596064001278,0.02563299800021923,0,0,0,0,0,0,0.0002598889324172404,False,False,False,False
study14_s77_llama1b_kv5120_cap3-08_generation_stagger_fixed,llama1b,5120,3,77,generation,stagger,fixed,2,256,768,0.04030864700143866,10.716405484999996,0.0606454129992926,0,0,0,0,0,0,7.754251463110151e-05,False,False,False,False
study14_s77_llama1b_kv5120_cap3-08_generation_stagger_fixed,llama1b,5120,3,77,generation,stagger,fixed,3,512,768,0.08428064799954882,10.736646056999234,0.03321758300080546,0,0,0,0,0,0,0.0001236236642854216,False,False,False,False
study14_s77_llama1b_kv5120_cap3-08_generation_stagger_fixed,llama1b,5120,3,77,generation,stagger,fixed,7,512,256,9.769113948999802,13.246534514000814,0.017691200999252032,0,0,0,0,0,0,0.00011153034021749164,False,False,False,False
study14_s77_llama1b_kv5120_cap3-08_generation_stagger_fixed,llama1b,5120,3,77,generation,stagger,fixed,5,128,768,3.5082959160008613,14.088268102999791,0.06069329199999629,0,0,0,0,0,0,0.0001234525807305431,False,False,False,False
study14_s77_llama1b_kv5120_cap3-08_generation_stagger_fixed,llama1b,5120,3,77,generation,stagger,fixed,8,512,256,12.852778276999743,16.464181981000365,0.02254523000010522,0,0,0,0,0,0,9.373894357267432e-05,False,False,False,False
study14_s77_llama1b_kv5120_cap3-08_generation_stagger_fixed,llama1b,5120,3,77,generation,stagger,fixed,9,128,256,12.068696668000484,15.677749534001123,0.02135998199992173,0,0,0,0,0,0,8.362461325894799e-05,False,False,False,False
study14_s77_llama1b_kv5120_cap3-08_generation_stagger_fixed,llama1b,5120,3,77,generation,stagger,fixed,10,128,64,15.290966683000079,16.19710127399958,0.035389558999668225,0,0,0,0,0,0,8.243831494514353e-05,False,False,False,False
study14_s77_llama1b_kv5120_cap3-08_generation_stagger_fixed,llama1b,5120,3,77,generation,stagger,fixed,11,256,64,15.171150158999808,16.05651708900041,0.017355010999381193,0,0,0,0,0,0,8.150426152742085e-05,False,False,False,False
study14_s77_llama1b_kv5120_cap3-08_generation_stagger_fixed,llama1b,5120,3,77,generation,stagger,fixed,6,128,768,9.478687476999767,20.252386662999925,0.06049013899973943,0,0,0,0,0,0,9.905768357665323e-05,False,False,False,False
study14_s77_llama1b_kv5120_cap3-09_balanced_stagger_fixed,llama1b,5120,3,77,balanced,stagger,fixed,1,512,128,0.08421622099922388,1.9699281659995904,0.10133799199866189,0,0,0,0,0,0,9.71227402670749e-05,False,False,False,False
study14_s77_llama1b_kv5120_cap3-09_balanced_stagger_fixed,llama1b,5120,3,77,balanced,stagger,fixed,0,256,256,0.039229473999512265,3.8809360480008763,0.1124529659991822,0,0,0,0,0,0,0.00018374299907009117,False,False,False,False
study14_s77_llama1b_kv5120_cap3-09_balanced_stagger_fixed,llama1b,5120,3,77,balanced,stagger,fixed,4,512,128,1.67649848200017,3.498483789000602,0.018494402998840087,0,0,0,0,0,0,0.00013263314350142608,False,False,False,False
study14_s77_llama1b_kv5120_cap3-09_balanced_stagger_fixed,llama1b,5120,3,77,balanced,stagger,fixed,2,1024,512,0.12740538799880596,7.559916324998994,0.1124547170002188,0,0,0,0,0,0,8.941774570758731e-05,False,False,False,False
study14_s77_llama1b_kv5120_cap3-09_balanced_stagger_fixed,llama1b,5120,3,77,balanced,stagger,fixed,3,1024,512,1.5460835009998846,8.940406834999521,0.06317443599982653,0,0,0,0,0,0,0.00010028970993691821,False,False,False,False
study14_s77_llama1b_kv5120_cap3-09_balanced_stagger_fixed,llama1b,5120,3,77,balanced,stagger,fixed,6,512,128,4.975660097999935,6.786411544000657,0.02045470499979274,0,0,0,0,0,0,8.303777385743061e-05,False,False,False,False
study14_s77_llama1b_kv5120_cap3-09_balanced_stagger_fixed,llama1b,5120,3,77,balanced,stagger,fixed,7,128,64,6.196509475001221,7.104988607999985,0.03314361600132543,0,0,0,0,0,0,8.531803496136803e-05,False,False,False,False
study14_s77_llama1b_kv5120_cap3-09_balanced_stagger_fixed,llama1b,5120,3,77,balanced,stagger,fixed,8,256,64,6.45450815300137,7.44594206200054,0.11158854300083476,0,0,0,0,0,0,0.00010898007338200344,False,False,False,False
study14_s77_llama1b_kv5120_cap3-09_balanced_stagger_fixed,llama1b,5120,3,77,balanced,stagger,fixed,10,256,64,6.401629422000042,7.296637393999845,0.01727361600023869,0,0,0,0,0,0,0.00011141355725285962,False,False,False,False
study14_s77_llama1b_kv5120_cap3-09_balanced_stagger_fixed,llama1b,5120,3,77,balanced,stagger,fixed,5,128,512,2.761231079999561,10.244159514000785,0.1114279710000119,0,0,0,0,0,0,9.588836125029587e-05,False,False,False,False
study14_s77_llama1b_kv5120_cap3-09_balanced_stagger_fixed,llama1b,5120,3,77,balanced,stagger,fixed,9,1024,256,6.839782818000458,10.494480698000189,0.03353364999929909,0,0,0,0,0,0,0.0002450484769900285,False,False,False,False
study14_s77_llama1b_kv5120_cap3-09_balanced_stagger_fixed,llama1b,5120,3,77,balanced,stagger,fixed,11,128,256,6.734980438999628,10.306508510999265,0.020559925000270596,0,0,0,0,0,0,0.00011794978687440505,False,False,False,False
study14_s77_llama1b_kv5120_cap3-10_generation_burst_fixed,llama1b,5120,3,77,generation,burst,fixed,0,512,64,0.06497573900014686,1.0047208209998644,0.03772330800165946,0,0,0,0,0,0,0.00011191600060556084,False,False,False,False
study14_s77_llama1b_kv5120_cap3-10_generation_burst_fixed,llama1b,5120,3,77,generation,burst,fixed,1,256,64,0.06962110899985419,1.0267397349998646,0.056107338999936474,0,0,0,0,0,0,0.00010371900061727224,False,False,False,False
study14_s77_llama1b_kv5120_cap3-10_generation_burst_fixed,llama1b,5120,3,77,generation,burst,fixed,4,256,256,0.9316069979995518,4.592136926999956,0.022778062999350368,0,0,0,0,0,0,9.951300016836084e-05,False,False,False,False
study14_s77_llama1b_kv5120_cap3-10_generation_burst_fixed,llama1b,5120,3,77,generation,burst,fixed,2,256,768,0.06858231700061879,10.871582245999889,0.05640843000037421,0,0,0,0,0,0,9.075100060726426e-05,False,False,False,False
study14_s77_llama1b_kv5120_cap3-10_generation_burst_fixed,llama1b,5120,3,77,generation,burst,fixed,3,512,768,0.9265513739992457,11.670719091998762,0.038783218999014935,0,0,0,0,0,0,0.0002500710012099949,False,False,False,False
study14_s77_llama1b_kv5120_cap3-10_generation_burst_fixed,llama1b,5120,3,77,generation,burst,fixed,7,512,256,11.545691334998992,15.036244702998374,0.0188616080013162,0,0,0,0,0,0,8.351600117745273e-05,False,False,False,False
study14_s77_llama1b_kv5120_cap3-10_generation_burst_fixed,llama1b,5120,3,77,generation,burst,fixed,5,128,768,4.578924461000497,15.208889048000856,0.05926262699904328,0,0,0,0,0,0,8.051999975577928e-05,False,False,False,False
study14_s77_llama1b_kv5120_cap3-10_generation_burst_fixed,llama1b,5120,3,77,generation,burst,fixed,8,512,256,15.058763800001543,18.59366991100069,0.022500847999253892,0,0,0,0,0,0,7.959899958220884e-05,False,False,False,False
study14_s77_llama1b_kv5120_cap3-10_generation_burst_fixed,llama1b,5120,3,77,generation,burst,fixed,9,128,256,15.047270453998863,18.581149272000403,0.022196116000486654,0,0,0,0,0,0,0.0001074060008249833,False,False,False,False
study14_s77_llama1b_kv5120_cap3-10_generation_burst_fixed,llama1b,5120,3,77,generation,burst,fixed,10,128,64,18.531083534000572,19.411428904000786,0.03662837199954083,0,0,0,0,0,0,0.00013340999976207968,False,False,False,False
study14_s77_llama1b_kv5120_cap3-10_generation_burst_fixed,llama1b,5120,3,77,generation,burst,fixed,11,256,64,18.53289981099988,19.389026030999958,0.01650686399989354,0,0,0,0,0,0,7.482499968314293e-05,False,False,False,False
study14_s77_llama1b_kv5120_cap3-10_generation_burst_fixed,llama1b,5120,3,77,generation,burst,fixed,6,128,768,10.708569088999866,21.331470201999764,0.05914917800146213,0,0,0,0,0,0,8.050800097403332e-05,False,False,False,False
study14_s77_llama1b_kv5120_cap3-11_generation_stagger_baseline,llama1b,5120,3,77,generation,stagger,baseline,0,512,64,0.0684339129984437,1.1097002489987062,0.0422378960010974,0,0,0,0,0,0,0.0001432150002074195,False,False,False,False
study14_s77_llama1b_kv5120_cap3-11_generation_stagger_baseline,llama1b,5120,3,77,generation,stagger,baseline,1,256,64,0.03957063699999708,0.9380799459995615,0.020514906000244082,0,0,0,0,0,0,0.00010020657832199298,False,False,False,False
study14_s77_llama1b_kv5120_cap3-11_generation_stagger_baseline,llama1b,5120,3,77,generation,stagger,baseline,4,256,256,0.06782684800054994,3.6239324639991537,0.020807545999559807,0,0,0,0,0,0,0.00010222693265227178,False,False,False,False
study14_s77_llama1b_kv5120_cap3-11_generation_stagger_baseline,llama1b,5120,3,77,generation,stagger,baseline,2,256,768,0.05035177100035071,10.766333360999852,0.060193239000000176,0,0,0,0,0,0,0.00011665751524914114,False,False,False,False
study14_s77_llama1b_kv5120_cap3-11_generation_stagger_baseline,llama1b,5120,3,77,generation,stagger,baseline,3,512,768,0.09025080200080993,10.728197561000343,0.03276656500020181,0,0,0,0,0,0,0.0001143926623172753,False,False,False,False
study14_s77_llama1b_kv5120_cap3-11_generation_stagger_baseline,llama1b,5120,3,77,generation,stagger,baseline,7,512,256,9.759863777999271,13.241043052999885,0.017962688001716742,0,0,0,0,0,0,0.00010993034076722807,False,False,False,False
study14_s77_llama1b_kv5120_cap3-11_generation_stagger_baseline,llama1b,5120,3,77,generation,stagger,baseline,5,128,768,3.462303031999909,14.076814325000669,0.06385746900014055,0,0,0,0,0,0,0.00010227458005118706,False,False,False,False
study14_s77_llama1b_kv5120_cap3-11_generation_stagger_baseline,llama1b,5120,3,77,generation,stagger,baseline,8,512,256,12.848755191998862,16.40020366599856,0.021377988001404447,0,0,0,0,0,0,0.00011469794338481165,False,False,False,False
study14_s77_llama1b_kv5120_cap3-11_generation_stagger_baseline,llama1b,5120,3,77,generation,stagger,baseline,9,128,256,12.052143353999782,15.62842278700009,0.019360801999937394,0,0,0,0,0,0,8.449061410509273e-05,False,False,False,False
study14_s77_llama1b_kv5120_cap3-11_generation_stagger_baseline,llama1b,5120,3,77,generation,stagger,baseline,10,128,64,15.22755839400088,16.137845429000663,0.03675107100025343,0,0,0,0,0,0,8.567731479747209e-05,False,False,False,False
study14_s77_llama1b_kv5120_cap3-11_generation_stagger_baseline,llama1b,5120,3,77,generation,stagger,baseline,11,256,64,15.120919276998393,15.994432468000014,0.016937132000748534,0,0,0,0,0,0,0.0001156352621025647,False,False,False,False
study14_s77_llama1b_kv5120_cap3-11_generation_stagger_baseline,llama1b,5120,3,77,generation,stagger,baseline,6,128,768,9.528041205998306,20.243449081999643,0.06387483199978305,0,0,0,0,0,0,0.00010626568374672019,False,False,False,False
study15_s77_llama1b_kv5120_cap12-00_generation_burst_fixed,llama1b,5120,12,77,generation,burst,fixed,0,512,64,0.06140033500014397,1.2046117830013827,0.06257264799933182,0,0,0,0,0,0,0.00023902899920358323,False,False,False,False
study15_s77_llama1b_kv5120_cap12-00_generation_burst_fixed,llama1b,5120,12,77,generation,burst,fixed,1,256,64,0.06503514500036545,1.1852349800010415,0.06241405100081465,0,0,0,0,0,0,8.029899909160754e-05,False,False,False,False
study15_s77_llama1b_kv5120_cap12-00_generation_burst_fixed,llama1b,5120,12,77,generation,burst,fixed,10,128,64,0.06303157799993642,0.9634749189990544,0.035143211998729385,0,0,0,0,0,0,8.984200030681677e-05,False,False,False,False
study15_s77_llama1b_kv5120_cap12-00_generation_burst_fixed,llama1b,5120,12,77,generation,burst,fixed,11,256,64,0.73347250200095,1.6056001520009886,0.01677451999967161,0,0,0,0,0,0,0.00011528099930724345,False,False,False,False
study15_s77_llama1b_kv5120_cap12-00_generation_burst_fixed,llama1b,5120,12,77,generation,burst,fixed,4,256,256,0.1057236369997554,3.8199897289996443,0.06166287800078862,0,0,0,0,0,0,8.991000031527419e-05,False,False,False,False
study15_s77_llama1b_kv5120_cap12-00_generation_burst_fixed,llama1b,5120,12,77,generation,burst,fixed,7,512,256,0.0849133849987993,3.7387019569996482,0.061646531999940635,0,0,0,0,0,0,8.964500048019852e-05,False,False,False,False
study15_s77_llama1b_kv5120_cap12-00_generation_burst_fixed,llama1b,5120,12,77,generation,burst,fixed,8,512,256,0.11118441799953871,3.714841756000169,0.037497784000152024,0,0,0,0,0,0,8.930600015444323e-05,False,False,False,False
study15_s77_llama1b_kv5120_cap12-00_generation_burst_fixed,llama1b,5120,12,77,generation,burst,fixed,9,128,256,0.11290887200084399,3.691948269999557,0.03471466799965128,0,0,0,0,0,0,0.00010967999951388974,False,False,False,False
study15_s77_llama1b_kv5120_cap12-00_generation_burst_fixed,llama1b,5120,12,77,generation,burst,fixed,2,256,768,0.07027343299887434,10.870021507000274,0.06255469099960465,0,0,0,0,0,0,8.702699997228946e-05,False,False,False,False
study15_s77_llama1b_kv5120_cap12-00_generation_burst_fixed,llama1b,5120,12,77,generation,burst,fixed,3,512,768,0.09975682100048289,10.847889053000472,0.06147761200008972,0,0,0,0,0,0,7.765900008960269e-05,False,False,False,False
study15_s77_llama1b_kv5120_cap12-00_generation_burst_fixed,llama1b,5120,12,77,generation,burst,fixed,5,128,768,0.07609601700096391,10.78909177100104,0.062214584000685136,0,0,0,0,0,0,6.669799950032029e-05,False,False,False,False
study15_s77_llama1b_kv5120_cap12-00_generation_burst_fixed,llama1b,5120,12,77,generation,burst,fixed,6,128,768,0.04711540099924605,10.743265834998965,0.06191902400132676,0,0,0,0,0,0,0.00011056100011042069,False,False,False,False
study15_s77_llama1b_kv5120_cap12-01_balanced_stagger_fixed,llama1b,5120,12,77,balanced,stagger,fixed,1,512,128,0.08193333199960762,2.0014465330004896,0.11069503799990343,0,0,0,0,0,0,0.00010256774134642654,False,False,False,False
study15_s77_llama1b_kv5120_cap12-01_balanced_stagger_fixed,llama1b,5120,12,77,balanced,stagger,fixed,0,256,256,0.03621268099959707,3.815765160999945,0.11059559999921476,0,0,0,0,0,0,0.0001249350007128669,False,False,False,False
study15_s77_llama1b_kv5120_cap12-01_balanced_stagger_fixed,llama1b,5120,12,77,balanced,stagger,fixed,4,512,128,0.07687794199955533,1.8404344399987167,0.02093393900031515,0,0,0,0,0,0,9.466514485056976e-05,False,False,False,False
study15_s77_llama1b_kv5120_cap12-01_balanced_stagger_fixed,llama1b,5120,12,77,balanced,stagger,fixed,7,128,64,0.6337908980003704,1.50640247299998,0.017374369999743067,0,0,0,0,0,0,7.863703603927519e-05,False,False,False,False
study15_s77_llama1b_kv5120_cap12-01_balanced_stagger_fixed,llama1b,5120,12,77,balanced,stagger,fixed,6,512,128,0.8857567039995047,2.6556073680003465,0.01774956799999927,0,0,0,0,0,0,0.00010133477544593816,False,False,False,False
study15_s77_llama1b_kv5120_cap12-01_balanced_stagger_fixed,llama1b,5120,12,77,balanced,stagger,fixed,8,256,64,2.3232607250010915,3.2394949950012233,0.022429777000070317,0,0,0,0,0,0,7.676807388579121e-05,False,False,False,False
study15_s77_llama1b_kv5120_cap12-01_balanced_stagger_fixed,llama1b,5120,12,77,balanced,stagger,fixed,2,1024,512,0.12688326699935715,7.489224943999943,0.11053542700028629,0,0,0,0,0,0,0.00011001274573119169,False,False,False,False
study15_s77_llama1b_kv5120_cap12-01_balanced_stagger_fixed,llama1b,5120,12,77,balanced,stagger,fixed,3,1024,512,0.14054949800083705,7.5397984700011875,0.14009560799968312,0,0,0,0,0,0,0.00011887071034100138,False,False,False,False
study15_s77_llama1b_kv5120_cap12-01_balanced_stagger_fixed,llama1b,5120,12,77,balanced,stagger,fixed,10,256,64,3.5122433489996183,4.373852053000519,0.01687135700012732,0,0,0,0,0,0,9.031555754646092e-05,False,False,False,False
study15_s77_llama1b_kv5120_cap12-01_balanced_stagger_fixed,llama1b,5120,12,77,balanced,stagger,fixed,5,128,512,0.052379841999936616,7.3735535880005045,0.14063223900120647,0,0,0,0,0,0,0.00011076736169624013,False,False,False,False
study15_s77_llama1b_kv5120_cap12-01_balanced_stagger_fixed,llama1b,5120,12,77,balanced,stagger,fixed,11,128,256,2.9153012210008455,6.345794426999419,0.01778052400004526,0,0,0,0,0,0,9.531878655444359e-05,False,False,False,False
study15_s77_llama1b_kv5120_cap12-01_balanced_stagger_fixed,llama1b,5120,12,77,balanced,stagger,fixed,9,1024,256,4.3422042339989275,7.7729791259989724,0.0179374370000005,0,0,0,0,0,0,8.109447828186234e-05,False,False,False,False
study15_s77_llama1b_kv5120_cap12-02_generation_burst_adaptive,llama1b,5120,12,77,generation,burst,adaptive,0,512,64,0.05921953400138591,1.227123083999686,0.0635672850003175,0,0,0,0,0,0,0.00012181199963379186,False,False,False,False
study15_s77_llama1b_kv5120_cap12-02_generation_burst_adaptive,llama1b,5120,12,77,generation,burst,adaptive,1,256,64,0.05943707100050233,1.2071405360002245,0.06285580399890023,0,0,0,0,0,0,0.00020323700045991877,False,False,False,False
study15_s77_llama1b_kv5120_cap12-02_generation_burst_adaptive,llama1b,5120,12,77,generation,burst,adaptive,10,128,64,0.06450848699932976,0.9830294029998186,0.03779482800018741,0,0,0,0,0,0,8.432300091953948e-05,False,False,False,False
study15_s77_llama1b_kv5120_cap12-02_generation_burst_adaptive,llama1b,5120,12,77,generation,burst,adaptive,11,256,64,0.06632082100077241,0.9618098179998924,0.017891438999868114,0,0,0,0,0,0,7.88259996624685e-05,False,False,False,False
study15_s77_llama1b_kv5120_cap12-02_generation_burst_adaptive,llama1b,5120,12,77,generation,burst,adaptive,4,256,256,0.08901961100127664,3.8227340539997385,0.06336392499906651,0,0,0,0,0,0,0.00010655999976733055,False,False,False,False
study15_s77_llama1b_kv5120_cap12-02_generation_burst_adaptive,llama1b,5120,12,77,generation,burst,adaptive,7,512,256,0.08794917399973201,3.755071706000308,0.06307071599985647,0,0,0,0,0,0,0.00012258700044182058,False,False,False,False
study15_s77_llama1b_kv5120_cap12-02_generation_burst_adaptive,llama1b,5120,12,77,generation,burst,adaptive,8,512,256,0.11661442300101044,3.7323841100005666,0.03727108699968085,0,0,0,0,0,0,0.00010689399969121549,False,False,False,False
study15_s77_llama1b_kv5120_cap12-02_generation_burst_adaptive,llama1b,5120,12,77,generation,burst,adaptive,9,128,256,0.09131025500028045,3.6971491429994785,0.03801401300006546,0,0,0,0,0,0,9.635099995647378e-05,False,False,False,False
study15_s77_llama1b_kv5120_cap12-02_generation_burst_adaptive,llama1b,5120,12,77,generation,burst,adaptive,2,256,768,0.061480415000914945,10.911914416999934,0.06297061800069059,0,0,0,0,0,0,7.527299967477474e-05,False,False,False,False
study15_s77_llama1b_kv5120_cap12-02_generation_burst_adaptive,llama1b,5120,12,77,generation,burst,adaptive,3,512,768,0.08536764400014363,10.888757500999418,0.06331660500109138,0,0,0,0,0,0,9.089200066225711e-05,False,False,False,False
study15_s77_llama1b_kv5120_cap12-02_generation_burst_adaptive,llama1b,5120,12,77,generation,burst,adaptive,5,128,768,0.07341236800129991,10.843332743001156,0.06307418999858783,0,0,0,0,0,0,8.687099943927024e-05,False,False,False,False
study15_s77_llama1b_kv5120_cap12-02_generation_burst_adaptive,llama1b,5120,12,77,generation,burst,adaptive,6,128,768,0.06338033400061249,10.809871631001442,0.06317120400126441,0,0,0,0,0,0,8.51899996632266e-05,False,False,False,False
study15_s77_llama1b_kv5120_cap12-03_generation_stagger_adaptive,llama1b,5120,12,77,generation,stagger,adaptive,0,512,64,0.06078128999979526,0.8894307329992444,0.017775706000975333,0,0,0,0,0,0,0.0001127579998865258,False,False,False,False
study15_s77_llama1b_kv5120_cap12-03_generation_stagger_adaptive,llama1b,5120,12,77,generation,stagger,adaptive,1,256,64,0.039944524000020465,0.8604171820006741,0.01736704699942493,0,0,0,0,0,0,8.606757732620984e-05,False,False,False,False
study15_s77_llama1b_kv5120_cap12-03_generation_stagger_adaptive,llama1b,5120,12,77,generation,stagger,adaptive,10,128,64,0.048115462999703595,0.9520750709998538,0.035298217999297776,0,0,0,0,0,0,7.882031591766037e-05,False,False,False,False
study15_s77_llama1b_kv5120_cap12-03_generation_stagger_adaptive,llama1b,5120,12,77,generation,stagger,adaptive,4,256,256,0.05505100600021251,3.727246077998643,0.05874937099906674,0,0,0,0,0,0,8.369393355955879e-05,False,False,False,False
study15_s77_llama1b_kv5120_cap12-03_generation_stagger_adaptive,llama1b,5120,12,77,generation,stagger,adaptive,11,256,64,0.06618497700037551,0.9521953629991913,0.020686730000306852,0,0,0,0,0,0,7.908926205590916e-05,False,False,False,False
study15_s77_llama1b_kv5120_cap12-03_generation_stagger_adaptive,llama1b,5120,12,77,generation,stagger,adaptive,7,512,256,0.07716646600056265,3.7027244889995927,0.0591473650001717,0,0,0,0,0,0,0.00016863434022429402,False,False,False,False
study15_s77_llama1b_kv5120_cap12-03_generation_stagger_adaptive,llama1b,5120,12,77,generation,stagger,adaptive,8,512,256,0.07848333299989463,3.663114578999739,0.034969132000696845,0,0,0,0,0,0,8.891694272605832e-05,False,False,False,False
study15_s77_llama1b_kv5120_cap12-03_generation_stagger_adaptive,llama1b,5120,12,77,generation,stagger,adaptive,9,128,256,0.046586094998929184,3.62449756299975,0.034721339001407614,0,0,0,0,0,0,7.426661490761433e-05,False,False,False,False
study15_s77_llama1b_kv5120_cap12-03_generation_stagger_adaptive,llama1b,5120,12,77,generation,stagger,adaptive,2,256,768,0.03792419199999131,10.810013786998752,0.06265221399917209,0,0,0,0,0,0,8.823851611294842e-05,False,False,False,False
study15_s77_llama1b_kv5120_cap12-03_generation_stagger_adaptive,llama1b,5120,12,77,generation,stagger,adaptive,3,512,768,0.09188109600108874,10.824618298000132,0.05883031200028199,0,0,0,0,0,0,8.145966271522198e-05,False,False,False,False
study15_s77_llama1b_kv5120_cap12-03_generation_stagger_adaptive,llama1b,5120,12,77,generation,stagger,adaptive,5,128,768,0.052457619000051636,10.7591953379997,0.05879554099919915,0,0,0,0,0,0,8.725658152997084e-05,False,False,False,False
study15_s77_llama1b_kv5120_cap12-03_generation_stagger_adaptive,llama1b,5120,12,77,generation,stagger,adaptive,6,128,768,0.04924519899941515,10.732739879998917,0.05918910699983826,0,0,0,0,0,0,0.00010776868376805027,False,False,False,False
study15_s77_llama1b_kv5120_cap12-04_generation_burst_baseline,llama1b,5120,12,77,generation,burst,baseline,0,512,64,0.0606902519994037,1.2157429150011012,0.06071758100006264,0,0,0,0,0,0,8.610999975644518e-05,False,False,False,False
study15_s77_llama1b_kv5120_cap12-04_generation_burst_baseline,llama1b,5120,12,77,generation,burst,baseline,1,256,64,0.05217795699900307,1.193643651999082,0.06083181600115495,0,0,0,0,0,0,8.651000025565458e-05,False,False,False,False
study15_s77_llama1b_kv5120_cap12-04_generation_burst_baseline,llama1b,5120,12,77,generation,burst,baseline,10,128,64,0.05801632899965625,0.9625741780000681,0.03719963700132212,0,0,0,0,0,0,8.279100075014867e-05,False,False,False,False
study15_s77_llama1b_kv5120_cap12-04_generation_burst_baseline,llama1b,5120,12,77,generation,burst,baseline,11,256,64,0.06191762900016329,0.9416115200001514,0.017585416999281733,0,0,0,0,0,0,8.658699989605445e-05,False,False,False,False
study15_s77_llama1b_kv5120_cap12-04_generation_burst_baseline,llama1b,5120,12,77,generation,burst,baseline,4,256,256,0.09826051799973357,3.809859487999347,0.060785824000049615,0,0,0,0,0,0,8.091700037765603e-05,False,False,False,False
study15_s77_llama1b_kv5120_cap12-04_generation_burst_baseline,llama1b,5120,12,77,generation,burst,baseline,7,512,256,0.08265622699946107,3.7301963059999252,0.06049430600069172,0,0,0,0,0,0,8.232700056393094e-05,False,False,False,False
study15_s77_llama1b_kv5120_cap12-04_generation_burst_baseline,llama1b,5120,12,77,generation,burst,baseline,8,512,256,0.10799519600004714,3.7066488939999545,0.03751701600049273,0,0,0,0,0,0,7.956599947644971e-05,False,False,False,False
study15_s77_llama1b_kv5120_cap12-04_generation_burst_baseline,llama1b,5120,12,77,generation,burst,baseline,9,128,256,0.1086596160002955,3.685047795999708,0.03707414299969969,0,0,0,0,0,0,7.470299970008254e-05,False,False,False,False
study15_s77_llama1b_kv5120_cap12-04_generation_burst_baseline,llama1b,5120,12,77,generation,burst,baseline,2,256,768,0.06825765100074932,10.924873173000378,0.061044882000715006,0,0,0,0,0,0,8.26189992949311e-05,False,False,False,False
study15_s77_llama1b_kv5120_cap12-04_generation_burst_baseline,llama1b,5120,12,77,generation,burst,baseline,3,512,768,0.09281570200073475,10.902040634999139,0.06072988599953533,0,0,0,0,0,0,8.005500021679435e-05,False,False,False,False
study15_s77_llama1b_kv5120_cap12-04_generation_burst_baseline,llama1b,5120,12,77,generation,burst,baseline,5,128,768,0.06984292900051514,10.842172855000172,0.06071792500006268,0,0,0,0,0,0,0.00011911500041605905,False,False,False,False
study15_s77_llama1b_kv5120_cap12-04_generation_burst_baseline,llama1b,5120,12,77,generation,burst,baseline,6,128,768,0.05799305400068988,10.80992843400054,0.060611304001213284,0,0,0,0,0,0,7.401399961959321e-05,False,False,False,False
study15_s77_llama1b_kv5120_cap12-05_generation_stagger_baseline,llama1b,5120,12,77,generation,stagger,baseline,0,512,64,0.0554323390006175,0.8751802090009733,0.017317752000963083,0,0,0,0,0,0,9.34469990170328e-05,False,False,False,False
study15_s77_llama1b_kv5120_cap12-05_generation_stagger_baseline,llama1b,5120,12,77,generation,stagger,baseline,1,256,64,0.035463198999423184,0.8478432150004664,0.015756113001771155,0,0,0,0,0,0,9.061057794013117e-05,False,False,False,False
study15_s77_llama1b_kv5120_cap12-05_generation_stagger_baseline,llama1b,5120,12,77,generation,stagger,baseline,10,128,64,0.04521840100096597,0.9688014820003445,0.03511091399923316,0,0,0,0,0,0,7.489831464813079e-05,False,False,False,False
study15_s77_llama1b_kv5120_cap12-05_generation_stagger_baseline,llama1b,5120,12,77,generation,stagger,baseline,4,256,256,0.05437107699981425,3.7570512809998036,0.05981924200023059,0,0,0,0,0,0,0.00010626293362570038,False,False,False,False
study15_s77_llama1b_kv5120_cap12-05_generation_stagger_baseline,llama1b,5120,12,77,generation,stagger,baseline,11,256,64,0.0649154129987437,0.9530960009997216,0.018310847000975627,0,0,0,0,0,0,0.00011723626199700021,False,False,False,False
study15_s77_llama1b_kv5120_cap12-05_generation_stagger_baseline,llama1b,5120,12,77,generation,stagger,baseline,7,512,256,0.08359555899914994,3.73441008699956,0.05976925800132449,0,0,0,0,0,0,8.506734040469865e-05,False,False,False,False
study15_s77_llama1b_kv5120_cap12-05_generation_stagger_baseline,llama1b,5120,12,77,generation,stagger,baseline,8,512,256,0.0839520800000173,3.6944486049997067,0.03570868399947358,0,0,0,0,0,0,0.0001900769424842963,False,False,False,False
study15_s77_llama1b_kv5120_cap12-05_generation_stagger_baseline,llama1b,5120,12,77,generation,stagger,baseline,9,128,256,0.04233179500079132,3.651263868001479,0.03508357299870113,0,0,0,0,0,0,0.0001232376131579116,False,False,False,False
study15_s77_llama1b_kv5120_cap12-05_generation_stagger_baseline,llama1b,5120,12,77,generation,stagger,baseline,2,256,768,0.036742507998496876,10.880214764998527,0.05968383899926266,0,0,0,0,0,0,8.827851568993239e-05,False,False,False,False
study15_s77_llama1b_kv5120_cap12-05_generation_stagger_baseline,llama1b,5120,12,77,generation,stagger,baseline,3,512,768,0.08238858900040213,10.880838204999236,0.05976916699910362,0,0,0,0,0,0,9.853866354214702e-05,False,False,False,False
study15_s77_llama1b_kv5120_cap12-05_generation_stagger_baseline,llama1b,5120,12,77,generation,stagger,baseline,5,128,768,0.041755059000934125,10.814006725000581,0.05967644299926178,0,0,0,0,0,0,8.611058000695948e-05,False,False,False,False
study15_s77_llama1b_kv5120_cap12-05_generation_stagger_baseline,llama1b,5120,12,77,generation,stagger,baseline,6,128,768,0.055105310999351786,10.804139339999892,0.05993051500081492,0,0,0,0,0,0,0.00010520768311206297,False,False,False,False
study15_s77_llama1b_kv5120_cap12-06_balanced_stagger_adaptive,llama1b,5120,12,77,balanced,stagger,adaptive,1,512,128,0.07926005300032557,2.002216127999418,0.11286222099988663,0,0,0,0,0,0,9.1398740774018e-05,False,False,False,False
study15_s77_llama1b_kv5120_cap12-06_balanced_stagger_adaptive,llama1b,5120,12,77,balanced,stagger,adaptive,0,256,256,0.036343355001008604,3.903373683000609,0.11280956299924583,0,0,0,0,0,0,9.759299973666202e-05,False,False,False,False
study15_s77_llama1b_kv5120_cap12-06_balanced_stagger_adaptive,llama1b,5120,12,77,balanced,stagger,adaptive,4,512,128,0.0824320270003227,1.9286158080012683,0.06194223500096996,0,0,0,0,0,0,7.843714366417842e-05,False,False,False,False
study15_s77_llama1b_kv5120_cap12-06_balanced_stagger_adaptive,llama1b,5120,12,77,balanced,stagger,adaptive,7,128,64,0.040238330999272875,1.036044005999429,0.11064078399977006,0,0,0,0,0,0,5.36450365862251e-05,False,False,False,False
study15_s77_llama1b_kv5120_cap12-06_balanced_stagger_adaptive,llama1b,5120,12,77,balanced,stagger,adaptive,8,256,64,0.0612969180001528,1.0313433190003707,0.11082412300129363,0,0,0,0,0,0,8.760607477542592e-05,False,False,False,False
study15_s77_llama1b_kv5120_cap12-06_balanced_stagger_adaptive,llama1b,5120,12,77,balanced,stagger,adaptive,6,512,128,0.08933644500029914,2.013147261000995,0.11052586799996789,0,0,0,0,0,0,0.00015132477519808063,False,False,False,False
study15_s77_llama1b_kv5120_cap12-06_balanced_stagger_adaptive,llama1b,5120,12,77,balanced,stagger,adaptive,10,256,64,0.05990433900115022,0.9461716940004408,0.022756151998692076,0,0,0,0,0,0,8.436355682661656e-05,False,False,False,False
study15_s77_llama1b_kv5120_cap12-06_balanced_stagger_adaptive,llama1b,5120,12,77,balanced,stagger,adaptive,9,1024,256,0.36673873100153287,3.952480399000706,0.03549815699989267,0,0,0,0,0,0,7.811847701244545e-05,False,False,False,False
study15_s77_llama1b_kv5120_cap12-06_balanced_stagger_adaptive,llama1b,5120,12,77,balanced,stagger,adaptive,2,1024,512,0.1176079140004731,7.577417820999472,0.11286527999982354,0,0,0,0,0,0,8.048274606609063e-05,False,False,False,False
study15_s77_llama1b_kv5120_cap12-06_balanced_stagger_adaptive,llama1b,5120,12,77,balanced,stagger,adaptive,3,1024,512,0.13647916599984455,7.493990502000088,0.11096784000073967,0,0,0,0,0,0,9.100471126832765e-05,False,False,False,False
study15_s77_llama1b_kv5120_cap12-06_balanced_stagger_adaptive,llama1b,5120,12,77,balanced,stagger,adaptive,11,128,256,0.04768589200102724,3.5627953720013465,0.01835402899996552,0,0,0,0,0,0,8.023078604502132e-05,False,False,False,False
study15_s77_llama1b_kv5120_cap12-06_balanced_stagger_adaptive,llama1b,5120,12,77,balanced,stagger,adaptive,5,128,512,0.04555375299969455,7.253513990999636,0.11062174600010621,0,0,0,0,0,0,0.00011126836230967996,False,False,False,False
study15_s77_llama1b_kv5120_cap12-07_generation_stagger_fixed,llama1b,5120,12,77,generation,stagger,fixed,0,512,64,0.054802799999379204,0.879721511999378,0.01603250700100034,0,0,0,0,0,0,9.223300003213808e-05,False,False,False,False
study15_s77_llama1b_kv5120_cap12-07_generation_stagger_fixed,llama1b,5120,12,77,generation,stagger,fixed,1,256,64,0.03666413800056034,0.8511567229998036,0.01748604900058126,0,0,0,0,0,0,9.848557787761614e-05,False,False,False,False
study15_s77_llama1b_kv5120_cap12-07_generation_stagger_fixed,llama1b,5120,12,77,generation,stagger,fixed,4,256,256,0.05835841499902017,3.6988580109991744,0.05944563199955155,0,0,0,0,0,0,0.0001117499333513905,False,False,False,False
study15_s77_llama1b_kv5120_cap12-07_generation_stagger_fixed,llama1b,5120,12,77,generation,stagger,fixed,7,512,256,0.0878223710005841,3.6755317070001183,0.059341447999031516,0,0,0,0,0,0,0.00010789134095734454,False,False,False,False
study15_s77_llama1b_kv5120_cap12-07_generation_stagger_fixed,llama1b,5120,12,77,generation,stagger,fixed,8,512,256,0.09344523199979449,3.6482276450005884,0.02306830199995602,0,0,0,0,0,0,0.00013565994271047543,False,False,False,False
study15_s77_llama1b_kv5120_cap12-07_generation_stagger_fixed,llama1b,5120,12,77,generation,stagger,fixed,10,128,64,2.036008872999446,2.931080517999362,0.03584490499997628,0,0,0,0,0,0,8.6595315093696e-05,False,False,False,False
study15_s77_llama1b_kv5120_cap12-07_generation_stagger_fixed,llama1b,5120,12,77,generation,stagger,fixed,11,256,64,2.023851685000409,2.8888263250009913,0.016776172000390943,0,0,0,0,0,0,0.0002669442612956985,False,False,False,False
study15_s77_llama1b_kv5120_cap12-07_generation_stagger_fixed,llama1b,5120,12,77,generation,stagger,fixed,9,128,256,0.04118871199898422,3.610656155999095,0.035469664000629564,0,0,0,0,0,0,0.0002496616149496589,False,False,False,False
study15_s77_llama1b_kv5120_cap12-07_generation_stagger_fixed,llama1b,5120,12,77,generation,stagger,fixed,2,256,768,0.041404225999940536,10.853492452000864,0.06085143099880952,0,0,0,0,0,0,0.0001982385151531041,False,False,False,False
study15_s77_llama1b_kv5120_cap12-07_generation_stagger_fixed,llama1b,5120,12,77,generation,stagger,fixed,3,512,768,0.08502683799997612,10.851024446999872,0.059425608000310604,0,0,0,0,0,0,0.00012020666358703025,False,False,False,False
study15_s77_llama1b_kv5120_cap12-07_generation_stagger_fixed,llama1b,5120,12,77,generation,stagger,fixed,5,128,768,0.04400637300022936,10.784560420999696,0.05974437099939678,0,0,0,0,0,0,8.850858102249504e-05,False,False,False,False
study15_s77_llama1b_kv5120_cap12-07_generation_stagger_fixed,llama1b,5120,12,77,generation,stagger,fixed,6,128,768,0.04458408599930408,10.758485524000207,0.059481624000909505,0,0,0,0,0,0,7.957268363778525e-05,False,False,False,False
study15_s77_llama1b_kv5120_cap12-08_balanced_burst_baseline,llama1b,5120,12,77,balanced,burst,baseline,7,128,64,0.20064422999894305,1.0933388929988723,0.017502581998996902,0,0,0,0,0,0,8.898900014170374e-05,False,False,False,False
study15_s77_llama1b_kv5120_cap12-08_balanced_burst_baseline,llama1b,5120,12,77,balanced,burst,baseline,8,256,64,0.15096779800114746,1.0434299139997165,0.01772290500048257,0,0,0,0,0,0,0.0001163439988886017,False,False,False,False
study15_s77_llama1b_kv5120_cap12-08_balanced_burst_baseline,llama1b,5120,12,77,balanced,burst,baseline,1,512,128,0.08879590899960021,2.2020496639997873,0.16976959299972805,0,0,0,0,0,0,7.47829992178567e-05,False,False,False,False
study15_s77_llama1b_kv5120_cap12-08_balanced_burst_baseline,llama1b,5120,12,77,balanced,burst,baseline,4,512,128,0.24119725799937441,2.1070183960000577,0.0960750399990502,0,0,0,0,0,0,9.771399963937055e-05,False,False,False,False
study15_s77_llama1b_kv5120_cap12-08_balanced_burst_baseline,llama1b,5120,12,77,balanced,burst,baseline,6,512,128,0.25055975599934754,2.170194714999525,0.14824704499915242,0,0,0,0,0,0,9.748399970699317e-05,False,False,False,False
study15_s77_llama1b_kv5120_cap12-08_balanced_burst_baseline,llama1b,5120,12,77,balanced,burst,baseline,10,256,64,1.9709180829995603,2.842551118999836,0.01779971900032251,0,0,0,0,0,0,8.765399979893118e-05,False,False,False,False
study15_s77_llama1b_kv5120_cap12-08_balanced_burst_baseline,llama1b,5120,12,77,balanced,burst,baseline,0,256,256,0.03788451099899248,4.106884120999894,0.16980402799890726,0,0,0,0,0,0,8.702299965079874e-05,False,False,False,False
study15_s77_llama1b_kv5120_cap12-08_balanced_burst_baseline,llama1b,5120,12,77,balanced,burst,baseline,11,128,256,1.9203806400000758,5.461915158999545,0.017848946999947657,0,0,0,0,0,0,9.462399902981922e-05,False,False,False,False
study15_s77_llama1b_kv5120_cap12-08_balanced_burst_baseline,llama1b,5120,12,77,balanced,burst,baseline,9,1024,256,2.0205043480000313,5.562105513999995,0.01791778799997701,0,0,0,0,0,0,7.448599972120773e-05,False,False,False,False
study15_s77_llama1b_kv5120_cap12-08_balanced_burst_baseline,llama1b,5120,12,77,balanced,burst,baseline,2,1024,512,0.1562890620007238,7.633493669000018,0.16985430800014,0,0,0,0,0,0,8.45599992317092e-05,False,False,False,False
study15_s77_llama1b_kv5120_cap12-08_balanced_burst_baseline,llama1b,5120,12,77,balanced,burst,baseline,5,128,512,0.19134763799957,7.500668756998493,0.14851996799916378,0,0,0,0,0,0,8.99599999684142e-05,False,False,False,False
study15_s77_llama1b_kv5120_cap12-08_balanced_burst_baseline,llama1b,5120,12,77,balanced,burst,baseline,3,1024,512,0.29110822700022254,7.600891615000364,0.14846679699985543,0,0,0,0,0,0,8.991399918156784e-05,False,False,False,False
study15_s77_llama1b_kv5120_cap12-09_balanced_burst_adaptive,llama1b,5120,12,77,balanced,burst,adaptive,8,256,64,0.13924896299977263,1.0349895199997263,0.01752046900037385,0,0,0,0,0,0,0.0001339629994617786,False,False,False,False
study15_s77_llama1b_kv5120_cap12-09_balanced_burst_adaptive,llama1b,5120,12,77,balanced,burst,adaptive,7,128,64,0.1890832879998925,1.0855522799993196,0.017606551000426407,0,0,0,0,0,0,9.295899908462468e-05,False,False,False,False
study15_s77_llama1b_kv5120_cap12-09_balanced_burst_adaptive,llama1b,5120,12,77,balanced,burst,adaptive,1,512,128,0.07978582699979597,2.1898092219998944,0.15751677700063738,0,0,0,0,0,0,0.00014448699876083715,False,False,False,False
study15_s77_llama1b_kv5120_cap12-09_balanced_burst_adaptive,llama1b,5120,12,77,balanced,burst,adaptive,4,512,128,0.22131323400026304,2.0952177359995403,0.09402621200024441,0,0,0,0,0,0,8.220799900299225e-05,False,False,False,False
study15_s77_llama1b_kv5120_cap12-09_balanced_burst_adaptive,llama1b,5120,12,77,balanced,burst,adaptive,6,512,128,0.2386983569995209,2.144587528999182,0.13208958399991388,0,0,0,0,0,0,8.254299900722906e-05,False,False,False,False
study15_s77_llama1b_kv5120_cap12-09_balanced_burst_adaptive,llama1b,5120,12,77,balanced,burst,adaptive,10,256,64,1.9445604369993816,2.8401351439988503,0.022095209000326577,0,0,0,0,0,0,7.706299948040396e-05,False,False,False,False
study15_s77_llama1b_kv5120_cap12-09_balanced_burst_adaptive,llama1b,5120,12,77,balanced,burst,adaptive,0,256,256,0.04124322600000596,4.123308417998487,0.15772070599996368,0,0,0,0,0,0,8.765799975662958e-05,False,False,False,False
study15_s77_llama1b_kv5120_cap12-09_balanced_burst_adaptive,llama1b,5120,12,77,balanced,burst,adaptive,9,1024,256,1.9942564319990197,5.556615047999003,0.022242670000196085,0,0,0,0,0,0,0.00011542899919730898,False,False,False,False
study15_s77_llama1b_kv5120_cap12-09_balanced_burst_adaptive,llama1b,5120,12,77,balanced,burst,adaptive,11,128,256,1.931395297000563,5.4821514260002004,0.01940375699996366,0,0,0,0,0,0,7.893399852032523e-05,False,False,False,False
study15_s77_llama1b_kv5120_cap12-09_balanced_burst_adaptive,llama1b,5120,12,77,balanced,burst,adaptive,2,1024,512,0.14823368299948925,7.619117071999426,0.15767756999957783,0,0,0,0,0,0,9.049899963428643e-05,False,False,False,False
study15_s77_llama1b_kv5120_cap12-09_balanced_burst_adaptive,llama1b,5120,12,77,balanced,burst,adaptive,3,1024,512,0.2713942329992278,7.594946561999677,0.13251454499913962,0,0,0,0,0,0,0.00011103699907832887,False,False,False,False
study15_s77_llama1b_kv5120_cap12-09_balanced_burst_adaptive,llama1b,5120,12,77,balanced,burst,adaptive,5,128,512,0.19559264100098517,7.499669250000807,0.13216071900023962,0,0,0,0,0,0,0.00011678499868139625,False,False,False,False
study15_s77_llama1b_kv5120_cap12-10_balanced_burst_fixed,llama1b,5120,12,77,balanced,burst,fixed,1,512,128,0.09502354799951718,2.1409984250003617,0.11540569800126832,0,0,0,0,0,0,0.00014773499897273445,False,False,False,False
study15_s77_llama1b_kv5120_cap12-10_balanced_burst_fixed,llama1b,5120,12,77,balanced,burst,fixed,4,512,128,0.2566472629987402,2.048586210999929,0.019524778999766568,0,0,0,0,0,0,7.689299927732263e-05,False,False,False,False
study15_s77_llama1b_kv5120_cap12-10_balanced_burst_fixed,llama1b,5120,12,77,balanced,burst,fixed,0,256,256,0.038705179000317,3.9413577979994443,0.11531208699852868,0,0,0,0,0,0,7.862599886721e-05,False,False,False,False
study15_s77_llama1b_kv5120_cap12-10_balanced_burst_fixed,llama1b,5120,12,77,balanced,burst,fixed,6,512,128,2.022238332001507,3.7647829369998362,0.017903078000017558,0,0,0,0,0,0,8.37939980555813e-05,False,False,False,False
study15_s77_llama1b_kv5120_cap12-10_balanced_burst_fixed,llama1b,5120,12,77,balanced,burst,fixed,8,256,64,3.727916546000415,4.585289786999056,0.01563468600033957,0,0,0,0,0,0,9.333299894931368e-05,False,False,False,False
study15_s77_llama1b_kv5120_cap12-10_balanced_burst_fixed,llama1b,5120,12,77,balanced,burst,fixed,7,128,64,3.778193078000186,4.636031128000468,0.015615160999004729,0,0,0,0,0,0,8.934999859772086e-05,False,False,False,False
study15_s77_llama1b_kv5120_cap12-10_balanced_burst_fixed,llama1b,5120,12,77,balanced,burst,fixed,2,1024,512,0.16865570099980687,7.457864590000099,0.11530585600121412,0,0,0,0,0,0,7.907799808890004e-05,False,False,False,False
study15_s77_llama1b_kv5120_cap12-10_balanced_burst_fixed,llama1b,5120,12,77,balanced,burst,fixed,3,1024,512,0.23405457100125204,7.4221837270015385,0.07227583699932438,0,0,0,0,0,0,8.229799786929615e-05,False,False,False,False
study15_s77_llama1b_kv5120_cap12-10_balanced_burst_fixed,llama1b,5120,12,77,balanced,burst,fixed,5,128,512,0.20647883799938427,7.4520827579999604,0.1298739049998403,0,0,0,0,0,0,7.988299876160454e-05,False,False,False,False
study15_s77_llama1b_kv5120_cap12-10_balanced_burst_fixed,llama1b,5120,12,77,balanced,burst,fixed,10,256,64,7.20203470999877,8.058913761999065,0.022366504999808967,0,0,0,0,0,0,7.621099939569831e-05,False,False,False,False
study15_s77_llama1b_kv5120_cap12-10_balanced_burst_fixed,llama1b,5120,12,77,balanced,burst,fixed,9,1024,256,7.2524776850004855,10.683098722000068,0.02197227400029078,0,0,0,0,0,0,9.01069986866676e-05,False,False,False,False
study15_s77_llama1b_kv5120_cap12-10_balanced_burst_fixed,llama1b,5120,12,77,balanced,burst,fixed,11,128,256,7.1743237860009685,10.586916511001618,0.01748270299867727,0,0,0,0,0,0,8.156599797071173e-05,False,False,False,False
study15_s77_llama1b_kv5120_cap12-11_balanced_stagger_baseline,llama1b,5120,12,77,balanced,stagger,baseline,1,512,128,0.080080222000106,2.013658893001775,0.11183385799995449,0,0,0,0,0,0,0.00013456473993311846,False,False,False,False
study15_s77_llama1b_kv5120_cap12-11_balanced_stagger_baseline,llama1b,5120,12,77,balanced,stagger,baseline,0,256,256,0.037923756000964204,3.9195105800008605,0.11195449400111102,0,0,0,0,0,0,8.748999971430749e-05,False,False,False,False
study15_s77_llama1b_kv5120_cap12-11_balanced_stagger_baseline,llama1b,5120,12,77,balanced,stagger,baseline,4,512,128,0.09347762099969259,1.9492194269987522,0.0636208229989279,0,0,0,0,0,0,8.12611447220668e-05,False,False,False,False
study15_s77_llama1b_kv5120_cap12-11_balanced_stagger_baseline,llama1b,5120,12,77,balanced,stagger,baseline,7,128,64,0.04347961699932057,1.0363764150006318,0.10096735099978105,0,0,0,0,0,0,8.08600357222744e-05,False,False,False,False
study15_s77_llama1b_kv5120_cap12-11_balanced_stagger_baseline,llama1b,5120,12,77,balanced,stagger,baseline,8,256,64,0.06235055300021486,1.0354736959998263,0.1010491010001715,0,0,0,0,0,0,9.033107369704751e-05,False,False,False,False
study15_s77_llama1b_kv5120_cap12-11_balanced_stagger_baseline,llama1b,5120,12,77,balanced,stagger,baseline,6,512,128,0.0920977280002262,2.0428859509993345,0.1009544909993565,0,0,0,0,0,0,0.00018965177505458897,False,False,False,False
study15_s77_llama1b_kv5120_cap12-11_balanced_stagger_baseline,llama1b,5120,12,77,balanced,stagger,baseline,10,256,64,0.068450615999609,0.982818573998884,0.02437629099949845,0,0,0,0,0,0,0.00014319355767966613,False,False,False,False
study15_s77_llama1b_kv5120_cap12-11_balanced_stagger_baseline,llama1b,5120,12,77,balanced,stagger,baseline,9,1024,256,0.3791859339999064,4.002856787999917,0.03532004400040023,0,0,0,0,0,0,8.965847684461181e-05,False,False,False,False
study15_s77_llama1b_kv5120_cap12-11_balanced_stagger_baseline,llama1b,5120,12,77,balanced,stagger,baseline,2,1024,512,0.12836058299944852,7.625558599000215,0.11191648600106419,0,0,0,0,0,0,8.065774557963756e-05,False,False,False,False
study15_s77_llama1b_kv5120_cap12-11_balanced_stagger_baseline,llama1b,5120,12,77,balanced,stagger,baseline,3,1024,512,0.1443550559997675,7.542847315000472,0.10097932999997283,0,0,0,0,0,0,0.00011612471118671586,False,False,False,False
study15_s77_llama1b_kv5120_cap12-11_balanced_stagger_baseline,llama1b,5120,12,77,balanced,stagger,baseline,11,128,256,0.05043012100031774,3.5739591060009843,0.017268339999645832,0,0,0,0,0,0,8.804478617285838e-05,False,False,False,False
study15_s77_llama1b_kv5120_cap12-11_balanced_stagger_baseline,llama1b,5120,12,77,balanced,stagger,baseline,5,128,512,0.04393496500051697,7.2954697940003825,0.10119375399881392,0,0,0,0,0,0,7.674436179794242e-05,False,False,False,False
