trial,model,slots,cap,seed,mix,arrival,policy,index,input,output,ttft,completion,max_gap,evictions,replay,wait_s,max_wait_s,wait_covered_gt1_gaps_s,total_gt1_gaps_s,lateness_s,gap_gt_0.5,gap_gt_1,gap_gt_2,gap_gt_5
study00_a1_s23_qwen1.5b_kv3072_cap6-00_generation_burst_adaptive,qwen1.5b,3072,6,23,generation,burst,adaptive,5,128,64,0.08305132099985713,1.1485692699998253,0.018969691000165767,0,0,0,0,0,0,7.395300008283812e-05,False,False,False,False
study00_a1_s23_qwen1.5b_kv3072_cap6-00_generation_burst_adaptive,qwen1.5b,3072,6,23,generation,burst,adaptive,6,512,64,1.1956960620000245,2.2812020020001,0.01942775400038954,0,0,0,0,0,0,7.749600008533086e-05,False,False,False,False
study00_a1_s23_qwen1.5b_kv3072_cap6-00_generation_burst_adaptive,qwen1.5b,3072,6,23,generation,burst,adaptive,7,128,64,2.2786240529999304,3.36282865999965,0.01972568900009719,0,0,0,0,0,0,0.00012544600022007524,False,False,False,False
study00_a1_s23_qwen1.5b_kv3072_cap6-00_generation_burst_adaptive,qwen1.5b,3072,6,23,generation,burst,adaptive,0,512,256,0.08896257400010654,4.71938252200016,0.08214931599968622,0,0,0,0,0,0,0.0003497540001262678,False,False,False,False
study00_a1_s23_qwen1.5b_kv3072_cap6-00_generation_burst_adaptive,qwen1.5b,3072,6,23,generation,burst,adaptive,4,128,256,0.08199758199998541,4.710198279999986,0.11751953600014531,0,0,0,0,0,0,9.310600016759762e-05,False,False,False,False
study00_a1_s23_qwen1.5b_kv3072_cap6-00_generation_burst_adaptive,qwen1.5b,3072,6,23,generation,burst,adaptive,8,512,256,3.4148498700001255,8.11196159300016,0.35410303199978443,1,552,0.23661140900003375,0.23661140900003375,0,0,0.00017049900006893548,False,False,False,False
study00_a1_s23_qwen1.5b_kv3072_cap6-00_generation_burst_adaptive,qwen1.5b,3072,6,23,generation,burst,adaptive,9,256,256,4.405918789000225,9.720742886000153,0.967067772000064,1,418,0.8991239080000923,0.8991239080000923,0,0,7.695799995416364e-05,True,False,False,False
study00_a1_s23_qwen1.5b_kv3072_cap6-00_generation_burst_adaptive,qwen1.5b,3072,6,23,generation,burst,adaptive,1,256,768,0.11237190900010319,13.599614773999747,0.11769576000006055,0,0,0,0,0,0,8.604300019214584e-05,False,False,False,False
study00_a1_s23_qwen1.5b_kv3072_cap6-00_generation_burst_adaptive,qwen1.5b,3072,6,23,generation,burst,adaptive,2,256,768,0.11667071300007592,13.569263613000203,0.11769431700031419,0,0,0,0,0,0,9.369899989905561e-05,False,False,False,False
study00_a1_s23_qwen1.5b_kv3072_cap6-00_generation_burst_adaptive,qwen1.5b,3072,6,23,generation,burst,adaptive,3,128,768,0.10097187900009885,13.60524571399992,0.11769122900022921,0,0,0,0,0,0,0.00013261100011729976,False,False,False,False
study00_a1_s23_qwen1.5b_kv3072_cap6-00_generation_burst_adaptive,qwen1.5b,3072,6,23,generation,burst,adaptive,11,256,64,13.258421310999893,14.313689001999592,0.02005925700041189,0,0,0,0,0,0,9.17930003196954e-05,False,False,False,False
study00_a1_s23_qwen1.5b_kv3072_cap6-00_generation_burst_adaptive,qwen1.5b,3072,6,23,generation,burst,adaptive,10,512,768,13.255201225999826,26.636344671000188,0.05326144300033775,0,0,0,0,0,0,0.000124480000067706,False,False,False,False
study00_a1_s23_qwen1.5b_kv3072_cap6-01_generation_stagger_fixed_resume,qwen1.5b,3072,6,23,generation,stagger,fixed_resume,0,512,256,0.08557264499995654,4.587933008999698,0.05183251000016753,0,0,0,0,0,0,0.00021731000015279278,False,False,False,False
study00_a1_s23_qwen1.5b_kv3072_cap6-01_generation_stagger_fixed_resume,qwen1.5b,3072,6,23,generation,stagger,fixed_resume,5,128,64,0.061132575999636174,1.1515854579997722,0.02397005100010574,0,0,0,0,0,0,0.0002664191751389211,False,False,False,False
study00_a1_s23_qwen1.5b_kv3072_cap6-01_generation_stagger_fixed_resume,qwen1.5b,3072,6,23,generation,stagger,fixed_resume,4,128,256,0.054694366000148875,4.491595017999771,0.029427187999772286,0,0,0,0,0,0,7.72196840337358e-05,False,False,False,False
study00_a1_s23_qwen1.5b_kv3072_cap6-01_generation_stagger_fixed_resume,qwen1.5b,3072,6,23,generation,stagger,fixed_resume,1,256,768,0.0894493800001328,13.82613981700024,0.04845978799994555,0,0,0,0,0,0,8.710214161472551e-05,False,False,False,False
study00_a1_s23_qwen1.5b_kv3072_cap6-01_generation_stagger_fixed_resume,qwen1.5b,3072,6,23,generation,stagger,fixed_resume,2,256,768,0.09009851599967078,13.786127198000031,0.03831060600032288,0,0,0,0,0,0,0.00011246703508949185,False,False,False,False
study00_a1_s23_qwen1.5b_kv3072_cap6-01_generation_stagger_fixed_resume,qwen1.5b,3072,6,23,generation,stagger,fixed_resume,7,128,64,7.711286995000137,8.808295022000038,0.025199928999882104,0,0,0,0,0,0,0.00022849716881978566,False,False,False,False
study00_a1_s23_qwen1.5b_kv3072_cap6-01_generation_stagger_fixed_resume,qwen1.5b,3072,6,23,generation,stagger,fixed_resume,6,512,64,8.45296776000032,9.550346785000329,0.02487866599994959,0,0,0,0,0,0,8.084427187959875e-05,False,False,False,False
study00_a1_s23_qwen1.5b_kv3072_cap6-01_generation_stagger_fixed_resume,qwen1.5b,3072,6,23,generation,stagger,fixed_resume,3,128,768,0.0640365319995908,13.994284055999742,0.16964592800013634,0,0,0,0,0,0,0.00010436502743393916,False,False,False,False
study00_a1_s23_qwen1.5b_kv3072_cap6-01_generation_stagger_fixed_resume,qwen1.5b,3072,6,23,generation,stagger,fixed_resume,11,256,64,4.341225918999953,5.445214122999914,0.02316030000019964,0,0,0,0,0,0,9.239405799021938e-05,False,False,False,False
study00_a1_s23_qwen1.5b_kv3072_cap6-01_generation_stagger_fixed_resume,qwen1.5b,3072,6,23,generation,stagger,fixed_resume,8,512,256,7.108005280999805,11.67238915400003,0.11886222899966015,0,0,0,0,0,0,7.430068998992567e-05,False,False,False,False
study00_a1_s23_qwen1.5b_kv3072_cap6-01_generation_stagger_fixed_resume,qwen1.5b,3072,6,23,generation,stagger,fixed_resume,9,256,256,8.106466480000108,12.60344113500014,0.11896474000013768,0,0,0,0,0,0,0.0001062469845125591,False,False,False,False
study00_a1_s23_qwen1.5b_kv3072_cap6-01_generation_stagger_fixed_resume,qwen1.5b,3072,6,23,generation,stagger,fixed_resume,10,512,768,7.173930831999769,20.09218580300012,0.02741112300009263,0,0,0,0,0,0,6.975403191233909e-05,False,False,False,False
study00_a1_s23_qwen1.5b_kv3072_cap6-02_generation_burst_fixed,qwen1.5b,3072,6,23,generation,burst,fixed,5,128,64,0.07811087399977623,1.1572637429999304,0.019925180999962322,0,0,0,0,0,0,8.068900024227332e-05,False,False,False,False
study00_a1_s23_qwen1.5b_kv3072_cap6-02_generation_burst_fixed,qwen1.5b,3072,6,23,generation,burst,fixed,0,512,256,0.08054866999964361,4.573593940999672,0.05465232599999581,0,0,0,0,0,0,0.0001371970001855516,False,False,False,False
study00_a1_s23_qwen1.5b_kv3072_cap6-02_generation_burst_fixed,qwen1.5b,3072,6,23,generation,burst,fixed,4,128,256,0.09542325200027335,4.475284808000197,0.032654833999913535,0,0,0,0,0,0,0.00018782199986161485,False,False,False,False
study00_a1_s23_qwen1.5b_kv3072_cap6-02_generation_burst_fixed,qwen1.5b,3072,6,23,generation,burst,fixed,7,128,64,4.444397664000007,5.518389930000012,0.020869684999979654,0,0,0,0,0,0,7.849100020390631e-05,False,False,False,False
study00_a1_s23_qwen1.5b_kv3072_cap6-02_generation_burst_fixed,qwen1.5b,3072,6,23,generation,burst,fixed,6,512,64,4.494454928999858,5.569002822999664,0.020862409000073967,0,0,0,0,0,0,0.00010561100016270863,False,False,False,False
study00_a1_s23_qwen1.5b_kv3072_cap6-02_generation_burst_fixed,qwen1.5b,3072,6,23,generation,burst,fixed,1,256,768,0.10336166700017202,13.327666566000062,0.10009338200006823,0,0,0,0,0,0,0.00012626999996427635,False,False,False,False
study00_a1_s23_qwen1.5b_kv3072_cap6-02_generation_burst_fixed,qwen1.5b,3072,6,23,generation,burst,fixed,2,256,768,0.12622163000014552,13.31125093699984,0.09989778799990745,0,0,0,0,0,0,0.00013135500003044753,False,False,False,False
study00_a1_s23_qwen1.5b_kv3072_cap6-02_generation_burst_fixed,qwen1.5b,3072,6,23,generation,burst,fixed,3,128,768,0.11154533099988839,13.27988877000007,0.09989155300036145,0,0,0,0,0,0,7.705400012125718e-05,False,False,False,False
study00_a1_s23_qwen1.5b_kv3072_cap6-02_generation_burst_fixed,qwen1.5b,3072,6,23,generation,burst,fixed,11,256,64,13.112968835000174,14.175320262000241,0.01992616799998359,0,0,0,0,0,0,0.00012996999994352443,False,False,False,False
study00_a1_s23_qwen1.5b_kv3072_cap6-02_generation_burst_fixed,qwen1.5b,3072,6,23,generation,burst,fixed,8,512,256,13.138526407999962,17.563180460999774,0.1242873259998305,0,0,0,0,0,0,6.720600013065958e-05,False,False,False,False
study00_a1_s23_qwen1.5b_kv3072_cap6-02_generation_burst_fixed,qwen1.5b,3072,6,23,generation,burst,fixed,9,256,256,13.088607842999863,17.5133173600002,0.12442183800021667,0,0,0,0,0,0,0.00011681699998006279,False,False,False,False
study00_a1_s23_qwen1.5b_kv3072_cap6-02_generation_burst_fixed,qwen1.5b,3072,6,23,generation,burst,fixed,10,512,768,13.162879763999626,26.226975000999573,0.030754396000247652,0,0,0,0,0,0,0.0001423940002496238,False,False,False,False
study00_a1_s23_qwen1.5b_kv3072_cap6-03_generation_burst_baseline,qwen1.5b,3072,6,23,generation,burst,baseline,5,128,64,0.09445985299998938,1.2349484839996876,0.02262695999979769,0,0,0,0,0,0,0.00014394700019693119,False,False,False,False
study00_a1_s23_qwen1.5b_kv3072_cap6-03_generation_burst_baseline,qwen1.5b,3072,6,23,generation,burst,baseline,6,512,64,1.2885491249999177,2.4012886049999906,0.024140657000316423,0,0,0,0,0,0,9.414999994983297e-05,False,False,False,False
study00_a1_s23_qwen1.5b_kv3072_cap6-03_generation_burst_baseline,qwen1.5b,3072,6,23,generation,burst,baseline,7,128,64,2.4009412350001185,3.486965833999875,0.020524734999980865,0,0,0,0,0,0,9.750600011099175e-05,False,False,False,False
study00_a1_s23_qwen1.5b_kv3072_cap6-03_generation_burst_baseline,qwen1.5b,3072,6,23,generation,burst,baseline,0,512,256,0.08935893199986822,4.872836835999806,0.08382162799989601,0,0,0,0,0,0,9.162100013782037e-05,False,False,False,False
study00_a1_s23_qwen1.5b_kv3072_cap6-03_generation_burst_baseline,qwen1.5b,3072,6,23,generation,burst,baseline,4,128,256,0.1100318500002686,4.8608450199999425,0.11444492400005402,0,0,0,0,0,0,9.364799989269867e-05,False,False,False,False
study00_a1_s23_qwen1.5b_kv3072_cap6-03_generation_burst_baseline,qwen1.5b,3072,6,23,generation,burst,baseline,8,512,256,3.5373675300002105,8.335800818999815,0.36494702199979656,1,553,0.2465246599999773,0.2465246599999773,0,0,8.518800004819749e-05,False,False,False,False
study00_a1_s23_qwen1.5b_kv3072_cap6-03_generation_burst_baseline,qwen1.5b,3072,6,23,generation,burst,baseline,9,256,256,4.557902493000256,9.939575790000163,0.951752831000249,1,418,0.886033340999802,0.886033340999802,0,0,9.433399991393143e-05,True,False,False,False
study00_a1_s23_qwen1.5b_kv3072_cap6-03_generation_burst_baseline,qwen1.5b,3072,6,23,generation,burst,baseline,1,256,768,0.12284275100000741,13.915394306000053,0.11410500500005583,0,0,0,0,0,0,0.0001298210001550587,False,False,False,False
study00_a1_s23_qwen1.5b_kv3072_cap6-03_generation_burst_baseline,qwen1.5b,3072,6,23,generation,burst,baseline,2,256,768,0.13164735099962854,13.884587413999725,0.11409071500020218,0,0,0,0,0,0,0.00010089200022775358,False,False,False,False
study00_a1_s23_qwen1.5b_kv3072_cap6-03_generation_burst_baseline,qwen1.5b,3072,6,23,generation,burst,baseline,3,128,768,0.1196973229998548,13.954945581000175,0.12014610899996114,0,0,0,0,0,0,0.00010032000009230213,False,False,False,False
study00_a1_s23_qwen1.5b_kv3072_cap6-03_generation_burst_baseline,qwen1.5b,3072,6,23,generation,burst,baseline,11,256,64,13.55488855700014,14.612763807000192,0.01957764300004783,0,0,0,0,0,0,0.00011053299995178456,False,False,False,False
study00_a1_s23_qwen1.5b_kv3072_cap6-03_generation_burst_baseline,qwen1.5b,3072,6,23,generation,burst,baseline,10,512,768,4.66590178100023,25.034518812999977,4.558934614000009,2,1149,7.372402024000166,4.4711557850000645,7.335453708999921,7.584285753000131,9.627700001146877e-05,True,True,True,False
study00_a1_s23_qwen1.5b_kv3072_cap6-04_generation_stagger_adaptive_resume,qwen1.5b,3072,6,23,generation,stagger,adaptive_resume,0,512,256,0.07802391400036868,4.526357602000189,0.05177404599999136,0,0,0,0,0,0,0.00024173099973268108,False,False,False,False
study00_a1_s23_qwen1.5b_kv3072_cap6-04_generation_stagger_adaptive_resume,qwen1.5b,3072,6,23,generation,stagger,adaptive_resume,5,128,64,0.06447605199991813,1.2089093600002343,0.08566036000001986,0,0,0,0,0,0,8.021417482062532e-05,False,False,False,False
study00_a1_s23_qwen1.5b_kv3072_cap6-04_generation_stagger_adaptive_resume,qwen1.5b,3072,6,23,generation,stagger,adaptive_resume,6,512,64,0.1235051589997056,1.2177506739999444,0.030329332999826875,0,0,0,0,0,0,7.854027214371229e-05,False,False,False,False
study00_a1_s23_qwen1.5b_kv3072_cap6-04_generation_stagger_adaptive_resume,qwen1.5b,3072,6,23,generation,stagger,adaptive_resume,7,128,64,0.06489558799967199,1.2159798769998815,0.08659914999998364,0,0,0,0,0,0,7.966016895011307e-05,False,False,False,False
study00_a1_s23_qwen1.5b_kv3072_cap6-04_generation_stagger_adaptive_resume,qwen1.5b,3072,6,23,generation,stagger,adaptive_resume,4,128,256,0.052865940000174305,4.657054346000223,0.08664152699975602,0,0,0,0,0,0,9.154868392968751e-05,False,False,False,False
study00_a1_s23_qwen1.5b_kv3072_cap6-04_generation_stagger_adaptive_resume,qwen1.5b,3072,6,23,generation,stagger,adaptive_resume,1,256,768,0.08271868299971175,13.490593525999884,0.0864087519998975,0,0,0,0,0,0,0.00011459314192469039,False,False,False,False
study00_a1_s23_qwen1.5b_kv3072_cap6-04_generation_stagger_adaptive_resume,qwen1.5b,3072,6,23,generation,stagger,adaptive_resume,2,256,768,0.0786475749996498,13.597798026999953,0.15207609999970373,0,0,0,0,0,0,0.00012025703501639118,False,False,False,False
study00_a1_s23_qwen1.5b_kv3072_cap6-04_generation_stagger_adaptive_resume,qwen1.5b,3072,6,23,generation,stagger,adaptive_resume,8,512,256,0.1139851699999781,7.466233353999996,2.8426024030000008,1,711,2.68935779200001,2.68935779200001,2.671441762000086,2.8426024030000008,9.098169002363932e-05,True,True,True,False
study00_a1_s23_qwen1.5b_kv3072_cap6-04_generation_stagger_adaptive_resume,qwen1.5b,3072,6,23,generation,stagger,adaptive_resume,11,256,64,2.599856913000167,3.683238005000021,0.019514548999723047,0,0,0,0,0,0,8.563505761927104e-05,False,False,False,False
study00_a1_s23_qwen1.5b_kv3072_cap6-04_generation_stagger_adaptive_resume,qwen1.5b,3072,6,23,generation,stagger,adaptive_resume,3,128,768,0.061401632000070094,13.714471804999903,0.15219570799990834,0,0,0,0,0,0,0.00017449302704042324,False,False,False,False
study00_a1_s23_qwen1.5b_kv3072_cap6-04_generation_stagger_adaptive_resume,qwen1.5b,3072,6,23,generation,stagger,adaptive_resume,9,256,256,0.5165859909998289,9.709867027999735,4.208487223999782,2,580,4.548165338000217,4.056559550000202,4.037461165999957,4.208487223999782,0.00013389298454757892,True,True,True,False
study00_a1_s23_qwen1.5b_kv3072_cap6-04_generation_stagger_adaptive_resume,qwen1.5b,3072,6,23,generation,stagger,adaptive_resume,10,512,768,4.730088519999754,17.749946200000068,0.05250025200029995,0,0,0,0,0,0,8.309103183989919e-05,False,False,False,False
study00_a1_s23_qwen1.5b_kv3072_cap6-05_generation_burst_fixed_resume,qwen1.5b,3072,6,23,generation,burst,fixed_resume,5,128,64,0.07470377799972994,1.187923703999786,0.021187078999901132,0,0,0,0,0,0,7.691000018894556e-05,False,False,False,False
study00_a1_s23_qwen1.5b_kv3072_cap6-05_generation_burst_fixed_resume,qwen1.5b,3072,6,23,generation,burst,fixed_resume,0,512,256,0.08005111200009196,4.7572837020002225,0.06318270700012363,0,0,0,0,0,0,0.00019242000007579918,False,False,False,False
study00_a1_s23_qwen1.5b_kv3072_cap6-05_generation_burst_fixed_resume,qwen1.5b,3072,6,23,generation,burst,fixed_resume,4,128,256,0.08851717400011694,4.6673929559997305,0.035667292999733036,0,0,0,0,0,0,0.00010884900011659537,False,False,False,False
study00_a1_s23_qwen1.5b_kv3072_cap6-05_generation_burst_fixed_resume,qwen1.5b,3072,6,23,generation,burst,fixed_resume,6,512,64,4.695647715999712,5.841770548000113,0.023790608000126667,0,0,0,0,0,0,9.481800016142294e-05,False,False,False,False
study00_a1_s23_qwen1.5b_kv3072_cap6-05_generation_burst_fixed_resume,qwen1.5b,3072,6,23,generation,burst,fixed_resume,7,128,64,4.64579031600033,5.79219501300031,0.024019233000217355,0,0,0,0,0,0,6.991299997022304e-05,False,False,False,False
study00_a1_s23_qwen1.5b_kv3072_cap6-05_generation_burst_fixed_resume,qwen1.5b,3072,6,23,generation,burst,fixed_resume,1,256,768,0.1034030169998914,13.644905397999992,0.10850927899991802,0,0,0,0,0,0,0.00012199200018585266,False,False,False,False
study00_a1_s23_qwen1.5b_kv3072_cap6-05_generation_burst_fixed_resume,qwen1.5b,3072,6,23,generation,burst,fixed_resume,2,256,768,0.13532169400014027,13.617055673999857,0.10812547499972425,0,0,0,0,0,0,0.00018002600008912295,False,False,False,False
study00_a1_s23_qwen1.5b_kv3072_cap6-05_generation_burst_fixed_resume,qwen1.5b,3072,6,23,generation,burst,fixed_resume,3,128,768,0.08520691600006103,13.56742956700009,0.10856130999991365,0,0,0,0,0,0,0.00013977099988549124,False,False,False,False
study00_a1_s23_qwen1.5b_kv3072_cap6-05_generation_burst_fixed_resume,qwen1.5b,3072,6,23,generation,burst,fixed_resume,11,256,64,13.391194068000004,14.459831362999921,0.02057164300003933,0,0,0,0,0,0,8.737100024514e-05,False,False,False,False
study00_a1_s23_qwen1.5b_kv3072_cap6-05_generation_burst_fixed_resume,qwen1.5b,3072,6,23,generation,burst,fixed_resume,8,512,256,13.541326574999857,17.871773534999647,0.020352667999759433,0,0,0,0,0,0,0.00015392800023616982,False,False,False,False
study00_a1_s23_qwen1.5b_kv3072_cap6-05_generation_burst_fixed_resume,qwen1.5b,3072,6,23,generation,burst,fixed_resume,9,256,256,13.4913433669999,17.82228231299996,0.02046861799999533,0,0,0,0,0,0,6.580200015376958e-05,False,False,False,False
study00_a1_s23_qwen1.5b_kv3072_cap6-05_generation_burst_fixed_resume,qwen1.5b,3072,6,23,generation,burst,fixed_resume,10,512,768,13.441077038999993,26.365546777999953,0.02126033699960317,0,0,0,0,0,0,8.498900024278555e-05,False,False,False,False
study00_a1_s23_qwen1.5b_kv3072_cap6-06_generation_stagger_baseline,qwen1.5b,3072,6,23,generation,stagger,baseline,0,512,256,0.07647986499978288,4.509897993999857,0.05149952300007499,0,0,0,0,0,0,0.0003601500002332614,False,False,False,False
study00_a1_s23_qwen1.5b_kv3072_cap6-06_generation_stagger_baseline,qwen1.5b,3072,6,23,generation,stagger,baseline,5,128,64,0.06293524399961825,1.2299517950000336,0.08745081699998991,0,0,0,0,0,0,9.90021753093373e-05,False,False,False,False
study00_a1_s23_qwen1.5b_kv3072_cap6-06_generation_stagger_baseline,qwen1.5b,3072,6,23,generation,stagger,baseline,6,512,64,0.12623904400015817,1.2529225850003058,0.028581631999713863,0,0,0,0,0,0,7.287627201613134e-05,False,False,False,False
study00_a1_s23_qwen1.5b_kv3072_cap6-06_generation_stagger_baseline,qwen1.5b,3072,6,23,generation,stagger,baseline,7,128,64,0.05714967100038848,1.2525418840000384,0.08373982800003432,0,0,0,0,0,0,7.37361688436522e-05,False,False,False,False
study00_a1_s23_qwen1.5b_kv3072_cap6-06_generation_stagger_baseline,qwen1.5b,3072,6,23,generation,stagger,baseline,4,128,256,0.06506686200009426,4.700015798000095,0.08723168599999553,0,0,0,0,0,0,7.266668398031584e-05,False,False,False,False
study00_a1_s23_qwen1.5b_kv3072_cap6-06_generation_stagger_baseline,qwen1.5b,3072,6,23,generation,stagger,baseline,1,256,768,0.07653419000007489,13.574387790999936,0.08738978699966538,0,0,0,0,0,0,8.233714198430109e-05,False,False,False,False
study00_a1_s23_qwen1.5b_kv3072_cap6-06_generation_stagger_baseline,qwen1.5b,3072,6,23,generation,stagger,baseline,2,256,768,0.0870071099998313,13.703518019000057,0.15174835300013,0,0,0,0,0,0,7.196403505294047e-05,False,False,False,False
study00_a1_s23_qwen1.5b_kv3072_cap6-06_generation_stagger_baseline,qwen1.5b,3072,6,23,generation,stagger,baseline,8,512,256,0.11578535499984355,7.537538274999861,2.846286351999879,1,714,2.69270754199988,2.69270754199988,2.6742651579997982,2.846286351999879,0.00016540869009595838,True,True,True,False
study00_a1_s23_qwen1.5b_kv3072_cap6-06_generation_stagger_baseline,qwen1.5b,3072,6,23,generation,stagger,baseline,11,256,64,2.0324749730002623,3.1137306499999795,0.019074750000072527,0,0,0,0,0,0,7.214805791377898e-05,False,False,False,False
study00_a1_s23_qwen1.5b_kv3072_cap6-06_generation_stagger_baseline,qwen1.5b,3072,6,23,generation,stagger,baseline,3,128,768,0.056036571000277036,13.773794930999884,0.15163675599978887,0,0,0,0,0,0,8.003802731471055e-05,False,False,False,False
study00_a1_s23_qwen1.5b_kv3072_cap6-06_generation_stagger_baseline,qwen1.5b,3072,6,23,generation,stagger,baseline,9,256,256,0.5518884220000473,9.72591686099986,4.23106703700023,2,585,4.542286475999845,4.075874420999753,4.058989666999878,4.23106703700023,0.00012848898485362525,True,True,True,False
study00_a1_s23_qwen1.5b_kv3072_cap6-06_generation_stagger_baseline,qwen1.5b,3072,6,23,generation,stagger,baseline,10,512,768,4.865103090000048,17.754713513000297,0.021932165999714925,0,0,0,0,0,0,7.169103189141879e-05,False,False,False,False
study00_a1_s23_qwen1.5b_kv3072_cap6-07_generation_stagger_adaptive,qwen1.5b,3072,6,23,generation,stagger,adaptive,0,512,256,0.0873453750000408,4.521656492999682,0.05315747199983889,0,0,0,0,0,0,0.0001239190000887902,False,False,False,False
study00_a1_s23_qwen1.5b_kv3072_cap6-07_generation_stagger_adaptive,qwen1.5b,3072,6,23,generation,stagger,adaptive,5,128,64,0.06375658200022372,1.2216862830000537,0.08297536300005959,0,0,0,0,0,0,0.00015813717475587907,False,False,False,False
study00_a1_s23_qwen1.5b_kv3072_cap6-07_generation_stagger_adaptive,qwen1.5b,3072,6,23,generation,stagger,adaptive,6,512,64,0.11670656199976293,1.2256883949999064,0.030194037000001117,0,0,0,0,0,0,8.219727212299688e-05,False,False,False,False
study00_a1_s23_qwen1.5b_kv3072_cap6-07_generation_stagger_adaptive,qwen1.5b,3072,6,23,generation,stagger,adaptive,7,128,64,0.06494183099994189,1.2258240360001764,0.0856401519999963,0,0,0,0,0,0,6.858416875843432e-05,False,False,False,False
study00_a1_s23_qwen1.5b_kv3072_cap6-07_generation_stagger_adaptive,qwen1.5b,3072,6,23,generation,stagger,adaptive,4,128,256,0.06022263499971814,4.661450834999869,0.08543792199998279,0,0,0,0,0,0,8.034868413986374e-05,False,False,False,False
study00_a1_s23_qwen1.5b_kv3072_cap6-07_generation_stagger_adaptive,qwen1.5b,3072,6,23,generation,stagger,adaptive,1,256,768,0.08672318699973403,13.5481201839998,0.08542800000032003,0,0,0,0,0,0,7.44901417507049e-05,False,False,False,False
study00_a1_s23_qwen1.5b_kv3072_cap6-07_generation_stagger_adaptive,qwen1.5b,3072,6,23,generation,stagger,adaptive,2,256,768,0.08542762500019307,13.514403998000034,0.08533761900025638,0,0,0,0,0,0,0.00013717703479632082,False,False,False,False
study00_a1_s23_qwen1.5b_kv3072_cap6-07_generation_stagger_adaptive,qwen1.5b,3072,6,23,generation,stagger,adaptive,8,512,256,0.12295522700014772,7.857508372000211,3.2429641660000925,1,712,3.008365093000066,3.008365093000066,2.990624922999814,3.2429641660000925,0.0002448546898410342,True,True,True,False
study00_a1_s23_qwen1.5b_kv3072_cap6-07_generation_stagger_adaptive,qwen1.5b,3072,6,23,generation,stagger,adaptive,3,128,768,0.06680022000000463,13.812437391000003,0.2324883419996695,0,0,0,0,0,0,0.00013410202718366904,False,False,False,False
study00_a1_s23_qwen1.5b_kv3072_cap6-07_generation_stagger_adaptive,qwen1.5b,3072,6,23,generation,stagger,adaptive,11,256,64,2.992749862999972,4.087618764999661,0.020777319999979227,0,0,0,0,0,0,6.905405789225938e-05,False,False,False,False
study00_a1_s23_qwen1.5b_kv3072_cap6-07_generation_stagger_adaptive,qwen1.5b,3072,6,23,generation,stagger,adaptive,9,256,256,0.5258598770001299,10.131797692000418,4.628860348999751,2,583,4.863101096000264,4.394007791000149,4.376465860999815,4.628860348999751,8.756798423537049e-05,True,True,True,False
study00_a1_s23_qwen1.5b_kv3072_cap6-07_generation_stagger_adaptive,qwen1.5b,3072,6,23,generation,stagger,adaptive,10,512,768,4.7947903790000055,18.333398686000237,0.052704748999985895,0,0,0,0,0,0,9.760803156666498e-05,False,False,False,False
study00_a1_s23_qwen1.5b_kv3072_cap6-08_generation_burst_adaptive_resume,qwen1.5b,3072,6,23,generation,burst,adaptive_resume,5,128,64,0.07438609499968152,1.1763101149999784,0.02290524000000005,0,0,0,0,0,0,9.4376000106422e-05,False,False,False,False
study00_a1_s23_qwen1.5b_kv3072_cap6-08_generation_burst_adaptive_resume,qwen1.5b,3072,6,23,generation,burst,adaptive_resume,6,512,64,1.230080322000049,2.318863728999986,0.020002931999897555,0,0,0,0,0,0,8.074499983190542e-05,False,False,False,False
study00_a1_s23_qwen1.5b_kv3072_cap6-08_generation_burst_adaptive_resume,qwen1.5b,3072,6,23,generation,burst,adaptive_resume,7,128,64,2.3193658679997498,3.412482995999653,0.02161599999999453,0,0,0,0,0,0,9.767200017446465e-05,False,False,False,False
study00_a1_s23_qwen1.5b_kv3072_cap6-08_generation_burst_adaptive_resume,qwen1.5b,3072,6,23,generation,burst,adaptive_resume,0,512,256,0.08370886200009409,4.78927153900031,0.08412294700019629,0,0,0,0,0,0,0.00020883599972876254,False,False,False,False
study00_a1_s23_qwen1.5b_kv3072_cap6-08_generation_burst_adaptive_resume,qwen1.5b,3072,6,23,generation,burst,adaptive_resume,4,128,256,0.0901665609999327,4.777021462999983,0.1164551360002406,0,0,0,0,0,0,8.062099986999582e-05,False,False,False,False
study00_a1_s23_qwen1.5b_kv3072_cap6-08_generation_burst_adaptive_resume,qwen1.5b,3072,6,23,generation,burst,adaptive_resume,8,512,256,3.4579366309999386,8.20295421999981,0.35818477500015433,1,553,0.24086348999981055,0.24086348999981055,0,0,9.529300004940122e-05,False,False,False,False
study00_a1_s23_qwen1.5b_kv3072_cap6-08_generation_burst_adaptive_resume,qwen1.5b,3072,6,23,generation,burst,adaptive_resume,9,256,256,4.475211893000051,9.81998330999977,0.957563632000074,1,418,0.8901409189998049,0.8901409189998049,0,0,0.00011892499996973838,True,False,False,False
study00_a1_s23_qwen1.5b_kv3072_cap6-08_generation_burst_adaptive_resume,qwen1.5b,3072,6,23,generation,burst,adaptive_resume,1,256,768,0.11048309999978301,13.712831254999855,0.11661687800005893,0,0,0,0,0,0,0.0001292320000175068,False,False,False,False
study00_a1_s23_qwen1.5b_kv3072_cap6-08_generation_burst_adaptive_resume,qwen1.5b,3072,6,23,generation,burst,adaptive_resume,2,256,768,0.11914051499979905,13.682425779999903,0.11636347799958457,0,0,0,0,0,0,0.0001067510001121208,False,False,False,False
study00_a1_s23_qwen1.5b_kv3072_cap6-08_generation_burst_adaptive_resume,qwen1.5b,3072,6,23,generation,burst,adaptive_resume,3,128,768,0.10388858199985407,13.722857139000098,0.1161505660002149,0,0,0,0,0,0,8.725500001671715e-05,False,False,False,False
study00_a1_s23_qwen1.5b_kv3072_cap6-08_generation_burst_adaptive_resume,qwen1.5b,3072,6,23,generation,burst,adaptive_resume,11,256,64,13.377550479000092,14.503724784000042,0.03154173199982324,0,0,0,0,0,0,8.910600008671388e-05,False,False,False,False
study00_a1_s23_qwen1.5b_kv3072_cap6-08_generation_burst_adaptive_resume,qwen1.5b,3072,6,23,generation,burst,adaptive_resume,10,512,768,13.372824387000037,27.145485317999828,0.05464223499984655,0,0,0,0,0,0,7.740299997749389e-05,False,False,False,False
study00_a1_s23_qwen1.5b_kv3072_cap6-09_generation_stagger_fixed,qwen1.5b,3072,6,23,generation,stagger,fixed,0,512,256,0.09569324799986134,4.624214429999938,0.05959268200012957,0,0,0,0,0,0,0.00012505199993029237,False,False,False,False
study00_a1_s23_qwen1.5b_kv3072_cap6-09_generation_stagger_fixed,qwen1.5b,3072,6,23,generation,stagger,fixed,5,128,64,0.06292635499994503,1.1440685699999449,0.02042757699973663,0,0,0,0,0,0,7.486517499977197e-05,False,False,False,False
study00_a1_s23_qwen1.5b_kv3072_cap6-09_generation_stagger_fixed,qwen1.5b,3072,6,23,generation,stagger,fixed,4,128,256,0.05607112799998504,4.431080007999753,0.029498235000119166,0,0,0,0,0,0,0.00012284368402859513,False,False,False,False
study00_a1_s23_qwen1.5b_kv3072_cap6-09_generation_stagger_fixed,qwen1.5b,3072,6,23,generation,stagger,fixed,1,256,768,0.08817662699993889,13.376500944999862,0.05033810800023275,0,0,0,0,0,0,0.00010962914167028659,False,False,False,False
study00_a1_s23_qwen1.5b_kv3072_cap6-09_generation_stagger_fixed,qwen1.5b,3072,6,23,generation,stagger,fixed,2,256,768,0.0968371029998707,13.294348148000154,0.02993831699996008,0,0,0,0,0,0,8.072703469441667e-05,False,False,False,False
study00_a1_s23_qwen1.5b_kv3072_cap6-09_generation_stagger_fixed,qwen1.5b,3072,6,23,generation,stagger,fixed,7,128,64,7.226425195000047,8.312308802000189,0.019287451999844052,0,0,0,0,0,0,7.78371686749324e-05,False,False,False,False
study00_a1_s23_qwen1.5b_kv3072_cap6-09_generation_stagger_fixed,qwen1.5b,3072,6,23,generation,stagger,fixed,6,512,64,7.968161238999983,9.054016034999677,0.019140405999678478,0,0,0,0,0,0,0.00012185027205369181,False,False,False,False
study00_a1_s23_qwen1.5b_kv3072_cap6-09_generation_stagger_fixed,qwen1.5b,3072,6,23,generation,stagger,fixed,3,128,768,0.062243029000001115,13.470714230999874,0.17541910799991456,0,0,0,0,0,0,7.664202730373049e-05,False,False,False,False
study00_a1_s23_qwen1.5b_kv3072_cap6-09_generation_stagger_fixed,qwen1.5b,3072,6,23,generation,stagger,fixed,11,256,64,3.8165378040002906,4.8907739590003985,0.02022055499992348,0,0,0,0,0,0,0.00010805505744215793,False,False,False,False
study00_a1_s23_qwen1.5b_kv3072_cap6-09_generation_stagger_fixed,qwen1.5b,3072,6,23,generation,stagger,fixed,8,512,256,6.623451119000038,11.133754529999806,0.11652791100004833,0,0,0,0,0,0,0.00010987468985668158,False,False,False,False
study00_a1_s23_qwen1.5b_kv3072_cap6-09_generation_stagger_fixed,qwen1.5b,3072,6,23,generation,stagger,fixed,9,256,256,7.6126794560000235,12.061966408999979,0.11663110900008178,0,0,0,0,0,0,0.00019205298430069462,False,False,False,False
study00_a1_s23_qwen1.5b_kv3072_cap6-09_generation_stagger_fixed,qwen1.5b,3072,6,23,generation,stagger,fixed,10,512,768,6.64920881099988,19.589530563000153,0.02188986200008003,0,0,0,0,0,0,9.476103166150551e-05,False,False,False,False
study01_a1_s23_llama1b_kv3072_cap3-00_generation_stagger_baseline,llama1b,3072,3,23,generation,stagger,baseline,0,512,256,0.05770864300029643,3.5831654020003043,0.03765300399982152,0,0,0,0,0,0,0.00011004999987562769,False,False,False,False
study01_a1_s23_llama1b_kv3072_cap3-00_generation_stagger_baseline,llama1b,3072,3,23,generation,stagger,baseline,1,256,768,0.06375176899973667,10.66726307099998,0.03674213099975532,0,0,0,0,0,0,0.00014934314186537678,False,False,False,False
study01_a1_s23_llama1b_kv3072_cap3-00_generation_stagger_baseline,llama1b,3072,3,23,generation,stagger,baseline,2,256,768,0.05802209900002708,10.654012868999871,0.022238636999645678,0,0,0,0,0,0,0.00011827003511133416,False,False,False,False
study01_a1_s23_llama1b_kv3072_cap3-00_generation_stagger_baseline,llama1b,3072,3,23,generation,stagger,baseline,5,128,64,5.824573987000349,6.68494587000032,0.01571425400015869,0,0,0,0,0,0,8.103417478899644e-05,False,False,False,False
study01_a1_s23_llama1b_kv3072_cap3-00_generation_stagger_baseline,llama1b,3072,3,23,generation,stagger,baseline,6,512,64,6.105362960999628,6.970774420999987,0.015420582000388094,0,0,0,0,0,0,8.545427223971558e-05,False,False,False,False
study01_a1_s23_llama1b_kv3072_cap3-00_generation_stagger_baseline,llama1b,3072,3,23,generation,stagger,baseline,7,128,64,6.262834170000133,7.124215370000002,0.016226721999828442,0,0,0,0,0,0,0.00018755016893123866,False,False,False,False
study01_a1_s23_llama1b_kv3072_cap3-00_generation_stagger_baseline,llama1b,3072,3,23,generation,stagger,baseline,3,128,768,1.1147127279996312,11.820345231999909,0.06016055699956269,0,0,0,0,0,0,7.714902739897056e-05,False,False,False,False
study01_a1_s23_llama1b_kv3072_cap3-00_generation_stagger_baseline,llama1b,3072,3,23,generation,stagger,baseline,4,128,256,6.856209225999919,10.487382810999861,0.06020239700001184,0,0,0,0,0,0,0.0001114126839532048,False,False,False,False
study01_a1_s23_llama1b_kv3072_cap3-00_generation_stagger_baseline,llama1b,3072,3,23,generation,stagger,baseline,8,512,256,6.5961122530002285,10.219816334999905,0.05940585599955739,0,0,0,0,0,0,0.00017201468981120627,False,False,False,False
study01_a1_s23_llama1b_kv3072_cap3-00_generation_stagger_baseline,llama1b,3072,3,23,generation,stagger,baseline,9,256,256,6.849472288000015,10.486433691000002,0.05934589700018478,0,0,0,0,0,0,0.00011098298444967014,False,False,False,False
study01_a1_s23_llama1b_kv3072_cap3-00_generation_stagger_baseline,llama1b,3072,3,23,generation,stagger,baseline,11,256,64,5.334391242000038,6.240192051000122,0.018958427000143274,0,0,0,0,0,0,9.705205784271698e-05,False,False,False,False
study01_a1_s23_llama1b_kv3072_cap3-00_generation_stagger_baseline,llama1b,3072,3,23,generation,stagger,baseline,10,512,768,5.0991368380000495,16.456160420000288,0.037643002000095294,0,0,0,0,0,0,8.542003176614799e-05,False,False,False,False
study01_a1_s23_llama1b_kv3072_cap3-01_generation_burst_baseline,llama1b,3072,3,23,generation,burst,baseline,0,512,256,0.0656028910002533,3.5919600960000935,0.039266701999622455,0,0,0,0,0,0,0.0001301799998145725,False,False,False,False
study01_a1_s23_llama1b_kv3072_cap3-01_generation_burst_baseline,llama1b,3072,3,23,generation,burst,baseline,1,256,768,0.0684639630003403,10.635604703000354,0.03647033500010366,0,0,0,0,0,0,8.349599984285028e-05,False,False,False,False
study01_a1_s23_llama1b_kv3072_cap3-01_generation_burst_baseline,llama1b,3072,3,23,generation,burst,baseline,2,256,768,0.06968860500001028,10.622747356000218,0.024974300999929255,0,0,0,0,0,0,0.0001359619999675432,False,False,False,False
study01_a1_s23_llama1b_kv3072_cap3-01_generation_burst_baseline,llama1b,3072,3,23,generation,burst,baseline,5,128,64,10.509969430000183,11.371120233000056,0.015975755999988905,0,0,0,0,0,0,8.472699983030907e-05,False,False,False,False
study01_a1_s23_llama1b_kv3072_cap3-01_generation_burst_baseline,llama1b,3072,3,23,generation,burst,baseline,6,512,64,11.396144503999949,12.256568918000085,0.015229630000249017,0,0,0,0,0,0,0.00010013199989766797,False,False,False,False
study01_a1_s23_llama1b_kv3072_cap3-01_generation_burst_baseline,llama1b,3072,3,23,generation,burst,baseline,7,128,64,12.244108058000165,13.105413454999962,0.016157196999756707,0,0,0,0,0,0,9.774399986778315e-05,False,False,False,False
study01_a1_s23_llama1b_kv3072_cap3-01_generation_burst_baseline,llama1b,3072,3,23,generation,burst,baseline,3,128,768,3.4790204259998063,14.143904970000222,0.05986639499997182,0,0,0,0,0,0,8.334599997394943e-05,False,False,False,False
study01_a1_s23_llama1b_kv3072_cap3-01_generation_burst_baseline,llama1b,3072,3,23,generation,burst,baseline,4,128,256,10.52277333300026,14.14420483999993,0.059973207999973965,0,0,0,0,0,0,7.450699995387167e-05,False,False,False,False
study01_a1_s23_llama1b_kv3072_cap3-01_generation_burst_baseline,llama1b,3072,3,23,generation,burst,baseline,8,512,256,13.128581360000226,16.691831597000146,0.0646521489998122,0,0,0,0,0,0,8.271499982581698e-05,False,False,False,False
study01_a1_s23_llama1b_kv3072_cap3-01_generation_burst_baseline,llama1b,3072,3,23,generation,burst,baseline,9,256,256,13.894068188999881,17.48670208099975,0.06489135699985127,0,0,0,0,0,0,0.00011009800009559312,False,False,False,False
study01_a1_s23_llama1b_kv3072_cap3-01_generation_burst_baseline,llama1b,3072,3,23,generation,burst,baseline,11,256,64,16.59292649000008,17.481853983000292,0.024383451000176137,0,0,0,0,0,0,8.133799992715574e-05,False,False,False,False
study01_a1_s23_llama1b_kv3072_cap3-01_generation_burst_baseline,llama1b,3072,3,23,generation,burst,baseline,10,512,768,13.9234470399997,24.377389952999692,0.0348408519998884,0,0,0,0,0,0,0.00018381500012765173,False,False,False,False
study02_a1_s23_llama1b_kv3072_cap12-00_generation_burst_adaptive,llama1b,3072,12,23,generation,burst,adaptive,5,128,64,0.04228851300013048,1.0624009379998824,0.06216861099983362,0,0,0,0,0,0,9.70910000432923e-05,False,False,False,False
study02_a1_s23_llama1b_kv3072_cap12-00_generation_burst_adaptive,llama1b,3072,12,23,generation,burst,adaptive,6,512,64,0.08370917599995664,1.0554943619999904,0.06024095099974147,0,0,0,0,0,0,8.535400020259765e-05,False,False,False,False
study02_a1_s23_llama1b_kv3072_cap12-00_generation_burst_adaptive,llama1b,3072,12,23,generation,burst,adaptive,7,128,64,0.07260642900018865,1.081895017000079,0.060402754000278946,0,0,0,0,0,0,0.00017706400003586475,False,False,False,False
study02_a1_s23_llama1b_kv3072_cap12-00_generation_burst_adaptive,llama1b,3072,12,23,generation,burst,adaptive,0,512,256,0.05922031699992658,3.9620621649996792,0.06216964699979144,0,0,0,0,0,0,0.0001308280002376705,False,False,False,False
study02_a1_s23_llama1b_kv3072_cap12-00_generation_burst_adaptive,llama1b,3072,12,23,generation,burst,adaptive,4,128,256,0.04039307599987296,3.872095131000151,0.06205100999977731,0,0,0,0,0,0,9.410400007253683e-05,False,False,False,False
study02_a1_s23_llama1b_kv3072_cap12-00_generation_burst_adaptive,llama1b,3072,12,23,generation,burst,adaptive,8,512,256,0.09805817899996327,4.913790135999989,0.7766725229998883,2,1236,1.0178914820003229,0.6998672530003205,0,0,9.957300026142146e-05,True,False,False,False
study02_a1_s23_llama1b_kv3072_cap12-00_generation_burst_adaptive,llama1b,3072,12,23,generation,burst,adaptive,9,256,256,1.0383917009999095,7.398460299999897,2.7504013790003228,1,335,2.7183073539999896,2.7183073539999896,2.6989389059999667,2.7504013790003228,0.00013280000011944848,True,True,True,False
study02_a1_s23_llama1b_kv3072_cap12-00_generation_burst_adaptive,llama1b,3072,12,23,generation,burst,adaptive,1,256,768,0.06250664700019115,11.298620432000007,0.07356114399999569,0,0,0,0,0,0,0.00010446599999340556,False,False,False,False
study02_a1_s23_llama1b_kv3072_cap12-00_generation_burst_adaptive,llama1b,3072,12,23,generation,burst,adaptive,2,256,768,0.06401307100031772,11.274720837000132,0.07344338699977015,0,0,0,0,0,0,0.00020051399988005314,False,False,False,False
study02_a1_s23_llama1b_kv3072_cap12-00_generation_burst_adaptive,llama1b,3072,12,23,generation,burst,adaptive,3,128,768,0.05335144199989372,11.326847154999996,0.08872647999987748,0,0,0,0,0,0,0.00018739900006037313,False,False,False,False
study02_a1_s23_llama1b_kv3072_cap12-00_generation_burst_adaptive,llama1b,3072,12,23,generation,burst,adaptive,11,256,64,10.926798525999857,11.778863682000065,0.015555579000192665,0,0,0,0,0,0,8.506200010738318e-05,False,False,False,False
study02_a1_s23_llama1b_kv3072_cap12-00_generation_burst_adaptive,llama1b,3072,12,23,generation,burst,adaptive,10,512,768,10.977326041999731,21.950786524999785,0.044745846999830974,0,0,0,0,0,0,7.665400016776402e-05,False,False,False,False
study02_a1_s23_llama1b_kv3072_cap12-01_generation_stagger_adaptive_resume,llama1b,3072,12,23,generation,stagger,adaptive_resume,0,512,256,0.061213607999889064,3.7632616700002472,0.03814275200011252,0,0,0,0,0,0,0.0003128460002699285,False,False,False,False
study02_a1_s23_llama1b_kv3072_cap12-01_generation_stagger_adaptive_resume,llama1b,3072,12,23,generation,stagger,adaptive_resume,5,128,64,0.05533987099988735,0.9716231669999615,0.06267126200009443,0,0,0,0,0,0,8.643317544532181e-05,False,False,False,False
study02_a1_s23_llama1b_kv3072_cap12-01_generation_stagger_adaptive_resume,llama1b,3072,12,23,generation,stagger,adaptive_resume,6,512,64,0.08223449099978097,0.9626305059996412,0.02093954300016776,0,0,0,0,0,0,0.00010104327245308298,False,False,False,False
study02_a1_s23_llama1b_kv3072_cap12-01_generation_stagger_adaptive_resume,llama1b,3072,12,23,generation,stagger,adaptive_resume,4,128,256,0.04549802300016381,3.689740133000214,0.062482821000230615,0,0,0,0,0,0,7.380768419196215e-05,False,False,False,False
study02_a1_s23_llama1b_kv3072_cap12-01_generation_stagger_adaptive_resume,llama1b,3072,12,23,generation,stagger,adaptive_resume,7,128,64,0.042351200000211975,1.010595143000046,0.05981887900043148,0,0,0,0,0,0,8.652316913071445e-05,False,False,False,False
study02_a1_s23_llama1b_kv3072_cap12-01_generation_stagger_adaptive_resume,llama1b,3072,12,23,generation,stagger,adaptive_resume,1,256,768,0.06753515600030369,11.05062652100014,0.06263110300005792,0,0,0,0,0,0,7.524114199403131e-05,False,False,False,False
study02_a1_s23_llama1b_kv3072_cap12-01_generation_stagger_adaptive_resume,llama1b,3072,12,23,generation,stagger,adaptive_resume,2,256,768,0.06036591900010535,11.089234111999758,0.063402060000044,0,0,0,0,0,0,0.00011201803529037324,False,False,False,False
study02_a1_s23_llama1b_kv3072_cap12-01_generation_stagger_adaptive_resume,llama1b,3072,12,23,generation,stagger,adaptive_resume,8,512,256,0.08348993999970844,5.828559438999946,1.7431379820000075,2,1148,1.9874299289999726,1.6797053320001396,1.6643008830001236,1.7431379820000075,8.535769038253704e-05,True,True,False,False
study02_a1_s23_llama1b_kv3072_cap12-01_generation_stagger_adaptive_resume,llama1b,3072,12,23,generation,stagger,adaptive_resume,11,256,64,0.06768116700004612,0.9446642120001343,0.01630684499968993,0,0,0,0,0,0,0.00029136205793989234,False,False,False,False
study02_a1_s23_llama1b_kv3072_cap12-01_generation_stagger_adaptive_resume,llama1b,3072,12,23,generation,stagger,adaptive_resume,3,128,768,0.052050180999685836,11.062874003999696,0.06327648900014538,0,0,0,0,0,0,8.306402760061005e-05,False,False,False,False
study02_a1_s23_llama1b_kv3072_cap12-01_generation_stagger_adaptive_resume,llama1b,3072,12,23,generation,stagger,adaptive_resume,9,256,256,3.877869018999718,7.46489858599989,0.06145924200018271,0,0,0,0,0,0,7.059798498421088e-05,False,False,False,False
study02_a1_s23_llama1b_kv3072_cap12-01_generation_stagger_adaptive_resume,llama1b,3072,12,23,generation,stagger,adaptive_resume,10,512,768,2.1955251039998984,12.628127530999791,0.037616985000113345,0,0,0,0,0,0,8.403303233706083e-05,False,False,False,False
study02_a1_s23_llama1b_kv3072_cap12-02_balanced_stagger_baseline,llama1b,3072,12,23,balanced,stagger,baseline,3,512,64,0.10762523099992904,1.2878514760000144,0.07094017899999017,0,0,0,0,0,0,9.97039540808764e-05,False,False,False,False
study02_a1_s23_llama1b_kv3072_cap12-02_balanced_stagger_baseline,llama1b,3072,12,23,balanced,stagger,baseline,0,1024,256,0.10976267600017309,4.135564755999894,0.07078875900015191,0,0,0,0,0,0,0.00031416399997397093,False,False,False,False
study02_a1_s23_llama1b_kv3072_cap12-02_balanced_stagger_baseline,llama1b,3072,12,23,balanced,stagger,baseline,2,256,128,0.06886456100028227,2.291953100000228,0.07145022299982884,0,0,0,0,0,0,0.00011029991513078485,False,False,False,False
study02_a1_s23_llama1b_kv3072_cap12-02_balanced_stagger_baseline,llama1b,3072,12,23,balanced,stagger,baseline,4,512,128,0.10747443299987935,2.7367653669998617,0.6202855390001787,1,541,0.5640894000002845,0.5640894000002845,0,0,9.096611507786179e-05,True,False,False,False
study02_a1_s23_llama1b_kv3072_cap12-02_balanced_stagger_baseline,llama1b,3072,12,23,balanced,stagger,baseline,6,1024,128,0.14338279899993722,1.9666255759998421,0.062187716999687837,0,0,0,0,0,0,7.718161042902238e-05,False,False,False,False
study02_a1_s23_llama1b_kv3072_cap12-02_balanced_stagger_baseline,llama1b,3072,12,23,balanced,stagger,baseline,5,128,256,0.05241885600025853,3.8681572069999675,0.1140842340000745,0,0,0,0,0,0,9.978522293252468e-05,False,False,False,False
study02_a1_s23_llama1b_kv3072_cap12-02_balanced_stagger_baseline,llama1b,3072,12,23,balanced,stagger,baseline,1,256,512,0.06887133200007156,7.920046887999888,0.11441470399995524,0,0,0,0,0,0,8.686516149325474e-05,False,False,False,False
study02_a1_s23_llama1b_kv3072_cap12-02_balanced_stagger_baseline,llama1b,3072,12,23,balanced,stagger,baseline,7,512,256,0.08138432199984891,3.705798109999705,0.1143025060000582,0,0,0,0,0,0,0.00014089779339254704,False,False,False,False
study02_a1_s23_llama1b_kv3072_cap12-02_balanced_stagger_baseline,llama1b,3072,12,23,balanced,stagger,baseline,9,128,64,0.05314052099993205,0.9405033790003472,0.03449726999997438,0,0,0,0,0,0,9.850574580383409e-05,False,False,False,False
study02_a1_s23_llama1b_kv3072_cap12-02_balanced_stagger_baseline,llama1b,3072,12,23,balanced,stagger,baseline,11,128,64,0.052178436999838596,0.9302471159999186,0.016673290000198904,0,0,0,0,0,0,8.646769873976723e-05,False,False,False,False
study02_a1_s23_llama1b_kv3072_cap12-02_balanced_stagger_baseline,llama1b,3072,12,23,balanced,stagger,baseline,8,1024,512,0.13768246099971293,7.218203089999861,0.03477853200001846,0,0,0,0,0,0,0.00010006086660752089,False,False,False,False
study02_a1_s23_llama1b_kv3072_cap12-02_balanced_stagger_baseline,llama1b,3072,12,23,balanced,stagger,baseline,10,256,512,0.06107349300009446,7.081373339000038,0.02201518899983057,0,0,0,0,0,0,7.157396495216517e-05,False,False,False,False
study02_a1_s23_llama1b_kv3072_cap12-03_balanced_stagger_fixed_resume,llama1b,3072,12,23,balanced,stagger,fixed_resume,0,1024,256,0.11535424300018349,3.687153619000128,0.03900548899991918,0,0,0,0,0,0,0.000147943999763811,False,False,False,False
study02_a1_s23_llama1b_kv3072_cap12-03_balanced_stagger_fixed_resume,llama1b,3072,12,23,balanced,stagger,fixed_resume,2,256,128,0.05149229100015873,1.922342073999971,0.10963771300021108,0,0,0,0,0,0,0.0001044189150243291,False,False,False,False
study02_a1_s23_llama1b_kv3072_cap12-03_balanced_stagger_fixed_resume,llama1b,3072,12,23,balanced,stagger,fixed_resume,3,512,64,1.2958533109999735,2.184403552999811,0.02137331699987044,0,0,0,0,0,0,7.75189540465071e-05,False,False,False,False
study02_a1_s23_llama1b_kv3072_cap12-03_balanced_stagger_fixed_resume,llama1b,3072,12,23,balanced,stagger,fixed_resume,4,512,128,1.1893303410001863,2.962533232000169,0.021434808999856614,0,0,0,0,0,0,0.00011185911467848086,False,False,False,False
study02_a1_s23_llama1b_kv3072_cap12-03_balanced_stagger_fixed_resume,llama1b,3072,12,23,balanced,stagger,fixed_resume,6,1024,128,0.6928592259996549,2.4556263869999384,0.01860272299973076,0,0,0,0,0,0,8.356261024999867e-05,False,False,False,False
study02_a1_s23_llama1b_kv3072_cap12-03_balanced_stagger_fixed_resume,llama1b,3072,12,23,balanced,stagger,fixed_resume,5,128,256,0.043945370000074035,3.7371171670001786,0.11270994899996367,0,0,0,0,0,0,7.390822283426246e-05,False,False,False,False
study02_a1_s23_llama1b_kv3072_cap12-03_balanced_stagger_fixed_resume,llama1b,3072,12,23,balanced,stagger,fixed_resume,1,256,512,0.0582896509999955,7.430836174999968,0.11300913600007334,0,0,0,0,0,0,0.0001165501613381581,False,False,False,False
study02_a1_s23_llama1b_kv3072_cap12-03_balanced_stagger_fixed_resume,llama1b,3072,12,23,balanced,stagger,fixed_resume,7,512,256,1.4628604129998166,5.133082868000201,0.11222649000001184,0,0,0,0,0,0,6.766079301367967e-05,False,False,False,False
study02_a1_s23_llama1b_kv3072_cap12-03_balanced_stagger_fixed_resume,llama1b,3072,12,23,balanced,stagger,fixed_resume,9,128,64,0.05065327200009051,0.9757964000000356,0.033979822999754106,0,0,0,0,0,0,8.514974562245925e-05,False,False,False,False
study02_a1_s23_llama1b_kv3072_cap12-03_balanced_stagger_fixed_resume,llama1b,3072,12,23,balanced,stagger,fixed_resume,11,128,64,0.04745531500020661,0.9340741159999197,0.01929108600006657,0,0,0,0,0,0,0.0001073636983086601,False,False,False,False
study02_a1_s23_llama1b_kv3072_cap12-03_balanced_stagger_fixed_resume,llama1b,3072,12,23,balanced,stagger,fixed_resume,8,1024,512,1.235251135999988,8.408327400000417,0.03396398099994258,0,0,0,0,0,0,8.785986603498941e-05,False,False,False,False
study02_a1_s23_llama1b_kv3072_cap12-03_balanced_stagger_fixed_resume,llama1b,3072,12,23,balanced,stagger,fixed_resume,10,256,512,0.3262552070000311,7.352142771000217,0.02824813899997025,0,0,0,0,0,0,0.0001365069649281736,False,False,False,False
study02_a1_s23_llama1b_kv3072_cap12-04_balanced_burst_fixed_resume,llama1b,3072,12,23,balanced,burst,fixed_resume,3,512,64,0.11816396099993653,1.0015366999996331,0.018399437999960355,0,0,0,0,0,0,6.928000002515144e-05,False,False,False,False
study02_a1_s23_llama1b_kv3072_cap12-04_balanced_burst_fixed_resume,llama1b,3072,12,23,balanced,burst,fixed_resume,2,256,128,0.09020098500013773,1.9117171060001965,0.06092700299996068,0,0,0,0,0,0,8.106299983409726e-05,False,False,False,False
study02_a1_s23_llama1b_kv3072_cap12-04_balanced_burst_fixed_resume,llama1b,3072,12,23,balanced,burst,fixed_resume,0,1024,256,0.11368829599996388,3.81637469899988,0.06515397599969219,0,0,0,0,0,0,0.0002224559998467157,False,False,False,False
study02_a1_s23_llama1b_kv3072_cap12-04_balanced_burst_fixed_resume,llama1b,3072,12,23,balanced,burst,fixed_resume,4,512,128,1.8884400020001522,3.668571825000072,0.020566267000049265,0,0,0,0,0,0,0.00011300799978924969,False,False,False,False
study02_a1_s23_llama1b_kv3072_cap12-04_balanced_burst_fixed_resume,llama1b,3072,12,23,balanced,burst,fixed_resume,6,1024,128,3.6913358199999493,5.53975636999985,0.02385250299994368,0,0,0,0,0,0,9.917799998215848e-05,False,False,False,False
study02_a1_s23_llama1b_kv3072_cap12-04_balanced_burst_fixed_resume,llama1b,3072,12,23,balanced,burst,fixed_resume,5,128,256,3.6051427870002044,7.654217677999895,0.10789974200042707,0,0,0,0,0,0,8.760199989410467e-05,False,False,False,False
study02_a1_s23_llama1b_kv3072_cap12-04_balanced_burst_fixed_resume,llama1b,3072,12,23,balanced,burst,fixed_resume,1,256,512,0.1402543159997549,7.868815251999877,0.10780505599996104,0,0,0,0,0,0,0.00011035799998353191,False,False,False,False
study02_a1_s23_llama1b_kv3072_cap12-04_balanced_burst_fixed_resume,llama1b,3072,12,23,balanced,burst,fixed_resume,9,128,64,7.636933746000068,8.527678527000262,0.016863745000136987,0,0,0,0,0,0,7.959999975354348e-05,False,False,False,False
study02_a1_s23_llama1b_kv3072_cap12-04_balanced_burst_fixed_resume,llama1b,3072,12,23,balanced,burst,fixed_resume,7,512,256,5.560605454999859,9.54605830699984,0.15235270400035006,0,0,0,0,0,0,7.945799998193559e-05,False,False,False,False
study02_a1_s23_llama1b_kv3072_cap12-04_balanced_burst_fixed_resume,llama1b,3072,12,23,balanced,burst,fixed_resume,11,128,64,9.382641297000191,10.255783038000118,0.017680742999800714,0,0,0,0,0,0,8.336699984279328e-05,False,False,False,False
study02_a1_s23_llama1b_kv3072_cap12-04_balanced_burst_fixed_resume,llama1b,3072,12,23,balanced,burst,fixed_resume,10,256,512,7.587302894999993,14.632090796000284,0.021110141000008298,0,0,0,0,0,0,7.540399974459433e-05,False,False,False,False
study02_a1_s23_llama1b_kv3072_cap12-04_balanced_burst_fixed_resume,llama1b,3072,12,23,balanced,burst,fixed_resume,8,1024,512,7.6871989030000805,14.73236228099995,0.021091700999932073,0,0,0,0,0,0,8.235999994210541e-05,False,False,False,False
study02_a1_s23_llama1b_kv3072_cap12-05_balanced_stagger_fixed,llama1b,3072,12,23,balanced,stagger,fixed,0,1024,256,0.11596167100015009,3.6426511700001356,0.03659240299975863,0,0,0,0,0,0,0.00018556800023361575,False,False,False,False
study02_a1_s23_llama1b_kv3072_cap12-05_balanced_stagger_fixed,llama1b,3072,12,23,balanced,stagger,fixed,2,256,128,0.0665942890000224,1.9048066229997858,0.10843579899983524,0,0,0,0,0,0,8.17599154552262e-05,False,False,False,False
study02_a1_s23_llama1b_kv3072_cap12-05_balanced_stagger_fixed,llama1b,3072,12,23,balanced,stagger,fixed,3,512,64,1.2541182480003954,2.1295623740002156,0.021376822000092943,0,0,0,0,0,0,7.786695400424648e-05,False,False,False,False
study02_a1_s23_llama1b_kv3072_cap12-05_balanced_stagger_fixed,llama1b,3072,12,23,balanced,stagger,fixed,4,512,128,1.1476591800001188,2.904206391000116,0.02154312899983779,0,0,0,0,0,0,0.00012377111512407168,False,False,False,False
study02_a1_s23_llama1b_kv3072_cap12-05_balanced_stagger_fixed,llama1b,3072,12,23,balanced,stagger,fixed,6,1024,128,0.6271197189998929,2.3732304479999584,0.016721806000077777,0,0,0,0,0,0,8.224861050365462e-05,False,False,False,False
study02_a1_s23_llama1b_kv3072_cap12-05_balanced_stagger_fixed,llama1b,3072,12,23,balanced,stagger,fixed,5,128,256,0.04835904899982779,3.698249895999652,0.1047195690002809,0,0,0,0,0,0,8.164722330050722e-05,False,False,False,False
study02_a1_s23_llama1b_kv3072_cap12-05_balanced_stagger_fixed,llama1b,3072,12,23,balanced,stagger,fixed,1,256,512,0.06413979000035397,7.347895460000018,0.10831789000030767,0,0,0,0,0,0,0.00012166416137049385,False,False,False,False
study02_a1_s23_llama1b_kv3072_cap12-05_balanced_stagger_fixed,llama1b,3072,12,23,balanced,stagger,fixed,7,512,256,1.38222255699975,4.988067585999943,0.11482956800000466,0,0,0,0,0,0,8.40457934492278e-05,False,False,False,False
study02_a1_s23_llama1b_kv3072_cap12-05_balanced_stagger_fixed,llama1b,3072,12,23,balanced,stagger,fixed,9,128,64,0.040376882999680674,0.9587809919999017,0.03453161299967178,0,0,0,0,0,0,9.932574622695256e-05,False,False,False,False
study02_a1_s23_llama1b_kv3072_cap12-05_balanced_stagger_fixed,llama1b,3072,12,23,balanced,stagger,fixed,11,128,64,0.04558551299987812,0.9501245020001079,0.01980748500000118,0,0,0,0,0,0,7.508069865380662e-05,False,False,False,False
study02_a1_s23_llama1b_kv3072_cap12-05_balanced_stagger_fixed,llama1b,3072,12,23,balanced,stagger,fixed,8,1024,512,1.1514243000001443,8.343032420999862,0.034555695000108244,0,0,0,0,0,0,0.00011624586642966506,False,False,False,False
study02_a1_s23_llama1b_kv3072_cap12-05_balanced_stagger_fixed,llama1b,3072,12,23,balanced,stagger,fixed,10,256,512,0.18338693100031378,7.57235239900001,0.0306427230002555,0,0,0,0,0,0,7.753996506920657e-05,False,False,False,False
study02_a1_s23_llama1b_kv3072_cap12-06_generation_stagger_adaptive,llama1b,3072,12,23,generation,stagger,adaptive,0,512,256,0.05876405600020007,3.616348562999974,0.037272559000030014,0,0,0,0,0,0,0.00014233499996407772,False,False,False,False
study02_a1_s23_llama1b_kv3072_cap12-06_generation_stagger_adaptive,llama1b,3072,12,23,generation,stagger,adaptive,5,128,64,0.04476541799976985,0.9573083870000119,0.060491193999951065,0,0,0,0,0,0,9.023317527656616e-05,False,False,False,False
study02_a1_s23_llama1b_kv3072_cap12-06_generation_stagger_adaptive,llama1b,3072,12,23,generation,stagger,adaptive,6,512,64,0.08193083600008322,0.9676723409997976,0.02166769799987378,0,0,0,0,0,0,0.00011728227215890286,False,False,False,False
study02_a1_s23_llama1b_kv3072_cap12-06_generation_stagger_adaptive,llama1b,3072,12,23,generation,stagger,adaptive,4,128,256,0.0484329659998366,3.6365642490000027,0.06057344600003489,0,0,0,0,0,0,7.626668410765092e-05,False,False,False,False
study02_a1_s23_llama1b_kv3072_cap12-06_generation_stagger_adaptive,llama1b,3072,12,23,generation,stagger,adaptive,7,128,64,0.043825712999932875,0.9967632379998577,0.08527633599987894,0,0,0,0,0,0,7.134616910775549e-05,False,False,False,False
study02_a1_s23_llama1b_kv3072_cap12-06_generation_stagger_adaptive,llama1b,3072,12,23,generation,stagger,adaptive,1,256,768,0.06727300599959563,10.875800967999567,0.08498782300011953,0,0,0,0,0,0,0.00012162614212646305,False,False,False,False
study02_a1_s23_llama1b_kv3072_cap12-06_generation_stagger_adaptive,llama1b,3072,12,23,generation,stagger,adaptive,2,256,768,0.055189844999858906,10.892429129999982,0.08518243800017444,0,0,0,0,0,0,7.823203515944233e-05,False,False,False,False
study02_a1_s23_llama1b_kv3072_cap12-06_generation_stagger_adaptive,llama1b,3072,12,23,generation,stagger,adaptive,8,512,256,0.3782649949998813,5.750913902999855,1.7717620169996735,1,627,1.7096255370001927,1.7096255370001927,1.6947097269999176,1.7717620169996735,6.969469004225459e-05,True,True,False,False
study02_a1_s23_llama1b_kv3072_cap12-06_generation_stagger_adaptive,llama1b,3072,12,23,generation,stagger,adaptive,3,128,768,0.049871058000007906,10.999185312000009,0.08520103600039874,0,0,0,0,0,0,7.72410273355284e-05,False,False,False,False
study02_a1_s23_llama1b_kv3072_cap12-06_generation_stagger_adaptive,llama1b,3072,12,23,generation,stagger,adaptive,11,256,64,0.8641088699996544,1.7225529529996493,0.01616323400003239,0,0,0,0,0,0,0.00023532305803897202,False,False,False,False
study02_a1_s23_llama1b_kv3072_cap12-06_generation_stagger_adaptive,llama1b,3072,12,23,generation,stagger,adaptive,9,256,256,0.21097238199990898,7.470924599000227,3.7322011669998574,1,257,3.6486611619998257,3.6486611619998257,3.6326387089998207,3.7322011669998574,7.532798453002698e-05,True,True,True,False
study02_a1_s23_llama1b_kv3072_cap12-06_generation_stagger_adaptive,llama1b,3072,12,23,generation,stagger,adaptive,10,512,768,2.0197963929999787,12.58574199099985,0.03251977899981284,0,0,0,0,0,0,7.833403212487156e-05,False,False,False,False
study02_a1_s23_llama1b_kv3072_cap12-07_balanced_burst_baseline,llama1b,3072,12,23,balanced,burst,baseline,3,512,64,0.11682089399982942,1.068289423999886,0.06746282199992493,0,0,0,0,0,0,0.00010810100011438006,False,False,False,False
study02_a1_s23_llama1b_kv3072_cap12-07_balanced_burst_baseline,llama1b,3072,12,23,balanced,burst,baseline,2,256,128,0.08719781600029819,1.9880034030002207,0.0671514330001628,0,0,0,0,0,0,0.0001130259996898475,False,False,False,False
study02_a1_s23_llama1b_kv3072_cap12-07_balanced_burst_baseline,llama1b,3072,12,23,balanced,burst,baseline,4,512,128,0.13432667300003232,1.9322869520001404,0.02124576000005618,0,0,0,0,0,0,0.00019947999981012599,False,False,False,False
study02_a1_s23_llama1b_kv3072_cap12-07_balanced_burst_baseline,llama1b,3072,12,23,balanced,burst,baseline,0,1024,256,0.10912815099982254,3.933073391000107,0.1197349710000708,0,0,0,0,0,0,8.171299987225211e-05,False,False,False,False
study02_a1_s23_llama1b_kv3072_cap12-07_balanced_burst_baseline,llama1b,3072,12,23,balanced,burst,baseline,5,128,256,0.10548620700001266,4.110668820999763,0.21883376300002055,1,176,0.19612636100009695,0.19612636100009695,0,0,7.786600008330424e-05,False,False,False,False
study02_a1_s23_llama1b_kv3072_cap12-07_balanced_burst_baseline,llama1b,3072,12,23,balanced,burst,baseline,6,1024,128,1.9658206449998943,4.750839357000132,1.0427697760001138,1,1082,0.8763890899999751,0.8763890899999751,0.8618971739997505,1.0427697760001138,0.0001438219998817214,True,True,False,False
study02_a1_s23_llama1b_kv3072_cap12-07_balanced_burst_baseline,llama1b,3072,12,23,balanced,burst,baseline,9,128,64,4.779478841999662,5.656261427999652,0.016903607999665837,0,0,0,0,0,0,9.832100004131261e-05,False,False,False,False
study02_a1_s23_llama1b_kv3072_cap12-07_balanced_burst_baseline,llama1b,3072,12,23,balanced,burst,baseline,11,128,64,4.679396454000198,5.790556529000241,0.24617360399997779,1,176,0.22239188399998966,0.22239188399998966,0,0,8.72829998115332e-05,False,False,False,False
study02_a1_s23_llama1b_kv3072_cap12-07_balanced_burst_baseline,llama1b,3072,12,23,balanced,burst,baseline,7,512,256,3.763184205000016,7.516290324999773,0.16268782200040732,0,0,0,0,0,0,9.346900005763326e-05,False,False,False,False
study02_a1_s23_llama1b_kv3072_cap12-07_balanced_burst_baseline,llama1b,3072,12,23,balanced,burst,baseline,1,256,512,0.13706190000038987,7.831095350000396,0.16690883100000065,0,0,0,0,0,0,9.279699970647648e-05,False,False,False,False
study02_a1_s23_llama1b_kv3072_cap12-07_balanced_burst_baseline,llama1b,3072,12,23,balanced,burst,baseline,8,1024,512,4.829785607000304,11.947281223000118,0.04610513900024671,0,0,0,0,0,0,7.726399971941245e-05,False,False,False,False
study02_a1_s23_llama1b_kv3072_cap12-07_balanced_burst_baseline,llama1b,3072,12,23,balanced,burst,baseline,10,256,512,4.729839670000274,12.422661026000242,0.6470941100001255,1,400,0.6007359889999861,0.6007359889999861,0,0,7.897799969214248e-05,True,False,False,False
study02_a1_s23_llama1b_kv3072_cap12-08_balanced_burst_fixed,llama1b,3072,12,23,balanced,burst,fixed,3,512,64,0.11531796000008399,0.9763570100003562,0.01602188800006843,0,0,0,0,0,0,0.00011386000014679265,False,False,False,False
study02_a1_s23_llama1b_kv3072_cap12-08_balanced_burst_fixed,llama1b,3072,12,23,balanced,burst,fixed,2,256,128,0.08178646299984393,1.8737641859997893,0.0663431469997704,0,0,0,0,0,0,8.453800037386272e-05,False,False,False,False
study02_a1_s23_llama1b_kv3072_cap12-08_balanced_burst_fixed,llama1b,3072,12,23,balanced,burst,fixed,0,1024,256,0.10453203500037489,3.764970984000229,0.06638083300003927,0,0,0,0,0,0,0.00011260600012974464,False,False,False,False
study02_a1_s23_llama1b_kv3072_cap12-08_balanced_burst_fixed,llama1b,3072,12,23,balanced,burst,fixed,4,512,128,1.8504446759998245,3.6142659070001173,0.020828747999985353,0,0,0,0,0,0,0.0001465010002902889,False,False,False,False
study02_a1_s23_llama1b_kv3072_cap12-08_balanced_burst_fixed,llama1b,3072,12,23,balanced,burst,fixed,6,1024,128,3.6447114819998205,5.382820119999906,0.01706285599993862,0,0,0,0,0,0,0.0001122560003750106,False,False,False,False
study02_a1_s23_llama1b_kv3072_cap12-08_balanced_burst_fixed,llama1b,3072,12,23,balanced,burst,fixed,5,128,256,3.550375739000174,7.1842428949998975,0.11429744199995184,0,0,0,0,0,0,8.830200022202916e-05,False,False,False,False
study02_a1_s23_llama1b_kv3072_cap12-08_balanced_burst_fixed,llama1b,3072,12,23,balanced,burst,fixed,1,256,512,0.13184169500027565,7.396686956999929,0.11430117999998402,0,0,0,0,0,0,8.634600017103089e-05,False,False,False,False
study02_a1_s23_llama1b_kv3072_cap12-08_balanced_burst_fixed,llama1b,3072,12,23,balanced,burst,fixed,9,128,64,7.16379741999981,8.029126473999895,0.016500462999829324,0,0,0,0,0,0,7.08080004187539e-05,False,False,False,False
study02_a1_s23_llama1b_kv3072_cap12-08_balanced_burst_fixed,llama1b,3072,12,23,balanced,burst,fixed,7,512,256,5.405190395000318,9.04987892600002,0.15230402599991066,0,0,0,0,0,0,0.0001116950001232575,False,False,False,False
study02_a1_s23_llama1b_kv3072_cap12-08_balanced_burst_fixed,llama1b,3072,12,23,balanced,burst,fixed,11,128,64,8.885488237999652,9.750013575999674,0.016797832000065682,0,0,0,0,0,0,0.00019093800046898757,False,False,False,False
study02_a1_s23_llama1b_kv3072_cap12-08_balanced_burst_fixed,llama1b,3072,12,23,balanced,burst,fixed,8,1024,512,7.213664189000156,14.287528729999849,0.020963722000033158,0,0,0,0,0,0,0.00012425000031723865,False,False,False,False
study02_a1_s23_llama1b_kv3072_cap12-08_balanced_burst_fixed,llama1b,3072,12,23,balanced,burst,fixed,10,256,512,7.113868164999985,14.187778320000234,0.02105937400028779,0,0,0,0,0,0,8.616300010544364e-05,False,False,False,False
study02_a1_s23_llama1b_kv3072_cap12-09_generation_stagger_fixed_resume,llama1b,3072,12,23,generation,stagger,fixed_resume,0,512,256,0.06748850099984338,4.082064439000078,0.03555273699976169,0,0,0,0,0,0,0.0003214260000277136,False,False,False,False
study02_a1_s23_llama1b_kv3072_cap12-09_generation_stagger_fixed_resume,llama1b,3072,12,23,generation,stagger,fixed_resume,5,128,64,0.04961661300012565,0.9194438560002709,0.018792909999774565,0,0,0,0,0,0,8.228417475741878e-05,False,False,False,False
study02_a1_s23_llama1b_kv3072_cap12-09_generation_stagger_fixed_resume,llama1b,3072,12,23,generation,stagger,fixed_resume,4,128,256,0.053146250000281725,3.605705842000134,0.020282212999973126,0,0,0,0,0,0,0.00012760668368017036,False,False,False,False
study02_a1_s23_llama1b_kv3072_cap12-09_generation_stagger_fixed_resume,llama1b,3072,12,23,generation,stagger,fixed_resume,1,256,768,0.05430046899982699,11.14110830899972,0.034155780999753915,0,0,0,0,0,0,9.246014179514761e-05,False,False,False,False
study02_a1_s23_llama1b_kv3072_cap12-09_generation_stagger_fixed_resume,llama1b,3072,12,23,generation,stagger,fixed_resume,2,256,768,0.06018827800016879,11.127286180999818,0.02288858700012497,0,0,0,0,0,0,0.00011838703478350698,False,False,False,False
study02_a1_s23_llama1b_kv3072_cap12-09_generation_stagger_fixed_resume,llama1b,3072,12,23,generation,stagger,fixed_resume,6,512,64,5.746313986999667,6.611085757999717,0.016011426000204665,0,0,0,0,0,0,0.0001010012719877551,False,False,False,False
study02_a1_s23_llama1b_kv3072_cap12-09_generation_stagger_fixed_resume,llama1b,3072,12,23,generation,stagger,fixed_resume,7,128,64,5.005020274999879,5.869737378000082,0.016253443000096013,0,0,0,0,0,0,7.692916872770184e-05,False,False,False,False
study02_a1_s23_llama1b_kv3072_cap12-09_generation_stagger_fixed_resume,llama1b,3072,12,23,generation,stagger,fixed_resume,3,128,768,0.05324733500037837,11.059888408999996,0.12564745300005598,0,0,0,0,0,0,0.00013946102689876838,False,False,False,False
study02_a1_s23_llama1b_kv3072_cap12-09_generation_stagger_fixed_resume,llama1b,3072,12,23,generation,stagger,fixed_resume,11,256,64,1.3721531520000099,2.2344299380001758,0.015836982999644533,0,0,0,0,0,0,0.00011707805751726141,False,False,False,False
study02_a1_s23_llama1b_kv3072_cap12-09_generation_stagger_fixed_resume,llama1b,3072,12,23,generation,stagger,fixed_resume,8,512,256,4.401568422999844,8.001143794999734,0.08825407299991639,0,0,0,0,0,0,0.00011159168988861268,False,False,False,False
study02_a1_s23_llama1b_kv3072_cap12-09_generation_stagger_fixed_resume,llama1b,3072,12,23,generation,stagger,fixed_resume,9,256,256,5.1471686379995845,8.728512401999978,0.08807090700020126,0,0,0,0,0,0,0.00019688698456565845,False,False,False,False
study02_a1_s23_llama1b_kv3072_cap12-09_generation_stagger_fixed_resume,llama1b,3072,12,23,generation,stagger,fixed_resume,10,512,768,4.204986716000349,14.5864984560003,0.01928051000004416,0,0,0,0,0,0,0.00017414803157578262,False,False,False,False
study02_a1_s23_llama1b_kv3072_cap12-10_generation_stagger_baseline,llama1b,3072,12,23,generation,stagger,baseline,0,512,256,0.06822439200004737,3.662482383000224,0.03645104299994273,0,0,0,0,0,0,0.0004867190000368282,False,False,False,False
study02_a1_s23_llama1b_kv3072_cap12-10_generation_stagger_baseline,llama1b,3072,12,23,generation,stagger,baseline,5,128,64,0.048798978999911924,1.0001217100002577,0.05720900899996195,0,0,0,0,0,0,0.00017717917483217605,False,False,False,False
study02_a1_s23_llama1b_kv3072_cap12-10_generation_stagger_baseline,llama1b,3072,12,23,generation,stagger,baseline,6,512,64,0.08686815600003683,1.1316022910000356,0.027476721000311954,0,0,0,0,0,0,8.315527199620476e-05,False,False,False,False
study02_a1_s23_llama1b_kv3072_cap12-10_generation_stagger_baseline,llama1b,3072,12,23,generation,stagger,baseline,7,128,64,0.04452050700001564,1.1862291560000813,0.06609576700020625,0,0,0,0,0,0,9.805916900518241e-05,False,False,False,False
study02_a1_s23_llama1b_kv3072_cap12-10_generation_stagger_baseline,llama1b,3072,12,23,generation,stagger,baseline,4,128,256,0.04182439299984253,4.157081605999792,0.07098146400039695,0,0,0,0,0,0,8.825068424656024e-05,False,False,False,False
study02_a1_s23_llama1b_kv3072_cap12-10_generation_stagger_baseline,llama1b,3072,12,23,generation,stagger,baseline,1,256,768,0.058319580999977916,11.410646081999857,0.07130763599980128,0,0,0,0,0,0,8.306814198438817e-05,False,False,False,False
study02_a1_s23_llama1b_kv3072_cap12-10_generation_stagger_baseline,llama1b,3072,12,23,generation,stagger,baseline,2,256,768,0.05719513299982282,11.461361236999892,0.09851900699959515,0,0,0,0,0,0,9.080803494943002e-05,False,False,False,False
study02_a1_s23_llama1b_kv3072_cap12-10_generation_stagger_baseline,llama1b,3072,12,23,generation,stagger,baseline,11,256,64,0.06261991700012004,0.9439419120003549,0.018415324999750737,0,0,0,0,0,0,9.604105762051063e-05,False,False,False,False
study02_a1_s23_llama1b_kv3072_cap12-10_generation_stagger_baseline,llama1b,3072,12,23,generation,stagger,baseline,8,512,256,0.0907883650002077,5.994507053000234,1.815604753000116,2,1176,1.9990800629998375,1.7159001180002633,1.7003327510001327,1.815604753000116,0.00012889168974261622,True,True,False,False
study02_a1_s23_llama1b_kv3072_cap12-10_generation_stagger_baseline,llama1b,3072,12,23,generation,stagger,baseline,3,128,768,0.058724086999973224,11.545915759999843,0.09810793499991632,0,0,0,0,0,0,8.742402742134558e-05,False,False,False,False
study02_a1_s23_llama1b_kv3072_cap12-10_generation_stagger_baseline,llama1b,3072,12,23,generation,stagger,baseline,9,256,256,0.6848900830000275,7.204185196999788,2.9121417269998346,1,294,2.8118489540001974,2.8118489540001974,2.7967783670001154,2.9121417269998346,0.00010571498468170404,True,True,True,False
study02_a1_s23_llama1b_kv3072_cap12-10_generation_stagger_baseline,llama1b,3072,12,23,generation,stagger,baseline,10,512,768,2.5662432730000546,12.941076934000193,0.03561845799958974,0,0,0,0,0,0,0.00011030903185371699,False,False,False,False
study02_a1_s23_llama1b_kv3072_cap12-11_balanced_burst_adaptive,llama1b,3072,12,23,balanced,burst,adaptive,3,512,64,0.11464578100003564,1.0419124589998319,0.06396715999972002,0,0,0,0,0,0,0.0001570440000250306,False,False,False,False
study02_a1_s23_llama1b_kv3072_cap12-11_balanced_burst_adaptive,llama1b,3072,12,23,balanced,burst,adaptive,2,256,128,0.08742839700016702,1.962376293000034,0.06393508900009692,0,0,0,0,0,0,8.149199984472388e-05,False,False,False,False
study02_a1_s23_llama1b_kv3072_cap12-11_balanced_burst_adaptive,llama1b,3072,12,23,balanced,burst,adaptive,4,512,128,0.1285849060000146,1.901732696000181,0.023839904999931605,0,0,0,0,0,0,0.0001243979998434841,False,False,False,False
study02_a1_s23_llama1b_kv3072_cap12-11_balanced_burst_adaptive,llama1b,3072,12,23,balanced,burst,adaptive,0,1024,256,0.10910827800034895,3.7838927120001244,0.06357054899990544,0,0,0,0,0,0,0.00036655599978985265,False,False,False,False
study02_a1_s23_llama1b_kv3072_cap12-11_balanced_burst_adaptive,llama1b,3072,12,23,balanced,burst,adaptive,5,128,256,0.10220472100036204,3.960950416000287,0.21657644800006892,1,176,0.19405950099962865,0.19405950099962865,0,0,0.000213774999792804,False,False,False,False
study02_a1_s23_llama1b_kv3072_cap12-11_balanced_burst_adaptive,llama1b,3072,12,23,balanced,burst,adaptive,6,1024,128,3.662550388999989,5.405521707999924,0.017232014000001072,0,0,0,0,0,0,8.081100004342368e-05,False,False,False,False
study02_a1_s23_llama1b_kv3072_cap12-11_balanced_burst_adaptive,llama1b,3072,12,23,balanced,burst,adaptive,9,128,64,5.419567918999746,6.296013590999792,0.018116114999884303,0,0,0,0,0,0,0.00010794300014821401,False,False,False,False
study02_a1_s23_llama1b_kv3072_cap12-11_balanced_burst_adaptive,llama1b,3072,12,23,balanced,burst,adaptive,7,512,256,3.6127183879998483,7.260021570999925,0.1505651709999256,0,0,0,0,0,0,6.813200016037024e-05,False,False,False,False
study02_a1_s23_llama1b_kv3072_cap12-11_balanced_burst_adaptive,llama1b,3072,12,23,balanced,burst,adaptive,1,256,512,0.13749367999980677,7.575338491999901,0.16434679000030883,0,0,0,0,0,0,0.0001591460001691275,False,False,False,False
study02_a1_s23_llama1b_kv3072_cap12-11_balanced_burst_adaptive,llama1b,3072,12,23,balanced,burst,adaptive,11,128,64,7.124324013000205,7.979725469000186,0.017059270000117976,0,0,0,0,0,0,7.787099975753442e-05,False,False,False,False
study02_a1_s23_llama1b_kv3072_cap12-11_balanced_burst_adaptive,llama1b,3072,12,23,balanced,burst,adaptive,8,1024,512,5.469809335999798,12.47192721600004,0.0490741949997755,0,0,0,0,0,0,8.755600001675301e-05,False,False,False,False
study02_a1_s23_llama1b_kv3072_cap12-11_balanced_burst_adaptive,llama1b,3072,12,23,balanced,burst,adaptive,10,256,512,5.369865053000012,12.564062977000049,0.25502817200003847,1,368,0.20459224500018536,0.20459224500018536,0,0,9.383999986312119e-05,False,False,False,False
study02_a1_s23_llama1b_kv3072_cap12-12_generation_burst_fixed,llama1b,3072,12,23,generation,burst,fixed,5,128,64,0.04413500500004375,0.9742330179997225,0.06300065300001734,0,0,0,0,0,0,8.448300013697008e-05,False,False,False,False
study02_a1_s23_llama1b_kv3072_cap12-12_generation_burst_fixed,llama1b,3072,12,23,generation,burst,fixed,6,512,64,0.0848723910003173,0.9662001960000453,0.02084761400010393,0,0,0,0,0,0,7.54999998207051e-05,False,False,False,False
study02_a1_s23_llama1b_kv3072_cap12-12_generation_burst_fixed,llama1b,3072,12,23,generation,burst,fixed,7,128,64,0.952483616000336,1.8143648250002116,0.017752004000158195,0,0,0,0,0,0,9.000099989858734e-05,False,False,False,False
study02_a1_s23_llama1b_kv3072_cap12-12_generation_burst_fixed,llama1b,3072,12,23,generation,burst,fixed,0,512,256,0.06130105600004754,3.714526142000068,0.0627744020002865,0,0,0,0,0,0,0.00017179699989355868,False,False,False,False
study02_a1_s23_llama1b_kv3072_cap12-12_generation_burst_fixed,llama1b,3072,12,23,generation,burst,fixed,4,128,256,0.04280475199993816,3.624118924999948,0.06316132300025856,0,0,0,0,0,0,0.00012795200000254026,False,False,False,False
study02_a1_s23_llama1b_kv3072_cap12-12_generation_burst_fixed,llama1b,3072,12,23,generation,burst,fixed,8,512,256,3.500249540999903,7.010174963000281,0.017471547000241117,0,0,0,0,0,0,8.274999991042531e-05,False,False,False,False
study02_a1_s23_llama1b_kv3072_cap12-12_generation_burst_fixed,llama1b,3072,12,23,generation,burst,fixed,1,256,768,0.06501713299985568,10.812071551999907,0.06276606399978846,0,0,0,0,0,0,0.00010892100017372008,False,False,False,False
study02_a1_s23_llama1b_kv3072_cap12-12_generation_burst_fixed,llama1b,3072,12,23,generation,burst,fixed,2,256,768,0.06719104600006176,10.789606235000065,0.06284922299983009,0,0,0,0,0,0,7.89929998973038e-05,False,False,False,False
study02_a1_s23_llama1b_kv3072_cap12-12_generation_burst_fixed,llama1b,3072,12,23,generation,burst,fixed,3,128,768,0.05371481900010622,10.867964136999944,0.11388580000038928,0,0,0,0,0,0,7.576300013167891e-05,False,False,False,False
study02_a1_s23_llama1b_kv3072_cap12-12_generation_burst_fixed,llama1b,3072,12,23,generation,burst,fixed,11,256,64,10.467628993999824,11.327580165999734,0.017820222999944235,0,0,0,0,0,0,0.00010905300014196762,False,False,False,False
study02_a1_s23_llama1b_kv3072_cap12-12_generation_burst_fixed,llama1b,3072,12,23,generation,burst,fixed,9,256,256,10.567893344999902,14.037346976999743,0.017833093000263034,0,0,0,0,0,0,0.00010575800006334957,False,False,False,False
study02_a1_s23_llama1b_kv3072_cap12-12_generation_burst_fixed,llama1b,3072,12,23,generation,burst,fixed,10,512,768,10.518181661000199,20.910535266999887,0.017827669999860518,0,0,0,0,0,0,0.00013158399997337256,False,False,False,False
study02_a1_s23_llama1b_kv3072_cap12-13_generation_burst_baseline,llama1b,3072,12,23,generation,burst,baseline,5,128,64,0.05420306599989999,1.0672867969997242,0.06617673700020532,0,0,0,0,0,0,7.824000022083055e-05,False,False,False,False
study02_a1_s23_llama1b_kv3072_cap12-13_generation_burst_baseline,llama1b,3072,12,23,generation,burst,baseline,6,512,64,0.07955245399989508,1.0971115190000091,0.066044280999904,0,0,0,0,0,0,9.087400003404689e-05,False,False,False,False
study02_a1_s23_llama1b_kv3072_cap12-13_generation_burst_baseline,llama1b,3072,12,23,generation,burst,baseline,7,128,64,0.06836687799977881,1.09982631999992,0.06569283999988329,0,0,0,0,0,0,0.00011727000028255441,False,False,False,False
study02_a1_s23_llama1b_kv3072_cap12-13_generation_burst_baseline,llama1b,3072,12,23,generation,burst,baseline,0,512,256,0.06568492699989292,3.9794665199997326,0.06856046900020374,0,0,0,0,0,0,0.00013749800018558744,False,False,False,False
study02_a1_s23_llama1b_kv3072_cap12-13_generation_burst_baseline,llama1b,3072,12,23,generation,burst,baseline,4,128,256,0.05214831600005709,3.9986124590000145,0.11386812499995358,0,0,0,0,0,0,8.159400003932005e-05,False,False,False,False
study02_a1_s23_llama1b_kv3072_cap12-13_generation_burst_baseline,llama1b,3072,12,23,generation,burst,baseline,8,512,256,0.09807534600031431,4.849800145000245,0.7246207819998745,2,1239,0.8727934169996843,0.6100025939999796,0,0,0.00011847400000986053,True,False,False,False
study02_a1_s23_llama1b_kv3072_cap12-13_generation_burst_baseline,llama1b,3072,12,23,generation,burst,baseline,9,256,256,0.10227417499982039,6.172779180999896,1.5625958870000431,2,603,2.1956352669999433,1.4474223030001667,1.4325319200002014,1.5625958870000431,9.125500018852817e-05,True,True,False,False
study02_a1_s23_llama1b_kv3072_cap12-13_generation_burst_baseline,llama1b,3072,12,23,generation,burst,baseline,11,256,64,4.803166052000051,6.601831494999715,0.940273912000066,1,288,0.8381155619999845,0.8381155619999845,0,0,9.051300021378772e-05,True,False,False,False
study02_a1_s23_llama1b_kv3072_cap12-13_generation_burst_baseline,llama1b,3072,12,23,generation,burst,baseline,1,256,768,0.06733106499996211,11.406132052999965,0.11379969199970219,0,0,0,0,0,0,8.57800002449921e-05,False,False,False,False
study02_a1_s23_llama1b_kv3072_cap12-13_generation_burst_baseline,llama1b,3072,12,23,generation,burst,baseline,2,256,768,0.07896118100006788,11.453643569000178,0.11380530899987207,0,0,0,0,0,0,0.00013160700009393067,False,False,False,False
study02_a1_s23_llama1b_kv3072_cap12-13_generation_burst_baseline,llama1b,3072,12,23,generation,burst,baseline,3,128,768,0.0654955259997223,11.433510785999715,0.11351232100014386,0,0,0,0,0,0,6.174000018288606e-05,False,False,False,False
study02_a1_s23_llama1b_kv3072_cap12-13_generation_burst_baseline,llama1b,3072,12,23,generation,burst,baseline,10,512,768,1.0337970810001025,18.405851756000175,3.0374659449998944,4,2380,6.596364865999931,2.9537327150001147,5.574932385999546,5.748360081999635,8.06570001259388e-05,True,True,True,False
study02_a1_s23_llama1b_kv3072_cap12-14_generation_burst_adaptive_resume,llama1b,3072,12,23,generation,burst,adaptive_resume,5,128,64,0.04493543499984298,1.0354757149998477,0.06458821200021703,0,0,0,0,0,0,0.000119260000246868,False,False,False,False
study02_a1_s23_llama1b_kv3072_cap12-14_generation_burst_adaptive_resume,llama1b,3072,12,23,generation,burst,adaptive_resume,6,512,64,0.08627235699987068,1.0771647070000654,0.06454266099990491,0,0,0,0,0,0,0.00011589400010048045,False,False,False,False
study02_a1_s23_llama1b_kv3072_cap12-14_generation_burst_adaptive_resume,llama1b,3072,12,23,generation,burst,adaptive_resume,7,128,64,0.07588036600009218,1.053978263999852,0.06453772800023216,0,0,0,0,0,0,0.00011818100019805877,False,False,False,False
study02_a1_s23_llama1b_kv3072_cap12-14_generation_burst_adaptive_resume,llama1b,3072,12,23,generation,burst,adaptive_resume,0,512,256,0.05931898500011812,3.882201154000086,0.06444055700012541,0,0,0,0,0,0,0.00013085399996271008,False,False,False,False
study02_a1_s23_llama1b_kv3072_cap12-14_generation_burst_adaptive_resume,llama1b,3072,12,23,generation,burst,adaptive_resume,4,128,256,0.04438868300030663,3.893235453000216,0.10933586400005879,0,0,0,0,0,0,9.712799992483978e-05,False,False,False,False
study02_a1_s23_llama1b_kv3072_cap12-14_generation_burst_adaptive_resume,llama1b,3072,12,23,generation,burst,adaptive_resume,8,512,256,0.10467576200016993,4.698108342000069,0.7192271209996761,2,1238,0.8731685540001308,0.607148129000052,0,0,0.00011716900016833787,True,False,False,False
study02_a1_s23_llama1b_kv3072_cap12-14_generation_burst_adaptive_resume,llama1b,3072,12,23,generation,burst,adaptive_resume,9,256,256,1.0085863819999759,5.993247611999777,1.454670076000184,1,335,1.3425775420000718,1.3425775420000718,1.32818386200006,1.454670076000184,7.000400028117637e-05,True,True,False,False
study02_a1_s23_llama1b_kv3072_cap12-14_generation_burst_adaptive_resume,llama1b,3072,12,23,generation,burst,adaptive_resume,1,256,768,0.06365933600000062,11.054087864000394,0.1092780369999673,0,0,0,0,0,0,9.225899993907383e-05,False,False,False,False
study02_a1_s23_llama1b_kv3072_cap12-14_generation_burst_adaptive_resume,llama1b,3072,12,23,generation,burst,adaptive_resume,2,256,768,0.06532675200014637,11.03074391600012,0.10923707400024796,0,0,0,0,0,0,0.00011319900013403994,False,False,False,False
study02_a1_s23_llama1b_kv3072_cap12-14_generation_burst_adaptive_resume,llama1b,3072,12,23,generation,burst,adaptive_resume,3,128,768,0.05363464699985343,11.08801129099993,0.1092858229999365,0,0,0,0,0,0,0.00011578600024220176,False,False,False,False
study02_a1_s23_llama1b_kv3072_cap12-14_generation_burst_adaptive_resume,llama1b,3072,12,23,generation,burst,adaptive_resume,11,256,64,10.689122761999897,11.545000984000126,0.01628700499986735,0,0,0,0,0,0,9.642000004528306e-05,False,False,False,False
study02_a1_s23_llama1b_kv3072_cap12-14_generation_burst_adaptive_resume,llama1b,3072,12,23,generation,burst,adaptive_resume,10,512,768,10.73760679499992,21.07943810100005,0.016829699000027176,0,0,0,0,0,0,0.00018464100003257045,False,False,False,False
study02_a1_s23_llama1b_kv3072_cap12-15_balanced_burst_adaptive_resume,llama1b,3072,12,23,balanced,burst,adaptive_resume,3,512,64,0.12195202300017627,1.064373125000202,0.06560976699984167,0,0,0,0,0,0,0.00011645000004134598,False,False,False,False
study02_a1_s23_llama1b_kv3072_cap12-15_balanced_burst_adaptive_resume,llama1b,3072,12,23,balanced,burst,adaptive_resume,2,256,128,0.09238326100012273,1.987375615000019,0.06577402599987181,0,0,0,0,0,0,9.045400011017946e-05,False,False,False,False
study02_a1_s23_llama1b_kv3072_cap12-15_balanced_burst_adaptive_resume,llama1b,3072,12,23,balanced,burst,adaptive_resume,4,512,128,0.13743671700012783,1.93465291099983,0.022578607000014017,0,0,0,0,0,0,8.229900031436754e-05,False,False,False,False
study02_a1_s23_llama1b_kv3072_cap12-15_balanced_burst_adaptive_resume,llama1b,3072,12,23,balanced,burst,adaptive_resume,0,1024,256,0.11136322900028972,3.8149702949999664,0.06575720899991211,0,0,0,0,0,0,0.00023326400014411774,False,False,False,False
study02_a1_s23_llama1b_kv3072_cap12-15_balanced_burst_adaptive_resume,llama1b,3072,12,23,balanced,burst,adaptive_resume,5,128,256,0.11017347899996821,3.9901648009999917,0.21926232199984952,1,176,0.19738545200016233,0.19738545200016233,0,0,7.854000023144181e-05,False,False,False,False
study02_a1_s23_llama1b_kv3072_cap12-15_balanced_burst_adaptive_resume,llama1b,3072,12,23,balanced,burst,adaptive_resume,6,1024,128,3.6872846370001753,5.443444753000222,0.016048778999902424,0,0,0,0,0,0,0.0001072930001100314,False,False,False,False
study02_a1_s23_llama1b_kv3072_cap12-15_balanced_burst_adaptive_resume,llama1b,3072,12,23,balanced,burst,adaptive_resume,9,128,64,5.463888917000077,6.343938263999917,0.019291180999971402,0,0,0,0,0,0,7.571900032415924e-05,False,False,False,False
study02_a1_s23_llama1b_kv3072_cap12-15_balanced_burst_adaptive_resume,llama1b,3072,12,23,balanced,burst,adaptive_resume,7,512,256,3.637157632999788,7.315924105999784,0.15169154099976367,0,0,0,0,0,0,0.0001068170003236113,False,False,False,False
study02_a1_s23_llama1b_kv3072_cap12-15_balanced_burst_adaptive_resume,llama1b,3072,12,23,balanced,burst,adaptive_resume,1,256,512,0.14220757600014622,7.632213775000309,0.15915077499994368,0,0,0,0,0,0,0.00012272400017536433,False,False,False,False
study02_a1_s23_llama1b_kv3072_cap12-15_balanced_burst_adaptive_resume,llama1b,3072,12,23,balanced,burst,adaptive_resume,11,128,64,7.1801931469999545,8.040643438000188,0.01583284400021512,0,0,0,0,0,0,8.37120002870062e-05,False,False,False,False
study02_a1_s23_llama1b_kv3072_cap12-15_balanced_burst_adaptive_resume,llama1b,3072,12,23,balanced,burst,adaptive_resume,8,1024,512,5.514144287999898,12.582573593999768,0.04794528699994771,0,0,0,0,0,0,7.179200028983868e-05,False,False,False,False
study02_a1_s23_llama1b_kv3072_cap12-15_balanced_burst_adaptive_resume,llama1b,3072,12,23,balanced,burst,adaptive_resume,10,256,512,5.414015329999984,12.67866656599972,0.25772858500022267,1,368,0.20658801899980972,0.20658801899980972,0,0,0.00011051700039388379,False,False,False,False
study02_a1_s23_llama1b_kv3072_cap12-16_balanced_stagger_adaptive,llama1b,3072,12,23,balanced,stagger,adaptive,3,512,64,0.08298439200007124,1.0201157599999533,0.06459945099959441,0,0,0,0,0,0,8.482795405795329e-05,False,False,False,False
study02_a1_s23_llama1b_kv3072_cap12-16_balanced_stagger_adaptive,llama1b,3072,12,23,balanced,stagger,adaptive,0,1024,256,0.11435705100029736,3.8334446840003693,0.06464851200007615,0,0,0,0,0,0,0.00018140499969376833,False,False,False,False
study02_a1_s23_llama1b_kv3072_cap12-16_balanced_stagger_adaptive,llama1b,3072,12,23,balanced,stagger,adaptive,2,256,128,0.06253237000009904,1.9864416629998232,0.06481087999964075,0,0,0,0,0,0,0.0002403489149664928,False,False,False,False
study02_a1_s23_llama1b_kv3072_cap12-16_balanced_stagger_adaptive,llama1b,3072,12,23,balanced,stagger,adaptive,4,512,128,0.08661662900021838,2.3490164320000986,0.509600207999938,1,540,0.4473841290000564,0.4473841290000564,0,0,0.00010661311467785595,True,False,False,False
study02_a1_s23_llama1b_kv3072_cap12-16_balanced_stagger_adaptive,llama1b,3072,12,23,balanced,stagger,adaptive,6,1024,128,0.1300106649996451,1.9178773659996295,0.06079031799981749,0,0,0,0,0,0,0.00010492961029484604,False,False,False,False
study02_a1_s23_llama1b_kv3072_cap12-16_balanced_stagger_adaptive,llama1b,3072,12,23,balanced,stagger,adaptive,5,128,256,0.04971779500010598,3.805235855000319,0.11403695099988909,0,0,0,0,0,0,0.00012548622261832065,False,False,False,False
study02_a1_s23_llama1b_kv3072_cap12-16_balanced_stagger_adaptive,llama1b,3072,12,23,balanced,stagger,adaptive,1,256,512,0.06280600799982494,7.541720663999968,0.11417322600027546,0,0,0,0,0,0,8.54561613873317e-05,False,False,False,False
study02_a1_s23_llama1b_kv3072_cap12-16_balanced_stagger_adaptive,llama1b,3072,12,23,balanced,stagger,adaptive,7,512,256,0.08944720700037578,3.7099151229999734,0.11429413099995145,0,0,0,0,0,0,6.831979286570089e-05,False,False,False,False
study02_a1_s23_llama1b_kv3072_cap12-16_balanced_stagger_adaptive,llama1b,3072,12,23,balanced,stagger,adaptive,9,128,64,0.04809016600029281,0.9321666670002742,0.034719538999979704,0,0,0,0,0,0,0.00011469074562597825,False,False,False,False
study02_a1_s23_llama1b_kv3072_cap12-16_balanced_stagger_adaptive,llama1b,3072,12,23,balanced,stagger,adaptive,11,128,64,0.045086346000061894,0.9111355100003493,0.016761099000177637,0,0,0,0,0,0,0.0001117976982563107,False,False,False,False
study02_a1_s23_llama1b_kv3072_cap12-16_balanced_stagger_adaptive,llama1b,3072,12,23,balanced,stagger,adaptive,8,1024,512,0.1443483030002426,7.1948288399999,0.03479060200015738,0,0,0,0,0,0,8.341486620366823e-05,False,False,False,False
study02_a1_s23_llama1b_kv3072_cap12-16_balanced_stagger_adaptive,llama1b,3072,12,23,balanced,stagger,adaptive,10,256,512,0.05780880900010743,6.99709236300032,0.01985768199983795,0,0,0,0,0,0,8.057796477345391e-05,False,False,False,False
study02_a1_s23_llama1b_kv3072_cap12-17_balanced_stagger_adaptive_resume,llama1b,3072,12,23,balanced,stagger,adaptive_resume,3,512,64,0.0873017499998241,1.0174759820001782,0.06307021199972951,0,0,0,0,0,0,7.888295417357583e-05,False,False,False,False
study02_a1_s23_llama1b_kv3072_cap12-17_balanced_stagger_adaptive_resume,llama1b,3072,12,23,balanced,stagger,adaptive_resume,0,1024,256,0.11969446700004482,3.833125311999993,0.06382592699992529,0,0,0,0,0,0,0.00029854200010959175,False,False,False,False
study02_a1_s23_llama1b_kv3072_cap12-17_balanced_stagger_adaptive_resume,llama1b,3072,12,23,balanced,stagger,adaptive_resume,2,256,128,0.05837347599981513,1.9658658089997516,0.06381207799995536,0,0,0,0,0,0,6.547491532638006e-05,False,False,False,False
study02_a1_s23_llama1b_kv3072_cap12-17_balanced_stagger_adaptive_resume,llama1b,3072,12,23,balanced,stagger,adaptive_resume,4,512,128,0.08553890399980446,2.3502481119999175,0.5228490370000145,1,539,0.46167534400001387,0.46167534400001387,0,0,9.135911501445548e-05,True,False,False,False
study02_a1_s23_llama1b_kv3072_cap12-17_balanced_stagger_adaptive_resume,llama1b,3072,12,23,balanced,stagger,adaptive_resume,6,1024,128,0.1365126219998274,1.945955880999918,0.06484011800012013,0,0,0,0,0,0,7.271161040733887e-05,False,False,False,False
study02_a1_s23_llama1b_kv3072_cap12-17_balanced_stagger_adaptive_resume,llama1b,3072,12,23,balanced,stagger,adaptive_resume,5,128,256,0.04358734399966124,3.818478426999718,0.11444462899999053,0,0,0,0,0,0,8.269022318430075e-05,False,False,False,False
study02_a1_s23_llama1b_kv3072_cap12-17_balanced_stagger_adaptive_resume,llama1b,3072,12,23,balanced,stagger,adaptive_resume,1,256,512,0.0617119849998744,7.55453304699995,0.11454357899992829,0,0,0,0,0,0,7.016416167104911e-05,False,False,False,False
study02_a1_s23_llama1b_kv3072_cap12-17_balanced_stagger_adaptive_resume,llama1b,3072,12,23,balanced,stagger,adaptive_resume,7,512,256,0.08985335300030783,3.712765127000239,0.11445256499973766,0,0,0,0,0,0,8.377579312135452e-05,False,False,False,False
study02_a1_s23_llama1b_kv3072_cap12-17_balanced_stagger_adaptive_resume,llama1b,3072,12,23,balanced,stagger,adaptive_resume,9,128,64,0.04059684000003472,0.9183193799999572,0.034690007000335754,0,0,0,0,0,0,8.679974590819484e-05,False,False,False,False
study02_a1_s23_llama1b_kv3072_cap12-17_balanced_stagger_adaptive_resume,llama1b,3072,12,23,balanced,stagger,adaptive_resume,11,128,64,0.04602987199996278,0.9134327410001788,0.01727611899968906,0,0,0,0,0,0,0.00011176669858414812,False,False,False,False
study02_a1_s23_llama1b_kv3072_cap12-17_balanced_stagger_adaptive_resume,llama1b,3072,12,23,balanced,stagger,adaptive_resume,8,1024,512,0.1471770859998287,7.211414464999962,0.03460503299993434,0,0,0,0,0,0,0.00010350886652332747,False,False,False,False
study02_a1_s23_llama1b_kv3072_cap12-17_balanced_stagger_adaptive_resume,llama1b,3072,12,23,balanced,stagger,adaptive_resume,10,256,512,0.05733034400009274,6.980680176000078,0.02130349999970349,0,0,0,0,0,0,7.506896528042262e-05,False,False,False,False
study02_a1_s23_llama1b_kv3072_cap12-18_generation_stagger_fixed,llama1b,3072,12,23,generation,stagger,fixed,0,512,256,0.05849749899971357,3.5915453859997797,0.039473487000122987,0,0,0,0,0,0,0.00015620800013493863,False,False,False,False
study02_a1_s23_llama1b_kv3072_cap12-18_generation_stagger_fixed,llama1b,3072,12,23,generation,stagger,fixed,5,128,64,0.051941431000159355,0.9234711870003594,0.017076049999559473,0,0,0,0,0,0,8.679617478968282e-05,False,False,False,False
study02_a1_s23_llama1b_kv3072_cap12-18_generation_stagger_fixed,llama1b,3072,12,23,generation,stagger,fixed,4,128,256,0.050498070000230655,3.5754977880001206,0.020924922000176593,0,0,0,0,0,0,9.137168398254403e-05,False,False,False,False
study02_a1_s23_llama1b_kv3072_cap12-18_generation_stagger_fixed,llama1b,3072,12,23,generation,stagger,fixed,1,256,768,0.06530059800024901,10.682470412000384,0.035641922000195336,0,0,0,0,0,0,0.00011384614163906237,False,False,False,False
study02_a1_s23_llama1b_kv3072_cap12-18_generation_stagger_fixed,llama1b,3072,12,23,generation,stagger,fixed,2,256,768,0.05982331399991381,10.667404116999933,0.02336637600001268,0,0,0,0,0,0,0.00011266303483570272,False,False,False,False
study02_a1_s23_llama1b_kv3072_cap12-18_generation_stagger_fixed,llama1b,3072,12,23,generation,stagger,fixed,6,512,64,5.288662584999656,6.1651039149996905,0.01720138400014548,0,0,0,0,0,0,7.204527216408962e-05,False,False,False,False
study02_a1_s23_llama1b_kv3072_cap12-18_generation_stagger_fixed,llama1b,3072,12,23,generation,stagger,fixed,7,128,64,4.546870996000052,5.423702245000186,0.01721300400004111,0,0,0,0,0,0,6.909816877964658e-05,False,False,False,False
study02_a1_s23_llama1b_kv3072_cap12-18_generation_stagger_fixed,llama1b,3072,12,23,generation,stagger,fixed,3,128,768,0.042101687000013044,10.81182459899992,0.12670920600021418,0,0,0,0,0,0,0.00011270902741378208,False,False,False,False
study02_a1_s23_llama1b_kv3072_cap12-18_generation_stagger_fixed,llama1b,3072,12,23,generation,stagger,fixed,11,256,64,1.121558092000214,1.9968149619999167,0.01754427800005942,0,0,0,0,0,0,9.447805777895724e-05,False,False,False,False
study02_a1_s23_llama1b_kv3072_cap12-18_generation_stagger_fixed,llama1b,3072,12,23,generation,stagger,fixed,8,512,256,3.943641932999981,7.576127665000058,0.08591022000018711,0,0,0,0,0,0,0.00015169669004144737,False,False,False,False
study02_a1_s23_llama1b_kv3072_cap12-18_generation_stagger_fixed,llama1b,3072,12,23,generation,stagger,fixed,9,256,256,4.702135346999967,8.30334382000001,0.08556917099986094,0,0,0,0,0,0,7.301298445572257e-05,False,False,False,False
study02_a1_s23_llama1b_kv3072_cap12-18_generation_stagger_fixed,llama1b,3072,12,23,generation,stagger,fixed,10,512,768,3.954153550999763,14.672672577999947,0.019436873999893578,0,0,0,0,0,0,0.0001123940320866268,False,False,False,False
study02_a1_s23_llama1b_kv3072_cap12-19_generation_burst_fixed_resume,llama1b,3072,12,23,generation,burst,fixed_resume,5,128,64,0.055981109000185825,1.0045262749999893,0.06641842599992742,0,0,0,0,0,0,9.145300009549828e-05,False,False,False,False
study02_a1_s23_llama1b_kv3072_cap12-19_generation_burst_fixed_resume,llama1b,3072,12,23,generation,burst,fixed_resume,6,512,64,0.08476278000034654,0.985398250000344,0.01840343699996083,0,0,0,0,0,0,0.00010352399995094963,False,False,False,False
study02_a1_s23_llama1b_kv3072_cap12-19_generation_burst_fixed_resume,llama1b,3072,12,23,generation,burst,fixed_resume,7,128,64,0.9735046709997732,1.8767287519999627,0.01928115299961064,0,0,0,0,0,0,0.0001271290001568226,False,False,False,False
study02_a1_s23_llama1b_kv3072_cap12-19_generation_burst_fixed_resume,llama1b,3072,12,23,generation,burst,fixed_resume,0,512,256,0.06877097599999615,3.859292226999969,0.0663759230001233,0,0,0,0,0,0,0.0002467340000293916,False,False,False,False
study02_a1_s23_llama1b_kv3072_cap12-19_generation_burst_fixed_resume,llama1b,3072,12,23,generation,burst,fixed_resume,4,128,256,0.05146080000031361,3.777226819000134,0.06634095700019316,0,0,0,0,0,0,8.676299994475611e-05,False,False,False,False
study02_a1_s23_llama1b_kv3072_cap12-19_generation_burst_fixed_resume,llama1b,3072,12,23,generation,burst,fixed_resume,8,512,256,3.658166911999615,7.322751576999963,0.01932269400003861,0,0,0,0,0,0,8.000000034369403e-05,False,False,False,False
study02_a1_s23_llama1b_kv3072_cap12-19_generation_burst_fixed_resume,llama1b,3072,12,23,generation,burst,fixed_resume,1,256,768,0.07542277100037609,11.237314592000075,0.06638865400009308,0,0,0,0,0,0,8.576799991714956e-05,False,False,False,False
study02_a1_s23_llama1b_kv3072_cap12-19_generation_burst_fixed_resume,llama1b,3072,12,23,generation,burst,fixed_resume,2,256,768,0.07572279599980902,11.216729020000002,0.06636802699995314,0,0,0,0,0,0,8.08540002253666e-05,False,False,False,False
study02_a1_s23_llama1b_kv3072_cap12-19_generation_burst_fixed_resume,llama1b,3072,12,23,generation,burst,fixed_resume,3,128,768,0.06152185199971427,11.291659941000034,0.11083129300004657,0,0,0,0,0,0,0.00023954100024636826,False,False,False,False
study02_a1_s23_llama1b_kv3072_cap12-19_generation_burst_fixed_resume,llama1b,3072,12,23,generation,burst,fixed_resume,11,256,64,10.891530286000034,11.783518696000101,0.019255589000295004,0,0,0,0,0,0,9.06940001186296e-05,False,False,False,False
study02_a1_s23_llama1b_kv3072_cap12-19_generation_burst_fixed_resume,llama1b,3072,12,23,generation,burst,fixed_resume,9,256,256,10.991792229000112,14.517158889000257,0.01986797499966997,0,0,0,0,0,0,7.99639999968238e-05,False,False,False,False
study02_a1_s23_llama1b_kv3072_cap12-19_generation_burst_fixed_resume,llama1b,3072,12,23,generation,burst,fixed_resume,10,512,768,10.94166352100001,21.351959553999677,0.019738936000067042,0,0,0,0,0,0,6.869100025141961e-05,False,False,False,False
study03_a1_s23_llama1b_kv12288_cap12-00_generation_burst_adaptive,llama1b,12288,12,23,generation,burst,adaptive,5,128,64,0.04609909900000275,1.169859453999834,0.06414649099997405,0,0,0,0,0,0,7.798500018907362e-05,False,False,False,False
study03_a1_s23_llama1b_kv12288_cap12-00_generation_burst_adaptive,llama1b,12288,12,23,generation,burst,adaptive,6,512,64,0.08766020500024752,1.161701837000237,0.0649068550001175,0,0,0,0,0,0,0.0001393919998917692,False,False,False,False
study03_a1_s23_llama1b_kv12288_cap12-00_generation_burst_adaptive,llama1b,12288,12,23,generation,burst,adaptive,7,128,64,0.07915647900017575,1.1393767350000417,0.06454806500005361,0,0,0,0,0,0,6.725799985357606e-05,False,False,False,False
study03_a1_s23_llama1b_kv12288_cap12-00_generation_burst_adaptive,llama1b,12288,12,23,generation,burst,adaptive,11,256,64,0.11242420200005654,1.023552421000204,0.017832483000347565,0,0,0,0,0,0,0.0001351309999335637,False,False,False,False
study03_a1_s23_llama1b_kv12288_cap12-00_generation_burst_adaptive,llama1b,12288,12,23,generation,burst,adaptive,0,512,256,0.0651129090001632,4.245211934000054,0.06493153200017332,0,0,0,0,0,0,0.00016972200000964222,False,False,False,False
study03_a1_s23_llama1b_kv12288_cap12-00_generation_burst_adaptive,llama1b,12288,12,23,generation,burst,adaptive,4,128,256,0.046018643000024895,4.190062771999692,0.06437089600012769,0,0,0,0,0,0,9.335600025223156e-05,False,False,False,False
study03_a1_s23_llama1b_kv12288_cap12-00_generation_burst_adaptive,llama1b,12288,12,23,generation,burst,adaptive,8,512,256,0.09104275900017456,4.149252004000118,0.06464131099983206,0,0,0,0,0,0,0.0001902380000501358,False,False,False,False
study03_a1_s23_llama1b_kv12288_cap12-00_generation_burst_adaptive,llama1b,12288,12,23,generation,burst,adaptive,9,256,256,0.09511809900004664,4.132014811999852,0.06495919799999683,0,0,0,0,0,0,0.00021440500022434916,False,False,False,False
study03_a1_s23_llama1b_kv12288_cap12-00_generation_burst_adaptive,llama1b,12288,12,23,generation,burst,adaptive,1,256,768,0.06748367499994856,11.642844661999789,0.06446520999998029,0,0,0,0,0,0,0.00022200200028237027,False,False,False,False
study03_a1_s23_llama1b_kv12288_cap12-00_generation_burst_adaptive,llama1b,12288,12,23,generation,burst,adaptive,2,256,768,0.0716032450000057,11.620692303999931,0.06422475500039582,0,0,0,0,0,0,0.00013409300017883097,False,False,False,False
study03_a1_s23_llama1b_kv12288_cap12-00_generation_burst_adaptive,llama1b,12288,12,23,generation,burst,adaptive,3,128,768,0.05773660899967581,11.599493076999806,0.064440144999935,0,0,0,0,0,0,0.00011745900028470313,False,False,False,False
study03_a1_s23_llama1b_kv12288_cap12-00_generation_burst_adaptive,llama1b,12288,12,23,generation,burst,adaptive,10,512,768,0.1096921299999849,11.431053755999983,0.03719333999970331,0,0,0,0,0,0,8.315900004163268e-05,False,False,False,False
study03_a1_s23_llama1b_kv12288_cap12-01_generation_burst_baseline,llama1b,12288,12,23,generation,burst,baseline,5,128,64,0.04898983600014617,1.163545116000023,0.06430361499997161,0,0,0,0,0,0,0.00010628499967424432,False,False,False,False
study03_a1_s23_llama1b_kv12288_cap12-01_generation_burst_baseline,llama1b,12288,12,23,generation,burst,baseline,6,512,64,0.08958529899973655,1.154235184999834,0.06361784000000625,0,0,0,0,0,0,0.000103643000056719,False,False,False,False
study03_a1_s23_llama1b_kv12288_cap12-01_generation_burst_baseline,llama1b,12288,12,23,generation,burst,baseline,7,128,64,0.08107608899990737,1.1323253729997305,0.06369772900006865,0,0,0,0,0,0,0.00011858799998659686,False,False,False,False
study03_a1_s23_llama1b_kv12288_cap12-01_generation_burst_baseline,llama1b,12288,12,23,generation,burst,baseline,11,256,64,0.1141084559999399,1.016936509000061,0.018730901000253652,0,0,0,0,0,0,0.0001289929998165018,False,False,False,False
study03_a1_s23_llama1b_kv12288_cap12-01_generation_burst_baseline,llama1b,12288,12,23,generation,burst,baseline,0,512,256,0.06254314299985708,4.017714252999667,0.06353027099976316,0,0,0,0,0,0,0.00027614400005404605,False,False,False,False
study03_a1_s23_llama1b_kv12288_cap12-01_generation_burst_baseline,llama1b,12288,12,23,generation,burst,baseline,4,128,256,0.04869926899982602,3.9281452189998163,0.0641598009997324,0,0,0,0,0,0,7.277800004884538e-05,False,False,False,False
study03_a1_s23_llama1b_kv12288_cap12-01_generation_burst_baseline,llama1b,12288,12,23,generation,burst,baseline,8,512,256,0.09486073399966699,3.856297601999813,0.06362543899967932,0,0,0,0,0,0,0.0001051029999871167,False,False,False,False
study03_a1_s23_llama1b_kv12288_cap12-01_generation_burst_baseline,llama1b,12288,12,23,generation,burst,baseline,9,256,256,0.0979697570001008,3.8347745270002633,0.06349584999998115,0,0,0,0,0,0,8.450499972240122e-05,False,False,False,False
study03_a1_s23_llama1b_kv12288_cap12-01_generation_burst_baseline,llama1b,12288,12,23,generation,burst,baseline,1,256,768,0.06511491900027977,11.255351133000204,0.06368511800019405,0,0,0,0,0,0,0.00021719099977417222,False,False,False,False
study03_a1_s23_llama1b_kv12288_cap12-01_generation_burst_baseline,llama1b,12288,12,23,generation,burst,baseline,2,256,768,0.06814843400024984,11.232955749000212,0.06407762299977549,0,0,0,0,0,0,8.124599971778834e-05,False,False,False,False
study03_a1_s23_llama1b_kv12288_cap12-01_generation_burst_baseline,llama1b,12288,12,23,generation,burst,baseline,3,128,768,0.06033125199974165,11.21419941899967,0.06394872999999279,0,0,0,0,0,0,0.0002016320000620686,False,False,False,False
study03_a1_s23_llama1b_kv12288_cap12-01_generation_burst_baseline,llama1b,12288,12,23,generation,burst,baseline,10,512,768,0.11139317900006063,11.048494137000034,0.036561660999723244,0,0,0,0,0,0,8.065799966061604e-05,False,False,False,False
study03_a1_s23_llama1b_kv12288_cap12-02_generation_burst_adaptive_resume,llama1b,12288,12,23,generation,burst,adaptive_resume,5,128,64,0.041876501999922766,1.1551536289998694,0.0673421699998471,0,0,0,0,0,0,7.204600024124375e-05,False,False,False,False
study03_a1_s23_llama1b_kv12288_cap12-02_generation_burst_adaptive_resume,llama1b,12288,12,23,generation,burst,adaptive_resume,6,512,64,0.08666832800008706,1.147086649999892,0.06282735400009187,0,0,0,0,0,0,8.485400003332977e-05,False,False,False,False
study03_a1_s23_llama1b_kv12288_cap12-02_generation_burst_adaptive_resume,llama1b,12288,12,23,generation,burst,adaptive_resume,7,128,64,0.07161265200011258,1.1252948920000563,0.06277032900015911,0,0,0,0,0,0,0.0001320000000304966,False,False,False,False
study03_a1_s23_llama1b_kv12288_cap12-02_generation_burst_adaptive_resume,llama1b,12288,12,23,generation,burst,adaptive_resume,11,256,64,0.11022804000003816,1.0084857540000485,0.017597352999928262,0,0,0,0,0,0,0.00020038800012112112,False,False,False,False
study03_a1_s23_llama1b_kv12288_cap12-02_generation_burst_adaptive_resume,llama1b,12288,12,23,generation,burst,adaptive_resume,0,512,256,0.06821515299998282,3.9920476739998776,0.06734073999996326,0,0,0,0,0,0,0.00014429700013351976,False,False,False,False
study03_a1_s23_llama1b_kv12288_cap12-02_generation_burst_adaptive_resume,llama1b,12288,12,23,generation,burst,adaptive_resume,4,128,256,0.05322360899981504,3.911867723999876,0.06736175300011382,0,0,0,0,0,0,0.00015089300022735896,False,False,False,False
study03_a1_s23_llama1b_kv12288_cap12-02_generation_burst_adaptive_resume,llama1b,12288,12,23,generation,burst,adaptive_resume,8,512,256,0.10122052199994869,3.8370363639996867,0.06257949300015753,0,0,0,0,0,0,7.484800025847616e-05,False,False,False,False
study03_a1_s23_llama1b_kv12288_cap12-02_generation_burst_adaptive_resume,llama1b,12288,12,23,generation,burst,adaptive_resume,9,256,256,0.11013516899993192,3.815295822999815,0.06252410099978079,0,0,0,0,0,0,9.835100017879794e-05,False,False,False,False
study03_a1_s23_llama1b_kv12288_cap12-02_generation_burst_adaptive_resume,llama1b,12288,12,23,generation,burst,adaptive_resume,1,256,768,0.06862488000024314,11.223051392999878,0.06725194399996326,0,0,0,0,0,0,8.791199998085808e-05,False,False,False,False
study03_a1_s23_llama1b_kv12288_cap12-02_generation_burst_adaptive_resume,llama1b,12288,12,23,generation,burst,adaptive_resume,2,256,768,0.07170717400003923,11.200766347999888,0.06718944300018848,0,0,0,0,0,0,8.386500021514975e-05,False,False,False,False
study03_a1_s23_llama1b_kv12288_cap12-02_generation_burst_adaptive_resume,llama1b,12288,12,23,generation,burst,adaptive_resume,3,128,768,0.06462239200027398,11.177335277000111,0.06740315700017163,0,0,0,0,0,0,9.947399994414408e-05,False,False,False,False
study03_a1_s23_llama1b_kv12288_cap12-02_generation_burst_adaptive_resume,llama1b,12288,12,23,generation,burst,adaptive_resume,10,512,768,0.12276874299959672,11.006794685999921,0.03746157200021116,0,0,0,0,0,0,8.378700022149133e-05,False,False,False,False
study03_a1_s23_llama1b_kv12288_cap12-03_generation_stagger_adaptive,llama1b,12288,12,23,generation,stagger,adaptive,0,512,256,0.059272385999975086,3.5891081249997114,0.03667296699995859,0,0,0,0,0,0,0.00039923000031194533,False,False,False,False
study03_a1_s23_llama1b_kv12288_cap12-03_generation_stagger_adaptive,llama1b,12288,12,23,generation,stagger,adaptive,5,128,64,0.04028826899957494,0.9641510149999704,0.06203950100007205,0,0,0,0,0,0,7.707017532787575e-05,False,False,False,False
study03_a1_s23_llama1b_kv12288_cap12-03_generation_stagger_adaptive,llama1b,12288,12,23,generation,stagger,adaptive,6,512,64,0.08968423400028769,0.9715412040000047,0.020468000999699143,0,0,0,0,0,0,7.499127193177912e-05,False,False,False,False
study03_a1_s23_llama1b_kv12288_cap12-03_generation_stagger_adaptive,llama1b,12288,12,23,generation,stagger,adaptive,4,128,256,0.04197014000010313,3.7114848709998114,0.06445588699989457,0,0,0,0,0,0,9.982868413160872e-05,False,False,False,False
study03_a1_s23_llama1b_kv12288_cap12-03_generation_stagger_adaptive,llama1b,12288,12,23,generation,stagger,adaptive,7,128,64,0.0485983319999832,0.9967145569999047,0.06453051400012555,0,0,0,0,0,0,0.00010271016893170781,False,False,False,False
study03_a1_s23_llama1b_kv12288_cap12-03_generation_stagger_adaptive,llama1b,12288,12,23,generation,stagger,adaptive,1,256,768,0.06384577499966326,10.952241120000053,0.0644459730001472,0,0,0,0,0,0,0.0001240411420527221,False,False,False,False
study03_a1_s23_llama1b_kv12288_cap12-03_generation_stagger_adaptive,llama1b,12288,12,23,generation,stagger,adaptive,8,512,256,0.09047821100011788,3.802253804999964,0.0641490729999532,0,0,0,0,0,0,7.249369000028594e-05,False,False,False,False
study03_a1_s23_llama1b_kv12288_cap12-03_generation_stagger_adaptive,llama1b,12288,12,23,generation,stagger,adaptive,9,256,256,0.058267632000024605,3.747572300000229,0.06450996600005965,0,0,0,0,0,0,7.988898449884374e-05,False,False,False,False
study03_a1_s23_llama1b_kv12288_cap12-03_generation_stagger_adaptive,llama1b,12288,12,23,generation,stagger,adaptive,2,256,768,0.05851663200019175,10.948954793000212,0.06435936800016862,0,0,0,0,0,0,0.00010610503506758295,False,False,False,False
study03_a1_s23_llama1b_kv12288_cap12-03_generation_stagger_adaptive,llama1b,12288,12,23,generation,stagger,adaptive,11,256,64,0.06584167900018656,0.9616187890001129,0.017616484999962267,0,0,0,0,0,0,8.660605780974606e-05,False,False,False,False
study03_a1_s23_llama1b_kv12288_cap12-03_generation_stagger_adaptive,llama1b,12288,12,23,generation,stagger,adaptive,3,128,768,0.04939601700016283,11.029540591000114,0.06452345899970169,0,0,0,0,0,0,0.00010559302718027297,False,False,False,False
study03_a1_s23_llama1b_kv12288_cap12-03_generation_stagger_adaptive,llama1b,12288,12,23,generation,stagger,adaptive,10,512,768,0.0824411329999748,10.903323591000117,0.03575008100006016,0,0,0,0,0,0,8.441503193523658e-05,False,False,False,False
study03_a1_s23_llama1b_kv12288_cap12-04_generation_stagger_baseline,llama1b,12288,12,23,generation,stagger,baseline,0,512,256,0.05939440000020113,3.595358049999959,0.039248245999715436,0,0,0,0,0,0,9.237599988409784e-05,False,False,False,False
study03_a1_s23_llama1b_kv12288_cap12-04_generation_stagger_baseline,llama1b,12288,12,23,generation,stagger,baseline,5,128,64,0.047065307000139,0.9689223390000734,0.0611148329999196,0,0,0,0,0,0,2.150717494053822e-05,False,False,False,False
study03_a1_s23_llama1b_kv12288_cap12-04_generation_stagger_baseline,llama1b,12288,12,23,generation,stagger,baseline,6,512,64,0.09128204500029824,0.9773005530000773,0.02266741199991884,0,0,0,0,0,0,8.03742718478162e-05,False,False,False,False
study03_a1_s23_llama1b_kv12288_cap12-04_generation_stagger_baseline,llama1b,12288,12,23,generation,stagger,baseline,4,128,256,0.05111458600003971,3.726121737000085,0.06112337299964565,0,0,0,0,0,0,7.291268410725138e-05,False,False,False,False
study03_a1_s23_llama1b_kv12288_cap12-04_generation_stagger_baseline,llama1b,12288,12,23,generation,stagger,baseline,7,128,64,0.0560329790000651,1.0131458720002229,0.06107822100011617,0,0,0,0,0,0,6.850016873727327e-05,False,False,False,False
study03_a1_s23_llama1b_kv12288_cap12-04_generation_stagger_baseline,llama1b,12288,12,23,generation,stagger,baseline,1,256,768,0.06688226100004613,10.921186741999918,0.060990648999904806,0,0,0,0,0,0,7.12231417397402e-05,False,False,False,False
study03_a1_s23_llama1b_kv12288_cap12-04_generation_stagger_baseline,llama1b,12288,12,23,generation,stagger,baseline,8,512,256,0.08869954099964161,3.7570821269996486,0.057461472999875696,0,0,0,0,0,0,8.80516900867434e-05,False,False,False,False
study03_a1_s23_llama1b_kv12288_cap12-04_generation_stagger_baseline,llama1b,12288,12,23,generation,stagger,baseline,9,256,256,0.057950789999722474,3.701828994999687,0.05736308399991685,0,0,0,0,0,0,8.907798463742012e-05,False,False,False,False
study03_a1_s23_llama1b_kv12288_cap12-04_generation_stagger_baseline,llama1b,12288,12,23,generation,stagger,baseline,2,256,768,0.06563447200005612,10.901701080999828,0.061087003000011464,0,0,0,0,0,0,8.667603499123988e-05,False,False,False,False
study03_a1_s23_llama1b_kv12288_cap12-04_generation_stagger_baseline,llama1b,12288,12,23,generation,stagger,baseline,11,256,64,0.06140648899963708,0.9232389619996866,0.01661172300009639,0,0,0,0,0,0,0.00014834205794400646,False,False,False,False
study03_a1_s23_llama1b_kv12288_cap12-04_generation_stagger_baseline,llama1b,12288,12,23,generation,stagger,baseline,3,128,768,0.0415875359999518,10.90265608100026,0.06099530799974673,0,0,0,0,0,0,8.715202711462311e-05,False,False,False,False
study03_a1_s23_llama1b_kv12288_cap12-04_generation_stagger_baseline,llama1b,12288,12,23,generation,stagger,baseline,10,512,768,0.08380269700001008,10.528066188000139,0.03480569000021205,0,0,0,0,0,0,8.021803175495279e-05,False,False,False,False
study03_a1_s23_llama1b_kv12288_cap12-05_generation_stagger_adaptive_resume,llama1b,12288,12,23,generation,stagger,adaptive_resume,0,512,256,0.06378930200025934,3.602882392000083,0.0376819829998567,0,0,0,0,0,0,0.0002824560001499776,False,False,False,False
study03_a1_s23_llama1b_kv12288_cap12-05_generation_stagger_adaptive_resume,llama1b,12288,12,23,generation,stagger,adaptive_resume,5,128,64,0.04191180299994812,0.9692376160001004,0.06386832599991976,0,0,0,0,0,0,0.00010758017508827322,False,False,False,False
study03_a1_s23_llama1b_kv12288_cap12-05_generation_stagger_adaptive_resume,llama1b,12288,12,23,generation,stagger,adaptive_resume,6,512,64,0.08973017400012395,0.9728293799998937,0.02543071099989902,0,0,0,0,0,0,0.0001283692722342522,False,False,False,False
study03_a1_s23_llama1b_kv12288_cap12-05_generation_stagger_adaptive_resume,llama1b,12288,12,23,generation,stagger,adaptive_resume,4,128,256,0.05272617299988269,3.731098487000054,0.06384643899991715,0,0,0,0,0,0,8.271468412957006e-05,False,False,False,False
study03_a1_s23_llama1b_kv12288_cap12-05_generation_stagger_adaptive_resume,llama1b,12288,12,23,generation,stagger,adaptive_resume,7,128,64,0.05607559800000672,1.0043907009999202,0.06068465999987893,0,0,0,0,0,0,7.518616897073116e-05,False,False,False,False
study03_a1_s23_llama1b_kv12288_cap12-05_generation_stagger_adaptive_resume,llama1b,12288,12,23,generation,stagger,adaptive_resume,1,256,768,0.058332978999715124,10.903875409999728,0.06372138999995514,0,0,0,0,0,0,8.447514211146201e-05,False,False,False,False
study03_a1_s23_llama1b_kv12288_cap12-05_generation_stagger_adaptive_resume,llama1b,12288,12,23,generation,stagger,adaptive_resume,8,512,256,0.08237408600007257,3.729068298999664,0.06148855600031311,0,0,0,0,0,0,8.795469020306257e-05,False,False,False,False
study03_a1_s23_llama1b_kv12288_cap12-05_generation_stagger_adaptive_resume,llama1b,12288,12,23,generation,stagger,adaptive_resume,9,256,256,0.06488324500014642,3.686910635000004,0.06150646499963841,0,0,0,0,0,0,8.005598455174123e-05,False,False,False,False
study03_a1_s23_llama1b_kv12288_cap12-05_generation_stagger_adaptive_resume,llama1b,12288,12,23,generation,stagger,adaptive_resume,2,256,768,0.062232694999693194,10.902194194999993,0.06368404500017277,0,0,0,0,0,0,0.00011198403519518951,False,False,False,False
study03_a1_s23_llama1b_kv12288_cap12-05_generation_stagger_adaptive_resume,llama1b,12288,12,23,generation,stagger,adaptive_resume,11,256,64,0.05422104099989156,0.9138467079997099,0.016866082999968057,0,0,0,0,0,0,8.108305801002302e-05,False,False,False,False
study03_a1_s23_llama1b_kv12288_cap12-05_generation_stagger_adaptive_resume,llama1b,12288,12,23,generation,stagger,adaptive_resume,3,128,768,0.042138028999943344,10.905275575999894,0.06368922699994073,0,0,0,0,0,0,0.00010245902758176939,False,False,False,False
study03_a1_s23_llama1b_kv12288_cap12-05_generation_stagger_adaptive_resume,llama1b,12288,12,23,generation,stagger,adaptive_resume,10,512,768,0.09292334299971117,10.608596745999876,0.03506641800004218,0,0,0,0,0,0,0.000108735032128493,False,False,False,False
study04_a1_s77_llama1b_kv3072_cap3-00_generation_stagger_baseline,llama1b,3072,3,77,generation,stagger,baseline,0,512,64,0.06054129299991473,0.8794065160000173,0.015644641000108095,0,0,0,0,0,0,8.862300001055701e-05,False,False,False,False
study04_a1_s77_llama1b_kv3072_cap3-00_generation_stagger_baseline,llama1b,3072,3,77,generation,stagger,baseline,1,256,64,0.0409607930000675,0.8635057110000162,0.015903815000001487,0,0,0,0,0,0,0.00024633257821249366,False,False,False,False
study04_a1_s77_llama1b_kv3072_cap3-00_generation_stagger_baseline,llama1b,3072,3,77,generation,stagger,baseline,4,256,256,0.055800610999995115,3.5227845990002606,0.019838513000195235,0,0,0,0,0,0,0.0001002569330221803,False,False,False,False
study04_a1_s77_llama1b_kv3072_cap3-00_generation_stagger_baseline,llama1b,3072,3,77,generation,stagger,baseline,2,256,768,0.040554479000093124,10.636487213000237,0.06260916199971689,0,0,0,0,0,0,0.00011790251527044049,False,False,False,False
study04_a1_s77_llama1b_kv3072_cap3-00_generation_stagger_baseline,llama1b,3072,3,77,generation,stagger,baseline,3,512,768,0.09016803500026072,10.640719367000202,0.035093934000087756,0,0,0,0,0,0,0.0002367496634634314,False,False,False,False
study04_a1_s77_llama1b_kv3072_cap3-00_generation_stagger_baseline,llama1b,3072,3,77,generation,stagger,baseline,7,512,256,9.673332776999814,13.152176990000044,0.01613682199968025,0,0,0,0,0,0,0.00011980034097991421,False,False,False,False
study04_a1_s77_llama1b_kv3072_cap3-00_generation_stagger_baseline,llama1b,3072,3,77,generation,stagger,baseline,5,128,768,3.3588963639999747,13.992652462000024,0.06183418199998414,0,0,0,0,0,0,7.904258108482054e-05,False,False,False,False
study04_a1_s77_llama1b_kv3072_cap3-00_generation_stagger_baseline,llama1b,3072,3,77,generation,stagger,baseline,8,512,256,12.761635888,16.261514241999976,0.02108098799999425,0,0,0,0,0,0,9.463394320263774e-05,False,False,False,False
study04_a1_s77_llama1b_kv3072_cap3-00_generation_stagger_baseline,llama1b,3072,3,77,generation,stagger,baseline,9,128,256,11.964669031000085,15.469950530999995,0.022094973000093887,0,0,0,0,0,0,8.065161423154166e-05,False,False,False,False
study04_a1_s77_llama1b_kv3072_cap3-00_generation_stagger_baseline,llama1b,3072,3,77,generation,stagger,baseline,10,128,64,15.08851741699982,15.967682250999587,0.0346040230001563,0,0,0,0,0,0,7.785931562143134e-05,False,False,False,False
study04_a1_s77_llama1b_kv3072_cap3-00_generation_stagger_baseline,llama1b,3072,3,77,generation,stagger,baseline,11,256,64,14.961656865999885,15.813439921999816,0.01559148499973162,0,0,0,0,0,0,0.00010567726191101912,False,False,False,False
study04_a1_s77_llama1b_kv3072_cap3-00_generation_stagger_baseline,llama1b,3072,3,77,generation,stagger,baseline,6,128,768,9.398866604999967,19.969238683000185,0.061950235000040266,0,0,0,0,0,0,0.00010208268341838078,False,False,False,False
study04_a1_s77_llama1b_kv3072_cap3-01_generation_burst_baseline,llama1b,3072,3,77,generation,burst,baseline,0,512,64,0.060547926999788615,0.9533869899996716,0.03754584200032696,0,0,0,0,0,0,0.00023847400007070974,False,False,False,False
study04_a1_s77_llama1b_kv3072_cap3-01_generation_burst_baseline,llama1b,3072,3,77,generation,burst,baseline,1,256,64,0.056456642000284774,0.9817873219999456,0.06136526199998116,0,0,0,0,0,0,8.448499984296809e-05,False,False,False,False
study04_a1_s77_llama1b_kv3072_cap3-01_generation_burst_baseline,llama1b,3072,3,77,generation,burst,baseline,4,256,256,0.8844519340000261,4.355449175999638,0.018847178999749303,0,0,0,0,0,0,6.843000010120504e-05,False,False,False,False
study04_a1_s77_llama1b_kv3072_cap3-01_generation_burst_baseline,llama1b,3072,3,77,generation,burst,baseline,2,256,768,0.05799845199999254,10.611219754000103,0.061587574999975914,0,0,0,0,0,0,7.468399999197017e-05,False,False,False,False
study04_a1_s77_llama1b_kv3072_cap3-01_generation_burst_baseline,llama1b,3072,3,77,generation,burst,baseline,3,512,768,0.882131371000014,11.424822176999896,0.037928408999960084,0,0,0,0,0,0,7.485800015272215e-05,False,False,False,False
study04_a1_s77_llama1b_kv3072_cap3-01_generation_burst_baseline,llama1b,3072,3,77,generation,burst,baseline,7,512,256,11.30641956699992,14.888728802999594,0.018550160999893706,0,0,0,0,0,0,0.00010274600017506907,False,False,False,False
study04_a1_s77_llama1b_kv3072_cap3-01_generation_burst_baseline,llama1b,3072,3,77,generation,burst,baseline,5,128,768,4.3422027860001435,15.065898498000024,0.06512419299997418,0,0,0,0,0,0,0.00010149199988518376,False,False,False,False
study04_a1_s77_llama1b_kv3072_cap3-01_generation_burst_baseline,llama1b,3072,3,77,generation,burst,baseline,8,512,256,14.916342369000176,18.68154924999999,0.027361110000128974,0,0,0,0,0,0,7.664599988854714e-05,False,False,False,False
study04_a1_s77_llama1b_kv3072_cap3-01_generation_burst_baseline,llama1b,3072,3,77,generation,burst,baseline,9,128,256,14.902785963000042,18.66886531700038,0.027245782000136387,0,0,0,0,0,0,6.59239997730654e-05,False,False,False,False
study04_a1_s77_llama1b_kv3072_cap3-01_generation_burst_baseline,llama1b,3072,3,77,generation,burst,baseline,10,128,64,18.61915655699977,19.511011595000127,0.038095418000011705,0,0,0,0,0,0,8.027900003071409e-05,False,False,False,False
study04_a1_s77_llama1b_kv3072_cap3-01_generation_burst_baseline,llama1b,3072,3,77,generation,burst,baseline,11,256,64,18.622600774000148,19.48826753200001,0.016452433000267774,0,0,0,0,0,0,6.56439999147107e-05,False,False,False,False
study04_a1_s77_llama1b_kv3072_cap3-01_generation_burst_baseline,llama1b,3072,3,77,generation,burst,baseline,6,128,768,10.44737540799997,21.425018570000248,0.06524077899985059,0,0,0,0,0,0,0.0001034859998980675,False,False,False,False
study05_a1_s77_llama1b_kv3072_cap12-00_balanced_burst_baseline,llama1b,3072,12,77,balanced,burst,baseline,1,512,128,0.09572149600035118,2.059527366000111,0.11677500299992971,0,0,0,0,0,0,9.519799978079113e-05,False,False,False,False
study05_a1_s77_llama1b_kv3072_cap12-00_balanced_burst_baseline,llama1b,3072,12,77,balanced,burst,baseline,0,256,256,0.04017657099984717,3.9266036999997596,0.11676483700011886,0,0,0,0,0,0,0.00012528600018413272,False,False,False,False
study05_a1_s77_llama1b_kv3072_cap12-00_balanced_burst_baseline,llama1b,3072,12,77,balanced,burst,baseline,2,1024,512,0.17235042600032102,7.549763596000048,0.11677630099984526,0,0,0,0,0,0,0.00012354799982858267,False,False,False,False
study05_a1_s77_llama1b_kv3072_cap12-00_balanced_burst_baseline,llama1b,3072,12,77,balanced,burst,baseline,3,1024,512,0.2390445789997102,8.75903177400005,1.1814640909997252,1,1072,1.0646288130001267,1.0646288130001267,1.0500950519999606,1.1814640909997252,9.309700008086619e-05,True,True,False,False
study05_a1_s77_llama1b_kv3072_cap12-00_balanced_burst_baseline,llama1b,3072,12,77,balanced,burst,baseline,7,128,64,7.474285850999877,8.926249343999643,0.5654070030000184,1,176,0.41224715299995296,0.41224715299995296,0,0,0.00011654700019786413,True,False,False,False
study05_a1_s77_llama1b_kv3072_cap12-00_balanced_burst_baseline,llama1b,3072,12,77,balanced,burst,baseline,4,512,128,3.8042270379996808,9.31125781899982,3.550803866000024,1,531,3.3920446789998095,3.3920446789998095,3.3756780439998693,3.550803866000024,9.280700014641097e-05,True,True,True,False
study05_a1_s77_llama1b_kv3072_cap12-00_balanced_burst_baseline,llama1b,3072,12,77,balanced,burst,baseline,6,512,128,7.524523489999865,9.523402777999763,0.15363558500030194,0,0,0,0,0,0,7.025900022195053e-05,False,False,False,False
study05_a1_s77_llama1b_kv3072_cap12-00_balanced_burst_baseline,llama1b,3072,12,77,balanced,burst,baseline,8,256,64,7.4244508970000425,9.604540394000196,1.2546663419998367,1,256,1.2430723019997458,1.2430723019997458,1.0835974239998905,1.2546663419998367,7.46169999729096e-05,True,True,False,False
study05_a1_s77_llama1b_kv3072_cap12-00_balanced_burst_baseline,llama1b,3072,12,77,balanced,burst,baseline,10,256,64,8.828178120999837,9.92966350200004,0.24503391400003238,1,256,0.22000104400012788,0.22000104400012788,0,0,7.773400011501508e-05,False,False,False,False
study05_a1_s77_llama1b_kv3072_cap12-00_balanced_burst_baseline,llama1b,3072,12,77,balanced,burst,baseline,9,1024,256,8.629246618000252,12.198908802999995,0.04757512100013628,0,0,0,0,0,0,0.00012601999997058355,False,False,False,False
study05_a1_s77_llama1b_kv3072_cap12-00_balanced_burst_baseline,llama1b,3072,12,77,balanced,burst,baseline,11,128,256,9.022949746999984,12.529683746000046,0.01810139600002003,0,0,0,0,0,0,0.00021692599984812766,False,False,False,False
study05_a1_s77_llama1b_kv3072_cap12-00_balanced_burst_baseline,llama1b,3072,12,77,balanced,burst,baseline,5,128,512,7.574519239999972,14.83060820999981,0.15308643300022595,0,0,0,0,0,0,0.00013311600014276337,False,False,False,False
study05_a1_s77_llama1b_kv3072_cap12-01_generation_stagger_baseline,llama1b,3072,12,77,generation,stagger,baseline,0,512,64,0.06036674100005257,0.9436799760001122,0.01704841699984172,0,0,0,0,0,0,9.201900002153707e-05,False,False,False,False
study05_a1_s77_llama1b_kv3072_cap12-01_generation_stagger_baseline,llama1b,3072,12,77,generation,stagger,baseline,1,256,64,0.03770377799992275,0.8934028110002146,0.016999558999941655,0,0,0,0,0,0,0.00010227957822706024,False,False,False,False
study05_a1_s77_llama1b_kv3072_cap12-01_generation_stagger_baseline,llama1b,3072,12,77,generation,stagger,baseline,4,256,256,0.054379751999931614,3.714726744000018,0.06167824600015592,0,0,0,0,0,0,8.043893342168928e-05,False,False,False,False
study05_a1_s77_llama1b_kv3072_cap12-01_generation_stagger_baseline,llama1b,3072,12,77,generation,stagger,baseline,2,256,768,0.050366042999939964,11.419754737999938,0.07634189700002025,0,0,0,0,0,0,0.00018532051579667197,False,False,False,False
study05_a1_s77_llama1b_kv3072_cap12-01_generation_stagger_baseline,llama1b,3072,12,77,generation,stagger,baseline,3,512,768,0.08689085600008184,11.544054101000256,0.144014535000224,0,0,0,0,0,0,0.00012956166378907952,False,False,False,False
study05_a1_s77_llama1b_kv3072_cap12-01_generation_stagger_baseline,llama1b,3072,12,77,generation,stagger,baseline,7,512,256,0.08622157899981175,11.185434524999891,6.758805355000277,2,1403,7.2733626349995575,6.598087608999776,6.582016708000083,6.758805355000277,7.240134111174967e-05,True,True,True,True
study05_a1_s77_llama1b_kv3072_cap12-01_generation_stagger_baseline,llama1b,3072,12,77,generation,stagger,baseline,5,128,768,0.05280063500003962,12.02441195199981,0.47015303600028346,1,811,0.32388346799962164,0.32388346799962164,0,0,7.758058153939373e-05,False,False,False,False
study05_a1_s77_llama1b_kv3072_cap12-01_generation_stagger_baseline,llama1b,3072,12,77,generation,stagger,baseline,10,128,64,9.000572001999899,10.389474661999884,0.5154048660001536,1,133,0.4504942690000462,0.4504942690000462,0,0,0.00010361331565622578,True,False,False,False
study05_a1_s77_llama1b_kv3072_cap12-01_generation_stagger_baseline,llama1b,3072,12,77,generation,stagger,baseline,11,256,64,9.121341955999924,10.003940926000269,0.016917542000101093,0,0,0,0,0,0,7.246826204454493e-05,False,False,False,False
study05_a1_s77_llama1b_kv3072_cap12-01_generation_stagger_baseline,llama1b,3072,12,77,generation,stagger,baseline,8,512,256,0.08523620999994819,13.57524897500025,9.639467173999947,1,547,9.478902814999856,9.478902814999856,9.46261545499965,9.639467173999947,0.00011159894341616905,True,True,True,True
study05_a1_s77_llama1b_kv3072_cap12-01_generation_stagger_baseline,llama1b,3072,12,77,generation,stagger,baseline,9,128,256,9.093848700999843,13.118759705999764,0.13461648200018317,1,160,0.06883434000019406,0.06883434000019406,0,0,7.151461445253915e-05,False,False,False,False
study05_a1_s77_llama1b_kv3072_cap12-01_generation_stagger_baseline,llama1b,3072,12,77,generation,stagger,baseline,6,128,768,0.03914005500018902,15.166809904999809,3.404597074999856,1,586,3.259934926999904,3.259934926999904,3.2427251989997785,3.404597074999856,0.00010317768366174818,True,True,True,False
study05_a1_s77_llama1b_kv3072_cap12-02_balanced_burst_fixed,llama1b,3072,12,77,balanced,burst,fixed,1,512,128,0.08803589299986925,1.9658251539999583,0.11304199200003495,0,0,0,0,0,0,0.00016544000000066894,False,False,False,False
study05_a1_s77_llama1b_kv3072_cap12-02_balanced_burst_fixed,llama1b,3072,12,77,balanced,burst,fixed,0,256,256,0.04609692899975926,3.7276533899998867,0.11322234399995068,0,0,0,0,0,0,0.0003729310001290287,False,False,False,False
study05_a1_s77_llama1b_kv3072_cap12-02_balanced_burst_fixed,llama1b,3072,12,77,balanced,burst,fixed,2,1024,512,0.1661608160002288,7.157835970000178,0.02129008400015664,0,0,0,0,0,0,9.03819999621136e-05,False,False,False,False
study05_a1_s77_llama1b_kv3072_cap12-02_balanced_burst_fixed,llama1b,3072,12,77,balanced,burst,fixed,4,512,128,7.236930753000252,8.969265431000167,0.015755184000227018,0,0,0,0,0,0,0.00019495799988361595,False,False,False,False
study05_a1_s77_llama1b_kv3072_cap12-02_balanced_burst_fixed,llama1b,3072,12,77,balanced,burst,fixed,7,128,64,8.906087069000023,9.777969860999747,0.015265238999745634,0,0,0,0,0,0,8.727400008862185e-05,False,False,False,False
study05_a1_s77_llama1b_kv3072_cap12-02_balanced_burst_fixed,llama1b,3072,12,77,balanced,burst,fixed,6,512,128,8.956215855999744,10.716900862999864,0.016138799999680487,0,0,0,0,0,0,0.00011111900012106268,False,False,False,False
study05_a1_s77_llama1b_kv3072_cap12-02_balanced_burst_fixed,llama1b,3072,12,77,balanced,burst,fixed,8,256,64,10.669893236000007,11.554978696000035,0.01801333200000954,0,0,0,0,0,0,0.00013672099985340136,False,False,False,False
study05_a1_s77_llama1b_kv3072_cap12-02_balanced_burst_fixed,llama1b,3072,12,77,balanced,burst,fixed,3,1024,512,7.2867930940001315,14.428521107000051,0.071265356999902,0,0,0,0,0,0,0.0001823309999963163,False,False,False,False
study05_a1_s77_llama1b_kv3072_cap12-02_balanced_burst_fixed,llama1b,3072,12,77,balanced,burst,fixed,5,128,512,7.186959058999946,14.328816663999987,0.07119678899971404,0,0,0,0,0,0,9.602000000086264e-05,False,False,False,False
study05_a1_s77_llama1b_kv3072_cap12-02_balanced_burst_fixed,llama1b,3072,12,77,balanced,burst,fixed,10,256,64,14.228084671000033,15.085704542999792,0.015516392000336054,0,0,0,0,0,0,0.00010959000019283849,False,False,False,False
study05_a1_s77_llama1b_kv3072_cap12-02_balanced_burst_fixed,llama1b,3072,12,77,balanced,burst,fixed,11,128,256,14.178204067999559,17.64776512799972,0.0178809789999832,0,0,0,0,0,0,8.44910002342214e-05,False,False,False,False
study05_a1_s77_llama1b_kv3072_cap12-02_balanced_burst_fixed,llama1b,3072,12,77,balanced,burst,fixed,9,1024,256,14.278270122999857,17.74837259099968,0.01787362300001405,0,0,0,0,0,0,0.00012019600017082466,False,False,False,False
study05_a1_s77_llama1b_kv3072_cap12-03_generation_burst_fixed,llama1b,3072,12,77,generation,burst,fixed,0,512,64,0.06246426600000632,1.0853234689998317,0.061608305999925506,0,0,0,0,0,0,0.00017135100006271387,False,False,False,False
study05_a1_s77_llama1b_kv3072_cap12-03_generation_burst_fixed,llama1b,3072,12,77,generation,burst,fixed,1,256,64,0.06490835700014941,1.0621243830000822,0.06132660799994483,0,0,0,0,0,0,0.00010266099998261502,False,False,False,False
study05_a1_s77_llama1b_kv3072_cap12-03_generation_burst_fixed,llama1b,3072,12,77,generation,burst,fixed,4,256,256,0.09927666999965368,3.715783437999562,0.061753553000016836,0,0,0,0,0,0,0.0001152420002654142,False,False,False,False
study05_a1_s77_llama1b_kv3072_cap12-03_generation_burst_fixed,llama1b,3072,12,77,generation,burst,fixed,2,256,768,0.06793797799991808,10.878148441999656,0.062054601999989245,0,0,0,0,0,0,9.896200017464607e-05,False,False,False,False
study05_a1_s77_llama1b_kv3072_cap12-03_generation_burst_fixed,llama1b,3072,12,77,generation,burst,fixed,3,512,768,0.09428739799977848,10.932230523999806,0.08864965699967797,0,0,0,0,0,0,0.00011855500006274777,False,False,False,False
study05_a1_s77_llama1b_kv3072_cap12-03_generation_burst_fixed,llama1b,3072,12,77,generation,burst,fixed,5,128,768,0.07151973400004863,11.60319044500011,0.7612643009997555,1,843,0.67134525199981,0.67134525199981,0,0,0.00014163700006974977,True,False,False,False
study05_a1_s77_llama1b_kv3072_cap12-03_generation_burst_fixed,llama1b,3072,12,77,generation,burst,fixed,10,128,64,11.511368790000233,12.387969308000265,0.015305921000162925,0,0,0,0,0,0,0.0003077139999732026,False,False,False,False
study05_a1_s77_llama1b_kv3072_cap12-03_generation_burst_fixed,llama1b,3072,12,77,generation,burst,fixed,7,512,256,0.8393387979999716,13.079682721000154,8.712599731999944,1,664,8.568028368999876,8.568028368999876,8.553762722000101,8.712599731999944,0.00018305499988852114,True,True,True,True
study05_a1_s77_llama1b_kv3072_cap12-03_generation_burst_fixed,llama1b,3072,12,77,generation,burst,fixed,11,256,64,12.931209631000002,13.794445865999933,0.015753695000057633,0,0,0,0,0,0,7.50440000956143e-05,False,False,False,False
study05_a1_s77_llama1b_kv3072_cap12-03_generation_burst_fixed,llama1b,3072,12,77,generation,burst,fixed,6,128,768,0.06164797000019462,14.752620922999995,3.8605331919998207,1,624,3.7927954480001063,3.7927954480001063,3.7783798229997956,3.8605331919998207,7.509500001101621e-05,True,True,True,False
study05_a1_s77_llama1b_kv3072_cap12-03_generation_burst_fixed,llama1b,3072,12,77,generation,burst,fixed,8,512,256,11.611693326000022,15.133674253999743,0.034575227000004816,0,0,0,0,0,0,8.212300017473861e-05,False,False,False,False
study05_a1_s77_llama1b_kv3072_cap12-03_generation_burst_fixed,llama1b,3072,12,77,generation,burst,fixed,9,128,256,11.561331069000062,15.083994952000012,0.03470822600002066,0,0,0,0,0,0,7.449300010192728e-05,False,False,False,False
study05_a1_s77_llama1b_kv3072_cap12-04_generation_stagger_fixed_resume,llama1b,3072,12,77,generation,stagger,fixed_resume,0,512,64,0.058795988999918336,0.8954108709999673,0.017334925000341173,0,0,0,0,0,0,0.0002270499999212916,False,False,False,False
study05_a1_s77_llama1b_kv3072_cap12-04_generation_stagger_fixed_resume,llama1b,3072,12,77,generation,stagger,fixed_resume,1,256,64,0.03941400500025338,0.870649179999873,0.015606160000061209,0,0,0,0,0,0,0.00021851257819860415,False,False,False,False
study05_a1_s77_llama1b_kv3072_cap12-04_generation_stagger_fixed_resume,llama1b,3072,12,77,generation,stagger,fixed_resume,4,256,256,0.05279139000003852,3.6594797860002473,0.06447106199993868,0,0,0,0,0,0,7.688393327320853e-05,False,False,False,False
study05_a1_s77_llama1b_kv3072_cap12-04_generation_stagger_fixed_resume,llama1b,3072,12,77,generation,stagger,fixed_resume,2,256,768,0.0490296859998125,10.901119601000119,0.0773968420003257,0,0,0,0,0,0,0.00038085451568248274,False,False,False,False
study05_a1_s77_llama1b_kv3072_cap12-04_generation_stagger_fixed_resume,llama1b,3072,12,77,generation,stagger,fixed_resume,3,512,768,0.09183518700001514,11.021503361000214,0.14143911400014986,0,0,0,0,0,0,0.00011225366356493183,False,False,False,False
study05_a1_s77_llama1b_kv3072_cap12-04_generation_stagger_fixed_resume,llama1b,3072,12,77,generation,stagger,fixed_resume,7,512,256,0.08592903599992496,10.541401693999887,6.193947226999626,2,1406,6.784708078999756,6.117582793999645,6.100933734999671,6.193947226999626,0.00010032234096701842,True,True,True,True
study05_a1_s77_llama1b_kv3072_cap12-04_generation_stagger_fixed_resume,llama1b,3072,12,77,generation,stagger,fixed_resume,5,128,768,0.04248692900000606,11.370926026000234,0.4586023169999862,1,813,0.3149165410000023,0.3149165410000023,0,0,8.240958140248722e-05,False,False,False,False
study05_a1_s77_llama1b_kv3072_cap12-04_generation_stagger_fixed_resume,llama1b,3072,12,77,generation,stagger,fixed_resume,10,128,64,9.29201076199979,10.179724823000015,0.01717737799981478,0,0,0,0,0,0,0.00010941631567806809,False,False,False,False
study05_a1_s77_llama1b_kv3072_cap12-04_generation_stagger_fixed_resume,llama1b,3072,12,77,generation,stagger,fixed_resume,11,256,64,8.827009384999656,9.714957341999707,0.017115149999881396,0,0,0,0,0,0,9.532826221647639e-05,False,False,False,False
study05_a1_s77_llama1b_kv3072_cap12-04_generation_stagger_fixed_resume,llama1b,3072,12,77,generation,stagger,fixed_resume,6,128,768,0.05135205699980361,14.197027119999802,3.244959398999981,1,587,3.1007537579998825,3.1007537579998825,3.0859642350001195,3.244959398999981,8.146168366973683e-05,True,True,True,False
study05_a1_s77_llama1b_kv3072_cap12-04_generation_stagger_fixed_resume,llama1b,3072,12,77,generation,stagger,fixed_resume,8,512,256,10.152912233999814,13.72033858099985,0.06102424599976075,0,0,0,0,0,0,9.490994346705861e-05,False,False,False,False
study05_a1_s77_llama1b_kv3072_cap12-04_generation_stagger_fixed_resume,llama1b,3072,12,77,generation,stagger,fixed_resume,9,128,256,9.38482173500006,12.889339558999836,0.01720805900004052,0,0,0,0,0,0,8.940861439121761e-05,False,False,False,False
study05_a1_s77_llama1b_kv3072_cap12-05_balanced_stagger_fixed_resume,llama1b,3072,12,77,balanced,stagger,fixed_resume,1,512,128,0.09299059899967688,1.9390116489998945,0.10879635999981474,0,0,0,0,0,0,0.00011380274122085865,False,False,False,False
study05_a1_s77_llama1b_kv3072_cap12-05_balanced_stagger_fixed_resume,llama1b,3072,12,77,balanced,stagger,fixed_resume,0,256,256,0.042159996000009414,3.6844960910002555,0.10890706000009232,0,0,0,0,0,0,0.00024570899995524087,False,False,False,False
study05_a1_s77_llama1b_kv3072_cap12-05_balanced_stagger_fixed_resume,llama1b,3072,12,77,balanced,stagger,fixed_resume,2,1024,512,0.12851030199999514,7.077107717999752,0.01800561900017783,0,0,0,0,0,0,8.171374578069823e-05,False,False,False,False
study05_a1_s77_llama1b_kv3072_cap12-05_balanced_stagger_fixed_resume,llama1b,3072,12,77,balanced,stagger,fixed_resume,4,512,128,5.638788636999834,7.39340881499993,0.016812693999781914,0,0,0,0,0,0,9.380014444859697e-05,False,False,False,False
study05_a1_s77_llama1b_kv3072_cap12-05_balanced_stagger_fixed_resume,llama1b,3072,12,77,balanced,stagger,fixed_resume,7,128,64,6.184777029000088,7.050351939000393,0.01737130099991191,0,0,0,0,0,0,0.00010875203588422977,False,False,False,False
study05_a1_s77_llama1b_kv3072_cap12-05_balanced_stagger_fixed_resume,llama1b,3072,12,77,balanced,stagger,fixed_resume,6,512,128,6.4371117790001335,8.186342050999883,0.017009816000154387,0,0,0,0,0,0,9.222777534967364e-05,False,False,False,False
study05_a1_s77_llama1b_kv3072_cap12-05_balanced_stagger_fixed_resume,llama1b,3072,12,77,balanced,stagger,fixed_resume,8,256,64,7.856601233999754,8.731134225999995,0.016922116999921855,0,0,0,0,0,0,0.00011852707473680724,False,False,False,False
study05_a1_s77_llama1b_kv3072_cap12-05_balanced_stagger_fixed_resume,llama1b,3072,12,77,balanced,stagger,fixed_resume,3,1024,512,7.12152855100021,14.238823119000244,0.07183321800039266,0,0,0,0,0,0,9.541771098331431e-05,False,False,False,False
study05_a1_s77_llama1b_kv3072_cap12-05_balanced_stagger_fixed_resume,llama1b,3072,12,77,balanced,stagger,fixed_resume,5,128,512,4.863415525000164,11.980835987999853,0.07205207800006974,0,0,0,0,0,0,6.856936230459354e-05,False,False,False,False
study05_a1_s77_llama1b_kv3072_cap12-05_balanced_stagger_fixed_resume,llama1b,3072,12,77,balanced,stagger,fixed_resume,10,256,64,10.391132311000092,11.268073875000027,0.016654667999773665,0,0,0,0,0,0,7.766755715366003e-05,False,False,False,False
study05_a1_s77_llama1b_kv3072_cap12-05_balanced_stagger_fixed_resume,llama1b,3072,12,77,balanced,stagger,fixed_resume,9,1024,256,11.221427800000129,14.706159584000034,0.017458250000345288,0,0,0,0,0,0,7.90544775730595e-05,False,False,False,False
study05_a1_s77_llama1b_kv3072_cap12-05_balanced_stagger_fixed_resume,llama1b,3072,12,77,balanced,stagger,fixed_resume,11,128,256,9.794164336999984,13.279295913000169,0.01745020199996361,0,0,0,0,0,0,0.0001057677865556883,False,False,False,False
study05_a1_s77_llama1b_kv3072_cap12-06_balanced_burst_adaptive,llama1b,3072,12,77,balanced,burst,adaptive,1,512,128,0.08584352399975614,2.059690262999993,0.11432827899989206,0,0,0,0,0,0,0.00012165500011178387,False,False,False,False
study05_a1_s77_llama1b_kv3072_cap12-06_balanced_burst_adaptive,llama1b,3072,12,77,balanced,burst,adaptive,0,256,256,0.04305416500028514,3.9454989780001597,0.11754845800032854,0,0,0,0,0,0,0.00032715199995436706,False,False,False,False
study05_a1_s77_llama1b_kv3072_cap12-06_balanced_burst_adaptive,llama1b,3072,12,77,balanced,burst,adaptive,2,1024,512,0.16308291700033806,7.569813561000046,0.11743221999995512,0,0,0,0,0,0,9.473399986745235e-05,False,False,False,False
study05_a1_s77_llama1b_kv3072_cap12-06_balanced_burst_adaptive,llama1b,3072,12,77,balanced,burst,adaptive,3,1024,512,0.24262809599986213,8.763149238000096,1.1780825920000098,1,1072,1.0582907540001543,1.0582907540001543,1.0428591899999446,1.1780825920000098,8.375500019608406e-05,True,True,False,False
study05_a1_s77_llama1b_kv3072_cap12-06_balanced_burst_adaptive,llama1b,3072,12,77,balanced,burst,adaptive,7,128,64,7.469639270999778,8.6421839249997,0.27724207799974465,1,189,0.22656945599965184,0.22656945599965184,0,0,0.00013073000027358228,False,False,False,False
study05_a1_s77_llama1b_kv3072_cap12-06_balanced_burst_adaptive,llama1b,3072,12,77,balanced,burst,adaptive,6,512,128,7.519408120000207,9.390604315000019,0.04890889200032689,0,0,0,0,0,0,8.280699985330209e-05,False,False,False,False
study05_a1_s77_llama1b_kv3072_cap12-06_balanced_burst_adaptive,llama1b,3072,12,77,balanced,burst,adaptive,4,512,128,7.619645840999965,9.490735887000028,0.04898975000014616,0,0,0,0,0,0,7.288700026036876e-05,False,False,False,False
study05_a1_s77_llama1b_kv3072_cap12-06_balanced_burst_adaptive,llama1b,3072,12,77,balanced,burst,adaptive,8,256,64,8.579692355000134,9.618527452999842,0.14239790299961896,0,0,0,0,0,0,8.776600006965563e-05,False,False,False,False
study05_a1_s77_llama1b_kv3072_cap12-06_balanced_burst_adaptive,llama1b,3072,12,77,balanced,burst,adaptive,10,256,64,9.348452847000317,10.259798074000173,0.023382040999877063,0,0,0,0,0,0,0.00011215699987587868,False,False,False,False
study05_a1_s77_llama1b_kv3072_cap12-06_balanced_burst_adaptive,llama1b,3072,12,77,balanced,burst,adaptive,9,1024,256,9.398605943999883,13.018126007999854,0.023318061000281887,0,0,0,0,0,0,0.0001021460000629193,False,False,False,False
study05_a1_s77_llama1b_kv3072_cap12-06_balanced_burst_adaptive,llama1b,3072,12,77,balanced,burst,adaptive,11,128,256,9.29854858500039,12.918301292000251,0.023347446999650856,0,0,0,0,0,0,7.618099989481486e-05,False,False,False,False
study05_a1_s77_llama1b_kv3072_cap12-06_balanced_burst_adaptive,llama1b,3072,12,77,balanced,burst,adaptive,5,128,512,7.569443851999949,14.970283683999696,0.14268224099987492,0,0,0,0,0,0,0.00014236000015444006,False,False,False,False
study05_a1_s77_llama1b_kv3072_cap12-07_generation_burst_fixed_resume,llama1b,3072,12,77,generation,burst,fixed_resume,0,512,64,0.06087096200008091,1.1230383629999778,0.06255221899982644,0,0,0,0,0,0,0.00011929699985557818,False,False,False,False
study05_a1_s77_llama1b_kv3072_cap12-07_generation_burst_fixed_resume,llama1b,3072,12,77,generation,burst,fixed_resume,1,256,64,0.06345790899968051,1.0960719509998853,0.062283600000228034,0,0,0,0,0,0,0.0001775100001395885,False,False,False,False
study05_a1_s77_llama1b_kv3072_cap12-07_generation_burst_fixed_resume,llama1b,3072,12,77,generation,burst,fixed_resume,4,256,256,0.1019519310002579,3.8777404779998506,0.0654615250000461,0,0,0,0,0,0,0.0002236399998764571,False,False,False,False
study05_a1_s77_llama1b_kv3072_cap12-07_generation_burst_fixed_resume,llama1b,3072,12,77,generation,burst,fixed_resume,2,256,768,0.065809783000077,11.353881015000297,0.07652410099990448,0,0,0,0,0,0,8.515099980285767e-05,False,False,False,False
study05_a1_s77_llama1b_kv3072_cap12-07_generation_burst_fixed_resume,llama1b,3072,12,77,generation,burst,fixed_resume,3,512,768,0.09534912600020107,11.474245175000306,0.15620861999968838,0,0,0,0,0,0,0.00010327799973308682,False,False,False,False
study05_a1_s77_llama1b_kv3072_cap12-07_generation_burst_fixed_resume,llama1b,3072,12,77,generation,burst,fixed_resume,7,512,256,0.8803419649998432,11.937537623000026,6.677915129000212,2,1390,7.235250655000073,6.595743145000142,6.584449099000267,6.677915129000212,0.00019328599992146644,True,True,True,True
study05_a1_s77_llama1b_kv3072_cap12-07_generation_burst_fixed_resume,llama1b,3072,12,77,generation,burst,fixed_resume,5,128,768,0.07812178199992559,12.215339205999953,0.8451186120000784,1,843,0.6893977529998665,0.6893977529998665,0,0,7.328099991354975e-05,True,False,False,False
study05_a1_s77_llama1b_kv3072_cap12-07_generation_burst_fixed_resume,llama1b,3072,12,77,generation,burst,fixed_resume,11,256,64,11.996719549000318,12.888793652000004,0.019306218000110675,0,0,0,0,0,0,6.810299983039947e-05,False,False,False,False
study05_a1_s77_llama1b_kv3072_cap12-07_generation_burst_fixed_resume,llama1b,3072,12,77,generation,burst,fixed_resume,10,128,64,12.046777575000306,12.938894879000145,0.019288844000129757,0,0,0,0,0,0,7.815399976607296e-05,False,False,False,False
study05_a1_s77_llama1b_kv3072_cap12-07_generation_burst_fixed_resume,llama1b,3072,12,77,generation,burst,fixed_resume,6,128,768,0.06649389199992584,15.281684711000253,4.001145745000031,1,624,3.842696756999885,3.842696756999885,3.8304799420002382,4.001145745000031,0.0001196999998682724,True,True,True,False
study05_a1_s77_llama1b_kv3072_cap12-07_generation_burst_fixed_resume,llama1b,3072,12,77,generation,burst,fixed_resume,8,512,256,11.964805881999837,15.580614079000043,0.06296366099968509,0,0,0,0,0,0,8.127300006888216e-05,False,False,False,False
study05_a1_s77_llama1b_kv3072_cap12-07_generation_burst_fixed_resume,llama1b,3072,12,77,generation,burst,fixed_resume,9,128,256,12.096825520000039,15.648778391000178,0.01959290900003907,0,0,0,0,0,0,8.656699974379789e-05,False,False,False,False
study05_a1_s77_llama1b_kv3072_cap12-08_generation_burst_baseline,llama1b,3072,12,77,generation,burst,baseline,0,512,64,0.05857976800007236,1.149053976000232,0.06678897600022538,0,0,0,0,0,0,0.00012726400018436834,False,False,False,False
study05_a1_s77_llama1b_kv3072_cap12-08_generation_burst_baseline,llama1b,3072,12,77,generation,burst,baseline,1,256,64,0.06188975300028687,1.2162995300000148,0.09933940500013705,0,0,0,0,0,0,9.279900014007303e-05,False,False,False,False
study05_a1_s77_llama1b_kv3072_cap12-08_generation_burst_baseline,llama1b,3072,12,77,generation,burst,baseline,4,256,256,0.09702375399956509,3.929797385999791,0.09939579000001686,0,0,0,0,0,0,0.00011054000042348688,False,False,False,False
study05_a1_s77_llama1b_kv3072_cap12-08_generation_burst_baseline,llama1b,3072,12,77,generation,burst,baseline,2,256,768,0.06367260700017141,11.136547498000255,0.09961667300012778,0,0,0,0,0,0,8.504799998262924e-05,False,False,False,False
study05_a1_s77_llama1b_kv3072_cap12-08_generation_burst_baseline,llama1b,3072,12,77,generation,burst,baseline,3,512,768,0.09522951600001761,11.255251313000372,0.15355141000009098,0,0,0,0,0,0,0.00010419700001873533,False,False,False,False
study05_a1_s77_llama1b_kv3072_cap12-08_generation_burst_baseline,llama1b,3072,12,77,generation,burst,baseline,7,512,256,0.08713668400014285,11.295013929000106,6.657737782999902,3,2031,7.242017696000403,6.501738822000334,6.486437324000235,6.657737782999902,8.408200019399681e-05,True,True,True,True
study05_a1_s77_llama1b_kv3072_cap12-08_generation_burst_baseline,llama1b,3072,12,77,generation,burst,baseline,5,128,768,0.0699398349997864,12.039644103999763,0.8101003719998516,1,843,0.6544201039996551,0.6544201039996551,0,0,0.0008129330003612267,True,False,False,False
study05_a1_s77_llama1b_kv3072_cap12-08_generation_burst_baseline,llama1b,3072,12,77,generation,burst,baseline,10,128,64,0.8198737470002015,11.955124194000291,10.266853871999956,1,136,10.220708368999567,10.220708368999567,10.203580157999568,10.266853871999956,9.51570000324864e-05,True,True,True,True
study05_a1_s77_llama1b_kv3072_cap12-08_generation_burst_baseline,llama1b,3072,12,77,generation,burst,baseline,11,256,64,11.157363980000355,12.02804750300038,0.015564698000162025,0,0,0,0,0,0,0.00012132199999537185,False,False,False,False
study05_a1_s77_llama1b_kv3072_cap12-08_generation_burst_baseline,llama1b,3072,12,77,generation,burst,baseline,8,512,256,0.8666877259997818,13.967562131999784,9.50977965500033,1,565,9.354870033000225,9.354870033000225,9.338273986000331,9.50977965500033,0.00017314100032306268,True,True,True,True
study05_a1_s77_llama1b_kv3072_cap12-08_generation_burst_baseline,llama1b,3072,12,77,generation,burst,baseline,9,128,256,0.8700203210000836,14.245449309999913,9.830253503000222,1,157,9.67908688200032,9.67908688200032,9.658694247000312,9.830253503000222,9.468600028411656e-05,True,True,True,True
study05_a1_s77_llama1b_kv3072_cap12-08_generation_burst_baseline,llama1b,3072,12,77,generation,burst,baseline,6,128,768,0.05749468100020749,14.963784742000371,3.811749724999572,1,624,3.656944426999871,3.656944426999871,3.6425282379996133,3.811749724999572,7.676700006409298e-05,True,True,True,False
study05_a1_s77_llama1b_kv3072_cap12-09_balanced_stagger_baseline,llama1b,3072,12,77,balanced,stagger,baseline,1,512,128,0.09014925900009985,2.037056369000311,0.11449043899983735,0,0,0,0,0,0,9.033374066813593e-05,False,False,False,False
study05_a1_s77_llama1b_kv3072_cap12-09_balanced_stagger_baseline,llama1b,3072,12,77,balanced,stagger,baseline,0,256,256,0.04342839999981152,3.907804410999688,0.11763910899981056,0,0,0,0,0,0,0.00018058700015899376,False,False,False,False
study05_a1_s77_llama1b_kv3072_cap12-09_balanced_stagger_baseline,llama1b,3072,12,77,balanced,stagger,baseline,2,1024,512,0.12859351899987814,7.492090017999999,0.11785168599999452,0,0,0,0,0,0,8.372674541079483e-05,False,False,False,False
study05_a1_s77_llama1b_kv3072_cap12-09_balanced_stagger_baseline,llama1b,3072,12,77,balanced,stagger,baseline,3,1024,512,0.136011359999884,8.444528313999854,1.0314533820001088,1,1056,0.9121282609999071,0.9121282609999071,0.8967051069998888,1.0314533820001088,7.382871101246913e-05,True,True,False,False
study05_a1_s77_llama1b_kv3072_cap12-09_balanced_stagger_baseline,llama1b,3072,12,77,balanced,stagger,baseline,4,512,128,1.715571749999981,7.309160263999729,3.6987027909999597,1,556,3.559229073000097,3.559229073000097,3.543739679000282,3.6987027909999597,0.0002504211443086213,True,True,True,False
study05_a1_s77_llama1b_kv3072_cap12-09_balanced_stagger_baseline,llama1b,3072,12,77,balanced,stagger,baseline,7,128,64,4.73083571899997,6.029401425999822,0.42597742900034063,1,176,0.27661724900008267,0.27661724900008267,0,0,9.383203587187694e-05,False,False,False,False
study05_a1_s77_llama1b_kv3072_cap12-09_balanced_stagger_baseline,llama1b,3072,12,77,balanced,stagger,baseline,6,512,128,4.982914729000186,6.928329228000166,0.14698841199970047,0,0,0,0,0,0,8.038977503099787e-05,False,False,False,False
study05_a1_s77_llama1b_kv3072_cap12-09_balanced_stagger_baseline,llama1b,3072,12,77,balanced,stagger,baseline,8,256,64,5.698787105000065,6.615420177000033,0.046150718000262714,0,0,0,0,0,0,8.798307442647868e-05,False,False,False,False
study05_a1_s77_llama1b_kv3072_cap12-09_balanced_stagger_baseline,llama1b,3072,12,77,balanced,stagger,baseline,10,256,64,4.85329254699991,5.732844454000315,0.017292086999987077,0,0,0,0,0,0,9.105355701777285e-05,False,False,False,False
study05_a1_s77_llama1b_kv3072_cap12-09_balanced_stagger_baseline,llama1b,3072,12,77,balanced,stagger,baseline,9,1024,256,5.436718603999907,8.989289624999856,0.046163930999682634,0,0,0,0,0,0,0.0001083744776400053,False,False,False,False
study05_a1_s77_llama1b_kv3072_cap12-09_balanced_stagger_baseline,llama1b,3072,12,77,balanced,stagger,baseline,11,128,256,4.256600634000279,7.766415432000031,0.017558976000145776,0,0,0,0,0,0,7.512378639340511e-05,False,False,False,False
study05_a1_s77_llama1b_kv3072_cap12-09_balanced_stagger_baseline,llama1b,3072,12,77,balanced,stagger,baseline,5,128,512,0.9404195339998296,12.371506674000102,4.310518462000346,1,128,4.2263351900001,4.2263351900001,4.155605614000251,4.310518462000346,0.00013174836218521335,True,True,True,False
study05_a1_s77_llama1b_kv3072_cap12-10_generation_burst_adaptive_resume,llama1b,3072,12,77,generation,burst,adaptive_resume,0,512,64,0.06403846500006694,1.1861025499997595,0.06459140000015395,0,0,0,0,0,0,0.0001717770001050667,False,False,False,False
study05_a1_s77_llama1b_kv3072_cap12-10_generation_burst_adaptive_resume,llama1b,3072,12,77,generation,burst,adaptive_resume,1,256,64,0.0654104569998708,1.2159044739996716,0.06494861000010133,0,0,0,0,0,0,0.00020250100005796134,False,False,False,False
study05_a1_s77_llama1b_kv3072_cap12-10_generation_burst_adaptive_resume,llama1b,3072,12,77,generation,burst,adaptive_resume,4,256,256,0.09764700300002005,3.9027236189999712,0.06486324399975274,0,0,0,0,0,0,0.00016987000008156228,False,False,False,False
study05_a1_s77_llama1b_kv3072_cap12-10_generation_burst_adaptive_resume,llama1b,3072,12,77,generation,burst,adaptive_resume,2,256,768,0.06671952299984696,11.325882866000029,0.07068910299994968,0,0,0,0,0,0,7.30089999706196e-05,False,False,False,False
study05_a1_s77_llama1b_kv3072_cap12-10_generation_burst_adaptive_resume,llama1b,3072,12,77,generation,burst,adaptive_resume,3,512,768,0.09457011499989676,11.442847021000034,0.15238718000000517,0,0,0,0,0,0,0.0001346370000646635,False,False,False,False
study05_a1_s77_llama1b_kv3072_cap12-10_generation_burst_adaptive_resume,llama1b,3072,12,77,generation,burst,adaptive_resume,7,512,256,0.09281359599981442,11.416122277999875,6.7890156489997935,3,2031,7.460999481999352,6.70564109299994,6.6904364349998104,6.7890156489997935,0.00014269400016925227,True,True,True,True
study05_a1_s77_llama1b_kv3072_cap12-10_generation_burst_adaptive_resume,llama1b,3072,12,77,generation,burst,adaptive_resume,5,128,768,0.0728164009997272,12.135995251999702,0.839259834999666,1,843,0.6888045450000391,0.6888045450000391,0,0,7.49000000723754e-05,True,False,False,False
study05_a1_s77_llama1b_kv3072_cap12-10_generation_burst_adaptive_resume,llama1b,3072,12,77,generation,burst,adaptive_resume,10,128,64,12.011423507000018,12.918419915000413,0.01837081700023191,0,0,0,0,0,0,7.2823999744287e-05,False,False,False,False
study05_a1_s77_llama1b_kv3072_cap12-10_generation_burst_adaptive_resume,llama1b,3072,12,77,generation,burst,adaptive_resume,11,256,64,11.961169698999583,12.868466989999888,0.018492972999865742,0,0,0,0,0,0,0.0001408720001563335,False,False,False,False
study05_a1_s77_llama1b_kv3072_cap12-10_generation_burst_adaptive_resume,llama1b,3072,12,77,generation,burst,adaptive_resume,6,128,768,0.06334322100019563,15.260160150000047,3.9340581530000236,1,624,3.7808995529999265,3.7808995529999265,3.7664390410000124,3.9340581530000236,0.00010838099997267925,True,True,True,False
study05_a1_s77_llama1b_kv3072_cap12-10_generation_burst_adaptive_resume,llama1b,3072,12,77,generation,burst,adaptive_resume,8,512,256,12.111282869000206,15.676226770000085,0.018757863999780966,0,0,0,0,0,0,0.0001444999998966301,False,False,False,False
study05_a1_s77_llama1b_kv3072_cap12-10_generation_burst_adaptive_resume,llama1b,3072,12,77,generation,burst,adaptive_resume,9,128,256,12.061149850999755,15.626639196999804,0.01866199799997048,0,0,0,0,0,0,9.393600003021474e-05,False,False,False,False
study05_a1_s77_llama1b_kv3072_cap12-11_balanced_stagger_adaptive,llama1b,3072,12,77,balanced,stagger,adaptive,1,512,128,0.08535887099969841,2.0603862039997694,0.1174028890000045,0,0,0,0,0,0,8.017074128030544e-05,False,False,False,False
study05_a1_s77_llama1b_kv3072_cap12-11_balanced_stagger_adaptive,llama1b,3072,12,77,balanced,stagger,adaptive,0,256,256,0.047232268000243494,3.9793352770002457,0.11744217800014667,0,0,0,0,0,0,0.00025471600019955076,False,False,False,False
study05_a1_s77_llama1b_kv3072_cap12-11_balanced_stagger_adaptive,llama1b,3072,12,77,balanced,stagger,adaptive,2,1024,512,0.13357829500000662,7.553166553999745,0.11732539900003758,0,0,0,0,0,0,0.00010457674592090349,False,False,False,False
study05_a1_s77_llama1b_kv3072_cap12-11_balanced_stagger_adaptive,llama1b,3072,12,77,balanced,stagger,adaptive,3,1024,512,0.14158211199992365,8.505993143999603,1.022563712000192,1,1057,0.9054542650001167,0.9054542650001167,0.8925361430001431,1.022563712000192,0.00012651971130428485,True,True,False,False
study05_a1_s77_llama1b_kv3072_cap12-11_balanced_stagger_adaptive,llama1b,3072,12,77,balanced,stagger,adaptive,7,128,64,4.787983473999702,5.944159551999746,0.2796335360003468,1,179,0.23215985700016972,0.23215985700016972,0,0,8.415903630432098e-05,False,False,False,False
study05_a1_s77_llama1b_kv3072_cap12-11_balanced_stagger_adaptive,llama1b,3072,12,77,balanced,stagger,adaptive,4,512,128,6.083334932000071,7.9171107610000035,0.045702056999743945,0,0,0,0,0,0,8.130114429905078e-05,False,False,False,False
study05_a1_s77_llama1b_kv3072_cap12-11_balanced_stagger_adaptive,llama1b,3072,12,77,balanced,stagger,adaptive,6,512,128,5.039939930999935,6.873988852999901,0.045560544000181835,0,0,0,0,0,0,9.876377535045222e-05,False,False,False,False
study05_a1_s77_llama1b_kv3072_cap12-11_balanced_stagger_adaptive,llama1b,3072,12,77,balanced,stagger,adaptive,8,256,64,5.658860580000237,6.686052501000177,0.15110938199995871,0,0,0,0,0,0,7.890207451000109e-05,False,False,False,False
study05_a1_s77_llama1b_kv3072_cap12-11_balanced_stagger_adaptive,llama1b,3072,12,77,balanced,stagger,adaptive,10,256,64,5.567107967999618,6.44223287099976,0.018718282000008912,0,0,0,0,0,0,0.0001505115575959337,False,False,False,False
study05_a1_s77_llama1b_kv3072_cap12-11_balanced_stagger_adaptive,llama1b,3072,12,77,balanced,stagger,adaptive,9,1024,256,6.397675068999888,9.954754979999962,0.018809613000030367,0,0,0,0,0,0,0.0001322614778649367,False,False,False,False
study05_a1_s77_llama1b_kv3072_cap12-11_balanced_stagger_adaptive,llama1b,3072,12,77,balanced,stagger,adaptive,11,128,256,4.970576724999773,8.52804101899983,0.018809355000030337,0,0,0,0,0,0,8.63877868706453e-05,False,False,False,False
study05_a1_s77_llama1b_kv3072_cap12-11_balanced_stagger_adaptive,llama1b,3072,12,77,balanced,stagger,adaptive,5,128,512,5.307913218000067,12.573441466000077,0.15109832000007373,0,0,0,0,0,0,0.00010576136234075051,False,False,False,False
study05_a1_s77_llama1b_kv3072_cap12-12_balanced_stagger_fixed,llama1b,3072,12,77,balanced,stagger,fixed,1,512,128,0.08908851300020615,1.9318792690000919,0.1103788909999821,0,0,0,0,0,0,7.655974081455241e-05,False,False,False,False
study05_a1_s77_llama1b_kv3072_cap12-12_balanced_stagger_fixed,llama1b,3072,12,77,balanced,stagger,fixed,0,256,256,0.042461060999812617,3.669138243999896,0.11038086999997176,0,0,0,0,0,0,0.00025103600000875304,False,False,False,False
study05_a1_s77_llama1b_kv3072_cap12-12_balanced_stagger_fixed,llama1b,3072,12,77,balanced,stagger,fixed,2,1024,512,0.1333456990000741,7.085577996999746,0.018427773999974306,0,0,0,0,0,0,7.876074563228919e-05,False,False,False,False
study05_a1_s77_llama1b_kv3072_cap12-12_balanced_stagger_fixed,llama1b,3072,12,77,balanced,stagger,fixed,4,512,128,5.646694214000036,7.393853833000321,0.01738961000000927,0,0,0,0,0,0,6.674714405408011e-05,False,False,False,False
study05_a1_s77_llama1b_kv3072_cap12-12_balanced_stagger_fixed,llama1b,3072,12,77,balanced,stagger,fixed,7,128,64,6.186196346000088,7.058618188999844,0.016547166000236757,0,0,0,0,0,0,0.000113047035937619,False,False,False,False
study05_a1_s77_llama1b_kv3072_cap12-12_balanced_stagger_fixed,llama1b,3072,12,77,balanced,stagger,fixed,6,512,128,6.438287374000083,8.184405532000255,0.016502300999945874,0,0,0,0,0,0,7.111077493471285e-05,False,False,False,False
study05_a1_s77_llama1b_kv3072_cap12-12_balanced_stagger_fixed,llama1b,3072,12,77,balanced,stagger,fixed,8,256,64,7.852122477999728,8.733705012999962,0.023746516999835876,0,0,0,0,0,0,0.0001119190745879628,False,False,False,False
study05_a1_s77_llama1b_kv3072_cap12-12_balanced_stagger_fixed,llama1b,3072,12,77,balanced,stagger,fixed,3,1024,512,7.129800779000107,14.295790432000103,0.07269479000024148,0,0,0,0,0,0,7.57287109280913e-05,False,False,False,False
study05_a1_s77_llama1b_kv3072_cap12-12_balanced_stagger_fixed,llama1b,3072,12,77,balanced,stagger,fixed,5,128,512,4.871465470000203,12.037783388000207,0.07271996899999067,0,0,0,0,0,0,8.161436213693918e-05,False,False,False,False
study05_a1_s77_llama1b_kv3072_cap12-12_balanced_stagger_fixed,llama1b,3072,12,77,balanced,stagger,fixed,10,256,64,10.450172145000124,11.333085761999882,0.02095641500000056,0,0,0,0,0,0,5.952255714092303e-05,False,False,False,False
study05_a1_s77_llama1b_kv3072_cap12-12_balanced_stagger_fixed,llama1b,3072,12,77,balanced,stagger,fixed,11,128,256,9.852990527999737,13.375122897999972,0.02056354200021815,0,0,0,0,0,0,8.915378672291752e-05,False,False,False,False
study05_a1_s77_llama1b_kv3072_cap12-12_balanced_stagger_fixed,llama1b,3072,12,77,balanced,stagger,fixed,9,1024,256,11.280180784000095,14.802951430000121,0.020602820000021893,0,0,0,0,0,0,0.00010967947748152795,False,False,False,False
study05_a1_s77_llama1b_kv3072_cap12-13_generation_stagger_adaptive_resume,llama1b,3072,12,77,generation,stagger,adaptive_resume,0,512,64,0.05784353699982603,0.8917934080000123,0.016248775999883946,0,0,0,0,0,0,8.42079998619738e-05,False,False,False,False
study05_a1_s77_llama1b_kv3072_cap12-13_generation_stagger_adaptive_resume,llama1b,3072,12,77,generation,stagger,adaptive_resume,1,256,64,0.03868283500014513,0.8641084070000034,0.016525711999747728,0,0,0,0,0,0,9.834757797277938e-05,False,False,False,False
study05_a1_s77_llama1b_kv3072_cap12-13_generation_stagger_adaptive_resume,llama1b,3072,12,77,generation,stagger,adaptive_resume,4,256,256,0.06943262300001152,4.105945563000205,0.06623761099990588,0,0,0,0,0,0,0.00013912593305853704,False,False,False,False
study05_a1_s77_llama1b_kv3072_cap12-13_generation_stagger_adaptive_resume,llama1b,3072,12,77,generation,stagger,adaptive_resume,2,256,768,0.04146775500021249,12.462651602999813,0.06925684499992713,0,0,0,0,0,0,0.00022711251538920507,False,False,False,False
study05_a1_s77_llama1b_kv3072_cap12-13_generation_stagger_adaptive_resume,llama1b,3072,12,77,generation,stagger,adaptive_resume,3,512,768,0.09130827999979374,12.603851365000082,0.14742023300004803,0,0,0,0,0,0,8.28226637623608e-05,False,False,False,False
study05_a1_s77_llama1b_kv3072_cap12-13_generation_stagger_adaptive_resume,llama1b,3072,12,77,generation,stagger,adaptive_resume,7,512,256,0.08431313699975362,12.227232592999826,7.368922878999456,2,1416,7.947618350000539,7.223015324000244,7.203575703999832,7.368922878999456,0.0001714733411235514,True,True,True,True
study05_a1_s77_llama1b_kv3072_cap12-13_generation_stagger_adaptive_resume,llama1b,3072,12,77,generation,stagger,adaptive_resume,5,128,768,0.0527536899999177,13.118729104000067,0.5572041140003421,1,815,0.4095593190004365,0.4095593190004365,0,0,0.00018153658128738925,True,False,False,False
study05_a1_s77_llama1b_kv3072_cap12-13_generation_stagger_adaptive_resume,llama1b,3072,12,77,generation,stagger,adaptive_resume,10,128,64,11.044047561000298,12.000592741000219,0.021427727999252966,0,0,0,0,0,0,0.00010617231542386918,False,False,False,False
study05_a1_s77_llama1b_kv3072_cap12-13_generation_stagger_adaptive_resume,llama1b,3072,12,77,generation,stagger,adaptive_resume,11,256,64,10.579447534999872,11.535900901999867,0.021065218000330788,0,0,0,0,0,0,0.0001249232621036711,False,False,False,False
study05_a1_s77_llama1b_kv3072_cap12-13_generation_stagger_adaptive_resume,llama1b,3072,12,77,generation,stagger,adaptive_resume,8,512,256,0.08890258999963407,14.559176858999763,10.430267415999879,1,558,10.278880150000077,10.278880150000077,10.264810423000199,10.430267415999879,0.0001018369434255817,True,True,True,True
study05_a1_s77_llama1b_kv3072_cap12-13_generation_stagger_adaptive_resume,llama1b,3072,12,77,generation,stagger,adaptive_resume,6,128,768,0.051471348000177386,16.269794660000116,3.7524677500005055,1,592,3.606828941999993,3.606828941999993,3.588077723000424,3.7524677500005055,8.498268326828651e-05,True,True,True,False
study05_a1_s77_llama1b_kv3072_cap12-13_generation_stagger_adaptive_resume,llama1b,3072,12,77,generation,stagger,adaptive_resume,9,128,256,11.137196137000046,15.100759661999746,0.021477967999999237,0,0,0,0,0,0,9.070361433849428e-05,False,False,False,False
study05_a1_s77_llama1b_kv3072_cap12-14_balanced_burst_adaptive_resume,llama1b,3072,12,77,balanced,burst,adaptive_resume,1,512,128,0.08349471899964556,2.314798673999576,0.11470018500040169,0,0,0,0,0,0,0.00010612800015223633,False,False,False,False
study05_a1_s77_llama1b_kv3072_cap12-14_balanced_burst_adaptive_resume,llama1b,3072,12,77,balanced,burst,adaptive_resume,0,256,256,0.0427381930003321,4.514945529000215,0.11498219900022377,0,0,0,0,0,0,9.375199988426175e-05,False,False,False,False
study05_a1_s77_llama1b_kv3072_cap12-14_balanced_burst_adaptive_resume,llama1b,3072,12,77,balanced,burst,adaptive_resume,2,1024,512,0.16076451299977634,8.681883247999394,0.1149438980000923,0,0,0,0,0,0,0.00019733900026039364,False,False,False,False
study05_a1_s77_llama1b_kv3072_cap12-14_balanced_burst_adaptive_resume,llama1b,3072,12,77,balanced,burst,adaptive_resume,3,1024,512,0.24094508799953473,10.076805121999314,1.3880116800000906,1,1072,1.2674635020002825,1.2674635020002825,1.2531432069999937,1.3880116800000906,8.51640003020071e-05,True,True,False,False
study05_a1_s77_llama1b_kv3072_cap12-14_balanced_burst_adaptive_resume,llama1b,3072,12,77,balanced,burst,adaptive_resume,7,128,64,8.58169466399977,9.965125682999314,0.3181109320003088,1,189,0.26413263799986453,0.26413263799986453,0,0,0.00010095800043924408,False,False,False,False
study05_a1_s77_llama1b_kv3072_cap12-14_balanced_burst_adaptive_resume,llama1b,3072,12,77,balanced,burst,adaptive_resume,6,512,128,8.631494629999906,10.800749687000462,0.05228314800024236,0,0,0,0,0,0,0.00016442499982072256,False,False,False,False
study05_a1_s77_llama1b_kv3072_cap12-14_balanced_burst_adaptive_resume,llama1b,3072,12,77,balanced,burst,adaptive_resume,4,512,128,8.731337885000357,10.901588701000037,0.05197014199984551,0,0,0,0,0,0,7.450299999617327e-05,False,False,False,False
study05_a1_s77_llama1b_kv3072_cap12-14_balanced_burst_adaptive_resume,llama1b,3072,12,77,balanced,burst,adaptive_resume,8,256,64,9.900054865999664,11.08167337499981,0.16250121800021589,0,0,0,0,0,0,0.00010467499996591467,False,False,False,False
study05_a1_s77_llama1b_kv3072_cap12-14_balanced_burst_adaptive_resume,llama1b,3072,12,77,balanced,burst,adaptive_resume,10,256,64,10.781624303999706,11.742270556999756,0.018288950999703957,0,0,0,0,0,0,0.00011051500041503459,False,False,False,False
study05_a1_s77_llama1b_kv3072_cap12-14_balanced_burst_adaptive_resume,llama1b,3072,12,77,balanced,burst,adaptive_resume,11,128,256,10.731545564000044,14.470337210999787,0.023299614999814366,0,0,0,0,0,0,0.00011355300030113646,False,False,False,False
study05_a1_s77_llama1b_kv3072_cap12-14_balanced_burst_adaptive_resume,llama1b,3072,12,77,balanced,burst,adaptive_resume,9,1024,256,10.831418419999864,14.57067653499962,0.023593178999362863,0,0,0,0,0,0,0.00015775600040796034,False,False,False,False
study05_a1_s77_llama1b_kv3072_cap12-14_balanced_burst_adaptive_resume,llama1b,3072,12,77,balanced,burst,adaptive_resume,5,128,512,8.681824016000064,16.515678757999922,0.16199886000049446,0,0,0,0,0,0,8.717899982002564e-05,False,False,False,False
study05_a1_s77_llama1b_kv3072_cap12-15_balanced_burst_fixed_resume,llama1b,3072,12,77,balanced,burst,fixed_resume,1,512,128,0.08896781400017062,1.9866686939994906,0.11163312699954986,0,0,0,0,0,0,0.0001225389998580767,False,False,False,False
study05_a1_s77_llama1b_kv3072_cap12-15_balanced_burst_fixed_resume,llama1b,3072,12,77,balanced,burst,fixed_resume,0,256,256,0.03858702999968955,3.7308892270002616,0.11184369100010372,0,0,0,0,0,0,0.00010692999967432115,False,False,False,False
study05_a1_s77_llama1b_kv3072_cap12-15_balanced_burst_fixed_resume,llama1b,3072,12,77,balanced,burst,fixed_resume,2,1024,512,0.16613139500077523,7.199542582000504,0.022061015999497613,0,0,0,0,0,0,0.0001137219991505789,False,False,False,False
study05_a1_s77_llama1b_kv3072_cap12-15_balanced_burst_fixed_resume,llama1b,3072,12,77,balanced,burst,fixed_resume,4,512,128,7.281310063999626,9.022367499999746,0.016224009000325168,0,0,0,0,0,0,0.00014056699983483467,False,False,False,False
study05_a1_s77_llama1b_kv3072_cap12-15_balanced_burst_fixed_resume,llama1b,3072,12,77,balanced,burst,fixed_resume,7,128,64,8.956884584999898,9.829474811000182,0.016649411999424046,0,0,0,0,0,0,0.0001237969994690169,False,False,False,False
study05_a1_s77_llama1b_kv3072_cap12-15_balanced_burst_fixed_resume,llama1b,3072,12,77,balanced,burst,fixed_resume,6,512,128,9.00681257100041,10.762851522999881,0.016958973999862792,0,0,0,0,0,0,9.10089995158625e-05,False,False,False,False
study05_a1_s77_llama1b_kv3072_cap12-15_balanced_burst_fixed_resume,llama1b,3072,12,77,balanced,burst,fixed_resume,8,256,64,10.715910580000127,11.582694147000439,0.017440163000173925,0,0,0,0,0,0,0.0001518379991466423,False,False,False,False
study05_a1_s77_llama1b_kv3072_cap12-15_balanced_burst_fixed_resume,llama1b,3072,12,77,balanced,burst,fixed_resume,5,128,512,7.231109363000542,14.336941755000225,0.07066830800067692,0,0,0,0,0,0,0.00010659099916665582,False,False,False,False
study05_a1_s77_llama1b_kv3072_cap12-15_balanced_burst_fixed_resume,llama1b,3072,12,77,balanced,burst,fixed_resume,3,1024,512,7.331293885999912,14.437172269000257,0.07076830799996969,0,0,0,0,0,0,8.401599970964124e-05,False,False,False,False
study05_a1_s77_llama1b_kv3072_cap12-15_balanced_burst_fixed_resume,llama1b,3072,12,77,balanced,burst,fixed_resume,10,256,64,14.235472084000321,15.091597862000526,0.01626978500007681,0,0,0,0,0,0,8.68499992066063e-05,False,False,False,False
study05_a1_s77_llama1b_kv3072_cap12-15_balanced_burst_fixed_resume,llama1b,3072,12,77,balanced,burst,fixed_resume,9,1024,256,14.28531806799947,17.741111405000083,0.01835455499985983,0,0,0,0,0,0,0.0001754049997543805,False,False,False,False
study05_a1_s77_llama1b_kv3072_cap12-15_balanced_burst_fixed_resume,llama1b,3072,12,77,balanced,burst,fixed_resume,11,128,256,14.185204224999325,17.641786358999525,0.01826476900077978,0,0,0,0,0,0,0.00011836999983638741,False,False,False,False
study05_a1_s77_llama1b_kv3072_cap12-16_generation_burst_adaptive,llama1b,3072,12,77,generation,burst,adaptive,0,512,64,0.06605804199989507,1.1349490160000641,0.061166138999396935,0,0,0,0,0,0,0.0002529579996917164,False,False,False,False
study05_a1_s77_llama1b_kv3072_cap12-16_generation_burst_adaptive,llama1b,3072,12,77,generation,burst,adaptive,1,256,64,0.06478033199982747,1.1629318779996538,0.06283274799989158,0,0,0,0,0,0,0.00011256199941271638,False,False,False,False
study05_a1_s77_llama1b_kv3072_cap12-16_generation_burst_adaptive,llama1b,3072,12,77,generation,burst,adaptive,4,256,256,0.0983575620002739,3.831002120999983,0.06252569099979155,0,0,0,0,0,0,0.00013272799951663528,False,False,False,False
study05_a1_s77_llama1b_kv3072_cap12-16_generation_burst_adaptive,llama1b,3072,12,77,generation,burst,adaptive,2,256,768,0.06763838599999872,11.50635419000082,0.06222284799969202,0,0,0,0,0,0,7.099199901858255e-05,False,False,False,False
study05_a1_s77_llama1b_kv3072_cap12-16_generation_burst_adaptive,llama1b,3072,12,77,generation,burst,adaptive,3,512,768,0.09418675800043275,11.561305565000112,0.0879494569999224,0,0,0,0,0,0,6.988599907342685e-05,False,False,False,False
study05_a1_s77_llama1b_kv3072_cap12-16_generation_burst_adaptive,llama1b,3072,12,77,generation,burst,adaptive,5,128,768,0.06982846399932896,12.254233927999849,0.7919581310006834,1,843,0.7027228400002059,0.7027228400002059,0,0,0.0001237699998455355,True,False,False,False
study05_a1_s77_llama1b_kv3072_cap12-16_generation_burst_adaptive,llama1b,3072,12,77,generation,burst,adaptive,7,512,256,0.08671370299998671,13.142900144000123,9.37489371799984,2,1270,9.26791626100021,9.225678044000233,9.207950545999665,9.37489371799984,8.907899918991768e-05,True,True,True,True
study05_a1_s77_llama1b_kv3072_cap12-16_generation_burst_adaptive,llama1b,3072,12,77,generation,burst,adaptive,10,128,64,12.170480552999834,13.116237119000289,0.03574420800032385,0,0,0,0,0,0,7.784899935359135e-05,False,False,False,False
study05_a1_s77_llama1b_kv3072_cap12-16_generation_burst_adaptive,llama1b,3072,12,77,generation,burst,adaptive,11,256,64,12.992318227999931,13.917239275999236,0.018675739000173053,0,0,0,0,0,0,7.059099989414896e-05,False,False,False,False
study05_a1_s77_llama1b_kv3072_cap12-16_generation_burst_adaptive,llama1b,3072,12,77,generation,burst,adaptive,6,128,768,0.058773861000190664,15.610155516000304,4.08814071300003,1,624,4.019150664000335,4.019150664000335,4.002870637999877,4.08814071300003,7.861399917596934e-05,True,True,True,False
study05_a1_s77_llama1b_kv3072_cap12-16_generation_burst_adaptive,llama1b,3072,12,77,generation,burst,adaptive,8,512,256,12.270497324999269,16.03065487599997,0.03554068500034191,0,0,0,0,0,0,0.0001312259997575671,False,False,False,False
study05_a1_s77_llama1b_kv3072_cap12-16_generation_burst_adaptive,llama1b,3072,12,77,generation,burst,adaptive,9,128,256,12.220413399999416,15.980882234000092,0.03547469900058786,0,0,0,0,0,0,7.217399961517712e-05,False,False,False,False
study05_a1_s77_llama1b_kv3072_cap12-17_balanced_stagger_adaptive_resume,llama1b,3072,12,77,balanced,stagger,adaptive_resume,1,512,128,0.09012333800001215,2.1480824919999577,0.11708547099988209,0,0,0,0,0,0,7.773174115310866e-05,False,False,False,False
study05_a1_s77_llama1b_kv3072_cap12-17_balanced_stagger_adaptive_resume,llama1b,3072,12,77,balanced,stagger,adaptive_resume,0,256,256,0.03726718200050527,4.1634922190005454,0.1172147170000244,0,0,0,0,0,0,0.00010976599969581002,False,False,False,False
study05_a1_s77_llama1b_kv3072_cap12-17_balanced_stagger_adaptive_resume,llama1b,3072,12,77,balanced,stagger,adaptive_resume,2,1024,512,0.13556509899990488,8.266672456000379,0.1172109740000451,0,0,0,0,0,0,0.00010863774526570502,False,False,False,False
study05_a1_s77_llama1b_kv3072_cap12-17_balanced_stagger_adaptive_resume,llama1b,3072,12,77,balanced,stagger,adaptive_resume,3,1024,512,0.14626388699980453,9.307849423999869,1.065433333999863,1,1059,0.9463827900008255,0.9463827900008255,0.9311698060000708,1.065433333999863,0.0001342617108293087,True,True,False,False
study05_a1_s77_llama1b_kv3072_cap12-17_balanced_stagger_adaptive_resume,llama1b,3072,12,77,balanced,stagger,adaptive_resume,7,128,64,5.502220914000645,6.764208401999895,0.29938775800019357,1,179,0.24801577600010205,0.24801577600010205,0,0,0.0003152280355598336,False,False,False,False
study05_a1_s77_llama1b_kv3072_cap12-17_balanced_stagger_adaptive_resume,llama1b,3072,12,77,balanced,stagger,adaptive_resume,4,512,128,6.797712323000269,8.758492222999848,0.043621204999908514,0,0,0,0,0,0,6.888814414951483e-05,False,False,False,False
study05_a1_s77_llama1b_kv3072_cap12-17_balanced_stagger_adaptive_resume,llama1b,3072,12,77,balanced,stagger,adaptive_resume,6,512,128,5.754554264000035,7.71536620400002,0.04387215999940963,0,0,0,0,0,0,7.572477525252808e-05,False,False,False,False
study05_a1_s77_llama1b_kv3072_cap12-17_balanced_stagger_adaptive_resume,llama1b,3072,12,77,balanced,stagger,adaptive_resume,8,256,64,6.463753306000399,7.517209326000739,0.1411910769993483,0,0,0,0,0,0,0.0004155200739472953,False,False,False,False
study05_a1_s77_llama1b_kv3072_cap12-17_balanced_stagger_adaptive_resume,llama1b,3072,12,77,balanced,stagger,adaptive_resume,10,256,64,6.396109158999934,7.276856567999857,0.017073346999495698,0,0,0,0,0,0,9.611155718758368e-05,False,False,False,False
study05_a1_s77_llama1b_kv3072_cap12-17_balanced_stagger_adaptive_resume,llama1b,3072,12,77,balanced,stagger,adaptive_resume,11,128,256,5.799467492000076,9.51455111299947,0.01829028100019059,0,0,0,0,0,0,0.00010548178685176879,False,False,False,False
study05_a1_s77_llama1b_kv3072_cap12-17_balanced_stagger_adaptive_resume,llama1b,3072,12,77,balanced,stagger,adaptive_resume,9,1024,256,7.226380123000126,10.941910032000123,0.018145578999792633,0,0,0,0,0,0,8.850047726749466e-05,False,False,False,False
study05_a1_s77_llama1b_kv3072_cap12-17_balanced_stagger_adaptive_resume,llama1b,3072,12,77,balanced,stagger,adaptive_resume,5,128,512,6.022068962999583,13.693493509000291,0.14102615200044966,0,0,0,0,0,0,0.00011116336205585498,False,False,False,False
study05_a1_s77_llama1b_kv3072_cap12-18_generation_stagger_fixed,llama1b,3072,12,77,generation,stagger,fixed,0,512,64,0.06018813900027453,0.9145022420007081,0.01701502299965796,0,0,0,0,0,0,0.0001463309990867856,False,False,False,False
study05_a1_s77_llama1b_kv3072_cap12-18_generation_stagger_fixed,llama1b,3072,12,77,generation,stagger,fixed,1,256,64,0.04901426600008563,0.9836997869997504,0.024318800999935775,0,0,0,0,0,0,9.961557775084451e-05,False,False,False,False
study05_a1_s77_llama1b_kv3072_cap12-18_generation_stagger_fixed,llama1b,3072,12,77,generation,stagger,fixed,4,256,256,0.059591042000647576,3.8112304309997853,0.06290072599949781,0,0,0,0,0,0,0.0001187159324427256,False,False,False,False
study05_a1_s77_llama1b_kv3072_cap12-18_generation_stagger_fixed,llama1b,3072,12,77,generation,stagger,fixed,2,256,768,0.040709799000069324,11.422172769999634,0.07107065499985765,0,0,0,0,0,0,0.0001275855151869898,False,False,False,False
study05_a1_s77_llama1b_kv3072_cap12-18_generation_stagger_fixed,llama1b,3072,12,77,generation,stagger,fixed,3,512,768,0.10488065699973959,11.427821757999482,0.08903351699973427,0,0,0,0,0,0,0.00010674666314125503,False,False,False,False
study05_a1_s77_llama1b_kv3072_cap12-18_generation_stagger_fixed,llama1b,3072,12,77,generation,stagger,fixed,5,128,768,0.051434982000500895,11.82598128600057,0.5073745520003285,1,816,0.4161628199999541,0.4161628199999541,0,0,9.307158051541364e-05,True,False,False,False
study05_a1_s77_llama1b_kv3072_cap12-18_generation_stagger_fixed,llama1b,3072,12,77,generation,stagger,fixed,7,512,256,0.0930769179994968,11.832809878000262,8.049720330000127,1,680,7.926389577000009,7.926389577000009,7.90997992299981,8.049720330000127,0.00012272734049378897,True,True,True,True
study05_a1_s77_llama1b_kv3072_cap12-18_generation_stagger_fixed,llama1b,3072,12,77,generation,stagger,fixed,11,256,64,9.755420871999377,10.69586220399924,0.019556885000383772,0,0,0,0,0,0,9.658726163497278e-05,False,False,False,False
study05_a1_s77_llama1b_kv3072_cap12-18_generation_stagger_fixed,llama1b,3072,12,77,generation,stagger,fixed,10,128,64,10.220217136999963,11.160872845000085,0.01949913699991157,0,0,0,0,0,0,0.00010074831503192883,False,False,False,False
study05_a1_s77_llama1b_kv3072_cap12-18_generation_stagger_fixed,llama1b,3072,12,77,generation,stagger,fixed,6,128,768,0.058789314000023296,15.275229146000129,3.964117750000696,1,592,3.8423797710001963,3.8423797710001963,3.8241855790001864,3.964117750000696,0.00012611868252232483,True,True,True,False
study05_a1_s77_llama1b_kv3072_cap12-18_generation_stagger_fixed,llama1b,3072,12,77,generation,stagger,fixed,9,128,256,9.850605087000076,13.722121816999788,0.04761937799958105,0,0,0,0,0,0,8.222961391446404e-05,False,False,False,False
study05_a1_s77_llama1b_kv3072_cap12-18_generation_stagger_fixed,llama1b,3072,12,77,generation,stagger,fixed,8,512,256,10.96762320399921,14.839406371999758,0.047817278999900736,0,0,0,0,0,0,8.850194302212344e-05,False,False,False,False
study05_a1_s77_llama1b_kv3072_cap12-19_generation_stagger_adaptive,llama1b,3072,12,77,generation,stagger,adaptive,0,512,64,0.0645893460005027,1.0220258099998318,0.019452823000392527,0,0,0,0,0,0,0.00012776099902112037,False,False,False,False
study05_a1_s77_llama1b_kv3072_cap12-19_generation_stagger_adaptive,llama1b,3072,12,77,generation,stagger,adaptive,1,256,64,0.045427905999531504,0.8897990169998593,0.016442252000160806,0,0,0,0,0,0,0.0002086515778907394,False,False,False,False
study05_a1_s77_llama1b_kv3072_cap12-19_generation_stagger_adaptive,llama1b,3072,12,77,generation,stagger,adaptive,4,256,256,0.06837566900048841,4.033181987000717,0.06316795299972,0,0,0,0,0,0,9.951093227122954e-05,False,False,False,False
study05_a1_s77_llama1b_kv3072_cap12-19_generation_stagger_adaptive,llama1b,3072,12,77,generation,stagger,adaptive,2,256,768,0.04897350700048264,11.548965093000334,0.06319076399995538,0,0,0,0,0,0,0.00011620951452995243,False,False,False,False
study05_a1_s77_llama1b_kv3072_cap12-19_generation_stagger_adaptive,llama1b,3072,12,77,generation,stagger,adaptive,3,512,768,0.08883132100072544,11.594287265000276,0.08977411799969559,0,0,0,0,0,0,0.00018149366255792998,False,False,False,False
study05_a1_s77_llama1b_kv3072_cap12-19_generation_stagger_adaptive,llama1b,3072,12,77,generation,stagger,adaptive,5,128,768,0.04383753899946896,11.919200230999195,0.4181930220001959,1,816,0.3280746079999517,0.3280746079999517,0,0,0.000131119581048722,False,False,False,False
study05_a1_s77_llama1b_kv3072_cap12-19_generation_stagger_adaptive,llama1b,3072,12,77,generation,stagger,adaptive,7,512,256,0.0823517750004612,11.97666405200016,8.074776681000003,1,679,7.9509157929996945,7.9509157929996945,7.932197372999326,8.074776681000003,9.957434023721845e-05,True,True,True,True
study05_a1_s77_llama1b_kv3072_cap12-19_generation_stagger_adaptive,llama1b,3072,12,77,generation,stagger,adaptive,10,128,64,9.86756122099996,10.767513157999929,0.03251095900031942,0,0,0,0,0,0,0.0001268563145062629,False,False,False,False
study05_a1_s77_llama1b_kv3072_cap12-19_generation_stagger_adaptive,llama1b,3072,12,77,generation,stagger,adaptive,11,256,64,9.883098549000351,10.766879872000573,0.016700371999831987,0,0,0,0,0,0,7.157426103976405e-05,False,False,False,False
study05_a1_s77_llama1b_kv3072_cap12-19_generation_stagger_adaptive,llama1b,3072,12,77,generation,stagger,adaptive,8,512,256,0.09478176799984794,14.063827928999672,10.396863426999516,1,553,10.307503485999405,10.307503485999405,10.293840415999512,10.396863426999516,0.00011773694262373624,True,True,True,True
study05_a1_s77_llama1b_kv3072_cap12-19_generation_stagger_adaptive,llama1b,3072,12,77,generation,stagger,adaptive,6,128,768,0.050046093000673864,15.109483162999823,3.7299318559998937,1,592,3.602448815999196,3.602448815999196,3.58742624199931,3.7299318559998937,0.0001015166825828473,True,True,True,False
study05_a1_s77_llama1b_kv3072_cap12-19_generation_stagger_adaptive,llama1b,3072,12,77,generation,stagger,adaptive,9,128,256,9.960801889999857,13.511842439999782,0.032690969000213954,0,0,0,0,0,0,0.00012767161356030954,False,False,False,False
study06_a1_s77_qwen1.5b_kv3072_cap6-00_generation_stagger_fixed_resume,qwen1.5b,3072,6,77,generation,stagger,fixed_resume,0,512,64,0.08514895000007527,1.1248806120001973,0.020223863999490277,0,0,0,0,0,0,0.00018885800000134623,False,False,False,False
study06_a1_s77_qwen1.5b_kv3072_cap6-00_generation_stagger_fixed_resume,qwen1.5b,3072,6,77,generation,stagger,fixed_resume,1,256,64,0.06201741600034438,1.0914832110001953,0.020236471999851346,0,0,0,0,0,0,0.00016905957822443973,False,False,False,False
study06_a1_s77_qwen1.5b_kv3072_cap6-00_generation_stagger_fixed_resume,qwen1.5b,3072,6,77,generation,stagger,fixed_resume,4,256,256,0.08531176099950244,4.999719718999586,0.07717557999967539,0,0,0,0,0,0,0.0001333709334385702,False,False,False,False
study06_a1_s77_qwen1.5b_kv3072_cap6-00_generation_stagger_fixed_resume,qwen1.5b,3072,6,77,generation,stagger,fixed_resume,2,256,768,0.05694968900024833,14.33058820899987,0.10162432200013427,0,0,0,0,0,0,0.00018157751536262978,False,False,False,False
study06_a1_s77_qwen1.5b_kv3072_cap6-00_generation_stagger_fixed_resume,qwen1.5b,3072,6,77,generation,stagger,fixed_resume,3,512,768,0.1092488959993716,14.503519870999298,0.2072508179999204,0,0,0,0,0,0,8.882566394285973e-05,False,False,False,False
study06_a1_s77_qwen1.5b_kv3072_cap6-00_generation_stagger_fixed_resume,qwen1.5b,3072,6,77,generation,stagger,fixed_resume,7,512,256,0.10429318800015608,14.015374030000203,8.071224254999834,2,1425,8.908388607999768,7.964330556000277,8.865809103000174,9.116631523999786,0.00011907134095867633,True,True,True,True
study06_a1_s77_qwen1.5b_kv3072_cap6-00_generation_stagger_fixed_resume,qwen1.5b,3072,6,77,generation,stagger,fixed_resume,5,128,768,0.05693477500062727,15.116601940000692,0.7537245500006975,1,817,0.5462461930001155,0.5462461930001155,0,0,6.963758095679395e-05,True,False,False,False
study06_a1_s77_qwen1.5b_kv3072_cap6-00_generation_stagger_fixed_resume,qwen1.5b,3072,6,77,generation,stagger,fixed_resume,10,128,64,13.069015078999655,14.166885351000019,0.02248640199923102,0,0,0,0,0,0,8.57423154743131e-05,False,False,False,False
study06_a1_s77_qwen1.5b_kv3072_cap6-00_generation_stagger_fixed_resume,qwen1.5b,3072,6,77,generation,stagger,fixed_resume,11,256,64,12.604079447000004,13.702126129000135,0.022296887000265997,0,0,0,0,0,0,9.30622620787247e-05,False,False,False,False
study06_a1_s77_qwen1.5b_kv3072_cap6-00_generation_stagger_fixed_resume,qwen1.5b,3072,6,77,generation,stagger,fixed_resume,6,128,768,0.06530910699984815,18.911661977999756,4.255102606999571,1,594,4.048030839000603,4.048030839000603,4.029549529000178,4.255102606999571,9.518768357619223e-05,True,True,True,False
study06_a1_s77_qwen1.5b_kv3072_cap6-00_generation_stagger_fixed_resume,qwen1.5b,3072,6,77,generation,stagger,fixed_resume,8,512,256,13.652130672000567,18.34990501500033,0.08519028000046092,0,0,0,0,0,0,0.00012480394292069263,False,False,False,False
study06_a1_s77_qwen1.5b_kv3072_cap6-00_generation_stagger_fixed_resume,qwen1.5b,3072,6,77,generation,stagger,fixed_resume,9,128,256,13.161793736999243,17.75617692099968,0.02507831500042812,0,0,0,0,0,0,0.00010739861467889966,False,False,False,False
study06_a1_s77_qwen1.5b_kv3072_cap6-01_generation_burst_baseline,qwen1.5b,3072,6,77,generation,burst,baseline,0,512,64,0.08425373699992633,1.3856963100006396,0.0911254579996239,0,0,0,0,0,0,0.000244680999458069,False,False,False,False
study06_a1_s77_qwen1.5b_kv3072_cap6-01_generation_burst_baseline,qwen1.5b,3072,6,77,generation,burst,baseline,1,256,64,0.11058874399986962,1.3857154429997536,0.09122761399976298,0,0,0,0,0,0,8.73410001076963e-05,False,False,False,False
study06_a1_s77_qwen1.5b_kv3072_cap6-01_generation_burst_baseline,qwen1.5b,3072,6,77,generation,burst,baseline,4,256,256,0.16579399199963518,4.815961579000032,0.09001598200029548,0,0,0,0,0,0,0.00010954099961962838,False,False,False,False
study06_a1_s77_qwen1.5b_kv3072_cap6-01_generation_burst_baseline,qwen1.5b,3072,6,77,generation,burst,baseline,2,256,768,0.11830029799966724,13.88072980800007,0.10672945199985406,0,0,0,0,0,0,0.00011232699980609495,False,False,False,False
study06_a1_s77_qwen1.5b_kv3072_cap6-01_generation_burst_baseline,qwen1.5b,3072,6,77,generation,burst,baseline,3,512,768,0.15937599100016087,13.847443321000355,0.10690889099987544,0,0,0,0,0,0,0.00011466799933257388,False,False,False,False
study06_a1_s77_qwen1.5b_kv3072_cap6-01_generation_burst_baseline,qwen1.5b,3072,6,77,generation,burst,baseline,7,512,256,1.1962966150003922,14.371940762000122,7.953542240999923,2,1422,8.111459642000227,7.543711119999898,7.525188441999489,7.953542240999923,8.199099956979206e-05,True,True,True,True
study06_a1_s77_qwen1.5b_kv3072_cap6-01_generation_burst_baseline,qwen1.5b,3072,6,77,generation,burst,baseline,5,128,768,0.15052675399965665,15.064807540999936,1.0467187459998968,1,845,0.83224780799992,0.83224780799992,0.8140955480002958,1.0467187459998968,8.980999973573489e-05,True,True,False,False
study06_a1_s77_qwen1.5b_kv3072_cap6-01_generation_burst_baseline,qwen1.5b,3072,6,77,generation,burst,baseline,10,128,64,13.925344897999821,15.108248712999739,0.09837105199949292,1,144,0.032224910999502754,0.032224910999502754,0,0,9.455999952479033e-05,False,False,False,False
study06_a1_s77_qwen1.5b_kv3072_cap6-01_generation_burst_baseline,qwen1.5b,3072,6,77,generation,burst,baseline,11,256,64,14.252954792999844,15.346494788999735,0.026049282999338175,0,0,0,0,0,0,0.00010030599987653765,False,False,False,False
study06_a1_s77_qwen1.5b_kv3072_cap6-01_generation_burst_baseline,qwen1.5b,3072,6,77,generation,burst,baseline,9,128,256,13.975237021999419,18.40691115699974,0.06063652400007413,0,0,0,0,0,0,9.40640000408055e-05,False,False,False,False
study06_a1_s77_qwen1.5b_kv3072_cap6-01_generation_burst_baseline,qwen1.5b,3072,6,77,generation,burst,baseline,8,512,256,14.025125198000751,18.4571741740001,0.06033262199980527,0,0,0,0,0,0,9.041999928738331e-05,False,False,False,False
study06_a1_s77_qwen1.5b_kv3072_cap6-01_generation_burst_baseline,qwen1.5b,3072,6,77,generation,burst,baseline,6,128,768,1.1352941669993015,19.49612562999937,4.562677531999725,1,581,4.346130147000622,4.346130147000622,4.329979619999904,4.562677531999725,9.788400002430642e-05,True,True,True,False
study06_a1_s77_qwen1.5b_kv3072_cap6-02_generation_stagger_adaptive_resume,qwen1.5b,3072,6,77,generation,stagger,adaptive_resume,0,512,64,0.08979878799982544,1.2459916640000301,0.02294112599975051,0,0,0,0,0,0,0.0001996669998334255,False,False,False,False
study06_a1_s77_qwen1.5b_kv3072_cap6-02_generation_stagger_adaptive_resume,qwen1.5b,3072,6,77,generation,stagger,adaptive_resume,1,256,64,0.06349758899978042,1.3012368030003927,0.028505403000053775,0,0,0,0,0,0,0.00010075657796249082,False,False,False,False
study06_a1_s77_qwen1.5b_kv3072_cap6-02_generation_stagger_adaptive_resume,qwen1.5b,3072,6,77,generation,stagger,adaptive_resume,4,256,256,0.09725315000014234,4.967872876000001,0.08689731499998743,0,0,0,0,0,0,0.00011170293339368698,False,False,False,False
study06_a1_s77_qwen1.5b_kv3072_cap6-02_generation_stagger_adaptive_resume,qwen1.5b,3072,6,77,generation,stagger,adaptive_resume,2,256,768,0.060815150999587786,14.371607152999786,0.10501608199956536,0,0,0,0,0,0,0.00010002151564902917,False,False,False,False
study06_a1_s77_qwen1.5b_kv3072_cap6-02_generation_stagger_adaptive_resume,qwen1.5b,3072,6,77,generation,stagger,adaptive_resume,3,512,768,0.12993519300016487,14.502339026999834,0.2116971650002597,0,0,0,0,0,0,8.990966339306183e-05,False,False,False,False
study06_a1_s77_qwen1.5b_kv3072_cap6-02_generation_stagger_adaptive_resume,qwen1.5b,3072,6,77,generation,stagger,adaptive_resume,7,512,256,0.11680970499946852,13.900995580000199,8.109968980999838,2,1438,8.889670575999844,8.01075963600033,7.992874366000251,8.109968980999838,9.31383409978892e-05,True,True,True,True
study06_a1_s77_qwen1.5b_kv3072_cap6-02_generation_stagger_adaptive_resume,qwen1.5b,3072,6,77,generation,stagger,adaptive_resume,5,128,768,0.07608133400026418,15.045749832999718,0.7589381339994361,1,824,0.5461620519999997,0.5461620519999997,0,0,0.00023909058108273484,True,False,False,False
study06_a1_s77_qwen1.5b_kv3072_cap6-02_generation_stagger_adaptive_resume,qwen1.5b,3072,6,77,generation,stagger,adaptive_resume,11,256,64,12.508070720999967,13.585767024000234,0.02030865399956383,0,0,0,0,0,0,0.00010900826169990552,False,False,False,False
study06_a1_s77_qwen1.5b_kv3072_cap6-02_generation_stagger_adaptive_resume,qwen1.5b,3072,6,77,generation,stagger,adaptive_resume,10,128,64,12.972853508999833,14.05123827999978,0.020429560000593483,0,0,0,0,0,0,0.00010579231534979527,False,False,False,False
study06_a1_s77_qwen1.5b_kv3072_cap6-02_generation_stagger_adaptive_resume,qwen1.5b,3072,6,77,generation,stagger,adaptive_resume,9,128,256,12.438630655999987,16.828037616000074,0.06367427700024564,0,0,0,0,0,0,0.000163237613966416,False,False,False,False
study06_a1_s77_qwen1.5b_kv3072_cap6-02_generation_stagger_adaptive_resume,qwen1.5b,3072,6,77,generation,stagger,adaptive_resume,6,128,768,0.06971645500016166,18.540488417999768,4.407348515000194,1,601,4.197448033999535,4.197448033999535,4.175001740999505,4.407348515000194,7.713768346828687e-05,True,True,True,False
study06_a1_s77_qwen1.5b_kv3072_cap6-02_generation_stagger_adaptive_resume,qwen1.5b,3072,6,77,generation,stagger,adaptive_resume,8,512,256,13.555954374999601,17.946418344999984,0.06347632899996825,0,0,0,0,0,0,0.00011768894313135547,False,False,False,False
study06_a1_s77_qwen1.5b_kv3072_cap6-03_generation_stagger_adaptive,qwen1.5b,3072,6,77,generation,stagger,adaptive,0,512,64,0.08085636199939472,1.1224253249993126,0.02019056900007854,0,0,0,0,0,0,0.00018412800000078278,False,False,False,False
study06_a1_s77_qwen1.5b_kv3072_cap6-03_generation_stagger_adaptive,qwen1.5b,3072,6,77,generation,stagger,adaptive,1,256,64,0.05465879799976392,1.09588306599926,0.01973085700046795,0,0,0,0,0,0,0.0001952565781218052,False,False,False,False
study06_a1_s77_qwen1.5b_kv3072_cap6-03_generation_stagger_adaptive,qwen1.5b,3072,6,77,generation,stagger,adaptive,4,256,256,0.07672250300038286,4.605195267999989,0.08447193699976197,0,0,0,0,0,0,9.811293250372444e-05,False,False,False,False
study06_a1_s77_qwen1.5b_kv3072_cap6-03_generation_stagger_adaptive,qwen1.5b,3072,6,77,generation,stagger,adaptive,2,256,768,0.05844407400036289,13.522113717000138,0.08455327500087151,0,0,0,0,0,0,0.00038780851490072266,False,False,False,False
study06_a1_s77_qwen1.5b_kv3072_cap6-03_generation_stagger_adaptive,qwen1.5b,3072,6,77,generation,stagger,adaptive,3,512,768,0.12364838699977554,13.62910472800013,0.12415119499928551,0,0,0,0,0,0,8.211066356134111e-05,False,False,False,False
study06_a1_s77_qwen1.5b_kv3072_cap6-03_generation_stagger_adaptive,qwen1.5b,3072,6,77,generation,stagger,adaptive,5,128,768,0.06704962599997089,14.244512330000362,0.6707033909997335,1,816,0.545385179000732,0.545385179000732,0,0,9.217958085372402e-05,True,False,False,False
study06_a1_s77_qwen1.5b_kv3072_cap6-03_generation_stagger_adaptive,qwen1.5b,3072,6,77,generation,stagger,adaptive,7,512,256,0.12073146300008375,14.358205890000136,9.683738491999975,1,683,9.504866947000664,9.504866947000664,9.486266929000521,9.683738491999975,7.610934055168883e-05,True,True,True,True
study06_a1_s77_qwen1.5b_kv3072_cap6-03_generation_stagger_adaptive,qwen1.5b,3072,6,77,generation,stagger,adaptive,11,256,64,11.802014611999766,12.882937729999867,0.020904779999909806,0,0,0,0,0,0,8.017626192913241e-05,False,False,False,False
study06_a1_s77_qwen1.5b_kv3072_cap6-03_generation_stagger_adaptive,qwen1.5b,3072,6,77,generation,stagger,adaptive,10,128,64,12.266534366000087,13.348000169999978,0.02102994899996702,0,0,0,0,0,0,0.00010349031513801066,False,False,False,False
study06_a1_s77_qwen1.5b_kv3072_cap6-03_generation_stagger_adaptive,qwen1.5b,3072,6,77,generation,stagger,adaptive,6,128,768,0.05580306899992138,18.207503421000183,4.707945545999792,1,594,4.528167882000162,4.528167882000162,4.51040055500016,4.707945545999792,8.331268319405893e-05,True,True,True,False
study06_a1_s77_qwen1.5b_kv3072_cap6-03_generation_stagger_adaptive,qwen1.5b,3072,6,77,generation,stagger,adaptive,8,512,256,13.476896389000103,17.838953403000232,0.021101674000419735,0,0,0,0,0,0,7.272994247031761e-05,False,False,False,False
study06_a1_s77_qwen1.5b_kv3072_cap6-03_generation_stagger_adaptive,qwen1.5b,3072,6,77,generation,stagger,adaptive,9,128,256,12.359845639999548,16.72199810999973,0.020854376999523083,0,0,0,0,0,0,7.734461418884564e-05,False,False,False,False
study06_a1_s77_qwen1.5b_kv3072_cap6-04_generation_burst_fixed,qwen1.5b,3072,6,77,generation,burst,fixed,0,512,64,0.08324193399948854,1.380335087000276,0.09460099300031288,0,0,0,0,0,0,8.757300020079128e-05,False,False,False,False
study06_a1_s77_qwen1.5b_kv3072_cap6-04_generation_burst_fixed,qwen1.5b,3072,6,77,generation,burst,fixed,1,256,64,0.11120199299966771,1.3807152330000463,0.09470181799952115,0,0,0,0,0,0,7.939400002214547e-05,False,False,False,False
study06_a1_s77_qwen1.5b_kv3072_cap6-04_generation_burst_fixed,qwen1.5b,3072,6,77,generation,burst,fixed,4,256,256,0.16463052699964464,4.715612963999774,0.08942671000022528,0,0,0,0,0,0,0.00010101000025314333,False,False,False,False
study06_a1_s77_qwen1.5b_kv3072_cap6-04_generation_burst_fixed,qwen1.5b,3072,6,77,generation,burst,fixed,2,256,768,0.11648954900010722,14.556221245000415,0.09452975699969102,0,0,0,0,0,0,0.00015724000004410654,False,False,False,False
study06_a1_s77_qwen1.5b_kv3072_cap6-04_generation_burst_fixed,qwen1.5b,3072,6,77,generation,burst,fixed,3,512,768,0.1612188500002958,14.523139820000324,0.08934323100038455,0,0,0,0,0,0,7.364499979300998e-05,False,False,False,False
study06_a1_s77_qwen1.5b_kv3072_cap6-04_generation_burst_fixed,qwen1.5b,3072,6,77,generation,burst,fixed,5,128,768,0.14801642500060552,15.658056129000215,1.0642473349998909,1,845,0.9264021729995875,0.9264021729995875,0.9122360849996767,1.0642473349998909,0.00013116799982526572,True,True,False,False
study06_a1_s77_qwen1.5b_kv3072_cap6-04_generation_burst_fixed,qwen1.5b,3072,6,77,generation,burst,fixed,7,512,256,1.1890617609997207,16.503049129999454,10.657334047000404,1,673,10.35366201800025,10.35366201800025,10.335313850000603,10.657334047000404,0.00012702000040004657,True,True,True,True
study06_a1_s77_qwen1.5b_kv3072_cap6-04_generation_burst_fixed,qwen1.5b,3072,6,77,generation,burst,fixed,10,128,64,15.540631030999975,16.78188508600033,0.05778949900013686,0,0,0,0,0,0,0.00015417899976455374,False,False,False,False
study06_a1_s77_qwen1.5b_kv3072_cap6-04_generation_burst_fixed,qwen1.5b,3072,6,77,generation,burst,fixed,11,256,64,16.38114682699961,17.595349363999958,0.025972432999878947,0,0,0,0,0,0,0.00011393800032233337,False,False,False,False
study06_a1_s77_qwen1.5b_kv3072_cap6-04_generation_burst_fixed,qwen1.5b,3072,6,77,generation,burst,fixed,8,512,256,15.640852833999816,20.459186856000088,0.0578472769993823,0,0,0,0,0,0,6.84279999404458e-05,False,False,False,False
study06_a1_s77_qwen1.5b_kv3072_cap6-04_generation_burst_fixed,qwen1.5b,3072,6,77,generation,burst,fixed,9,128,256,15.590769566000745,20.409445532000063,0.05778614600058063,0,0,0,0,0,0,8.176499959516859e-05,False,False,False,False
study06_a1_s77_qwen1.5b_kv3072_cap6-04_generation_burst_fixed,qwen1.5b,3072,6,77,generation,burst,fixed,6,128,768,1.1302786590003961,20.68849512199995,5.087599174000388,1,581,4.787742487999822,4.787742487999822,4.765748958000586,5.087599174000388,9.38699997277137e-05,True,True,True,True
study06_a1_s77_qwen1.5b_kv3072_cap6-05_generation_burst_adaptive,qwen1.5b,3072,6,77,generation,burst,adaptive,0,512,64,0.08504541599995719,1.4721530509996228,0.09187596799984021,0,0,0,0,0,0,0.00013133799984643701,False,False,False,False
study06_a1_s77_qwen1.5b_kv3072_cap6-05_generation_burst_adaptive,qwen1.5b,3072,6,77,generation,burst,adaptive,1,256,64,0.11454331100048876,1.471941577000507,0.09182507700006681,0,0,0,0,0,0,0.00012374999932944497,False,False,False,False
study06_a1_s77_qwen1.5b_kv3072_cap6-05_generation_burst_adaptive,qwen1.5b,3072,6,77,generation,burst,adaptive,4,256,256,0.17336328700002923,5.152907083000173,0.09284011999989161,0,0,0,0,0,0,8.332499946844818e-05,False,False,False,False
study06_a1_s77_qwen1.5b_kv3072_cap6-05_generation_burst_adaptive,qwen1.5b,3072,6,77,generation,burst,adaptive,2,256,768,0.11858311299965862,14.813572400999874,0.10093535099986184,0,0,0,0,0,0,7.698499975958284e-05,False,False,False,False
study06_a1_s77_qwen1.5b_kv3072_cap6-05_generation_burst_adaptive,qwen1.5b,3072,6,77,generation,burst,adaptive,3,512,768,0.16071732999989763,14.768190553999375,0.10047529499934171,0,0,0,0,0,0,7.72680001318582e-05,False,False,False,False
study06_a1_s77_qwen1.5b_kv3072_cap6-05_generation_burst_adaptive,qwen1.5b,3072,6,77,generation,burst,adaptive,5,128,768,0.1583599329997014,15.718564619000063,1.027448976999949,1,845,0.8219421539997711,0.8219421539997711,0.8036578970004484,1.027448976999949,0.00017124399983003968,True,True,False,False
study06_a1_s77_qwen1.5b_kv3072_cap6-05_generation_burst_adaptive,qwen1.5b,3072,6,77,generation,burst,adaptive,7,512,256,1.2834797920004348,16.133659766000164,9.23049045100015,2,1422,9.682291466999231,9.036943662999875,9.01206474799983,9.23049045100015,7.526499975935019e-05,True,True,True,True
study06_a1_s77_qwen1.5b_kv3072_cap6-05_generation_burst_adaptive,qwen1.5b,3072,6,77,generation,burst,adaptive,11,256,64,16.01226978199975,17.091732646999844,0.02071427999999287,0,0,0,0,0,0,7.496100006387785e-05,False,False,False,False
study06_a1_s77_qwen1.5b_kv3072_cap6-05_generation_burst_adaptive,qwen1.5b,3072,6,77,generation,burst,adaptive,10,128,64,16.0625571340006,17.14213305300018,0.020737294999889855,0,0,0,0,0,0,8.489899937558221e-05,False,False,False,False
study06_a1_s77_qwen1.5b_kv3072_cap6-05_generation_burst_adaptive,qwen1.5b,3072,6,77,generation,burst,adaptive,8,512,256,15.786525604999952,20.185361897999428,0.06162080400008563,0,0,0,0,0,0,0.00010209899992330573,False,False,False,False
study06_a1_s77_qwen1.5b_kv3072_cap6-05_generation_burst_adaptive,qwen1.5b,3072,6,77,generation,burst,adaptive,9,128,256,15.736589587000708,20.135523676000048,0.06149320300028194,0,0,0,0,0,0,0.00014426999932765083,False,False,False,False
study06_a1_s77_qwen1.5b_kv3072_cap6-05_generation_burst_adaptive,qwen1.5b,3072,6,77,generation,burst,adaptive,6,128,768,1.2219029289999526,20.3908701270002,4.749768140999549,1,581,4.546118276000016,4.546118276000016,4.526049437999973,4.749768140999549,7.84489995566684e-05,True,True,True,False
study06_a1_s77_qwen1.5b_kv3072_cap6-06_generation_burst_adaptive_resume,qwen1.5b,3072,6,77,generation,burst,adaptive_resume,0,512,64,0.0910330940005224,1.3910749810002017,0.0921907200008718,0,0,0,0,0,0,0.0003368779989614268,False,False,False,False
study06_a1_s77_qwen1.5b_kv3072_cap6-06_generation_burst_adaptive_resume,qwen1.5b,3072,6,77,generation,burst,adaptive_resume,1,256,64,0.1174182020004082,1.3923320460007744,0.09232092599995667,0,0,0,0,0,0,0.0001988249989153673,False,False,False,False
study06_a1_s77_qwen1.5b_kv3072_cap6-06_generation_burst_adaptive_resume,qwen1.5b,3072,6,77,generation,burst,adaptive_resume,4,256,256,0.16997989599985885,4.684427915999549,0.09187129800011462,0,0,0,0,0,0,6.773499972040353e-05,False,False,False,False
study06_a1_s77_qwen1.5b_kv3072_cap6-06_generation_burst_adaptive_resume,qwen1.5b,3072,6,77,generation,burst,adaptive_resume,2,256,768,0.12390141600008064,13.65519681600017,0.10564605400031724,0,0,0,0,0,0,7.399399910354432e-05,False,False,False,False
study06_a1_s77_qwen1.5b_kv3072_cap6-06_generation_burst_adaptive_resume,qwen1.5b,3072,6,77,generation,burst,adaptive_resume,3,512,768,0.1661273909994634,13.62247798199951,0.10579176400005963,0,0,0,0,0,0,7.714399962421847e-05,False,False,False,False
study06_a1_s77_qwen1.5b_kv3072_cap6-06_generation_burst_adaptive_resume,qwen1.5b,3072,6,77,generation,burst,adaptive_resume,7,512,256,1.2050056890002452,14.029227551999611,7.780364311000085,2,1422,8.05712684700029,7.483771915000034,7.464779651999379,7.780364311000085,8.057399954847222e-05,True,True,True,True
study06_a1_s77_qwen1.5b_kv3072_cap6-06_generation_burst_adaptive_resume,qwen1.5b,3072,6,77,generation,burst,adaptive_resume,5,128,768,0.1543423620005342,14.720165761999851,1.0273434160008037,1,845,0.8251721679998809,0.8251721679998809,0.8057548150000002,1.0273434160008037,7.090899907780113e-05,True,True,False,False
study06_a1_s77_qwen1.5b_kv3072_cap6-06_generation_burst_adaptive_resume,qwen1.5b,3072,6,77,generation,burst,adaptive_resume,11,256,64,14.52391132699995,15.601366554999913,0.01988712000002124,0,0,0,0,0,0,7.269099951368041e-05,False,False,False,False
study06_a1_s77_qwen1.5b_kv3072_cap6-06_generation_burst_adaptive_resume,qwen1.5b,3072,6,77,generation,burst,adaptive_resume,10,128,64,14.573758967000686,15.651609036000082,0.019751437999730115,0,0,0,0,0,0,0.00012715099910565186,False,False,False,False
study06_a1_s77_qwen1.5b_kv3072_cap6-06_generation_burst_adaptive_resume,qwen1.5b,3072,6,77,generation,burst,adaptive_resume,8,512,256,14.076814714999273,18.50723423799991,0.08416016200044396,0,0,0,0,0,0,0.000136053999631236,False,False,False,False
study06_a1_s77_qwen1.5b_kv3072_cap6-06_generation_burst_adaptive_resume,qwen1.5b,3072,6,77,generation,burst,adaptive_resume,9,128,256,14.623989988000176,18.975961702999484,0.02125570400039578,0,0,0,0,0,0,8.417499957430463e-05,False,False,False,False
study06_a1_s77_qwen1.5b_kv3072_cap6-06_generation_burst_adaptive_resume,qwen1.5b,3072,6,77,generation,burst,adaptive_resume,6,128,768,1.1422226730001057,19.230846591000045,4.551515402000405,1,581,4.348316760999296,4.348316760999296,4.329993899999863,4.551515402000405,8.059199917620496e-05,True,True,True,False
study06_a1_s77_qwen1.5b_kv3072_cap6-07_generation_burst_fixed_resume,qwen1.5b,3072,6,77,generation,burst,fixed_resume,0,512,64,0.07536915299988323,1.3729582949999894,0.08725411700015684,0,0,0,0,0,0,7.842000013624784e-05,False,False,False,False
study06_a1_s77_qwen1.5b_kv3072_cap6-07_generation_burst_fixed_resume,qwen1.5b,3072,6,77,generation,burst,fixed_resume,1,256,64,0.09882628800005477,1.374226777000331,0.0871697390002737,0,0,0,0,0,0,9.174699989671076e-05,False,False,False,False
study06_a1_s77_qwen1.5b_kv3072_cap6-07_generation_burst_fixed_resume,qwen1.5b,3072,6,77,generation,burst,fixed_resume,4,256,256,0.16403786299997591,4.80421332700007,0.08993116600049689,0,0,0,0,0,0,0.0001238459997693897,False,False,False,False
study06_a1_s77_qwen1.5b_kv3072_cap6-07_generation_burst_fixed_resume,qwen1.5b,3072,6,77,generation,burst,fixed_resume,2,256,768,0.12141819299995404,13.974828268999772,0.10292270500031009,0,0,0,0,0,0,8.389100039493669e-05,False,False,False,False
study06_a1_s77_qwen1.5b_kv3072_cap6-07_generation_burst_fixed_resume,qwen1.5b,3072,6,77,generation,burst,fixed_resume,3,512,768,0.15860262499973032,13.940654042999995,0.10251517800043075,0,0,0,0,0,0,0.00013382600045586113,False,False,False,False
study06_a1_s77_qwen1.5b_kv3072_cap6-07_generation_burst_fixed_resume,qwen1.5b,3072,6,77,generation,burst,fixed_resume,7,512,256,1.1834735870006625,14.3635093769999,8.00135275499997,2,1423,8.271669763000318,7.694721408000078,7.675867040000412,8.00135275499997,7.3927999801493e-05,True,True,True,True
study06_a1_s77_qwen1.5b_kv3072_cap6-07_generation_burst_fixed_resume,qwen1.5b,3072,6,77,generation,burst,fixed_resume,5,128,768,0.1486845790004736,15.113275284000338,1.0891637280001305,1,845,0.8782234189993687,0.8782234189993687,0.859731501999704,1.0891637280001305,8.61509997776011e-05,True,True,False,False
study06_a1_s77_qwen1.5b_kv3072_cap6-07_generation_burst_fixed_resume,qwen1.5b,3072,6,77,generation,burst,fixed_resume,11,256,64,14.895815539000068,16.021907300999374,0.02432526400025381,0,0,0,0,0,0,8.866000025586906e-05,False,False,False,False
study06_a1_s77_qwen1.5b_kv3072_cap6-07_generation_burst_fixed_resume,qwen1.5b,3072,6,77,generation,burst,fixed_resume,10,128,64,14.945946094000647,16.072071268999935,0.024352155999622482,0,0,0,0,0,0,0.00017087099968193797,False,False,False,False
study06_a1_s77_qwen1.5b_kv3072_cap6-07_generation_burst_fixed_resume,qwen1.5b,3072,6,77,generation,burst,fixed_resume,9,128,256,14.387694358999397,18.945419058999505,0.06023779599945556,0,0,0,0,0,0,8.706400039953932e-05,False,False,False,False
study06_a1_s77_qwen1.5b_kv3072_cap6-07_generation_burst_fixed_resume,qwen1.5b,3072,6,77,generation,burst,fixed_resume,8,512,256,14.437724453000556,18.995741619,0.060527837999870826,0,0,0,0,0,0,0.00016498899967698488,False,False,False,False
study06_a1_s77_qwen1.5b_kv3072_cap6-07_generation_burst_fixed_resume,qwen1.5b,3072,6,77,generation,burst,fixed_resume,6,128,768,1.1239271049998933,19.712424765999458,4.7194449239996175,1,582,4.507396834999781,4.507396834999781,4.489946822999627,4.7194449239996175,8.32630004878876e-05,True,True,True,False
study06_a1_s77_qwen1.5b_kv3072_cap6-08_generation_stagger_fixed,qwen1.5b,3072,6,77,generation,stagger,fixed,0,512,64,0.08374148099937884,1.130149908999556,0.023457767999389034,0,0,0,0,0,0,0.00017741700048645725,False,False,False,False
study06_a1_s77_qwen1.5b_kv3072_cap6-08_generation_stagger_fixed,qwen1.5b,3072,6,77,generation,stagger,fixed,1,256,64,0.05663601199921686,1.1566671319997113,0.02485557200088806,0,0,0,0,0,0,0.0002911435786197014,False,False,False,False
study06_a1_s77_qwen1.5b_kv3072_cap6-08_generation_stagger_fixed,qwen1.5b,3072,6,77,generation,stagger,fixed,4,256,256,0.07143369000004895,4.676526895999814,0.08641811400048027,0,0,0,0,0,0,8.888993317945904e-05,False,False,False,False
study06_a1_s77_qwen1.5b_kv3072_cap6-08_generation_stagger_fixed,qwen1.5b,3072,6,77,generation,stagger,fixed,2,256,768,0.058713338000416115,13.733115132999956,0.0864520380000613,0,0,0,0,0,0,0.0003665515155115706,False,False,False,False
study06_a1_s77_qwen1.5b_kv3072_cap6-08_generation_stagger_fixed,qwen1.5b,3072,6,77,generation,stagger,fixed,3,512,768,0.11323709900079848,13.807537955000043,0.12198494999938703,0,0,0,0,0,0,8.56176633079464e-05,False,False,False,False
study06_a1_s77_qwen1.5b_kv3072_cap6-08_generation_stagger_fixed,qwen1.5b,3072,6,77,generation,stagger,fixed,5,128,768,0.059690807000151835,14.41190805899987,0.6688121019997197,1,819,0.5449817019998591,0.5449817019998591,0,0,8.580258144519348e-05,True,False,False,False
study06_a1_s77_qwen1.5b_kv3072_cap6-08_generation_stagger_fixed,qwen1.5b,3072,6,77,generation,stagger,fixed,7,512,256,0.12342168499981199,14.468500318999759,9.807185298999684,1,684,9.618768923999596,9.618768923999596,9.60059040499982,9.807185298999684,0.00023079234135270354,True,True,True,True
study06_a1_s77_qwen1.5b_kv3072_cap6-08_generation_stagger_fixed,qwen1.5b,3072,6,77,generation,stagger,fixed,11,256,64,12.409545180999885,13.484131576999971,0.021363947999816446,0,0,0,0,0,0,9.281826193063836e-05,False,False,False,False
study06_a1_s77_qwen1.5b_kv3072_cap6-08_generation_stagger_fixed,qwen1.5b,3072,6,77,generation,stagger,fixed,10,128,64,12.87461313499989,13.9493066670002,0.021240473999569076,0,0,0,0,0,0,9.795831543346623e-05,False,False,False,False
study06_a1_s77_qwen1.5b_kv3072_cap6-08_generation_stagger_fixed,qwen1.5b,3072,6,77,generation,stagger,fixed,6,128,768,0.058490985999924305,18.35448463800003,4.687574228999438,1,595,4.500497273999827,4.500497273999827,4.48084710799958,4.687574228999438,0.00010416568321769404,True,True,True,False
study06_a1_s77_qwen1.5b_kv3072_cap6-08_generation_stagger_fixed,qwen1.5b,3072,6,77,generation,stagger,fixed,9,128,256,12.472575185000096,16.865177683000184,0.06524549400000978,0,0,0,0,0,0,8.146661425278978e-05,False,False,False,False
study06_a1_s77_qwen1.5b_kv3072_cap6-08_generation_stagger_fixed,qwen1.5b,3072,6,77,generation,stagger,fixed,8,512,256,13.589591032000499,17.982429001000128,0.06533477500033769,0,0,0,0,0,0,9.467394323436906e-05,False,False,False,False
study06_a1_s77_qwen1.5b_kv3072_cap6-09_generation_stagger_baseline,qwen1.5b,3072,6,77,generation,stagger,baseline,0,512,64,0.0852718169999207,1.1224020390000078,0.020138498000051186,0,0,0,0,0,0,0.0003662389999590232,False,False,False,False
study06_a1_s77_qwen1.5b_kv3072_cap6-09_generation_stagger_baseline,qwen1.5b,3072,6,77,generation,stagger,baseline,1,256,64,0.05675074999999197,1.0900018889997227,0.019078060999163426,0,0,0,0,0,0,0.00034144057830842733,False,False,False,False
study06_a1_s77_qwen1.5b_kv3072_cap6-09_generation_stagger_baseline,qwen1.5b,3072,6,77,generation,stagger,baseline,4,256,256,0.07270589000017935,4.584682045000591,0.08517161500003567,0,0,0,0,0,0,7.284593277567808e-05,False,False,False,False
study06_a1_s77_qwen1.5b_kv3072_cap6-09_generation_stagger_baseline,qwen1.5b,3072,6,77,generation,stagger,baseline,2,256,768,0.05841536400021141,13.58691915199961,0.10384109400001762,0,0,0,0,0,0,0.00013568451548406912,False,False,False,False
study06_a1_s77_qwen1.5b_kv3072_cap6-09_generation_stagger_baseline,qwen1.5b,3072,6,77,generation,stagger,baseline,3,512,768,0.11867669299954287,13.819791142999748,0.22102702200027124,0,0,0,0,0,0,7.766966368771833e-05,False,False,False,False
study06_a1_s77_qwen1.5b_kv3072_cap6-09_generation_stagger_baseline,qwen1.5b,3072,6,77,generation,stagger,baseline,7,512,256,0.10930353700041451,13.450267885999892,7.988410064000163,2,1424,8.618479963999562,7.772750584000278,7.752039826000328,7.988410064000163,7.700034067870121e-05,True,True,True,True
study06_a1_s77_qwen1.5b_kv3072_cap6-09_generation_stagger_baseline,qwen1.5b,3072,6,77,generation,stagger,baseline,5,128,768,0.06011479500011774,14.567400378999992,0.7778702979994705,1,817,0.5551358709999477,0.5551358709999477,0,0,7.322858072456029e-05,True,False,False,False
study06_a1_s77_qwen1.5b_kv3072_cap6-09_generation_stagger_baseline,qwen1.5b,3072,6,77,generation,stagger,baseline,10,128,64,11.33619138999984,12.803168735999861,0.35025240600043617,1,138,0.28219945700038807,0.28219945700038807,0,0,7.464431551529316e-05,False,False,False,False
study06_a1_s77_qwen1.5b_kv3072_cap6-09_generation_stagger_baseline,qwen1.5b,3072,6,77,generation,stagger,baseline,11,256,64,11.392625438999858,12.529205046999778,0.02671457399992505,0,0,0,0,0,0,0.000136081261428167,False,False,False,False
study06_a1_s77_qwen1.5b_kv3072_cap6-09_generation_stagger_baseline,qwen1.5b,3072,6,77,generation,stagger,baseline,9,128,256,11.428978537999683,16.22591235500022,0.06570129699957761,0,0,0,0,0,0,6.738861397614926e-05,False,False,False,False
study06_a1_s77_qwen1.5b_kv3072_cap6-09_generation_stagger_baseline,qwen1.5b,3072,6,77,generation,stagger,baseline,8,512,256,12.546409614999902,17.34316074200069,0.06609131000004709,0,0,0,0,0,0,0.00010452594272791771,False,False,False,False
study06_a1_s77_qwen1.5b_kv3072_cap6-09_generation_stagger_baseline,qwen1.5b,3072,6,77,generation,stagger,baseline,6,128,768,0.0646559229999184,18.434386154000094,4.28562723899995,1,593,4.063868039999761,4.063868039999761,4.045256571999744,4.28562723899995,7.80946828973228e-05,True,True,True,False
study07_a1_s77_llama1b_kv12288_cap12-00_generation_stagger_adaptive_resume,llama1b,12288,12,77,generation,stagger,adaptive_resume,0,512,64,0.058865714000603475,0.899257724000563,0.016190854999877047,0,0,0,0,0,0,8.916499973565806e-05,False,False,False,False
study07_a1_s77_llama1b_kv12288_cap12-00_generation_stagger_adaptive_resume,llama1b,12288,12,77,generation,stagger,adaptive_resume,1,256,64,0.037806717000421486,0.8685819430002084,0.01781866299916146,0,0,0,0,0,0,0.00013310657781828716,False,False,False,False
study07_a1_s77_llama1b_kv12288_cap12-00_generation_stagger_adaptive_resume,llama1b,12288,12,77,generation,stagger,adaptive_resume,10,128,64,0.04354299699934927,0.9653073649997168,0.03498494599989499,0,0,0,0,0,0,9.624531581398088e-05,False,False,False,False
study07_a1_s77_llama1b_kv12288_cap12-00_generation_stagger_adaptive_resume,llama1b,12288,12,77,generation,stagger,adaptive_resume,11,256,64,0.07017317899953923,0.9738165600001594,0.017221256999619072,0,0,0,0,0,0,8.317026209869738e-05,False,False,False,False
study07_a1_s77_llama1b_kv12288_cap12-00_generation_stagger_adaptive_resume,llama1b,12288,12,77,generation,stagger,adaptive_resume,4,256,256,0.05714101000012306,3.83470005900017,0.06248945700008335,0,0,0,0,0,0,7.774093330503717e-05,False,False,False,False
study07_a1_s77_llama1b_kv12288_cap12-00_generation_stagger_adaptive_resume,llama1b,12288,12,77,generation,stagger,adaptive_resume,7,512,256,0.08261337200019625,3.7964152440008547,0.06228366899995308,0,0,0,0,0,0,0.00010689134061880878,False,False,False,False
study07_a1_s77_llama1b_kv12288_cap12-00_generation_stagger_adaptive_resume,llama1b,12288,12,77,generation,stagger,adaptive_resume,8,512,256,0.09287430599943036,3.752241141999548,0.03517333699983283,0,0,0,0,0,0,0.00011905194372374694,False,False,False,False
study07_a1_s77_llama1b_kv12288_cap12-00_generation_stagger_adaptive_resume,llama1b,12288,12,77,generation,stagger,adaptive_resume,9,128,256,0.0549482269998407,3.7152079170000434,0.035154498999872885,0,0,0,0,0,0,0.00011173561474286942,False,False,False,False
study07_a1_s77_llama1b_kv12288_cap12-00_generation_stagger_adaptive_resume,llama1b,12288,12,77,generation,stagger,adaptive_resume,2,256,768,0.03837919800025702,11.32674793500064,0.06252363800012972,0,0,0,0,0,0,0.00022016251521916885,False,False,False,False
study07_a1_s77_llama1b_kv12288_cap12-00_generation_stagger_adaptive_resume,llama1b,12288,12,77,generation,stagger,adaptive_resume,3,512,768,0.08979561700016347,11.41194089199962,0.062267963000522286,0,0,0,0,0,0,8.254166400556429e-05,False,False,False,False
study07_a1_s77_llama1b_kv12288_cap12-00_generation_stagger_adaptive_resume,llama1b,12288,12,77,generation,stagger,adaptive_resume,5,128,768,0.04987143000016658,11.421649289000015,0.06220458200004941,0,0,0,0,0,0,6.595358171779253e-05,False,False,False,False
study07_a1_s77_llama1b_kv12288_cap12-00_generation_stagger_adaptive_resume,llama1b,12288,12,77,generation,stagger,adaptive_resume,6,128,768,0.05133104500055197,11.461597946999973,0.06230600799972308,0,0,0,0,0,0,8.785268338495911e-05,False,False,False,False
study07_a1_s77_llama1b_kv12288_cap12-01_generation_stagger_baseline,llama1b,12288,12,77,generation,stagger,baseline,0,512,64,0.07138861499970517,1.044653548999122,0.02061018599943054,0,0,0,0,0,0,0.00017458999991504243,False,False,False,False
study07_a1_s77_llama1b_kv12288_cap12-01_generation_stagger_baseline,llama1b,12288,12,77,generation,stagger,baseline,1,256,64,0.04495949099964491,0.9616324169992367,0.01949946300010197,0,0,0,0,0,0,0.0001468425780737359,False,False,False,False
study07_a1_s77_llama1b_kv12288_cap12-01_generation_stagger_baseline,llama1b,12288,12,77,generation,stagger,baseline,10,128,64,0.07096300899956987,1.126029877000292,0.03548549900006037,0,0,0,0,0,0,0.00010851931515976077,False,False,False,False
study07_a1_s77_llama1b_kv12288_cap12-01_generation_stagger_baseline,llama1b,12288,12,77,generation,stagger,baseline,11,256,64,0.06949601900032576,1.072294919000342,0.019132250000438944,0,0,0,0,0,0,9.213126146523365e-05,False,False,False,False
study07_a1_s77_llama1b_kv12288_cap12-01_generation_stagger_baseline,llama1b,12288,12,77,generation,stagger,baseline,4,256,256,0.0662176730002102,4.242644397000731,0.06516682100027538,0,0,0,0,0,0,0.0001188839324850477,False,False,False,False
study07_a1_s77_llama1b_kv12288_cap12-01_generation_stagger_baseline,llama1b,12288,12,77,generation,stagger,baseline,7,512,256,0.08719374900010735,4.215361995999956,0.06273375700038741,0,0,0,0,0,0,0.00011573034036604923,False,False,False,False
study07_a1_s77_llama1b_kv12288_cap12-01_generation_stagger_baseline,llama1b,12288,12,77,generation,stagger,baseline,8,512,256,0.09387805900041712,4.176866081000298,0.0343462239998189,0,0,0,0,0,0,8.162694251367952e-05,False,False,False,False
study07_a1_s77_llama1b_kv12288_cap12-01_generation_stagger_baseline,llama1b,12288,12,77,generation,stagger,baseline,9,128,256,0.05770295799993619,4.103582341999754,0.03506102500068664,0,0,0,0,0,0,0.0001492796142397168,False,False,False,False
study07_a1_s77_llama1b_kv12288_cap12-01_generation_stagger_baseline,llama1b,12288,12,77,generation,stagger,baseline,2,256,768,0.04193726099947526,12.22328943499997,0.06994657199993526,0,0,0,0,0,0,0.00017454751512913091,False,False,False,False
study07_a1_s77_llama1b_kv12288_cap12-01_generation_stagger_baseline,llama1b,12288,12,77,generation,stagger,baseline,3,512,768,0.09199204400010785,12.21234414799983,0.06533975300044403,0,0,0,0,0,0,9.435466322438302e-05,False,False,False,False
study07_a1_s77_llama1b_kv12288_cap12-01_generation_stagger_baseline,llama1b,12288,12,77,generation,stagger,baseline,5,128,768,0.05384441699970921,12.139634952000051,0.0653245200001038,0,0,0,0,0,0,7.593458121135654e-05,False,False,False,False
study07_a1_s77_llama1b_kv12288_cap12-01_generation_stagger_baseline,llama1b,12288,12,77,generation,stagger,baseline,6,128,768,0.043303602000378305,12.10314417399968,0.06513016000008065,0,0,0,0,0,0,9.175668302585649e-05,False,False,False,False
study07_a1_s77_llama1b_kv12288_cap12-02_generation_burst_adaptive_resume,llama1b,12288,12,77,generation,burst,adaptive_resume,0,512,64,0.0682949069996539,1.3577968609997697,0.06769400100074563,0,0,0,0,0,0,0.00019134400008624652,False,False,False,False
study07_a1_s77_llama1b_kv12288_cap12-02_generation_burst_adaptive_resume,llama1b,12288,12,77,generation,burst,adaptive_resume,1,256,64,0.07592121200013935,1.3391076890002296,0.06794448800064856,0,0,0,0,0,0,8.842799998091955e-05,False,False,False,False
study07_a1_s77_llama1b_kv12288_cap12-02_generation_burst_adaptive_resume,llama1b,12288,12,77,generation,burst,adaptive_resume,10,128,64,0.08717403599985118,1.1052127519997157,0.03883972199946584,0,0,0,0,0,0,0.00012952300039614784,False,False,False,False
study07_a1_s77_llama1b_kv12288_cap12-02_generation_burst_adaptive_resume,llama1b,12288,12,77,generation,burst,adaptive_resume,11,256,64,0.07576695399984601,1.0702541709997604,0.018366391000199656,0,0,0,0,0,0,0.0001249039998583168,False,False,False,False
study07_a1_s77_llama1b_kv12288_cap12-02_generation_burst_adaptive_resume,llama1b,12288,12,77,generation,burst,adaptive_resume,4,256,256,0.12784427599945047,4.254595282000082,0.06819937000000209,0,0,0,0,0,0,7.404700027108246e-05,False,False,False,False
study07_a1_s77_llama1b_kv12288_cap12-02_generation_burst_adaptive_resume,llama1b,12288,12,77,generation,burst,adaptive_resume,7,512,256,0.09892756199951691,4.166947890999836,0.06831870600035472,0,0,0,0,0,0,9.37210001211164e-05,False,False,False,False
study07_a1_s77_llama1b_kv12288_cap12-02_generation_burst_adaptive_resume,llama1b,12288,12,77,generation,burst,adaptive_resume,8,512,256,0.13430036899990228,4.146589956000753,0.03934173999914492,0,0,0,0,0,0,8.802099964666521e-05,False,False,False,False
study07_a1_s77_llama1b_kv12288_cap12-02_generation_burst_adaptive_resume,llama1b,12288,12,77,generation,burst,adaptive_resume,9,128,256,0.11122350000005099,4.112105616000008,0.03860771299969201,0,0,0,0,0,0,0.00010995000029651036,False,False,False,False
study07_a1_s77_llama1b_kv12288_cap12-02_generation_burst_adaptive_resume,llama1b,12288,12,77,generation,burst,adaptive_resume,2,256,768,0.08101411600000574,12.116174845000387,0.06838382600017212,0,0,0,0,0,0,0.00019341099996381117,False,False,False,False
study07_a1_s77_llama1b_kv12288_cap12-02_generation_burst_adaptive_resume,llama1b,12288,12,77,generation,burst,adaptive_resume,3,512,768,0.11293050600033894,12.100605223999992,0.06778989099984756,0,0,0,0,0,0,0.00017644599993216215,False,False,False,False
study07_a1_s77_llama1b_kv12288_cap12-02_generation_burst_adaptive_resume,llama1b,12288,12,77,generation,burst,adaptive_resume,5,128,768,0.07760527499976888,12.033830163999482,0.0675934929995492,0,0,0,0,0,0,0.0001876440001069568,False,False,False,False
study07_a1_s77_llama1b_kv12288_cap12-02_generation_burst_adaptive_resume,llama1b,12288,12,77,generation,burst,adaptive_resume,6,128,768,0.06765389700012747,12.00547885800006,0.06790072800049529,0,0,0,0,0,0,0.00019672900016298733,False,False,False,False
study07_a1_s77_llama1b_kv12288_cap12-03_generation_burst_baseline,llama1b,12288,12,77,generation,burst,baseline,0,512,64,0.060191756999302015,1.3606919899993954,0.07127921099981904,0,0,0,0,0,0,0.00023031499949865974,False,False,False,False
study07_a1_s77_llama1b_kv12288_cap12-03_generation_burst_baseline,llama1b,12288,12,77,generation,burst,baseline,1,256,64,0.06636168800014275,1.3401652129996364,0.07131139499961137,0,0,0,0,0,0,0.00011030699915863529,False,False,False,False
study07_a1_s77_llama1b_kv12288_cap12-03_generation_burst_baseline,llama1b,12288,12,77,generation,burst,baseline,10,128,64,0.09554591000051005,1.0761485530001664,0.038258650999523525,0,0,0,0,0,0,0.00013900599878979847,False,False,False,False
study07_a1_s77_llama1b_kv12288_cap12-03_generation_burst_baseline,llama1b,12288,12,77,generation,burst,baseline,11,256,64,0.08458986999994522,1.0397039019999283,0.019937807000133034,0,0,0,0,0,0,0.00010873599894689612,False,False,False,False
study07_a1_s77_llama1b_kv12288_cap12-03_generation_burst_baseline,llama1b,12288,12,77,generation,burst,baseline,4,256,256,0.13542449600026885,4.198294402000101,0.07137544999932288,0,0,0,0,0,0,0.00016578199920330716,False,False,False,False
study07_a1_s77_llama1b_kv12288_cap12-03_generation_burst_baseline,llama1b,12288,12,77,generation,burst,baseline,7,512,256,0.1042835060006837,4.095631273000436,0.07136213599915209,0,0,0,0,0,0,9.985899887393623e-05,False,False,False,False
study07_a1_s77_llama1b_kv12288_cap12-03_generation_burst_baseline,llama1b,12288,12,77,generation,burst,baseline,8,512,256,0.1443892910001523,4.076932048000344,0.03823878599996533,0,0,0,0,0,0,0.00018580299874881856,False,False,False,False
study07_a1_s77_llama1b_kv12288_cap12-03_generation_burst_baseline,llama1b,12288,12,77,generation,burst,baseline,9,128,256,0.11957621900000959,4.040719451999394,0.038068767999902775,0,0,0,0,0,0,0.000156559999413719,False,False,False,False
study07_a1_s77_llama1b_kv12288_cap12-03_generation_burst_baseline,llama1b,12288,12,77,generation,burst,baseline,2,256,768,0.07898030700016534,12.196747492000213,0.0716419529999257,0,0,0,0,0,0,9.490499942330088e-05,False,False,False,False
study07_a1_s77_llama1b_kv12288_cap12-03_generation_burst_baseline,llama1b,12288,12,77,generation,burst,baseline,3,512,768,0.11525215500023478,12.178244685999744,0.07156256399957783,0,0,0,0,0,0,0.0002147609990060806,False,False,False,False
study07_a1_s77_llama1b_kv12288_cap12-03_generation_burst_baseline,llama1b,12288,12,77,generation,burst,baseline,5,128,768,0.08528711899998598,12.109188268999787,0.0713378129994453,0,0,0,0,0,0,0.00011438599904067814,False,False,False,False
study07_a1_s77_llama1b_kv12288_cap12-03_generation_burst_baseline,llama1b,12288,12,77,generation,burst,baseline,6,128,768,0.08539439500054868,12.084157500000401,0.07111447900024359,0,0,0,0,0,0,0.00016708699895384704,False,False,False,False
study07_a1_s77_llama1b_kv12288_cap12-04_generation_burst_adaptive,llama1b,12288,12,77,generation,burst,adaptive,0,512,64,0.06586936799976684,1.3661827050000284,0.0719335530002354,0,0,0,0,0,0,0.00012416399931680644,False,False,False,False
study07_a1_s77_llama1b_kv12288_cap12-04_generation_burst_adaptive,llama1b,12288,12,77,generation,burst,adaptive,1,256,64,0.07402142899991304,1.3507730359997367,0.07161101900055655,0,0,0,0,0,0,9.29979998545577e-05,False,False,False,False
study07_a1_s77_llama1b_kv12288_cap12-04_generation_burst_adaptive,llama1b,12288,12,77,generation,burst,adaptive,10,128,64,0.09297330299978057,1.0988609420001012,0.04018064200045046,0,0,0,0,0,0,9.251199935533805e-05,False,False,False,False
study07_a1_s77_llama1b_kv12288_cap12-04_generation_burst_adaptive,llama1b,12288,12,77,generation,burst,adaptive,11,256,64,0.0833543290000307,1.06347186199946,0.027314810000461875,0,0,0,0,0,0,7.865599964129721e-05,False,False,False,False
study07_a1_s77_llama1b_kv12288_cap12-04_generation_burst_adaptive,llama1b,12288,12,77,generation,burst,adaptive,4,256,256,0.13519060499947955,4.169424892999814,0.07172304899995652,0,0,0,0,0,0,0.00011641299970505115,False,False,False,False
study07_a1_s77_llama1b_kv12288_cap12-04_generation_burst_adaptive,llama1b,12288,12,77,generation,burst,adaptive,7,512,256,0.10263989300074172,4.06068892500025,0.0677212780001355,0,0,0,0,0,0,0.00012263499902470665,False,False,False,False
study07_a1_s77_llama1b_kv12288_cap12-04_generation_burst_adaptive,llama1b,12288,12,77,generation,burst,adaptive,8,512,256,0.13844560600045952,4.037849485000152,0.04006924999976036,0,0,0,0,0,0,9.35319991185457e-05,False,False,False,False
study07_a1_s77_llama1b_kv12288_cap12-04_generation_burst_adaptive,llama1b,12288,12,77,generation,burst,adaptive,9,128,256,0.11469129399938538,4.002623948999826,0.03996151000046666,0,0,0,0,0,0,8.798199978626853e-05,False,False,False,False
study07_a1_s77_llama1b_kv12288_cap12-04_generation_burst_adaptive,llama1b,12288,12,77,generation,burst,adaptive,2,256,768,0.07775439800025197,11.906770683000104,0.07180998100011493,0,0,0,0,0,0,8.643099899927065e-05,False,False,False,False
study07_a1_s77_llama1b_kv12288_cap12-04_generation_burst_adaptive,llama1b,12288,12,77,generation,burst,adaptive,3,512,768,0.11829549699996278,11.884614014999897,0.07199900799969328,0,0,0,0,0,0,0.00010419199916211763,False,False,False,False
study07_a1_s77_llama1b_kv12288_cap12-04_generation_burst_adaptive,llama1b,12288,12,77,generation,burst,adaptive,5,128,768,0.08509824199973082,11.820856980999451,0.0716414110002006,0,0,0,0,0,0,0.00012430399965523975,False,False,False,False
study07_a1_s77_llama1b_kv12288_cap12-04_generation_burst_adaptive,llama1b,12288,12,77,generation,burst,adaptive,6,128,768,0.0805713250001645,11.793826307999552,0.07187205999980506,0,0,0,0,0,0,0.00010460499943287793,False,False,False,False
study07_a1_s77_llama1b_kv12288_cap12-05_generation_stagger_adaptive,llama1b,12288,12,77,generation,stagger,adaptive,0,512,64,0.05822676100069657,0.93311046800045,0.018462560000443773,0,0,0,0,0,0,0.00011120699946332024,False,False,False,False
study07_a1_s77_llama1b_kv12288_cap12-05_generation_stagger_adaptive,llama1b,12288,12,77,generation,stagger,adaptive,1,256,64,0.04633290499987197,0.9440562150002734,0.02167992199974833,0,0,0,0,0,0,0.00015024557801068816,False,False,False,False
study07_a1_s77_llama1b_kv12288_cap12-05_generation_stagger_adaptive,llama1b,12288,12,77,generation,stagger,adaptive,10,128,64,0.05365280200021516,1.2114249179994658,0.03963574399949721,0,0,0,0,0,0,9.180131551733695e-05,False,False,False,False
study07_a1_s77_llama1b_kv12288_cap12-05_generation_stagger_adaptive,llama1b,12288,12,77,generation,stagger,adaptive,11,256,64,0.08068711899977643,1.211472717000106,0.02625223199993343,0,0,0,0,0,0,0.00010286326165687143,False,False,False,False
study07_a1_s77_llama1b_kv12288_cap12-05_generation_stagger_adaptive,llama1b,12288,12,77,generation,stagger,adaptive,4,256,256,0.061155194000093616,4.500328193000314,0.06751373699989927,0,0,0,0,0,0,9.766093273633203e-05,False,False,False,False
study07_a1_s77_llama1b_kv12288_cap12-05_generation_stagger_adaptive,llama1b,12288,12,77,generation,stagger,adaptive,7,512,256,0.08691155199994682,4.447853277999457,0.06789944399952219,0,0,0,0,0,0,0.00010481234123194128,False,False,False,False
study07_a1_s77_llama1b_kv12288_cap12-05_generation_stagger_adaptive,llama1b,12288,12,77,generation,stagger,adaptive,8,512,256,0.1080646570007957,4.36507646300015,0.039414235000549525,0,0,0,0,0,0,8.060994280967293e-05,False,False,False,False
study07_a1_s77_llama1b_kv12288_cap12-05_generation_stagger_adaptive,llama1b,12288,12,77,generation,stagger,adaptive,9,128,256,0.046880282000529405,4.174347744999977,0.03938442500020756,0,0,0,0,0,0,0.00012377961379250735,False,False,False,False
study07_a1_s77_llama1b_kv12288_cap12-05_generation_stagger_adaptive,llama1b,12288,12,77,generation,stagger,adaptive,2,256,768,0.04257475099984731,12.487221893999958,0.06815557999925659,0,0,0,0,0,0,0.00017956351574310858,False,False,False,False
study07_a1_s77_llama1b_kv12288_cap12-05_generation_stagger_adaptive,llama1b,12288,12,77,generation,stagger,adaptive,3,512,768,0.09521583800051303,12.49400942200009,0.06749148200015043,0,0,0,0,0,0,0.00010410966328899818,False,False,False,False
study07_a1_s77_llama1b_kv12288_cap12-05_generation_stagger_adaptive,llama1b,12288,12,77,generation,stagger,adaptive,5,128,768,0.04883928100025514,12.435410817000047,0.0674661749999359,0,0,0,0,0,0,0.00012292658083623564,False,False,False,False
study07_a1_s77_llama1b_kv12288_cap12-05_generation_stagger_adaptive,llama1b,12288,12,77,generation,stagger,adaptive,6,128,768,0.04474478500014811,12.431495017000088,0.06730706600046688,0,0,0,0,0,0,7.907268346851737e-05,False,False,False,False
